split,scope,domain,language,tokenizer,vocab_budget,status,documents,source_utf8_bytes,normalized_utf8_bytes,unicode_characters,tokens,bytes_per_token,tokens_per_unicode_character,byte_fallback_tokens,byte_fallback_percent,token_length_bytes_mean,token_length_bytes_p50,token_length_bytes_p95,token_length_bytes_max,token_length_bytes_histogram,usable_vocabulary_size,observed_token_types,vocabulary_utilization_percent,rare_tokens,rare_token_percent,unseen_in_diagnostic_training_tokens,unseen_in_diagnostic_training_percent,initial_tokens,initial_adjacent_boundaries,applied_cross_word_merges,cross_word_merge_rate_percent,cross_word_tokens,cross_word_token_percent,whitespace_excess_fragments,whitespace_isolated_tokens,whitespace_mixed_tokens,whitespace_runs,whitespace_split_runs,whitespace_token_intersections,whitespace_unicode_characters,whitespace_tokens_per_run,whitespace_split_run_percent,punctuation_excess_fragments,punctuation_isolated_tokens,punctuation_mixed_tokens,punctuation_runs,punctuation_split_runs,punctuation_token_intersections,punctuation_unicode_characters,punctuation_tokens_per_run,punctuation_split_run_percent
train,stratum,code,c,sp_unigram,16384,observed,32,269690,269690,269687,124364,2.1685536007204655,0.4611419905297623,5226,4.202180695378083,2.1685536007204655,1,6,16,"{""1"": 64290, ""10"": 231, ""11"": 120, ""12"": 59, ""13"": 3, ""15"": 74, ""16"": 127, ""2"": 24336, ""3"": 14652, ""4"": 8881, ""5"": 4551, ""6"": 3992, ""7"": 1754, ""8"": 902, ""9"": 392}",16380,2520,15.384615384615385,37,0.029751374995979542,0,0.0,124364,124332,0,0.0,273,0.21951690199736257,27984,34068,21327,29300,6597,57284,58507,1.9550853242320818,22.515358361774744,1403,16964,11275,27272,1063,28675,37462,1.0514447051921385,3.8977706072161924
train,stratum,code,cpp,sp_unigram,16384,observed,32,735578,735578,735574,308673,2.383033177504997,0.4196355499242768,22600,7.321664026332073,2.383033177504997,2,7,16,"{""1"": 148093, ""10"": 1618, ""11"": 510, ""12"": 549, ""13"": 7, ""15"": 9, ""16"": 253, ""2"": 65905, ""3"": 32611, ""4"": 19603, ""5"": 10704, ""6"": 14514, ""7"": 9995, ""8"": 2509, ""9"": 1793}",16380,2730,16.666666666666668,48,0.015550436870085818,0,0.0,308673,308641,0,0.0,709,0.22969291126855929,46982,58769,42271,57265,15125,104247,106124,1.8204313280363225,26.412293722168865,3593,54061,28518,79901,2756,83494,108024,1.0449681480832531,3.4492684697312925
train,stratum,code,go,sp_unigram,16384,observed,32,514454,514454,514451,208118,2.4719341911800035,0.40454387298304406,26440,12.704331196724935,2.4719341911800035,2,7,15,"{""1"": 94709, ""10"": 288, ""11"": 258, ""12"": 29, ""13"": 13, ""15"": 7, ""2"": 36958, ""3"": 27065, ""4"": 20409, ""5"": 9251, ""6"": 9041, ""7"": 6060, ""8"": 2533, ""9"": 1497}",16380,2689,16.416361416361415,49,0.02354433542509538,0,0.0,208118,208086,0,0.0,269,0.12925359651736035,31052,46246,39676,57639,13954,88691,90448,1.5387324554555075,24.20930272905498,2924,29935,17255,44581,2518,47505,55727,1.0655884793970525,5.6481460711962495
train,stratum,code,java,sp_unigram,16384,observed,32,175611,175539,174303,85936,2.042671290262521,0.4930265113050263,296,0.34444237572146713,2.042671290262521,1,6,16,"{""1"": 52844, ""10"": 171, ""11"": 85, ""12"": 21, ""13"": 5, ""16"": 31, ""2"": 10636, ""3"": 8115, ""4"": 6294, ""5"": 2443, ""6"": 2309, ""7"": 1879, ""8"": 705, ""9"": 398}",16380,2033,12.411477411477412,23,0.026764103518897783,0,0.0,85936,85904,0,0.0,1,0.0011636566747346862,37023,38099,9378,11829,3827,48852,49454,4.129850367740299,32.352692535294615,2231,11132,4976,13893,1616,16124,22783,1.1605844669977687,11.63175699992802
train,stratum,code,javascript,sp_unigram,16384,observed,32,112493,112471,110533,55503,2.026394969641281,0.5021396325079388,103,0.18557555447453292,2.026394969641281,1,6,12,"{""1"": 29689, ""10"": 170, ""11"": 47, ""12"": 2, ""2"": 12846, ""3"": 5488, ""4"": 2696, ""5"": 1759, ""6"": 1521, ""7"": 785, ""8"": 315, ""9"": 185}",16380,1982,12.1001221001221,26,0.04684431472172675,0,0.0,55503,55471,0,0.0,12,0.02162045294848927,12725,14916,5828,8556,1919,21281,21564,2.487260402057036,22.42870500233754,1949,10070,5509,13681,1784,15630,18756,1.1424603464659016,13.039982457422703
train,stratum,code,python,sp_unigram,16384,observed,32,193155,193153,192883,94974,2.0337460778739445,0.4923917608083657,363,0.3822098679638638,2.0337460778739445,1,6,16,"{""1"": 58786, ""10"": 66, ""11"": 105, ""12"": 26, ""13"": 5, ""15"": 2, ""16"": 84, ""2"": 12217, ""3"": 7654, ""4"": 6459, ""5"": 3938, ""6"": 3032, ""7"": 1544, ""8"": 625, ""9"": 431}",16380,2350,14.346764346764347,40,0.042116789858277,0,0.0,94974,94942,0,0.0,0,0.0,36870,40168,12434,15774,3864,52644,53313,3.3373906428299733,24.496006085964243,1747,12614,4647,15569,1117,17316,20660,1.1122101612178046,7.174513456227118
train,stratum,code,rust,sp_unigram,16384,observed,32,405448,405448,405437,205794,1.970164339096378,0.5075856421589544,10,0.004859228160199034,1.970164339096378,1,5,16,"{""1"": 123958, ""10"": 230, ""11"": 99, ""12"": 17, ""15"": 21, ""16"": 26, ""2"": 28783, ""3"": 21757, ""4"": 14663, ""5"": 7710, ""6"": 4430, ""7"": 2731, ""8"": 891, ""9"": 478}",16380,2692,16.434676434676433,74,0.03595828838547285,0,0.0,205794,205762,0,0.0,211,0.10252971418019961,78455,83687,32372,40433,8682,118888,119816,2.9403704894516856,21.472559542947593,3868,29529,14525,40473,2620,44341,61490,1.095569886096904,6.4734514367603095
train,stratum,code,sql,sp_unigram,16384,observed,32,962841,962820,962198,418527,2.300496742145668,0.4349697255658399,372,0.0888831544918249,2.300496742145668,2,6,16,"{""1"": 147287, ""10"": 470, ""11"": 376, ""12"": 95, ""16"": 85, ""2"": 163091, ""3"": 40157, ""4"": 23635, ""5"": 20126, ""6"": 10565, ""7"": 6536, ""8"": 1704, ""9"": 4400}",16380,2315,14.133089133089133,39,0.009318395228981643,0,0.0,418527,418495,0,0.0,4699,1.122747158486788,12205,27322,99458,114802,1671,127007,127526,1.1063134788592532,1.4555495548858033,6354,75033,74572,151826,5369,158180,212438,1.0418505394332986,3.5362849577806172
train,stratum,code,typescript,sp_unigram,16384,observed,32,734901,734901,727952,373560,1.9672903951172502,0.5131657032331802,41,0.010975479173359032,1.9672903951172502,1,6,16,"{""1"": 227522, ""10"": 666, ""11"": 2616, ""12"": 137, ""13"": 21, ""15"": 2, ""16"": 409, ""2"": 65293, ""3"": 28901, ""4"": 21372, ""5"": 11249, ""6"": 6806, ""7"": 5846, ""8"": 1808, ""9"": 912}",16380,2941,17.954822954822955,43,0.011510868401327765,0,0.0,373560,373528,0,0.0,135,0.0361387728878895,162921,165447,60991,67400,19791,230321,232361,3.417225519287834,29.363501483679524,5393,28769,28975,53480,4912,58873,77045,1.10084143605086,9.18474195961107
train,stratum,cyrillic_african,am,sp_unigram,16384,observed,32,390554,390552,158149,118229,3.3033519694829527,0.747579813972899,0,0.0,3.3033519694829527,3,7,15,"{""1"": 16768, ""10"": 1696, ""11"": 1, ""12"": 59, ""13"": 126, ""15"": 155, ""2"": 2194, ""3"": 75186, ""4"": 8825, ""5"": 149, ""6"": 6838, ""7"": 5463, ""8"": 39, ""9"": 730}",16380,1304,7.960927960927961,146,0.12348916086577744,0,0.0,118229,118197,0,0.0,0,0.0,0,12541,16934,29475,0,29475,29475,1.0,0.0,642,4630,1515,5507,608,6149,7214,1.1165788995823498,11.040493916833121
train,stratum,cyrillic_african,bg,sp_unigram,16384,observed,32,249249,249242,140975,71502,3.485804592878521,0.507196311402731,0,0.0,3.485804592878521,4,7,16,"{""1"": 14206, ""10"": 293, ""11"": 367, ""12"": 110, ""13"": 128, ""15"": 18, ""16"": 12, ""2"": 14225, ""3"": 4059, ""4"": 22776, ""5"": 5969, ""6"": 5628, ""7"": 1135, ""8"": 1850, ""9"": 726}",16380,1252,7.643467643467644,14,0.019579871891695338,0,0.0,71502,71470,0,0.0,0,0.0,0,9241,12421,21662,0,21662,21662,1.0,0.0,147,4423,277,4555,123,4702,5410,1.0322722283205268,2.7003293084522504
train,stratum,cyrillic_african,ru,sp_unigram,16384,observed,32,231857,231855,128599,65553,3.5369090659466385,0.5097473541784928,0,0.0,3.5369090659466385,4,7,16,"{""1"": 11991, ""10"": 464, ""11"": 281, ""12"": 110, ""13"": 103, ""14"": 34, ""15"": 9, ""16"": 20, ""2"": 14100, ""3"": 3389, ""4"": 21386, ""5"": 3302, ""6"": 6797, ""7"": 1585, ""8"": 1593, ""9"": 389}",16380,1080,6.593406593406593,4,0.006101932787210349,0,0.0,65553,65521,0,0.0,0,0.0,0,7964,9208,17172,0,17172,17172,1.0,0.0,146,3653,395,3902,123,4048,4584,1.0374167093798052,3.152229625832906
train,stratum,cyrillic_african,sw,sp_unigram,16384,observed,32,302841,302851,302208,125274,2.4175088206651023,0.4145290660736976,0,0.0,2.4175088206651023,2,5,12,"{""1"": 33206, ""10"": 241, ""11"": 6, ""12"": 2, ""2"": 39755, ""3"": 35389, ""4"": 8956, ""5"": 3583, ""6"": 1851, ""7"": 1898, ""8"": 146, ""9"": 241}",16380,1842,11.245421245421245,37,0.02953525871290132,0,0.0,125274,125242,0,0.0,0,0.0,5,11345,33289,44629,5,44634,44634,1.0001120347755943,0.011203477559434448,117,6601,644,7131,113,7248,8300,1.0164072360117795,1.584630486607769
train,stratum,cyrillic_african,uk,sp_unigram,16384,observed,32,184737,184724,102382,54301,3.401852636231377,0.5303764333574261,0,0.0,3.401852636231377,4,7,16,"{""1"": 9865, ""10"": 438, ""11"": 32, ""12"": 70, ""13"": 42, ""15"": 58, ""16"": 13, ""2"": 13153, ""3"": 2640, ""4"": 18088, ""5"": 2785, ""6"": 4470, ""7"": 1105, ""8"": 1273, ""9"": 269}",16380,960,5.86080586080586,2,0.0036831734222205854,0,0.0,54301,54269,0,0.0,0,0.0,0,6549,7176,13725,0,13725,13725,1.0,0.0,133,3293,441,3601,128,3734,4222,1.0369341849486253,3.5545681755068035
train,stratum,cyrillic_african,yo,sp_unigram,16384,observed,32,145697,145693,125826,53714,2.7123841084261087,0.4268911035874938,0,0.0,2.7123841084261087,2,7,16,"{""1"": 15398, ""10"": 49, ""11"": 100, ""12"": 1, ""16"": 36, ""2"": 13668, ""3"": 12336, ""4"": 4623, ""5"": 3253, ""6"": 1244, ""7"": 2600, ""8"": 302, ""9"": 104}",16380,1474,8.998778998778999,44,0.08191532933685818,0,0.0,53714,53682,0,0.0,0,0.0,0,6595,17664,24259,0,24259,24259,1.0,0.0,58,3219,240,3401,57,3459,4073,1.0170538077036166,1.675977653631285
train,stratum,indic_cjk_arabic,ar,sp_unigram,16384,observed,32,215274,215273,120548,65591,3.282050891128356,0.5441069117695856,0,0.0,3.282050891128356,3,7,15,"{""1"": 8323, ""10"": 10, ""11"": 31, ""12"": 20, ""15"": 3, ""2"": 20484, ""3"": 4551, ""4"": 21233, ""5"": 4515, ""6"": 1655, ""7"": 4251, ""8"": 226, ""9"": 289}",16380,940,5.738705738705739,23,0.035065786464606424,0,0.0,65591,65559,0,0.0,0,0.0,0,5938,13831,19769,0,19769,19769,1.0,0.0,186,2771,459,3044,182,3230,3756,1.0611038107752957,5.978975032851511
train,stratum,indic_cjk_arabic,bn,sp_unigram,16384,observed,32,274908,278982,106840,67507,4.132638096789963,0.6318513665293898,0,0.0,4.132638096789963,3,9,19,"{""1"": 12505, ""10"": 1174, ""12"": 613, ""13"": 655, ""15"": 78, ""16"": 197, ""19"": 51, ""2"": 614, ""3"": 29072, ""4"": 1685, ""5"": 97, ""6"": 15458, ""7"": 1298, ""8"": 18, ""9"": 3992}",16380,735,4.487179487179487,30,0.04443983586887286,0,0.0,67507,67475,0,0.0,0,0.0,0,10405,5182,15587,0,15587,15587,1.0,0.0,79,2511,215,2650,68,2729,3073,1.029811320754717,2.5660377358490565
train,stratum,indic_cjk_arabic,fa,sp_unigram,16384,observed,32,198722,198737,111850,58225,3.413258909403177,0.5205632543585159,0,0.0,3.413258909403177,4,7,15,"{""1"": 10288, ""10"": 26, ""11"": 337, ""12"": 38, ""15"": 61, ""2"": 14679, ""3"": 3849, ""4"": 16360, ""5"": 5902, ""6"": 2511, ""7"": 2230, ""8"": 916, ""9"": 1028}",16380,876,5.347985347985348,7,0.012022327179046801,0,0.0,58225,58193,0,0.0,0,0.0,0,8276,13058,21334,0,21334,21334,1.0,0.0,99,2335,217,2455,76,2554,2939,1.0403258655804482,3.095723014256619
train,stratum,indic_cjk_arabic,gu,sp_unigram,16384,observed,32,266235,266235,106404,67540,3.9418862896061593,0.6347505732867186,0,0.0,3.9418862896061593,3,9,15,"{""1"": 14002, ""10"": 1467, ""11"": 1, ""12"": 129, ""13"": 481, ""15"": 72, ""2"": 1253, ""3"": 26968, ""4"": 1950, ""5"": 129, ""6"": 15800, ""7"": 2779, ""8"": 18, ""9"": 2491}",16380,977,5.964590964590965,22,0.03257328990228013,0,0.0,67540,67508,0,0.0,0,0.0,0,10948,6974,17922,0,17922,17922,1.0,0.0,182,2710,113,2641,141,2823,3439,1.0689132904202954,5.3388867853085955
train,stratum,indic_cjk_arabic,hi,sp_unigram,16384,observed,32,342431,342710,137684,78970,4.339749271875395,0.573559745504198,0,0.0,4.339749271875395,3,9,21,"{""1"": 13885, ""10"": 2452, ""11"": 4, ""12"": 198, ""13"": 932, ""15"": 1, ""16"": 185, ""2"": 1113, ""21"": 17, ""3"": 29261, ""4"": 2927, ""5"": 83, ""6"": 16083, ""7"": 9322, ""8"": 10, ""9"": 2497}",16380,1098,6.7032967032967035,11,0.01392934025579334,0,0.0,78970,78938,0,0.0,0,0.0,0,10496,15990,26486,0,26486,26486,1.0,0.0,95,3393,244,3542,88,3637,4124,1.0268210050818747,2.484472049689441
train,stratum,indic_cjk_arabic,ja,sp_unigram,16384,observed,32,323403,318463,134867,109024,2.9210357352509537,0.8083815907523708,0,0.0,2.9210357352509537,3,6,13,"{""1"": 18149, ""10"": 5, ""11"": 6, ""12"": 248, ""13"": 1, ""2"": 6822, ""3"": 73701, ""4"": 680, ""5"": 334, ""6"": 7820, ""7"": 57, ""8"": 56, ""9"": 1145}",16380,3589,21.91086691086691,1299,1.1914807748752567,0,0.0,109024,108992,0,0.0,0,0.0,2,8049,2391,10438,2,10440,10440,1.0001916075876605,0.019160758766047135,683,8118,543,7979,572,8662,9129,1.0855996992104273,7.168818147637548
train,stratum,indic_cjk_arabic,kn,sp_unigram,16384,observed,32,458253,457719,180531,108069,4.235432917858035,0.5986174119680276,0,0.0,4.235432917858035,3,10,21,"{""1"": 22296, ""10"": 1158, ""11"": 3, ""12"": 2495, ""13"": 263, ""15"": 1186, ""16"": 324, ""18"": 607, ""2"": 3327, ""21"": 91, ""3"": 39127, ""4"": 6613, ""5"": 106, ""6"": 23254, ""7"": 429, ""8"": 14, ""9"": 6776}",16380,1228,7.496947496947497,26,0.024058703235895585,0,0.0,108069,108037,0,0.0,0,0.0,0,11664,9384,21048,0,21048,21048,1.0,0.0,73,3736,250,3917,57,3990,4606,1.0186367117692112,1.4551953025274444
train,stratum,indic_cjk_arabic,ko,sp_unigram,16384,observed,32,201347,201183,86266,77180,2.606672713138119,0.894674611086639,0,0.0,2.606672713138119,3,4,13,"{""1"": 20846, ""10"": 2, ""13"": 98, ""2"": 1890, ""3"": 50087, ""4"": 1127, ""5"": 74, ""6"": 2052, ""7"": 612, ""9"": 392}",16380,1820,11.11111111111111,1009,1.3073335060896605,0,0.0,77180,77148,0,0.0,0,0.0,1,16631,2379,19009,1,19010,19010,1.000052606660003,0.00526066600031564,158,3741,493,4078,144,4236,4926,1.0387444825895047,3.531142717018146
train,stratum,indic_cjk_arabic,ml,sp_unigram,16384,observed,32,188792,188704,72486,41643,4.531469874888937,0.5744971442761361,0,0.0,4.531469874888937,3,12,27,"{""1"": 7804, ""10"": 56, ""12"": 2083, ""13"": 86, ""15"": 452, ""18"": 104, ""2"": 971, ""21"": 28, ""24"": 61, ""27"": 35, ""3"": 16884, ""4"": 977, ""5"": 73, ""6"": 7438, ""7"": 107, ""8"": 23, ""9"": 4461}",16380,860,5.25030525030525,17,0.040823187570540063,0,0.0,41643,41611,0,0.0,0,0.0,0,5547,1725,7272,0,7272,7272,1.0,0.0,87,1769,128,1810,75,1897,2245,1.0480662983425415,4.143646408839779
train,stratum,indic_cjk_arabic,mr,sp_unigram,16384,observed,32,362326,362338,142528,81545,4.443411613219695,0.5721331948810059,0,0.0,4.443411613219695,3,10,24,"{""1"": 14768, ""10"": 1534, ""11"": 7, ""12"": 1922, ""13"": 968, ""15"": 89, ""16"": 158, ""18"": 206, ""19"": 58, ""2"": 1584, ""21"": 24, ""24"": 57, ""3"": 29681, ""4"": 2502, ""5"": 150, ""6"": 19952, ""7"": 3836, ""8"": 14, ""9"": 4035}",16380,1146,6.996336996336996,19,0.023300018394751366,0,0.0,81545,81513,0,0.0,0,0.0,0,10655,9661,20316,0,20316,20316,1.0,0.0,116,3700,287,3871,104,3987,4615,1.0299664169465255,2.6866442779643505
train,stratum,indic_cjk_arabic,ta,sp_unigram,16384,observed,32,239434,239341,90715,46933,5.099631389427482,0.5173675797828363,0,0.0,5.099631389427482,4,12,19,"{""1"": 7538, ""10"": 147, ""11"": 1, ""12"": 2161, ""13"": 278, ""15"": 623, ""16"": 113, ""18"": 331, ""19"": 148, ""2"": 857, ""3"": 12559, ""4"": 3569, ""5"": 57, ""6"": 13039, ""7"": 465, ""8"": 11, ""9"": 5036}",16380,754,4.603174603174603,22,0.04687533292139859,0,0.0,46933,46901,0,0.0,0,0.0,0,4849,4973,9822,0,9822,9822,1.0,0.0,179,2345,126,2292,121,2471,3003,1.0780977312390925,5.279232111692845
train,stratum,indic_cjk_arabic,te,sp_unigram,16384,observed,32,300221,300203,115621,70877,4.235548908672771,0.6130114771538042,0,0.0,4.235548908672771,3,9,21,"{""1"": 13859, ""10"": 661, ""12"": 470, ""13"": 203, ""15"": 225, ""18"": 204, ""2"": 1404, ""21"": 63, ""3"": 23524, ""4"": 2471, ""5"": 77, ""6"": 23222, ""7"": 167, ""8"": 8, ""9"": 4319}",16380,959,5.854700854700854,27,0.03809416312767188,0,0.0,70877,70845,0,0.0,0,0.0,0,10139,3949,14088,0,14088,14088,1.0,0.0,231,3123,204,3096,209,3327,3944,1.074612403100775,6.750645994832041
train,stratum,indic_cjk_arabic,ur,sp_unigram,16384,observed,32,431064,430336,244935,124195,3.46500261685253,0.5070528915834813,0,0.0,3.46500261685253,4,7,15,"{""1"": 19643, ""10"": 17, ""11"": 460, ""12"": 24, ""15"": 130, ""2"": 34674, ""3"": 6835, ""4"": 30498, ""5"": 17530, ""6"": 3085, ""7"": 7909, ""8"": 653, ""9"": 2737}",16380,1199,7.31990231990232,47,0.03784371351503684,0,0.0,124195,124163,0,0.0,0,0.0,0,16385,35484,51869,0,51869,51869,1.0,0.0,792,4082,2123,5415,765,6207,6704,1.1462603878116344,14.12742382271468
train,stratum,indic_cjk_arabic,zh,sp_unigram,16384,observed,32,616082,612143,250435,180649,3.388576742744217,0.7213408668916086,0,0.0,3.388576742744217,3,7,16,"{""1"": 28170, ""10"": 12, ""11"": 6, ""12"": 1117, ""13"": 1541, ""15"": 18, ""16"": 1198, ""2"": 10473, ""3"": 110096, ""4"": 459, ""5"": 296, ""6"": 20765, ""7"": 3338, ""8"": 34, ""9"": 3126}",16380,4692,28.644688644688646,2909,1.6103050667316177,0,0.0,180649,180617,0,0.0,0,0.0,0,13077,9102,22179,0,22179,22179,1.0,0.0,514,8122,424,8042,460,8556,8899,1.0639144491420045,5.7199701566774435
train,stratum,latin_english,en,sp_unigram,16384,observed,32,128944,128943,128062,42594,3.027257360191576,0.3326045196857772,0,0.0,3.027257360191576,3,7,14,"{""1"": 12437, ""10"": 265, ""11"": 123, ""12"": 50, ""13"": 13, ""14"": 3, ""2"": 7438, ""3"": 8371, ""4"": 5895, ""5"": 3778, ""6"": 1871, ""7"": 1205, ""8"": 733, ""9"": 412}",16380,3021,18.44322344322344,665,1.5612527586044982,0,0.0,42594,42562,0,0.0,0,0.0,9,4364,16260,20615,9,20624,20624,1.0004365753092408,0.043657530924084406,107,3421,336,3650,95,3757,4258,1.0293150684931507,2.6027397260273974
validation,stratum,flores200,am,sp_unigram,16384,observed,500,109651,109651,42703,32192,3.4061568091451293,0.7538580427604618,5,0.015531809145129225,3.4061568091451293,3,7,15,"{""1"": 3667, ""10"": 555, ""12"": 21, ""13"": 20, ""15"": 2, ""2"": 289, ""3"": 21344, ""4"": 2323, ""5"": 10, ""6"": 2173, ""7"": 1595, ""9"": 193}",16380,663,4.0476190476190474,55,0.17084990059642147,16,0.04970178926441352,32192,31692,0,0.0,0,0.0,0,3358,4616,7974,0,7974,7974,1.0,0.0,21,826,354,1159,20,1180,1212,1.0181190681622088,1.7256255392579811
validation,stratum,flores200,ar,sp_unigram,16384,observed,500,99690,99690,54980,29830,3.341937646664432,0.5425609312477264,0,0.0,3.341937646664432,4,7,12,"{""1"": 3237, ""10"": 6, ""11"": 14, ""12"": 6, ""2"": 9487, ""3"": 1867, ""4"": 10058, ""5"": 2168, ""6"": 703, ""7"": 2078, ""8"": 98, ""9"": 108}",16380,579,3.5347985347985347,26,0.08716057660073752,17,0.0569896077774053,29830,29330,0,0.0,0,0.0,0,2479,6364,8843,0,8843,8843,1.0,0.0,52,1144,134,1226,51,1278,1299,1.0424143556280587,4.159869494290375
validation,stratum,flores200,bg,sp_unigram,16384,observed,486,114716,114709,63267,31679,3.620979197575681,0.5007191742930753,2,0.006313330597556741,3.620979197575681,4,8,16,"{""1"": 5582, ""10"": 119, ""11"": 184, ""12"": 68, ""13"": 35, ""15"": 7, ""16"": 7, ""2"": 5981, ""3"": 1674, ""4"": 10636, ""5"": 2815, ""6"": 2790, ""7"": 506, ""8"": 935, ""9"": 340}",16380,764,4.6642246642246645,12,0.03787998358534045,2,0.006313330597556741,31679,31193,0,0.0,0,0.0,0,3945,5485,9430,0,9430,9430,1.0,0.0,55,1686,57,1688,55,1743,1767,1.0325829383886256,3.258293838862559
validation,stratum,flores200,bn,sp_unigram,16384,observed,485,158318,160235,59847,37092,4.31993421762105,0.6197804401223119,2,0.0053919982745605525,4.31993421762105,3,10,19,"{""1"": 6241, ""10"": 840, ""12"": 486, ""13"": 473, ""16"": 85, ""19"": 21, ""2"": 182, ""3"": 15959, ""4"": 713, ""5"": 1, ""6"": 8835, ""7"": 779, ""9"": 2477}",16380,366,2.2344322344322345,6,0.016175994823681657,3,0.008087997411840828,37092,36607,0,0.0,0,0.0,32,5553,3016,8537,32,8569,8569,1.0037483893639452,0.374838936394518,121,1189,87,1155,88,1276,1283,1.1047619047619048,7.619047619047619
validation,stratum,flores200,fa,sp_unigram,16384,observed,523,114142,114142,63254,32557,3.505912706944743,0.514702627501818,2,0.0061430721503824065,3.505912706944743,4,7,15,"{""1"": 4899, ""10"": 17, ""11"": 140, ""12"": 15, ""15"": 31, ""2"": 8250, ""3"": 2209, ""4"": 9686, ""5"": 3302, ""6"": 1441, ""7"": 1325, ""8"": 592, ""9"": 650}",16380,804,4.908424908424909,6,0.01842921645114722,2,0.0061430721503824065,32557,32034,0,0.0,0,0.0,0,4118,7279,11397,0,11397,11397,1.0,0.0,25,1243,127,1345,25,1370,1379,1.0185873605947955,1.858736059479554
validation,stratum,flores200,gu,sp_unigram,16384,observed,461,144544,144544,55214,34925,4.138697208303507,0.6325388488426849,2,0.00572655690765927,4.138697208303507,3,9,15,"{""1"": 6191, ""10"": 941, ""12"": 58, ""13"": 366, ""15"": 42, ""2"": 241, ""3"": 14807, ""4"": 863, ""5"": 3, ""6"": 8452, ""7"": 1436, ""9"": 1525}",16380,386,2.3565323565323566,24,0.06871868289191124,24,0.06871868289191124,34925,34464,0,0.0,0,0.0,25,4982,3741,8698,25,8723,8723,1.002874223959531,0.28742239595309266,108,1163,91,1146,87,1254,1266,1.094240837696335,7.591623036649215
validation,stratum,flores200,hi,sp_unigram,16384,observed,465,148508,148664,57809,33186,4.479720364008919,0.574062862184089,2,0.006026637738805521,4.479720364008919,3,10,21,"{""1"": 4973, ""10"": 1140, ""12"": 73, ""13"": 422, ""16"": 76, ""2"": 190, ""21"": 15, ""3"": 13040, ""4"": 1109, ""5"": 6, ""6"": 6965, ""7"": 3975, ""8"": 1, ""9"": 1201}",16380,485,2.960927960927961,2,0.006026637738805521,2,0.006026637738805521,33186,32721,0,0.0,0,0.0,7,4049,6815,10857,7,10864,10864,1.0006447453255964,0.06447453255963895,21,1107,103,1189,19,1210,1225,1.0176619007569385,1.59798149705635
validation,stratum,flores200,ja,sp_unigram,16384,observed,498,79586,79352,27145,24035,3.30151861868109,0.8854300976238718,60,0.24963594757645102,3.30151861868109,3,6,12,"{""1"": 458, ""12"": 85, ""2"": 201, ""3"": 21030, ""4"": 12, ""5"": 3, ""6"": 1965, ""9"": 281}",16380,1640,10.012210012210012,712,2.9623465779072187,223,0.9278136051591429,24035,23537,0,0.0,0,0.0,0,16,15,31,0,31,31,1.0,0.0,26,1671,12,1657,26,1683,1683,1.015691007845504,1.5691007845503924
validation,stratum,flores200,kn,sp_unigram,16384,observed,502,183506,183479,67713,39276,4.67152968734087,0.5800363298037304,2,0.0050921682452388225,4.67152968734087,3,12,21,"{""1"": 5555, ""10"": 494, ""12"": 1017, ""13"": 140, ""15"": 517, ""16"": 279, ""18"": 362, ""2"": 291, ""21"": 41, ""3"": 15741, ""4"": 2319, ""5"": 7, ""6"": 10035, ""7"": 132, ""9"": 2346}",16380,463,2.826617826617827,8,0.02036867298095529,3,0.007638252367858234,39276,38774,0,0.0,0,0.0,358,4258,3520,7420,337,7778,7778,1.0482479784366576,4.54177897574124,17,1225,104,1312,17,1329,1345,1.0129573170731707,1.295731707317073
validation,stratum,flores200,ko,sp_unigram,16384,observed,515,77684,77684,32348,29089,2.6705627556808413,0.8992518857425498,33,0.11344494482450411,2.6705627556808413,3,6,13,"{""1"": 7756, ""13"": 58, ""2"": 355, ""3"": 19151, ""4"": 306, ""5"": 9, ""6"": 948, ""7"": 250, ""9"": 256}",16380,1280,7.814407814407814,772,2.653924163773248,205,0.7047337481522225,29089,28574,0,0.0,0,0.0,2,6307,764,7069,1,7071,7071,1.000282925449144,0.014146272457207525,84,1198,52,1166,71,1250,1257,1.072041166380789,6.089193825042882
validation,stratum,flores200,ml,sp_unigram,16384,observed,503,200513,200492,72763,42393,4.729365697166985,0.5826175391339005,0,0.0,4.729365697166985,3,12,27,"{""1"": 6879, ""10"": 154, ""12"": 2289, ""13"": 109, ""15"": 522, ""18"": 93, ""2"": 255, ""21"": 2, ""24"": 186, ""27"": 30, ""3"": 18338, ""4"": 852, ""5"": 4, ""6"": 8154, ""7"": 121, ""9"": 4405}",16380,431,2.6312576312576312,21,0.04953648007925837,7,0.016512160026419455,42393,41890,0,0.0,0,0.0,56,5554,1374,6872,47,6928,6928,1.0081490104772992,0.6839348079161816,96,1290,86,1280,77,1376,1392,1.075,6.015625
validation,stratum,flores200,mr,sp_unigram,16384,observed,505,171557,171557,64243,36802,4.661621650997229,0.5728561866662516,2,0.005434487256127384,4.661621650997229,3,12,24,"{""1"": 5810, ""10"": 782, ""12"": 1018, ""13"": 451, ""15"": 167, ""16"": 53, ""18"": 88, ""19"": 18, ""2"": 245, ""21"": 14, ""24"": 54, ""3"": 14037, ""4"": 901, ""5"": 1, ""6"": 9302, ""7"": 1896, ""9"": 1965}",16380,483,2.948717948717949,4,0.010868974512254768,3,0.008151730884191077,36802,36297,0,0.0,0,0.0,35,4523,4259,8747,34,8782,8782,1.0040013718989367,0.3887046987538585,142,1241,95,1194,109,1336,1356,1.11892797319933,9.128978224455611
validation,stratum,flores200,ru,sp_unigram,16384,observed,494,124731,124729,68235,34289,3.6375805651958353,0.5025133729024694,2,0.005832774359123917,3.6375805651958353,4,8,16,"{""1"": 5663, ""10"": 301, ""11"": 182, ""12"": 65, ""13"": 38, ""14"": 19, ""15"": 10, ""16"": 19, ""2"": 7534, ""3"": 1669, ""4"": 11226, ""5"": 1818, ""6"": 3642, ""7"": 909, ""8"": 970, ""9"": 224}",16380,829,5.061050061050061,10,0.029163871795619585,3,0.008749161538685876,34289,33795,0,0.0,0,0.0,9,3972,5008,8971,9,8980,8980,1.0010032326385019,0.10032326385018392,25,1624,181,1780,24,1805,1856,1.0140449438202248,1.348314606741573
validation,stratum,flores200,sw,sp_unigram,16384,observed,500,66996,66996,66926,28151,2.3798799332172926,0.42062875414637063,2,0.007104543355475827,2.3798799332172926,2,5,11,"{""1"": 8020, ""11"": 4, ""2"": 8519, ""3"": 7911, ""4"": 1973, ""5"": 677, ""6"": 488, ""7"": 523, ""8"": 29, ""9"": 7}",16380,1126,6.874236874236874,21,0.07459770523249618,4,0.014209086710951654,28151,27651,0,0.0,0,0.0,0,2792,6998,9790,0,9790,9790,1.0,0.0,21,1178,95,1252,20,1273,1305,1.016773162939297,1.597444089456869
validation,stratum,flores200,ta,sp_unigram,16384,observed,498,197237,197234,72334,37699,5.231809862330566,0.5211795282992784,0,0.0,5.231809862330566,4,12,19,"{""1"": 5418, ""10"": 178, ""11"": 1, ""12"": 1639, ""13"": 168, ""15"": 497, ""16"": 85, ""18"": 348, ""19"": 116, ""2"": 287, ""3"": 10474, ""4"": 2694, ""5"": 5, ""6"": 11120, ""7"": 324, ""9"": 4345}",16380,437,2.6678876678876677,24,0.06366216610520173,0,0.0,37699,37201,0,0.0,0,0.0,47,3865,3724,7542,44,7589,7589,1.0062317687616018,0.5833996287456908,145,1480,105,1443,117,1588,1604,1.1004851004851004,8.108108108108109
validation,stratum,flores200,te,sp_unigram,16384,observed,495,169262,169259,63608,38644,4.3799554911499845,0.6075336435668469,2,0.005175447676223993,4.3799554911499845,3,9,21,"{""1"": 7191, ""10"": 395, ""12"": 360, ""13"": 153, ""15"": 111, ""18"": 137, ""2"": 455, ""21"": 26, ""3"": 12648, ""4"": 1245, ""5"": 16, ""6"": 13213, ""7"": 153, ""9"": 2541}",16380,640,3.907203907203907,73,0.18890384018217576,67,0.17337749715350378,38644,38149,0,0.0,0,0.0,104,5655,2170,7721,95,7825,7825,1.0134697578033933,1.2304105685791995,176,1381,95,1300,106,1476,1489,1.1353846153846154,8.153846153846153
validation,stratum,flores200,uk,sp_unigram,16384,observed,516,120968,120966,66197,34980,3.458147512864494,0.5284227381905524,2,0.005717552887364208,3.458147512864494,4,7,16,"{""1"": 6063, ""10"": 294, ""11"": 39, ""12"": 47, ""13"": 28, ""15"": 4, ""16"": 4, ""2"": 8078, ""3"": 1504, ""4"": 12388, ""5"": 1872, ""6"": 2886, ""7"": 819, ""8"": 733, ""9"": 221}",16380,747,4.56043956043956,3,0.008576329331046312,2,0.005717552887364208,34980,34464,0,0.0,0,0.0,6,4298,4650,8942,6,8948,8948,1.000670990829792,0.06709908297919928,22,1748,166,1892,22,1914,1957,1.0116279069767442,1.1627906976744187
validation,stratum,flores200,ur,sp_unigram,16384,observed,498,112125,112125,62990,32095,3.493534818507556,0.5095253214796,2,0.006231500233681258,3.493534818507556,4,7,15,"{""1"": 4552, ""10"": 7, ""11"": 108, ""12"": 9, ""15"": 23, ""2"": 9171, ""3"": 1366, ""4"": 8780, ""5"": 4423, ""6"": 812, ""7"": 2066, ""8"": 149, ""9"": 629}",16380,684,4.175824175824176,4,0.012463000467362517,2,0.006231500233681258,32095,31597,0,0.0,0,0.0,4,4283,8670,12949,3,12953,12953,1.0003089041624835,0.02316781218626921,28,833,335,1140,28,1168,1169,1.024561403508772,2.456140350877193
validation,stratum,flores200,yo,sp_unigram,16384,observed,487,80134,79356,59988,41192,1.9264905806952806,0.6866706674668267,17,0.0412701495436007,1.9264905806952806,2,5,16,"{""1"": 19145, ""10"": 7, ""11"": 5, ""16"": 1, ""2"": 14518, ""3"": 3588, ""4"": 902, ""5"": 2367, ""6"": 163, ""7"": 142, ""8"": 331, ""9"": 23}",16380,1079,6.587301587301587,316,0.7671392503398718,151,0.36657603418139445,41192,40705,0,0.0,0,0.0,0,7600,4032,11632,0,11632,11632,1.0,0.0,26,1234,97,1305,25,1331,1355,1.0199233716475096,1.9157088122605364
validation,stratum,flores200,zh,sp_unigram,16384,observed,487,58268,56546,21068,19846,2.849239141388693,0.9419973419403835,132,0.6651214350498841,2.849239141388693,3,3,7,"{""1"": 1682, ""2"": 476, ""3"": 17367, ""4"": 52, ""5"": 12, ""6"": 256, ""7"": 1}",16380,2190,13.36996336996337,967,4.872518391615439,266,1.340320467600524,19846,19359,0,0.0,0,0.0,0,366,208,574,0,574,574,1.0,0.0,80,1756,74,1750,78,1830,1846,1.0457142857142858,4.457142857142857
train,stratum,code,c,sp_unigram,32768,observed,32,269690,269690,269687,107633,2.505644179758996,0.39910340505845665,5226,4.855388217368279,2.505644179758996,2,7,16,"{""1"": 52063, ""10"": 633, ""11"": 310, ""12"": 103, ""13"": 64, ""14"": 35, ""15"": 9, ""16"": 166, ""2"": 16949, ""3"": 12408, ""4"": 9912, ""5"": 5446, ""6"": 4866, ""7"": 2597, ""8"": 1485, ""9"": 587}",32764,3584,10.938835307044316,240,0.22297994109613223,0,0.0,107633,107601,0,0.0,415,0.38556948147872866,27857,31009,24120,29300,6491,57157,58507,1.9507508532423208,22.15358361774744,1037,15997,11671,27272,809,28309,37462,1.0380243473159285,2.9664124376650043
train,stratum,code,cpp,sp_unigram,32768,observed,32,735578,735578,735574,271223,2.712078252950524,0.36872292930418965,22600,8.3326266577687,2.712078252950524,2,7,16,"{""1"": 123937, ""10"": 1955, ""11"": 854, ""12"": 549, ""13"": 342, ""14"": 202, ""15"": 247, ""16"": 277, ""2"": 46111, ""3"": 27410, ""4"": 22356, ""5"": 12054, ""6"": 17299, ""7"": 11132, ""8"": 3648, ""9"": 2850}",32764,4286,13.08143083872543,315,0.11614059279633364,0,0.0,271223,271191,0,0.0,1092,0.40262072169395663,46766,54566,45961,57265,14963,104031,106124,1.8166593905526935,26.12939841089671,2402,49697,30507,79901,2067,82303,108024,1.030062201974944,2.5869513522984695
train,stratum,code,go,sp_unigram,32768,observed,32,514454,514454,514451,181649,2.8321322991043165,0.35309290875127075,26440,14.555543933630243,2.8321322991043165,2,7,16,"{""1"": 78756, ""10"": 855, ""11"": 623, ""12"": 103, ""13"": 442, ""14"": 22, ""15"": 148, ""16"": 171, ""2"": 25346, ""3"": 22541, ""4"": 19008, ""5"": 10232, ""6"": 9784, ""7"": 7061, ""8"": 4602, ""9"": 1955}",32764,3977,12.1383225491393,376,0.20699260662046035,0,0.0,181649,181617,0,0.0,360,0.19818441059405778,30899,41959,43715,57639,13939,88538,90448,1.5360780027411995,24.183278682836274,1987,28305,17777,44581,1770,46568,55727,1.044570556963729,3.9703012494111842
train,stratum,code,java,sp_unigram,32768,observed,32,175611,175539,174303,78605,2.2331785509827617,0.45096756797071763,296,0.37656637618472105,2.2331785509827617,1,7,16,"{""1"": 48347, ""10"": 399, ""11"": 183, ""12"": 71, ""13"": 38, ""14"": 4, ""15"": 13, ""16"": 33, ""2"": 7894, ""3"": 6349, ""4"": 5283, ""5"": 3250, ""6"": 2608, ""7"": 2384, ""8"": 1230, ""9"": 519}",32764,2543,7.761567574166769,141,0.1793779021690732,0,0.0,78605,78573,0,0.0,16,0.020354939253228167,36962,37146,10245,11829,3829,48791,49454,4.124693549750613,32.3696001352608,1635,10496,4994,13893,1286,15528,22783,1.1176851651911035,9.256460087814007
train,stratum,code,javascript,sp_unigram,32768,observed,32,112493,112471,110533,49174,2.2872046203278154,0.44488071435679843,103,0.2094602838898605,2.2872046203278154,2,6,16,"{""1"": 24506, ""10"": 218, ""11"": 125, ""12"": 7, ""13"": 72, ""14"": 12, ""16"": 5, ""2"": 10155, ""3"": 5779, ""4"": 2806, ""5"": 1999, ""6"": 1599, ""7"": 918, ""8"": 501, ""9"": 472}",32764,2535,7.737150531070688,147,0.29893846341562613,0,0.0,49174,49142,0,0.0,21,0.042705494773660875,12700,14374,6233,8556,1914,21256,21564,2.4843384759233285,22.370266479663393,1161,8746,5957,13681,1040,14842,18756,1.0848622176741467,7.601783495358527
train,stratum,code,python,sp_unigram,32768,observed,32,193155,193153,192883,85473,2.2598130403753234,0.443133920563243,363,0.4246955178828402,2.2598130403753234,1,7,16,"{""1"": 52198, ""10"": 341, ""11"": 337, ""12"": 80, ""13"": 9, ""14"": 16, ""15"": 15, ""16"": 91, ""2"": 8582, ""3"": 6236, ""4"": 6306, ""5"": 4098, ""6"": 3389, ""7"": 1956, ""8"": 1127, ""9"": 692}",32764,3205,9.782077890367477,229,0.2679208638985411,0,0.0,85473,85441,0,0.0,0,0.0,36787,38095,14278,15774,3790,52561,53313,3.332128819576518,24.02687967541524,939,11533,4900,15569,746,16508,20660,1.060312158777057,4.791572997623483
train,stratum,code,rust,sp_unigram,32768,observed,32,405448,405448,405437,187552,2.161789796962976,0.46259221531335326,10,0.005331854632315305,2.161789796962976,1,6,16,"{""1"": 109678, ""10"": 740, ""11"": 160, ""12"": 67, ""13"": 14, ""14"": 73, ""15"": 23, ""16"": 29, ""2"": 22254, ""3"": 20231, ""4"": 14208, ""5"": 8314, ""6"": 5413, ""7"": 3948, ""8"": 1524, ""9"": 876}",32764,3932,12.000976681723843,399,0.21274099982938066,0,0.0,187552,187520,0,0.0,375,0.19994454871182393,78404,79664,35965,40433,8677,118837,119816,2.939109143521381,21.46019340637598,2909,27324,15509,40473,2030,43382,61490,1.0718750772119685,5.015689471993674
train,stratum,code,sql,sp_unigram,32768,observed,32,962841,962820,962198,333298,2.888766209218177,0.3463923225780972,372,0.11161183085407053,2.888766209218177,2,8,16,"{""1"": 89211, ""10"": 1214, ""11"": 987, ""12"": 297, ""13"": 134, ""14"": 4, ""16"": 84, ""2"": 101924, ""3"": 60682, ""4"": 21950, ""5"": 20344, ""6"": 10901, ""7"": 10623, ""8"": 5762, ""9"": 9181}",32764,3700,11.292882431937493,255,0.07650810985964512,0,0.0,333298,333266,0,0.0,7532,2.259839542991557,12339,21063,101237,114802,1806,127141,127526,1.1074807059110467,1.5731433250291806,2052,46436,93808,151826,1856,153878,212438,1.0135154716583457,1.222452017441018
train,stratum,code,typescript,sp_unigram,32768,observed,32,734901,734901,727952,336647,2.183001779311861,0.4624576895179902,41,0.01217892926418474,2.183001779311861,1,7,16,"{""1"": 201762, ""10"": 1088, ""11"": 3040, ""12"": 280, ""13"": 56, ""14"": 9, ""15"": 106, ""16"": 351, ""2"": 45935, ""3"": 26876, ""4"": 21773, ""5"": 13493, ""6"": 9557, ""7"": 7110, ""8"": 3667, ""9"": 1544}",32764,4442,13.557563179099011,339,0.10069895172094212,0,0.0,336647,336615,0,0.0,292,0.08673774012541327,162919,159750,65999,67400,19769,230319,232361,3.4171958456973295,29.33086053412463,3837,23696,31019,53480,3632,57317,77045,1.0717464472700076,6.7913238593866865
train,stratum,cyrillic_african,am,sp_unigram,32768,observed,32,390554,390552,158149,95641,4.083520665823235,0.6047524802559612,0,0.0,4.083520665823235,3,10,21,"{""1"": 14152, ""10"": 2796, ""11"": 3, ""12"": 1141, ""13"": 843, ""14"": 1, ""15"": 466, ""16"": 206, ""18"": 65, ""19"": 69, ""2"": 1776, ""21"": 21, ""3"": 44620, ""4"": 8250, ""5"": 275, ""6"": 12775, ""7"": 5745, ""8"": 51, ""9"": 2386}",32764,2040,6.226345989500672,250,0.2613941719555421,0,0.0,95641,95609,0,0.0,0,0.0,0,10492,18983,29475,0,29475,29475,1.0,0.0,574,4054,2002,5507,561,6081,7214,1.1042309787543128,10.18703468313056
train,stratum,cyrillic_african,bg,sp_unigram,32768,observed,32,249249,249242,140975,56963,4.375506907992908,0.40406455045220785,0,0.0,4.375506907992908,4,10,25,"{""1"": 10195, ""10"": 869, ""11"": 1038, ""12"": 371, ""13"": 614, ""14"": 36, ""15"": 381, ""16"": 22, ""17"": 210, ""18"": 15, ""19"": 66, ""2"": 8546, ""20"": 22, ""21"": 38, ""25"": 2, ""3"": 3934, ""4"": 11927, ""5"": 6488, ""6"": 6291, ""7"": 1811, ""8"": 2696, ""9"": 1391}",32764,2354,7.184714931021853,219,0.3844600881273809,0,0.0,56963,56931,0,0.0,0,0.0,0,5571,16091,21662,0,21662,21662,1.0,0.0,125,4203,475,4555,113,4680,5410,1.0274423710208562,2.4807903402854006
train,stratum,cyrillic_african,ru,sp_unigram,32768,observed,32,231857,231855,128599,52245,4.437840941716911,0.4062628791825753,0,0.0,4.437840941716911,4,11,25,"{""1"": 9318, ""10"": 946, ""11"": 1044, ""12"": 291, ""13"": 570, ""14"": 231, ""15"": 368, ""16"": 40, ""17"": 249, ""18"": 34, ""19"": 84, ""2"": 8447, ""20"": 14, ""21"": 74, ""23"": 5, ""25"": 8, ""3"": 3199, ""4"": 12238, ""5"": 3013, ""6"": 6705, ""7"": 1951, ""8"": 2432, ""9"": 984}",32764,2178,6.64753998290807,203,0.38855392860560817,0,0.0,52245,52213,0,0.0,0,0.0,0,5506,11666,17172,0,17172,17172,1.0,0.0,125,3586,440,3902,106,4027,4584,1.0320348539210662,2.716555612506407
train,stratum,cyrillic_african,sw,sp_unigram,32768,observed,32,302841,302851,302208,93349,3.2442875660157044,0.30888990364252433,0,0.0,3.2442875660157044,3,7,14,"{""1"": 18622, ""10"": 777, ""11"": 183, ""12"": 45, ""13"": 67, ""14"": 5, ""2"": 18599, ""3"": 26387, ""4"": 9290, ""5"": 7553, ""6"": 4681, ""7"": 4593, ""8"": 1479, ""9"": 1068}",32764,3304,10.08423879868148,474,0.507771909715155,0,0.0,93349,93317,0,0.0,0,0.0,5,5711,38923,44629,5,44634,44634,1.0001120347755943,0.011203477559434448,96,6479,736,7131,93,7227,8300,1.0134623474968447,1.3041649137568363
train,stratum,cyrillic_african,uk,sp_unigram,32768,observed,32,184737,184724,102382,43212,4.274831065444784,0.42206637885565823,0,0.0,4.274831065444784,4,10,23,"{""1"": 7212, ""10"": 796, ""11"": 569, ""12"": 300, ""13"": 384, ""14"": 65, ""15"": 256, ""16"": 52, ""17"": 194, ""18"": 43, ""19"": 52, ""2"": 8129, ""20"": 3, ""21"": 15, ""23"": 14, ""3"": 2733, ""4"": 9903, ""5"": 3024, ""6"": 5396, ""7"": 1534, ""8"": 1783, ""9"": 755}",32764,1952,5.957758515443779,243,0.5623437933907248,0,0.0,43212,43180,0,0.0,0,0.0,0,4049,9676,13725,0,13725,13725,1.0,0.0,110,3196,511,3601,106,3711,4222,1.0305470702582615,2.943626770341572
train,stratum,cyrillic_african,yo,sp_unigram,32768,observed,32,145697,145693,125826,42067,3.4633560748330043,0.3343267687123488,0,0.0,3.4633560748330043,3,8,19,"{""1"": 8929, ""10"": 375, ""11"": 236, ""12"": 159, ""13"": 53, ""14"": 52, ""15"": 23, ""16"": 55, ""17"": 8, ""19"": 2, ""2"": 7852, ""3"": 9682, ""4"": 4636, ""5"": 3894, ""6"": 1711, ""7"": 2918, ""8"": 1100, ""9"": 382}",32764,2362,7.209131974117934,530,1.2598949295171988,0,0.0,42067,42035,0,0.0,0,0.0,0,3474,20785,24259,0,24259,24259,1.0,0.0,55,3133,321,3401,54,3456,4073,1.0161717142017055,1.5877683034401646
train,stratum,indic_cjk_arabic,ar,sp_unigram,32768,observed,32,215274,215273,120548,54767,3.930706447313163,0.45431695258320337,0,0.0,3.930706447313163,4,8,21,"{""1"": 7586, ""10"": 595, ""11"": 366, ""12"": 119, ""13"": 161, ""14"": 26, ""15"": 75, ""16"": 14, ""17"": 16, ""18"": 11, ""19"": 28, ""2"": 11563, ""21"": 12, ""3"": 3510, ""4"": 15453, ""5"": 4905, ""6"": 4134, ""7"": 4157, ""8"": 997, ""9"": 1039}",32764,1688,5.151996093273104,214,0.3907462523052203,0,0.0,54767,54735,0,0.0,0,0.0,0,5352,14417,19769,0,19769,19769,1.0,0.0,170,2723,490,3044,167,3214,3756,1.0558475689881734,5.486202365308804
train,stratum,indic_cjk_arabic,bn,sp_unigram,32768,observed,32,274908,278982,106840,51223,5.446420553267087,0.4794365406214901,0,0.0,5.446420553267087,4,13,42,"{""1"": 8641, ""10"": 2011, ""11"": 3, ""12"": 1129, ""13"": 1667, ""14"": 1, ""15"": 419, ""16"": 795, ""18"": 92, ""19"": 378, ""2"": 494, ""21"": 116, ""22"": 123, ""24"": 27, ""25"": 89, ""27"": 37, ""28"": 21, ""3"": 15723, ""4"": 1619, ""42"": 1, ""5"": 116, ""6"": 11032, ""7"": 2053, ""8"": 22, ""9"": 4614}",32764,1156,3.528262727383714,161,0.31431193018761105,0,0.0,51223,51191,0,0.0,0,0.0,0,6705,8882,15587,0,15587,15587,1.0,0.0,60,2455,252,2650,54,2710,3073,1.0226415094339623,2.0377358490566038
train,stratum,indic_cjk_arabic,fa,sp_unigram,32768,observed,32,198722,198737,111850,44391,4.476966051677142,0.39687974966472955,0,0.0,4.476966051677142,4,11,26,"{""1"": 6818, ""10"": 261, ""11"": 1407, ""12"": 74, ""13"": 297, ""14"": 67, ""15"": 282, ""16"": 61, ""18"": 5, ""2"": 7666, ""21"": 1, ""26"": 49, ""3"": 2732, ""4"": 8821, ""5"": 5798, ""6"": 2840, ""7"": 3559, ""8"": 1078, ""9"": 2575}",32764,1720,5.249664265657429,193,0.43477281430920683,0,0.0,44391,44359,0,0.0,0,0.0,0,4960,16374,21334,0,21334,21334,1.0,0.0,94,2265,268,2455,73,2549,2939,1.0382892057026476,2.973523421588595
train,stratum,indic_cjk_arabic,gu,sp_unigram,32768,observed,32,266235,266235,106404,51253,5.194525198524964,0.48168301943535957,0,0.0,5.194525198524964,4,13,28,"{""1"": 9415, ""10"": 2716, ""11"": 1, ""12"": 442, ""13"": 1576, ""15"": 254, ""16"": 731, ""18"": 112, ""19"": 329, ""2"": 996, ""21"": 18, ""22"": 39, ""24"": 45, ""25"": 11, ""28"": 1, ""3"": 13653, ""4"": 2008, ""5"": 159, ""6"": 11993, ""7"": 3513, ""8"": 31, ""9"": 3210}",32764,1456,4.443901843486754,144,0.28095916336604687,0,0.0,51253,51221,0,0.0,0,0.0,0,6634,11288,17922,0,17922,17922,1.0,0.0,155,2632,163,2641,125,2796,3439,1.0586898901931088,4.73305566073457
train,stratum,indic_cjk_arabic,hi,sp_unigram,32768,observed,32,342431,342710,137684,60452,5.669125918083769,0.4390633624822056,0,0.0,5.669125918083769,6,13,33,"{""1"": 9090, ""10"": 3960, ""11"": 3, ""12"": 529, ""13"": 2562, ""15"": 189, ""16"": 792, ""18"": 83, ""19"": 367, ""2"": 861, ""21"": 116, ""22"": 50, ""24"": 14, ""25"": 14, ""27"": 8, ""28"": 20, ""3"": 13895, ""33"": 2, ""4"": 2493, ""5"": 154, ""6"": 12008, ""7"": 10027, ""8"": 26, ""9"": 3189}",32764,1758,5.365645220363814,115,0.1902335737444584,0,0.0,60452,60420,0,0.0,0,0.0,0,5921,20565,26486,0,26486,26486,1.0,0.0,76,3316,300,3542,70,3618,4124,1.0214568040654997,1.976284584980237
train,stratum,indic_cjk_arabic,ja,sp_unigram,32768,observed,32,323403,318463,134867,92951,3.426138503082269,0.6892049204030638,0,0.0,3.426138503082269,3,9,24,"{""1"": 15400, ""10"": 83, ""11"": 11, ""12"": 1230, ""13"": 1, ""14"": 2, ""15"": 510, ""16"": 1, ""18"": 138, ""2"": 5866, ""21"": 65, ""24"": 15, ""3"": 53756, ""4"": 982, ""5"": 412, ""6"": 11179, ""7"": 117, ""8"": 92, ""9"": 3091}",32764,4690,14.314491515077524,1600,1.721337048552463,0,0.0,92951,92919,0,0.0,0,0.0,2,7582,2858,10438,2,10440,10440,1.0001916075876605,0.019160758766047135,533,7593,901,7979,479,8512,9129,1.066800350921168,6.003258553703471
train,stratum,indic_cjk_arabic,kn,sp_unigram,32768,observed,32,458253,457719,180531,84820,5.396356991275643,0.4698362054162443,0,0.0,5.396356991275643,4,15,42,"{""1"": 17684, ""10"": 2025, ""11"": 4, ""12"": 3311, ""13"": 1936, ""14"": 1, ""15"": 2091, ""16"": 1125, ""18"": 996, ""19"": 296, ""2"": 3596, ""21"": 359, ""22"": 75, ""24"": 223, ""27"": 31, ""3"": 20899, ""4"": 4398, ""42"": 85, ""5"": 169, ""6"": 17232, ""7"": 1634, ""8"": 44, ""9"": 6606}",32764,1932,5.896715907703577,132,0.15562367366187219,0,0.0,84820,84788,0,0.0,0,0.0,0,8708,12340,21048,0,21048,21048,1.0,0.0,60,3639,329,3917,50,3977,4606,1.0153178452897627,1.2764871074802144
train,stratum,indic_cjk_arabic,ko,sp_unigram,32768,observed,32,201347,201183,86266,65096,3.0905585596657246,0.7545962488118146,0,0.0,3.0905585596657246,3,7,15,"{""1"": 15290, ""10"": 364, ""11"": 1, ""12"": 103, ""13"": 339, ""14"": 1, ""15"": 11, ""2"": 1656, ""3"": 36402, ""4"": 3358, ""5"": 115, ""6"": 3729, ""7"": 3001, ""8"": 20, ""9"": 706}",32764,2277,6.949700891222073,1262,1.9386751874155095,0,0.0,65096,65064,0,0.0,0,0.0,1,11373,7637,19009,1,19010,19010,1.000052606660003,0.00526066600031564,130,3667,532,4078,118,4208,4926,1.0318783717508582,2.893575282000981
train,stratum,indic_cjk_arabic,ml,sp_unigram,32768,observed,32,188792,188704,72486,32482,5.809494489255588,0.4481141185884171,0,0.0,5.809494489255588,4,15,36,"{""1"": 5436, ""10"": 373, ""12"": 2096, ""13"": 223, ""15"": 830, ""16"": 178, ""18"": 475, ""19"": 174, ""2"": 676, ""21"": 190, ""22"": 57, ""24"": 113, ""25"": 63, ""27"": 88, ""28"": 10, ""3"": 9154, ""30"": 8, ""31"": 6, ""36"": 22, ""4"": 1639, ""5"": 171, ""6"": 6276, ""7"": 475, ""8"": 19, ""9"": 3730}",32764,1307,3.9891344158222437,181,0.5572316975555692,0,0.0,32482,32450,0,0.0,0,0.0,0,3491,3781,7272,0,7272,7272,1.0,0.0,78,1659,229,1810,69,1888,2245,1.0430939226519338,3.8121546961325965
train,stratum,indic_cjk_arabic,mr,sp_unigram,32768,observed,32,362326,362338,142528,61575,5.884498578968738,0.4320203749438707,0,0.0,5.884498578968738,6,15,36,"{""1"": 10053, ""10"": 3150, ""11"": 15, ""12"": 1939, ""13"": 2420, ""15"": 767, ""16"": 686, ""18"": 388, ""19"": 818, ""2"": 1166, ""21"": 88, ""22"": 261, ""24"": 71, ""25"": 88, ""27"": 1, ""28"": 83, ""3"": 15181, ""31"": 13, ""33"": 10, ""36"": 5, ""4"": 2247, ""5"": 202, ""6"": 13935, ""7"": 3608, ""8"": 32, ""9"": 4348}",32764,1819,5.551825173971432,179,0.29070239545269994,0,0.0,61575,61543,0,0.0,0,0.0,0,6312,14004,20316,0,20316,20316,1.0,0.0,109,3550,383,3871,100,3980,4615,1.028158098682511,2.5833118057349522
train,stratum,indic_cjk_arabic,ta,sp_unigram,32768,observed,32,239434,239341,90715,36777,6.507898958588248,0.4054125558066472,0,0.0,6.507898958588248,6,16,31,"{""1"": 5848, ""10"": 636, ""11"": 2, ""12"": 2725, ""13"": 690, ""15"": 1018, ""16"": 502, ""18"": 624, ""19"": 378, ""2"": 705, ""21"": 157, ""22"": 179, ""24"": 137, ""25"": 25, ""27"": 70, ""28"": 29, ""3"": 6505, ""30"": 13, ""31"": 23, ""4"": 2634, ""5"": 113, ""6"": 8375, ""7"": 993, ""8"": 19, ""9"": 4377}",32764,1136,3.4672201196435113,149,0.4051445196726215,0,0.0,36777,36745,0,0.0,0,0.0,0,3423,6399,9822,0,9822,9822,1.0,0.0,154,2278,161,2292,112,2446,3003,1.0671902268760907,4.886561954624782
train,stratum,indic_cjk_arabic,te,sp_unigram,32768,observed,32,300221,300203,115621,54841,5.474061377436589,0.4743169493431124,0,0.0,5.474061377436589,6,15,28,"{""1"": 10151, ""10"": 1001, ""11"": 6, ""12"": 1354, ""13"": 958, ""15"": 756, ""16"": 684, ""18"": 444, ""19"": 455, ""2"": 1044, ""21"": 178, ""22"": 170, ""24"": 45, ""25"": 19, ""27"": 87, ""28"": 56, ""3"": 11706, ""4"": 2865, ""5"": 116, ""6"": 17716, ""7"": 696, ""8"": 17, ""9"": 4317}",32764,1438,4.388963496520572,144,0.2625772688317135,0,0.0,54841,54809,0,0.0,0,0.0,0,6730,7358,14088,0,14088,14088,1.0,0.0,210,3032,274,3096,190,3306,3944,1.067829457364341,6.136950904392765
train,stratum,indic_cjk_arabic,ur,sp_unigram,32768,observed,32,431064,430336,244935,96620,4.453901883667978,0.3944720027762468,0,0.0,4.453901883667978,4,9,17,"{""1"": 12188, ""10"": 209, ""11"": 2061, ""12"": 103, ""13"": 461, ""14"": 10, ""15"": 277, ""16"": 1, ""17"": 17, ""2"": 17688, ""3"": 4379, ""4"": 18102, ""5"": 18192, ""6"": 4546, ""7"": 10882, ""8"": 1309, ""9"": 6195}",32764,2172,6.629227200586009,161,0.1666321672531567,0,0.0,96620,96588,0,0.0,0,0.0,0,9339,42530,51869,0,51869,51869,1.0,0.0,682,3275,2799,5415,670,6097,6704,1.1259464450600185,12.373037857802402
train,stratum,indic_cjk_arabic,zh,sp_unigram,32768,observed,32,616082,612143,250435,156838,3.9030273275609226,0.6262623035917504,0,0.0,3.9030273275609226,3,9,33,"{""1"": 25041, ""10"": 22, ""11"": 6, ""12"": 1702, ""13"": 1862, ""15"": 613, ""16"": 1471, ""19"": 403, ""2"": 9792, ""21"": 272, ""22"": 414, ""25"": 172, ""3"": 80580, ""33"": 56, ""4"": 1002, ""5"": 363, ""6"": 26434, ""7"": 2281, ""8"": 56, ""9"": 4296}",32764,5420,16.542546697594922,3159,2.014180236932376,0,0.0,156838,156806,0,0.0,0,0.0,0,12242,9937,22179,0,22179,22179,1.0,0.0,418,7458,979,8042,379,8460,8899,1.0519771201193733,4.712758020392937
train,stratum,latin_english,en,sp_unigram,32768,observed,32,128944,128943,128062,34417,3.746491559403783,0.2687526354422077,0,0.0,3.746491559403783,3,9,15,"{""1"": 7765, ""10"": 521, ""11"": 286, ""12"": 147, ""13"": 43, ""14"": 30, ""15"": 6, ""2"": 4019, ""3"": 6531, ""4"": 5396, ""5"": 3742, ""6"": 2220, ""7"": 1739, ""8"": 1177, ""9"": 795}",32764,4943,15.086680502991088,2461,7.1505360722898565,0,0.0,34417,34385,0,0.0,0,0.0,9,2317,18307,20615,9,20624,20624,1.0004365753092408,0.043657530924084406,85,3337,390,3650,80,3735,4258,1.0232876712328767,2.191780821917808
validation,stratum,flores200,am,sp_unigram,32768,observed,500,109651,109651,42703,26313,4.167179721050432,0.6161862164250755,5,0.01900201421350663,4.167179721050432,3,10,21,"{""1"": 3093, ""10"": 886, ""11"": 1, ""12"": 280, ""13"": 255, ""15"": 77, ""16"": 50, ""18"": 9, ""19"": 17, ""2"": 234, ""21"": 1, ""3"": 13218, ""4"": 2185, ""5"": 13, ""6"": 3690, ""7"": 1626, ""9"": 678}",32764,1153,3.5191063362226833,116,0.44084672975335387,28,0.10641127959563713,26313,25813,0,0.0,0,0.0,0,2826,5148,7974,0,7974,7974,1.0,0.0,21,737,443,1159,20,1180,1212,1.0181190681622088,1.7256255392579811
validation,stratum,flores200,ar,sp_unigram,32768,observed,500,99690,99690,54980,24908,4.002328569134415,0.4530374681702437,0,0.0,4.002328569134415,4,8,19,"{""1"": 2977, ""10"": 240, ""11"": 180, ""12"": 31, ""13"": 82, ""14"": 18, ""15"": 19, ""16"": 4, ""17"": 12, ""19"": 1, ""2"": 5349, ""3"": 1353, ""4"": 7387, ""5"": 2315, ""6"": 1900, ""7"": 2026, ""8"": 517, ""9"": 497}",32764,1218,3.717494811378342,212,0.8511321663722499,21,0.0843102617632889,24908,24408,0,0.0,0,0.0,0,2248,6595,8843,0,8843,8843,1.0,0.0,53,1139,140,1226,52,1279,1299,1.0432300163132138,4.241435562805873
validation,stratum,flores200,bg,sp_unigram,32768,observed,486,114716,114709,63267,25083,4.57317705218674,0.3964626108397743,2,0.007973527887413786,4.57317705218674,4,11,25,"{""1"": 3888, ""10"": 401, ""11"": 501, ""12"": 205, ""13"": 254, ""14"": 13, ""15"": 124, ""16"": 15, ""17"": 102, ""18"": 4, ""19"": 32, ""2"": 3489, ""20"": 10, ""21"": 18, ""23"": 2, ""25"": 2, ""3"": 1584, ""4"": 5520, ""5"": 2940, ""6"": 3025, ""7"": 832, ""8"": 1414, ""9"": 708}",32764,1621,4.947503357343425,165,0.6578160507116374,15,0.0598014591556034,25083,24597,0,0.0,0,0.0,0,2295,7135,9430,0,9430,9430,1.0,0.0,56,1625,119,1688,56,1744,1767,1.033175355450237,3.3175355450236967
validation,stratum,flores200,bn,sp_unigram,32768,observed,485,158318,160235,59847,28210,5.680077986529599,0.47136865674135714,2,0.007089684509039348,5.680077986529599,6,13,42,"{""1"": 4139, ""10"": 1360, ""12"": 707, ""13"": 1204, ""15"": 263, ""16"": 348, ""18"": 39, ""19"": 199, ""2"": 155, ""21"": 49, ""22"": 70, ""24"": 30, ""25"": 54, ""27"": 4, ""28"": 4, ""3"": 8854, ""4"": 522, ""42"": 5, ""5"": 7, ""6"": 6353, ""7"": 1207, ""9"": 2637}",32764,752,2.29520205103162,159,0.5636299184686282,5,0.01772421127259837,28210,27725,0,0.0,0,0.0,32,3479,5090,8537,32,8569,8569,1.0037483893639452,0.374838936394518,117,1178,94,1155,86,1272,1283,1.1012987012987012,7.445887445887446
validation,stratum,flores200,fa,sp_unigram,32768,observed,523,114142,114142,63254,25419,4.490420551555923,0.4018560091061435,2,0.007868130138872498,4.490420551555923,4,10,26,"{""1"": 3224, ""10"": 159, ""11"": 756, ""12"": 46, ""13"": 121, ""14"": 82, ""15"": 65, ""16"": 69, ""18"": 5, ""2"": 4515, ""26"": 1, ""3"": 1580, ""4"": 5610, ""5"": 3337, ""6"": 1847, ""7"": 1938, ""8"": 575, ""9"": 1489}",32764,1541,4.703332926382615,216,0.8497580549982297,11,0.04327471576379873,25419,24896,0,0.0,0,0.0,0,2482,8915,11397,0,11397,11397,1.0,0.0,25,1236,134,1345,25,1370,1379,1.0185873605947955,1.858736059479554
validation,stratum,flores200,gu,sp_unigram,32768,observed,461,144544,144544,55214,27103,5.333136553149098,0.4908718803202086,2,0.007379256908829281,5.333136553149098,6,13,25,"{""1"": 4390, ""10"": 1498, ""12"": 261, ""13"": 883, ""15"": 215, ""16"": 344, ""18"": 42, ""19"": 143, ""2"": 198, ""22"": 23, ""25"": 5, ""3"": 7867, ""4"": 690, ""5"": 14, ""6"": 6775, ""7"": 1771, ""9"": 1984}",32764,790,2.411183005738005,112,0.41323838689443976,29,0.10699922517802457,27103,26642,0,0.0,0,0.0,25,3206,5517,8698,25,8723,8723,1.002874223959531,0.28742239595309266,107,1154,99,1146,87,1253,1266,1.093368237347295,7.591623036649215
validation,stratum,flores200,hi,sp_unigram,32768,observed,465,148508,148664,57809,25707,5.7830162990625125,0.44468854330640556,2,0.007779982106041156,5.7830162990625125,6,13,28,"{""1"": 3294, ""10"": 1710, ""12"": 194, ""13"": 991, ""15"": 109, ""16"": 275, ""18"": 48, ""19"": 148, ""2"": 162, ""21"": 69, ""22"": 18, ""24"": 5, ""25"": 20, ""27"": 1, ""28"": 12, ""3"": 6351, ""4"": 911, ""5"": 15, ""6"": 5465, ""7"": 4273, ""8"": 1, ""9"": 1635}",32764,1002,3.0582346477841535,66,0.25673940949935814,16,0.06223985684832925,25707,25242,0,0.0,0,0.0,7,2393,8471,10857,7,10864,10864,1.0006447453255964,0.06447453255963895,20,1099,110,1189,18,1209,1225,1.016820857863751,1.5138772077375946
validation,stratum,flores200,ja,sp_unigram,32768,observed,498,79586,79352,27145,21488,3.6928518242740136,0.7916006631055443,60,0.27922561429635145,3.6928518242740136,3,6,21,"{""1"": 393, ""10"": 1, ""12"": 186, ""15"": 105, ""18"": 10, ""2"": 184, ""21"": 6, ""3"": 17014, ""4"": 17, ""5"": 9, ""6"": 2916, ""7"": 3, ""9"": 644}",32764,1937,5.911976559638628,804,3.7416232315711095,231,1.075018615040953,21488,20990,0,0.0,0,0.0,0,17,14,31,0,31,31,1.0,0.0,26,1667,16,1657,26,1683,1683,1.015691007845504,1.5691007845503924
validation,stratum,flores200,kn,sp_unigram,32768,observed,502,183506,183479,67713,30583,5.999378739822777,0.4516562550765732,2,0.006539580812869895,5.999378739822777,6,16,27,"{""1"": 4426, ""10"": 858, ""12"": 1199, ""13"": 746, ""15"": 845, ""16"": 623, ""18"": 521, ""19"": 116, ""2"": 253, ""21"": 159, ""22"": 23, ""24"": 87, ""27"": 24, ""3"": 8222, ""4"": 1505, ""5"": 16, ""6"": 7733, ""7"": 566, ""9"": 2661}",32764,866,2.643144915150775,78,0.2550436517019259,3,0.009809371219304842,30583,30081,0,0.0,0,0.0,358,3170,4608,7420,337,7778,7778,1.0482479784366576,4.54177897574124,17,1217,112,1312,17,1329,1345,1.0129573170731707,1.295731707317073
validation,stratum,flores200,ko,sp_unigram,32768,observed,515,77684,77684,32348,25035,3.1030157779109246,0.7739272907134908,33,0.1318154583582984,3.1030157779109246,3,7,15,"{""1"": 5826, ""10"": 133, ""12"": 56, ""13"": 92, ""15"": 11, ""2"": 310, ""3"": 14410, ""4"": 1214, ""5"": 27, ""6"": 1666, ""7"": 975, ""8"": 2, ""9"": 313}",32764,1618,4.9383469661823955,1109,4.429798282404634,213,0.8508088675853804,25035,24520,0,0.0,0,0.0,2,4475,2596,7069,1,7071,7071,1.000282925449144,0.014146272457207525,83,1194,55,1166,70,1249,1257,1.0711835334476845,6.003430531732419
validation,stratum,flores200,ml,sp_unigram,32768,observed,503,200513,200492,72763,32584,6.15308126687945,0.44781001333095116,0,0.0,6.15308126687945,6,16,36,"{""1"": 4618, ""10"": 617, ""12"": 2017, ""13"": 238, ""15"": 905, ""16"": 176, ""18"": 554, ""19"": 227, ""2"": 220, ""21"": 245, ""22"": 28, ""24"": 192, ""25"": 56, ""27"": 145, ""28"": 47, ""3"": 9739, ""30"": 24, ""31"": 9, ""36"": 10, ""4"": 1507, ""5"": 15, ""6"": 6758, ""7"": 535, ""9"": 3702}",32764,794,2.4233915272860456,394,1.2091824208200344,7,0.021482936410508226,32584,32081,0,0.0,0,0.0,56,3326,3602,6872,47,6928,6928,1.0081490104772992,0.6839348079161816,96,1282,94,1280,77,1376,1392,1.075,6.015625
validation,stratum,flores200,mr,sp_unigram,32768,observed,505,171557,171557,64243,27955,6.136898587014845,0.4351446850240493,2,0.007154355213736362,6.136898587014845,6,15,36,"{""1"": 4112, ""10"": 1174, ""12"": 941, ""13"": 1188, ""15"": 506, ""16"": 353, ""18"": 220, ""19"": 323, ""2"": 227, ""21"": 78, ""22"": 122, ""24"": 39, ""25"": 69, ""28"": 34, ""3"": 7209, ""31"": 19, ""36"": 2, ""4"": 814, ""5"": 9, ""6"": 6564, ""7"": 1648, ""9"": 2304}",32764,1059,3.232206079843731,89,0.31836880701126813,8,0.02861742085494545,27955,27450,0,0.0,0,0.0,35,2865,5917,8747,34,8782,8782,1.0040013718989367,0.3887046987538585,140,1235,99,1194,107,1334,1356,1.117252931323283,8.961474036850921
validation,stratum,flores200,ru,sp_unigram,32768,observed,494,124731,124729,68235,27426,4.547837818128783,0.4019344910969444,2,0.00729235032450959,4.547837818128783,4,11,25,"{""1"": 4255, ""10"": 539, ""11"": 660, ""12"": 161, ""13"": 259, ""14"": 125, ""15"": 154, ""16"": 23, ""17"": 94, ""18"": 9, ""19"": 70, ""2"": 4501, ""20"": 5, ""21"": 48, ""23"": 2, ""25"": 6, ""3"": 1652, ""4"": 6550, ""5"": 1702, ""6"": 3666, ""7"": 1051, ""8"": 1364, ""9"": 530}",32764,1744,5.322915394945672,207,0.7547582585867425,21,0.07656967840735068,27426,26932,0,0.0,0,0.0,9,2601,6379,8971,9,8980,8980,1.0010032326385019,0.10032326385018392,26,1621,185,1780,25,1806,1856,1.0146067415730338,1.404494382022472
validation,stratum,flores200,sw,sp_unigram,32768,observed,500,66996,66996,66926,21442,3.124521966234493,0.3203837073782984,2,0.009327488107452663,3.124521966234493,3,7,13,"{""1"": 4646, ""10"": 57, ""11"": 14, ""12"": 2, ""13"": 1, ""2"": 4016, ""3"": 6278, ""4"": 2239, ""5"": 1571, ""6"": 1039, ""7"": 1090, ""8"": 353, ""9"": 136}",32764,2026,6.18361616408253,280,1.3058483350433727,37,0.17255852998787427,21442,20942,0,0.0,0,0.0,0,1363,8427,9790,0,9790,9790,1.0,0.0,20,1161,111,1252,19,1272,1305,1.0159744408945688,1.5175718849840256
validation,stratum,flores200,ta,sp_unigram,32768,observed,498,197237,197234,72334,29170,6.761535824477202,0.4032681726435701,0,0.0,6.761535824477202,6,18,31,"{""1"": 4227, ""10"": 617, ""11"": 1, ""12"": 1952, ""13"": 521, ""15"": 980, ""16"": 318, ""18"": 520, ""19"": 333, ""2"": 241, ""21"": 114, ""22"": 228, ""24"": 106, ""25"": 14, ""27"": 109, ""28"": 42, ""3"": 5267, ""30"": 15, ""31"": 23, ""4"": 1878, ""5"": 14, ""6"": 7243, ""7"": 708, ""8"": 2, ""9"": 3697}",32764,798,2.435600048834086,224,0.7679122386013028,12,0.0411381556393555,29170,28672,0,0.0,0,0.0,47,2724,4865,7542,44,7589,7589,1.0062317687616018,0.5833996287456908,141,1466,113,1443,117,1584,1604,1.0977130977130978,8.108108108108109
validation,stratum,flores200,te,sp_unigram,32768,observed,495,169262,169259,63608,30084,5.626213269512033,0.47295937617909695,2,0.0066480521207286265,5.626213269512033,6,15,28,"{""1"": 5201, ""10"": 602, ""12"": 814, ""13"": 631, ""15"": 413, ""16"": 381, ""18"": 266, ""19"": 240, ""2"": 340, ""21"": 79, ""22"": 110, ""24"": 28, ""25"": 14, ""27"": 3, ""28"": 34, ""3"": 6276, ""4"": 1405, ""5"": 35, ""6"": 10365, ""7"": 409, ""8"": 4, ""9"": 2434}",32764,1057,3.2261018190697106,169,0.5617604042015689,76,0.2526259805876878,30084,29589,0,0.0,0,0.0,104,3758,4067,7721,95,7825,7825,1.0134697578033933,1.2304105685791995,167,1361,106,1300,105,1467,1489,1.1284615384615384,8.076923076923077
validation,stratum,flores200,uk,sp_unigram,32768,observed,516,120968,120966,66197,27896,4.336320619443648,0.4214088251733462,2,0.007169486664754803,4.336320619443648,4,10,23,"{""1"": 4418, ""10"": 542, ""11"": 441, ""12"": 213, ""13"": 234, ""14"": 64, ""15"": 77, ""16"": 10, ""17"": 64, ""18"": 7, ""19"": 13, ""2"": 4701, ""20"": 6, ""21"": 6, ""23"": 12, ""3"": 1472, ""4"": 7125, ""5"": 2020, ""6"": 3564, ""7"": 1175, ""8"": 1130, ""9"": 602}",32764,1587,4.843730924185081,332,1.1901347863492975,22,0.07886435331230283,27896,27380,0,0.0,0,0.0,6,2676,6272,8942,6,8948,8948,1.000670990829792,0.06709908297919928,23,1742,173,1892,23,1915,1957,1.01215644820296,1.215644820295983
validation,stratum,flores200,ur,sp_unigram,32768,observed,498,112125,112125,62990,25583,4.382793261149982,0.406143832354342,2,0.007817691435719032,4.382793261149982,4,9,17,"{""1"": 2842, ""10"": 84, ""11"": 523, ""12"": 17, ""13"": 91, ""14"": 6, ""15"": 33, ""17"": 4, ""2"": 5188, ""3"": 833, ""4"": 5479, ""5"": 4623, ""6"": 1401, ""7"": 2771, ""8"": 245, ""9"": 1443}",32764,1375,4.196679282138933,51,0.1993511316108353,3,0.011726537153578548,25583,25085,0,0.0,0,0.0,4,2595,10358,12949,3,12953,12953,1.0003089041624835,0.02316781218626921,28,731,437,1140,28,1168,1169,1.024561403508772,2.456140350877193
validation,stratum,flores200,yo,sp_unigram,32768,observed,487,80134,79356,59988,33596,2.362066912727706,0.5600453424018137,17,0.05060126205500655,2.362066912727706,2,5,16,"{""1"": 12602, ""10"": 19, ""11"": 10, ""12"": 2, ""13"": 2, ""14"": 1, ""16"": 1, ""2"": 9869, ""3"": 4616, ""4"": 2562, ""5"": 2386, ""6"": 702, ""7"": 239, ""8"": 540, ""9"": 45}",32764,1543,4.709437187156635,1496,4.452911060840576,265,0.7887843790927491,33596,33109,0,0.0,0,0.0,0,4935,6697,11632,0,11632,11632,1.0,0.0,17,1211,111,1305,17,1322,1355,1.0130268199233716,1.3026819923371646
validation,stratum,flores200,zh,sp_unigram,32768,observed,487,58268,56546,21068,18750,3.0157866666666666,0.889975318017847,132,0.704,3.0157866666666666,3,6,11,"{""1"": 1584, ""10"": 2, ""11"": 1, ""2"": 375, ""3"": 15481, ""4"": 64, ""5"": 34, ""6"": 1186, ""7"": 5, ""8"": 1, ""9"": 17}",32764,2393,7.303748016115248,1058,5.642666666666667,277,1.4773333333333334,18750,18263,0,0.0,0,0.0,0,339,235,574,0,574,574,1.0,0.0,67,1735,82,1750,65,1817,1846,1.0382857142857143,3.7142857142857144
train,stratum,code,c,sp_unigram,65536,observed,32,269690,269690,269687,100914,2.672473591374834,0.37418933801036014,5226,5.178666983768357,2.672473591374834,2,7,16,"{""1"": 47609, ""10"": 736, ""11"": 363, ""12"": 175, ""13"": 136, ""14"": 76, ""15"": 35, ""16"": 191, ""2"": 13708, ""3"": 12091, ""4"": 9709, ""5"": 5702, ""6"": 4926, ""7"": 2950, ""8"": 1589, ""9"": 918}",65532,4193,6.398400781297687,622,0.6163664110034287,0,0.0,100914,100882,0,0.0,610,0.6044750976078641,27823,29259,25695,29300,6460,57123,58507,1.9495904436860068,22.04778156996587,830,15115,12034,27272,625,28102,37462,1.030434144910531,2.291727779407451
train,stratum,code,cpp,sp_unigram,65536,observed,32,735578,735578,735574,253139,2.905826443179439,0.34413804729367814,22600,8.927901271633372,2.905826443179439,2,8,16,"{""1"": 113338, ""10"": 2597, ""11"": 1391, ""12"": 599, ""13"": 510, ""14"": 513, ""15"": 280, ""16"": 577, ""2"": 37228, ""3"": 26865, ""4"": 21648, ""5"": 11346, ""6"": 16589, ""7"": 11971, ""8"": 4350, ""9"": 3337}",65532,5410,8.255508759079534,876,0.34605493424561207,0,0.0,253139,253107,0,0.0,1294,0.5111816037829019,46744,51953,48405,57265,14946,104009,106124,1.8162752117349166,26.09971186588667,2043,47643,31315,79901,1741,81944,108024,1.0255691418129935,2.178946446227206
train,stratum,code,go,sp_unigram,65536,observed,32,514454,514454,514451,168703,3.0494656289455433,0.3279282186252918,26440,15.672513233315353,3.0494656289455433,2,8,16,"{""1"": 70231, ""10"": 1299, ""11"": 787, ""12"": 455, ""13"": 455, ""14"": 183, ""15"": 305, ""16"": 415, ""2"": 21747, ""3"": 20990, ""4"": 17370, ""5"": 10135, ""6"": 9515, ""7"": 7268, ""8"": 5093, ""9"": 2455}",65532,4773,7.283464566929134,962,0.5702328944950593,0,0.0,168703,168671,0,0.0,366,0.2169493132902201,30934,39237,46391,57639,13937,88573,90448,1.5366852304863026,24.179808810007113,1260,26817,18437,44581,1122,45841,55727,1.0282631614364863,2.5167672326775983
train,stratum,code,java,sp_unigram,65536,observed,32,175611,175539,174303,73417,2.39098573899778,0.4212033068851368,296,0.4031763760436956,2.39098573899778,1,7,16,"{""1"": 45342, ""10"": 517, ""11"": 352, ""12"": 150, ""13"": 51, ""14"": 45, ""15"": 87, ""16"": 136, ""2"": 5885, ""3"": 6118, ""4"": 4241, ""5"": 3084, ""6"": 2759, ""7"": 2490, ""8"": 1351, ""9"": 809}",65532,2784,4.248306171030947,442,0.6020403993625455,0,0.0,73417,73385,0,0.0,20,0.027241647029979433,36970,35978,11388,11829,3831,48799,49454,4.125369853749261,32.386507735226985,1136,9149,5769,13893,999,15029,22783,1.0817677967321673,7.190671561217879
train,stratum,code,javascript,sp_unigram,65536,observed,32,112493,112471,110533,45828,2.454198306712054,0.414609211728624,103,0.2247534258531902,2.454198306712054,2,7,16,"{""1"": 22198, ""10"": 278, ""11"": 177, ""12"": 9, ""13"": 72, ""14"": 49, ""16"": 5, ""2"": 8570, ""3"": 5307, ""4"": 3262, ""5"": 1972, ""6"": 1647, ""7"": 1002, ""8"": 649, ""9"": 631}",65532,2908,4.437526704510773,418,0.912106135986733,0,0.0,45828,45796,0,0.0,26,0.05673387448721306,12699,13616,6950,8556,1914,21255,21564,2.4842215988779803,22.370266479663393,1056,8114,6059,13681,970,14737,18756,1.0771873401067174,7.090124990863241
train,stratum,code,python,sp_unigram,65536,observed,32,193155,193153,192883,81783,2.3617744519032073,0.4240031521699683,363,0.44385752540258977,2.3617744519032073,1,7,16,"{""1"": 49711, ""10"": 473, ""11"": 440, ""12"": 94, ""13"": 44, ""14"": 26, ""15"": 57, ""16"": 99, ""2"": 7523, ""3"": 5751, ""4"": 5845, ""5"": 4089, ""6"": 3213, ""7"": 2247, ""8"": 1301, ""9"": 870}",65532,3617,5.519440883843008,638,0.7801132264651578,0,0.0,81783,81751,0,0.0,13,0.015895724050230486,36756,36856,15439,15774,3795,52530,53313,3.3301635602890833,24.05857740585774,791,11230,5028,15569,626,16360,20660,1.0508060890230586,4.020810585137132
train,stratum,code,rust,sp_unigram,65536,observed,32,405448,405448,405437,178716,2.2686720830815372,0.44079844710768873,10,0.005595469907562837,2.2686720830815372,1,7,16,"{""1"": 102712, ""10"": 833, ""11"": 406, ""12"": 80, ""13"": 51, ""14"": 120, ""15"": 27, ""16"": 30, ""2"": 19327, ""3"": 19720, ""4"": 13583, ""5"": 8998, ""6"": 5423, ""7"": 4344, ""8"": 1888, ""9"": 1174}",65532,4620,7.049990844167735,909,0.5086282145974619,0,0.0,178716,178684,0,0.0,523,0.29264307616553636,78390,76994,38353,40433,8677,118823,119816,2.938762891697376,21.46019340637598,2210,25871,15816,40473,1646,42683,61490,1.0546043041039705,4.066908803399797
train,stratum,code,sql,sp_unigram,65536,observed,32,962841,962820,962198,308952,3.116406432067117,0.32108983805827906,372,0.12040705352287734,3.116406432067117,2,8,16,"{""1"": 76913, ""10"": 1621, ""11"": 1271, ""12"": 335, ""13"": 212, ""14"": 8, ""15"": 54, ""16"": 622, ""2"": 82330, ""3"": 63391, ""4"": 22678, ""5"": 20691, ""6"": 10197, ""7"": 11589, ""8"": 6599, ""9"": 10441}",65532,4882,7.449795519746078,746,0.2414614567958777,0,0.0,308952,308920,0,0.0,8187,2.649926202128486,12285,19754,101894,114802,1752,127087,127526,1.1070103308304733,1.5261058169718298,2161,44565,94718,151826,2002,153987,212438,1.014233398759106,1.3186147300198912
train,stratum,code,typescript,sp_unigram,65536,observed,32,734901,734901,727952,321064,2.28895485012334,0.441051058311537,41,0.012770039618269254,2.28895485012334,1,7,18,"{""1"": 191872, ""10"": 1540, ""11"": 3239, ""12"": 366, ""13"": 182, ""14"": 81, ""15"": 142, ""16"": 430, ""18"": 26, ""2"": 39936, ""3"": 23843, ""4"": 21454, ""5"": 13263, ""6"": 9925, ""7"": 8588, ""8"": 4161, ""9"": 2016}",65532,5339,8.147164743941891,871,0.27128547579298834,0,0.0,321064,321032,0,0.0,449,0.13984750703909501,162900,156334,69302,67400,19773,230300,232361,3.416913946587537,29.33679525222552,3229,21974,31321,53480,3157,56709,77045,1.0603777112939416,5.903141361256544
train,stratum,cyrillic_african,am,sp_unigram,65536,observed,32,390554,390552,158149,78716,4.961532598201128,0.4977331503834991,0,0.0,4.961532598201128,3,12,24,"{""1"": 12457, ""10"": 3998, ""11"": 6, ""12"": 2291, ""13"": 1679, ""14"": 1, ""15"": 772, ""16"": 611, ""18"": 190, ""19"": 262, ""2"": 1488, ""21"": 31, ""22"": 25, ""24"": 17, ""3"": 26089, ""4"": 6923, ""5"": 330, ""6"": 11740, ""7"": 5931, ""8"": 64, ""9"": 3811}",65532,3429,5.232558139534884,2019,2.5649169165099854,0,0.0,78716,78684,0,0.0,0,0.0,0,8952,20523,29475,0,29475,29475,1.0,0.0,570,3955,2082,5507,557,6077,7214,1.1035046304703104,10.114399854730344
train,stratum,cyrillic_african,bg,sp_unigram,65536,observed,32,249249,249242,140975,48010,5.191460112476568,0.3405568363184962,0,0.0,5.191460112476568,4,13,29,"{""1"": 8225, ""10"": 986, ""11"": 1431, ""12"": 419, ""13"": 1188, ""14"": 174, ""15"": 723, ""16"": 91, ""17"": 498, ""18"": 82, ""19"": 246, ""2"": 5772, ""20"": 14, ""21"": 181, ""22"": 14, ""23"": 63, ""25"": 16, ""26"": 4, ""27"": 8, ""29"": 7, ""3"": 3557, ""4"": 7566, ""5"": 5994, ""6"": 4866, ""7"": 1802, ""8"": 2176, ""9"": 1907}",65532,3726,5.685771836659953,2091,4.355342636950636,0,0.0,48010,47978,0,0.0,0,0.0,0,3852,17810,21662,0,21662,21662,1.0,0.0,108,4055,581,4555,96,4663,5410,1.0237102085620198,2.1075740944017562
train,stratum,cyrillic_african,ru,sp_unigram,65536,observed,32,231857,231855,128599,43169,5.370867983969979,0.33568690269753265,0,0.0,5.370867983969979,4,14,29,"{""1"": 7122, ""10"": 976, ""11"": 1571, ""12"": 438, ""13"": 1131, ""14"": 301, ""15"": 734, ""16"": 106, ""17"": 470, ""18"": 102, ""19"": 282, ""2"": 5989, ""20"": 32, ""21"": 154, ""22"": 9, ""23"": 66, ""24"": 8, ""25"": 28, ""26"": 1, ""27"": 34, ""29"": 11, ""3"": 2924, ""4"": 7318, ""5"": 2836, ""6"": 4945, ""7"": 1994, ""8"": 2229, ""9"": 1358}",65532,3713,5.665934200085454,2253,5.219022909958535,0,0.0,43169,43137,0,0.0,0,0.0,0,3488,13684,17172,0,17172,17172,1.0,0.0,86,3511,473,3902,77,3988,4584,1.0220399794976935,1.973347001537673
train,stratum,cyrillic_african,sw,sp_unigram,65536,observed,32,302841,302851,302208,78080,3.8787269467213115,0.2583650995340957,0,0.0,3.8787269467213115,3,8,14,"{""1"": 13787, ""10"": 1201, ""11"": 384, ""12"": 203, ""13"": 84, ""14"": 5, ""2"": 10173, ""3"": 19022, ""4"": 8120, ""5"": 8506, ""6"": 5831, ""7"": 6190, ""8"": 2672, ""9"": 1902}",65532,5048,7.703106879081975,3055,3.91265368852459,0,0.0,78080,78048,0,0.0,0,0.0,5,3647,40987,44629,5,44634,44634,1.0001120347755943,0.011203477559434448,92,6418,786,7131,89,7223,8300,1.012901416351143,1.24807179918665
train,stratum,cyrillic_african,uk,sp_unigram,65536,observed,32,184737,184724,102382,35746,5.1676830974095,0.3491434041140044,0,0.0,5.1676830974095,4,14,29,"{""1"": 5830, ""10"": 861, ""11"": 1033, ""12"": 366, ""13"": 808, ""14"": 178, ""15"": 616, ""16"": 102, ""17"": 379, ""18"": 95, ""19"": 198, ""2"": 5593, ""20"": 32, ""21"": 122, ""22"": 7, ""23"": 63, ""25"": 16, ""27"": 2, ""28"": 3, ""29"": 2, ""3"": 2532, ""4"": 6171, ""5"": 2435, ""6"": 4098, ""7"": 1573, ""8"": 1574, ""9"": 1057}",65532,3276,4.999084416773485,2071,5.793655234152073,0,0.0,35746,35714,0,0.0,0,0.0,0,2788,10937,13725,0,13725,13725,1.0,0.0,71,3127,536,3601,69,3672,4222,1.0197167453485143,1.9161344071091364
train,stratum,cyrillic_african,yo,sp_unigram,65536,observed,32,145697,145693,125826,36543,3.986892154448184,0.29042487244289733,0,0.0,3.986892154448184,3,9,19,"{""1"": 6352, ""10"": 540, ""11"": 309, ""12"": 209, ""13"": 86, ""14"": 86, ""15"": 53, ""16"": 63, ""17"": 13, ""19"": 2, ""2"": 5104, ""3"": 8004, ""4"": 4391, ""5"": 4071, ""6"": 1974, ""7"": 3246, ""8"": 1415, ""9"": 625}",65532,3174,4.843435268265885,1996,5.462058396957009,0,0.0,36543,36511,0,0.0,0,0.0,0,2007,22252,24259,0,24259,24259,1.0,0.0,37,3078,355,3401,36,3438,4073,1.0108791531902381,1.058512202293443
train,stratum,indic_cjk_arabic,ar,sp_unigram,65536,observed,32,215274,215273,120548,45909,4.689124136879479,0.38083584962006833,0,0.0,4.689124136879479,4,11,22,"{""1"": 6440, ""10"": 1222, ""11"": 769, ""12"": 379, ""13"": 404, ""14"": 134, ""15"": 448, ""16"": 35, ""17"": 117, ""18"": 14, ""19"": 29, ""2"": 7108, ""20"": 7, ""21"": 44, ""22"": 3, ""3"": 3057, ""4"": 9360, ""5"": 5084, ""6"": 4335, ""7"": 3815, ""8"": 1631, ""9"": 1474}",65532,3015,4.600805713239334,2060,4.487137598292274,0,0.0,45909,45877,0,0.0,0,0.0,0,4347,15422,19769,0,19769,19769,1.0,0.0,135,2656,518,3044,133,3179,3756,1.0443495400788436,4.369250985545335
train,stratum,indic_cjk_arabic,bn,sp_unigram,65536,observed,32,274908,278982,106840,39091,7.136732240157581,0.36588356420816176,0,0.0,7.136732240157581,6,19,46,"{""1"": 6222, ""10"": 2237, ""11"": 5, ""12"": 1177, ""13"": 2327, ""14"": 1, ""15"": 444, ""16"": 1594, ""18"": 357, ""19"": 949, ""2"": 438, ""21"": 261, ""22"": 379, ""24"": 91, ""25"": 253, ""27"": 50, ""28"": 163, ""3"": 8630, ""30"": 13, ""31"": 62, ""33"": 31, ""34"": 43, ""36"": 9, ""37"": 1, ""4"": 1295, ""42"": 1, ""43"": 2, ""46"": 16, ""5"": 128, ""6"": 7069, ""7"": 1751, ""8"": 24, ""9"": 3068}",65532,2019,3.0809375572239515,1516,3.878130515975544,0,0.0,39091,39059,0,0.0,0,0.0,0,4363,11224,15587,0,15587,15587,1.0,0.0,53,2416,284,2650,49,2703,3073,1.02,1.849056603773585
train,stratum,indic_cjk_arabic,fa,sp_unigram,65536,observed,32,198722,198737,111850,36592,5.4311598163533015,0.32715243629861424,0,0.0,5.4311598163533015,5,11,28,"{""1"": 4934, ""10"": 387, ""11"": 2281, ""12"": 131, ""13"": 742, ""14"": 100, ""15"": 529, ""16"": 109, ""17"": 42, ""18"": 10, ""2"": 4690, ""21"": 1, ""22"": 17, ""26"": 49, ""28"": 19, ""3"": 2137, ""4"": 4610, ""5"": 5379, ""6"": 2293, ""7"": 3860, ""8"": 902, ""9"": 3370}",65532,2774,4.2330464505890255,1282,3.5034980323567995,0,0.0,36592,36560,0,0.0,0,0.0,0,3154,18180,21334,0,21334,21334,1.0,0.0,88,2229,291,2455,70,2543,2939,1.035845213849287,2.8513238289205702
train,stratum,indic_cjk_arabic,gu,sp_unigram,65536,observed,32,266235,266235,106404,41643,6.393271378142785,0.3913668659072967,0,0.0,6.393271378142785,6,16,34,"{""1"": 6803, ""10"": 3219, ""11"": 1, ""12"": 691, ""13"": 2386, ""15"": 326, ""16"": 1241, ""18"": 216, ""19"": 730, ""2"": 853, ""21"": 27, ""22"": 195, ""24"": 61, ""25"": 88, ""27"": 16, ""28"": 16, ""3"": 7721, ""31"": 6, ""33"": 6, ""34"": 21, ""4"": 2093, ""5"": 181, ""6"": 8397, ""7"": 3350, ""8"": 51, ""9"": 2948}",65532,2263,3.4532747360068363,1377,3.3066781932137452,0,0.0,41643,41611,0,0.0,0,0.0,0,4155,13767,17922,0,17922,17922,1.0,0.0,134,2590,182,2641,110,2775,3439,1.0507383566830746,4.165088981446422
train,stratum,indic_cjk_arabic,hi,sp_unigram,65536,observed,32,342431,342710,137684,50044,6.848173607225641,0.36346997472473197,0,0.0,6.848173607225641,6,16,34,"{""1"": 7138, ""10"": 4957, ""11"": 3, ""12"": 908, ""13"": 3501, ""15"": 434, ""16"": 1432, ""18"": 198, ""19"": 785, ""2"": 741, ""21"": 153, ""22"": 223, ""24"": 47, ""25"": 72, ""27"": 11, ""28"": 39, ""3"": 7911, ""30"": 10, ""31"": 6, ""33"": 13, ""34"": 5, ""4"": 1548, ""5"": 160, ""6"": 7589, ""7"": 9505, ""8"": 33, ""9"": 2622}",65532,2739,4.1796374290423,952,1.9023259531612182,0,0.0,50044,50012,0,0.0,0,0.0,0,4082,22404,26486,0,26486,26486,1.0,0.0,73,3256,355,3542,68,3615,4124,1.020609824957651,1.919819311123659
train,stratum,indic_cjk_arabic,ja,sp_unigram,65536,observed,32,323403,318463,134867,79840,3.98876503006012,0.591990627803688,0,0.0,3.98876503006012,3,10,33,"{""1"": 13608, ""10"": 224, ""11"": 14, ""12"": 2159, ""13"": 22, ""14"": 2, ""15"": 1010, ""16"": 23, ""18"": 350, ""2"": 4946, ""21"": 144, ""24"": 53, ""27"": 29, ""3"": 38669, ""30"": 3, ""33"": 5, ""4"": 1344, ""5"": 496, ""6"": 11521, ""7"": 316, ""8"": 124, ""9"": 4778}",65532,6230,9.506805835317097,3310,4.145791583166333,0,0.0,79840,79808,0,0.0,0,0.0,2,6847,3593,10438,2,10440,10440,1.0001916075876605,0.019160758766047135,457,7265,1137,7979,411,8436,9129,1.0572753477879433,5.15102143125705
train,stratum,indic_cjk_arabic,kn,sp_unigram,65536,observed,32,458253,457719,180531,70113,6.5283043087587185,0.3883709722983864,0,0.0,6.5283043087587185,6,18,42,"{""1"": 14729, ""10"": 2206, ""11"": 7, ""12"": 3294, ""13"": 2810, ""14"": 1, ""15"": 2375, ""16"": 1944, ""18"": 1304, ""19"": 874, ""2"": 3832, ""21"": 679, ""22"": 333, ""24"": 314, ""25"": 192, ""27"": 136, ""28"": 77, ""3"": 12659, ""30"": 36, ""31"": 29, ""33"": 31, ""34"": 28, ""4"": 3185, ""42"": 85, ""5"": 175, ""6"": 11504, ""7"": 1492, ""8"": 61, ""9"": 5721}",65532,3024,4.6145394616370625,1013,1.4448105201603125,0,0.0,70113,70081,0,0.0,0,0.0,0,6885,14163,21048,0,21048,21048,1.0,0.0,54,3593,368,3917,45,3971,4606,1.0137860607607863,1.148838396732193
train,stratum,indic_cjk_arabic,ko,sp_unigram,65536,observed,32,201347,201183,86266,55022,3.656410163207444,0.6378179120395057,0,0.0,3.656410163207444,3,9,16,"{""1"": 11536, ""10"": 939, ""11"": 2, ""12"": 196, ""13"": 452, ""14"": 2, ""15"": 62, ""16"": 13, ""2"": 1508, ""3"": 24601, ""4"": 4205, ""5"": 135, ""6"": 5304, ""7"": 4937, ""8"": 26, ""9"": 1104}",65532,3216,4.907526094121955,2842,5.165206644614881,0,0.0,55022,54990,0,0.0,0,0.0,1,7804,11206,19009,1,19010,19010,1.000052606660003,0.00526066600031564,111,3593,584,4078,105,4189,4926,1.0272192251103482,2.5747915644923984
train,stratum,indic_cjk_arabic,ml,sp_unigram,65536,observed,32,188792,188704,72486,26165,7.212077202369578,0.3609662555527964,0,0.0,7.212077202369578,6,19,40,"{""1"": 4375, ""10"": 446, ""12"": 1994, ""13"": 401, ""15"": 994, ""16"": 461, ""18"": 641, ""19"": 391, ""2"": 580, ""21"": 302, ""22"": 187, ""24"": 185, ""25"": 124, ""27"": 91, ""28"": 88, ""3"": 5252, ""30"": 34, ""31"": 34, ""33"": 24, ""34"": 20, ""36"": 33, ""37"": 36, ""39"": 6, ""4"": 1342, ""40"": 11, ""5"": 169, ""6"": 4544, ""7"": 570, ""8"": 35, ""9"": 2795}",65532,2106,3.2136971250686686,1836,7.017007452703994,0,0.0,26165,26133,0,0.0,0,0.0,0,2560,4712,7272,0,7272,7272,1.0,0.0,72,1581,301,1810,65,1882,2245,1.039779005524862,3.591160220994475
train,stratum,indic_cjk_arabic,mr,sp_unigram,65536,observed,32,362326,362338,142528,49337,7.344143340697651,0.3461565446789403,0,0.0,7.344143340697651,6,19,43,"{""1"": 7672, ""10"": 3619, ""11"": 15, ""12"": 1828, ""13"": 3259, ""15"": 970, ""16"": 1425, ""18"": 549, ""19"": 1388, ""2"": 1007, ""21"": 253, ""22"": 668, ""24"": 136, ""25"": 274, ""27"": 25, ""28"": 136, ""3"": 8588, ""30"": 5, ""31"": 45, ""33"": 18, ""34"": 2, ""36"": 7, ""39"": 4, ""4"": 1448, ""43"": 5, ""5"": 198, ""6"": 9033, ""7"": 3267, ""8"": 96, ""9"": 3397}",65532,2905,4.432948788378197,1177,2.385633500212822,0,0.0,49337,49305,0,0.0,0,0.0,0,4048,16268,20316,0,20316,20316,1.0,0.0,94,3447,453,3871,86,3965,4615,1.0242831309739084,2.221648152932059
train,stratum,indic_cjk_arabic,ta,sp_unigram,65536,observed,32,239434,239341,90715,30100,7.951528239202657,0.33180841095739405,0,0.0,7.951528239202657,6,21,46,"{""1"": 4859, ""10"": 859, ""11"": 3, ""12"": 2484, ""13"": 1127, ""15"": 877, ""16"": 813, ""18"": 669, ""19"": 706, ""2"": 631, ""21"": 330, ""22"": 456, ""24"": 181, ""25"": 256, ""27"": 60, ""28"": 111, ""3"": 3838, ""30"": 56, ""31"": 56, ""33"": 19, ""34"": 22, ""36"": 8, ""39"": 9, ""4"": 1537, ""40"": 7, ""46"": 4, ""5"": 120, ""6"": 5348, ""7"": 1012, ""8"": 21, ""9"": 3621}",65532,1899,2.8978209119208937,1516,5.0365448504983386,0,0.0,30100,30068,0,0.0,0,0.0,0,2535,7287,9822,0,9822,9822,1.0,0.0,124,2226,179,2292,96,2416,3003,1.0541012216404886,4.18848167539267
train,stratum,indic_cjk_arabic,te,sp_unigram,65536,observed,32,300221,300203,115621,43123,6.961551840085337,0.372968578372441,0,0.0,6.961551840085337,6,19,37,"{""1"": 7876, ""10"": 1107, ""11"": 9, ""12"": 1915, ""13"": 1455, ""15"": 948, ""16"": 1070, ""18"": 613, ""19"": 1000, ""2"": 932, ""21"": 299, ""22"": 433, ""24"": 78, ""25"": 317, ""27"": 132, ""28"": 170, ""3"": 6847, ""30"": 58, ""31"": 113, ""33"": 7, ""34"": 29, ""37"": 42, ""4"": 1967, ""5"": 188, ""6"": 10796, ""7"": 1256, ""8"": 26, ""9"": 3440}",65532,2318,3.5372031984374046,1401,3.2488463233077476,0,0.0,43123,43091,0,0.0,0,0.0,0,4589,9499,14088,0,14088,14088,1.0,0.0,197,2973,315,3096,180,3293,3944,1.0636304909560723,5.813953488372093
train,stratum,indic_cjk_arabic,ur,sp_unigram,65536,observed,32,431064,430336,244935,82307,5.228425285820161,0.3360360912078715,0,0.0,5.228425285820161,5,11,19,"{""1"": 8578, ""10"": 399, ""11"": 3276, ""12"": 157, ""13"": 1121, ""14"": 58, ""15"": 467, ""16"": 11, ""17"": 55, ""18"": 1, ""19"": 18, ""2"": 10827, ""3"": 3091, ""4"": 11207, ""5"": 17299, ""6"": 3874, ""7"": 12498, ""8"": 1323, ""9"": 8047}",65532,3332,5.0845388512482455,977,1.1870193300691314,0,0.0,82307,82275,0,0.0,0,0.0,0,5883,45986,51869,0,51869,51869,1.0,0.0,665,2961,3090,5415,656,6080,6704,1.1228070175438596,12.11449676823638
train,stratum,indic_cjk_arabic,zh,sp_unigram,65536,observed,32,616082,612143,250435,139788,4.379081180072681,0.5581807654680855,0,0.0,4.379081180072681,3,12,33,"{""1"": 21848, ""10"": 544, ""11"": 10, ""12"": 2827, ""13"": 1930, ""15"": 758, ""16"": 1280, ""18"": 72, ""19"": 791, ""2"": 8636, ""21"": 174, ""22"": 1024, ""24"": 28, ""25"": 342, ""28"": 23, ""3"": 62078, ""33"": 56, ""4"": 1754, ""5"": 412, ""6"": 28417, ""7"": 2208, ""8"": 64, ""9"": 4512}",65532,6628,10.114142708905574,4200,3.0045497467593787,0,0.0,139788,139756,0,0.0,0,0.0,0,9751,12428,22179,0,22179,22179,1.0,0.0,365,7292,1065,8042,338,8407,8899,1.0453867197214624,4.20293459338473
train,stratum,latin_english,en,sp_unigram,65536,observed,32,128944,128943,128062,30726,4.196543643819567,0.2399306585872468,0,0.0,4.196543643819567,4,9,16,"{""1"": 5812, ""10"": 644, ""11"": 377, ""12"": 209, ""13"": 70, ""14"": 50, ""15"": 9, ""16"": 4, ""2"": 2830, ""3"": 5274, ""4"": 4960, ""5"": 3799, ""6"": 2315, ""7"": 1945, ""8"": 1447, ""9"": 981}",65532,5793,8.839956052005128,3878,12.621232832129142,0,0.0,30726,30694,0,0.0,0,0.0,9,1352,19272,20615,9,20624,20624,1.0004365753092408,0.043657530924084406,92,3287,442,3650,87,3742,4258,1.0252054794520549,2.3835616438356166
validation,stratum,flores200,am,sp_unigram,65536,observed,500,109651,109651,42703,21901,5.0066663622665635,0.5128679483877011,5,0.02283000776220264,5.0066663622665635,3,12,22,"{""1"": 2634, ""10"": 1117, ""11"": 1, ""12"": 513, ""13"": 530, ""15"": 156, ""16"": 162, ""18"": 34, ""19"": 65, ""2"": 195, ""21"": 3, ""22"": 5, ""3"": 8215, ""4"": 1940, ""5"": 16, ""6"": 3526, ""7"": 1646, ""8"": 2, ""9"": 1141}",65532,2064,3.1496062992125986,954,4.355965481028264,81,0.3698461257476828,21901,21401,0,0.0,0,0.0,0,2386,5588,7974,0,7974,7974,1.0,0.0,21,675,505,1159,20,1180,1212,1.0181190681622088,1.7256255392579811
validation,stratum,flores200,ar,sp_unigram,65536,observed,500,99690,99690,54980,21006,4.745786918023422,0.382066205893052,0,0.0,4.745786918023422,4,10,21,"{""1"": 2391, ""10"": 502, ""11"": 358, ""12"": 128, ""13"": 216, ""14"": 67, ""15"": 113, ""16"": 12, ""17"": 46, ""18"": 1, ""19"": 14, ""2"": 3249, ""20"": 4, ""21"": 1, ""3"": 1196, ""4"": 4796, ""5"": 2422, ""6"": 2037, ""7"": 1951, ""8"": 772, ""9"": 730}",65532,2187,3.337300860648233,1658,7.892982957250309,139,0.6617157002761116,21006,20506,0,0.0,0,0.0,0,1688,7155,8843,0,8843,8843,1.0,0.0,42,1125,143,1226,41,1268,1299,1.034257748776509,3.3442088091353996
validation,stratum,flores200,bg,sp_unigram,65536,observed,486,114716,114709,63267,21497,5.3360468902637574,0.3397821929283829,2,0.009303623761455087,5.3360468902637574,5,13,29,"{""1"": 3143, ""10"": 492, ""11"": 669, ""12"": 231, ""13"": 450, ""14"": 56, ""15"": 323, ""16"": 25, ""17"": 214, ""18"": 23, ""19"": 102, ""2"": 2343, ""20"": 6, ""21"": 84, ""22"": 2, ""23"": 24, ""25"": 12, ""26"": 1, ""27"": 4, ""29"": 1, ""3"": 1481, ""4"": 3727, ""5"": 2749, ""6"": 2434, ""7"": 801, ""8"": 1190, ""9"": 910}",65532,2523,3.8500274674967954,1475,6.861422524073126,157,0.7303344652742243,21497,21011,0,0.0,0,0.0,0,1568,7862,9430,0,9430,9430,1.0,0.0,56,1622,121,1688,56,1744,1767,1.033175355450237,3.3175355450236967
validation,stratum,flores200,bn,sp_unigram,65536,observed,485,158318,160235,59847,22517,7.116178887063108,0.3762427523518305,2,0.008882177910023537,7.116178887063108,6,18,43,"{""1"": 3019, ""10"": 1443, ""12"": 735, ""13"": 1465, ""15"": 317, ""16"": 731, ""18"": 151, ""19"": 465, ""2"": 122, ""21"": 133, ""22"": 224, ""24"": 50, ""25"": 138, ""27"": 18, ""28"": 53, ""3"": 5303, ""30"": 7, ""31"": 15, ""33"": 7, ""34"": 4, ""36"": 1, ""4"": 412, ""42"": 5, ""43"": 2, ""5"": 7, ""6"": 4573, ""7"": 1062, ""8"": 1, ""9"": 2054}",65532,1467,2.2386009888298846,1449,6.435137895812053,127,0.5640182972864947,22517,22032,0,0.0,0,0.0,32,2429,6140,8537,32,8569,8569,1.0037483893639452,0.374838936394518,68,1127,96,1155,60,1223,1283,1.058874458874459,5.194805194805195
validation,stratum,flores200,fa,sp_unigram,65536,observed,523,114142,114142,63254,21240,5.373917137476459,0.3357890410092642,2,0.009416195856873822,5.373917137476459,5,11,26,"{""1"": 2253, ""10"": 204, ""11"": 1284, ""12"": 78, ""13"": 339, ""14"": 103, ""15"": 141, ""16"": 104, ""17"": 9, ""18"": 12, ""19"": 1, ""2"": 2786, ""22"": 5, ""26"": 1, ""3"": 1211, ""4"": 3433, ""5"": 3048, ""6"": 1555, ""7"": 2174, ""8"": 579, ""9"": 1920}",65532,2368,3.613501800647012,1425,6.709039548022599,174,0.8192090395480226,21240,20717,0,0.0,0,0.0,0,1536,9861,11397,0,11397,11397,1.0,0.0,24,1232,136,1345,24,1369,1379,1.0178438661710036,1.7843866171003717
validation,stratum,flores200,gu,sp_unigram,65536,observed,461,144544,144544,55214,22363,6.463533515181326,0.40502408809359947,2,0.008943343916290302,6.463533515181326,6,16,33,"{""1"": 3267, ""10"": 1622, ""12"": 399, ""13"": 1206, ""15"": 294, ""16"": 628, ""18"": 81, ""19"": 360, ""2"": 144, ""21"": 9, ""22"": 117, ""24"": 10, ""25"": 16, ""27"": 2, ""28"": 18, ""3"": 4625, ""30"": 1, ""31"": 11, ""33"": 2, ""4"": 752, ""5"": 17, ""6"": 5159, ""7"": 1690, ""9"": 1933}",65532,1446,2.2065555759018496,1504,6.725394625050306,177,0.7914859365916916,22363,21902,0,0.0,0,0.0,25,2149,6574,8698,25,8723,8723,1.002874223959531,0.28742239595309266,64,1105,104,1146,57,1210,1266,1.0558464223385688,4.973821989528796
validation,stratum,flores200,hi,sp_unigram,65536,observed,465,148508,148664,57809,21817,6.8141357656873085,0.37739798301302563,2,0.009167163221341156,6.8141357656873085,6,16,34,"{""1"": 2529, ""10"": 1964, ""12"": 323, ""13"": 1322, ""15"": 172, ""16"": 536, ""18"": 78, ""19"": 305, ""2"": 134, ""21"": 85, ""22"": 87, ""24"": 14, ""25"": 61, ""27"": 1, ""28"": 23, ""3"": 3893, ""30"": 4, ""31"": 2, ""33"": 3, ""34"": 1, ""4"": 652, ""5"": 22, ""6"": 4095, ""7"": 4150, ""8"": 2, ""9"": 1359}",65532,1691,2.5804187267289262,583,2.672228079020947,61,0.2795984782509053,21817,21352,0,0.0,0,0.0,7,1647,9217,10857,7,10864,10864,1.0006447453255964,0.06447453255963895,13,1092,110,1189,12,1202,1225,1.0109335576114382,1.0092514718250631
validation,stratum,flores200,ja,sp_unigram,65536,observed,498,79586,79352,27145,19294,4.112781175494972,0.7107754650948609,60,0.3109775059604022,4.112781175494972,3,9,27,"{""1"": 365, ""10"": 2, ""12"": 427, ""15"": 135, ""18"": 21, ""2"": 150, ""21"": 10, ""24"": 6, ""27"": 3, ""3"": 13759, ""4"": 31, ""5"": 10, ""6"": 3371, ""7"": 4, ""9"": 1000}",65532,2416,3.6867484587682355,1399,7.250958847310044,288,1.4926920286099306,19294,18796,0,0.0,0,0.0,0,9,22,31,0,31,31,1.0,0.0,8,1644,21,1657,8,1665,1683,1.0048280024140013,0.4828002414001207
validation,stratum,flores200,kn,sp_unigram,65536,observed,502,183506,183479,67713,25524,7.188489265005485,0.3769438660227726,2,0.007835762419683435,7.188489265005485,6,18,34,"{""1"": 3747, ""10"": 935, ""12"": 1164, ""13"": 1019, ""15"": 942, ""16"": 901, ""18"": 595, ""19"": 357, ""2"": 208, ""21"": 266, ""22"": 139, ""24"": 117, ""25"": 56, ""27"": 48, ""28"": 36, ""3"": 5128, ""30"": 5, ""31"": 10, ""33"": 27, ""34"": 8, ""4"": 1056, ""5"": 21, ""6"": 5762, ""7"": 572, ""8"": 1, ""9"": 2404}",65532,1574,2.401879997558445,723,2.8326281147155616,56,0.21940134775113618,25524,25022,0,0.0,0,0.0,358,2509,5269,7420,337,7778,7778,1.0482479784366576,4.54177897574124,16,1208,119,1312,16,1328,1345,1.0121951219512195,1.2195121951219512
validation,stratum,flores200,ko,sp_unigram,65536,observed,515,77684,77684,32348,21611,3.5946508722409884,0.6680783974279708,33,0.15270001388181945,3.5946508722409884,3,7,16,"{""1"": 4381, ""10"": 298, ""12"": 78, ""13"": 135, ""15"": 11, ""16"": 3, ""2"": 252, ""3"": 10491, ""4"": 1633, ""5"": 30, ""6"": 2171, ""7"": 1707, ""8"": 4, ""9"": 417}",65532,2282,3.4822682048464872,2200,10.18000092545463,366,1.6935819721438157,21611,21096,0,0.0,0,0.0,2,3101,3970,7069,1,7071,7071,1.000282925449144,0.014146272457207525,48,1154,60,1166,46,1214,1257,1.0411663807890223,3.9451114922813035
validation,stratum,flores200,ml,sp_unigram,65536,observed,503,200513,200492,72763,26995,7.427005000926098,0.3709989967428501,0,0.0,7.427005000926098,6,19,40,"{""1"": 3729, ""10"": 697, ""12"": 2027, ""13"": 389, ""15"": 1043, ""16"": 432, ""18"": 655, ""19"": 438, ""2"": 162, ""21"": 252, ""22"": 124, ""24"": 283, ""25"": 106, ""27"": 193, ""28"": 101, ""3"": 6106, ""30"": 52, ""31"": 36, ""33"": 11, ""34"": 21, ""36"": 24, ""37"": 22, ""4"": 1220, ""40"": 5, ""5"": 24, ""6"": 5097, ""7"": 663, ""8"": 1, ""9"": 3082}",65532,1476,2.252334737227614,2980,11.039081311353954,232,0.8594184108168179,26995,26492,0,0.0,0,0.0,56,2504,4424,6872,47,6928,6928,1.0081490104772992,0.6839348079161816,55,1237,97,1280,50,1335,1392,1.04296875,3.90625
validation,stratum,flores200,mr,sp_unigram,65536,observed,505,171557,171557,64243,22928,7.482423237962317,0.3568949146210482,2,0.008722958827634334,7.482423237962317,6,19,39,"{""1"": 3112, ""10"": 1476, ""12"": 935, ""13"": 1405, ""15"": 583, ""16"": 707, ""18"": 296, ""19"": 539, ""2"": 167, ""21"": 144, ""22"": 293, ""24"": 68, ""25"": 143, ""27"": 1, ""28"": 48, ""3"": 4327, ""30"": 7, ""31"": 25, ""33"": 3, ""36"": 2, ""39"": 2, ""4"": 592, ""5"": 13, ""6"": 4660, ""7"": 1418, ""9"": 1962}",65532,1901,2.900872856009278,966,4.213189113747383,68,0.29658060013956733,22928,22423,0,0.0,0,0.0,35,1951,6831,8747,34,8782,8782,1.0040013718989367,0.3887046987538585,79,1170,103,1194,73,1273,1356,1.0661641541038527,6.11390284757119
validation,stratum,flores200,ru,sp_unigram,65536,observed,494,124731,124729,68235,23055,5.410062893081761,0.33787645636403607,2,0.008674907829104316,5.410062893081761,4,14,29,"{""1"": 3311, ""10"": 496, ""11"": 858, ""12"": 219, ""13"": 529, ""14"": 118, ""15"": 348, ""16"": 53, ""17"": 235, ""18"": 37, ""19"": 161, ""2"": 3222, ""20"": 6, ""21"": 136, ""22"": 7, ""23"": 40, ""25"": 18, ""26"": 3, ""27"": 17, ""29"": 4, ""3"": 1412, ""4"": 4337, ""5"": 1598, ""6"": 2923, ""7"": 1069, ""8"": 1199, ""9"": 699}",65532,2841,4.335286577549899,1906,8.267187161136412,180,0.7807417046193884,23055,22561,0,0.0,0,0.0,9,1686,7294,8971,9,8980,8980,1.0010032326385019,0.10032326385018392,26,1618,187,1780,25,1806,1856,1.0146067415730338,1.404494382022472
validation,stratum,flores200,sw,sp_unigram,65536,observed,500,66996,66996,66926,18074,3.7067610932831694,0.2700594686668858,2,0.011065619121389841,3.7067610932831694,3,8,13,"{""1"": 3364, ""10"": 139, ""11"": 44, ""12"": 21, ""13"": 7, ""2"": 2152, ""3"": 4785, ""4"": 2150, ""5"": 1802, ""6"": 1301, ""7"": 1413, ""8"": 615, ""9"": 281}",65532,2910,4.440578648599158,1411,7.806794290140533,158,0.8741839105897975,18074,17574,0,0.0,0,0.0,0,760,9030,9790,0,9790,9790,1.0,0.0,13,1147,117,1252,13,1265,1305,1.0103833865814698,1.038338658146965
validation,stratum,flores200,ta,sp_unigram,65536,observed,498,197237,197234,72334,24248,8.134031672715276,0.33522271684131943,0,0.0,8.134031672715276,6,21,46,"{""1"": 3443, ""10"": 799, ""11"": 1, ""12"": 1800, ""13"": 772, ""15"": 855, ""16"": 622, ""18"": 553, ""19"": 551, ""2"": 162, ""21"": 249, ""22"": 464, ""24"": 124, ""25"": 152, ""27"": 100, ""28"": 95, ""3"": 3242, ""30"": 28, ""31"": 44, ""33"": 12, ""34"": 32, ""36"": 7, ""37"": 2, ""4"": 1100, ""40"": 5, ""46"": 1, ""5"": 20, ""6"": 5021, ""7"": 740, ""8"": 3, ""9"": 3249}",65532,1442,2.200451687725081,1933,7.97179148795777,143,0.5897393599472122,24248,23750,0,0.0,0,0.0,47,2030,5559,7542,44,7589,7589,1.0062317687616018,0.5833996287456908,84,1402,119,1443,76,1527,1604,1.0582120582120582,5.2668052668052665
validation,stratum,flores200,te,sp_unigram,65536,observed,495,169262,169259,63608,25085,6.7474187761610525,0.39436863287636775,2,0.007972892166633447,6.7474187761610525,6,18,37,"{""1"": 4174, ""10"": 671, ""11"": 2, ""12"": 1162, ""13"": 877, ""15"": 488, ""16"": 595, ""18"": 380, ""19"": 449, ""2"": 261, ""21"": 117, ""22"": 207, ""24"": 51, ""25"": 154, ""27"": 12, ""28"": 65, ""3"": 4153, ""30"": 17, ""31"": 29, ""33"": 2, ""34"": 8, ""37"": 3, ""4"": 1052, ""5"": 41, ""6"": 7514, ""7"": 586, ""8"": 5, ""9"": 2010}",65532,1716,2.61856802783373,1217,4.851504883396452,150,0.5979669124975084,25085,24590,0,0.0,0,0.0,104,2880,4945,7721,95,7825,7825,1.0134697578033933,1.2304105685791995,83,1270,113,1300,71,1383,1489,1.0638461538461539,5.461538461538462
validation,stratum,flores200,uk,sp_unigram,65536,observed,516,120968,120966,66197,23568,5.132637474541752,0.35602821880145624,2,0.008486082824168364,5.132637474541752,4,13,27,"{""1"": 3487, ""10"": 566, ""11"": 698, ""12"": 276, ""13"": 520, ""14"": 112, ""15"": 236, ""16"": 31, ""17"": 211, ""18"": 31, ""19"": 85, ""2"": 3314, ""20"": 22, ""21"": 34, ""22"": 1, ""23"": 26, ""25"": 13, ""27"": 2, ""3"": 1415, ""4"": 4685, ""5"": 1740, ""6"": 2930, ""7"": 1225, ""8"": 1088, ""9"": 820}",65532,2636,4.022462308490509,2197,9.321961982348947,251,1.0650033944331296,23568,23052,0,0.0,0,0.0,6,1768,7180,8942,6,8948,8948,1.000670990829792,0.06709908297919928,22,1735,179,1892,22,1914,1957,1.0116279069767442,1.1627906976744187
validation,stratum,flores200,ur,sp_unigram,65536,observed,498,112125,112125,62990,22286,5.031185497621825,0.3538021908239403,2,0.008974243919949745,5.031185497621825,5,11,19,"{""1"": 1967, ""10"": 105, ""11"": 803, ""12"": 20, ""13"": 214, ""14"": 14, ""15"": 61, ""16"": 1, ""17"": 14, ""18"": 1, ""19"": 4, ""2"": 3531, ""3"": 583, ""4"": 3939, ""5"": 4484, ""6"": 1203, ""7"": 3086, ""8"": 317, ""9"": 1939}",65532,2087,3.184703656229018,439,1.969846540428969,40,0.17948487839899488,22286,21788,0,0.0,0,0.0,4,1729,11224,12949,3,12953,12953,1.0003089041624835,0.02316781218626921,28,693,475,1140,28,1168,1169,1.024561403508772,2.456140350877193
validation,stratum,flores200,yo,sp_unigram,65536,observed,487,80134,79356,59988,28369,2.797278719729282,0.47291124891645,17,0.05992456554689979,2.797278719729282,2,6,16,"{""1"": 8537, ""10"": 155, ""11"": 13, ""12"": 24, ""13"": 4, ""14"": 1, ""16"": 1, ""2"": 5991, ""3"": 6373, ""4"": 2826, ""5"": 2256, ""6"": 1058, ""7"": 416, ""8"": 615, ""9"": 99}",65532,1893,2.8886650796557407,4078,14.374845782368078,935,3.295851105079488,28369,27882,0,0.0,0,0.0,0,3009,8623,11632,0,11632,11632,1.0,0.0,4,1194,114,1305,4,1309,1355,1.0030651340996168,0.3065134099616858
validation,stratum,flores200,zh,sp_unigram,65536,observed,487,58268,56546,21068,17267,3.2748016447558927,0.819584203531422,132,0.7644640064863613,3.2748016447558927,3,6,11,"{""1"": 1476, ""10"": 3, ""11"": 1, ""2"": 324, ""3"": 12780, ""4"": 112, ""5"": 46, ""6"": 2447, ""7"": 10, ""8"": 1, ""9"": 67}",65532,2763,4.216260758102911,1587,9.190942259801934,335,1.9401169861585683,17267,16780,0,0.0,0,0.0,0,306,268,574,0,574,574,1.0,0.0,34,1698,86,1750,34,1784,1846,1.0194285714285714,1.9428571428571428
train,stratum,code,c,boundary_bpe,16384,observed,32,269690,269690,269687,143870,1.8745395148397859,0.5334702822160504,0,0.0,1.8745395148397859,1,5,32,"{""1"": 86814, ""10"": 122, ""11"": 42, ""12"": 4, ""16"": 19, ""2"": 27710, ""3"": 12687, ""32"": 83, ""4"": 6838, ""5"": 3776, ""6"": 3195, ""7"": 1522, ""8"": 873, ""9"": 185}",16380,2646,16.153846153846153,34,0.02363244595815667,0,0.0,143870,143838,0,0.0,0,0.0,29207,58507,0,29300,6906,58507,58507,1.996825938566553,23.56996587030717,979,18609,9530,27272,722,28251,37462,1.0358976239366382,2.647403930771487
train,stratum,code,cpp,boundary_bpe,16384,observed,32,735578,735578,735574,327876,2.2434639924849638,0.44574169288202137,0,0.0,2.2434639924849638,1,6,32,"{""1"": 175701, ""10"": 50, ""11"": 707, ""12"": 529, ""14"": 740, ""16"": 67, ""17"": 915, ""18"": 57, ""2"": 69376, ""21"": 38, ""23"": 689, ""3"": 30062, ""30"": 486, ""32"": 101, ""4"": 17856, ""5"": 10518, ""6"": 12629, ""7"": 5364, ""8"": 1411, ""9"": 580}",16380,3012,18.388278388278387,48,0.014639680854957362,0,0.0,327876,327844,0,0.0,0,0.0,48859,106124,0,57265,15772,106124,106124,1.8532087662621148,27.542128699903955,3180,48539,29284,79901,2677,83081,108024,1.0397992515738226,3.350396115192551
train,stratum,code,go,boundary_bpe,16384,observed,32,514454,514454,514451,241549,2.129812170615486,0.46952771012205247,0,0.0,2.129812170615486,1,6,12,"{""1"": 130971, ""10"": 43, ""11"": 98, ""12"": 121, ""2"": 41129, ""3"": 27664, ""4"": 17904, ""5"": 9087, ""6"": 7309, ""7"": 4392, ""8"": 1855, ""9"": 976}",16380,2901,17.71062271062271,41,0.016973781717167118,0,0.0,241549,241517,0,0.0,0,0.0,32809,90448,0,57639,14446,90448,90448,1.5692152882596853,25.06289144502854,2199,30580,15771,44581,1832,46780,55727,1.0493259460308204,4.109373948543102
train,stratum,code,java,boundary_bpe,16384,observed,32,175611,175539,174303,93460,1.8782259790284614,0.5361927218693884,0,0.0,1.8782259790284614,1,5,32,"{""1"": 61774, ""10"": 88, ""11"": 25, ""16"": 15, ""2"": 10507, ""3"": 7520, ""32"": 8, ""4"": 6302, ""5"": 2776, ""6"": 2535, ""7"": 1315, ""8"": 318, ""9"": 277}",16380,2168,13.235653235653235,21,0.02246950567087524,0,0.0,93460,93428,0,0.0,0,0.0,37625,49454,0,11829,3943,49454,49454,4.180742243638515,33.333333333333336,2143,12038,3420,13893,1596,16036,22783,1.154250341898798,11.487799611315051
train,stratum,code,javascript,boundary_bpe,16384,observed,32,112493,112471,110533,58065,1.936984414018772,0.5253182307546163,0,0.0,1.936984414018772,1,6,18,"{""1"": 32847, ""10"": 7, ""11"": 19, ""18"": 3, ""2"": 12932, ""3"": 4972, ""4"": 2583, ""5"": 1641, ""6"": 1931, ""7"": 751, ""8"": 280, ""9"": 99}",16380,2176,13.284493284493285,44,0.0757771463015586,0,0.0,58065,58033,0,0.0,0,0.0,13008,21564,0,8556,1999,21564,21564,2.520336605890603,23.36372136512389,1141,8772,5685,13681,1046,14822,18756,1.0834003362327316,7.645639938600979
train,stratum,code,python,boundary_bpe,16384,observed,32,193155,193153,192883,102905,1.8770030610757495,0.5335099516287075,0,0.0,1.8770030610757495,1,5,32,"{""1"": 67783, ""10"": 21, ""11"": 70, ""12"": 2, ""16"": 12, ""2"": 12507, ""3"": 8077, ""32"": 36, ""4"": 5784, ""5"": 3901, ""6"": 2771, ""7"": 1209, ""8"": 541, ""9"": 191}",16380,2543,15.525030525030525,36,0.03498372285117341,0,0.0,102905,102873,0,0.0,0,0.0,37539,53313,0,15774,3949,53313,53313,3.3798022061620387,25.03486750348675,884,11361,4813,15569,691,16453,20660,1.056779497719828,4.438306891900572
train,stratum,code,rust,boundary_bpe,16384,observed,32,405448,405448,405437,231207,1.7536147261977362,0.5702661572574778,0,0.0,1.7536147261977362,1,5,32,"{""1"": 154974, ""10"": 45, ""11"": 275, ""16"": 24, ""2"": 30558, ""3"": 20745, ""32"": 2, ""4"": 10860, ""5"": 6795, ""6"": 4087, ""7"": 1803, ""8"": 709, ""9"": 330}",16380,2894,17.66788766788767,60,0.02595077138667947,0,0.0,231207,231175,0,0.0,0,0.0,79383,119816,0,40433,9101,119816,119816,2.963322038928598,22.508841787648702,3120,31841,11226,40473,2280,43593,61490,1.0770884293232525,5.633385219776147
train,stratum,code,sql,boundary_bpe,16384,observed,32,962841,962820,962198,472904,2.0359734745318288,0.4914830419518644,0,0.0,2.0359734745318288,2,5,32,"{""1"": 221430, ""10"": 1529, ""11"": 620, ""12"": 1353, ""13"": 861, ""16"": 51, ""2"": 152456, ""3"": 45540, ""32"": 31, ""4"": 21582, ""5"": 14073, ""6"": 6276, ""7"": 4540, ""8"": 676, ""9"": 1886}",16380,2565,15.659340659340659,59,0.012476105086867525,0,0.0,472904,472872,0,0.0,0,0.0,12724,127526,0,114802,2130,127526,127526,1.1108343060225432,1.8553683733732862,1869,59432,81880,151826,1047,153695,212438,1.0123101445075284,0.6896052059594536
train,stratum,code,typescript,boundary_bpe,16384,observed,32,734901,734901,727952,409811,1.7932681162779915,0.5629643163285492,0,0.0,1.7932681162779915,1,5,32,"{""1"": 292963, ""10"": 1456, ""11"": 46, ""13"": 1220, ""14"": 1220, ""16"": 36, ""2"": 51062, ""3"": 23764, ""32"": 210, ""4"": 13728, ""5"": 8362, ""6"": 5612, ""7"": 2521, ""8"": 3320, ""9"": 4291}",16380,3207,19.57875457875458,55,0.013420820817401192,0,0.0,409811,409779,0,0.0,0,0.0,164961,232361,0,67400,19932,232361,232361,3.447492581602374,29.572700296735906,3131,35844,20122,53480,3002,56611,77045,1.0585452505609574,5.613313388182498
train,stratum,cyrillic_african,am,boundary_bpe,16384,observed,32,390554,390552,158149,134101,2.912372018105756,0.8479408658922915,0,0.0,2.912372018105756,3,6,12,"{""1"": 32132, ""12"": 156, ""2"": 2038, ""3"": 83220, ""4"": 372, ""5"": 364, ""6"": 14205, ""7"": 33, ""8"": 186, ""9"": 1395}",16380,1302,7.948717948717949,150,0.11185598914251199,0,0.0,134101,134069,0,0.0,0,0.0,0,29475,0,29475,0,29475,29475,1.0,0.0,207,4293,1417,5507,194,5714,7214,1.0375885236971127,3.5227891774105684
train,stratum,cyrillic_african,bg,boundary_bpe,16384,observed,32,249249,249242,140975,83563,2.9826837236576,0.5927504876751197,0,0.0,2.9826837236576,3,6,10,"{""1"": 25202, ""10"": 372, ""2"": 16547, ""3"": 1382, ""4"": 30573, ""5"": 452, ""6"": 6874, ""7"": 8, ""8"": 2149, ""9"": 4}",16380,1194,7.289377289377289,12,0.014360422675107403,0,0.0,83563,83531,0,0.0,0,0.0,0,21662,0,21662,0,21662,21662,1.0,0.0,114,3030,1632,4555,95,4669,5410,1.0250274423710208,2.0856201975850714
train,stratum,cyrillic_african,ru,boundary_bpe,16384,observed,32,231857,231855,128599,75009,3.091029076510819,0.5832782525525082,0,0.0,3.091029076510819,3,6,12,"{""1"": 20082, ""10"": 332, ""11"": 3, ""12"": 116, ""2"": 17038, ""3"": 1067, ""4"": 25990, ""5"": 216, ""6"": 8303, ""7"": 3, ""8"": 1859}",16380,991,6.05006105006105,1,0.0013331733525310295,0,0.0,75009,74977,0,0.0,0,0.0,0,17172,0,17172,0,17172,17172,1.0,0.0,132,2764,1263,3902,113,4034,4584,1.0338288057406457,2.8959507944643774
train,stratum,cyrillic_african,sw,boundary_bpe,16384,observed,32,302841,302851,302208,159444,1.8994192318306113,0.5275968869123253,0,0.0,1.8994192318306113,2,4,11,"{""1"": 71957, ""11"": 3, ""2"": 48241, ""3"": 28068, ""4"": 7825, ""5"": 1448, ""6"": 1705, ""7"": 177, ""8"": 14, ""9"": 6}",16380,2036,12.42979242979243,48,0.03010461353202378,0,0.0,159444,159412,0,0.0,0,0.0,5,44634,0,44629,5,44634,44634,1.0001120347755943,0.011203477559434448,129,3447,3765,7131,126,7260,8300,1.018090029448885,1.766933108960875
train,stratum,cyrillic_african,uk,boundary_bpe,16384,observed,32,184737,184724,102382,61768,2.9906100246082112,0.6033091754409955,0,0.0,2.9906100246082112,2,6,10,"{""1"": 16170, ""10"": 253, ""2"": 15236, ""3"": 887, ""4"": 22379, ""5"": 171, ""6"": 5428, ""7"": 1, ""8"": 1242, ""9"": 1}",16380,870,5.311355311355311,1,0.0016189612744463152,0,0.0,61768,61736,0,0.0,0,0.0,0,13725,0,13725,0,13725,13725,1.0,0.0,113,2610,1089,3601,110,3714,4222,1.031380172174396,3.0547070258261595
train,stratum,cyrillic_african,yo,boundary_bpe,16384,observed,32,145697,145693,125826,70239,2.0742465012315097,0.5582232606933384,0,0.0,2.0742465012315097,2,5,15,"{""1"": 33902, ""10"": 136, ""11"": 42, ""15"": 36, ""2"": 16572, ""3"": 10150, ""4"": 5153, ""5"": 1243, ""6"": 2203, ""7"": 628, ""8"": 172, ""9"": 2}",16380,1625,9.920634920634921,38,0.05410099802104244,0,0.0,70239,70207,0,0.0,0,0.0,0,24259,0,24259,0,24259,24259,1.0,0.0,40,1869,1559,3401,39,3441,4073,1.0117612466921493,1.1467215524845633
train,stratum,indic_cjk_arabic,ar,boundary_bpe,16384,observed,32,215274,215273,120548,79087,2.72197706323416,0.6560623154262203,0,0.0,2.72197706323416,2,6,14,"{""1"": 21362, ""14"": 3, ""2"": 25852, ""3"": 661, ""4"": 23898, ""5"": 129, ""6"": 6753, ""7"": 5, ""8"": 424}",16380,890,5.433455433455434,23,0.02908189715123851,0,0.0,79087,79055,0,0.0,0,0.0,0,19769,0,19769,0,19769,19769,1.0,0.0,111,2263,888,3044,109,3155,3756,1.0364651773981604,3.5808147174770038
train,stratum,indic_cjk_arabic,bn,boundary_bpe,16384,observed,32,274908,278982,106840,72281,3.8596865012935626,0.6765350056158742,0,0.0,3.8596865012935626,3,9,15,"{""1"": 17030, ""11"": 1, ""12"": 683, ""15"": 102, ""2"": 607, ""3"": 28623, ""4"": 146, ""5"": 266, ""6"": 20053, ""7"": 8, ""8"": 14, ""9"": 4748}",16380,730,4.456654456654457,29,0.04012119367468629,0,0.0,72281,72249,0,0.0,0,0.0,0,15587,0,15587,0,15587,15587,1.0,0.0,61,2133,575,2650,55,2711,3073,1.0230188679245282,2.0754716981132075
train,stratum,indic_cjk_arabic,fa,boundary_bpe,16384,observed,32,198722,198737,111850,71417,2.782768808546985,0.6385069289226643,0,0.0,2.782768808546985,2,6,14,"{""1"": 22449, ""14"": 61, ""2"": 17960, ""3"": 756, ""4"": 22826, ""5"": 326, ""6"": 5871, ""7"": 353, ""8"": 720, ""9"": 95}",16380,786,4.798534798534798,8,0.011201814693980424,0,0.0,71417,71385,0,0.0,0,0.0,0,21334,0,21334,0,21334,21334,1.0,0.0,72,1634,892,2455,52,2527,2939,1.0293279022403259,2.1181262729124235
train,stratum,indic_cjk_arabic,gu,boundary_bpe,16384,observed,32,266235,266235,106404,73496,3.6224420376619135,0.6907259125596782,0,0.0,3.6224420376619135,3,9,15,"{""1"": 19976, ""12"": 440, ""15"": 72, ""2"": 1091, ""3"": 27750, ""4"": 229, ""5"": 90, ""6"": 20214, ""7"": 439, ""8"": 11, ""9"": 3184}",16380,928,5.665445665445666,20,0.02721236529879177,0,0.0,73496,73464,0,0.0,0,0.0,0,17922,0,17922,0,17922,17922,1.0,0.0,147,1703,1068,2641,126,2788,3439,1.0556607345702385,4.770920106020447
train,stratum,indic_cjk_arabic,hi,boundary_bpe,16384,observed,32,342431,342710,137684,93429,3.6681330207965406,0.6785755788617414,0,0.0,3.6681330207965406,3,9,15,"{""1"": 28943, ""10"": 3, ""11"": 54, ""12"": 578, ""15"": 1, ""2"": 1046, ""3"": 28267, ""4"": 222, ""5"": 185, ""6"": 29776, ""7"": 170, ""8"": 16, ""9"": 4168}",16380,1093,6.672771672771673,14,0.014984640743238182,0,0.0,93429,93397,0,0.0,0,0.0,0,26486,0,26486,0,26486,26486,1.0,0.0,64,2444,1157,3542,56,3606,4124,1.018068887634105,1.5810276679841897
train,stratum,indic_cjk_arabic,ja,boundary_bpe,16384,observed,32,323403,318463,134867,111682,2.8515159112480077,0.8280898959715868,0,0.0,2.8515159112480077,3,6,12,"{""1"": 19936, ""10"": 1, ""11"": 1, ""12"": 88, ""2"": 6846, ""3"": 75270, ""4"": 711, ""5"": 174, ""6"": 7803, ""7"": 117, ""8"": 18, ""9"": 717}",16380,3656,22.31990231990232,1289,1.1541698751813183,0,0.0,111682,111650,0,0.0,0,0.0,2,10440,0,10438,2,10440,10440,1.0001916075876605,0.019160758766047135,752,6982,1743,7979,663,8731,9129,1.0942473994234867,8.309311943852613
train,stratum,indic_cjk_arabic,kn,boundary_bpe,16384,observed,32,458253,457719,180531,119967,3.815374227912676,0.6645229905113249,0,0.0,3.815374227912676,3,9,18,"{""1"": 29273, ""10"": 169, ""12"": 2400, ""15"": 923, ""18"": 289, ""2"": 3374, ""3"": 48717, ""4"": 656, ""5"": 70, ""6"": 27927, ""7"": 17, ""8"": 13, ""9"": 6139}",16380,1296,7.912087912087912,26,0.02167262663899239,0,0.0,119967,119935,0,0.0,0,0.0,0,21048,0,21048,0,21048,21048,1.0,0.0,48,2457,1506,3917,43,3965,4606,1.01225427623181,1.0977789124329844
train,stratum,indic_cjk_arabic,ko,boundary_bpe,16384,observed,32,201347,201183,86266,78945,2.548394451833555,0.9151345837293952,0,0.0,2.548394451833555,3,3,11,"{""1"": 21960, ""10"": 225, ""11"": 1, ""2"": 1275, ""3"": 52746, ""4"": 549, ""5"": 64, ""6"": 1722, ""7"": 147, ""8"": 7, ""9"": 249}",16380,1804,11.013431013431013,1009,1.278105009816961,0,0.0,78945,78913,0,0.0,0,0.0,1,19010,0,19009,1,19010,19010,1.000052606660003,0.00526066600031564,140,2614,1599,4078,130,4218,4926,1.034330554193232,3.1878371750858263
train,stratum,indic_cjk_arabic,ml,boundary_bpe,16384,observed,32,188792,188704,72486,44408,4.249324446045757,0.6126424412990095,0,0.0,4.249324446045757,3,12,18,"{""1"": 8512, ""12"": 2042, ""15"": 128, ""18"": 60, ""2"": 945, ""3"": 19322, ""4"": 324, ""5"": 89, ""6"": 8531, ""7"": 88, ""8"": 14, ""9"": 4353}",16380,825,5.0366300366300365,15,0.03377769771212394,0,0.0,44408,44376,0,0.0,0,0.0,0,7272,0,7272,0,7272,7272,1.0,0.0,48,1013,845,1810,42,1858,2245,1.0265193370165746,2.320441988950276
train,stratum,indic_cjk_arabic,mr,boundary_bpe,16384,observed,32,362326,362338,142528,90261,4.014336202789687,0.6332860911540189,0,0.0,4.014336202789687,3,9,15,"{""1"": 23195, ""10"": 245, ""11"": 1, ""12"": 2268, ""15"": 231, ""2"": 1303, ""3"": 29467, ""4"": 457, ""5"": 102, ""6"": 27998, ""7"": 128, ""8"": 22, ""9"": 4844}",16380,1123,6.8559218559218555,22,0.024373760538881687,0,0.0,90261,90229,0,0.0,0,0.0,0,20316,0,20316,0,20316,20316,1.0,0.0,100,2613,1344,3871,93,3971,4615,1.0258331180573494,2.4024799793335054
train,stratum,indic_cjk_arabic,ta,boundary_bpe,16384,observed,32,239434,239341,90715,52918,4.522865565592048,0.5833434382406437,0,0.0,4.522865565592048,3,9,18,"{""1"": 11421, ""10"": 44, ""12"": 1561, ""15"": 600, ""18"": 218, ""2"": 752, ""3"": 18260, ""4"": 189, ""5"": 39, ""6"": 13169, ""7"": 202, ""8"": 6, ""9"": 6457}",16380,747,4.56043956043956,18,0.0340148909633773,0,0.0,52918,52886,0,0.0,0,0.0,0,9822,0,9822,0,9822,9822,1.0,0.0,109,1517,877,2292,87,2401,3003,1.0475567190226875,3.7958115183246073
train,stratum,indic_cjk_arabic,te,boundary_bpe,16384,observed,32,300221,300203,115621,76064,3.946715923432899,0.6578735696802483,0,0.0,3.946715923432899,3,9,12,"{""1"": 16413, ""10"": 382, ""12"": 895, ""2"": 1314, ""3"": 28639, ""4"": 205, ""5"": 67, ""6"": 24593, ""7"": 13, ""8"": 6, ""9"": 3537}",16380,912,5.5677655677655675,20,0.026293647454774926,0,0.0,76064,76032,0,0.0,0,0.0,0,14088,0,14088,0,14088,14088,1.0,0.0,101,2042,1152,3096,89,3197,3944,1.0326227390180878,2.8746770025839794
train,stratum,indic_cjk_arabic,ur,boundary_bpe,16384,observed,32,431064,430336,244935,158227,2.719738097796204,0.6459958764570192,0,0.0,2.719738097796204,2,6,14,"{""1"": 53751, ""10"": 172, ""14"": 130, ""2"": 38294, ""3"": 1219, ""4"": 49723, ""5"": 87, ""6"": 12658, ""7"": 21, ""8"": 2170, ""9"": 2}",16380,1105,6.746031746031746,45,0.028440152439217076,0,0.0,158227,158195,0,0.0,0,0.0,0,51869,0,51869,0,51869,51869,1.0,0.0,375,3934,1853,5415,343,5790,6704,1.0692520775623269,6.334256694367498
train,stratum,indic_cjk_arabic,zh,boundary_bpe,16384,observed,32,616082,612143,250435,184799,3.3124800458876944,0.7379120330624713,0,0.0,3.3124800458876944,3,7,15,"{""1"": 34870, ""10"": 701, ""11"": 2, ""12"": 3722, ""15"": 699, ""2"": 7118, ""3"": 110032, ""4"": 2644, ""5"": 166, ""6"": 20611, ""7"": 1199, ""8"": 20, ""9"": 3015}",16380,4739,28.931623931623932,2875,1.5557443492659593,0,0.0,184799,184767,0,0.0,0,0.0,0,22179,0,22179,0,22179,22179,1.0,0.0,497,7134,1386,8042,439,8539,8899,1.0618005471275802,5.4588410843073865
train,stratum,latin_english,en,boundary_bpe,16384,observed,32,128944,128943,128062,56573,2.279232142541495,0.4417625837484968,0,0.0,2.279232142541495,2,6,11,"{""1"": 26305, ""10"": 67, ""11"": 36, ""2"": 10031, ""3"": 9216, ""4"": 5618, ""5"": 2500, ""6"": 1473, ""7"": 750, ""8"": 391, ""9"": 186}",16380,3278,20.012210012210012,437,0.772453290438902,0,0.0,56573,56541,0,0.0,0,0.0,9,20624,0,20615,9,20624,20624,1.0004365753092408,0.043657530924084406,101,1749,1963,3650,96,3751,4258,1.0276712328767124,2.6301369863013697
validation,stratum,flores200,am,boundary_bpe,16384,observed,500,109651,109651,42703,37087,2.956588562029822,0.8684869915462614,5,0.013481813034216842,2.956588562029822,3,6,12,"{""1"": 8332, ""12"": 2, ""2"": 264, ""3"": 23748, ""4"": 20, ""5"": 10, ""6"": 4335, ""8"": 1, ""9"": 375}",16380,610,3.724053724053724,55,0.14829994337638525,16,0.043141801709493895,37087,36587,0,0.0,0,0.0,0,7974,0,7974,0,7974,7974,1.0,0.0,21,1145,34,1159,20,1180,1212,1.0181190681622088,1.7256255392579811
validation,stratum,flores200,ar,boundary_bpe,16384,observed,500,99690,99690,54980,36415,2.7376081285184677,0.6623317570025464,0,0.0,2.7376081285184677,2,6,8,"{""1"": 9677, ""2"": 11909, ""3"": 49, ""4"": 11493, ""6"": 3110, ""8"": 177}",16380,527,3.2173382173382175,26,0.07139914870245778,17,0.046684058766991623,36415,35915,0,0.0,0,0.0,0,8843,0,8843,0,8843,8843,1.0,0.0,25,1183,68,1226,24,1251,1299,1.0203915171288744,1.9575856443719413
validation,stratum,flores200,bg,boundary_bpe,16384,observed,486,114716,114709,63267,37348,3.0713558958980403,0.5903235494017418,2,0.00535503909178537,3.0713558958980403,4,6,10,"{""1"": 10794, ""10"": 185, ""2"": 7013, ""3"": 320, ""4"": 14474, ""5"": 217, ""6"": 3331, ""8"": 1014}",16380,665,4.05982905982906,4,0.01071007818357074,2,0.00535503909178537,37348,36862,0,0.0,0,0.0,0,9430,0,9430,0,9430,9430,1.0,0.0,48,1390,346,1688,48,1736,1767,1.028436018957346,2.843601895734597
validation,stratum,flores200,bn,boundary_bpe,16384,observed,485,158318,160235,59847,40233,3.982675912807894,0.672264273898441,2,0.004971043670618646,3.982675912807894,3,9,15,"{""1"": 9225, ""12"": 548, ""15"": 50, ""2"": 139, ""3"": 15838, ""4"": 9, ""6"": 11320, ""9"": 3104}",16380,345,2.1062271062271063,6,0.01491313101185594,3,0.00745656550592797,40233,39748,0,0.0,0,0.0,32,8569,0,8537,32,8569,8569,1.0037483893639452,0.374838936394518,51,1186,20,1155,47,1206,1283,1.044155844155844,4.06926406926407
validation,stratum,flores200,fa,boundary_bpe,16384,observed,523,114142,114142,63254,39821,2.8663770372416564,0.6295412147848357,2,0.005022475578212501,2.8663770372416564,2,6,14,"{""1"": 11936, ""14"": 32, ""2"": 9753, ""3"": 457, ""4"": 13142, ""5"": 318, ""6"": 3208, ""7"": 466, ""8"": 368, ""9"": 141}",16380,741,4.523809523809524,4,0.010044951156425001,2,0.005022475578212501,39821,39298,0,0.0,0,0.0,0,11397,0,11397,0,11397,11397,1.0,0.0,25,1021,349,1345,25,1370,1379,1.0185873605947955,1.858736059479554
validation,stratum,flores200,gu,boundary_bpe,16384,observed,461,144544,144544,55214,38452,3.759076250910226,0.6964175752526534,2,0.005201289919900136,3.759076250910226,3,9,15,"{""1"": 9616, ""12"": 312, ""15"": 42, ""2"": 227, ""3"": 15053, ""4"": 12, ""6"": 11083, ""7"": 284, ""9"": 1823}",16380,349,2.1306471306471306,24,0.062415479038801625,24,0.062415479038801625,38452,37991,0,0.0,0,0.0,25,8723,0,8698,25,8723,8723,1.002874223959531,0.28742239595309266,41,867,320,1146,37,1187,1266,1.0357766143106457,3.2286212914485164
validation,stratum,flores200,hi,boundary_bpe,16384,observed,465,148508,148664,57809,39735,3.7413866868000505,0.6873497206317355,2,0.005033345916698125,3.7413866868000505,3,9,12,"{""1"": 11779, ""12"": 257, ""2"": 151, ""3"": 12501, ""4"": 21, ""5"": 4, ""6"": 13048, ""7"": 81, ""9"": 1893}",16380,437,2.6678876678876677,5,0.012583364791745313,2,0.005033345916698125,39735,39270,0,0.0,0,0.0,7,10864,0,10857,7,10864,10864,1.0006447453255964,0.06447453255963895,18,1045,162,1189,16,1207,1225,1.015138772077376,1.3456686291000841
validation,stratum,flores200,ja,boundary_bpe,16384,observed,498,79586,79352,27145,24075,3.2960332294911736,0.8869036655000921,60,0.24922118380062305,3.2960332294911736,3,6,9,"{""1"": 460, ""2"": 211, ""3"": 20942, ""4"": 19, ""5"": 2, ""6"": 2137, ""9"": 304}",16380,1631,9.957264957264957,712,2.9574247144340604,225,0.9345794392523364,24075,23577,0,0.0,0,0.0,0,31,0,31,0,31,31,1.0,0.0,26,1123,560,1657,26,1683,1683,1.015691007845504,1.5691007845503924
validation,stratum,flores200,kn,boundary_bpe,16384,observed,502,183506,183479,67713,44491,4.123957654357061,0.6570525600697059,2,0.004495291182486346,4.123957654357061,3,9,18,"{""1"": 8884, ""10"": 96, ""12"": 1062, ""15"": 510, ""18"": 187, ""2"": 223, ""3"": 19326, ""4"": 198, ""5"": 1, ""6"": 11794, ""9"": 2210}",16380,403,2.4603174603174605,8,0.017981164729945383,3,0.0067429367737295185,44491,43989,0,0.0,0,0.0,358,7778,0,7420,337,7778,7778,1.0482479784366576,4.54177897574124,7,997,322,1312,7,1319,1345,1.0053353658536586,0.5335365853658537
validation,stratum,flores200,ko,boundary_bpe,16384,observed,515,77684,77684,32348,29648,2.6202104695089043,0.9165327068134043,33,0.11130599028602267,2.6202104695089043,3,3,10,"{""1"": 7890, ""10"": 224, ""2"": 371, ""3"": 19956, ""4"": 251, ""5"": 7, ""6"": 790, ""7"": 133, ""9"": 26}",16380,1250,7.631257631257632,772,2.603885590933621,206,0.6948192120885052,29648,29133,0,0.0,0,0.0,2,7071,0,7069,1,7071,7071,1.000282925449144,0.014146272457207525,28,585,609,1166,28,1194,1257,1.0240137221269296,2.4013722126929675
validation,stratum,flores200,ml,boundary_bpe,16384,observed,503,200513,200492,72763,45576,4.399069685799543,0.6263622995203606,0,0.0,4.399069685799543,3,12,18,"{""1"": 8115, ""12"": 2720, ""15"": 221, ""18"": 56, ""2"": 215, ""3"": 20594, ""4"": 106, ""5"": 1, ""6"": 9691, ""7"": 43, ""9"": 3814}",16380,371,2.264957264957265,22,0.04827101983500088,7,0.015358960856591188,45576,45073,0,0.0,0,0.0,56,6928,0,6872,47,6928,6928,1.0081490104772992,0.6839348079161816,38,1153,164,1280,36,1318,1392,1.0296875,2.8125
validation,stratum,flores200,mr,boundary_bpe,16384,observed,505,171557,171557,64243,40833,4.201430215756863,0.635602322432016,2,0.004897999167340142,4.201430215756863,3,9,15,"{""1"": 9754, ""10"": 109, ""12"": 1205, ""15"": 225, ""2"": 200, ""3"": 13450, ""4"": 112, ""6"": 13392, ""7"": 73, ""9"": 2313}",16380,439,2.68009768009768,9,0.02204099625303064,3,0.007346998751010212,40833,40328,0,0.0,0,0.0,35,8782,0,8747,34,8782,8782,1.0040013718989367,0.3887046987538585,56,945,305,1194,52,1250,1356,1.0469011725293131,4.355108877721943
validation,stratum,flores200,ru,boundary_bpe,16384,observed,494,124731,124729,68235,39763,3.136810602821719,0.5827361324833297,2,0.005029801574327893,3.136810602821719,3,6,12,"{""1"": 10439, ""10"": 178, ""12"": 101, ""2"": 9070, ""3"": 374, ""4"": 13829, ""5"": 78, ""6"": 4611, ""8"": 1083}",16380,725,4.426129426129426,3,0.007544702361491839,3,0.007544702361491839,39763,39269,0,0.0,0,0.0,9,8980,0,8971,9,8980,8980,1.0010032326385019,0.10032326385018392,2,1445,337,1780,2,1782,1856,1.001123595505618,0.11235955056179775
validation,stratum,flores200,sw,boundary_bpe,16384,observed,500,66996,66996,66926,35159,1.905514946386416,0.5253414218689298,2,0.0056884439261639975,1.905514946386416,2,4,9,"{""1"": 15385, ""2"": 11113, ""3"": 6421, ""4"": 1528, ""5"": 270, ""6"": 437, ""7"": 3, ""8"": 1, ""9"": 1}",16380,1237,7.551892551892552,21,0.05972866122472198,4,0.011376887852327995,35159,34659,0,0.0,0,0.0,0,9790,0,9790,0,9790,9790,1.0,0.0,22,708,565,1252,21,1274,1305,1.0175718849840256,1.6773162939297124
validation,stratum,flores200,ta,boundary_bpe,16384,observed,498,197237,197234,72334,42592,4.630775732531931,0.5888240661376393,0,0.0,4.630775732531931,3,9,18,"{""1"": 8818, ""10"": 61, ""12"": 1114, ""15"": 447, ""18"": 187, ""2"": 273, ""3"": 14746, ""4"": 21, ""5"": 3, ""6"": 10822, ""7"": 174, ""9"": 5926}",16380,387,2.3626373626373627,23,0.0540007513148009,0,0.0,42592,42094,0,0.0,0,0.0,47,7589,0,7542,44,7589,7589,1.0062317687616018,0.5833996287456908,49,1215,275,1443,46,1492,1604,1.0339570339570339,3.187803187803188
validation,stratum,flores200,te,boundary_bpe,16384,observed,495,169262,169259,63608,42074,4.022888244521558,0.6614576782794617,2,0.004753529495650521,4.022888244521558,3,9,12,"{""1"": 9008, ""10"": 247, ""12"": 461, ""2"": 456, ""3"": 15600, ""4"": 32, ""5"": 9, ""6"": 13995, ""9"": 2266}",16380,579,3.5347985347985347,70,0.16637353234776822,67,0.15924323810429244,42074,41579,0,0.0,0,0.0,104,7825,0,7721,95,7825,7825,1.0134697578033933,1.2304105685791995,57,1066,289,1300,49,1357,1489,1.0438461538461539,3.769230769230769
validation,stratum,flores200,uk,boundary_bpe,16384,observed,516,120968,120966,66197,39984,3.025360144057623,0.6040152877018596,2,0.005002000800320128,3.025360144057623,3,6,12,"{""1"": 10481, ""10"": 129, ""12"": 1, ""2"": 9280, ""3"": 342, ""4"": 15198, ""5"": 81, ""6"": 3688, ""8"": 784}",16380,632,3.8583638583638584,2,0.005002000800320128,2,0.005002000800320128,39984,39468,0,0.0,0,0.0,6,8948,0,8942,6,8948,8948,1.000670990829792,0.06709908297919928,3,1559,336,1892,3,1895,1957,1.001585623678647,0.15856236786469344
validation,stratum,flores200,ur,boundary_bpe,16384,observed,498,112125,112125,62990,40873,2.743253492525628,0.648880774726147,2,0.0048932057837692364,2.743253492525628,2,6,14,"{""1"": 13322, ""10"": 59, ""14"": 23, ""2"": 10156, ""3"": 66, ""4"": 13553, ""5"": 1, ""6"": 3190, ""8"": 503}",16380,607,3.705738705738706,4,0.009786411567538473,2,0.0048932057837692364,40873,40375,0,0.0,0,0.0,4,12953,0,12949,3,12953,12953,1.0003089041624835,0.02316781218626921,28,906,261,1140,28,1168,1169,1.024561403508772,2.456140350877193
validation,stratum,flores200,yo,boundary_bpe,16384,observed,487,80134,79356,59988,44945,1.7656246523528758,0.7492331799693271,17,0.037824007119813104,1.7656246523528758,2,4,15,"{""1"": 21378, ""10"": 3, ""15"": 1, ""2"": 17081, ""3"": 3576, ""4"": 2035, ""5"": 535, ""6"": 161, ""7"": 138, ""8"": 37}",16380,1182,7.216117216117216,115,0.25586828345755924,59,0.1312715541217043,44945,44458,0,0.0,0,0.0,0,11632,0,11632,0,11632,11632,1.0,0.0,21,966,360,1305,21,1326,1355,1.0160919540229885,1.6091954022988506
validation,stratum,flores200,zh,boundary_bpe,16384,observed,487,58268,56546,21068,20188,2.8009708737864076,0.958230491741029,132,0.6538537745195165,2.8009708737864076,3,3,6,"{""1"": 1905, ""2"": 462, ""3"": 17705, ""4"": 44, ""5"": 6, ""6"": 66}",16380,2175,13.27838827838828,960,4.755300178323757,271,1.3423816128393105,20188,19701,0,0.0,0,0.0,0,574,0,574,0,574,574,1.0,0.0,74,1767,57,1750,72,1824,1846,1.0422857142857143,4.114285714285714
train,stratum,code,c,boundary_bpe,32768,observed,32,269690,269690,269687,127338,2.117906673577408,0.4721695891904319,0,0.0,2.117906673577408,1,6,76,"{""1"": 75085, ""10"": 379, ""11"": 156, ""12"": 15, ""13"": 16, ""16"": 6, ""2"": 19719, ""24"": 1, ""27"": 1, ""3"": 11280, ""32"": 13, ""4"": 7277, ""42"": 1, ""5"": 4614, ""6"": 4221, ""64"": 14, ""7"": 2198, ""76"": 24, ""8"": 1644, ""9"": 674}",32764,3989,12.17494811378342,334,0.2622940520504484,0,0.0,127338,127306,0,0.0,0,0.0,29207,58507,0,29300,6906,58507,58507,1.996825938566553,23.56996587030717,672,14116,12976,27272,588,27944,37462,1.0246406570841888,2.1560574948665296
train,stratum,code,cpp,boundary_bpe,32768,observed,32,735578,735578,735574,277628,2.649509415476825,0.37743041488687745,0,0.0,2.649509415476825,1,7,64,"{""1"": 146547, ""10"": 1212, ""11"": 377, ""12"": 84, ""13"": 488, ""14"": 624, ""15"": 383, ""16"": 224, ""17"": 687, ""18"": 287, ""2"": 47635, ""21"": 38, ""23"": 225, ""27"": 1, ""28"": 130, ""29"": 237, ""3"": 22510, ""30"": 263, ""32"": 247, ""33"": 48, ""4"": 15779, ""42"": 2, ""47"": 178, ""5"": 10775, ""6"": 14616, ""62"": 226, ""64"": 47, ""7"": 8577, ""8"": 3014, ""9"": 2167}",32764,4823,14.720424856549872,409,0.14731943463915742,0,0.0,277628,277596,0,0.0,0,0.0,48859,106124,0,57265,15772,106124,106124,1.8532087662621148,27.542128699903955,1901,36033,36342,79901,1680,81802,108024,1.0237919425288795,2.102601969937798
train,stratum,code,go,boundary_bpe,32768,observed,32,514454,514454,514451,213313,2.411732993300924,0.4146420164408272,0,0.0,2.411732993300924,1,7,42,"{""1"": 116228, ""10"": 426, ""11"": 666, ""12"": 354, ""13"": 130, ""14"": 205, ""16"": 56, ""2"": 27707, ""3"": 20500, ""4"": 15620, ""42"": 8, ""5"": 10358, ""6"": 9258, ""7"": 6182, ""8"": 3941, ""9"": 1674}",32764,4625,14.116103039921866,629,0.2948718549736772,0,0.0,213313,213281,0,0.0,0,0.0,32809,90448,0,57639,14446,90448,90448,1.5692152882596853,25.06289144502854,1107,23771,20201,44581,1018,45688,55727,1.0248312061191989,2.2834839954240596
train,stratum,code,java,boundary_bpe,32768,observed,32,175611,175539,174303,84820,2.069547276585711,0.48662386763280036,0,0.0,2.069547276585711,1,6,64,"{""1"": 56945, ""10"": 359, ""11"": 131, ""12"": 4, ""13"": 10, ""14"": 125, ""16"": 15, ""2"": 6869, ""20"": 29, ""3"": 5524, ""4"": 5735, ""42"": 4, ""5"": 2940, ""6"": 2589, ""64"": 4, ""7"": 1840, ""8"": 1246, ""9"": 451}",32764,2796,8.533756562080333,214,0.25229898608818674,0,0.0,84820,84788,0,0.0,0,0.0,37625,49454,0,11829,3943,49454,49454,4.180742243638515,33.333333333333336,1089,9113,5002,13893,948,14982,22783,1.0783847980997625,6.823580220254804
train,stratum,code,javascript,boundary_bpe,32768,observed,32,112493,112471,110533,52550,2.1402664129400573,0.47542362914242803,0,0.0,2.1402664129400573,1,6,26,"{""1"": 28666, ""10"": 101, ""11"": 66, ""12"": 1, ""13"": 6, ""14"": 73, ""16"": 176, ""18"": 3, ""2"": 11176, ""26"": 2, ""3"": 4492, ""4"": 2553, ""5"": 1738, ""6"": 2036, ""7"": 813, ""8"": 434, ""9"": 214}",32764,2769,8.451349041631058,214,0.4072312083729781,0,0.0,52550,52518,0,0.0,0,0.0,13008,21564,0,8556,1999,21564,21564,2.520336605890603,23.36372136512389,542,6723,6591,13681,484,14223,18756,1.0396169870623493,3.537753088224545
train,stratum,code,python,boundary_bpe,32768,observed,32,193155,193153,192883,94400,2.046112288135593,0.4894158635027452,0,0.0,2.046112288135593,1,6,64,"{""1"": 62533, ""10"": 172, ""11"": 191, ""12"": 18, ""13"": 5, ""14"": 21, ""16"": 43, ""2"": 9138, ""24"": 1, ""3"": 6104, ""32"": 10, ""4"": 5032, ""42"": 2, ""48"": 2, ""5"": 4320, ""6"": 3487, ""64"": 12, ""7"": 1920, ""8"": 935, ""9"": 454}",32764,3618,11.042607740202662,370,0.3919491525423729,0,0.0,94400,94368,0,0.0,0,0.0,37539,53313,0,15774,3949,53313,53313,3.3798022061620387,25.03486750348675,676,8273,7463,15569,571,16245,20660,1.0434196159033977,3.6675444794142207
train,stratum,code,rust,boundary_bpe,32768,observed,32,405448,405448,405437,211741,1.9148299101260502,0.5222537656898606,0,0.0,1.9148299101260502,1,6,64,"{""1"": 141515, ""10"": 415, ""11"": 598, ""12"": 134, ""13"": 18, ""14"": 17, ""16"": 34, ""2"": 23074, ""3"": 17549, ""32"": 12, ""4"": 10030, ""42"": 3, ""5"": 7597, ""6"": 5307, ""64"": 1, ""7"": 3021, ""8"": 1626, ""9"": 790}",32764,4506,13.75289952386766,579,0.2734472775702391,0,0.0,211741,211709,0,0.0,0,0.0,79383,119816,0,40433,9101,119816,119816,2.963322038928598,22.508841787648702,1963,23834,16838,40473,1450,42436,61490,1.0485014701158797,3.5826353371383393
train,stratum,code,sql,boundary_bpe,32768,observed,32,962841,962820,962198,392404,2.453644713101803,0.4078204278121551,0,0.0,2.453644713101803,2,7,64,"{""1"": 170283, ""10"": 3415, ""11"": 743, ""12"": 1228, ""13"": 1276, ""14"": 739, ""15"": 487, ""16"": 5, ""17"": 160, ""18"": 163, ""19"": 320, ""2"": 108637, ""20"": 333, ""24"": 44, ""27"": 174, ""3"": 46305, ""32"": 27, ""4"": 19770, ""48"": 2, ""5"": 14230, ""6"": 9472, ""64"": 1, ""7"": 7667, ""8"": 3240, ""9"": 3683}",32764,3916,11.952142595531681,386,0.09836800848105524,0,0.0,392404,392372,0,0.0,0,0.0,12724,127526,0,114802,2130,127526,127526,1.1108343060225432,1.8553683733732862,788,34357,95569,151826,613,152614,212438,1.005190151884394,0.40375166308800864
train,stratum,code,typescript,boundary_bpe,32768,observed,32,734901,734901,727952,376686,1.950964463770886,0.5174599424137856,0,0.0,1.950964463770886,1,7,64,"{""1"": 270633, ""10"": 1833, ""11"": 524, ""12"": 80, ""13"": 1709, ""14"": 1211, ""15"": 57, ""16"": 251, ""18"": 61, ""2"": 35882, ""21"": 129, ""3"": 21432, ""32"": 12, ""4"": 13160, ""42"": 2, ""48"": 19, ""5"": 9480, ""56"": 15, ""6"": 7059, ""64"": 82, ""7"": 4220, ""8"": 3612, ""9"": 5223}",32764,4882,14.90050054938347,454,0.12052478722331066,0,0.0,376686,376654,0,0.0,0,0.0,164961,232361,0,67400,19932,232361,232361,3.447492581602374,29.572700296735906,2263,26725,25043,53480,2218,55743,77045,1.0423148840688108,4.147344801795064
train,stratum,cyrillic_african,am,boundary_bpe,32768,observed,32,390554,390552,158149,113097,3.4532480967664925,0.7151294032842446,0,0.0,3.4532480967664925,3,9,21,"{""1"": 31469, ""10"": 2, ""11"": 61, ""12"": 906, ""13"": 1, ""15"": 401, ""18"": 6, ""2"": 1708, ""21"": 15, ""3"": 49118, ""4"": 445, ""5"": 377, ""6"": 23454, ""7"": 54, ""8"": 188, ""9"": 4892}",32764,1970,6.012696862409962,267,0.23608053264012308,0,0.0,113097,113065,0,0.0,0,0.0,0,29475,0,29475,0,29475,29475,1.0,0.0,148,3636,1947,5507,144,5655,7214,1.0268748865080806,2.6148538224078446
train,stratum,cyrillic_african,bg,boundary_bpe,32768,observed,32,249249,249242,140975,71682,3.477051421556318,0.5084731335343146,0,0.0,3.477051421556318,4,8,20,"{""1"": 23912, ""10"": 1779, ""11"": 1, ""12"": 644, ""14"": 106, ""16"": 79, ""18"": 14, ""2"": 9627, ""20"": 4, ""3"": 1607, ""4"": 19985, ""5"": 968, ""6"": 7835, ""7"": 148, ""8"": 4937, ""9"": 36}",32764,2250,6.867293370772799,121,0.16880109371948326,0,0.0,71682,71650,0,0.0,0,0.0,0,21662,0,21662,0,21662,21662,1.0,0.0,86,2094,2496,4555,77,4641,5410,1.018880351262349,1.690450054884742
train,stratum,cyrillic_african,ru,boundary_bpe,32768,observed,32,231857,231855,128599,63376,3.658403812168644,0.4928187621987729,0,0.0,3.658403812168644,4,8,20,"{""1"": 19126, ""10"": 1925, ""11"": 3, ""12"": 664, ""14"": 144, ""16"": 52, ""18"": 10, ""2"": 9504, ""20"": 13, ""3"": 1330, ""4"": 16344, ""5"": 596, ""6"": 9204, ""7"": 105, ""8"": 4327, ""9"": 29}",32764,2051,6.259919423757783,104,0.16409997475385005,0,0.0,63376,63344,0,0.0,0,0.0,0,17172,0,17172,0,17172,17172,1.0,0.0,70,2016,1929,3902,63,3972,4584,1.017939518195797,1.6145566376217324
train,stratum,cyrillic_african,sw,boundary_bpe,32768,observed,32,302841,302851,302208,134679,2.2486876201932002,0.4456500158831004,0,0.0,2.2486876201932002,2,5,13,"{""1"": 57305, ""10"": 139, ""11"": 29, ""12"": 1, ""13"": 127, ""2"": 32206, ""3"": 22061, ""4"": 11760, ""5"": 4741, ""6"": 4297, ""7"": 1138, ""8"": 789, ""9"": 86}",32764,3494,10.664143572213405,637,0.47297648482688465,0,0.0,134679,134647,0,0.0,0,0.0,5,44634,0,44629,5,44634,44634,1.0001120347755943,0.011203477559434448,120,2744,4433,7131,119,7251,8300,1.016827934371056,1.6687701584630488
train,stratum,cyrillic_african,uk,boundary_bpe,32768,observed,32,184737,184724,102382,52351,3.5285667895551183,0.5113301166220625,0,0.0,3.5285667895551183,4,8,18,"{""1"": 15450, ""10"": 1280, ""12"": 335, ""14"": 145, ""16"": 38, ""18"": 2, ""2"": 8477, ""3"": 1011, ""4"": 14924, ""5"": 527, ""6"": 6894, ""7"": 67, ""8"": 3180, ""9"": 21}",32764,1827,5.576242217067513,123,0.2349525319478138,0,0.0,52351,52319,0,0.0,0,0.0,0,13725,0,13725,0,13725,13725,1.0,0.0,51,1956,1643,3601,49,3652,4222,1.014162732574285,1.3607331296861982
train,stratum,cyrillic_african,yo,boundary_bpe,32768,observed,32,145697,145693,125826,61735,2.3599740827731432,0.49063786498815826,0,0.0,2.3599740827731432,2,6,18,"{""1"": 29693, ""10"": 193, ""11"": 192, ""12"": 25, ""13"": 59, ""15"": 36, ""18"": 2, ""2"": 11126, ""3"": 8046, ""4"": 5632, ""5"": 1914, ""6"": 2900, ""7"": 1178, ""8"": 470, ""9"": 269}",32764,2517,7.682212184104505,509,0.8244917793796064,0,0.0,61735,61703,0,0.0,0,0.0,0,24259,0,24259,0,24259,24259,1.0,0.0,28,1404,1978,3401,28,3429,4073,1.0082328726845045,0.8232872684504557
train,stratum,indic_cjk_arabic,ar,boundary_bpe,32768,observed,32,215274,215273,120548,69251,3.1085904896680194,0.5744682616053356,0,0.0,3.1085904896680194,2,6,16,"{""1"": 21019, ""10"": 438, ""12"": 82, ""13"": 1, ""14"": 56, ""16"": 8, ""2"": 14448, ""3"": 669, ""4"": 20974, ""5"": 209, ""6"": 9317, ""7"": 28, ""8"": 1995, ""9"": 7}",32764,1555,4.746062751800757,119,0.17183867380976448,0,0.0,69251,69219,0,0.0,0,0.0,0,19769,0,19769,0,19769,19769,1.0,0.0,78,1878,1202,3044,78,3122,3756,1.0256241787122207,2.562417871222076
train,stratum,indic_cjk_arabic,bn,boundary_bpe,32768,observed,32,274908,278982,106840,59404,4.696350414113527,0.5560089853987271,0,0.0,4.696350414113527,3,12,24,"{""1"": 16807, ""10"": 3, ""11"": 1, ""12"": 2898, ""13"": 24, ""15"": 943, ""18"": 231, ""2"": 546, ""21"": 174, ""24"": 30, ""3"": 14616, ""4"": 166, ""5"": 269, ""6"": 15566, ""7"": 60, ""8"": 26, ""9"": 7044}",32764,1120,3.418386033451349,103,0.17338899737391422,0,0.0,59404,59372,0,0.0,0,0.0,0,15587,0,15587,0,15587,15587,1.0,0.0,39,1737,946,2650,39,2689,3073,1.0147169811320755,1.471698113207547
train,stratum,indic_cjk_arabic,fa,boundary_bpe,32768,observed,32,198722,198737,111850,61082,3.253609901443961,0.5461063924899419,0,0.0,3.253609901443961,2,8,20,"{""1"": 22113, ""10"": 1109, ""11"": 31, ""12"": 219, ""13"": 27, ""14"": 103, ""2"": 9192, ""20"": 1, ""3"": 665, ""4"": 16204, ""5"": 297, ""6"": 7350, ""7"": 455, ""8"": 3057, ""9"": 259}",32764,1555,4.746062751800757,92,0.1506172031040241,0,0.0,61082,61050,0,0.0,0,0.0,0,21334,0,21334,0,21334,21334,1.0,0.0,66,1328,1173,2455,49,2521,2939,1.0268839103869654,1.9959266802443991
train,stratum,indic_cjk_arabic,gu,boundary_bpe,32768,observed,32,266235,266235,106404,62454,4.26289749255452,0.586951618360212,0,0.0,4.26289749255452,3,9,21,"{""1"": 19486, ""10"": 124, ""11"": 3, ""12"": 1603, ""15"": 494, ""18"": 201, ""2"": 902, ""21"": 57, ""3"": 14381, ""4"": 246, ""5"": 96, ""6"": 18336, ""7"": 544, ""8"": 49, ""9"": 5932}",32764,1351,4.12342815285069,94,0.15051077593108528,0,0.0,62454,62422,0,0.0,0,0.0,0,17922,0,17922,0,17922,17922,1.0,0.0,111,1380,1321,2641,102,2752,3439,1.042029534267323,3.8621734191594093
train,stratum,indic_cjk_arabic,hi,boundary_bpe,32768,observed,32,342431,342710,137684,79276,4.322998133104597,0.5757822259667064,0,0.0,4.322998133104597,3,12,24,"{""1"": 28228, ""10"": 194, ""11"": 56, ""12"": 3178, ""14"": 37, ""15"": 629, ""18"": 141, ""2"": 891, ""21"": 37, ""24"": 25, ""3"": 13098, ""4"": 286, ""5"": 179, ""6"": 24378, ""7"": 354, ""8"": 24, ""9"": 7541}",32764,1705,5.203882309852277,118,0.1488470659468187,0,0.0,79276,79244,0,0.0,0,0.0,0,26486,0,26486,0,26486,26486,1.0,0.0,39,1845,1729,3542,36,3581,4124,1.0110107284020327,1.0163749294184077
train,stratum,indic_cjk_arabic,ja,boundary_bpe,32768,observed,32,323403,318463,134867,96307,3.3067482114488045,0.7140886947881987,0,0.0,3.3067482114488045,3,6,21,"{""1"": 17286, ""10"": 6, ""11"": 6, ""12"": 744, ""13"": 1, ""15"": 266, ""18"": 98, ""2"": 6319, ""21"": 50, ""3"": 54328, ""4"": 779, ""5"": 288, ""6"": 13243, ""7"": 158, ""8"": 51, ""9"": 2684}",32764,4681,14.287022341594433,1624,1.6862741026093637,0,0.0,96307,96275,0,0.0,0,0.0,2,10440,0,10438,2,10440,10440,1.0001916075876605,0.019160758766047135,517,5979,2443,7979,469,8496,9129,1.0647950871036471,5.87792956510841
train,stratum,indic_cjk_arabic,kn,boundary_bpe,32768,observed,32,458253,457719,180531,99395,4.605050555862971,0.5505702621710399,0,0.0,4.605050555862971,3,12,24,"{""1"": 27564, ""10"": 340, ""11"": 1, ""12"": 4917, ""13"": 98, ""15"": 1879, ""16"": 47, ""18"": 611, ""19"": 122, ""2"": 3527, ""22"": 50, ""24"": 65, ""3"": 25397, ""4"": 432, ""5"": 101, ""6"": 23847, ""7"": 272, ""8"": 36, ""9"": 10089}",32764,1903,5.808204126480283,134,0.13481563458926504,0,0.0,99395,99363,0,0.0,0,0.0,0,21048,0,21048,0,21048,21048,1.0,0.0,33,1931,2002,3917,31,3950,4606,1.0084248149093693,0.791422006637733
train,stratum,indic_cjk_arabic,ko,boundary_bpe,32768,observed,32,201347,201183,86266,71461,2.8152838611270483,0.8283796629031136,0,0.0,2.8152838611270483,3,6,15,"{""1"": 21528, ""10"": 224, ""11"": 1, ""12"": 246, ""13"": 59, ""15"": 36, ""2"": 1137, ""3"": 39741, ""4"": 522, ""5"": 95, ""6"": 7069, ""7"": 270, ""8"": 16, ""9"": 517}",32764,2158,6.586497375167867,1150,1.60926939169617,0,0.0,71461,71429,0,0.0,0,0.0,1,19010,0,19009,1,19010,19010,1.000052606660003,0.00526066600031564,97,2135,1895,4078,91,4175,4926,1.023786169691025,2.2314860225600786
train,stratum,indic_cjk_arabic,ml,boundary_bpe,32768,observed,32,188792,188704,72486,36407,5.183179058972176,0.5022625058632012,0,0.0,5.183179058972176,3,12,28,"{""1"": 8145, ""10"": 21, ""12"": 2613, ""13"": 49, ""15"": 940, ""16"": 21, ""18"": 218, ""19"": 15, ""2"": 749, ""21"": 143, ""24"": 37, ""27"": 36, ""28"": 9, ""3"": 10091, ""4"": 383, ""5"": 138, ""6"": 8102, ""7"": 130, ""8"": 22, ""9"": 4545}",32764,1209,3.6900256378952507,92,0.25269865685170434,0,0.0,36407,36375,0,0.0,0,0.0,0,7272,0,7272,0,7272,7272,1.0,0.0,17,763,1063,1810,16,1827,2245,1.0093922651933702,0.8839779005524862
train,stratum,indic_cjk_arabic,mr,boundary_bpe,32768,observed,32,362326,362338,142528,75758,4.78283481612503,0.531530646609789,0,0.0,4.78283481612503,3,12,30,"{""1"": 22514, ""10"": 333, ""11"": 9, ""12"": 3896, ""13"": 158, ""15"": 941, ""18"": 696, ""2"": 961, ""21"": 145, ""24"": 87, ""27"": 52, ""3"": 15253, ""30"": 13, ""4"": 423, ""5"": 139, ""6"": 22255, ""7"": 245, ""8"": 36, ""9"": 7602}",32764,1765,5.387010133072885,129,0.17027904643733996,0,0.0,75758,75726,0,0.0,0,0.0,0,20316,0,20316,0,20316,20316,1.0,0.0,61,2143,1759,3871,58,3932,4615,1.0157582020149831,1.4983208473262724
train,stratum,indic_cjk_arabic,ta,boundary_bpe,32768,observed,32,239434,239341,90715,43271,5.5312102794019085,0.4769993937055614,0,0.0,5.5312102794019085,6,15,27,"{""1"": 11011, ""10"": 128, ""11"": 1, ""12"": 3367, ""15"": 1381, ""16"": 19, ""18"": 676, ""19"": 21, ""2"": 552, ""21"": 139, ""24"": 73, ""27"": 13, ""3"": 8546, ""4"": 269, ""5"": 78, ""6"": 10854, ""7"": 290, ""8"": 12, ""9"": 5841}",32764,1068,3.2596752533268223,84,0.19412539576159552,0,0.0,43271,43239,0,0.0,0,0.0,0,9822,0,9822,0,9822,9822,1.0,0.0,80,1211,1135,2292,72,2372,3003,1.0349040139616057,3.141361256544503
train,stratum,indic_cjk_arabic,te,boundary_bpe,32768,observed,32,300221,300203,115621,62401,4.810868415570264,0.5397029951306423,0,0.0,4.810868415570264,6,12,22,"{""1"": 15729, ""10"": 173, ""11"": 1, ""12"": 3062, ""13"": 41, ""15"": 715, ""16"": 75, ""18"": 320, ""19"": 94, ""2"": 1109, ""21"": 91, ""22"": 66, ""3"": 13952, ""4"": 239, ""5"": 110, ""6"": 20668, ""7"": 279, ""8"": 12, ""9"": 5665}",32764,1375,4.196679282138933,102,0.1634589189275813,0,0.0,62401,62369,0,0.0,0,0.0,0,14088,0,14088,0,14088,14088,1.0,0.0,42,1598,1536,3096,38,3138,3944,1.0135658914728682,1.227390180878553
train,stratum,indic_cjk_arabic,ur,boundary_bpe,32768,observed,32,431064,430336,244935,138991,3.0961429157283566,0.5674607548941556,0,0.0,3.0961429157283566,2,8,16,"{""1"": 53186, ""10"": 1465, ""11"": 1, ""12"": 441, ""13"": 2, ""14"": 243, ""16"": 2, ""2"": 20655, ""3"": 748, ""4"": 38121, ""5"": 115, ""6"": 17451, ""7"": 78, ""8"": 6475, ""9"": 8}",32764,1993,6.082895861311195,154,0.11079854091272097,0,0.0,138991,138959,0,0.0,0,0.0,0,51869,0,51869,0,51869,51869,1.0,0.0,82,3224,2259,5415,77,5497,6704,1.0151431209602955,1.4219759926131117
train,stratum,indic_cjk_arabic,zh,boundary_bpe,32768,observed,32,616082,612143,250435,161951,3.7798037678063117,0.6466787789246711,0,0.0,3.7798037678063117,3,9,21,"{""1"": 29972, ""10"": 1110, ""11"": 4, ""12"": 3415, ""13"": 340, ""15"": 1778, ""18"": 132, ""2"": 6363, ""21"": 742, ""3"": 84266, ""4"": 2561, ""5"": 285, ""6"": 23917, ""7"": 999, ""8"": 1292, ""9"": 4775}",32764,5354,16.341106092052254,3135,1.9357706960747387,0,0.0,161951,161919,0,0.0,0,0.0,0,22179,0,22179,0,22179,22179,1.0,0.0,335,5980,2353,8042,306,8377,8899,1.04165630440189,3.8050236259636905
train,stratum,latin_english,en,boundary_bpe,32768,observed,32,128944,128943,128062,50629,2.546820991921626,0.39534756602270776,0,0.0,2.546820991921626,2,7,13,"{""1"": 23746, ""10"": 226, ""11"": 99, ""12"": 25, ""13"": 17, ""2"": 6937, ""3"": 7231, ""4"": 4998, ""5"": 2734, ""6"": 1981, ""7"": 1362, ""8"": 779, ""9"": 494}",32764,5341,16.30142839702112,2615,5.1650239981038535,0,0.0,50629,50597,0,0.0,0,0.0,9,20624,0,20615,9,20624,20624,1.0004365753092408,0.043657530924084406,70,1258,2407,3650,66,3720,4258,1.0191780821917809,1.8082191780821917
validation,stratum,flores200,am,boundary_bpe,32768,observed,500,109651,109651,42703,31448,3.4867400152632917,0.7364353792473597,5,0.015899262274230476,3.4867400152632917,3,9,21,"{""1"": 8269, ""10"": 1, ""12"": 301, ""15"": 77, ""2"": 234, ""21"": 1, ""3"": 14504, ""4"": 30, ""5"": 10, ""6"": 6584, ""7"": 1, ""8"": 1, ""9"": 1435}",32764,1084,3.3085093395189844,88,0.2798270160264564,18,0.05723734418722971,31448,30948,0,0.0,0,0.0,0,7974,0,7974,0,7974,7974,1.0,0.0,20,889,289,1159,19,1179,1212,1.01725625539258,1.639344262295082
validation,stratum,flores200,ar,boundary_bpe,32768,observed,500,99690,99690,54980,31851,3.1298860318357353,0.5793197526373227,0,0.0,3.1298860318357353,2,6,16,"{""1"": 9512, ""10"": 204, ""12"": 25, ""14"": 32, ""16"": 8, ""2"": 6842, ""3"": 121, ""4"": 9685, ""5"": 56, ""6"": 4367, ""8"": 998, ""9"": 1}",32764,1084,3.3085093395189844,85,0.26686760227308404,18,0.05651313930488839,31851,31351,0,0.0,0,0.0,0,8843,0,8843,0,8843,8843,1.0,0.0,20,964,282,1226,19,1246,1299,1.0163132137030995,1.5497553017944534
validation,stratum,flores200,bg,boundary_bpe,32768,observed,486,114716,114709,63267,31868,3.5995042048449855,0.5037065136643115,2,0.006275888038157399,3.5995042048449855,4,8,20,"{""1"": 10277, ""10"": 919, ""12"": 276, ""14"": 44, ""16"": 42, ""18"": 3, ""2"": 3956, ""20"": 8, ""3"": 463, ""4"": 9321, ""5"": 452, ""6"": 3615, ""7"": 53, ""8"": 2429, ""9"": 10}",32764,1482,4.5232572335490175,71,0.22279402535458767,4,0.012551776076314799,31868,31382,0,0.0,0,0.0,0,9430,0,9430,0,9430,9430,1.0,0.0,46,932,801,1688,46,1734,1767,1.0272511848341233,2.7251184834123223
validation,stratum,flores200,bn,boundary_bpe,32768,observed,485,158318,160235,59847,33044,4.849140539886212,0.5521412936320952,2,0.006052536012589275,4.849140539886212,3,12,24,"{""1"": 9169, ""12"": 1998, ""13"": 1, ""15"": 508, ""18"": 80, ""2"": 136, ""21"": 71, ""24"": 26, ""3"": 7950, ""4"": 11, ""6"": 8684, ""7"": 29, ""9"": 4381}",32764,697,2.127334879746063,51,0.1543396683210265,7,0.021183876044062463,33044,32559,0,0.0,0,0.0,32,8569,0,8537,32,8569,8569,1.0037483893639452,0.374838936394518,50,976,229,1155,46,1205,1283,1.0432900432900434,3.982683982683983
validation,stratum,flores200,fa,boundary_bpe,32768,observed,523,114142,114142,63254,34152,3.3421761536659638,0.5399184241312802,2,0.005856172405715624,3.3421761536659638,4,8,16,"{""1"": 11714, ""10"": 512, ""11"": 37, ""12"": 100, ""13"": 46, ""14"": 46, ""16"": 2, ""2"": 4982, ""3"": 362, ""4"": 9522, ""5"": 234, ""6"": 4197, ""7"": 553, ""8"": 1539, ""9"": 306}",32764,1421,4.337077279941399,133,0.389435464980089,8,0.023424689622862496,34152,33629,0,0.0,0,0.0,0,11397,0,11397,0,11397,11397,1.0,0.0,24,775,594,1345,24,1369,1379,1.0178438661710036,1.7843866171003717
validation,stratum,flores200,gu,boundary_bpe,32768,observed,461,144544,144544,55214,32272,4.4789291026276645,0.5844894410837831,2,0.006197322756569162,4.4789291026276645,3,9,21,"{""1"": 9421, ""10"": 88, ""12"": 962, ""15"": 292, ""18"": 99, ""2"": 228, ""21"": 51, ""3"": 7427, ""4"": 18, ""6"": 9955, ""7"": 325, ""8"": 2, ""9"": 3404}",32764,688,2.0998657062629715,56,0.17352503718393653,34,0.10535448686167576,32272,31811,0,0.0,0,0.0,25,8723,0,8698,25,8723,8723,1.002874223959531,0.28742239595309266,26,713,457,1146,26,1172,1266,1.0226876090750436,2.268760907504363
validation,stratum,flores200,hi,boundary_bpe,32768,observed,465,148508,148664,57809,33608,4.423470602237562,0.581362763583525,2,0.005950964056177101,4.423470602237562,3,12,24,"{""1"": 11444, ""10"": 124, ""12"": 1307, ""15"": 274, ""18"": 73, ""2"": 131, ""21"": 18, ""24"": 14, ""3"": 5742, ""4"": 42, ""5"": 3, ""6"": 10991, ""7"": 232, ""9"": 3213}",32764,922,2.8140642168233425,37,0.11009283503927636,7,0.020828374196619853,33608,33143,0,0.0,0,0.0,7,10864,0,10857,7,10864,10864,1.0006447453255964,0.06447453255963895,12,701,499,1189,11,1201,1225,1.0100925147182507,0.9251471825063078
validation,stratum,flores200,ja,boundary_bpe,32768,observed,498,79586,79352,27145,21147,3.752399867593512,0.7790384969607662,60,0.2837281883955171,3.752399867593512,3,6,18,"{""1"": 373, ""12"": 238, ""15"": 51, ""18"": 1, ""2"": 208, ""3"": 16242, ""4"": 32, ""5"": 3, ""6"": 3312, ""9"": 687}",32764,1909,5.826516908802344,766,3.6222632051827683,230,1.0876247221828155,21147,20649,0,0.0,0,0.0,0,31,0,31,0,31,31,1.0,0.0,21,773,905,1657,21,1678,1683,1.0126735063367531,1.2673506336753169
validation,stratum,flores200,kn,boundary_bpe,32768,observed,502,183506,183479,67713,36161,5.073947070047842,0.5340333466247249,2,0.0055308204972207625,5.073947070047842,3,12,24,"{""1"": 8570, ""10"": 161, ""12"": 1903, ""13"": 35, ""15"": 962, ""16"": 57, ""18"": 355, ""19"": 60, ""2"": 212, ""22"": 31, ""24"": 13, ""3"": 9745, ""4"": 80, ""5"": 5, ""6"": 9785, ""7"": 127, ""8"": 1, ""9"": 4059}",32764,739,2.2555243560004885,12,0.03318492298332457,3,0.008296230745831143,36161,35659,0,0.0,0,0.0,358,7778,0,7420,337,7778,7778,1.0482479784366576,4.54177897574124,6,731,587,1312,6,1318,1345,1.0045731707317074,0.4573170731707317
validation,stratum,flores200,ko,boundary_bpe,32768,observed,515,77684,77684,32348,27131,2.863292912166894,0.8387226412761222,33,0.12163208138291991,2.863292912166894,3,6,13,"{""1"": 7689, ""10"": 233, ""13"": 58, ""2"": 352, ""3"": 15619, ""4"": 200, ""5"": 8, ""6"": 2606, ""7"": 209, ""8"": 2, ""9"": 155}",32764,1511,4.611769014772311,928,3.4204415613136265,211,0.777708156721094,27131,26616,0,0.0,0,0.0,2,7071,0,7069,1,7071,7071,1.000282925449144,0.014146272457207525,28,485,709,1166,28,1194,1257,1.0240137221269296,2.4013722126929675
validation,stratum,flores200,ml,boundary_bpe,32768,observed,503,200513,200492,72763,37174,5.393339430784957,0.5108915245385705,0,0.0,5.393339430784957,3,12,28,"{""1"": 7794, ""10"": 23, ""12"": 2749, ""13"": 50, ""15"": 989, ""16"": 87, ""18"": 244, ""19"": 18, ""2"": 207, ""21"": 191, ""24"": 117, ""27"": 33, ""28"": 11, ""3"": 10840, ""4"": 134, ""5"": 3, ""6"": 8871, ""7"": 88, ""8"": 1, ""9"": 4724}",32764,698,2.130387010133073,83,0.22327433152203152,8,0.021520417496099425,37174,36671,0,0.0,0,0.0,56,6928,0,6872,47,6928,6928,1.0081490104772992,0.6839348079161816,21,877,423,1280,21,1301,1392,1.01640625,1.640625
validation,stratum,flores200,mr,boundary_bpe,32768,observed,505,171557,171557,64243,34095,5.031734858483649,0.5307193001572156,2,0.00586596275113653,5.031734858483649,6,12,30,"{""1"": 9492, ""10"": 180, ""12"": 2044, ""13"": 63, ""15"": 577, ""18"": 395, ""2"": 215, ""21"": 68, ""24"": 43, ""27"": 28, ""3"": 7010, ""30"": 19, ""4"": 69, ""6"": 10359, ""7"": 160, ""9"": 3373}",32764,943,2.8781589549505555,45,0.13198416190057194,4,0.01173192550227306,34095,33590,0,0.0,0,0.0,35,8782,0,8747,34,8782,8782,1.0040013718989367,0.3887046987538585,37,743,488,1194,36,1231,1356,1.0309882747068677,3.0150753768844223
validation,stratum,flores200,ru,boundary_bpe,32768,observed,494,124731,124729,68235,33664,3.7051152566539924,0.4933538506631494,2,0.00594106463878327,3.7051152566539924,4,8,20,"{""1"": 9967, ""10"": 1039, ""12"": 383, ""14"": 102, ""16"": 51, ""18"": 6, ""2"": 5260, ""20"": 6, ""3"": 501, ""4"": 8624, ""5"": 298, ""6"": 5061, ""7"": 30, ""8"": 2305, ""9"": 31}",32764,1614,4.926138444634355,86,0.2554657794676806,9,0.026734790874524714,33664,33170,0,0.0,0,0.0,9,8980,0,8971,9,8980,8980,1.0010032326385019,0.10032326385018392,1,1029,751,1780,1,1781,1856,1.000561797752809,0.056179775280898875
validation,stratum,flores200,sw,boundary_bpe,32768,observed,500,66996,66996,66926,30383,2.2050488760161935,0.4539790216059528,2,0.0065826284435375046,2.2050488760161935,2,5,11,"{""1"": 12518, ""10"": 4, ""11"": 2, ""2"": 7674, ""3"": 5562, ""4"": 2474, ""5"": 864, ""6"": 938, ""7"": 250, ""8"": 85, ""9"": 12}",32764,2138,6.525454767427664,300,0.9873942665306257,33,0.10861336931836882,30383,29883,0,0.0,0,0.0,0,9790,0,9790,0,9790,9790,1.0,0.0,11,524,738,1252,11,1263,1305,1.0087859424920127,0.8785942492012779
validation,stratum,flores200,ta,boundary_bpe,32768,observed,498,197237,197234,72334,34707,5.682830552914398,0.4798158542317582,0,0.0,5.682830552914398,6,15,27,"{""1"": 8521, ""10"": 133, ""12"": 2344, ""15"": 1165, ""16"": 14, ""18"": 506, ""19"": 23, ""2"": 255, ""21"": 260, ""24"": 51, ""27"": 32, ""3"": 6654, ""4"": 83, ""5"": 3, ""6"": 9284, ""7"": 234, ""8"": 3, ""9"": 5142}",32764,690,2.105969967036992,47,0.1354193678508658,0,0.0,34707,34209,0,0.0,0,0.0,47,7589,0,7542,44,7589,7589,1.0062317687616018,0.5833996287456908,37,966,507,1443,36,1480,1604,1.0256410256410255,2.494802494802495
validation,stratum,flores200,te,boundary_bpe,32768,observed,495,169262,169259,63608,34370,4.924614489380273,0.5403408376304867,2,0.005819028222286878,4.924614489380273,6,12,22,"{""1"": 8695, ""10"": 127, ""12"": 1604, ""13"": 23, ""15"": 508, ""16"": 47, ""18"": 223, ""19"": 43, ""2"": 401, ""21"": 29, ""22"": 49, ""3"": 7338, ""4"": 67, ""5"": 20, ""6"": 11612, ""7"": 126, ""8"": 3, ""9"": 3455}",32764,955,2.914784519594677,139,0.404422461448938,73,0.21239453011347106,34370,33875,0,0.0,0,0.0,104,7825,0,7721,95,7825,7825,1.0134697578033933,1.2304105685791995,47,860,484,1300,42,1347,1489,1.0361538461538462,3.230769230769231
validation,stratum,flores200,uk,boundary_bpe,32768,observed,516,120968,120966,66197,33891,3.5692661768611136,0.5119718416242428,2,0.005901271724056534,3.5692661768611136,4,8,18,"{""1"": 10022, ""10"": 826, ""12"": 230, ""14"": 32, ""16"": 14, ""18"": 1, ""2"": 4940, ""3"": 498, ""4"": 10051, ""5"": 298, ""6"": 4834, ""7"": 18, ""8"": 2107, ""9"": 20}",32764,1468,4.480527408130875,176,0.519311911716975,5,0.014753179310141336,33891,33375,0,0.0,0,0.0,6,8948,0,8942,6,8948,8948,1.000670990829792,0.06709908297919928,2,1134,760,1892,2,1894,1957,1.0010570824524312,0.10570824524312897
validation,stratum,flores200,ur,boundary_bpe,32768,observed,498,112125,112125,62990,36315,3.08756712102437,0.5765200825527862,2,0.005507366102161641,3.08756712102437,2,8,16,"{""1"": 13267, ""10"": 335, ""12"": 49, ""14"": 31, ""16"": 4, ""2"": 5603, ""3"": 77, ""4"": 10860, ""5"": 3, ""6"": 4579, ""8"": 1507}",32764,1222,3.7297033329263827,36,0.09913258983890955,2,0.005507366102161641,36315,35817,0,0.0,0,0.0,4,12953,0,12949,3,12953,12953,1.0003089041624835,0.02316781218626921,28,723,443,1140,28,1168,1169,1.024561403508772,2.456140350877193
validation,stratum,flores200,yo,boundary_bpe,32768,observed,487,80134,79356,59988,39417,2.0132430169723725,0.6570814162832567,17,0.04312859933531218,2.0132430169723725,2,4,15,"{""1"": 17220, ""10"": 5, ""11"": 1, ""13"": 1, ""15"": 1, ""2"": 11972, ""3"": 5857, ""4"": 2677, ""5"": 849, ""6"": 331, ""7"": 443, ""8"": 48, ""9"": 12}",32764,1701,5.191673788304237,1673,4.244361569881016,171,0.4338229697846107,39417,38930,0,0.0,0,0.0,0,11632,0,11632,0,11632,11632,1.0,0.0,11,824,491,1305,11,1316,1355,1.0084291187739463,0.842911877394636
validation,stratum,flores200,zh,boundary_bpe,32768,observed,487,58268,56546,21068,19138,2.954645208485735,0.9083918739320296,132,0.689727244226147,2.954645208485735,3,4,10,"{""1"": 1567, ""10"": 1, ""2"": 428, ""3"": 16089, ""4"": 230, ""5"": 19, ""6"": 800, ""7"": 2, ""8"": 1, ""9"": 1}",32764,2338,7.135880844829691,1040,5.434214651478733,282,1.4735082035740412,19138,18651,0,0.0,0,0.0,0,574,0,574,0,574,574,1.0,0.0,41,1531,259,1750,39,1791,1846,1.0234285714285714,2.2285714285714286
train,stratum,code,c,boundary_bpe,65536,observed,32,269690,269690,269687,115977,2.325374858808212,0.43004297574595735,0,0.0,2.325374858808212,1,7,76,"{""1"": 69915, ""10"": 817, ""11"": 303, ""12"": 103, ""13"": 186, ""14"": 210, ""15"": 11, ""16"": 187, ""19"": 1, ""2"": 13690, ""22"": 53, ""24"": 16, ""27"": 41, ""3"": 8922, ""32"": 8, ""4"": 7134, ""42"": 1, ""5"": 4474, ""56"": 1, ""6"": 4935, ""64"": 12, ""7"": 2240, ""72"": 4, ""76"": 24, ""8"": 1932, ""9"": 757}",65532,4930,7.523042177867302,966,0.8329237693680643,0,0.0,115977,115945,0,0.0,0,0.0,29207,58507,0,29300,6906,58507,58507,1.996825938566553,23.56996587030717,375,11072,14057,27272,313,27647,37462,1.0137503666764447,1.1476972719272514
train,stratum,code,cpp,boundary_bpe,65536,observed,32,735578,735578,735574,249882,2.9437014270735786,0.3397102127046361,0,0.0,2.9437014270735786,1,8,80,"{""1"": 133173, ""10"": 1679, ""11"": 830, ""12"": 394, ""13"": 709, ""14"": 833, ""15"": 679, ""16"": 304, ""17"": 754, ""18"": 350, ""19"": 101, ""2"": 33819, ""20"": 174, ""21"": 133, ""22"": 110, ""23"": 300, ""24"": 75, ""25"": 140, ""27"": 1, ""28"": 30, ""29"": 237, ""3"": 19630, ""30"": 305, ""31"": 203, ""32"": 243, ""4"": 14904, ""42"": 2, ""46"": 48, ""47"": 178, ""5"": 10380, ""6"": 14777, ""62"": 226, ""64"": 9, ""7"": 7943, ""72"": 6, ""8"": 3641, ""80"": 39, ""9"": 2523}",65532,6424,9.802844411890375,1304,0.5218463114590086,0,0.0,249882,249850,0,0.0,0,0.0,48859,106124,0,57265,15772,106124,106124,1.8532087662621148,27.542128699903955,1340,28300,39455,79901,1234,81241,108024,1.0167707538078372,1.5444112088709778
train,stratum,code,go,boundary_bpe,65536,observed,32,514454,514454,514451,196827,2.6137369364975336,0.38259620449761006,0,0.0,2.6137369364975336,1,8,42,"{""1"": 108607, ""10"": 1035, ""11"": 814, ""12"": 599, ""13"": 292, ""14"": 267, ""15"": 107, ""16"": 101, ""17"": 184, ""18"": 53, ""19"": 1, ""2"": 21717, ""20"": 91, ""22"": 71, ""23"": 67, ""25"": 7, ""27"": 56, ""3"": 16338, ""4"": 13727, ""42"": 8, ""5"": 9364, ""6"": 9318, ""7"": 6971, ""8"": 4616, ""9"": 2416}",65532,5859,8.940670206921808,1642,0.8342351405040975,0,0.0,196827,196795,0,0.0,0,0.0,32809,90448,0,57639,14446,90448,90448,1.5692152882596853,25.06289144502854,786,18421,23486,44581,731,45367,55727,1.0176308292770462,1.639711984926314
train,stratum,code,java,boundary_bpe,65536,observed,32,175611,175539,174303,79633,2.2043499554204917,0.45686534368312653,0,0.0,2.2043499554204917,1,7,72,"{""1"": 55034, ""10"": 506, ""11"": 264, ""12"": 39, ""13"": 99, ""14"": 197, ""15"": 54, ""16"": 16, ""17"": 75, ""18"": 22, ""2"": 4969, ""20"": 54, ""22"": 33, ""26"": 29, ""3"": 4234, ""4"": 4328, ""42"": 4, ""5"": 2748, ""6"": 2887, ""64"": 2, ""7"": 1737, ""72"": 2, ""8"": 1582, ""9"": 718}",65532,3145,4.799182078984313,646,0.811221478532769,0,0.0,79633,79601,0,0.0,0,0.0,37625,49454,0,11829,3943,49454,49454,4.180742243638515,33.333333333333336,742,7074,6037,13893,643,14635,22783,1.053408191175412,4.628230043907004
train,stratum,code,javascript,boundary_bpe,65536,observed,32,112493,112471,110533,48769,2.3061986097726015,0.4412166502311527,0,0.0,2.3061986097726015,1,7,31,"{""1"": 26744, ""10"": 168, ""11"": 87, ""12"": 18, ""13"": 33, ""14"": 22, ""15"": 4, ""16"": 103, ""18"": 3, ""19"": 1, ""2"": 9398, ""21"": 9, ""22"": 38, ""23"": 70, ""25"": 55, ""26"": 2, ""3"": 4195, ""31"": 60, ""4"": 2408, ""5"": 1638, ""6"": 1887, ""7"": 1016, ""8"": 493, ""9"": 317}",65532,3208,4.895318317768418,639,1.3102585658922676,0,0.0,48769,48737,0,0.0,0,0.0,13008,21564,0,8556,1999,21564,21564,2.520336605890603,23.36372136512389,448,5392,7194,13681,404,14129,18756,1.0327461442876982,2.9530005116585043
train,stratum,code,python,boundary_bpe,65536,observed,32,193155,193153,192883,89661,2.1542588193305896,0.46484656501609783,0,0.0,2.1542588193305896,1,7,72,"{""1"": 60081, ""10"": 324, ""11"": 351, ""12"": 40, ""13"": 13, ""14"": 35, ""15"": 52, ""16"": 26, ""17"": 1, ""19"": 2, ""2"": 7094, ""24"": 1, ""3"": 5182, ""32"": 18, ""4"": 4604, ""42"": 2, ""48"": 2, ""5"": 4056, ""6"": 3475, ""64"": 11, ""7"": 2332, ""72"": 1, ""8"": 1201, ""9"": 757}",65532,4383,6.688335469694195,1093,1.2190361472658124,0,0.0,89661,89629,0,0.0,0,0.0,37539,53313,0,15774,3949,53313,53313,3.3798022061620387,25.03486750348675,539,6583,8722,15569,468,16108,20660,1.0346200783608452,3.0059734086967693
train,stratum,code,rust,boundary_bpe,65536,observed,32,405448,405448,405437,199490,2.0324226778284626,0.4920369872507936,0,0.0,2.0324226778284626,1,6,64,"{""1"": 135101, ""10"": 589, ""11"": 763, ""12"": 303, ""13"": 183, ""14"": 92, ""15"": 61, ""16"": 86, ""17"": 55, ""19"": 45, ""2"": 17439, ""23"": 61, ""3"": 15008, ""4"": 9686, ""42"": 3, ""5"": 7390, ""6"": 5541, ""64"": 7, ""7"": 3939, ""8"": 1954, ""9"": 1184}",65532,5736,8.752975645486174,1583,0.7935234848864605,0,0.0,199490,199458,0,0.0,0,0.0,79383,119816,0,40433,9101,119816,119816,2.963322038928598,22.508841787648702,1443,18243,20229,40473,1153,41916,61490,1.0356533985620042,2.848812788772762
train,stratum,code,sql,boundary_bpe,65536,observed,32,962841,962820,962198,354728,2.714248663764913,0.3686642458205068,0,0.0,2.714248663764913,2,9,64,"{""1"": 149351, ""10"": 4291, ""11"": 1375, ""12"": 1344, ""13"": 1570, ""14"": 762, ""15"": 596, ""16"": 364, ""17"": 160, ""18"": 163, ""19"": 320, ""2"": 87189, ""20"": 333, ""24"": 17, ""27"": 174, ""3"": 44094, ""4"": 19601, ""43"": 112, ""48"": 2, ""5"": 14080, ""56"": 27, ""6"": 10473, ""64"": 1, ""7"": 7783, ""8"": 4221, ""9"": 6325}",65532,5084,7.758041872672893,953,0.26865654811573936,0,0.0,354728,354696,0,0.0,0,0.0,12724,127526,0,114802,2130,127526,127526,1.1108343060225432,1.8553683733732862,518,23477,102940,151826,438,152344,212438,1.0034118003504011,0.2884881377366196
train,stratum,code,typescript,boundary_bpe,65536,observed,32,734901,734901,727952,355868,2.0650943608304204,0.4888619029826142,0,0.0,2.0650943608304204,1,7,72,"{""1"": 260122, ""10"": 2539, ""11"": 1009, ""12"": 488, ""13"": 1597, ""14"": 1259, ""15"": 452, ""16"": 387, ""17"": 187, ""18"": 195, ""19"": 2, ""2"": 27396, ""20"": 87, ""21"": 143, ""23"": 44, ""26"": 20, ""3"": 17687, ""30"": 99, ""32"": 12, ""36"": 61, ""4"": 11467, ""42"": 2, ""48"": 19, ""5"": 9048, ""56"": 15, ""6"": 7984, ""66"": 2, ""69"": 42, ""7"": 4640, ""72"": 38, ""8"": 3849, ""9"": 4976}",65532,6155,9.392357932002685,1343,0.37738712106736205,0,0.0,355868,355836,0,0.0,0,0.0,164961,232361,0,67400,19932,232361,232361,3.447492581602374,29.572700296735906,1722,21243,27711,53480,1694,55202,77045,1.0321989528795812,3.167539267015707
train,stratum,cyrillic_african,am,boundary_bpe,65536,observed,32,390554,390552,158149,99278,3.9339229235077258,0.6277497802705044,0,0.0,3.9339229235077258,3,9,24,"{""1"": 31105, ""10"": 4, ""11"": 87, ""12"": 2445, ""13"": 1, ""14"": 10, ""15"": 753, ""18"": 275, ""2"": 1339, ""21"": 21, ""24"": 13, ""3"": 30589, ""4"": 499, ""5"": 404, ""6"": 23891, ""7"": 98, ""8"": 230, ""9"": 7514}",65532,3095,4.722883476774705,1265,1.2741997219927879,0,0.0,99278,99246,0,0.0,0,0.0,0,29475,0,29475,0,29475,29475,1.0,0.0,106,3266,2230,5507,103,5613,7214,1.0192482295260576,1.870346831305611
train,stratum,cyrillic_african,bg,boundary_bpe,65536,observed,32,249249,249242,140975,64913,3.839631506786006,0.4604575279304841,0,0.0,3.839631506786006,4,10,22,"{""1"": 23314, ""10"": 2622, ""11"": 17, ""12"": 1221, ""14"": 497, ""16"": 258, ""17"": 2, ""18"": 121, ""2"": 6594, ""20"": 38, ""22"": 12, ""3"": 1630, ""4"": 14596, ""5"": 1155, ""6"": 7131, ""7"": 235, ""8"": 5351, ""9"": 119}",65532,3574,5.453824085942745,1331,2.0504367384037097,0,0.0,64913,64881,0,0.0,0,0.0,0,21662,0,21662,0,21662,21662,1.0,0.0,53,1647,2876,4555,44,4608,5410,1.011635565312843,0.9659714599341384
train,stratum,cyrillic_african,ru,boundary_bpe,65536,observed,32,231857,231855,128599,56217,4.12428624793212,0.4371495890325741,0,0.0,4.12428624793212,4,10,26,"{""1"": 18568, ""10"": 2684, ""11"": 21, ""12"": 1310, ""13"": 43, ""14"": 517, ""15"": 3, ""16"": 277, ""17"": 2, ""18"": 118, ""2"": 6142, ""20"": 49, ""22"": 23, ""24"": 8, ""26"": 5, ""3"": 1256, ""4"": 11124, ""5"": 863, ""6"": 8024, ""7"": 271, ""8"": 4829, ""9"": 80}",65532,3549,5.415674784837941,1598,2.8425565220484907,0,0.0,56217,56185,0,0.0,0,0.0,0,17172,0,17172,0,17172,17172,1.0,0.0,54,1586,2334,3902,53,3956,4584,1.0138390568939006,1.3582778062532035
train,stratum,cyrillic_african,sw,boundary_bpe,65536,observed,32,302841,302851,302208,119771,2.528583713920732,0.3963197532825074,0,0.0,2.528583713920732,2,6,18,"{""1"": 51544, ""10"": 295, ""11"": 169, ""12"": 83, ""13"": 128, ""18"": 1, ""2"": 22527, ""3"": 16429, ""4"": 11744, ""5"": 6309, ""6"": 5922, ""7"": 2311, ""8"": 1532, ""9"": 777}",65532,5275,8.049502533113593,2893,2.415442803349726,0,0.0,119771,119739,0,0.0,0,0.0,5,44634,0,44629,5,44634,44634,1.0001120347755943,0.011203477559434448,104,2135,5002,7131,103,7235,8300,1.0145842097882485,1.4443977001823025
train,stratum,cyrillic_african,uk,boundary_bpe,65536,observed,32,184737,184724,102382,46000,4.015739130434783,0.44929772811627045,0,0.0,4.015739130434783,4,10,24,"{""1"": 14936, ""10"": 1993, ""11"": 6, ""12"": 1035, ""14"": 382, ""15"": 9, ""16"": 188, ""18"": 84, ""2"": 5362, ""20"": 16, ""22"": 11, ""24"": 7, ""3"": 1068, ""4"": 10000, ""5"": 700, ""6"": 6132, ""7"": 211, ""8"": 3798, ""9"": 62}",65532,3120,4.761032777879509,1528,3.3217391304347825,0,0.0,46000,45968,0,0.0,0,0.0,0,13725,0,13725,0,13725,13725,1.0,0.0,44,1501,2079,3601,44,3645,4222,1.0122188281033047,1.2218828103304638
train,stratum,cyrillic_african,yo,boundary_bpe,65536,observed,32,145697,145693,125826,57347,2.540551380194256,0.45576430944319934,0,0.0,2.540551380194256,2,7,18,"{""1"": 28006, ""10"": 302, ""11"": 245, ""12"": 57, ""13"": 88, ""14"": 26, ""15"": 66, ""16"": 8, ""18"": 3, ""2"": 8472, ""3"": 6599, ""4"": 5518, ""5"": 2152, ""6"": 3169, ""7"": 1544, ""8"": 615, ""9"": 477}",65532,3383,5.162363425502045,2097,3.656686487523323,0,0.0,57347,57315,0,0.0,0,0.0,0,24259,0,24259,0,24259,24259,1.0,0.0,21,1074,2280,3401,21,3422,4073,1.0061746545133785,0.6174654513378418
train,stratum,indic_cjk_arabic,ar,boundary_bpe,65536,observed,32,215274,215273,120548,61929,3.4761258860953674,0.5137289710322859,0,0.0,3.4761258860953674,4,8,20,"{""1"": 20833, ""10"": 1301, ""12"": 405, ""13"": 2, ""14"": 208, ""16"": 77, ""18"": 32, ""2"": 8587, ""20"": 3, ""3"": 714, ""4"": 16329, ""5"": 236, ""6"": 9807, ""7"": 67, ""8"": 3311, ""9"": 17}",65532,2651,4.045351889153391,1263,2.0394322530639926,0,0.0,61929,61897,0,0.0,0,0.0,0,19769,0,19769,0,19769,19769,1.0,0.0,50,1709,1334,3044,50,3094,3756,1.016425755584757,1.6425755584756898
train,stratum,indic_cjk_arabic,bn,boundary_bpe,65536,observed,32,274908,278982,106840,51191,5.449825164579711,0.4791370273305878,0,0.0,5.449825164579711,5,15,39,"{""1"": 16605, ""10"": 41, ""11"": 17, ""12"": 3884, ""13"": 24, ""14"": 14, ""15"": 1652, ""16"": 2, ""17"": 8, ""18"": 796, ""2"": 450, ""21"": 454, ""24"": 182, ""27"": 33, ""3"": 8161, ""30"": 26, ""36"": 1, ""39"": 21, ""4"": 208, ""5"": 231, ""6"": 11196, ""7"": 106, ""8"": 39, ""9"": 7040}",65532,1856,2.832204114020631,909,1.7757027602508253,0,0.0,51191,51159,0,0.0,0,0.0,0,15587,0,15587,0,15587,15587,1.0,0.0,33,1471,1198,2650,33,2683,3073,1.0124528301886793,1.2452830188679245
train,stratum,indic_cjk_arabic,fa,boundary_bpe,65536,observed,32,198722,198737,111850,54267,3.662207234599296,0.48517657577112205,0,0.0,3.662207234599296,3,10,25,"{""1"": 21979, ""10"": 2124, ""11"": 107, ""12"": 628, ""13"": 36, ""14"": 433, ""15"": 39, ""16"": 20, ""17"": 19, ""18"": 4, ""19"": 8, ""2"": 5121, ""20"": 1, ""25"": 49, ""3"": 544, ""4"": 11239, ""5"": 198, ""6"": 6937, ""7"": 432, ""8"": 4029, ""9"": 320}",65532,2566,3.915644265397058,972,1.7911437890430648,0,0.0,54267,54235,0,0.0,0,0.0,0,21334,0,21334,0,21334,21334,1.0,0.0,36,1159,1297,2455,24,2491,2939,1.014663951120163,0.9775967413441955
train,stratum,indic_cjk_arabic,gu,boundary_bpe,65536,observed,32,266235,266235,106404,54879,4.8513092439731045,0.515760685688508,0,0.0,4.8513092439731045,3,12,27,"{""1"": 19245, ""10"": 139, ""11"": 3, ""12"": 2930, ""13"": 51, ""15"": 1236, ""16"": 1, ""18"": 621, ""2"": 764, ""21"": 193, ""24"": 76, ""27"": 3, ""3"": 8399, ""4"": 263, ""5"": 110, ""6"": 13584, ""7"": 544, ""8"": 40, ""9"": 6677}",65532,2069,3.1572361594335594,901,1.6417937644636382,0,0.0,54879,54847,0,0.0,0,0.0,0,17922,0,17922,0,17922,17922,1.0,0.0,64,1238,1401,2641,62,2705,3439,1.024233244982961,2.347595607724347
train,stratum,indic_cjk_arabic,hi,boundary_bpe,65536,observed,32,342431,342710,137684,70608,4.853699297530025,0.5128264722117312,0,0.0,4.853699297530025,3,12,33,"{""1"": 27917, ""10"": 214, ""11"": 63, ""12"": 5078, ""13"": 6, ""14"": 37, ""15"": 1464, ""18"": 624, ""2"": 779, ""20"": 4, ""21"": 251, ""24"": 67, ""27"": 34, ""3"": 6793, ""30"": 15, ""33"": 2, ""4"": 315, ""5"": 193, ""6"": 18386, ""7"": 448, ""8"": 33, ""9"": 7885}",65532,2644,4.034670084844046,597,0.8455132562882393,0,0.0,70608,70576,0,0.0,0,0.0,0,26486,0,26486,0,26486,26486,1.0,0.0,26,1622,1935,3542,25,3568,4124,1.0073404856013553,0.7058159232072275
train,stratum,indic_cjk_arabic,ja,boundary_bpe,65536,observed,32,323403,318463,134867,84177,3.783254333131378,0.6241482349277436,0,0.0,3.783254333131378,3,9,24,"{""1"": 15546, ""10"": 33, ""11"": 8, ""12"": 1650, ""13"": 1, ""15"": 636, ""16"": 1, ""17"": 12, ""18"": 286, ""2"": 5707, ""21"": 50, ""24"": 21, ""3"": 39496, ""4"": 1023, ""5"": 406, ""6"": 14241, ""7"": 363, ""8"": 60, ""9"": 4637}",65532,6013,9.1756699017274,2852,3.3880988868693347,0,0.0,84177,84145,0,0.0,0,0.0,2,10440,0,10438,2,10440,10440,1.0001916075876605,0.019160758766047135,428,5235,3062,7979,393,8407,9129,1.0536408071186865,4.925429251785938
train,stratum,indic_cjk_arabic,kn,boundary_bpe,65536,observed,32,458253,457719,180531,84604,5.4101342726112245,0.46863973500396056,0,0.0,5.4101342726112245,3,15,42,"{""1"": 26040, ""10"": 315, ""11"": 2, ""12"": 6450, ""13"": 130, ""15"": 3432, ""16"": 63, ""18"": 1454, ""19"": 160, ""2"": 3907, ""21"": 409, ""22"": 97, ""24"": 114, ""25"": 47, ""27"": 50, ""28"": 13, ""3"": 13525, ""30"": 8, ""33"": 5, ""36"": 9, ""4"": 372, ""42"": 76, ""5"": 112, ""6"": 17485, ""7"": 410, ""8"": 40, ""9"": 9879}",65532,2883,4.399377403405969,637,0.7529194837123541,0,0.0,84604,84572,0,0.0,0,0.0,0,21048,0,21048,0,21048,21048,1.0,0.0,19,1665,2239,3917,19,3936,4606,1.0048506510084247,0.4850651008424815
train,stratum,indic_cjk_arabic,ko,boundary_bpe,65536,observed,32,201347,201183,86266,64261,3.1307169200603786,0.7449168849836552,0,0.0,3.1307169200603786,3,6,16,"{""1"": 21200, ""10"": 252, ""11"": 3, ""12"": 507, ""13"": 77, ""15"": 51, ""16"": 9, ""2"": 962, ""3"": 27561, ""4"": 575, ""5"": 121, ""6"": 11276, ""7"": 358, ""8"": 19, ""9"": 1290}",65532,2984,4.553500579869377,2305,3.5869345326092033,0,0.0,64261,64229,0,0.0,0,0.0,1,19010,0,19009,1,19010,19010,1.000052606660003,0.00526066600031564,84,1936,2061,4078,82,4162,4926,1.0205983325159391,2.0107896027464442
train,stratum,indic_cjk_arabic,ml,boundary_bpe,65536,observed,32,188792,188704,72486,31241,6.040267597067955,0.4309935711723643,0,0.0,6.040267597067955,6,15,34,"{""1"": 7978, ""10"": 29, ""12"": 2782, ""13"": 74, ""15"": 1491, ""16"": 31, ""18"": 709, ""19"": 31, ""2"": 659, ""21"": 424, ""22"": 4, ""24"": 92, ""25"": 3, ""27"": 82, ""28"": 15, ""3"": 5961, ""30"": 6, ""33"": 4, ""34"": 5, ""4"": 394, ""5"": 143, ""6"": 6199, ""7"": 149, ""8"": 26, ""9"": 3950}",65532,1913,2.919184520539584,1196,3.8283025511347266,0,0.0,31241,31209,0,0.0,0,0.0,0,7272,0,7272,0,7272,7272,1.0,0.0,11,649,1154,1810,11,1821,2245,1.0060773480662983,0.6077348066298343
train,stratum,indic_cjk_arabic,mr,boundary_bpe,65536,observed,32,362326,362338,142528,65616,5.522098268714948,0.46037269869779973,0,0.0,5.522098268714948,6,15,36,"{""1"": 22072, ""10"": 398, ""11"": 52, ""12"": 4893, ""13"": 271, ""15"": 1864, ""16"": 20, ""18"": 1587, ""2"": 724, ""21"": 499, ""24"": 308, ""27"": 83, ""3"": 8474, ""30"": 22, ""33"": 19, ""36"": 5, ""4"": 419, ""5"": 159, ""6"": 15752, ""7"": 353, ""8"": 52, ""9"": 7590}",65532,2769,4.225416590368065,757,1.15368202877347,0,0.0,65616,65584,0,0.0,0,0.0,0,20316,0,20316,0,20316,20316,1.0,0.0,50,1771,2108,3871,47,3921,4615,1.0129165590286748,1.2141565486954276
train,stratum,indic_cjk_arabic,ta,boundary_bpe,65536,observed,32,239434,239341,90715,37276,6.420780126623028,0.4109132998952764,0,0.0,6.420780126623028,6,18,39,"{""1"": 10731, ""10"": 206, ""11"": 2, ""12"": 3882, ""13"": 38, ""15"": 1867, ""16"": 63, ""18"": 1136, ""19"": 30, ""2"": 461, ""21"": 508, ""22"": 5, ""24"": 224, ""25"": 20, ""27"": 86, ""3"": 4648, ""30"": 9, ""33"": 5, ""39"": 3, ""4"": 256, ""5"": 97, ""6"": 7632, ""7"": 281, ""8"": 17, ""9"": 5069}",65532,1686,2.5727888665079655,851,2.2829702757806634,0,0.0,37276,37244,0,0.0,0,0.0,0,9822,0,9822,0,9822,9822,1.0,0.0,54,975,1343,2292,50,2346,3003,1.0235602094240839,2.181500872600349
train,stratum,indic_cjk_arabic,te,boundary_bpe,65536,observed,32,300221,300203,115621,53126,5.650773632496329,0.4594840037709413,0,0.0,5.650773632496329,6,15,31,"{""1"": 15450, ""10"": 148, ""11"": 7, ""12"": 4471, ""13"": 65, ""15"": 1602, ""16"": 84, ""18"": 1023, ""19"": 96, ""2"": 893, ""21"": 229, ""22"": 105, ""24"": 195, ""25"": 29, ""27"": 154, ""3"": 7598, ""30"": 4, ""31"": 7, ""4"": 291, ""5"": 128, ""6"": 14848, ""7"": 332, ""8"": 31, ""9"": 5336}",65532,2128,3.2472685100408962,820,1.5435003576403268,0,0.0,53126,53094,0,0.0,0,0.0,0,14088,0,14088,0,14088,14088,1.0,0.0,34,1428,1694,3096,32,3130,3944,1.0109819121447028,1.0335917312661498
train,stratum,indic_cjk_arabic,ur,boundary_bpe,65536,observed,32,431064,430336,244935,126255,3.408466991406281,0.5154632861779656,0,0.0,3.408466991406281,2,8,19,"{""1"": 52915, ""10"": 3133, ""11"": 4, ""12"": 1006, ""13"": 2, ""14"": 391, ""16"": 27, ""19"": 3, ""2"": 10762, ""3"": 753, ""4"": 29240, ""5"": 190, ""6"": 18128, ""7"": 105, ""8"": 9574, ""9"": 22}",65532,3154,4.812915827382042,712,0.5639380618589362,0,0.0,126255,126223,0,0.0,0,0.0,0,51869,0,51869,0,51869,51869,1.0,0.0,59,2848,2597,5415,55,5474,6704,1.0108956602031394,1.0156971375807942
train,stratum,indic_cjk_arabic,zh,boundary_bpe,65536,observed,32,616082,612143,250435,143649,4.261380169719247,0.5735979395851218,0,0.0,4.261380169719247,3,12,33,"{""1"": 27870, ""10"": 1195, ""11"": 230, ""12"": 3750, ""13"": 636, ""14"": 126, ""15"": 1602, ""16"": 112, ""17"": 33, ""18"": 868, ""19"": 277, ""2"": 5211, ""21"": 1024, ""24"": 282, ""3"": 62634, ""33"": 56, ""4"": 2563, ""5"": 459, ""6"": 27730, ""7"": 693, ""8"": 1413, ""9"": 4885}",65532,6363,9.709760117194653,3839,2.6724864078413355,0,0.0,143649,143617,0,0.0,0,0.0,0,22179,0,22179,0,22179,22179,1.0,0.0,209,5022,3179,8042,193,8251,8899,1.0259885600596867,2.399900522258145
train,stratum,latin_english,en,boundary_bpe,65536,observed,32,128944,128943,128062,47693,2.703604302518189,0.37242117099529914,0,0.0,2.703604302518189,2,7,15,"{""1"": 22798, ""10"": 356, ""11"": 168, ""12"": 67, ""13"": 38, ""14"": 7, ""15"": 3, ""2"": 5345, ""3"": 6154, ""4"": 4652, ""5"": 2706, ""6"": 2146, ""7"": 1579, ""8"": 989, ""9"": 685}",65532,6418,9.793688579625222,4277,8.967773048455749,0,0.0,47693,47661,0,0.0,0,0.0,9,20624,0,20615,9,20624,20624,1.0004365753092408,0.043657530924084406,62,992,2648,3650,60,3712,4258,1.016986301369863,1.643835616438356
validation,stratum,flores200,am,boundary_bpe,65536,observed,500,109651,109651,42703,27711,3.9569485042041066,0.648923963187598,5,0.018043376276568872,3.9569485042041066,3,9,21,"{""1"": 8212, ""10"": 1, ""11"": 4, ""12"": 696, ""15"": 173, ""18"": 54, ""2"": 193, ""21"": 6, ""3"": 9272, ""4"": 43, ""5"": 11, ""6"": 6829, ""7"": 7, ""8"": 2, ""9"": 2208}",65532,1895,2.891717023744125,635,2.2915087871242465,75,0.27065064414853307,27711,27211,0,0.0,0,0.0,0,7974,0,7974,0,7974,7974,1.0,0.0,18,768,404,1159,17,1177,1212,1.0155306298533218,1.4667817083692838
validation,stratum,flores200,ar,boundary_bpe,65536,observed,500,99690,99690,54980,28571,3.4892023380350707,0.519661695161877,0,0.0,3.4892023380350707,4,8,20,"{""1"": 9417, ""10"": 548, ""12"": 172, ""14"": 69, ""16"": 27, ""18"": 9, ""2"": 3999, ""20"": 2, ""3"": 171, ""4"": 7735, ""5"": 93, ""6"": 4709, ""7"": 2, ""8"": 1617, ""9"": 1}",65532,1936,2.9542818775560034,1091,3.8185572783591755,98,0.34300514507717617,28571,28071,0,0.0,0,0.0,0,8843,0,8843,0,8843,8843,1.0,0.0,4,848,382,1226,3,1230,1299,1.00326264274062,0.24469820554649266
validation,stratum,flores200,bg,boundary_bpe,65536,observed,486,114716,114709,63267,28860,3.9746708246708247,0.45616198017924037,2,0.00693000693000693,3.9746708246708247,4,10,22,"{""1"": 10025, ""10"": 1323, ""11"": 3, ""12"": 531, ""14"": 189, ""15"": 1, ""16"": 146, ""17"": 1, ""18"": 40, ""2"": 2610, ""20"": 21, ""22"": 1, ""3"": 434, ""4"": 6920, ""5"": 563, ""6"": 3257, ""7"": 95, ""8"": 2651, ""9"": 49}",65532,2422,3.695904291033388,1080,3.7422037422037424,63,0.2182952182952183,28860,28374,0,0.0,0,0.0,0,9430,0,9430,0,9430,9430,1.0,0.0,12,692,1007,1688,12,1700,1767,1.0071090047393365,0.7109004739336493
validation,stratum,flores200,bn,boundary_bpe,65536,observed,485,158318,160235,59847,28715,5.580184572523072,0.4798068407773155,2,0.006965000870625109,5.580184572523072,6,15,39,"{""1"": 9083, ""10"": 16, ""12"": 2487, ""13"": 1, ""15"": 1007, ""18"": 391, ""2"": 125, ""21"": 250, ""24"": 104, ""27"": 12, ""3"": 4548, ""30"": 2, ""36"": 5, ""39"": 2, ""4"": 36, ""5"": 1, ""6"": 6380, ""7"": 52, ""9"": 4213}",65532,1341,2.046328511261674,947,3.297927912240989,37,0.1288525161065645,28715,28230,0,0.0,0,0.0,32,8569,0,8537,32,8569,8569,1.0037483893639452,0.374838936394518,41,736,460,1155,37,1196,1283,1.0354978354978355,3.2034632034632033
validation,stratum,flores200,fa,boundary_bpe,65536,observed,523,114142,114142,63254,30815,3.7041051435988965,0.48716286717045565,2,0.0064903456109037805,3.7041051435988965,4,10,25,"{""1"": 11642, ""10"": 1032, ""11"": 98, ""12"": 297, ""13"": 51, ""14"": 128, ""15"": 27, ""16"": 15, ""17"": 13, ""18"": 5, ""19"": 4, ""2"": 2985, ""25"": 1, ""3"": 332, ""4"": 6893, ""5"": 176, ""6"": 4066, ""7"": 507, ""8"": 2224, ""9"": 319}",65532,2217,3.3830800219739974,1143,3.7092325166315105,115,0.3731948726269674,30815,30292,0,0.0,0,0.0,0,11397,0,11397,0,11397,11397,1.0,0.0,16,671,690,1345,16,1361,1379,1.011895910780669,1.1895910780669146
validation,stratum,flores200,gu,boundary_bpe,65536,observed,461,144544,144544,55214,28723,5.032343418166626,0.5202122650052523,2,0.006963060961598719,5.032343418166626,6,12,27,"{""1"": 9354, ""10"": 98, ""12"": 1617, ""13"": 30, ""15"": 687, ""16"": 2, ""18"": 261, ""2"": 192, ""21"": 143, ""24"": 15, ""27"": 4, ""3"": 4583, ""4"": 29, ""5"": 2, ""6"": 7679, ""7"": 332, ""8"": 2, ""9"": 3693}",65532,1289,1.9669779649636818,1064,3.7043484315705184,86,0.2994116213487449,28723,28262,0,0.0,0,0.0,25,8723,0,8698,25,8723,8723,1.002874223959531,0.28742239595309266,26,662,508,1146,26,1172,1266,1.0226876090750436,2.268760907504363
validation,stratum,flores200,hi,boundary_bpe,65536,observed,465,148508,148664,57809,30155,4.929995025700547,0.5216315798578076,2,0.00663239927043608,4.929995025700547,6,12,33,"{""1"": 11343, ""10"": 132, ""12"": 1988, ""13"": 1, ""15"": 556, ""18"": 226, ""2"": 110, ""21"": 137, ""24"": 66, ""27"": 14, ""3"": 3110, ""30"": 5, ""33"": 1, ""4"": 61, ""5"": 5, ""6"": 8705, ""7"": 301, ""9"": 3394}",65532,1626,2.4812305438564364,406,1.3463770518985243,43,0.14259658431437572,30155,29690,0,0.0,0,0.0,7,10864,0,10857,7,10864,10864,1.0006447453255964,0.06447453255963895,8,589,607,1189,7,1197,1225,1.0067283431455005,0.5887300252312868
validation,stratum,flores200,ja,boundary_bpe,65536,observed,498,79586,79352,27145,18873,4.204524982779632,0.6952661631976423,60,0.3179144810046098,4.204524982779632,3,9,18,"{""1"": 324, ""12"": 410, ""15"": 95, ""18"": 63, ""2"": 176, ""3"": 12822, ""4"": 58, ""5"": 6, ""6"": 3930, ""7"": 6, ""9"": 983}",65532,2389,3.6455472135750475,1208,6.400678217559476,270,1.4306151645207439,18873,18375,0,0.0,0,0.0,0,31,0,31,0,31,31,1.0,0.0,20,634,1043,1657,20,1677,1683,1.012070006035003,1.2070006035003018
validation,stratum,flores200,kn,boundary_bpe,65536,observed,502,183506,183479,67713,30840,5.949383916990921,0.45545168579150236,2,0.00648508430609598,5.949383916990921,6,15,28,"{""1"": 8471, ""10"": 118, ""12"": 2492, ""13"": 53, ""15"": 1617, ""16"": 73, ""18"": 649, ""19"": 90, ""2"": 178, ""21"": 161, ""22"": 67, ""24"": 36, ""25"": 19, ""27"": 1, ""28"": 6, ""3"": 5083, ""4"": 61, ""5"": 6, ""6"": 7494, ""7"": 148, ""8"": 1, ""9"": 4016}",65532,1417,2.162302386620277,373,1.2094682230869,15,0.048638132295719845,30840,30338,0,0.0,0,0.0,358,7778,0,7420,337,7778,7778,1.0482479784366576,4.54177897574124,6,653,665,1312,6,1318,1345,1.0045731707317074,0.4573170731707317
validation,stratum,flores200,ko,boundary_bpe,65536,observed,515,77684,77684,32348,24790,3.1336829366680115,0.7663534067021145,33,0.13311819281968534,3.1336829366680115,3,6,16,"{""1"": 7585, ""10"": 197, ""12"": 15, ""13"": 131, ""15"": 1, ""16"": 11, ""2"": 304, ""3"": 11630, ""4"": 180, ""5"": 15, ""6"": 4075, ""7"": 249, ""8"": 4, ""9"": 393}",65532,2124,3.2411646218641272,1902,7.672448567970956,294,1.1859620814844696,24790,24275,0,0.0,0,0.0,2,7071,0,7069,1,7071,7071,1.000282925449144,0.014146272457207525,28,424,770,1166,28,1194,1257,1.0240137221269296,2.4013722126929675
validation,stratum,flores200,ml,boundary_bpe,65536,observed,503,200513,200492,72763,31595,6.345687608798861,0.43421794043676043,0,0.0,6.345687608798861,6,16,34,"{""1"": 7660, ""10"": 24, ""12"": 2937, ""13"": 110, ""15"": 1635, ""16"": 87, ""18"": 803, ""19"": 50, ""2"": 179, ""21"": 336, ""24"": 158, ""25"": 13, ""27"": 107, ""28"": 31, ""3"": 6241, ""30"": 13, ""33"": 8, ""34"": 1, ""4"": 114, ""5"": 4, ""6"": 6715, ""7"": 94, ""8"": 1, ""9"": 4274}",65532,1327,2.0249649026429837,2226,7.045418578889064,44,0.13926254154138312,31595,31092,0,0.0,0,0.0,56,6928,0,6872,47,6928,6928,1.0081490104772992,0.6839348079161816,18,762,535,1280,18,1298,1392,1.0140625,1.40625
validation,stratum,flores200,mr,boundary_bpe,65536,observed,505,171557,171557,64243,29632,5.789585583153348,0.4612486963560232,2,0.006749460043196544,5.789585583153348,6,15,36,"{""1"": 9343, ""10"": 182, ""12"": 2408, ""13"": 164, ""15"": 912, ""16"": 9, ""18"": 773, ""2"": 195, ""21"": 218, ""24"": 190, ""27"": 47, ""3"": 3759, ""30"": 19, ""36"": 2, ""4"": 91, ""5"": 2, ""6"": 7668, ""7"": 160, ""9"": 3490}",65532,1747,2.665873161203687,611,2.061960043196544,43,0.1451133909287257,29632,29127,0,0.0,0,0.0,35,8782,0,8747,34,8782,8782,1.0040013718989367,0.3887046987538585,36,607,623,1194,35,1230,1356,1.0301507537688441,2.9313232830820772
validation,stratum,flores200,ru,boundary_bpe,65536,observed,494,124731,124729,68235,29948,4.164852410845466,0.43889499523704845,2,0.006678242286630159,4.164852410845466,4,10,26,"{""1"": 9666, ""10"": 1457, ""11"": 14, ""12"": 749, ""14"": 301, ""15"": 2, ""16"": 147, ""17"": 3, ""18"": 58, ""2"": 3486, ""20"": 51, ""22"": 8, ""24"": 2, ""26"": 3, ""3"": 509, ""4"": 6001, ""5"": 419, ""6"": 4394, ""7"": 120, ""8"": 2486, ""9"": 72}",65532,2706,4.129280351583959,1490,4.975290503539468,87,0.2905035394684119,29948,29454,0,0.0,0,0.0,9,8980,0,8971,9,8980,8980,1.0010032326385019,0.10032326385018392,1,753,1027,1780,1,1781,1856,1.000561797752809,0.056179775280898875
validation,stratum,flores200,sw,boundary_bpe,65536,observed,500,66996,66996,66926,27260,2.4576669112252385,0.40731554253952124,2,0.007336757153338224,2.4576669112252385,2,6,11,"{""1"": 11324, ""10"": 23, ""11"": 15, ""2"": 5379, ""3"": 4359, ""4"": 2675, ""5"": 1378, ""6"": 1292, ""7"": 498, ""8"": 239, ""9"": 78}",65532,3112,4.748825001525972,1372,5.033015407190022,177,0.6493030080704328,27260,26760,0,0.0,0,0.0,0,9790,0,9790,0,9790,9790,1.0,0.0,10,430,831,1252,10,1262,1305,1.0079872204472844,0.7987220447284346
validation,stratum,flores200,ta,boundary_bpe,65536,observed,498,197237,197234,72334,29840,6.609718498659517,0.4125307600851605,0,0.0,6.609718498659517,6,18,33,"{""1"": 8290, ""10"": 192, ""12"": 2818, ""13"": 59, ""15"": 1552, ""16"": 58, ""18"": 908, ""19"": 34, ""2"": 224, ""21"": 530, ""22"": 1, ""24"": 154, ""25"": 24, ""27"": 103, ""3"": 3608, ""30"": 13, ""33"": 5, ""4"": 85, ""5"": 5, ""6"": 6426, ""7"": 245, ""8"": 3, ""9"": 4503}",65532,1259,1.9211988036379173,1191,3.9912868632707776,48,0.16085790884718498,29840,29342,0,0.0,0,0.0,47,7589,0,7542,44,7589,7589,1.0062317687616018,0.5833996287456908,36,760,712,1443,35,1479,1604,1.024948024948025,2.4255024255024256
validation,stratum,flores200,te,boundary_bpe,65536,observed,495,169262,169259,63608,29650,5.708566610455312,0.4661363350521947,2,0.006745362563237774,5.708566610455312,6,15,31,"{""1"": 8537, ""10"": 132, ""12"": 2461, ""13"": 48, ""15"": 979, ""16"": 86, ""18"": 564, ""19"": 58, ""2"": 333, ""21"": 129, ""22"": 71, ""24"": 75, ""25"": 5, ""27"": 31, ""3"": 4110, ""30"": 3, ""31"": 4, ""4"": 84, ""5"": 26, ""6"": 8585, ""7"": 121, ""8"": 7, ""9"": 3201}",65532,1589,2.4247695782213268,837,2.8229342327150087,119,0.40134907251264756,29650,29155,0,0.0,0,0.0,104,7825,0,7721,95,7825,7825,1.0134697578033933,1.2304105685791995,45,740,602,1300,40,1345,1489,1.0346153846153847,3.076923076923077
validation,stratum,flores200,uk,boundary_bpe,65536,observed,516,120968,120966,66197,30362,3.9841248929583033,0.4586612686375516,2,0.00658718134510243,3.9841248929583033,4,10,24,"{""1"": 9691, ""10"": 1311, ""11"": 14, ""12"": 515, ""14"": 190, ""15"": 4, ""16"": 97, ""18"": 30, ""2"": 3257, ""20"": 8, ""22"": 12, ""24"": 2, ""3"": 529, ""4"": 7219, ""5"": 464, ""6"": 4427, ""7"": 94, ""8"": 2452, ""9"": 46}",65532,2496,3.8088262223036073,1801,5.931756801264739,145,0.47757064751992623,30362,29846,0,0.0,0,0.0,6,8948,0,8942,6,8948,8948,1.000670990829792,0.06709908297919928,2,821,1073,1892,2,1894,1957,1.0010570824524312,0.10570824524312897
validation,stratum,flores200,ur,boundary_bpe,65536,observed,498,112125,112125,62990,33232,3.3740069812229176,0.5275758056834419,2,0.00601829561868079,3.3740069812229176,4,8,16,"{""1"": 13235, ""10"": 779, ""12"": 192, ""14"": 58, ""16"": 9, ""2"": 3149, ""3"": 93, ""4"": 8719, ""5"": 4, ""6"": 4792, ""7"": 1, ""8"": 2201}",65532,1979,3.0198986754562656,363,1.0923206547905633,26,0.07823784304285027,33232,32734,0,0.0,0,0.0,4,12953,0,12949,3,12953,12953,1.0003089041624835,0.02316781218626921,22,620,540,1140,22,1162,1169,1.0192982456140351,1.9298245614035088
validation,stratum,flores200,yo,boundary_bpe,65536,observed,487,80134,79356,59988,35363,2.2440403811893788,0.5895012335800494,17,0.048072844498487116,2.2440403811893788,2,5,15,"{""1"": 14798, ""10"": 8, ""11"": 4, ""13"": 2, ""14"": 1, ""15"": 1, ""2"": 8370, ""3"": 6787, ""4"": 2485, ""5"": 1161, ""6"": 932, ""7"": 654, ""8"": 77, ""9"": 83}",65532,2084,3.1801257400964413,4661,13.180442835732263,982,2.7769137233831973,35363,34876,0,0.0,0,0.0,0,11632,0,11632,0,11632,11632,1.0,0.0,10,729,585,1305,10,1315,1355,1.0076628352490422,0.7662835249042146
validation,stratum,flores200,zh,boundary_bpe,65536,observed,487,58268,56546,21068,17579,3.216678991979066,0.834393392823239,132,0.7508959554013311,3.216678991979066,3,6,11,"{""1"": 1334, ""10"": 1, ""11"": 1, ""2"": 389, ""3"": 13350, ""4"": 403, ""5"": 22, ""6"": 2006, ""7"": 25, ""8"": 2, ""9"": 46}",65532,2675,4.081975218214002,1365,7.764946811536492,332,1.8886170999488026,17579,17092,0,0.0,0,0.0,0,574,0,574,0,574,574,1.0,0.0,31,1305,475,1750,31,1781,1846,1.0177142857142858,1.7714285714285714
train,stratum,code,c,uniq_superbpe,16384,observed,32,269690,269690,269687,131775,2.046594574084614,0.48862199512768506,0,0.0,2.046594574084614,1,6,16,"{""1"": 81442, ""10"": 393, ""11"": 148, ""12"": 179, ""13"": 88, ""14"": 124, ""15"": 79, ""16"": 430, ""2"": 17044, ""3"": 13776, ""4"": 7482, ""5"": 4021, ""6"": 3519, ""7"": 1675, ""8"": 1066, ""9"": 309}",16380,2146,13.101343101343101,23,0.01745399354961108,0,0.0,148193,148161,16418,11.081188706879677,4614,3.5014228799089357,1404,11394,17273,29300,993,30704,58507,1.0479180887372013,3.3890784982935154,9253,29077,5882,27272,4817,36525,37462,1.3392857142857142,17.662804341449107
train,stratum,code,cpp,uniq_superbpe,16384,observed,32,735578,735578,735574,348113,2.113043753034216,0.47325354077224047,0,0.0,2.113043753034216,1,6,16,"{""1"": 216184, ""10"": 401, ""11"": 1713, ""12"": 737, ""13"": 852, ""14"": 202, ""15"": 565, ""16"": 2957, ""2"": 49822, ""3"": 32770, ""4"": 16647, ""5"": 9183, ""6"": 9078, ""7"": 3981, ""8"": 1975, ""9"": 1046}",16380,2305,14.072039072039072,25,0.007181576097416644,0,0.0,395549,395517,47436,11.99341621219821,10612,3.048435421831417,1950,24797,27752,57265,1668,59215,106124,1.0340522133938705,2.9127739456910855,24739,86385,13194,79901,13758,104640,108024,1.309620655561257,17.21880827524061
train,stratum,code,go,uniq_superbpe,16384,observed,32,514454,514454,514451,223368,2.3031678664804267,0.434187123749395,0,0.0,2.3031678664804267,2,6,16,"{""1"": 111514, ""10"": 585, ""11"": 226, ""12"": 119, ""13"": 247, ""14"": 176, ""15"": 42, ""16"": 240, ""2"": 33423, ""3"": 35775, ""4"": 19213, ""5"": 9439, ""6"": 5502, ""7"": 3860, ""8"": 2282, ""9"": 725}",16380,2285,13.94993894993895,47,0.02104150997457111,0,0.0,245125,245093,21757,8.877038511911804,7865,3.5210952329787615,476,22610,29865,57639,386,58115,90448,1.0082582973334027,0.6696854560280365,10549,45705,7073,44581,8219,55130,55727,1.2366254682488056,18.436105067181085
train,stratum,code,java,uniq_superbpe,16384,observed,32,175611,175539,174303,66142,2.6539717577333617,0.37946564316162085,0,0.0,2.6539717577333617,1,9,16,"{""1"": 34936, ""10"": 257, ""11"": 433, ""12"": 442, ""13"": 540, ""14"": 80, ""15"": 227, ""16"": 1091, ""2"": 8248, ""3"": 9748, ""4"": 4443, ""5"": 1914, ""6"": 1793, ""7"": 1135, ""8"": 515, ""9"": 340}",16380,1827,11.153846153846153,21,0.031749871488615404,0,0.0,78275,78243,12133,15.506818501335582,2143,3.2399987904810863,1673,5114,7058,11829,1120,13502,49454,1.141432073717136,9.468255981063487,6928,15997,3600,13893,4165,20821,22783,1.49866839415533,29.979126178651118
train,stratum,code,javascript,uniq_superbpe,16384,observed,32,112493,112471,110533,52880,2.126909984871407,0.4784091628744357,0,0.0,2.126909984871407,1,6,16,"{""1"": 29152, ""10"": 294, ""11"": 135, ""12"": 100, ""13"": 64, ""14"": 57, ""15"": 72, ""16"": 112, ""2"": 10633, ""3"": 6062, ""4"": 2120, ""5"": 1558, ""6"": 1133, ""7"": 616, ""8"": 588, ""9"": 184}",16380,1848,11.282051282051283,27,0.0510590015128593,0,0.0,59720,59688,6840,11.459589867310012,1000,1.8910741301059002,255,2396,5822,8556,201,8811,21564,1.029803646563815,2.3492286115007013,4512,15283,2362,13681,3252,18193,18756,1.3298004531832468,23.770192237409546
train,stratum,code,python,uniq_superbpe,16384,observed,32,193155,193153,192883,71151,2.7146912903543168,0.36888165364495573,0,0.0,2.7146912903543168,2,8,16,"{""1"": 33415, ""10"": 614, ""11"": 307, ""12"": 93, ""13"": 140, ""14"": 391, ""15"": 133, ""16"": 742, ""2"": 10011, ""3"": 10875, ""4"": 6236, ""5"": 3479, ""6"": 1925, ""7"": 1579, ""8"": 544, ""9"": 667}",16380,2117,12.924297924297925,27,0.03794746384449973,0,0.0,80741,80709,9590,11.882194055185915,1731,2.4328540709195936,1047,5394,10425,15774,669,16821,53313,1.0663750475465956,4.2411563332065425,4498,16645,3083,15569,2478,20067,20660,1.2889074442803006,15.91624381784315
train,stratum,code,rust,uniq_superbpe,16384,observed,32,405448,405448,405437,161001,2.5182949174228733,0.3971048522951778,0,0.0,2.5182949174228733,1,8,16,"{""1"": 88540, ""10"": 858, ""11"": 789, ""12"": 798, ""13"": 312, ""14"": 545, ""15"": 748, ""16"": 1942, ""2"": 20110, ""3"": 20640, ""4"": 10841, ""5"": 5915, ""6"": 4490, ""7"": 2235, ""8"": 1711, ""9"": 527}",16380,2372,14.481074481074481,68,0.042235762510791856,0,0.0,193854,193822,32853,16.950088225278865,6459,4.011776324370656,1947,11364,27368,40433,1624,42380,119816,1.0481537358098583,4.016521158459674,16627,44093,10618,40473,10795,57100,61490,1.4108170879351667,26.67210238924715
train,stratum,code,sql,uniq_superbpe,16384,observed,32,962841,962820,962198,382481,2.5173015130163328,0.3975075815996292,0,0.0,2.5173015130163328,1,9,16,"{""1"": 195301, ""10"": 2665, ""11"": 1403, ""12"": 2770, ""13"": 5229, ""14"": 2533, ""15"": 974, ""16"": 1624, ""2"": 79641, ""3"": 40635, ""4"": 22815, ""5"": 9826, ""6"": 5198, ""7"": 2715, ""8"": 5975, ""9"": 3177}",16380,2109,12.875457875457876,53,0.013856897466802272,0,0.0,617405,617373,234924,38.052198589831434,59268,15.49567168042334,765,12820,78807,114802,611,115567,127526,1.0066636469747914,0.5322206930192854,23054,51977,61627,151826,13394,174880,212438,1.1518448750543384,8.821940906037174
train,stratum,code,typescript,uniq_superbpe,16384,observed,32,734901,734901,727952,268718,2.734840985717369,0.36914247093214936,0,0.0,2.734840985717369,1,11,16,"{""1"": 150768, ""10"": 2219, ""11"": 6388, ""12"": 703, ""13"": 1630, ""14"": 3203, ""15"": 2372, ""16"": 2214, ""2"": 35153, ""3"": 25824, ""4"": 17256, ""5"": 7294, ""6"": 7252, ""7"": 2885, ""8"": 2789, ""9"": 768}",16380,2728,16.654456654456656,48,0.017862592010955722,0,0.0,340794,340762,72076,21.151419465785505,15623,5.813901562232526,2606,18691,46506,67400,2387,70006,232361,1.0386646884272996,3.5415430267062313,19983,51761,20001,53480,13601,73463,77045,1.3736537023186237,25.43193717277487
train,stratum,cyrillic_african,am,uniq_superbpe,16384,observed,32,390554,390552,158149,111736,3.4953103744540703,0.7065235948377796,0,0.0,3.4953103744540703,3,7,13,"{""1"": 12391, ""10"": 1632, ""11"": 56, ""13"": 78, ""2"": 1781, ""3"": 66807, ""4"": 13009, ""5"": 55, ""6"": 8300, ""7"": 7262, ""8"": 2, ""9"": 363}",16380,1311,8.003663003663004,129,0.1154507052337653,0,0.0,113541,113509,1805,1.5901822762952718,1268,1.1348177847784062,0,6325,23084,29475,0,29475,29475,1.0,0.0,1707,6859,351,5507,1353,7214,7214,1.30996913019793,24.568730706373707
train,stratum,cyrillic_african,bg,uniq_superbpe,16384,observed,32,249249,249242,140975,61367,4.0614988511740835,0.43530413193828693,0,0.0,4.0614988511740835,4,8,18,"{""1"": 8133, ""10"": 428, ""11"": 345, ""12"": 91, ""13"": 134, ""14"": 55, ""15"": 18, ""17"": 42, ""18"": 62, ""2"": 9250, ""3"": 5459, ""4"": 16546, ""5"": 8192, ""6"": 7208, ""7"": 2253, ""8"": 2069, ""9"": 1082}",16380,1545,9.432234432234432,8,0.013036322453435886,0,0.0,63202,63170,1835,2.904859901852145,1600,2.6072644906871774,0,2341,19005,21662,0,21662,21662,1.0,0.0,853,4185,1220,4555,699,5408,5410,1.1872667398463228,15.345773874862788
train,stratum,cyrillic_african,ru,uniq_superbpe,16384,observed,32,231857,231855,128599,56814,4.080948357799134,0.4417919268423549,0,0.0,4.080948357799134,4,8,17,"{""1"": 6617, ""10"": 520, ""11"": 367, ""12"": 126, ""13"": 37, ""15"": 9, ""16"": 25, ""17"": 19, ""2"": 9911, ""3"": 4434, ""4"": 15648, ""5"": 5626, ""6"": 8171, ""7"": 2673, ""8"": 2112, ""9"": 519}",16380,1392,8.498168498168498,0,0.0,0,0.0,58041,58009,1227,2.115189022393077,962,1.6932446228042384,0,2271,14837,17172,0,17172,17172,1.0,0.0,671,3487,1080,3902,558,4573,4584,1.171963095848283,14.300358790363916
train,stratum,cyrillic_african,sw,uniq_superbpe,16384,observed,32,302841,302851,302208,134638,2.2493723911525723,0.445514347734011,58,0.04307847710156122,2.2493723911525723,2,4,12,"{""1"": 36702, ""10"": 129, ""11"": 28, ""12"": 25, ""2"": 46745, ""3"": 40869, ""4"": 5923, ""5"": 1927, ""6"": 1282, ""7"": 941, ""8"": 55, ""9"": 12}",16380,1608,9.816849816849818,23,0.017082844367860485,0,0.0,142062,142030,7424,5.227064704639865,6042,4.487588942200567,5,5958,37318,44629,5,44634,44634,1.0001120347755943,0.011203477559434448,1167,6355,1905,7131,1022,8298,8300,1.163651661758519,14.331790772682654
train,stratum,cyrillic_african,uk,uniq_superbpe,16384,observed,32,184737,184724,102382,47871,3.8587871571515113,0.467572424840304,0,0.0,3.8587871571515113,4,8,17,"{""1"": 5832, ""10"": 417, ""11"": 63, ""12"": 107, ""13"": 11, ""15"": 58, ""17"": 12, ""2"": 9879, ""3"": 3924, ""4"": 13521, ""5"": 4360, ""6"": 5862, ""7"": 1998, ""8"": 1487, ""9"": 340}",16380,1251,7.637362637362638,1,0.0020889473794155123,0,0.0,48807,48775,936,1.9190158892875449,676,1.4121284284848865,0,2081,11628,13725,0,13725,13725,1.0,0.0,613,3327,871,3601,531,4214,4222,1.1702304915301305,14.745903915579007
train,stratum,cyrillic_african,yo,uniq_superbpe,16384,observed,32,145697,145693,125826,58851,2.475624883179555,0.46771732392351345,0,0.0,2.475624883179555,2,5,17,"{""1"": 16343, ""10"": 100, ""11"": 275, ""12"": 36, ""13"": 10, ""14"": 5, ""15"": 38, ""17"": 24, ""2"": 17923, ""3"": 17332, ""4"": 2750, ""5"": 1715, ""6"": 964, ""7"": 526, ""8"": 458, ""9"": 352}",16380,1354,8.266178266178267,40,0.0679682588231296,0,0.0,63798,63766,4947,7.758052880845591,3454,5.869059149377241,0,3535,18099,24259,0,24259,24259,1.0,0.0,669,3111,953,3401,566,4070,4073,1.1967068509261982,16.642164069391356
train,stratum,indic_cjk_arabic,ar,uniq_superbpe,16384,observed,32,215274,215273,120548,60326,3.5684945131452444,0.5004313634402894,1462,2.4234989888273715,3.5684945131452444,4,7,25,"{""1"": 7705, ""11"": 56, ""12"": 65, ""13"": 2, ""15"": 3, ""2"": 14369, ""25"": 3, ""3"": 5162, ""4"": 19099, ""5"": 5619, ""6"": 2040, ""7"": 5288, ""8"": 180, ""9"": 735}",16380,1085,6.6239316239316235,19,0.03149554089447336,0,0.0,61062,61030,736,1.2059642798623629,501,0.8304876835858502,0,2536,17090,19769,0,19769,19769,1.0,0.0,712,3295,438,3044,600,3756,3756,1.2339027595269383,19.71090670170828
train,stratum,indic_cjk_arabic,bn,uniq_superbpe,16384,observed,32,274908,278982,106840,79632,3.503390596745027,0.7453388244103332,24786,31.125678119349004,3.503390596745027,3,9,20,"{""1"": 30220, ""10"": 1772, ""12"": 163, ""13"": 406, ""16"": 218, ""19"": 36, ""2"": 768, ""20"": 34, ""3"": 20262, ""4"": 4369, ""5"": 51, ""6"": 14211, ""7"": 5228, ""8"": 5, ""9"": 1889}",16380,788,4.8107448107448105,29,0.03641752059473578,0,0.0,81972,81940,2340,2.8557481083719796,1349,1.69404259594133,0,2899,12647,15587,0,15587,15587,1.0,0.0,422,2687,371,2650,373,3072,3073,1.159245283018868,14.075471698113208
train,stratum,indic_cjk_arabic,fa,uniq_superbpe,16384,observed,32,198722,198737,111850,51321,3.872430389119464,0.4588377291014752,126,0.24551353247208746,3.872430389119464,4,7,15,"{""1"": 5515, ""10"": 106, ""11"": 223, ""12"": 209, ""13"": 12, ""14"": 74, ""15"": 61, ""2"": 10138, ""3"": 5007, ""4"": 13730, ""5"": 9277, ""6"": 2705, ""7"": 2819, ""8"": 476, ""9"": 969}",16380,1035,6.318681318681318,8,0.015588160791878568,0,0.0,52076,52044,755,1.4506955652909077,567,1.1048108961243934,0,2445,18500,21334,0,21334,21334,1.0,0.0,484,2754,180,2455,387,2939,2939,1.1971486761710795,15.763747454175153
train,stratum,indic_cjk_arabic,gu,uniq_superbpe,16384,observed,32,266235,266235,106404,75605,3.521394087692613,0.7105465959926318,22101,29.232193637986907,3.521394087692613,3,9,19,"{""1"": 28923, ""10"": 1187, ""11"": 1, ""12"": 64, ""13"": 204, ""14"": 53, ""16"": 38, ""17"": 104, ""19"": 98, ""2"": 1020, ""3"": 15663, ""4"": 6817, ""5"": 63, ""6"": 13323, ""7"": 5970, ""8"": 2, ""9"": 2075}",16380,975,5.9523809523809526,17,0.022485285364724557,0,0.0,76338,76306,733,0.9606059811810342,525,0.6943985186164936,0,2544,15212,17922,0,17922,17922,1.0,0.0,798,3247,181,2641,522,3439,3439,1.3021582733812949,19.765240439227565
train,stratum,indic_cjk_arabic,hi,uniq_superbpe,16384,observed,32,342431,342710,137684,87984,3.8951400254591744,0.639028500043578,24099,27.390207310420077,3.8951400254591744,3,9,30,"{""1"": 31290, ""10"": 1758, ""11"": 2, ""12"": 98, ""13"": 842, ""14"": 122, ""15"": 1, ""16"": 259, ""17"": 224, ""19"": 56, ""2"": 981, ""22"": 25, ""23"": 95, ""3"": 17949, ""30"": 37, ""4"": 6323, ""5"": 43, ""6"": 13205, ""7"": 12747, ""8"": 6, ""9"": 1921}",16380,1151,7.026862026862027,5,0.005682851427532279,0,0.0,90109,90077,2125,2.359092776180379,1358,1.543462447717767,0,2801,23161,26486,0,26486,26486,1.0,0.0,580,3792,318,3542,507,4122,4124,1.1637492941840768,14.313946922642575
train,stratum,indic_cjk_arabic,ja,uniq_superbpe,16384,observed,32,323403,318463,134867,110750,2.875512415349887,0.8211793841339987,58,0.05237020316027088,2.875512415349887,3,6,12,"{""1"": 20650, ""10"": 55, ""12"": 230, ""2"": 5947, ""3"": 73404, ""4"": 1274, ""5"": 214, ""6"": 8167, ""7"": 19, ""8"": 14, ""9"": 776}",16380,3363,20.531135531135533,1278,1.1539503386004515,0,0.0,111528,111496,778,0.6977828801033221,132,0.11918735891647855,2,5973,4444,10438,2,10440,10440,1.0001916075876605,0.019160758766047135,1150,8437,684,7979,847,9129,9129,1.1441283368843214,10.615365334001755
train,stratum,indic_cjk_arabic,kn,uniq_superbpe,16384,observed,32,458253,457719,180531,124634,3.67250509491792,0.6903745063174745,24933,20.004974565527867,3.67250509491792,3,7,12,"{""1"": 40023, ""10"": 629, ""12"": 294, ""2"": 3870, ""3"": 25444, ""4"": 7947, ""5"": 103, ""6"": 37874, ""7"": 5894, ""8"": 3, ""9"": 2553}",16380,1300,7.936507936507937,20,0.01604698557375997,0,0.0,125083,125051,449,0.35905350616948284,180,0.14442287016383973,0,4406,16631,21048,0,21048,21048,1.0,0.0,689,4271,331,3917,601,4606,4606,1.1758999234107737,15.343375031912178
train,stratum,indic_cjk_arabic,ko,uniq_superbpe,16384,observed,32,201347,201183,86266,65744,3.060096738865904,0.7621078988245659,7,0.010647359454855196,3.060096738865904,3,6,12,"{""1"": 10283, ""10"": 123, ""12"": 99, ""2"": 1570, ""3"": 38291, ""4"": 11915, ""5"": 156, ""6"": 1968, ""7"": 882, ""8"": 66, ""9"": 391}",16380,1877,11.45909645909646,1019,1.549951326356778,0,0.0,69228,69196,3484,5.034973119833516,631,0.9597834022876612,1,4772,14192,19009,1,19010,19010,1.000052606660003,0.00526066600031564,846,4341,572,4078,655,4924,4926,1.207454634624816,16.061794997547818
train,stratum,indic_cjk_arabic,ml,uniq_superbpe,16384,observed,32,188792,188704,72486,49779,3.7908354928785233,0.6867395083188478,15585,31.30838305309468,3.7908354928785233,3,12,15,"{""1"": 20161, ""10"": 209, ""11"": 1, ""12"": 2614, ""13"": 28, ""15"": 169, ""2"": 855, ""3"": 9500, ""4"": 3418, ""5"": 36, ""6"": 8136, ""7"": 1284, ""8"": 3, ""9"": 3365}",16380,876,5.347985347985348,15,0.0301331886940276,0,0.0,50146,50114,367,0.7323302869457636,137,0.2752164567387854,0,1482,5719,7272,0,7272,7272,1.0,0.0,433,2052,190,1810,323,2243,2245,1.2392265193370167,17.845303867403317
train,stratum,indic_cjk_arabic,mr,uniq_superbpe,16384,observed,32,362326,362338,142528,93443,3.8776366340977924,0.6556115289627301,23652,25.311687338805474,3.8776366340977924,3,9,19,"{""1"": 31792, ""10"": 1715, ""11"": 2, ""12"": 1610, ""13"": 447, ""15"": 89, ""16"": 313, ""19"": 60, ""2"": 1237, ""3"": 20902, ""4"": 5980, ""5"": 94, ""6"": 18327, ""7"": 8322, ""8"": 3, ""9"": 2550}",16380,1223,7.4664224664224665,10,0.01070171120362146,0,0.0,94382,94350,939,0.9952305246422893,700,0.7491197842535021,0,2603,17698,20316,0,20316,20316,1.0,0.0,740,4326,269,3871,611,4611,4615,1.1911650736243864,15.784035133040557
train,stratum,indic_cjk_arabic,ta,uniq_superbpe,16384,observed,32,239434,239341,90715,53671,4.4594101097426915,0.5916441602822025,5982,11.145683888878537,4.4594101097426915,6,9,19,"{""1"": 12361, ""10"": 1051, ""11"": 1, ""13"": 362, ""16"": 132, ""19"": 42, ""2"": 829, ""3"": 11559, ""4"": 700, ""5"": 57, ""6"": 20581, ""7"": 4013, ""8"": 1, ""9"": 1982}",16380,771,4.706959706959707,6,0.011179221553539155,0,0.0,55955,55923,2284,4.084187185952112,367,0.683795718358145,0,2821,6995,9822,0,9822,9822,1.0,0.0,710,2678,318,2292,501,3002,3003,1.3097731239092496,21.858638743455497
train,stratum,indic_cjk_arabic,te,uniq_superbpe,16384,observed,32,300221,300203,115621,77892,3.854092846505418,0.6736838463600903,16902,21.699275920505315,3.854092846505418,3,7,13,"{""1"": 26218, ""10"": 659, ""11"": 1, ""12"": 941, ""13"": 41, ""2"": 1284, ""3"": 13517, ""4"": 3865, ""5"": 50, ""6"": 25634, ""7"": 4105, ""8"": 2, ""9"": 1575}",16380,928,5.665445665445666,12,0.015405946695424434,0,0.0,78337,78305,445,0.5682906583232233,109,0.13993734915010528,0,4472,9607,14088,0,14088,14088,1.0,0.0,847,3578,360,3096,654,3943,3944,1.273578811369509,21.124031007751938
train,stratum,indic_cjk_arabic,ur,uniq_superbpe,16384,observed,32,431064,430336,244935,107670,3.9968050524751555,0.4395860126155919,1565,1.4535153710411441,3.9968050524751555,4,8,21,"{""1"": 10866, ""10"": 324, ""11"": 867, ""12"": 513, ""13"": 25, ""14"": 364, ""15"": 146, ""16"": 330, ""18"": 26, ""2"": 24789, ""20"": 28, ""21"": 123, ""3"": 9656, ""4"": 22990, ""5"": 22413, ""6"": 3174, ""7"": 8306, ""8"": 292, ""9"": 2438}",16380,1393,8.504273504273504,45,0.041794371691278906,0,0.0,111970,111938,4300,3.8414122103307187,3481,3.2330268412742638,0,4771,45203,51869,0,51869,51869,1.0,0.0,1287,6090,607,5415,1169,6702,6704,1.237673130193906,21.588180978762697
train,stratum,indic_cjk_arabic,zh,uniq_superbpe,16384,observed,32,616082,612143,250435,184903,3.3106169180597393,0.7383273104797652,4,0.002163296431101713,3.3106169180597393,3,7,13,"{""1"": 33224, ""10"": 1347, ""12"": 3775, ""13"": 234, ""2"": 8803, ""3"": 112180, ""4"": 857, ""5"": 152, ""6"": 17206, ""7"": 4287, ""8"": 14, ""9"": 2824}",16380,4603,28.1013431013431,2871,1.5527060134232544,0,0.0,185568,185536,665,0.3584210072438772,311,0.16819629751815818,0,11263,10886,22179,0,22179,22179,1.0,0.0,842,8515,365,8042,613,8884,8899,1.104700323302661,7.6224819696592885
train,stratum,latin_english,en,uniq_superbpe,16384,observed,32,128944,128943,128062,43336,2.9754245892560456,0.33839858818384844,0,0.0,2.9754245892560456,3,7,16,"{""1"": 10446, ""10"": 150, ""11"": 57, ""12"": 36, ""13"": 7, ""14"": 3, ""16"": 3, ""2"": 8572, ""3"": 11329, ""4"": 5960, ""5"": 3315, ""6"": 1387, ""7"": 1057, ""8"": 636, ""9"": 378}",16380,2449,14.951159951159951,246,0.5676573749307735,0,0.0,47003,46971,3667,7.806944710566094,3046,7.028798227801366,9,1773,17227,20615,9,20624,20624,1.0004365753092408,0.043657530924084406,607,2921,1301,3650,509,4257,4258,1.1663013698630138,13.945205479452055
validation,stratum,flores200,am,uniq_superbpe,16384,observed,500,109651,109651,42703,29936,3.6628474078033135,0.701028030817507,5,0.016702298236237305,3.6628474078033135,3,7,13,"{""1"": 2028, ""10"": 486, ""11"": 28, ""13"": 12, ""2"": 217, ""3"": 18843, ""4"": 3548, ""5"": 7, ""6"": 2490, ""7"": 2162, ""9"": 115}",16380,717,4.377289377289378,50,0.16702298236237306,15,0.05010689470871192,30365,29865,429,1.4364640883977902,328,1.0956707642971673,0,1589,6357,7974,0,7974,7974,1.0,0.0,53,1140,72,1159,51,1212,1212,1.0457290767903364,4.400345125107852
validation,stratum,flores200,ar,uniq_superbpe,16384,observed,500,99690,99690,54980,27226,3.661573495923015,0.4951982539105129,782,2.872254462646,3.661573495923015,4,7,25,"{""1"": 2742, ""11"": 28, ""12"": 22, ""13"": 1, ""2"": 6626, ""25"": 6, ""3"": 2252, ""4"": 9126, ""5"": 2539, ""6"": 919, ""7"": 2554, ""8"": 85, ""9"": 326}",16380,736,4.493284493284493,32,0.11753470946889003,16,0.05876735473444501,27552,27052,326,1.2050865000739317,235,0.8631455226621612,0,978,7817,8843,0,8843,8843,1.0,0.0,73,1102,195,1226,69,1299,1299,1.0595432300163132,5.628058727569331
validation,stratum,flores200,bg,uniq_superbpe,16384,observed,486,114716,114709,63267,26953,4.25588988238786,0.4260198839837514,2,0.007420324268170519,4.25588988238786,4,8,18,"{""1"": 2466, ""10"": 133, ""11"": 168, ""12"": 47, ""13"": 47, ""14"": 27, ""15"": 7, ""17"": 23, ""18"": 13, ""2"": 3969, ""3"": 2319, ""4"": 7775, ""5"": 3793, ""6"": 3518, ""7"": 1035, ""8"": 1048, ""9"": 565}",16380,1051,6.416361416361417,4,0.014840648536341037,2,0.007420324268170519,27525,27039,572,2.115462849957469,498,1.8476607427744594,0,991,8341,9430,0,9430,9430,1.0,0.0,79,1435,332,1688,74,1767,1767,1.0468009478672986,4.38388625592417
validation,stratum,flores200,bn,uniq_superbpe,16384,observed,485,158318,160235,59847,44886,3.569821325134786,0.7500125319564891,14885,33.161787639798604,3.569821325134786,3,9,20,"{""1"": 17284, ""10"": 1075, ""12"": 106, ""13"": 367, ""16"": 153, ""19"": 30, ""2"": 166, ""20"": 23, ""3"": 11171, ""4"": 2268, ""5"": 1, ""6"": 8274, ""7"": 2799, ""9"": 1169}",16380,397,2.4236874236874235,7,0.015595063048612039,3,0.00668359844940516,46256,45771,1370,2.9931616088789843,810,1.8045715813393932,32,1668,6878,8537,32,8569,8569,1.0037483893639452,0.374838936394518,127,1175,102,1155,89,1282,1283,1.10995670995671,7.705627705627705
validation,stratum,flores200,fa,uniq_superbpe,16384,observed,523,114142,114142,63254,28619,3.9883294314965583,0.4524456951339046,22,0.07687200810650267,3.9883294314965583,4,7,15,"{""1"": 2048, ""10"": 58, ""11"": 131, ""12"": 107, ""13"": 8, ""14"": 24, ""15"": 31, ""2"": 5650, ""3"": 3038, ""4"": 8223, ""5"": 5100, ""6"": 1783, ""7"": 1461, ""8"": 460, ""9"": 497}",16380,956,5.836385836385836,3,0.010482546559977638,2,0.006988364373318425,29020,28497,401,1.4071656665613925,330,1.1530801215975401,0,1097,10111,11397,0,11397,11397,1.0,0.0,34,1283,96,1345,33,1379,1379,1.0252788104089219,2.453531598513011
validation,stratum,flores200,gu,uniq_superbpe,16384,observed,461,144544,144544,55214,41176,3.51039440450748,0.745752888760097,13790,33.49038274723139,3.51039440450748,3,9,19,"{""1"": 16470, ""10"": 729, ""12"": 17, ""13"": 163, ""14"": 23, ""16"": 23, ""17"": 84, ""19"": 73, ""2"": 171, ""3"": 8866, ""4"": 3053, ""6"": 7278, ""7"": 2949, ""9"": 1277}",16380,423,2.5824175824175826,24,0.05828638041577618,24,0.05828638041577618,41587,41126,411,0.999367796527744,297,0.7212939576452302,25,1351,7265,8698,25,8723,8723,1.002874223959531,0.28742239595309266,120,1194,67,1146,93,1266,1266,1.1047120418848169,8.115183246073299
validation,stratum,flores200,hi,uniq_superbpe,16384,observed,465,148508,148664,57809,38649,3.846516080623043,0.6685637184521441,12455,32.22593081321639,3.846516080623043,3,9,30,"{""1"": 14579, ""10"": 806, ""12"": 39, ""13"": 392, ""14"": 37, ""16"": 131, ""17"": 112, ""19"": 9, ""2"": 130, ""22"": 6, ""23"": 53, ""3"": 7865, ""30"": 18, ""4"": 2589, ""5"": 10, ""6"": 5575, ""7"": 5256, ""9"": 1042}",16380,554,3.382173382173382,3,0.007762167197081425,2,0.005174778131387617,39583,39118,934,2.387647630246945,638,1.6507542239126498,7,1084,9542,10857,7,10864,10864,1.0006447453255964,0.06447453255963895,36,1139,79,1189,30,1225,1225,1.0302775441547518,2.5231286795626575
validation,stratum,flores200,ja,uniq_superbpe,16384,observed,498,79586,79352,27145,24460,3.2441537203597712,0.9010867563087125,60,0.24529844644317253,3.2441537203597712,3,6,12,"{""1"": 592, ""12"": 85, ""2"": 143, ""3"": 21536, ""4"": 7, ""5"": 1, ""6"": 2017, ""9"": 79}",16380,1609,9.822954822954824,698,2.8536385936222404,209,0.8544562551103843,24461,23963,1,0.004173100196135709,0,0.0,0,9,22,31,0,31,31,1.0,0.0,26,1682,1,1657,26,1683,1683,1.015691007845504,1.5691007845503924
validation,stratum,flores200,kn,uniq_superbpe,16384,observed,502,183506,183479,67713,46934,3.9092981633783612,0.6931313041808811,10400,22.158776153747816,3.9092981633783612,3,7,12,"{""1"": 14021, ""10"": 302, ""12"": 214, ""2"": 266, ""3"": 9970, ""4"": 2744, ""5"": 4, ""6"": 15941, ""7"": 2231, ""9"": 1241}",16380,445,2.716727716727717,12,0.02556781863893979,2,0.0042613031064899646,47102,46600,168,0.3605150214592275,37,0.07883410747006435,354,2236,5538,7420,336,7774,7778,1.047708894878706,4.528301886792453,33,1198,140,1312,30,1345,1345,1.0251524390243902,2.2865853658536586
validation,stratum,flores200,ko,uniq_superbpe,16384,observed,515,77684,77684,32348,24213,3.2083591459133523,0.7485161370100161,33,0.13629042250030976,3.2083591459133523,3,6,12,"{""1"": 3014, ""10"": 59, ""12"": 58, ""2"": 398, ""3"": 14409, ""4"": 4713, ""5"": 28, ""6"": 902, ""7"": 354, ""8"": 23, ""9"": 255}",16380,1369,8.357753357753358,766,3.163589807128402,193,0.79709247098666,25570,25055,1357,5.416084613849531,222,0.9168628422748111,2,1558,5493,7069,1,7071,7071,1.000282925449144,0.014146272457207525,91,1102,153,1166,77,1257,1257,1.0780445969125214,6.60377358490566
validation,stratum,flores200,ml,uniq_superbpe,16384,observed,503,200513,200492,72763,51355,3.904040502385357,0.7057845333479928,16965,33.034758056664394,3.904040502385357,3,12,15,"{""1"": 19877, ""10"": 347, ""12"": 3156, ""13"": 29, ""15"": 209, ""2"": 226, ""3"": 11104, ""4"": 3269, ""5"": 1, ""6"": 8758, ""7"": 1521, ""8"": 1, ""9"": 2857}",16380,419,2.557997557997558,22,0.04283906143510856,0,0.0,51485,50982,130,0.2549919579459417,16,0.031155681043715314,49,1523,5398,6872,46,6921,6928,1.007130384167637,0.6693830034924331,112,1262,123,1280,88,1392,1392,1.0875,6.875
validation,stratum,flores200,mr,uniq_superbpe,16384,observed,505,171557,171557,64243,43817,3.9153068443754706,0.6820509627508056,13115,29.931305201177626,3.9153068443754706,3,10,19,"{""1"": 15770, ""10"": 893, ""12"": 899, ""13"": 220, ""15"": 167, ""16"": 113, ""19"": 63, ""2"": 173, ""3"": 9383, ""4"": 2591, ""6"": 8709, ""7"": 3469, ""9"": 1367}",16380,517,3.156288156288156,3,0.006846657689937695,2,0.004564438459958463,44105,43600,288,0.6605504587155964,196,0.44731496907592944,35,1246,7536,8747,34,8782,8782,1.0040013718989367,0.3887046987538585,162,1270,80,1194,115,1356,1356,1.135678391959799,9.631490787269682
validation,stratum,flores200,ru,uniq_superbpe,16384,observed,494,124731,124729,68235,29625,4.210261603375527,0.4341613541437679,4,0.01350210970464135,4.210261603375527,4,8,17,"{""1"": 2675, ""10"": 279, ""11"": 208, ""12"": 105, ""13"": 25, ""15"": 10, ""16"": 24, ""17"": 19, ""2"": 5252, ""3"": 2378, ""4"": 8427, ""5"": 2945, ""6"": 4303, ""7"": 1462, ""8"": 1206, ""9"": 307}",16380,1128,6.886446886446887,3,0.010126582278481013,2,0.006751054852320675,30178,29684,553,1.862956474868616,428,1.4447257383966245,9,1120,7816,8971,9,8980,8980,1.0010032326385019,0.10032326385018392,70,1409,437,1780,67,1850,1856,1.0393258426966292,3.764044943820225
validation,stratum,flores200,sw,uniq_superbpe,16384,observed,500,66996,66996,66926,29188,2.2953268466493078,0.43612347966410664,2,0.006852131012744964,2.2953268466493078,2,4,12,"{""1"": 7441, ""10"": 12, ""11"": 13, ""12"": 7, ""2"": 10023, ""3"": 9321, ""4"": 1489, ""5"": 322, ""6"": 296, ""7"": 255, ""8"": 9}",16380,1081,6.599511599511599,6,0.02055639303823489,2,0.006852131012744964,30559,30059,1371,4.561029974383712,1135,3.888584349732767,0,1421,8060,9790,0,9790,9790,1.0,0.0,52,1098,201,1252,49,1304,1305,1.0415335463258786,3.913738019169329
validation,stratum,flores200,ta,uniq_superbpe,16384,observed,498,197237,197234,72334,42815,4.606656545603176,0.5919069870323775,5175,12.086885437346725,4.606656545603176,6,9,19,"{""1"": 8772, ""10"": 796, ""13"": 312, ""16"": 119, ""19"": 63, ""2"": 418, ""3"": 9762, ""4"": 482, ""5"": 5, ""6"": 17006, ""7"": 3243, ""9"": 1837}",16380,414,2.5274725274725274,18,0.04204134065164078,0,0.0,44990,44492,2175,4.888519284365729,325,0.7590797617657363,47,2145,5444,7542,44,7589,7589,1.0062317687616018,0.5833996287456908,161,1270,323,1443,127,1604,1604,1.1115731115731116,8.801108801108802
validation,stratum,flores200,te,uniq_superbpe,16384,observed,495,169262,169259,63608,43002,3.936072740802753,0.676047038108414,9740,22.65010929724199,3.936072740802753,3,7,13,"{""1"": 14050, ""10"": 472, ""12"": 429, ""13"": 52, ""2"": 492, ""3"": 7421, ""4"": 1977, ""5"": 8, ""6"": 15013, ""7"": 2200, ""9"": 888}",16380,666,4.065934065934066,68,0.15813217989860937,67,0.15580670666480628,43233,42738,231,0.5405025972202724,71,0.1651085996000186,101,2735,5087,7721,94,7822,7825,1.0130812070975261,1.217458878383629,189,1310,176,1300,115,1489,1489,1.1453846153846154,8.846153846153847
validation,stratum,flores200,uk,uniq_superbpe,16384,observed,516,120968,120966,66197,30382,3.9815022052531104,0.4589633971328006,2,0.006582845105654664,3.9815022052531104,4,8,17,"{""1"": 2902, ""10"": 265, ""11"": 41, ""12"": 51, ""13"": 21, ""15"": 4, ""17"": 4, ""2"": 6106, ""3"": 2395, ""4"": 9014, ""5"": 2960, ""6"": 4040, ""7"": 1436, ""8"": 882, ""9"": 261}",16380,1035,6.318681318681318,2,0.006582845105654664,2,0.006582845105654664,30913,30397,531,1.7468829160772446,359,1.1816206964650122,6,1368,7570,8942,6,8948,8948,1.000670990829792,0.06709908297919928,56,1458,479,1892,53,1948,1957,1.029598308668076,2.8012684989429175
validation,stratum,flores200,ur,uniq_superbpe,16384,observed,498,112125,112125,62990,27483,4.079794782229015,0.4363073503730751,272,0.9897027253211076,4.079794782229015,4,7,21,"{""1"": 1617, ""10"": 40, ""11"": 278, ""12"": 136, ""13"": 7, ""14"": 65, ""15"": 27, ""16"": 91, ""2"": 6557, ""20"": 2, ""21"": 12, ""3"": 2461, ""4"": 6665, ""5"": 5938, ""6"": 921, ""7"": 2024, ""8"": 55, ""9"": 587}",16380,877,5.354090354090354,6,0.021831677764436196,2,0.007277225921478732,28478,27980,995,3.556111508220157,820,2.98366262780628,4,896,11693,12949,3,12953,12953,1.0003089041624835,0.02316781218626921,29,1055,114,1140,29,1169,1169,1.025438596491228,2.543859649122807
validation,stratum,flores200,yo,uniq_superbpe,16384,observed,487,80134,79356,59988,38948,2.0374858786073737,0.6492631859705275,95,0.24391496354113176,2.0374858786073737,2,5,11,"{""1"": 12727, ""11"": 2, ""2"": 18250, ""3"": 4691, ""4"": 653, ""5"": 2472, ""6"": 77, ""7"": 35, ""8"": 14, ""9"": 27}",16380,1042,6.361416361416361,103,0.2644551709972271,46,0.11810619287254802,39588,39101,640,1.6367867829467277,366,0.9397144911163603,0,3890,7540,11632,0,11632,11632,1.0,0.0,50,1005,346,1305,47,1355,1355,1.0383141762452108,3.6015325670498086
validation,stratum,flores200,zh,uniq_superbpe,16384,observed,487,58268,56546,21068,19938,2.8360918848430132,0.9463641541674578,132,0.662052362323202,2.8360918848430132,3,3,6,"{""1"": 1739, ""2"": 453, ""3"": 17493, ""4"": 47, ""5"": 2, ""6"": 204}",16380,2173,13.266178266178267,927,4.649413180860668,224,1.123482796669676,19992,19505,54,0.2768520892078954,3,0.01504664459825459,0,289,285,574,0,574,574,1.0,0.0,96,1793,53,1750,89,1846,1846,1.054857142857143,5.085714285714285
train,stratum,code,c,uniq_superbpe,32768,observed,32,269690,269690,269687,118646,2.273064410093893,0.4399396337235388,0,0.0,2.273064410093893,1,7,16,"{""1"": 68292, ""10"": 579, ""11"": 302, ""12"": 195, ""13"": 150, ""14"": 130, ""15"": 95, ""16"": 442, ""2"": 16456, ""3"": 11249, ""4"": 7844, ""5"": 4496, ""6"": 4346, ""7"": 2079, ""8"": 1384, ""9"": 607}",32764,3048,9.302893419606885,137,0.11546954806736004,0,0.0,136988,136956,18342,13.392622448085516,5359,4.516797869291843,1276,10506,17360,29300,908,30576,58507,1.0435494880546075,3.098976109215017,9196,28651,6026,27272,4725,36468,37462,1.3371956585508946,17.32546201232033
train,stratum,code,cpp,uniq_superbpe,32768,observed,32,735578,735578,735574,303515,2.42353096222592,0.41262333905222315,0,0.0,2.42353096222592,1,7,16,"{""1"": 174521, ""10"": 1735, ""11"": 960, ""12"": 1138, ""13"": 1912, ""14"": 229, ""15"": 753, ""16"": 2973, ""2"": 39864, ""3"": 31108, ""4"": 17042, ""5"": 10487, ""6"": 12179, ""7"": 4335, ""8"": 3019, ""9"": 1260}",32764,3634,11.091441826394824,165,0.054363046307431266,0,0.0,359324,359292,55809,15.533048328379145,12418,4.091395812398069,1000,21927,27879,57265,766,58265,106124,1.0174626735353183,1.3376407928053784,21091,79852,13856,79901,11901,100992,108024,1.2639641556426078,14.894682169184366
train,stratum,code,go,uniq_superbpe,32768,observed,32,514454,514454,514451,194452,2.6456606257585418,0.37797963265694884,0,0.0,2.6456606257585418,2,7,16,"{""1"": 90860, ""10"": 950, ""11"": 552, ""12"": 250, ""13"": 159, ""14"": 119, ""15"": 278, ""16"": 426, ""2"": 25696, ""3"": 26332, ""4"": 20572, ""5"": 10091, ""6"": 7201, ""7"": 5516, ""8"": 3696, ""9"": 1754}",32764,3443,10.508484922475889,252,0.12959496430995823,0,0.0,221927,221895,27475,12.381982469185877,9752,5.015119412502829,371,20498,29737,57639,289,58010,90448,1.0064366140980934,0.5013966238137372,10192,43216,8101,44581,7871,54773,55727,1.2286175725084678,17.65550346560194
train,stratum,code,java,uniq_superbpe,32768,observed,32,175611,175539,174303,58598,2.995648315642172,0.33618468987911854,0,0.0,2.995648315642172,1,11,16,"{""1"": 30040, ""10"": 415, ""11"": 309, ""12"": 502, ""13"": 704, ""14"": 198, ""15"": 259, ""16"": 1072, ""2"": 5763, ""3"": 6760, ""4"": 5398, ""5"": 2206, ""6"": 2245, ""7"": 1417, ""8"": 642, ""9"": 668}",32764,2301,7.022952020510316,68,0.11604491620874433,0,0.0,71920,71888,13322,18.531604718450925,2398,4.09228983924366,1284,4490,7138,11829,899,13113,49454,1.1085467917829064,7.599966184800068,6510,15512,3630,13893,4087,20403,22783,1.4685812999352192,29.417692363060535
train,stratum,code,javascript,uniq_superbpe,32768,observed,32,112493,112471,110533,48703,2.309323860953124,0.4406195434847512,0,0.0,2.309323860953124,1,7,16,"{""1"": 26141, ""10"": 248, ""11"": 193, ""12"": 115, ""13"": 74, ""14"": 64, ""15"": 56, ""16"": 125, ""2"": 8892, ""3"": 4969, ""4"": 2931, ""5"": 1396, ""6"": 1532, ""7"": 976, ""8"": 689, ""9"": 302}",32764,2341,7.1450372359907215,60,0.1231956963636737,0,0.0,56177,56145,7474,13.311960103303946,1256,2.5788965772129027,232,2113,5919,8556,190,8788,21564,1.0271154745208042,2.2206638616175782,4366,14813,2633,13681,3150,18047,18756,1.3191287186609166,23.024632702287846
train,stratum,code,python,uniq_superbpe,32768,observed,32,193155,193153,192883,64209,3.00819199800651,0.33289092351321786,0,0.0,3.00819199800651,2,9,16,"{""1"": 29463, ""10"": 627, ""11"": 465, ""12"": 111, ""13"": 110, ""14"": 457, ""15"": 170, ""16"": 765, ""2"": 6913, ""3"": 8376, ""4"": 6560, ""5"": 3888, ""6"": 2852, ""7"": 1778, ""8"": 903, ""9"": 771}",32764,2854,8.71078012452692,108,0.1682007195253002,0,0.0,74786,74754,10577,14.149075634748643,2112,3.2892585151614258,961,4858,10736,15774,651,16735,53313,1.0609230379104857,4.127044503613542,4311,16079,3390,15569,2343,19880,20660,1.2768963966857216,15.049136103796005
train,stratum,code,rust,uniq_superbpe,32768,observed,32,405448,405448,405437,146405,2.7693589699805337,0.36110419128002624,0,0.0,2.7693589699805337,1,9,16,"{""1"": 77701, ""10"": 984, ""11"": 944, ""12"": 639, ""13"": 321, ""14"": 718, ""15"": 676, ""16"": 2230, ""2"": 15935, ""3"": 17136, ""4"": 10571, ""5"": 7147, ""6"": 5486, ""7"": 2828, ""8"": 2000, ""9"": 1089}",32764,3360,10.255158100354047,244,0.16666097469348726,0,0.0,183177,183145,36772,20.078080209669935,7309,4.99231583620778,1844,10186,27824,40433,1614,42277,119816,1.045606311676106,3.9917888853164496,16130,42301,11457,40473,10437,56603,61490,1.398537296469251,25.787562078422653
train,stratum,code,sql,uniq_superbpe,32768,observed,32,962841,962820,962198,313089,3.075227810622539,0.3253893689240676,0,0.0,3.075227810622539,2,12,16,"{""1"": 140532, ""10"": 1883, ""11"": 2258, ""12"": 3770, ""13"": 6312, ""14"": 2819, ""15"": 2504, ""16"": 3004, ""2"": 40415, ""3"": 62563, ""4"": 17732, ""5"": 7545, ""6"": 10878, ""7"": 4808, ""8"": 4456, ""9"": 1610}",32764,3586,10.944939567818338,161,0.05142307778299461,0,0.0,562368,562336,249279,44.32919108860183,54027,17.256115673179192,668,12310,73193,114802,548,115470,127526,1.005818713959687,0.4773436002857093,20249,51444,55585,151826,11712,172075,212438,1.1333697785623016,7.714093765231252
train,stratum,code,typescript,uniq_superbpe,32768,observed,32,734901,734901,727952,237012,3.100691104247886,0.3255874013671231,0,0.0,3.100691104247886,1,11,16,"{""1"": 125076, ""10"": 2474, ""11"": 7367, ""12"": 788, ""13"": 1631, ""14"": 2983, ""15"": 2438, ""16"": 3317, ""2"": 27866, ""3"": 20591, ""4"": 17283, ""5"": 9009, ""6"": 8621, ""7"": 3607, ""8"": 2321, ""9"": 1640}",32764,4029,12.297033329263826,220,0.0928223043558976,0,0.0,321873,321841,84861,26.36736773748528,18097,7.635478372403085,2550,15227,48063,67400,2372,69950,232361,1.0378338278931751,3.5192878338278932,16861,45906,21691,53480,11790,70341,77045,1.3152767389678384,22.045624532535527
train,stratum,cyrillic_african,am,uniq_superbpe,32768,observed,32,390554,390552,158149,87190,4.479321023053102,0.5513155315556848,0,0.0,4.479321023053102,3,10,22,"{""1"": 10084, ""10"": 4024, ""11"": 65, ""12"": 187, ""13"": 1208, ""15"": 51, ""16"": 502, ""17"": 19, ""19"": 160, ""2"": 1305, ""21"": 16, ""22"": 5, ""3"": 35693, ""4"": 8654, ""5"": 80, ""6"": 14318, ""7"": 9509, ""8"": 7, ""9"": 1303}",32764,2462,7.514345012818947,264,0.30278701685973164,0,0.0,87745,87713,555,0.6327454311219546,378,0.4335359559582521,0,4345,25029,29475,0,29475,29475,1.0,0.0,1707,6936,268,5507,1353,7214,7214,1.30996913019793,24.568730706373707
train,stratum,cyrillic_african,bg,uniq_superbpe,32768,observed,32,249249,249242,140975,50635,4.9223264540337714,0.3591771590707572,0,0.0,4.9223264540337714,4,11,25,"{""1"": 7388, ""10"": 969, ""11"": 1055, ""12"": 414, ""13"": 648, ""14"": 63, ""15"": 317, ""16"": 89, ""17"": 270, ""18"": 48, ""19"": 150, ""2"": 5942, ""21"": 76, ""23"": 21, ""25"": 7, ""3"": 4352, ""4"": 8172, ""5"": 6295, ""6"": 6643, ""7"": 2903, ""8"": 3051, ""9"": 1762}",32764,3133,9.562324502502747,457,0.9025377703169745,0,0.0,52777,52745,2142,4.0610484406104845,1942,3.8352917942134885,0,1732,19397,21662,0,21662,21662,1.0,0.0,853,4220,1185,4555,699,5408,5410,1.1872667398463228,15.345773874862788
train,stratum,cyrillic_african,ru,uniq_superbpe,32768,observed,32,231857,231855,128599,46193,5.019266988504752,0.35920186004556803,0,0.0,5.019266988504752,4,11,27,"{""1"": 5815, ""10"": 1125, ""11"": 1047, ""12"": 428, ""13"": 568, ""14"": 177, ""15"": 327, ""16"": 87, ""17"": 266, ""18"": 12, ""19"": 93, ""2"": 6458, ""20"": 9, ""21"": 105, ""23"": 9, ""25"": 46, ""27"": 3, ""3"": 3492, ""4"": 8500, ""5"": 3907, ""6"": 6616, ""7"": 3072, ""8"": 2756, ""9"": 1275}",32764,3087,9.42192650470028,573,1.2404476868789645,0,0.0,47544,47512,1351,2.843492170399057,1117,2.4181152988548047,0,1718,15362,17172,0,17172,17172,1.0,0.0,671,3407,1144,3902,558,4573,4584,1.171963095848283,14.300358790363916
train,stratum,cyrillic_african,sw,uniq_superbpe,32768,observed,32,302841,302851,302208,118957,2.545886328673386,0.3936262441761965,58,0.048757113915112185,2.545886328673386,2,5,15,"{""1"": 27791, ""10"": 257, ""11"": 37, ""12"": 77, ""13"": 53, ""15"": 124, ""2"": 33257, ""3"": 41761, ""4"": 8291, ""5"": 3450, ""6"": 1814, ""7"": 1243, ""8"": 404, ""9"": 398}",32764,2402,7.331217189598339,160,0.13450238321410257,0,0.0,129168,129136,10211,7.9071676372196755,7225,6.073623242011819,5,4693,37656,44629,5,44634,44634,1.0001120347755943,0.011203477559434448,1167,6393,1865,7131,1022,8298,8300,1.163651661758519,14.331790772682654
train,stratum,cyrillic_african,uk,uniq_superbpe,32768,observed,32,184737,184724,102382,39605,4.6641585658376465,0.3868355765661933,0,0.0,4.6641585658376465,4,11,27,"{""1"": 5234, ""10"": 795, ""11"": 717, ""12"": 330, ""13"": 408, ""14"": 25, ""15"": 239, ""16"": 17, ""17"": 188, ""18"": 14, ""19"": 98, ""2"": 6613, ""21"": 28, ""23"": 13, ""27"": 3, ""3"": 3211, ""4"": 7538, ""5"": 3355, ""6"": 5481, ""7"": 2159, ""8"": 2132, ""9"": 1007}",32764,2660,8.118666829446955,449,1.133695240499937,0,0.0,40583,40551,978,2.411777761337575,752,1.8987501578083574,0,1517,12192,13725,0,13725,13725,1.0,0.0,614,3330,858,3601,531,4215,4222,1.170508192168842,14.745903915579007
train,stratum,cyrillic_african,yo,uniq_superbpe,32768,observed,32,145697,145693,125826,52504,2.7748933414596983,0.4172746491186241,0,0.0,2.7748933414596983,3,7,19,"{""1"": 13770, ""10"": 280, ""11"": 207, ""12"": 155, ""13"": 41, ""14"": 73, ""15"": 44, ""16"": 10, ""17"": 12, ""18"": 13, ""19"": 8, ""2"": 12195, ""3"": 16518, ""4"": 3913, ""5"": 2124, ""6"": 1339, ""7"": 935, ""8"": 577, ""9"": 290}",32764,1834,5.597607129776584,118,0.22474478134999237,0,0.0,58266,58234,5762,9.89456331352818,3728,7.100411397226878,0,2934,18285,24259,0,24259,24259,1.0,0.0,670,3059,1006,3401,567,4071,4073,1.1970008820935019,16.671567186121727
train,stratum,indic_cjk_arabic,ar,uniq_superbpe,32768,observed,32,215274,215273,120548,48805,4.410880032783527,0.404859475063875,1460,2.991496772871632,4.410880032783527,4,9,21,"{""1"": 7083, ""10"": 370, ""11"": 690, ""12"": 170, ""13"": 376, ""14"": 65, ""15"": 125, ""16"": 7, ""17"": 19, ""19"": 13, ""2"": 7234, ""21"": 12, ""3"": 3167, ""4"": 10626, ""5"": 6276, ""6"": 4871, ""7"": 4537, ""8"": 1061, ""9"": 2103}",32764,2443,7.456354535465755,447,0.91588976539289,0,0.0,49479,49447,674,1.3630756163164601,617,1.264214732097121,0,1978,17564,19769,0,19769,19769,1.0,0.0,712,3478,255,3044,600,3756,3756,1.2339027595269383,19.71090670170828
train,stratum,indic_cjk_arabic,bn,uniq_superbpe,32768,observed,32,274908,278982,106840,54303,5.137506215126236,0.5082646948708349,7533,13.872161759018839,5.137506215126236,6,12,29,"{""1"": 11639, ""10"": 2549, ""12"": 1227, ""13"": 1078, ""15"": 65, ""16"": 484, ""18"": 2, ""19"": 219, ""2"": 464, ""20"": 26, ""21"": 11, ""22"": 37, ""23"": 16, ""24"": 21, ""25"": 23, ""26"": 48, ""28"": 6, ""29"": 3, ""3"": 11974, ""4"": 1803, ""5"": 73, ""6"": 12432, ""7"": 7127, ""8"": 8, ""9"": 2968}",32764,1340,4.089854718593578,227,0.4180247868441891,0,0.0,55953,55921,1650,2.950591012320953,1031,1.8986059702042244,0,1581,13901,15587,0,15587,15587,1.0,0.0,422,2740,310,2650,373,3072,3073,1.159245283018868,14.075471698113208
train,stratum,indic_cjk_arabic,fa,uniq_superbpe,32768,observed,32,198722,198737,111850,38583,5.150895472099111,0.34495306213679033,132,0.34211958634631834,5.150895472099111,5,11,21,"{""1"": 4310, ""10"": 357, ""11"": 1527, ""12"": 319, ""13"": 492, ""14"": 85, ""15"": 391, ""16"": 94, ""17"": 11, ""18"": 36, ""19"": 5, ""2"": 5115, ""20"": 29, ""21"": 1, ""3"": 2878, ""4"": 5227, ""5"": 6760, ""6"": 3167, ""7"": 3893, ""8"": 1053, ""9"": 2833}",32764,2398,7.319008668050299,323,0.8371562605292486,0,0.0,39553,39521,970,2.454391336251613,913,2.3663271388953686,0,1280,19394,21334,0,21334,21334,1.0,0.0,484,2831,81,2455,387,2939,2939,1.1971486761710795,15.763747454175153
train,stratum,indic_cjk_arabic,gu,uniq_superbpe,32768,observed,32,266235,266235,106404,52052,5.11478905709675,0.4891921356339987,6756,12.979328363943749,5.11478905709675,6,10,32,"{""1"": 11839, ""10"": 2865, ""11"": 5, ""12"": 563, ""13"": 908, ""14"": 54, ""15"": 96, ""16"": 268, ""17"": 230, ""18"": 5, ""19"": 141, ""2"": 746, ""20"": 1, ""22"": 15, ""26"": 31, ""3"": 8510, ""32"": 7, ""4"": 3282, ""5"": 117, ""6"": 11306, ""7"": 7761, ""8"": 28, ""9"": 3274}",32764,1650,5.03601513856672,239,0.4591562283869976,0,0.0,53012,52980,960,1.812004530011325,654,1.256435871820487,0,1117,16394,17922,0,17922,17922,1.0,0.0,798,3133,294,2641,522,3439,3439,1.3021582733812949,19.765240439227565
train,stratum,indic_cjk_arabic,hi,uniq_superbpe,32768,observed,32,342431,342710,137684,61824,5.543316511387164,0.44902820952325617,7407,11.980784161490684,5.543316511387164,6,13,30,"{""1"": 13239, ""10"": 3242, ""11"": 5, ""12"": 555, ""13"": 1901, ""14"": 90, ""15"": 71, ""16"": 344, ""17"": 314, ""18"": 10, ""19"": 167, ""2"": 733, ""20"": 290, ""22"": 67, ""23"": 159, ""25"": 20, ""26"": 6, ""3"": 9705, ""30"": 100, ""4"": 2260, ""5"": 54, ""6"": 11070, ""7"": 14290, ""8"": 13, ""9"": 3119}",32764,2021,6.168355512147479,96,0.15527950310559005,0,0.0,64388,64356,2564,3.984088507676052,1655,2.676953933747412,0,1567,23853,26486,0,26486,26486,1.0,0.0,580,3917,193,3542,507,4122,4124,1.1637492941840768,14.313946922642575
train,stratum,indic_cjk_arabic,ja,uniq_superbpe,32768,observed,32,323403,318463,134867,91601,3.4766323511752053,0.6791950588357418,58,0.06331808604709556,3.4766323511752053,3,9,18,"{""1"": 17857, ""10"": 416, ""11"": 1, ""12"": 2276, ""13"": 1, ""15"": 1, ""18"": 67, ""2"": 4811, ""3"": 48473, ""4"": 2122, ""5"": 261, ""6"": 11323, ""7"": 387, ""8"": 37, ""9"": 3568}",32764,4709,14.372481992430716,1557,1.6997631030228928,0,0.0,92311,92279,710,0.7694058236435158,133,0.14519492145282256,2,4702,5704,10438,2,10440,10440,1.0001916075876605,0.019160758766047135,1130,8475,614,7979,840,9109,9129,1.14162175711242,10.527635041985212
train,stratum,indic_cjk_arabic,kn,uniq_superbpe,32768,observed,32,458253,457719,180531,93389,4.9012089218216275,0.5173017376517053,4566,4.889226782597523,4.9012089218216275,6,9,15,"{""1"": 17337, ""10"": 3383, ""11"": 3, ""12"": 755, ""13"": 307, ""14"": 1, ""15"": 1, ""2"": 3532, ""3"": 14376, ""4"": 3227, ""5"": 154, ""6"": 34836, ""7"": 9365, ""8"": 10, ""9"": 6102}",32764,2061,6.290440727627884,101,0.10814978209425093,0,0.0,93764,93732,375,0.4000768147484317,187,0.200237715362623,0,2604,18423,21048,0,21048,21048,1.0,0.0,688,4307,293,3917,600,4605,4606,1.1756446259892774,15.317845289762573
train,stratum,indic_cjk_arabic,ko,uniq_superbpe,32768,observed,32,201347,201183,86266,55017,3.656742461421015,0.6377599517770617,7,0.012723340058527365,3.656742461421015,3,7,14,"{""1"": 8436, ""10"": 960, ""11"": 29, ""12"": 466, ""13"": 13, ""14"": 21, ""2"": 1093, ""3"": 25758, ""4"": 9235, ""5"": 80, ""6"": 3433, ""7"": 5015, ""8"": 32, ""9"": 446}",32764,2764,8.436088389696009,1714,3.115400694330843,0,0.0,55746,55714,729,1.308468248555121,420,0.7634004035116418,1,2766,16163,19009,1,19010,19010,1.000052606660003,0.00526066600031564,846,4639,263,4078,655,4924,4926,1.207454634624816,16.061794997547818
train,stratum,indic_cjk_arabic,ml,uniq_superbpe,32768,observed,32,188792,188704,72486,32998,5.718649615128189,0.4552327345970256,3027,9.173283229286623,5.718649615128189,6,12,25,"{""1"": 6654, ""10"": 623, ""11"": 2, ""12"": 3039, ""13"": 219, ""15"": 569, ""16"": 217, ""18"": 129, ""19"": 71, ""2"": 697, ""21"": 32, ""22"": 16, ""24"": 13, ""25"": 9, ""3"": 4802, ""4"": 2004, ""5"": 57, ""6"": 8050, ""7"": 2650, ""8"": 12, ""9"": 3133}",32764,1416,4.321816628006348,323,0.9788472028607794,0,0.0,33383,33351,385,1.154388174267638,192,0.5818534456633735,0,663,6536,7272,0,7272,7272,1.0,0.0,433,2081,161,1810,323,2243,2245,1.2392265193370167,17.845303867403317
train,stratum,indic_cjk_arabic,mr,uniq_superbpe,32768,observed,32,362326,362338,142528,66565,5.44337114099001,0.46703103951504266,6843,10.280177270337264,5.44337114099001,6,12,26,"{""1"": 13591, ""10"": 3205, ""11"": 72, ""12"": 2374, ""13"": 1107, ""14"": 42, ""15"": 540, ""16"": 765, ""18"": 25, ""19"": 328, ""2"": 985, ""20"": 1, ""21"": 11, ""22"": 69, ""25"": 34, ""26"": 17, ""3"": 11619, ""4"": 2479, ""5"": 118, ""6"": 15923, ""7"": 9881, ""8"": 94, ""9"": 3285}",32764,2091,6.382004639238188,115,0.17276346428303163,0,0.0,67586,67554,1021,1.5113834858039494,657,0.9870051829039285,0,1537,18760,20316,0,20316,20316,1.0,0.0,740,4256,339,3871,611,4611,4615,1.1911650736243864,15.784035133040557
train,stratum,indic_cjk_arabic,ta,uniq_superbpe,32768,observed,32,239434,239341,90715,42730,5.60124034636087,0.4710356611365265,867,2.0290194242920663,5.60124034636087,6,10,22,"{""1"": 6028, ""10"": 2527, ""11"": 2, ""12"": 124, ""13"": 454, ""15"": 1, ""16"": 57, ""19"": 30, ""2"": 547, ""22"": 58, ""3"": 5476, ""4"": 369, ""5"": 38, ""6"": 18699, ""7"": 4200, ""8"": 4, ""9"": 4116}",32764,1160,3.5404712489317545,193,0.451673297449099,0,0.0,43710,43678,980,2.2436924767617565,295,0.6903814650128716,0,1572,8240,9822,0,9822,9822,1.0,0.0,710,2807,188,2292,501,3002,3003,1.3097731239092496,21.858638743455497
train,stratum,indic_cjk_arabic,te,uniq_superbpe,32768,observed,32,300221,300203,115621,55534,5.405751431555443,0.4803106702069693,3336,6.007130766737494,5.405751431555443,6,12,22,"{""1"": 9995, ""10"": 1506, ""11"": 2, ""12"": 1859, ""13"": 455, ""15"": 220, ""16"": 471, ""18"": 16, ""19"": 13, ""2"": 901, ""22"": 32, ""3"": 6923, ""4"": 2519, ""5"": 105, ""6"": 20073, ""7"": 6384, ""8"": 10, ""9"": 4050}",32764,1534,4.681968013673544,137,0.24669571793856016,0,0.0,55921,55889,387,0.6924439514036751,204,0.36734252890121366,0,1902,12170,14088,0,14088,14088,1.0,0.0,847,3679,259,3096,654,3943,3944,1.273578811369509,21.124031007751938
train,stratum,indic_cjk_arabic,ur,uniq_superbpe,32768,observed,32,431064,430336,244935,85202,5.050773456022159,0.34785555351419767,1416,1.6619328184784394,5.050773456022159,5,11,22,"{""1"": 9259, ""10"": 720, ""11"": 2386, ""12"": 708, ""13"": 742, ""14"": 747, ""15"": 348, ""16"": 336, ""17"": 70, ""18"": 113, ""19"": 17, ""2"": 12940, ""20"": 42, ""21"": 121, ""22"": 17, ""3"": 4759, ""4"": 11300, ""5"": 18157, ""6"": 5078, ""7"": 10363, ""8"": 829, ""9"": 6150}",32764,2925,8.92748138200464,245,0.28755193540057744,0,0.0,89730,89698,4528,5.048050123748578,4105,4.8179620196709,0,3515,45249,51869,0,51869,51869,1.0,0.0,1287,6136,558,5415,1169,6702,6704,1.237673130193906,21.588180978762697
train,stratum,indic_cjk_arabic,zh,uniq_superbpe,32768,observed,32,616082,612143,250435,160012,3.8256068294877883,0.6389362509233933,4,0.0024998125140614454,3.8256068294877883,3,10,13,"{""1"": 29490, ""10"": 1540, ""11"": 3, ""12"": 6586, ""13"": 565, ""2"": 7381, ""3"": 79595, ""4"": 2199, ""5"": 194, ""6"": 21803, ""7"": 4585, ""8"": 22, ""9"": 6049}",32764,5608,17.116347210352828,3070,1.9186061045421594,0,0.0,161317,161285,1305,0.8091267011811389,664,0.41496887733419996,0,9044,13071,22179,0,22179,22179,1.0,0.0,842,8523,351,8042,613,8884,8899,1.104700323302661,7.6224819696592885
train,stratum,latin_english,en,uniq_superbpe,32768,observed,32,128944,128943,128062,38275,3.368856956237753,0.2988786681451172,0,0.0,3.368856956237753,3,8,16,"{""1"": 8687, ""10"": 268, ""11"": 167, ""12"": 80, ""13"": 35, ""14"": 13, ""15"": 3, ""16"": 4, ""2"": 5498, ""3"": 9295, ""4"": 5820, ""5"": 3675, ""6"": 1812, ""7"": 1355, ""8"": 927, ""9"": 636}",32764,3864,11.793431815407153,977,2.5525800130633574,0,0.0,42179,42147,3904,9.262818231428097,3261,8.519921619856303,9,1494,17219,20615,9,20624,20624,1.0004365753092408,0.043657530924084406,606,2889,1332,3650,508,4256,4258,1.166027397260274,13.917808219178083
validation,stratum,flores200,am,uniq_superbpe,32768,observed,500,109651,109651,42703,23409,4.684138579178948,0.5481816265836124,5,0.02135930624973301,4.684138579178948,3,10,22,"{""1"": 1402, ""10"": 1133, ""11"": 29, ""12"": 60, ""13"": 354, ""15"": 9, ""16"": 97, ""17"": 13, ""19"": 36, ""2"": 154, ""22"": 1, ""3"": 10435, ""4"": 2436, ""5"": 8, ""6"": 4156, ""7"": 2721, ""8"": 1, ""9"": 364}",32764,1593,4.862043706507142,135,0.5767012687427913,21,0.08970908624887863,23532,23032,123,0.5340395970823203,114,0.4869921824939126,0,1002,6930,7974,0,7974,7974,1.0,0.0,53,1154,58,1159,51,1212,1212,1.0457290767903364,4.400345125107852
validation,stratum,flores200,ar,uniq_superbpe,32768,observed,500,99690,99690,54980,21845,4.563515678644999,0.39732630047289924,800,3.662165255207141,4.563515678644999,4,9,19,"{""1"": 2483, ""10"": 141, ""11"": 339, ""12"": 60, ""13"": 163, ""14"": 33, ""15"": 48, ""17"": 10, ""19"": 5, ""2"": 3225, ""3"": 1187, ""4"": 5225, ""5"": 2892, ""6"": 2342, ""7"": 2193, ""8"": 483, ""9"": 1016}",32764,1920,5.860090343059455,491,2.247653925383383,18,0.08239871824216068,22117,21617,272,1.2582689549891288,266,1.2176699473563743,0,727,8018,8843,0,8843,8843,1.0,0.0,73,1201,96,1226,69,1299,1299,1.0595432300163132,5.628058727569331
validation,stratum,flores200,bg,uniq_superbpe,32768,observed,486,114716,114709,63267,21933,5.229973099895135,0.3466736213191711,2,0.00911867961519172,5.229973099895135,5,11,25,"{""1"": 2257, ""10"": 449, ""11"": 530, ""12"": 230, ""13"": 330, ""14"": 37, ""15"": 116, ""16"": 53, ""17"": 123, ""18"": 11, ""19"": 40, ""2"": 2336, ""20"": 4, ""21"": 36, ""23"": 6, ""25"": 3, ""3"": 1834, ""4"": 3786, ""5"": 2856, ""6"": 3236, ""7"": 1291, ""8"": 1494, ""9"": 875}",32764,2345,7.157245757538762,521,2.375416039757443,17,0.07750877672912962,22630,22144,697,3.147579479768786,641,2.9225368166689463,0,774,8448,9430,0,9430,9430,1.0,0.0,79,1474,293,1688,74,1767,1767,1.0468009478672986,4.38388625592417
validation,stratum,flores200,bn,uniq_superbpe,32768,observed,485,158318,160235,59847,30722,5.215643512792136,0.5133423563420054,4925,16.030857366056896,5.215643512792136,6,12,28,"{""1"": 6708, ""10"": 1521, ""12"": 674, ""13"": 739, ""15"": 43, ""16"": 291, ""18"": 3, ""19"": 124, ""2"": 108, ""20"": 15, ""21"": 1, ""22"": 28, ""23"": 18, ""24"": 3, ""25"": 30, ""26"": 27, ""28"": 1, ""3"": 6630, ""4"": 811, ""5"": 1, ""6"": 7449, ""7"": 3757, ""9"": 1740}",32764,906,2.7652301306311804,305,0.9927739079487012,11,0.03580496061454332,31575,31090,853,2.7436474750723705,527,1.7153831130785757,32,1023,7486,8537,32,8569,8569,1.0037483893639452,0.374838936394518,127,1219,58,1155,89,1282,1283,1.10995670995671,7.705627705627705
validation,stratum,flores200,fa,uniq_superbpe,32768,observed,523,114142,114142,63254,22035,5.1800317676423875,0.3483574161317861,36,0.16337644656228728,5.1800317676423875,5,11,20,"{""1"": 1640, ""10"": 222, ""11"": 820, ""12"": 158, ""13"": 232, ""14"": 31, ""15"": 74, ""16"": 12, ""17"": 13, ""18"": 18, ""19"": 5, ""2"": 2789, ""20"": 8, ""3"": 1562, ""4"": 3728, ""5"": 3964, ""6"": 2290, ""7"": 2150, ""8"": 843, ""9"": 1476}",32764,2193,6.693321938713222,411,1.865214431586113,20,0.09076469253460404,22525,22002,490,2.2270702663394237,479,2.173814386203767,0,708,10375,11397,0,11397,11397,1.0,0.0,34,1331,40,1345,33,1379,1379,1.0252788104089219,2.453531598513011
validation,stratum,flores200,gu,uniq_superbpe,32768,observed,461,144544,144544,55214,28379,5.093343669614856,0.5139819610968233,5057,17.81951442968392,5.093343669614856,6,10,32,"{""1"": 7009, ""10"": 1399, ""12"": 280, ""13"": 489, ""14"": 23, ""15"": 41, ""16"": 157, ""17"": 143, ""18"": 2, ""19"": 72, ""2"": 125, ""22"": 11, ""26"": 21, ""3"": 4602, ""32"": 9, ""4"": 1508, ""5"": 3, ""6"": 6406, ""7"": 3888, ""8"": 6, ""9"": 2185}",32764,981,2.9941399096569405,415,1.4623489199760387,35,0.12333063180520808,28766,28305,387,1.3672496025437202,266,0.9373128017195814,25,646,7875,8698,25,8723,8723,1.002874223959531,0.28742239595309266,120,1206,55,1146,93,1266,1266,1.1047120418848169,8.115183246073299
validation,stratum,flores200,hi,uniq_superbpe,32768,observed,465,148508,148664,57809,26849,5.537040485679169,0.46444325278070886,4376,16.298558605534655,5.537040485679169,6,13,30,"{""1"": 6066, ""10"": 1192, ""12"": 270, ""13"": 788, ""14"": 25, ""15"": 21, ""16"": 209, ""17"": 150, ""18"": 10, ""19"": 62, ""2"": 91, ""20"": 142, ""22"": 25, ""23"": 73, ""25"": 21, ""26"": 2, ""3"": 4023, ""30"": 32, ""4"": 970, ""5"": 10, ""6"": 5222, ""7"": 5923, ""8"": 1, ""9"": 1521}",32764,1282,3.9128311561469906,81,0.30168721367648704,8,0.029796268017430818,28000,27535,1151,4.180134374432541,744,2.771052925621066,7,677,9731,10857,7,10864,10864,1.0006447453255964,0.06447453255963895,36,1162,56,1189,30,1225,1225,1.0302775441547518,2.5231286795626575
validation,stratum,flores200,ja,uniq_superbpe,32768,observed,498,79586,79352,27145,20970,3.784072484501669,0.7725179591084914,60,0.2861230329041488,3.784072484501669,3,9,18,"{""1"": 541, ""12"": 414, ""18"": 1, ""2"": 98, ""3"": 16023, ""4"": 7, ""5"": 3, ""6"": 3143, ""8"": 1, ""9"": 739}",32764,2043,6.235502380661702,818,3.9008106819265618,216,1.0300429184549356,20971,20473,1,0.004884482000683828,0,0.0,0,7,24,31,0,31,31,1.0,0.0,26,1682,1,1657,26,1683,1683,1.015691007845504,1.5691007845503924
validation,stratum,flores200,kn,uniq_superbpe,32768,observed,502,183506,183479,67713,34549,5.310689166111899,0.5102269874322508,2288,6.622478219340646,5.310689166111899,6,10,13,"{""1"": 5149, ""10"": 1240, ""12"": 419, ""13"": 177, ""2"": 170, ""3"": 5297, ""4"": 1140, ""5"": 11, ""6"": 14567, ""7"": 3529, ""9"": 2850}",32764,969,2.957514345012819,46,0.13314422993429623,3,0.008683319343541057,34652,34150,103,0.30161054172767204,22,0.06367767518596776,354,1473,6301,7420,336,7774,7778,1.047708894878706,4.528301886792453,33,1245,93,1312,30,1345,1345,1.0251524390243902,2.2865853658536586
validation,stratum,flores200,ko,uniq_superbpe,32768,observed,515,77684,77684,32348,20559,3.778588452745756,0.6355570668974898,33,0.16051364365971107,3.778588452745756,3,7,14,"{""1"": 2408, ""10"": 315, ""11"": 7, ""12"": 156, ""13"": 19, ""14"": 7, ""2"": 249, ""3"": 10023, ""4"": 3780, ""5"": 13, ""6"": 1536, ""7"": 1772, ""8"": 6, ""9"": 268}",32764,2071,6.320962031497985,1478,7.189065616031908,238,1.1576438542730678,20799,20284,240,1.1831985801617038,147,0.7150153217568948,2,910,6143,7069,1,7071,7071,1.000282925449144,0.014146272457207525,91,1194,61,1166,77,1257,1257,1.0780445969125214,6.60377358490566
validation,stratum,flores200,ml,uniq_superbpe,32768,observed,503,200513,200492,72763,33354,6.011033159441147,0.4583923147753666,3426,10.271631588415183,6.011033159441147,6,12,25,"{""1"": 5626, ""10"": 818, ""12"": 3672, ""13"": 255, ""15"": 642, ""16"": 245, ""18"": 109, ""19"": 68, ""2"": 148, ""21"": 36, ""22"": 33, ""24"": 28, ""25"": 5, ""3"": 5600, ""4"": 1875, ""5"": 1, ""6"": 8945, ""7"": 2639, ""8"": 1, ""9"": 2608}",32764,912,2.783542912953241,795,2.38352221622594,5,0.014990705762427295,33535,33032,181,0.5479534996367159,110,0.3297955267734005,49,796,6124,6872,46,6921,6928,1.007130384167637,0.6693830034924331,112,1308,77,1280,88,1392,1392,1.0875,6.875
validation,stratum,flores200,mr,uniq_superbpe,32768,observed,505,171557,171557,64243,30647,5.597839919078539,0.477048083059633,4205,13.720755702026299,5.597839919078539,6,13,26,"{""1"": 6316, ""10"": 1380, ""12"": 1274, ""13"": 713, ""14"": 4, ""15"": 300, ""16"": 339, ""18"": 11, ""19"": 174, ""2"": 108, ""21"": 2, ""22"": 35, ""25"": 17, ""26"": 1, ""3"": 5154, ""4"": 1027, ""6"": 7750, ""7"": 4262, ""8"": 3, ""9"": 1777}",32764,1255,3.830423635697717,141,0.46007765849838483,2,0.006525924234019643,30842,30337,195,0.6427794442430036,152,0.49597024178549287,35,692,8090,8747,34,8782,8782,1.0040013718989367,0.3887046987538585,162,1306,44,1194,115,1356,1356,1.135678391959799,9.631490787269682
validation,stratum,flores200,ru,uniq_superbpe,32768,observed,494,124731,124729,68235,24161,5.162410496254294,0.3540851469187367,4,0.016555606142129878,5.162410496254294,4,11,25,"{""1"": 2448, ""10"": 540, ""11"": 657, ""12"": 221, ""13"": 321, ""14"": 108, ""15"": 151, ""16"": 53, ""17"": 100, ""18"": 11, ""19"": 72, ""2"": 3388, ""20"": 6, ""21"": 52, ""23"": 4, ""25"": 24, ""3"": 1835, ""4"": 4582, ""5"": 2084, ""6"": 3518, ""7"": 1679, ""8"": 1619, ""9"": 688}",32764,2549,7.779880356488829,685,2.8351475518397415,13,0.053805719961922106,24641,24147,480,1.9878245744813021,407,1.6845329249617151,9,875,8059,8971,9,8980,8980,1.0010032326385019,0.10032326385018392,71,1469,378,1780,68,1851,1856,1.0398876404494382,3.8202247191011236
validation,stratum,flores200,sw,uniq_superbpe,32768,observed,500,66996,66996,66926,25985,2.5782566865499326,0.388264650509518,2,0.007696748123917645,2.5782566865499326,3,5,13,"{""1"": 5618, ""10"": 48, ""11"": 16, ""12"": 16, ""13"": 2, ""2"": 7192, ""3"": 9458, ""4"": 2055, ""5"": 701, ""6"": 388, ""7"": 329, ""8"": 68, ""9"": 94}",32764,1568,4.7857404468318885,101,0.38868578025784106,10,0.03848374061958822,27832,27332,1847,6.757646714473877,1307,5.029824898980181,0,1119,8148,9790,0,9790,9790,1.0,0.0,51,1078,220,1252,48,1303,1305,1.04073482428115,3.8338658146964857
validation,stratum,flores200,ta,uniq_superbpe,32768,observed,498,197237,197234,72334,33887,5.820344084752265,0.4684795531838416,801,2.363738306725293,5.820344084752265,6,10,22,"{""1"": 3671, ""10"": 1964, ""12"": 110, ""13"": 394, ""16"": 27, ""19"": 37, ""2"": 220, ""22"": 47, ""3"": 4559, ""4"": 261, ""5"": 1, ""6"": 15530, ""7"": 3314, ""9"": 3752}",32764,780,2.3806617018679037,323,0.9531678814884764,10,0.02950984153215097,34679,34181,792,2.3170767385389546,231,0.6816773393926875,47,1289,6300,7542,44,7589,7589,1.0062317687616018,0.5833996287456908,161,1440,153,1443,127,1604,1604,1.1115731115731116,8.801108801108802
validation,stratum,flores200,te,uniq_superbpe,32768,observed,495,169262,169259,63608,30493,5.550749352310366,0.479389384983021,2009,6.58839733709376,5.550749352310366,6,12,22,"{""1"": 4928, ""10"": 968, ""12"": 864, ""13"": 332, ""14"": 1, ""15"": 137, ""16"": 264, ""18"": 3, ""19"": 9, ""2"": 300, ""22"": 23, ""3"": 3914, ""4"": 1161, ""5"": 12, ""6"": 11794, ""7"": 3457, ""9"": 2326}",32764,1204,3.6747649859602003,203,0.6657265601941429,73,0.23939920637523365,30647,30152,154,0.5107455558503582,78,0.25579641229134553,101,1320,6501,7721,94,7822,7825,1.0130812070975261,1.217458878383629,189,1395,91,1300,115,1489,1489,1.1453846153846154,8.846153846153847
validation,stratum,flores200,uk,uniq_superbpe,32768,observed,516,120968,120966,66197,24954,4.847559509497476,0.376965723522214,2,0.0080147471347279,4.847559509497476,4,10,23,"{""1"": 2457, ""10"": 563, ""11"": 518, ""12"": 176, ""13"": 242, ""14"": 31, ""15"": 77, ""16"": 1, ""17"": 59, ""18"": 3, ""19"": 17, ""2"": 3671, ""21"": 14, ""23"": 12, ""3"": 1966, ""4"": 5078, ""5"": 2354, ""6"": 3903, ""7"": 1620, ""8"": 1440, ""9"": 752}",32764,2271,6.931388108900012,715,2.865272100665224,15,0.06011060351045924,25476,24960,522,2.0913461538461537,398,1.594934679810852,6,904,8034,8942,6,8948,8948,1.000670990829792,0.06709908297919928,56,1507,430,1892,53,1948,1957,1.029598308668076,2.8012684989429175
validation,stratum,flores200,ur,uniq_superbpe,32768,observed,498,112125,112125,62990,21873,5.126182965299685,0.3472455945388157,260,1.188680107895579,5.126182965299685,5,11,22,"{""1"": 1294, ""10"": 120, ""11"": 658, ""12"": 173, ""13"": 136, ""14"": 199, ""15"": 39, ""16"": 94, ""17"": 19, ""18"": 30, ""19"": 3, ""2"": 3510, ""20"": 8, ""21"": 12, ""22"": 2, ""3"": 1060, ""4"": 3653, ""5"": 5043, ""6"": 1591, ""7"": 2580, ""8"": 176, ""9"": 1473}",32764,1958,5.976071297765841,118,0.5394778951218397,7,0.03200292598180405,22895,22397,1022,4.563111130955039,951,4.3478260869565215,4,621,11653,12949,3,12953,12953,1.0003089041624835,0.02316781218626921,29,1066,103,1140,29,1169,1169,1.025438596491228,2.543859649122807
validation,stratum,flores200,yo,uniq_superbpe,32768,observed,487,80134,79356,59988,37674,2.1063863672559324,0.6280256051210242,95,0.2521632956415565,2.1063863672559324,2,5,11,"{""1"": 12400, ""10"": 3, ""11"": 18, ""2"": 16375, ""3"": 4964, ""4"": 1066, ""5"": 2429, ""6"": 309, ""7"": 72, ""8"": 23, ""9"": 15}",32764,1327,4.050177023562447,367,0.9741466263205394,133,0.35302861389817913,38451,37964,777,2.046675798124539,427,1.1334076551467855,0,3775,7574,11632,0,11632,11632,1.0,0.0,50,985,366,1305,47,1355,1355,1.0383141762452108,3.6015325670498086
validation,stratum,flores200,zh,uniq_superbpe,32768,observed,487,58268,56546,21068,18823,3.004090740052064,0.8934402885893298,132,0.7012697232109653,3.004090740052064,3,6,9,"{""1"": 1639, ""2"": 351, ""3"": 15570, ""4"": 96, ""5"": 8, ""6"": 1120, ""9"": 39}",32764,2382,7.270174581858137,995,5.286086171173564,228,1.2112840673643945,18879,18392,56,0.3044802087864289,3,0.015937948254794665,0,262,312,574,0,574,574,1.0,0.0,96,1791,55,1750,89,1846,1846,1.054857142857143,5.085714285714285
train,stratum,code,c,uniq_superbpe,65536,observed,32,269690,269690,269687,107316,2.5130455850013047,0.39792796834849287,0,0.0,2.5130455850013047,1,7,16,"{""1"": 56558, ""10"": 870, ""11"": 366, ""12"": 225, ""13"": 163, ""14"": 133, ""15"": 122, ""16"": 451, ""2"": 15694, ""3"": 10182, ""4"": 8147, ""5"": 4564, ""6"": 4677, ""7"": 2768, ""8"": 1665, ""9"": 731}",65532,3695,5.638466703289995,372,0.346639830034664,0,0.0,127084,127052,19768,15.55898372319995,5319,4.956390472995639,1059,9847,17489,29300,790,30359,58507,1.0361433447098976,2.696245733788396,8864,27743,6542,27272,4527,36136,37462,1.3250220005866824,16.599442651804047
train,stratum,code,cpp,uniq_superbpe,65536,observed,32,735578,735578,735574,272098,2.703356878771619,0.36991247651493936,0,0.0,2.703356878771619,1,8,16,"{""1"": 147616, ""10"": 1924, ""11"": 1074, ""12"": 897, ""13"": 1279, ""14"": 317, ""15"": 1737, ""16"": 3800, ""2"": 33426, ""3"": 28334, ""4"": 17285, ""5"": 9629, ""6"": 12167, ""7"": 6734, ""8"": 3966, ""9"": 1913}",65532,4493,6.856192394555332,394,0.14480077031069688,0,0.0,330396,330364,58298,17.646595876063977,12941,4.756007026880021,935,20017,28766,57265,702,58200,106124,1.0163275997555226,1.2258796821793416,20866,77920,15396,79901,11701,100767,108024,1.261148170861441,14.644372410858438
train,stratum,code,go,uniq_superbpe,65536,observed,32,514454,514454,514451,173969,2.9571590340807843,0.3381643732833642,0,0.0,2.9571590340807843,2,8,16,"{""1"": 76632, ""10"": 1306, ""11"": 574, ""12"": 709, ""13"": 322, ""14"": 121, ""15"": 300, ""16"": 441, ""2"": 20103, ""3"": 20937, ""4"": 18966, ""5"": 11098, ""6"": 8093, ""7"": 7746, ""8"": 4236, ""9"": 2385}",65532,4322,6.595251174998474,515,0.29602975242715657,0,0.0,203199,203167,29230,14.387179020214898,10131,5.823451304542763,363,19104,30359,57639,282,58002,90448,1.0062978191849268,0.4892520689116744,9909,42253,8384,44581,7582,54490,55727,1.222269576725511,17.00724523900316
train,stratum,code,java,uniq_superbpe,65536,observed,32,175611,175539,174303,52094,3.3696586938994892,0.29887035793990924,0,0.0,3.3696586938994892,2,12,16,"{""1"": 25573, ""10"": 508, ""11"": 413, ""12"": 667, ""13"": 518, ""14"": 413, ""15"": 149, ""16"": 1206, ""2"": 4265, ""3"": 4947, ""4"": 4786, ""5"": 2443, ""6"": 2495, ""7"": 2002, ""8"": 803, ""9"": 906}",65532,2609,3.98126106329732,165,0.3167351326448343,0,0.0,66388,66356,14294,21.541382844053288,2735,5.250124774446194,1446,4418,7238,11829,890,13275,49454,1.1222419477555161,7.523881984952236,6096,14655,4072,13893,3736,19989,22783,1.4387821204923343,26.891240192902902
train,stratum,code,javascript,uniq_superbpe,65536,observed,32,112493,112471,110533,44878,2.50615000668479,0.4060144934092081,0,0.0,2.50615000668479,1,8,16,"{""1"": 23341, ""10"": 305, ""11"": 217, ""12"": 105, ""13"": 85, ""14"": 76, ""15"": 58, ""16"": 138, ""2"": 7880, ""3"": 3898, ""4"": 2707, ""5"": 1859, ""6"": 1699, ""7"": 1184, ""8"": 807, ""9"": 519}",65532,2659,4.057559665506928,192,0.4278265519853826,0,0.0,52539,52507,7661,14.590435560972823,1339,2.9836445474397255,152,1840,6079,8556,136,8708,21564,1.0177653108929405,1.589527816736793,4292,14647,2698,13681,3109,17973,18756,1.3137197573276806,22.72494700679775
train,stratum,code,python,uniq_superbpe,65536,observed,32,193155,193153,192883,58276,3.3144519184569976,0.3021313438716735,0,0.0,3.3144519184569976,2,10,16,"{""1"": 25545, ""10"": 709, ""11"": 500, ""12"": 202, ""13"": 117, ""14"": 445, ""15"": 182, ""16"": 774, ""2"": 5367, ""3"": 5936, ""4"": 6637, ""5"": 4122, ""6"": 3248, ""7"": 2363, ""8"": 1161, ""9"": 968}",65532,3449,5.263077580418726,281,0.4821882078385613,0,0.0,69096,69064,10820,15.666628055137265,2089,3.58466607179628,929,4604,10792,15774,613,16703,53313,1.0588943831621656,3.886141752250539,4274,15965,3457,15569,2299,19843,20660,1.274519879247222,14.766523219217676
train,stratum,code,rust,uniq_superbpe,65536,observed,32,405448,405448,405437,132869,3.0514868027907185,0.3277179931777317,0,0.0,3.0514868027907185,1,10,16,"{""1"": 66647, ""10"": 1147, ""11"": 1003, ""12"": 751, ""13"": 354, ""14"": 703, ""15"": 660, ""16"": 2181, ""2"": 12904, ""3"": 13737, ""4"": 11303, ""5"": 6967, ""6"": 6318, ""7"": 3969, ""8"": 2736, ""9"": 1489}",65532,4207,6.419764389916376,566,0.42598348749520204,0,0.0,170876,170844,38007,22.24661094331671,7597,5.717661757068993,1902,9356,28455,40433,1619,42335,119816,1.0470407835184132,4.004155021888062,15361,40567,12324,40473,10116,55834,61490,1.3795369752674622,24.994440738269958
train,stratum,code,sql,uniq_superbpe,65536,observed,32,962841,962820,962198,287729,3.3462737506473106,0.29903304725222873,0,0.0,3.3462737506473106,2,13,16,"{""1"": 122525, ""10"": 1488, ""11"": 2540, ""12"": 4635, ""13"": 6215, ""14"": 2584, ""15"": 2452, ""16"": 3801, ""2"": 28696, ""3"": 60645, ""4"": 19242, ""5"": 9190, ""6"": 10919, ""7"": 5124, ""8"": 5396, ""9"": 2277}",65532,4791,7.310932063724593,697,0.24224183172360103,0,0.0,528290,528258,240561,45.53854366616312,53737,18.676254392153727,679,11724,72689,114802,560,115481,127526,1.0059145311057298,0.48779637985400953,20759,51336,54043,151826,12046,172585,212438,1.1367288870153993,7.934082436473331
train,stratum,code,typescript,uniq_superbpe,65536,observed,32,734901,734901,727952,219177,3.3530023679491916,0.3010871595929402,0,0.0,3.3530023679491916,2,12,16,"{""1"": 109434, ""10"": 2419, ""11"": 7719, ""12"": 1003, ""13"": 1640, ""14"": 3044, ""15"": 2579, ""16"": 3322, ""2"": 25047, ""3"": 18196, ""4"": 16515, ""5"": 9198, ""6"": 9229, ""7"": 4385, ""8"": 3265, ""9"": 2182}",65532,5019,7.658853689800403,756,0.3449267030755964,0,0.0,304535,304503,85358,28.031907731615124,18567,8.47123557672566,2490,14082,48541,67400,2335,69890,232361,1.0369436201780415,3.464391691394659,16360,44737,22296,53480,11368,69840,77045,1.305908750934929,21.2565445026178
train,stratum,cyrillic_african,am,uniq_superbpe,65536,observed,32,390554,390552,158149,67406,5.794024270836424,0.42621831310978886,0,0.0,5.794024270836424,6,13,28,"{""1"": 8401, ""10"": 6355, ""11"": 37, ""12"": 877, ""13"": 3448, ""14"": 7, ""15"": 185, ""16"": 1533, ""17"": 19, ""18"": 49, ""19"": 580, ""2"": 1116, ""21"": 13, ""22"": 115, ""24"": 8, ""25"": 14, ""28"": 1, ""3"": 18447, ""4"": 5348, ""5"": 94, ""6"": 9971, ""7"": 8232, ""8"": 42, ""9"": 2514}",65532,5450,8.31654764084722,6463,9.588167225469542,0,0.0,67836,67804,430,0.6341808742847029,263,0.39017298163368247,0,2898,26492,29475,0,29475,29475,1.0,0.0,1689,6949,237,5507,1335,7196,7214,1.3067005629199202,24.241873978572727
train,stratum,cyrillic_african,bg,uniq_superbpe,65536,observed,32,249249,249242,140975,45152,5.520065556343019,0.320283738251463,0,0.0,5.520065556343019,5,13,29,"{""1"": 6935, ""10"": 1188, ""11"": 1478, ""12"": 551, ""13"": 984, ""14"": 232, ""15"": 616, ""16"": 76, ""17"": 391, ""18"": 99, ""19"": 191, ""2"": 4344, ""20"": 29, ""21"": 168, ""22"": 6, ""23"": 81, ""25"": 21, ""29"": 3, ""3"": 3823, ""4"": 5267, ""5"": 5585, ""6"": 5365, ""7"": 2850, ""8"": 2823, ""9"": 2046}",65532,4716,7.196484160410181,3022,6.692948263642807,0,0.0,47231,47199,2079,4.4047543380156355,1887,4.179216867469879,0,1419,19645,21662,0,21662,21662,1.0,0.0,853,4290,1115,4555,699,5408,5410,1.1872667398463228,15.345773874862788
train,stratum,cyrillic_african,ru,uniq_superbpe,65536,observed,32,231857,231855,128599,40699,5.696823017764564,0.3164799104192101,0,0.0,5.696823017764564,5,14,31,"{""1"": 5610, ""10"": 1238, ""11"": 1450, ""12"": 489, ""13"": 907, ""14"": 305, ""15"": 640, ""16"": 109, ""17"": 417, ""18"": 55, ""19"": 202, ""2"": 4882, ""20"": 16, ""21"": 141, ""22"": 4, ""23"": 106, ""24"": 1, ""25"": 42, ""27"": 33, ""29"": 5, ""3"": 3021, ""31"": 2, ""4"": 5383, ""5"": 3089, ""6"": 5084, ""7"": 2957, ""8"": 2860, ""9"": 1651}",65532,4819,7.353659280961973,3254,7.995282439371975,0,0.0,41882,41850,1183,2.826762246117085,1003,2.4644340155777784,0,1441,15636,17172,0,17172,17172,1.0,0.0,670,3568,980,3902,557,4572,4584,1.1717068170169145,14.274730907227063
train,stratum,cyrillic_african,sw,uniq_superbpe,65536,observed,32,302841,302851,302208,107832,2.8085447733511386,0.3568138500635324,26,0.024111580977817345,2.8085447733511386,3,6,16,"{""1"": 22787, ""10"": 332, ""11"": 65, ""12"": 61, ""13"": 71, ""14"": 5, ""15"": 124, ""16"": 9, ""2"": 23616, ""3"": 37649, ""4"": 13438, ""5"": 4529, ""6"": 2125, ""7"": 1837, ""8"": 541, ""9"": 643}",65532,3128,4.7732405542330465,570,0.5286000445136879,0,0.0,116365,116333,8533,7.334978037186353,6348,5.88693523258402,5,4018,38214,44629,5,44634,44634,1.0001120347755943,0.011203477559434448,1166,6436,1820,7131,1021,8297,8300,1.1635114289720936,14.317767494040107
train,stratum,cyrillic_african,uk,uniq_superbpe,65536,observed,32,184737,184724,102382,34738,5.317634866716564,0.3392979234631088,0,0.0,5.317634866716564,4,13,29,"{""1"": 4922, ""10"": 1007, ""11"": 975, ""12"": 421, ""13"": 645, ""14"": 128, ""15"": 512, ""16"": 49, ""17"": 297, ""18"": 32, ""19"": 167, ""2"": 4878, ""20"": 4, ""21"": 109, ""23"": 21, ""25"": 15, ""27"": 6, ""29"": 6, ""3"": 2776, ""4"": 4816, ""5"": 2761, ""6"": 4467, ""7"": 2155, ""8"": 2208, ""9"": 1361}",65532,4005,6.111518036989563,2642,7.605504058955611,0,0.0,35593,35561,855,2.404319338601277,711,2.046749956819621,0,1195,12508,13725,0,13725,13725,1.0,0.0,614,3360,828,3601,531,4215,4222,1.170508192168842,14.745903915579007
train,stratum,cyrillic_african,yo,uniq_superbpe,65536,observed,32,145697,145693,125826,46347,3.1435260103135048,0.36834199608983836,0,0.0,3.1435260103135048,3,8,23,"{""1"": 10320, ""10"": 439, ""11"": 299, ""12"": 158, ""13"": 92, ""14"": 82, ""15"": 64, ""16"": 6, ""17"": 29, ""18"": 11, ""2"": 8860, ""23"": 30, ""3"": 13785, ""4"": 5990, ""5"": 3020, ""6"": 809, ""7"": 1199, ""8"": 751, ""9"": 403}",65532,2268,3.460904596227797,422,0.9105227954344401,0,0.0,51180,51148,4833,9.449049816219597,3380,7.292812911299545,0,2367,18793,24259,0,24259,24259,1.0,0.0,668,3225,837,3401,566,4069,4073,1.1964128197588944,16.642164069391356
train,stratum,indic_cjk_arabic,ar,uniq_superbpe,65536,observed,32,215274,215273,120548,42186,5.102948845588584,0.3499518863855062,1364,3.2333001469681886,5.102948845588584,5,11,30,"{""1"": 6896, ""10"": 797, ""11"": 1249, ""12"": 254, ""13"": 643, ""14"": 116, ""15"": 549, ""16"": 17, ""17"": 199, ""18"": 9, ""19"": 50, ""2"": 4586, ""21"": 54, ""23"": 22, ""3"": 2547, ""30"": 1, ""4"": 6219, ""5"": 5360, ""6"": 4497, ""7"": 4041, ""8"": 1513, ""9"": 2567}",65532,4358,6.650186168589391,4329,10.261698193713555,0,0.0,42825,42793,639,1.4932348748627111,576,1.365381880244631,0,1951,17558,19769,0,19769,19769,1.0,0.0,712,3487,246,3044,600,3756,3756,1.2339027595269383,19.71090670170828
train,stratum,indic_cjk_arabic,bn,uniq_superbpe,65536,observed,32,274908,278982,106840,44098,6.326409360968752,0.41274803444402847,2340,5.3063631003673635,6.326409360968752,6,13,35,"{""1"": 6052, ""10"": 3129, ""11"": 15, ""12"": 1739, ""13"": 1599, ""14"": 1, ""15"": 203, ""16"": 889, ""18"": 53, ""19"": 333, ""2"": 367, ""20"": 26, ""21"": 12, ""22"": 141, ""23"": 14, ""24"": 39, ""25"": 86, ""26"": 27, ""28"": 26, ""29"": 33, ""3"": 8538, ""30"": 1, ""35"": 3, ""4"": 608, ""5"": 91, ""6"": 10217, ""7"": 6886, ""8"": 17, ""9"": 2953}",65532,2274,3.47006042849295,2051,4.651004580706608,0,0.0,45660,45628,1562,3.4233365477338475,1195,2.7098734636491453,0,1273,14195,15587,0,15587,15587,1.0,0.0,422,2749,301,2650,373,3072,3073,1.159245283018868,14.075471698113208
train,stratum,indic_cjk_arabic,fa,uniq_superbpe,65536,observed,32,198722,198737,111850,33439,5.943269834624241,0.29896289673670096,124,0.37082448637818116,5.943269834624241,5,13,25,"{""1"": 3974, ""10"": 459, ""11"": 2359, ""12"": 398, ""13"": 819, ""14"": 152, ""15"": 553, ""16"": 119, ""17"": 107, ""18"": 59, ""19"": 9, ""2"": 3261, ""20"": 34, ""21"": 1, ""22"": 6, ""25"": 2, ""3"": 2121, ""4"": 2740, ""5"": 5286, ""6"": 2434, ""7"": 4061, ""8"": 1132, ""9"": 3353}",65532,3518,5.368369651467985,2240,6.6987649152187565,0,0.0,34538,34506,1099,3.1849533414478644,1041,3.1131313735458597,0,1018,19494,21334,0,21334,21334,1.0,0.0,482,2823,86,2455,386,2937,2939,1.1963340122199593,15.723014256619145
train,stratum,indic_cjk_arabic,gu,uniq_superbpe,65536,observed,32,266235,266235,106404,42403,6.278683112043959,0.39850945453178455,1869,4.407707001863075,6.278683112043959,6,13,32,"{""1"": 6451, ""10"": 3721, ""11"": 5, ""12"": 1081, ""13"": 1433, ""14"": 67, ""15"": 203, ""16"": 597, ""17"": 235, ""18"": 68, ""19"": 260, ""2"": 623, ""20"": 18, ""22"": 32, ""25"": 19, ""26"": 31, ""3"": 5449, ""32"": 7, ""4"": 1503, ""5"": 137, ""6"": 9198, ""7"": 8083, ""8"": 42, ""9"": 3140}",65532,2774,4.2330464505890255,2487,5.86515105063321,0,0.0,43450,43418,1047,2.4114422589709337,732,1.72629295097045,0,760,16728,17922,0,17922,17922,1.0,0.0,797,3158,266,2641,521,3438,3439,1.3017796289284362,19.72737599394169
train,stratum,indic_cjk_arabic,hi,uniq_superbpe,65536,observed,32,342431,342710,137684,51774,6.619345617491405,0.37603497864675633,1806,3.4882373392050066,6.619345617491405,7,13,30,"{""1"": 7137, ""10"": 4125, ""11"": 3, ""12"": 887, ""13"": 2553, ""14"": 112, ""15"": 248, ""16"": 707, ""17"": 391, ""18"": 39, ""19"": 226, ""2"": 605, ""20"": 368, ""21"": 12, ""22"": 81, ""23"": 151, ""24"": 4, ""25"": 36, ""26"": 6, ""27"": 11, ""28"": 1, ""3"": 7250, ""30"": 100, ""4"": 607, ""5"": 68, ""6"": 9110, ""7"": 13956, ""8"": 30, ""9"": 2950}",65532,3119,4.759506805835317,1564,3.0208212616371153,0,0.0,54604,54572,2830,5.185809572674632,1857,3.586742380345347,0,1188,24040,26486,0,26486,26486,1.0,0.0,579,3845,261,3542,507,4121,4124,1.163466967814794,14.313946922642575
train,stratum,indic_cjk_arabic,ja,uniq_superbpe,65536,observed,32,323403,318463,134867,79484,4.0066302652106085,0.589350990234824,0,0.0,4.0066302652106085,3,12,24,"{""1"": 15602, ""10"": 786, ""11"": 16, ""12"": 4607, ""13"": 2, ""14"": 2, ""15"": 85, ""16"": 62, ""18"": 53, ""2"": 4652, ""21"": 16, ""24"": 10, ""3"": 35476, ""4"": 2071, ""5"": 304, ""6"": 9876, ""7"": 903, ""8"": 72, ""9"": 4889}",65532,6605,10.079045351889153,4498,5.65900055357053,0,0.0,80206,80174,722,0.9005413226232943,204,0.2566554275074229,2,4015,6367,10438,2,10440,10440,1.0001916075876605,0.019160758766047135,1127,8334,752,7979,838,9106,9129,1.141245770146635,10.5025692442662
train,stratum,indic_cjk_arabic,kn,uniq_superbpe,65536,observed,32,458253,457719,180531,82625,5.539715582450832,0.45767762877289775,1056,1.2780635400907716,5.539715582450832,6,10,21,"{""1"": 12411, ""10"": 5124, ""11"": 5, ""12"": 1335, ""13"": 696, ""14"": 51, ""15"": 140, ""16"": 89, ""18"": 4, ""19"": 11, ""2"": 3464, ""21"": 1, ""3"": 9462, ""4"": 1229, ""5"": 147, ""6"": 30944, ""7"": 9901, ""8"": 30, ""9"": 7581}",65532,3302,5.038759689922481,1741,2.1071104387291983,0,0.0,83048,83016,423,0.5095403295750217,265,0.3207261724659607,0,1909,19114,21048,0,21048,21048,1.0,0.0,688,4304,296,3917,600,4605,4606,1.1756446259892774,15.317845289762573
train,stratum,indic_cjk_arabic,ko,uniq_superbpe,65536,observed,32,201347,201183,86266,47504,4.235074941057595,0.5506688614286045,5,0.010525429437521052,4.235074941057595,3,10,14,"{""1"": 7925, ""10"": 2327, ""11"": 36, ""12"": 929, ""13"": 10, ""14"": 20, ""2"": 1007, ""3"": 17022, ""4"": 6612, ""5"": 94, ""6"": 4050, ""7"": 6737, ""8"": 38, ""9"": 697}",65532,4330,6.607458951352012,5097,10.729622768608959,0,0.0,48013,47981,509,1.060836581146704,333,0.700993600538902,1,2411,16515,19009,1,19010,19010,1.000052606660003,0.00526066600031564,837,4657,232,4078,650,4915,4926,1.2052476704266797,15.939185875429132
train,stratum,indic_cjk_arabic,ml,uniq_superbpe,65536,observed,32,188792,188704,72486,26705,7.066242276727205,0.36841596998041,657,2.4602134431754354,7.066242276727205,6,16,34,"{""1"": 3766, ""10"": 832, ""11"": 2, ""12"": 2782, ""13"": 429, ""15"": 977, ""16"": 576, ""18"": 220, ""19"": 236, ""2"": 472, ""21"": 137, ""22"": 64, ""24"": 36, ""25"": 48, ""27"": 11, ""28"": 29, ""3"": 2893, ""34"": 3, ""4"": 974, ""5"": 52, ""6"": 6514, ""7"": 2974, ""8"": 23, ""9"": 2655}",65532,2478,3.7813587255081487,2646,9.908256880733944,0,0.0,27118,27086,413,1.524772945433065,228,0.853772701741247,0,405,6792,7272,0,7272,7272,1.0,0.0,433,2056,186,1810,323,2243,2245,1.2392265193370167,17.845303867403317
train,stratum,indic_cjk_arabic,mr,uniq_superbpe,65536,observed,32,362326,362338,142528,56082,6.460860882279519,0.3934805792546026,1518,2.7067508291430404,6.460860882279519,6,15,33,"{""1"": 7966, ""10"": 3957, ""11"": 13, ""12"": 2483, ""13"": 1578, ""14"": 42, ""15"": 842, ""16"": 1106, ""18"": 160, ""19"": 500, ""2"": 629, ""20"": 1, ""21"": 45, ""22"": 137, ""23"": 13, ""24"": 13, ""25"": 53, ""26"": 17, ""28"": 1, ""3"": 8246, ""33"": 7, ""4"": 1106, ""5"": 134, ""6"": 13434, ""7"": 9774, ""8"": 98, ""9"": 3727}",65532,3301,5.037233717878289,1759,3.136478727577476,0,0.0,57047,57015,965,1.6925370516530738,681,1.2142933561570557,0,1325,18943,20316,0,20316,20316,1.0,0.0,732,4264,319,3871,607,4603,4615,1.1890984241797986,15.68070266081116
train,stratum,indic_cjk_arabic,ta,uniq_superbpe,65536,observed,32,239434,239341,90715,38589,6.202311539557905,0.42538720167557736,126,0.3265179196143979,6.202311539557905,6,10,28,"{""1"": 4437, ""10"": 3225, ""11"": 3, ""12"": 294, ""13"": 685, ""15"": 11, ""16"": 107, ""17"": 20, ""19"": 78, ""2"": 385, ""22"": 43, ""28"": 15, ""3"": 2785, ""4"": 361, ""5"": 56, ""6"": 17418, ""7"": 4111, ""8"": 6, ""9"": 4549}",65532,1765,2.6933406579991455,1503,3.894892326828889,0,0.0,39262,39230,673,1.7155238338006629,367,0.9510482261784446,0,755,9057,9822,0,9822,9822,1.0,0.0,709,2864,129,2292,500,3001,3003,1.3093368237347296,21.81500872600349
train,stratum,indic_cjk_arabic,te,uniq_superbpe,65536,observed,32,300221,300203,115621,46892,6.402008871449287,0.4055664628397955,816,1.7401688987460548,6.402008871449287,6,13,28,"{""1"": 6729, ""10"": 1916, ""11"": 44, ""12"": 2332, ""13"": 983, ""15"": 529, ""16"": 995, ""18"": 172, ""19"": 161, ""2"": 678, ""21"": 27, ""22"": 97, ""24"": 9, ""25"": 44, ""28"": 30, ""3"": 4141, ""4"": 1069, ""5"": 100, ""6"": 16109, ""7"": 6768, ""8"": 16, ""9"": 3943}",65532,2622,4.001098699871818,2216,4.725752793653502,0,0.0,47240,47208,348,0.7371631926792069,171,0.3646677471636953,0,1304,12767,14088,0,14088,14088,1.0,0.0,846,3715,221,3096,653,3942,3944,1.2732558139534884,21.09173126614987
train,stratum,indic_cjk_arabic,ur,uniq_superbpe,65536,observed,32,431064,430336,244935,74248,5.795927163021227,0.30313348439381876,1230,1.6566102790647559,5.795927163021227,5,13,29,"{""1"": 8058, ""10"": 956, ""11"": 3654, ""12"": 906, ""13"": 1237, ""14"": 806, ""15"": 570, ""16"": 501, ""17"": 132, ""18"": 131, ""19"": 68, ""2"": 8661, ""20"": 42, ""21"": 168, ""22"": 39, ""24"": 51, ""26"": 4, ""27"": 5, ""29"": 3, ""3"": 3185, ""4"": 6459, ""5"": 14822, ""6"": 3973, ""7"": 11453, ""8"": 1057, ""9"": 7307}",65532,4421,6.746322407373497,2086,2.8095032862838054,0,0.0,79495,79463,5247,6.603073128374212,4551,6.129458032539597,0,2617,45270,51869,0,51869,51869,1.0,0.0,1283,6157,531,5415,1167,6698,6704,1.2369344413665744,21.55124653739612
train,stratum,indic_cjk_arabic,zh,uniq_superbpe,65536,observed,32,616082,612143,250435,143488,4.266161630240856,0.5729550581987342,4,0.0027876895628902764,4.266161630240856,3,12,16,"{""1"": 25774, ""10"": 2322, ""11"": 11, ""12"": 11169, ""13"": 253, ""15"": 124, ""16"": 71, ""2"": 7296, ""3"": 62669, ""4"": 2926, ""5"": 216, ""6"": 19245, ""7"": 5404, ""8"": 38, ""9"": 5970}",65532,6818,10.404077397302082,3751,2.614155887600357,0,0.0,144502,144470,1014,0.7018758219699591,411,0.2864351025869759,0,7280,14836,22179,0,22179,22179,1.0,0.0,842,8540,333,8042,613,8884,8899,1.104700323302661,7.6224819696592885
train,stratum,latin_english,en,uniq_superbpe,65536,observed,32,128944,128943,128062,33766,3.8187229757744476,0.2636691602505037,0,0.0,3.8187229757744476,3,9,16,"{""1"": 7045, ""10"": 515, ""11"": 237, ""12"": 143, ""13"": 59, ""14"": 35, ""15"": 8, ""16"": 10, ""2"": 4045, ""3"": 6756, ""4"": 5045, ""5"": 3858, ""6"": 2099, ""7"": 1746, ""8"": 1241, ""9"": 924}",65532,5183,7.909113105047916,2135,6.322928389504235,0,0.0,37507,37475,3741,9.982655103402267,3250,9.625066635076704,9,1215,17359,20615,9,20624,20624,1.0004365753092408,0.043657530924084406,598,2957,1255,3650,503,4248,4258,1.163835616438356,13.780821917808218
validation,stratum,flores200,am,uniq_superbpe,65536,observed,500,109651,109651,42703,18422,5.9521767451959615,0.4313982624171604,5,0.027141461296276193,5.9521767451959615,6,13,25,"{""1"": 1039, ""10"": 1681, ""11"": 13, ""12"": 231, ""13"": 934, ""15"": 43, ""16"": 371, ""17"": 13, ""18"": 8, ""19"": 122, ""2"": 134, ""22"": 22, ""25"": 1, ""3"": 5894, ""4"": 1573, ""5"": 8, ""6"": 3130, ""7"": 2467, ""8"": 1, ""9"": 737}",65532,3298,5.032655801745712,2753,14.94408858972967,203,1.1019433286288134,18498,17998,76,0.4222691410156684,71,0.3854087504071219,0,655,7293,7974,0,7974,7974,1.0,0.0,53,1167,45,1159,51,1212,1212,1.0457290767903364,4.400345125107852
validation,stratum,flores200,ar,uniq_superbpe,65536,observed,500,99690,99690,54980,18969,5.255416732563656,0.34501636958894144,740,3.9011017976698823,5.255416732563656,5,11,23,"{""1"": 2406, ""10"": 314, ""11"": 633, ""12"": 88, ""13"": 291, ""14"": 42, ""15"": 172, ""16"": 8, ""17"": 77, ""18"": 13, ""19"": 24, ""2"": 2059, ""21"": 7, ""23"": 1, ""3"": 870, ""4"": 3234, ""5"": 2467, ""6"": 2297, ""7"": 1952, ""8"": 694, ""9"": 1320}",65532,3247,4.954831227491912,3108,16.384627550213505,312,1.644788866044599,19228,18728,259,1.3829560017086715,253,1.3337550740682165,0,717,8006,8843,0,8843,8843,1.0,0.0,73,1209,88,1226,69,1299,1299,1.0595432300163132,5.628058727569331
validation,stratum,flores200,bg,uniq_superbpe,65536,observed,486,114716,114709,63267,19402,5.9122255437583755,0.306668563390077,2,0.010308215647871353,5.9122255437583755,5,13,29,"{""1"": 2060, ""10"": 528, ""11"": 716, ""12"": 308, ""13"": 460, ""14"": 97, ""15"": 254, ""16"": 41, ""17"": 207, ""18"": 24, ""19"": 89, ""2"": 1635, ""20"": 17, ""21"": 54, ""22"": 2, ""23"": 41, ""24"": 1, ""25"": 13, ""29"": 1, ""3"": 1571, ""4"": 2441, ""5"": 2496, ""6"": 2589, ""7"": 1297, ""8"": 1468, ""9"": 992}",65532,3388,5.169993285723006,2366,12.19461911143181,221,1.1390578290897846,20135,19649,733,3.7304697440073284,665,3.427481702917225,0,633,8579,9430,0,9430,9430,1.0,0.0,79,1447,320,1688,74,1767,1767,1.0468009478672986,4.38388625592417
validation,stratum,flores200,bn,uniq_superbpe,65536,observed,485,158318,160235,59847,25433,6.300279164864546,0.42496699918124553,2036,8.005347383320883,6.300279164864546,6,13,29,"{""1"": 3652, ""10"": 1705, ""12"": 959, ""13"": 1050, ""15"": 105, ""16"": 506, ""18"": 28, ""19"": 224, ""2"": 106, ""20"": 15, ""21"": 3, ""22"": 48, ""23"": 17, ""24"": 9, ""25"": 44, ""26"": 23, ""28"": 10, ""29"": 12, ""3"": 4939, ""4"": 182, ""5"": 1, ""6"": 6315, ""7"": 3690, ""9"": 1790}",65532,1671,2.5498992858450835,2096,8.241261353359809,216,0.8492902921401329,26174,25689,741,2.884503094709798,575,2.260842212873039,32,866,7636,8537,32,8569,8569,1.0037483893639452,0.374838936394518,127,1228,49,1155,89,1282,1283,1.10995670995671,7.705627705627705
validation,stratum,flores200,fa,uniq_superbpe,65536,observed,523,114142,114142,63254,19336,5.903082333471246,0.3056881778227464,22,0.11377741001241208,5.903082333471246,5,11,22,"{""1"": 1355, ""10"": 269, ""11"": 1235, ""12"": 195, ""13"": 389, ""14"": 56, ""15"": 151, ""16"": 42, ""17"": 28, ""18"": 35, ""19"": 9, ""2"": 1999, ""20"": 13, ""22"": 7, ""3"": 1235, ""4"": 2172, ""5"": 3196, ""6"": 1946, ""7"": 2215, ""8"": 950, ""9"": 1839}",65532,3090,4.715253616553745,2481,12.830988829127017,247,1.277410012412081,19897,19374,561,2.89563332301022,551,2.849606950765412,0,467,10526,11397,0,11397,11397,1.0,0.0,34,1320,51,1345,33,1379,1379,1.0252788104089219,2.453531598513011
validation,stratum,flores200,gu,uniq_superbpe,65536,observed,461,144544,144544,55214,23116,6.2529849454923,0.4186619335675734,2006,8.67797196746842,6.2529849454923,6,13,32,"{""1"": 3791, ""10"": 1714, ""12"": 629, ""13"": 771, ""14"": 23, ""15"": 71, ""16"": 331, ""17"": 147, ""18"": 35, ""19"": 111, ""2"": 110, ""20"": 7, ""21"": 1, ""22"": 36, ""25"": 11, ""26"": 21, ""3"": 2987, ""32"": 9, ""4"": 652, ""5"": 4, ""6"": 5511, ""7"": 4053, ""8"": 6, ""9"": 2085}",65532,1883,2.873405359213819,2427,10.499221318567226,361,1.5616888735075272,23534,23073,418,1.8116413123564339,298,1.2891503720366846,25,481,8029,8698,25,8723,8723,1.002874223959531,0.28742239595309266,120,1216,45,1146,93,1266,1266,1.1047120418848169,8.115183246073299
validation,stratum,flores200,hi,uniq_superbpe,65536,observed,465,148508,148664,57809,22036,6.74641495734253,0.3811863204691311,1223,5.550009076057361,6.74641495734253,7,15,30,"{""1"": 2719, ""10"": 1480, ""12"": 438, ""13"": 1034, ""14"": 37, ""15"": 88, ""16"": 378, ""17"": 194, ""18"": 24, ""19"": 105, ""2"": 86, ""20"": 168, ""21"": 6, ""22"": 39, ""23"": 68, ""24"": 2, ""25"": 24, ""26"": 2, ""27"": 13, ""28"": 2, ""3"": 3089, ""30"": 32, ""4"": 316, ""5"": 10, ""6"": 4463, ""7"": 5820, ""8"": 1, ""9"": 1398}",65532,2022,3.085515473356528,1072,4.864766745325831,97,0.4401887819931022,23326,22861,1290,5.642797777874984,844,3.8300962062080233,7,486,9819,10857,7,10864,10864,1.0006447453255964,0.06447453255963895,36,1168,50,1189,30,1225,1225,1.0302775441547518,2.5231286795626575
validation,stratum,flores200,ja,uniq_superbpe,65536,observed,498,79586,79352,27145,18768,4.228047740835464,0.6913980475225641,60,0.319693094629156,4.228047740835464,3,9,21,"{""1"": 516, ""12"": 748, ""15"": 59, ""2"": 100, ""21"": 1, ""3"": 12969, ""4"": 10, ""6"": 3159, ""8"": 1, ""9"": 1205}",65532,2678,4.086553134346579,1876,9.995737425404945,314,1.6730605285592497,18769,18271,1,0.005473154178753215,0,0.0,0,7,24,31,0,31,31,1.0,0.0,26,1669,14,1657,26,1683,1683,1.015691007845504,1.5691007845503924
validation,stratum,flores200,kn,uniq_superbpe,65536,observed,502,183506,183479,67713,30322,6.051019062067146,0.44780175151004975,563,1.856737682210936,6.051019062067146,6,10,19,"{""1"": 3144, ""10"": 1778, ""12"": 662, ""13"": 370, ""14"": 1, ""15"": 44, ""16"": 43, ""19"": 4, ""2"": 165, ""3"": 3319, ""4"": 388, ""5"": 9, ""6"": 13176, ""7"": 3774, ""9"": 3445}",65532,1766,2.6948666300433377,1057,3.4859178154475297,55,0.1813864520809973,30442,29940,120,0.40080160320641284,45,0.14840709715717962,354,1217,6557,7420,336,7774,7778,1.047708894878706,4.528301886792453,33,1250,88,1312,30,1345,1345,1.0251524390243902,2.2865853658536586
validation,stratum,flores200,ko,uniq_superbpe,65536,observed,515,77684,77684,32348,18182,4.272577274227258,0.5620749350809942,33,0.18149818501814982,4.272577274227258,3,10,14,"{""1"": 2248, ""10"": 643, ""11"": 18, ""12"": 305, ""13"": 15, ""14"": 6, ""2"": 238, ""3"": 7227, ""4"": 2845, ""5"": 18, ""6"": 1777, ""7"": 2496, ""8"": 6, ""9"": 340}",65532,3059,4.667948483183788,3599,19.79430205697943,573,3.1514684853151467,18339,17824,157,0.880834829443447,112,0.6159938400615994,2,795,6248,7069,1,7071,7071,1.000282925449144,0.014146272457207525,91,1199,56,1166,77,1257,1257,1.0780445969125214,6.60377358490566
validation,stratum,flores200,ml,uniq_superbpe,65536,observed,503,200513,200492,72763,27197,7.37184248262676,0.3737751329659305,813,2.989300290473214,7.37184248262676,6,15,34,"{""1"": 2710, ""10"": 1058, ""12"": 3465, ""13"": 387, ""15"": 984, ""16"": 544, ""18"": 196, ""19"": 256, ""2"": 125, ""21"": 112, ""22"": 118, ""24"": 34, ""25"": 21, ""27"": 3, ""28"": 25, ""3"": 3432, ""30"": 2, ""34"": 1, ""4"": 867, ""5"": 2, ""6"": 7381, ""7"": 3002, ""8"": 1, ""9"": 2471}",65532,1877,2.864249526948666,4202,15.450233481634005,617,2.2686325697687244,27379,26876,182,0.6771841047774967,111,0.4081332499908078,49,485,6435,6872,46,6921,6928,1.007130384167637,0.6693830034924331,112,1333,52,1280,88,1392,1392,1.0875,6.875
validation,stratum,flores200,mr,uniq_superbpe,65536,observed,505,171557,171557,64243,25772,6.656720471829893,0.4011643291876158,1193,4.62905478814217,6.656720471829893,6,15,26,"{""1"": 3213, ""10"": 1650, ""12"": 1345, ""13"": 906, ""14"": 4, ""15"": 471, ""16"": 493, ""18"": 66, ""19"": 240, ""2"": 112, ""21"": 12, ""22"": 61, ""23"": 4, ""24"": 2, ""25"": 20, ""26"": 1, ""3"": 3841, ""4"": 374, ""6"": 6800, ""7"": 4272, ""8"": 3, ""9"": 1882}",65532,2145,3.2732100347921627,1495,5.800869160329039,117,0.4539810647214031,25967,25462,195,0.7658471447647475,158,0.6130684463759118,35,620,8158,8747,34,8782,8782,1.0040013718989367,0.3887046987538585,162,1308,42,1194,115,1356,1356,1.135678391959799,9.631490787269682
validation,stratum,flores200,ru,uniq_superbpe,65536,observed,494,124731,124729,68235,21233,5.874299439551641,0.3111746171319704,4,0.018838600291998304,5.874299439551641,5,14,31,"{""1"": 2255, ""10"": 599, ""11"": 895, ""12"": 253, ""13"": 449, ""14"": 135, ""15"": 333, ""16"": 70, ""17"": 200, ""18"": 22, ""19"": 133, ""2"": 2566, ""20"": 18, ""21"": 115, ""22"": 2, ""23"": 49, ""24"": 1, ""25"": 30, ""27"": 15, ""29"": 2, ""3"": 1604, ""31"": 1, ""4"": 3025, ""5"": 1743, ""6"": 2855, ""7"": 1454, ""8"": 1524, ""9"": 885}",65532,3811,5.815479460416285,2983,14.048886167757736,224,1.054961616351905,21692,21198,459,2.1652986130767053,401,1.88856967927283,9,665,8263,8971,9,8980,8980,1.0010032326385019,0.10032326385018392,71,1502,345,1780,68,1851,1856,1.0398876404494382,3.8202247191011236
validation,stratum,flores200,sw,uniq_superbpe,65536,observed,500,66996,66996,66926,23449,2.857094119152203,0.3503720527149389,2,0.008529148364535801,2.857094119152203,3,6,16,"{""1"": 4503, ""10"": 59, ""11"": 35, ""12"": 11, ""13"": 8, ""16"": 1, ""2"": 4996, ""3"": 8465, ""4"": 3201, ""5"": 1007, ""6"": 461, ""7"": 461, ""8"": 122, ""9"": 119}",65532,1998,3.0488921442959165,274,1.1684933259414048,44,0.18764126401978762,24947,24447,1498,6.127541211600605,1173,5.002345515800247,0,854,8381,9790,0,9790,9790,1.0,0.0,53,1103,197,1252,50,1305,1305,1.042332268370607,3.9936102236421727
validation,stratum,flores200,ta,uniq_superbpe,65536,observed,498,197237,197234,72334,30621,6.441135168675093,0.4233278955954323,117,0.3820907220534927,6.441135168675093,6,10,28,"{""1"": 2423, ""10"": 2539, ""11"": 1, ""12"": 214, ""13"": 529, ""15"": 1, ""16"": 64, ""17"": 4, ""19"": 99, ""2"": 143, ""22"": 35, ""28"": 12, ""3"": 2341, ""4"": 240, ""5"": 2, ""6"": 14590, ""7"": 3202, ""9"": 4182}",65532,1311,2.000549349935909,1890,6.172234740864113,200,0.6531465334247738,31185,30687,564,1.8379118193371786,316,1.0319715228111426,47,682,6907,7542,44,7589,7589,1.0062317687616018,0.5833996287456908,161,1506,87,1443,127,1604,1604,1.1115731115731116,8.801108801108802
validation,stratum,flores200,te,uniq_superbpe,65536,observed,495,169262,169259,63608,26515,6.38351876296436,0.4168500817507232,518,1.9536111634923627,6.38351876296436,6,13,28,"{""1"": 3170, ""10"": 1097, ""11"": 2, ""12"": 1129, ""13"": 528, ""14"": 1, ""15"": 253, ""16"": 461, ""18"": 77, ""19"": 53, ""2"": 247, ""21"": 19, ""22"": 53, ""24"": 8, ""25"": 17, ""28"": 5, ""3"": 2647, ""4"": 578, ""5"": 18, ""6"": 10015, ""7"": 3687, ""8"": 1, ""9"": 2449}",65532,1998,3.0488921442959165,1864,7.029983028474448,225,0.848576277578729,26641,26146,126,0.48190927866595273,68,0.25645860833490475,101,1079,6742,7721,94,7822,7825,1.0130812070975261,1.217458878383629,189,1415,71,1300,115,1489,1489,1.1453846153846154,8.846153846153847
validation,stratum,flores200,uk,uniq_superbpe,65536,observed,516,120968,120966,66197,21879,5.5288632935691755,0.33051346737767573,2,0.009141185611773846,5.5288632935691755,5,12,29,"{""1"": 2289, ""10"": 695, ""11"": 698, ""12"": 250, ""13"": 427, ""14"": 94, ""15"": 217, ""16"": 23, ""17"": 159, ""18"": 14, ""19"": 52, ""2"": 2420, ""20"": 2, ""21"": 27, ""23"": 15, ""24"": 1, ""25"": 12, ""27"": 5, ""29"": 4, ""3"": 1710, ""4"": 3426, ""5"": 2064, ""6"": 3288, ""7"": 1476, ""8"": 1564, ""9"": 947}",65532,3440,5.2493438320209975,3067,14.018008135655194,281,1.2843365784542256,22335,21819,456,2.0899216279389523,374,1.7094017094017093,6,764,8173,8942,6,8948,8948,1.000670990829792,0.06709908297919928,55,1489,447,1892,52,1947,1957,1.0290697674418605,2.748414376321353
validation,stratum,flores200,ur,uniq_superbpe,65536,observed,498,112125,112125,62990,19356,5.792777433353999,0.30728687093189394,246,1.2709237445753254,5.792777433353999,5,11,27,"{""1"": 1117, ""10"": 169, ""11"": 940, ""12"": 198, ""13"": 255, ""14"": 209, ""15"": 74, ""16"": 114, ""17"": 22, ""18"": 38, ""19"": 18, ""2"": 2474, ""20"": 8, ""21"": 26, ""22"": 2, ""27"": 3, ""3"": 660, ""4"": 2328, ""5"": 4193, ""6"": 1453, ""7"": 2967, ""8"": 288, ""9"": 1800}",65532,2811,4.289507416224135,1141,5.894812977887994,54,0.27898326100433973,20505,20007,1149,5.742989953516269,1054,5.445339946269891,4,487,11663,12949,3,12953,12953,1.0003089041624835,0.02316781218626921,29,1068,101,1140,29,1169,1169,1.025438596491228,2.543859649122807
validation,stratum,flores200,yo,uniq_superbpe,65536,observed,487,80134,79356,59988,35621,2.227786979590691,0.5938020937520837,79,0.22177928749894726,2.227786979590691,2,5,16,"{""1"": 11022, ""10"": 13, ""11"": 5, ""12"": 4, ""13"": 4, ""15"": 6, ""16"": 1, ""2"": 14860, ""3"": 4816, ""4"": 1597, ""5"": 2734, ""6"": 318, ""7"": 144, ""8"": 72, ""9"": 25}",65532,1601,2.443081242751633,688,1.9314449341680469,259,0.7270991830661688,37164,36677,1543,4.206996210158955,664,1.8640689480924173,0,2999,8303,11632,0,11632,11632,1.0,0.0,50,1020,331,1305,47,1355,1355,1.0383141762452108,3.6015325670498086
validation,stratum,flores200,zh,uniq_superbpe,65536,observed,487,58268,56546,21068,17906,3.1579358874120405,0.8499145623694703,132,0.7371830671283369,3.1579358874120405,3,6,12,"{""1"": 1561, ""12"": 3, ""2"": 314, ""3"": 13929, ""4"": 148, ""5"": 9, ""6"": 1860, ""8"": 1, ""9"": 81}",65532,2632,4.01635842031374,1291,7.209873785323356,267,1.491120294873227,17959,17472,53,0.3033424908424908,1,0.005584720205517703,0,237,337,574,0,574,574,1.0,0.0,96,1793,53,1750,89,1846,1846,1.054857142857143,5.085714285714285
