split,scope,domain,language,tokenizer,vocab_budget,source_bytes,tokens
train,stratum,code,c,sp_unigram,16384,1,64290
train,stratum,code,c,sp_unigram,16384,2,24336
train,stratum,code,c,sp_unigram,16384,3,14652
train,stratum,code,c,sp_unigram,16384,4,8881
train,stratum,code,c,sp_unigram,16384,5,4551
train,stratum,code,c,sp_unigram,16384,6,3992
train,stratum,code,c,sp_unigram,16384,7,1754
train,stratum,code,c,sp_unigram,16384,8,902
train,stratum,code,c,sp_unigram,16384,9,392
train,stratum,code,c,sp_unigram,16384,10,231
train,stratum,code,c,sp_unigram,16384,11,120
train,stratum,code,c,sp_unigram,16384,12,59
train,stratum,code,c,sp_unigram,16384,13,3
train,stratum,code,c,sp_unigram,16384,15,74
train,stratum,code,c,sp_unigram,16384,16,127
train,stratum,code,cpp,sp_unigram,16384,1,148093
train,stratum,code,cpp,sp_unigram,16384,2,65905
train,stratum,code,cpp,sp_unigram,16384,3,32611
train,stratum,code,cpp,sp_unigram,16384,4,19603
train,stratum,code,cpp,sp_unigram,16384,5,10704
train,stratum,code,cpp,sp_unigram,16384,6,14514
train,stratum,code,cpp,sp_unigram,16384,7,9995
train,stratum,code,cpp,sp_unigram,16384,8,2509
train,stratum,code,cpp,sp_unigram,16384,9,1793
train,stratum,code,cpp,sp_unigram,16384,10,1618
train,stratum,code,cpp,sp_unigram,16384,11,510
train,stratum,code,cpp,sp_unigram,16384,12,549
train,stratum,code,cpp,sp_unigram,16384,13,7
train,stratum,code,cpp,sp_unigram,16384,15,9
train,stratum,code,cpp,sp_unigram,16384,16,253
train,stratum,code,go,sp_unigram,16384,1,94709
train,stratum,code,go,sp_unigram,16384,2,36958
train,stratum,code,go,sp_unigram,16384,3,27065
train,stratum,code,go,sp_unigram,16384,4,20409
train,stratum,code,go,sp_unigram,16384,5,9251
train,stratum,code,go,sp_unigram,16384,6,9041
train,stratum,code,go,sp_unigram,16384,7,6060
train,stratum,code,go,sp_unigram,16384,8,2533
train,stratum,code,go,sp_unigram,16384,9,1497
train,stratum,code,go,sp_unigram,16384,10,288
train,stratum,code,go,sp_unigram,16384,11,258
train,stratum,code,go,sp_unigram,16384,12,29
train,stratum,code,go,sp_unigram,16384,13,13
train,stratum,code,go,sp_unigram,16384,15,7
train,stratum,code,java,sp_unigram,16384,1,52844
train,stratum,code,java,sp_unigram,16384,2,10636
train,stratum,code,java,sp_unigram,16384,3,8115
train,stratum,code,java,sp_unigram,16384,4,6294
train,stratum,code,java,sp_unigram,16384,5,2443
train,stratum,code,java,sp_unigram,16384,6,2309
train,stratum,code,java,sp_unigram,16384,7,1879
train,stratum,code,java,sp_unigram,16384,8,705
train,stratum,code,java,sp_unigram,16384,9,398
train,stratum,code,java,sp_unigram,16384,10,171
train,stratum,code,java,sp_unigram,16384,11,85
train,stratum,code,java,sp_unigram,16384,12,21
train,stratum,code,java,sp_unigram,16384,13,5
train,stratum,code,java,sp_unigram,16384,16,31
train,stratum,code,javascript,sp_unigram,16384,1,29689
train,stratum,code,javascript,sp_unigram,16384,2,12846
train,stratum,code,javascript,sp_unigram,16384,3,5488
train,stratum,code,javascript,sp_unigram,16384,4,2696
train,stratum,code,javascript,sp_unigram,16384,5,1759
train,stratum,code,javascript,sp_unigram,16384,6,1521
train,stratum,code,javascript,sp_unigram,16384,7,785
train,stratum,code,javascript,sp_unigram,16384,8,315
train,stratum,code,javascript,sp_unigram,16384,9,185
train,stratum,code,javascript,sp_unigram,16384,10,170
train,stratum,code,javascript,sp_unigram,16384,11,47
train,stratum,code,javascript,sp_unigram,16384,12,2
train,stratum,code,python,sp_unigram,16384,1,58786
train,stratum,code,python,sp_unigram,16384,2,12217
train,stratum,code,python,sp_unigram,16384,3,7654
train,stratum,code,python,sp_unigram,16384,4,6459
train,stratum,code,python,sp_unigram,16384,5,3938
train,stratum,code,python,sp_unigram,16384,6,3032
train,stratum,code,python,sp_unigram,16384,7,1544
train,stratum,code,python,sp_unigram,16384,8,625
train,stratum,code,python,sp_unigram,16384,9,431
train,stratum,code,python,sp_unigram,16384,10,66
train,stratum,code,python,sp_unigram,16384,11,105
train,stratum,code,python,sp_unigram,16384,12,26
train,stratum,code,python,sp_unigram,16384,13,5
train,stratum,code,python,sp_unigram,16384,15,2
train,stratum,code,python,sp_unigram,16384,16,84
train,stratum,code,rust,sp_unigram,16384,1,123958
train,stratum,code,rust,sp_unigram,16384,2,28783
train,stratum,code,rust,sp_unigram,16384,3,21757
train,stratum,code,rust,sp_unigram,16384,4,14663
train,stratum,code,rust,sp_unigram,16384,5,7710
train,stratum,code,rust,sp_unigram,16384,6,4430
train,stratum,code,rust,sp_unigram,16384,7,2731
train,stratum,code,rust,sp_unigram,16384,8,891
train,stratum,code,rust,sp_unigram,16384,9,478
train,stratum,code,rust,sp_unigram,16384,10,230
train,stratum,code,rust,sp_unigram,16384,11,99
train,stratum,code,rust,sp_unigram,16384,12,17
train,stratum,code,rust,sp_unigram,16384,15,21
train,stratum,code,rust,sp_unigram,16384,16,26
train,stratum,code,sql,sp_unigram,16384,1,147287
train,stratum,code,sql,sp_unigram,16384,2,163091
train,stratum,code,sql,sp_unigram,16384,3,40157
train,stratum,code,sql,sp_unigram,16384,4,23635
train,stratum,code,sql,sp_unigram,16384,5,20126
train,stratum,code,sql,sp_unigram,16384,6,10565
train,stratum,code,sql,sp_unigram,16384,7,6536
train,stratum,code,sql,sp_unigram,16384,8,1704
train,stratum,code,sql,sp_unigram,16384,9,4400
train,stratum,code,sql,sp_unigram,16384,10,470
train,stratum,code,sql,sp_unigram,16384,11,376
train,stratum,code,sql,sp_unigram,16384,12,95
train,stratum,code,sql,sp_unigram,16384,16,85
train,stratum,code,typescript,sp_unigram,16384,1,227522
train,stratum,code,typescript,sp_unigram,16384,2,65293
train,stratum,code,typescript,sp_unigram,16384,3,28901
train,stratum,code,typescript,sp_unigram,16384,4,21372
train,stratum,code,typescript,sp_unigram,16384,5,11249
train,stratum,code,typescript,sp_unigram,16384,6,6806
train,stratum,code,typescript,sp_unigram,16384,7,5846
train,stratum,code,typescript,sp_unigram,16384,8,1808
train,stratum,code,typescript,sp_unigram,16384,9,912
train,stratum,code,typescript,sp_unigram,16384,10,666
train,stratum,code,typescript,sp_unigram,16384,11,2616
train,stratum,code,typescript,sp_unigram,16384,12,137
train,stratum,code,typescript,sp_unigram,16384,13,21
train,stratum,code,typescript,sp_unigram,16384,15,2
train,stratum,code,typescript,sp_unigram,16384,16,409
train,stratum,cyrillic_african,am,sp_unigram,16384,1,16768
train,stratum,cyrillic_african,am,sp_unigram,16384,2,2194
train,stratum,cyrillic_african,am,sp_unigram,16384,3,75186
train,stratum,cyrillic_african,am,sp_unigram,16384,4,8825
train,stratum,cyrillic_african,am,sp_unigram,16384,5,149
train,stratum,cyrillic_african,am,sp_unigram,16384,6,6838
train,stratum,cyrillic_african,am,sp_unigram,16384,7,5463
train,stratum,cyrillic_african,am,sp_unigram,16384,8,39
train,stratum,cyrillic_african,am,sp_unigram,16384,9,730
train,stratum,cyrillic_african,am,sp_unigram,16384,10,1696
train,stratum,cyrillic_african,am,sp_unigram,16384,11,1
train,stratum,cyrillic_african,am,sp_unigram,16384,12,59
train,stratum,cyrillic_african,am,sp_unigram,16384,13,126
train,stratum,cyrillic_african,am,sp_unigram,16384,15,155
train,stratum,cyrillic_african,bg,sp_unigram,16384,1,14206
train,stratum,cyrillic_african,bg,sp_unigram,16384,2,14225
train,stratum,cyrillic_african,bg,sp_unigram,16384,3,4059
train,stratum,cyrillic_african,bg,sp_unigram,16384,4,22776
train,stratum,cyrillic_african,bg,sp_unigram,16384,5,5969
train,stratum,cyrillic_african,bg,sp_unigram,16384,6,5628
train,stratum,cyrillic_african,bg,sp_unigram,16384,7,1135
train,stratum,cyrillic_african,bg,sp_unigram,16384,8,1850
train,stratum,cyrillic_african,bg,sp_unigram,16384,9,726
train,stratum,cyrillic_african,bg,sp_unigram,16384,10,293
train,stratum,cyrillic_african,bg,sp_unigram,16384,11,367
train,stratum,cyrillic_african,bg,sp_unigram,16384,12,110
train,stratum,cyrillic_african,bg,sp_unigram,16384,13,128
train,stratum,cyrillic_african,bg,sp_unigram,16384,15,18
train,stratum,cyrillic_african,bg,sp_unigram,16384,16,12
train,stratum,cyrillic_african,ru,sp_unigram,16384,1,11991
train,stratum,cyrillic_african,ru,sp_unigram,16384,2,14100
train,stratum,cyrillic_african,ru,sp_unigram,16384,3,3389
train,stratum,cyrillic_african,ru,sp_unigram,16384,4,21386
train,stratum,cyrillic_african,ru,sp_unigram,16384,5,3302
train,stratum,cyrillic_african,ru,sp_unigram,16384,6,6797
train,stratum,cyrillic_african,ru,sp_unigram,16384,7,1585
train,stratum,cyrillic_african,ru,sp_unigram,16384,8,1593
train,stratum,cyrillic_african,ru,sp_unigram,16384,9,389
train,stratum,cyrillic_african,ru,sp_unigram,16384,10,464
train,stratum,cyrillic_african,ru,sp_unigram,16384,11,281
train,stratum,cyrillic_african,ru,sp_unigram,16384,12,110
train,stratum,cyrillic_african,ru,sp_unigram,16384,13,103
train,stratum,cyrillic_african,ru,sp_unigram,16384,14,34
train,stratum,cyrillic_african,ru,sp_unigram,16384,15,9
train,stratum,cyrillic_african,ru,sp_unigram,16384,16,20
train,stratum,cyrillic_african,sw,sp_unigram,16384,1,33206
train,stratum,cyrillic_african,sw,sp_unigram,16384,2,39755
train,stratum,cyrillic_african,sw,sp_unigram,16384,3,35389
train,stratum,cyrillic_african,sw,sp_unigram,16384,4,8956
train,stratum,cyrillic_african,sw,sp_unigram,16384,5,3583
train,stratum,cyrillic_african,sw,sp_unigram,16384,6,1851
train,stratum,cyrillic_african,sw,sp_unigram,16384,7,1898
train,stratum,cyrillic_african,sw,sp_unigram,16384,8,146
train,stratum,cyrillic_african,sw,sp_unigram,16384,9,241
train,stratum,cyrillic_african,sw,sp_unigram,16384,10,241
train,stratum,cyrillic_african,sw,sp_unigram,16384,11,6
train,stratum,cyrillic_african,sw,sp_unigram,16384,12,2
train,stratum,cyrillic_african,uk,sp_unigram,16384,1,9865
train,stratum,cyrillic_african,uk,sp_unigram,16384,2,13153
train,stratum,cyrillic_african,uk,sp_unigram,16384,3,2640
train,stratum,cyrillic_african,uk,sp_unigram,16384,4,18088
train,stratum,cyrillic_african,uk,sp_unigram,16384,5,2785
train,stratum,cyrillic_african,uk,sp_unigram,16384,6,4470
train,stratum,cyrillic_african,uk,sp_unigram,16384,7,1105
train,stratum,cyrillic_african,uk,sp_unigram,16384,8,1273
train,stratum,cyrillic_african,uk,sp_unigram,16384,9,269
train,stratum,cyrillic_african,uk,sp_unigram,16384,10,438
train,stratum,cyrillic_african,uk,sp_unigram,16384,11,32
train,stratum,cyrillic_african,uk,sp_unigram,16384,12,70
train,stratum,cyrillic_african,uk,sp_unigram,16384,13,42
train,stratum,cyrillic_african,uk,sp_unigram,16384,15,58
train,stratum,cyrillic_african,uk,sp_unigram,16384,16,13
train,stratum,cyrillic_african,yo,sp_unigram,16384,1,15398
train,stratum,cyrillic_african,yo,sp_unigram,16384,2,13668
train,stratum,cyrillic_african,yo,sp_unigram,16384,3,12336
train,stratum,cyrillic_african,yo,sp_unigram,16384,4,4623
train,stratum,cyrillic_african,yo,sp_unigram,16384,5,3253
train,stratum,cyrillic_african,yo,sp_unigram,16384,6,1244
train,stratum,cyrillic_african,yo,sp_unigram,16384,7,2600
train,stratum,cyrillic_african,yo,sp_unigram,16384,8,302
train,stratum,cyrillic_african,yo,sp_unigram,16384,9,104
train,stratum,cyrillic_african,yo,sp_unigram,16384,10,49
train,stratum,cyrillic_african,yo,sp_unigram,16384,11,100
train,stratum,cyrillic_african,yo,sp_unigram,16384,12,1
train,stratum,cyrillic_african,yo,sp_unigram,16384,16,36
train,stratum,indic_cjk_arabic,ar,sp_unigram,16384,1,8323
train,stratum,indic_cjk_arabic,ar,sp_unigram,16384,2,20484
train,stratum,indic_cjk_arabic,ar,sp_unigram,16384,3,4551
train,stratum,indic_cjk_arabic,ar,sp_unigram,16384,4,21233
train,stratum,indic_cjk_arabic,ar,sp_unigram,16384,5,4515
train,stratum,indic_cjk_arabic,ar,sp_unigram,16384,6,1655
train,stratum,indic_cjk_arabic,ar,sp_unigram,16384,7,4251
train,stratum,indic_cjk_arabic,ar,sp_unigram,16384,8,226
train,stratum,indic_cjk_arabic,ar,sp_unigram,16384,9,289
train,stratum,indic_cjk_arabic,ar,sp_unigram,16384,10,10
train,stratum,indic_cjk_arabic,ar,sp_unigram,16384,11,31
train,stratum,indic_cjk_arabic,ar,sp_unigram,16384,12,20
train,stratum,indic_cjk_arabic,ar,sp_unigram,16384,15,3
train,stratum,indic_cjk_arabic,bn,sp_unigram,16384,1,12505
train,stratum,indic_cjk_arabic,bn,sp_unigram,16384,2,614
train,stratum,indic_cjk_arabic,bn,sp_unigram,16384,3,29072
train,stratum,indic_cjk_arabic,bn,sp_unigram,16384,4,1685
train,stratum,indic_cjk_arabic,bn,sp_unigram,16384,5,97
train,stratum,indic_cjk_arabic,bn,sp_unigram,16384,6,15458
train,stratum,indic_cjk_arabic,bn,sp_unigram,16384,7,1298
train,stratum,indic_cjk_arabic,bn,sp_unigram,16384,8,18
train,stratum,indic_cjk_arabic,bn,sp_unigram,16384,9,3992
train,stratum,indic_cjk_arabic,bn,sp_unigram,16384,10,1174
train,stratum,indic_cjk_arabic,bn,sp_unigram,16384,12,613
train,stratum,indic_cjk_arabic,bn,sp_unigram,16384,13,655
train,stratum,indic_cjk_arabic,bn,sp_unigram,16384,15,78
train,stratum,indic_cjk_arabic,bn,sp_unigram,16384,16,197
train,stratum,indic_cjk_arabic,bn,sp_unigram,16384,19,51
train,stratum,indic_cjk_arabic,fa,sp_unigram,16384,1,10288
train,stratum,indic_cjk_arabic,fa,sp_unigram,16384,2,14679
train,stratum,indic_cjk_arabic,fa,sp_unigram,16384,3,3849
train,stratum,indic_cjk_arabic,fa,sp_unigram,16384,4,16360
train,stratum,indic_cjk_arabic,fa,sp_unigram,16384,5,5902
train,stratum,indic_cjk_arabic,fa,sp_unigram,16384,6,2511
train,stratum,indic_cjk_arabic,fa,sp_unigram,16384,7,2230
train,stratum,indic_cjk_arabic,fa,sp_unigram,16384,8,916
train,stratum,indic_cjk_arabic,fa,sp_unigram,16384,9,1028
train,stratum,indic_cjk_arabic,fa,sp_unigram,16384,10,26
train,stratum,indic_cjk_arabic,fa,sp_unigram,16384,11,337
train,stratum,indic_cjk_arabic,fa,sp_unigram,16384,12,38
train,stratum,indic_cjk_arabic,fa,sp_unigram,16384,15,61
train,stratum,indic_cjk_arabic,gu,sp_unigram,16384,1,14002
train,stratum,indic_cjk_arabic,gu,sp_unigram,16384,2,1253
train,stratum,indic_cjk_arabic,gu,sp_unigram,16384,3,26968
train,stratum,indic_cjk_arabic,gu,sp_unigram,16384,4,1950
train,stratum,indic_cjk_arabic,gu,sp_unigram,16384,5,129
train,stratum,indic_cjk_arabic,gu,sp_unigram,16384,6,15800
train,stratum,indic_cjk_arabic,gu,sp_unigram,16384,7,2779
train,stratum,indic_cjk_arabic,gu,sp_unigram,16384,8,18
train,stratum,indic_cjk_arabic,gu,sp_unigram,16384,9,2491
train,stratum,indic_cjk_arabic,gu,sp_unigram,16384,10,1467
train,stratum,indic_cjk_arabic,gu,sp_unigram,16384,11,1
train,stratum,indic_cjk_arabic,gu,sp_unigram,16384,12,129
train,stratum,indic_cjk_arabic,gu,sp_unigram,16384,13,481
train,stratum,indic_cjk_arabic,gu,sp_unigram,16384,15,72
train,stratum,indic_cjk_arabic,hi,sp_unigram,16384,1,13885
train,stratum,indic_cjk_arabic,hi,sp_unigram,16384,2,1113
train,stratum,indic_cjk_arabic,hi,sp_unigram,16384,3,29261
train,stratum,indic_cjk_arabic,hi,sp_unigram,16384,4,2927
train,stratum,indic_cjk_arabic,hi,sp_unigram,16384,5,83
train,stratum,indic_cjk_arabic,hi,sp_unigram,16384,6,16083
train,stratum,indic_cjk_arabic,hi,sp_unigram,16384,7,9322
train,stratum,indic_cjk_arabic,hi,sp_unigram,16384,8,10
train,stratum,indic_cjk_arabic,hi,sp_unigram,16384,9,2497
train,stratum,indic_cjk_arabic,hi,sp_unigram,16384,10,2452
train,stratum,indic_cjk_arabic,hi,sp_unigram,16384,11,4
train,stratum,indic_cjk_arabic,hi,sp_unigram,16384,12,198
train,stratum,indic_cjk_arabic,hi,sp_unigram,16384,13,932
train,stratum,indic_cjk_arabic,hi,sp_unigram,16384,15,1
train,stratum,indic_cjk_arabic,hi,sp_unigram,16384,16,185
train,stratum,indic_cjk_arabic,hi,sp_unigram,16384,21,17
train,stratum,indic_cjk_arabic,ja,sp_unigram,16384,1,18149
train,stratum,indic_cjk_arabic,ja,sp_unigram,16384,2,6822
train,stratum,indic_cjk_arabic,ja,sp_unigram,16384,3,73701
train,stratum,indic_cjk_arabic,ja,sp_unigram,16384,4,680
train,stratum,indic_cjk_arabic,ja,sp_unigram,16384,5,334
train,stratum,indic_cjk_arabic,ja,sp_unigram,16384,6,7820
train,stratum,indic_cjk_arabic,ja,sp_unigram,16384,7,57
train,stratum,indic_cjk_arabic,ja,sp_unigram,16384,8,56
train,stratum,indic_cjk_arabic,ja,sp_unigram,16384,9,1145
train,stratum,indic_cjk_arabic,ja,sp_unigram,16384,10,5
train,stratum,indic_cjk_arabic,ja,sp_unigram,16384,11,6
train,stratum,indic_cjk_arabic,ja,sp_unigram,16384,12,248
train,stratum,indic_cjk_arabic,ja,sp_unigram,16384,13,1
train,stratum,indic_cjk_arabic,kn,sp_unigram,16384,1,22296
train,stratum,indic_cjk_arabic,kn,sp_unigram,16384,2,3327
train,stratum,indic_cjk_arabic,kn,sp_unigram,16384,3,39127
train,stratum,indic_cjk_arabic,kn,sp_unigram,16384,4,6613
train,stratum,indic_cjk_arabic,kn,sp_unigram,16384,5,106
train,stratum,indic_cjk_arabic,kn,sp_unigram,16384,6,23254
train,stratum,indic_cjk_arabic,kn,sp_unigram,16384,7,429
train,stratum,indic_cjk_arabic,kn,sp_unigram,16384,8,14
train,stratum,indic_cjk_arabic,kn,sp_unigram,16384,9,6776
train,stratum,indic_cjk_arabic,kn,sp_unigram,16384,10,1158
train,stratum,indic_cjk_arabic,kn,sp_unigram,16384,11,3
train,stratum,indic_cjk_arabic,kn,sp_unigram,16384,12,2495
train,stratum,indic_cjk_arabic,kn,sp_unigram,16384,13,263
train,stratum,indic_cjk_arabic,kn,sp_unigram,16384,15,1186
train,stratum,indic_cjk_arabic,kn,sp_unigram,16384,16,324
train,stratum,indic_cjk_arabic,kn,sp_unigram,16384,18,607
train,stratum,indic_cjk_arabic,kn,sp_unigram,16384,21,91
train,stratum,indic_cjk_arabic,ko,sp_unigram,16384,1,20846
train,stratum,indic_cjk_arabic,ko,sp_unigram,16384,2,1890
train,stratum,indic_cjk_arabic,ko,sp_unigram,16384,3,50087
train,stratum,indic_cjk_arabic,ko,sp_unigram,16384,4,1127
train,stratum,indic_cjk_arabic,ko,sp_unigram,16384,5,74
train,stratum,indic_cjk_arabic,ko,sp_unigram,16384,6,2052
train,stratum,indic_cjk_arabic,ko,sp_unigram,16384,7,612
train,stratum,indic_cjk_arabic,ko,sp_unigram,16384,9,392
train,stratum,indic_cjk_arabic,ko,sp_unigram,16384,10,2
train,stratum,indic_cjk_arabic,ko,sp_unigram,16384,13,98
train,stratum,indic_cjk_arabic,ml,sp_unigram,16384,1,7804
train,stratum,indic_cjk_arabic,ml,sp_unigram,16384,2,971
train,stratum,indic_cjk_arabic,ml,sp_unigram,16384,3,16884
train,stratum,indic_cjk_arabic,ml,sp_unigram,16384,4,977
train,stratum,indic_cjk_arabic,ml,sp_unigram,16384,5,73
train,stratum,indic_cjk_arabic,ml,sp_unigram,16384,6,7438
train,stratum,indic_cjk_arabic,ml,sp_unigram,16384,7,107
train,stratum,indic_cjk_arabic,ml,sp_unigram,16384,8,23
train,stratum,indic_cjk_arabic,ml,sp_unigram,16384,9,4461
train,stratum,indic_cjk_arabic,ml,sp_unigram,16384,10,56
train,stratum,indic_cjk_arabic,ml,sp_unigram,16384,12,2083
train,stratum,indic_cjk_arabic,ml,sp_unigram,16384,13,86
train,stratum,indic_cjk_arabic,ml,sp_unigram,16384,15,452
train,stratum,indic_cjk_arabic,ml,sp_unigram,16384,18,104
train,stratum,indic_cjk_arabic,ml,sp_unigram,16384,21,28
train,stratum,indic_cjk_arabic,ml,sp_unigram,16384,24,61
train,stratum,indic_cjk_arabic,ml,sp_unigram,16384,27,35
train,stratum,indic_cjk_arabic,mr,sp_unigram,16384,1,14768
train,stratum,indic_cjk_arabic,mr,sp_unigram,16384,2,1584
train,stratum,indic_cjk_arabic,mr,sp_unigram,16384,3,29681
train,stratum,indic_cjk_arabic,mr,sp_unigram,16384,4,2502
train,stratum,indic_cjk_arabic,mr,sp_unigram,16384,5,150
train,stratum,indic_cjk_arabic,mr,sp_unigram,16384,6,19952
train,stratum,indic_cjk_arabic,mr,sp_unigram,16384,7,3836
train,stratum,indic_cjk_arabic,mr,sp_unigram,16384,8,14
train,stratum,indic_cjk_arabic,mr,sp_unigram,16384,9,4035
train,stratum,indic_cjk_arabic,mr,sp_unigram,16384,10,1534
train,stratum,indic_cjk_arabic,mr,sp_unigram,16384,11,7
train,stratum,indic_cjk_arabic,mr,sp_unigram,16384,12,1922
train,stratum,indic_cjk_arabic,mr,sp_unigram,16384,13,968
train,stratum,indic_cjk_arabic,mr,sp_unigram,16384,15,89
train,stratum,indic_cjk_arabic,mr,sp_unigram,16384,16,158
train,stratum,indic_cjk_arabic,mr,sp_unigram,16384,18,206
train,stratum,indic_cjk_arabic,mr,sp_unigram,16384,19,58
train,stratum,indic_cjk_arabic,mr,sp_unigram,16384,21,24
train,stratum,indic_cjk_arabic,mr,sp_unigram,16384,24,57
train,stratum,indic_cjk_arabic,ta,sp_unigram,16384,1,7538
train,stratum,indic_cjk_arabic,ta,sp_unigram,16384,2,857
train,stratum,indic_cjk_arabic,ta,sp_unigram,16384,3,12559
train,stratum,indic_cjk_arabic,ta,sp_unigram,16384,4,3569
train,stratum,indic_cjk_arabic,ta,sp_unigram,16384,5,57
train,stratum,indic_cjk_arabic,ta,sp_unigram,16384,6,13039
train,stratum,indic_cjk_arabic,ta,sp_unigram,16384,7,465
train,stratum,indic_cjk_arabic,ta,sp_unigram,16384,8,11
train,stratum,indic_cjk_arabic,ta,sp_unigram,16384,9,5036
train,stratum,indic_cjk_arabic,ta,sp_unigram,16384,10,147
train,stratum,indic_cjk_arabic,ta,sp_unigram,16384,11,1
train,stratum,indic_cjk_arabic,ta,sp_unigram,16384,12,2161
train,stratum,indic_cjk_arabic,ta,sp_unigram,16384,13,278
train,stratum,indic_cjk_arabic,ta,sp_unigram,16384,15,623
train,stratum,indic_cjk_arabic,ta,sp_unigram,16384,16,113
train,stratum,indic_cjk_arabic,ta,sp_unigram,16384,18,331
train,stratum,indic_cjk_arabic,ta,sp_unigram,16384,19,148
train,stratum,indic_cjk_arabic,te,sp_unigram,16384,1,13859
train,stratum,indic_cjk_arabic,te,sp_unigram,16384,2,1404
train,stratum,indic_cjk_arabic,te,sp_unigram,16384,3,23524
train,stratum,indic_cjk_arabic,te,sp_unigram,16384,4,2471
train,stratum,indic_cjk_arabic,te,sp_unigram,16384,5,77
train,stratum,indic_cjk_arabic,te,sp_unigram,16384,6,23222
train,stratum,indic_cjk_arabic,te,sp_unigram,16384,7,167
train,stratum,indic_cjk_arabic,te,sp_unigram,16384,8,8
train,stratum,indic_cjk_arabic,te,sp_unigram,16384,9,4319
train,stratum,indic_cjk_arabic,te,sp_unigram,16384,10,661
train,stratum,indic_cjk_arabic,te,sp_unigram,16384,12,470
train,stratum,indic_cjk_arabic,te,sp_unigram,16384,13,203
train,stratum,indic_cjk_arabic,te,sp_unigram,16384,15,225
train,stratum,indic_cjk_arabic,te,sp_unigram,16384,18,204
train,stratum,indic_cjk_arabic,te,sp_unigram,16384,21,63
train,stratum,indic_cjk_arabic,ur,sp_unigram,16384,1,19643
train,stratum,indic_cjk_arabic,ur,sp_unigram,16384,2,34674
train,stratum,indic_cjk_arabic,ur,sp_unigram,16384,3,6835
train,stratum,indic_cjk_arabic,ur,sp_unigram,16384,4,30498
train,stratum,indic_cjk_arabic,ur,sp_unigram,16384,5,17530
train,stratum,indic_cjk_arabic,ur,sp_unigram,16384,6,3085
train,stratum,indic_cjk_arabic,ur,sp_unigram,16384,7,7909
train,stratum,indic_cjk_arabic,ur,sp_unigram,16384,8,653
train,stratum,indic_cjk_arabic,ur,sp_unigram,16384,9,2737
train,stratum,indic_cjk_arabic,ur,sp_unigram,16384,10,17
train,stratum,indic_cjk_arabic,ur,sp_unigram,16384,11,460
train,stratum,indic_cjk_arabic,ur,sp_unigram,16384,12,24
train,stratum,indic_cjk_arabic,ur,sp_unigram,16384,15,130
train,stratum,indic_cjk_arabic,zh,sp_unigram,16384,1,28170
train,stratum,indic_cjk_arabic,zh,sp_unigram,16384,2,10473
train,stratum,indic_cjk_arabic,zh,sp_unigram,16384,3,110096
train,stratum,indic_cjk_arabic,zh,sp_unigram,16384,4,459
train,stratum,indic_cjk_arabic,zh,sp_unigram,16384,5,296
train,stratum,indic_cjk_arabic,zh,sp_unigram,16384,6,20765
train,stratum,indic_cjk_arabic,zh,sp_unigram,16384,7,3338
train,stratum,indic_cjk_arabic,zh,sp_unigram,16384,8,34
train,stratum,indic_cjk_arabic,zh,sp_unigram,16384,9,3126
train,stratum,indic_cjk_arabic,zh,sp_unigram,16384,10,12
train,stratum,indic_cjk_arabic,zh,sp_unigram,16384,11,6
train,stratum,indic_cjk_arabic,zh,sp_unigram,16384,12,1117
train,stratum,indic_cjk_arabic,zh,sp_unigram,16384,13,1541
train,stratum,indic_cjk_arabic,zh,sp_unigram,16384,15,18
train,stratum,indic_cjk_arabic,zh,sp_unigram,16384,16,1198
train,stratum,latin_english,en,sp_unigram,16384,1,12437
train,stratum,latin_english,en,sp_unigram,16384,2,7438
train,stratum,latin_english,en,sp_unigram,16384,3,8371
train,stratum,latin_english,en,sp_unigram,16384,4,5895
train,stratum,latin_english,en,sp_unigram,16384,5,3778
train,stratum,latin_english,en,sp_unigram,16384,6,1871
train,stratum,latin_english,en,sp_unigram,16384,7,1205
train,stratum,latin_english,en,sp_unigram,16384,8,733
train,stratum,latin_english,en,sp_unigram,16384,9,412
train,stratum,latin_english,en,sp_unigram,16384,10,265
train,stratum,latin_english,en,sp_unigram,16384,11,123
train,stratum,latin_english,en,sp_unigram,16384,12,50
train,stratum,latin_english,en,sp_unigram,16384,13,13
train,stratum,latin_english,en,sp_unigram,16384,14,3
train,language,,am,sp_unigram,16384,1,16768
train,language,,am,sp_unigram,16384,2,2194
train,language,,am,sp_unigram,16384,3,75186
train,language,,am,sp_unigram,16384,4,8825
train,language,,am,sp_unigram,16384,5,149
train,language,,am,sp_unigram,16384,6,6838
train,language,,am,sp_unigram,16384,7,5463
train,language,,am,sp_unigram,16384,8,39
train,language,,am,sp_unigram,16384,9,730
train,language,,am,sp_unigram,16384,10,1696
train,language,,am,sp_unigram,16384,11,1
train,language,,am,sp_unigram,16384,12,59
train,language,,am,sp_unigram,16384,13,126
train,language,,am,sp_unigram,16384,15,155
train,language,,ar,sp_unigram,16384,1,8323
train,language,,ar,sp_unigram,16384,2,20484
train,language,,ar,sp_unigram,16384,3,4551
train,language,,ar,sp_unigram,16384,4,21233
train,language,,ar,sp_unigram,16384,5,4515
train,language,,ar,sp_unigram,16384,6,1655
train,language,,ar,sp_unigram,16384,7,4251
train,language,,ar,sp_unigram,16384,8,226
train,language,,ar,sp_unigram,16384,9,289
train,language,,ar,sp_unigram,16384,10,10
train,language,,ar,sp_unigram,16384,11,31
train,language,,ar,sp_unigram,16384,12,20
train,language,,ar,sp_unigram,16384,15,3
train,language,,bg,sp_unigram,16384,1,14206
train,language,,bg,sp_unigram,16384,2,14225
train,language,,bg,sp_unigram,16384,3,4059
train,language,,bg,sp_unigram,16384,4,22776
train,language,,bg,sp_unigram,16384,5,5969
train,language,,bg,sp_unigram,16384,6,5628
train,language,,bg,sp_unigram,16384,7,1135
train,language,,bg,sp_unigram,16384,8,1850
train,language,,bg,sp_unigram,16384,9,726
train,language,,bg,sp_unigram,16384,10,293
train,language,,bg,sp_unigram,16384,11,367
train,language,,bg,sp_unigram,16384,12,110
train,language,,bg,sp_unigram,16384,13,128
train,language,,bg,sp_unigram,16384,15,18
train,language,,bg,sp_unigram,16384,16,12
train,language,,bn,sp_unigram,16384,1,12505
train,language,,bn,sp_unigram,16384,2,614
train,language,,bn,sp_unigram,16384,3,29072
train,language,,bn,sp_unigram,16384,4,1685
train,language,,bn,sp_unigram,16384,5,97
train,language,,bn,sp_unigram,16384,6,15458
train,language,,bn,sp_unigram,16384,7,1298
train,language,,bn,sp_unigram,16384,8,18
train,language,,bn,sp_unigram,16384,9,3992
train,language,,bn,sp_unigram,16384,10,1174
train,language,,bn,sp_unigram,16384,12,613
train,language,,bn,sp_unigram,16384,13,655
train,language,,bn,sp_unigram,16384,15,78
train,language,,bn,sp_unigram,16384,16,197
train,language,,bn,sp_unigram,16384,19,51
train,language,,c,sp_unigram,16384,1,64290
train,language,,c,sp_unigram,16384,2,24336
train,language,,c,sp_unigram,16384,3,14652
train,language,,c,sp_unigram,16384,4,8881
train,language,,c,sp_unigram,16384,5,4551
train,language,,c,sp_unigram,16384,6,3992
train,language,,c,sp_unigram,16384,7,1754
train,language,,c,sp_unigram,16384,8,902
train,language,,c,sp_unigram,16384,9,392
train,language,,c,sp_unigram,16384,10,231
train,language,,c,sp_unigram,16384,11,120
train,language,,c,sp_unigram,16384,12,59
train,language,,c,sp_unigram,16384,13,3
train,language,,c,sp_unigram,16384,15,74
train,language,,c,sp_unigram,16384,16,127
train,language,,cpp,sp_unigram,16384,1,148093
train,language,,cpp,sp_unigram,16384,2,65905
train,language,,cpp,sp_unigram,16384,3,32611
train,language,,cpp,sp_unigram,16384,4,19603
train,language,,cpp,sp_unigram,16384,5,10704
train,language,,cpp,sp_unigram,16384,6,14514
train,language,,cpp,sp_unigram,16384,7,9995
train,language,,cpp,sp_unigram,16384,8,2509
train,language,,cpp,sp_unigram,16384,9,1793
train,language,,cpp,sp_unigram,16384,10,1618
train,language,,cpp,sp_unigram,16384,11,510
train,language,,cpp,sp_unigram,16384,12,549
train,language,,cpp,sp_unigram,16384,13,7
train,language,,cpp,sp_unigram,16384,15,9
train,language,,cpp,sp_unigram,16384,16,253
train,language,,en,sp_unigram,16384,1,12437
train,language,,en,sp_unigram,16384,2,7438
train,language,,en,sp_unigram,16384,3,8371
train,language,,en,sp_unigram,16384,4,5895
train,language,,en,sp_unigram,16384,5,3778
train,language,,en,sp_unigram,16384,6,1871
train,language,,en,sp_unigram,16384,7,1205
train,language,,en,sp_unigram,16384,8,733
train,language,,en,sp_unigram,16384,9,412
train,language,,en,sp_unigram,16384,10,265
train,language,,en,sp_unigram,16384,11,123
train,language,,en,sp_unigram,16384,12,50
train,language,,en,sp_unigram,16384,13,13
train,language,,en,sp_unigram,16384,14,3
train,language,,fa,sp_unigram,16384,1,10288
train,language,,fa,sp_unigram,16384,2,14679
train,language,,fa,sp_unigram,16384,3,3849
train,language,,fa,sp_unigram,16384,4,16360
train,language,,fa,sp_unigram,16384,5,5902
train,language,,fa,sp_unigram,16384,6,2511
train,language,,fa,sp_unigram,16384,7,2230
train,language,,fa,sp_unigram,16384,8,916
train,language,,fa,sp_unigram,16384,9,1028
train,language,,fa,sp_unigram,16384,10,26
train,language,,fa,sp_unigram,16384,11,337
train,language,,fa,sp_unigram,16384,12,38
train,language,,fa,sp_unigram,16384,15,61
train,language,,go,sp_unigram,16384,1,94709
train,language,,go,sp_unigram,16384,2,36958
train,language,,go,sp_unigram,16384,3,27065
train,language,,go,sp_unigram,16384,4,20409
train,language,,go,sp_unigram,16384,5,9251
train,language,,go,sp_unigram,16384,6,9041
train,language,,go,sp_unigram,16384,7,6060
train,language,,go,sp_unigram,16384,8,2533
train,language,,go,sp_unigram,16384,9,1497
train,language,,go,sp_unigram,16384,10,288
train,language,,go,sp_unigram,16384,11,258
train,language,,go,sp_unigram,16384,12,29
train,language,,go,sp_unigram,16384,13,13
train,language,,go,sp_unigram,16384,15,7
train,language,,gu,sp_unigram,16384,1,14002
train,language,,gu,sp_unigram,16384,2,1253
train,language,,gu,sp_unigram,16384,3,26968
train,language,,gu,sp_unigram,16384,4,1950
train,language,,gu,sp_unigram,16384,5,129
train,language,,gu,sp_unigram,16384,6,15800
train,language,,gu,sp_unigram,16384,7,2779
train,language,,gu,sp_unigram,16384,8,18
train,language,,gu,sp_unigram,16384,9,2491
train,language,,gu,sp_unigram,16384,10,1467
train,language,,gu,sp_unigram,16384,11,1
train,language,,gu,sp_unigram,16384,12,129
train,language,,gu,sp_unigram,16384,13,481
train,language,,gu,sp_unigram,16384,15,72
train,language,,hi,sp_unigram,16384,1,13885
train,language,,hi,sp_unigram,16384,2,1113
train,language,,hi,sp_unigram,16384,3,29261
train,language,,hi,sp_unigram,16384,4,2927
train,language,,hi,sp_unigram,16384,5,83
train,language,,hi,sp_unigram,16384,6,16083
train,language,,hi,sp_unigram,16384,7,9322
train,language,,hi,sp_unigram,16384,8,10
train,language,,hi,sp_unigram,16384,9,2497
train,language,,hi,sp_unigram,16384,10,2452
train,language,,hi,sp_unigram,16384,11,4
train,language,,hi,sp_unigram,16384,12,198
train,language,,hi,sp_unigram,16384,13,932
train,language,,hi,sp_unigram,16384,15,1
train,language,,hi,sp_unigram,16384,16,185
train,language,,hi,sp_unigram,16384,21,17
train,language,,ja,sp_unigram,16384,1,18149
train,language,,ja,sp_unigram,16384,2,6822
train,language,,ja,sp_unigram,16384,3,73701
train,language,,ja,sp_unigram,16384,4,680
train,language,,ja,sp_unigram,16384,5,334
train,language,,ja,sp_unigram,16384,6,7820
train,language,,ja,sp_unigram,16384,7,57
train,language,,ja,sp_unigram,16384,8,56
train,language,,ja,sp_unigram,16384,9,1145
train,language,,ja,sp_unigram,16384,10,5
train,language,,ja,sp_unigram,16384,11,6
train,language,,ja,sp_unigram,16384,12,248
train,language,,ja,sp_unigram,16384,13,1
train,language,,java,sp_unigram,16384,1,52844
train,language,,java,sp_unigram,16384,2,10636
train,language,,java,sp_unigram,16384,3,8115
train,language,,java,sp_unigram,16384,4,6294
train,language,,java,sp_unigram,16384,5,2443
train,language,,java,sp_unigram,16384,6,2309
train,language,,java,sp_unigram,16384,7,1879
train,language,,java,sp_unigram,16384,8,705
train,language,,java,sp_unigram,16384,9,398
train,language,,java,sp_unigram,16384,10,171
train,language,,java,sp_unigram,16384,11,85
train,language,,java,sp_unigram,16384,12,21
train,language,,java,sp_unigram,16384,13,5
train,language,,java,sp_unigram,16384,16,31
train,language,,javascript,sp_unigram,16384,1,29689
train,language,,javascript,sp_unigram,16384,2,12846
train,language,,javascript,sp_unigram,16384,3,5488
train,language,,javascript,sp_unigram,16384,4,2696
train,language,,javascript,sp_unigram,16384,5,1759
train,language,,javascript,sp_unigram,16384,6,1521
train,language,,javascript,sp_unigram,16384,7,785
train,language,,javascript,sp_unigram,16384,8,315
train,language,,javascript,sp_unigram,16384,9,185
train,language,,javascript,sp_unigram,16384,10,170
train,language,,javascript,sp_unigram,16384,11,47
train,language,,javascript,sp_unigram,16384,12,2
train,language,,kn,sp_unigram,16384,1,22296
train,language,,kn,sp_unigram,16384,2,3327
train,language,,kn,sp_unigram,16384,3,39127
train,language,,kn,sp_unigram,16384,4,6613
train,language,,kn,sp_unigram,16384,5,106
train,language,,kn,sp_unigram,16384,6,23254
train,language,,kn,sp_unigram,16384,7,429
train,language,,kn,sp_unigram,16384,8,14
train,language,,kn,sp_unigram,16384,9,6776
train,language,,kn,sp_unigram,16384,10,1158
train,language,,kn,sp_unigram,16384,11,3
train,language,,kn,sp_unigram,16384,12,2495
train,language,,kn,sp_unigram,16384,13,263
train,language,,kn,sp_unigram,16384,15,1186
train,language,,kn,sp_unigram,16384,16,324
train,language,,kn,sp_unigram,16384,18,607
train,language,,kn,sp_unigram,16384,21,91
train,language,,ko,sp_unigram,16384,1,20846
train,language,,ko,sp_unigram,16384,2,1890
train,language,,ko,sp_unigram,16384,3,50087
train,language,,ko,sp_unigram,16384,4,1127
train,language,,ko,sp_unigram,16384,5,74
train,language,,ko,sp_unigram,16384,6,2052
train,language,,ko,sp_unigram,16384,7,612
train,language,,ko,sp_unigram,16384,9,392
train,language,,ko,sp_unigram,16384,10,2
train,language,,ko,sp_unigram,16384,13,98
train,language,,ml,sp_unigram,16384,1,7804
train,language,,ml,sp_unigram,16384,2,971
train,language,,ml,sp_unigram,16384,3,16884
train,language,,ml,sp_unigram,16384,4,977
train,language,,ml,sp_unigram,16384,5,73
train,language,,ml,sp_unigram,16384,6,7438
train,language,,ml,sp_unigram,16384,7,107
train,language,,ml,sp_unigram,16384,8,23
train,language,,ml,sp_unigram,16384,9,4461
train,language,,ml,sp_unigram,16384,10,56
train,language,,ml,sp_unigram,16384,12,2083
train,language,,ml,sp_unigram,16384,13,86
train,language,,ml,sp_unigram,16384,15,452
train,language,,ml,sp_unigram,16384,18,104
train,language,,ml,sp_unigram,16384,21,28
train,language,,ml,sp_unigram,16384,24,61
train,language,,ml,sp_unigram,16384,27,35
train,language,,mr,sp_unigram,16384,1,14768
train,language,,mr,sp_unigram,16384,2,1584
train,language,,mr,sp_unigram,16384,3,29681
train,language,,mr,sp_unigram,16384,4,2502
train,language,,mr,sp_unigram,16384,5,150
train,language,,mr,sp_unigram,16384,6,19952
train,language,,mr,sp_unigram,16384,7,3836
train,language,,mr,sp_unigram,16384,8,14
train,language,,mr,sp_unigram,16384,9,4035
train,language,,mr,sp_unigram,16384,10,1534
train,language,,mr,sp_unigram,16384,11,7
train,language,,mr,sp_unigram,16384,12,1922
train,language,,mr,sp_unigram,16384,13,968
train,language,,mr,sp_unigram,16384,15,89
train,language,,mr,sp_unigram,16384,16,158
train,language,,mr,sp_unigram,16384,18,206
train,language,,mr,sp_unigram,16384,19,58
train,language,,mr,sp_unigram,16384,21,24
train,language,,mr,sp_unigram,16384,24,57
train,language,,python,sp_unigram,16384,1,58786
train,language,,python,sp_unigram,16384,2,12217
train,language,,python,sp_unigram,16384,3,7654
train,language,,python,sp_unigram,16384,4,6459
train,language,,python,sp_unigram,16384,5,3938
train,language,,python,sp_unigram,16384,6,3032
train,language,,python,sp_unigram,16384,7,1544
train,language,,python,sp_unigram,16384,8,625
train,language,,python,sp_unigram,16384,9,431
train,language,,python,sp_unigram,16384,10,66
train,language,,python,sp_unigram,16384,11,105
train,language,,python,sp_unigram,16384,12,26
train,language,,python,sp_unigram,16384,13,5
train,language,,python,sp_unigram,16384,15,2
train,language,,python,sp_unigram,16384,16,84
train,language,,ru,sp_unigram,16384,1,11991
train,language,,ru,sp_unigram,16384,2,14100
train,language,,ru,sp_unigram,16384,3,3389
train,language,,ru,sp_unigram,16384,4,21386
train,language,,ru,sp_unigram,16384,5,3302
train,language,,ru,sp_unigram,16384,6,6797
train,language,,ru,sp_unigram,16384,7,1585
train,language,,ru,sp_unigram,16384,8,1593
train,language,,ru,sp_unigram,16384,9,389
train,language,,ru,sp_unigram,16384,10,464
train,language,,ru,sp_unigram,16384,11,281
train,language,,ru,sp_unigram,16384,12,110
train,language,,ru,sp_unigram,16384,13,103
train,language,,ru,sp_unigram,16384,14,34
train,language,,ru,sp_unigram,16384,15,9
train,language,,ru,sp_unigram,16384,16,20
train,language,,rust,sp_unigram,16384,1,123958
train,language,,rust,sp_unigram,16384,2,28783
train,language,,rust,sp_unigram,16384,3,21757
train,language,,rust,sp_unigram,16384,4,14663
train,language,,rust,sp_unigram,16384,5,7710
train,language,,rust,sp_unigram,16384,6,4430
train,language,,rust,sp_unigram,16384,7,2731
train,language,,rust,sp_unigram,16384,8,891
train,language,,rust,sp_unigram,16384,9,478
train,language,,rust,sp_unigram,16384,10,230
train,language,,rust,sp_unigram,16384,11,99
train,language,,rust,sp_unigram,16384,12,17
train,language,,rust,sp_unigram,16384,15,21
train,language,,rust,sp_unigram,16384,16,26
train,language,,sql,sp_unigram,16384,1,147287
train,language,,sql,sp_unigram,16384,2,163091
train,language,,sql,sp_unigram,16384,3,40157
train,language,,sql,sp_unigram,16384,4,23635
train,language,,sql,sp_unigram,16384,5,20126
train,language,,sql,sp_unigram,16384,6,10565
train,language,,sql,sp_unigram,16384,7,6536
train,language,,sql,sp_unigram,16384,8,1704
train,language,,sql,sp_unigram,16384,9,4400
train,language,,sql,sp_unigram,16384,10,470
train,language,,sql,sp_unigram,16384,11,376
train,language,,sql,sp_unigram,16384,12,95
train,language,,sql,sp_unigram,16384,16,85
train,language,,sw,sp_unigram,16384,1,33206
train,language,,sw,sp_unigram,16384,2,39755
train,language,,sw,sp_unigram,16384,3,35389
train,language,,sw,sp_unigram,16384,4,8956
train,language,,sw,sp_unigram,16384,5,3583
train,language,,sw,sp_unigram,16384,6,1851
train,language,,sw,sp_unigram,16384,7,1898
train,language,,sw,sp_unigram,16384,8,146
train,language,,sw,sp_unigram,16384,9,241
train,language,,sw,sp_unigram,16384,10,241
train,language,,sw,sp_unigram,16384,11,6
train,language,,sw,sp_unigram,16384,12,2
train,language,,ta,sp_unigram,16384,1,7538
train,language,,ta,sp_unigram,16384,2,857
train,language,,ta,sp_unigram,16384,3,12559
train,language,,ta,sp_unigram,16384,4,3569
train,language,,ta,sp_unigram,16384,5,57
train,language,,ta,sp_unigram,16384,6,13039
train,language,,ta,sp_unigram,16384,7,465
train,language,,ta,sp_unigram,16384,8,11
train,language,,ta,sp_unigram,16384,9,5036
train,language,,ta,sp_unigram,16384,10,147
train,language,,ta,sp_unigram,16384,11,1
train,language,,ta,sp_unigram,16384,12,2161
train,language,,ta,sp_unigram,16384,13,278
train,language,,ta,sp_unigram,16384,15,623
train,language,,ta,sp_unigram,16384,16,113
train,language,,ta,sp_unigram,16384,18,331
train,language,,ta,sp_unigram,16384,19,148
train,language,,te,sp_unigram,16384,1,13859
train,language,,te,sp_unigram,16384,2,1404
train,language,,te,sp_unigram,16384,3,23524
train,language,,te,sp_unigram,16384,4,2471
train,language,,te,sp_unigram,16384,5,77
train,language,,te,sp_unigram,16384,6,23222
train,language,,te,sp_unigram,16384,7,167
train,language,,te,sp_unigram,16384,8,8
train,language,,te,sp_unigram,16384,9,4319
train,language,,te,sp_unigram,16384,10,661
train,language,,te,sp_unigram,16384,12,470
train,language,,te,sp_unigram,16384,13,203
train,language,,te,sp_unigram,16384,15,225
train,language,,te,sp_unigram,16384,18,204
train,language,,te,sp_unigram,16384,21,63
train,language,,typescript,sp_unigram,16384,1,227522
train,language,,typescript,sp_unigram,16384,2,65293
train,language,,typescript,sp_unigram,16384,3,28901
train,language,,typescript,sp_unigram,16384,4,21372
train,language,,typescript,sp_unigram,16384,5,11249
train,language,,typescript,sp_unigram,16384,6,6806
train,language,,typescript,sp_unigram,16384,7,5846
train,language,,typescript,sp_unigram,16384,8,1808
train,language,,typescript,sp_unigram,16384,9,912
train,language,,typescript,sp_unigram,16384,10,666
train,language,,typescript,sp_unigram,16384,11,2616
train,language,,typescript,sp_unigram,16384,12,137
train,language,,typescript,sp_unigram,16384,13,21
train,language,,typescript,sp_unigram,16384,15,2
train,language,,typescript,sp_unigram,16384,16,409
train,language,,uk,sp_unigram,16384,1,9865
train,language,,uk,sp_unigram,16384,2,13153
train,language,,uk,sp_unigram,16384,3,2640
train,language,,uk,sp_unigram,16384,4,18088
train,language,,uk,sp_unigram,16384,5,2785
train,language,,uk,sp_unigram,16384,6,4470
train,language,,uk,sp_unigram,16384,7,1105
train,language,,uk,sp_unigram,16384,8,1273
train,language,,uk,sp_unigram,16384,9,269
train,language,,uk,sp_unigram,16384,10,438
train,language,,uk,sp_unigram,16384,11,32
train,language,,uk,sp_unigram,16384,12,70
train,language,,uk,sp_unigram,16384,13,42
train,language,,uk,sp_unigram,16384,15,58
train,language,,uk,sp_unigram,16384,16,13
train,language,,ur,sp_unigram,16384,1,19643
train,language,,ur,sp_unigram,16384,2,34674
train,language,,ur,sp_unigram,16384,3,6835
train,language,,ur,sp_unigram,16384,4,30498
train,language,,ur,sp_unigram,16384,5,17530
train,language,,ur,sp_unigram,16384,6,3085
train,language,,ur,sp_unigram,16384,7,7909
train,language,,ur,sp_unigram,16384,8,653
train,language,,ur,sp_unigram,16384,9,2737
train,language,,ur,sp_unigram,16384,10,17
train,language,,ur,sp_unigram,16384,11,460
train,language,,ur,sp_unigram,16384,12,24
train,language,,ur,sp_unigram,16384,15,130
train,language,,yo,sp_unigram,16384,1,15398
train,language,,yo,sp_unigram,16384,2,13668
train,language,,yo,sp_unigram,16384,3,12336
train,language,,yo,sp_unigram,16384,4,4623
train,language,,yo,sp_unigram,16384,5,3253
train,language,,yo,sp_unigram,16384,6,1244
train,language,,yo,sp_unigram,16384,7,2600
train,language,,yo,sp_unigram,16384,8,302
train,language,,yo,sp_unigram,16384,9,104
train,language,,yo,sp_unigram,16384,10,49
train,language,,yo,sp_unigram,16384,11,100
train,language,,yo,sp_unigram,16384,12,1
train,language,,yo,sp_unigram,16384,16,36
train,language,,zh,sp_unigram,16384,1,28170
train,language,,zh,sp_unigram,16384,2,10473
train,language,,zh,sp_unigram,16384,3,110096
train,language,,zh,sp_unigram,16384,4,459
train,language,,zh,sp_unigram,16384,5,296
train,language,,zh,sp_unigram,16384,6,20765
train,language,,zh,sp_unigram,16384,7,3338
train,language,,zh,sp_unigram,16384,8,34
train,language,,zh,sp_unigram,16384,9,3126
train,language,,zh,sp_unigram,16384,10,12
train,language,,zh,sp_unigram,16384,11,6
train,language,,zh,sp_unigram,16384,12,1117
train,language,,zh,sp_unigram,16384,13,1541
train,language,,zh,sp_unigram,16384,15,18
train,language,,zh,sp_unigram,16384,16,1198
train,domain,code,,sp_unigram,16384,1,947178
train,domain,code,,sp_unigram,16384,2,420065
train,domain,code,,sp_unigram,16384,3,186400
train,domain,code,,sp_unigram,16384,4,124012
train,domain,code,,sp_unigram,16384,5,71731
train,domain,code,,sp_unigram,16384,6,56210
train,domain,code,,sp_unigram,16384,7,37130
train,domain,code,,sp_unigram,16384,8,11992
train,domain,code,,sp_unigram,16384,9,10486
train,domain,code,,sp_unigram,16384,10,3910
train,domain,code,,sp_unigram,16384,11,4216
train,domain,code,,sp_unigram,16384,12,935
train,domain,code,,sp_unigram,16384,13,54
train,domain,code,,sp_unigram,16384,15,115
train,domain,code,,sp_unigram,16384,16,1015
train,domain,cyrillic_african,,sp_unigram,16384,1,101434
train,domain,cyrillic_african,,sp_unigram,16384,2,97095
train,domain,cyrillic_african,,sp_unigram,16384,3,132999
train,domain,cyrillic_african,,sp_unigram,16384,4,84654
train,domain,cyrillic_african,,sp_unigram,16384,5,19041
train,domain,cyrillic_african,,sp_unigram,16384,6,26828
train,domain,cyrillic_african,,sp_unigram,16384,7,13786
train,domain,cyrillic_african,,sp_unigram,16384,8,5203
train,domain,cyrillic_african,,sp_unigram,16384,9,2459
train,domain,cyrillic_african,,sp_unigram,16384,10,3181
train,domain,cyrillic_african,,sp_unigram,16384,11,787
train,domain,cyrillic_african,,sp_unigram,16384,12,352
train,domain,cyrillic_african,,sp_unigram,16384,13,399
train,domain,cyrillic_african,,sp_unigram,16384,14,34
train,domain,cyrillic_african,,sp_unigram,16384,15,240
train,domain,cyrillic_african,,sp_unigram,16384,16,81
train,domain,indic_cjk_arabic,,sp_unigram,16384,1,212076
train,domain,indic_cjk_arabic,,sp_unigram,16384,2,100145
train,domain,indic_cjk_arabic,,sp_unigram,16384,3,456195
train,domain,indic_cjk_arabic,,sp_unigram,16384,4,93051
train,domain,indic_cjk_arabic,,sp_unigram,16384,5,29423
train,domain,indic_cjk_arabic,,sp_unigram,16384,6,172134
train,domain,indic_cjk_arabic,,sp_unigram,16384,7,36800
train,domain,indic_cjk_arabic,,sp_unigram,16384,8,2001
train,domain,indic_cjk_arabic,,sp_unigram,16384,9,42324
train,domain,indic_cjk_arabic,,sp_unigram,16384,10,8721
train,domain,indic_cjk_arabic,,sp_unigram,16384,11,856
train,domain,indic_cjk_arabic,,sp_unigram,16384,12,11518
train,domain,indic_cjk_arabic,,sp_unigram,16384,13,5506
train,domain,indic_cjk_arabic,,sp_unigram,16384,15,2938
train,domain,indic_cjk_arabic,,sp_unigram,16384,16,2175
train,domain,indic_cjk_arabic,,sp_unigram,16384,18,1452
train,domain,indic_cjk_arabic,,sp_unigram,16384,19,257
train,domain,indic_cjk_arabic,,sp_unigram,16384,21,223
train,domain,indic_cjk_arabic,,sp_unigram,16384,24,118
train,domain,indic_cjk_arabic,,sp_unigram,16384,27,35
train,domain,latin_english,,sp_unigram,16384,1,12437
train,domain,latin_english,,sp_unigram,16384,2,7438
train,domain,latin_english,,sp_unigram,16384,3,8371
train,domain,latin_english,,sp_unigram,16384,4,5895
train,domain,latin_english,,sp_unigram,16384,5,3778
train,domain,latin_english,,sp_unigram,16384,6,1871
train,domain,latin_english,,sp_unigram,16384,7,1205
train,domain,latin_english,,sp_unigram,16384,8,733
train,domain,latin_english,,sp_unigram,16384,9,412
train,domain,latin_english,,sp_unigram,16384,10,265
train,domain,latin_english,,sp_unigram,16384,11,123
train,domain,latin_english,,sp_unigram,16384,12,50
train,domain,latin_english,,sp_unigram,16384,13,13
train,domain,latin_english,,sp_unigram,16384,14,3
train,aggregate,,,sp_unigram,16384,1,1273125
train,aggregate,,,sp_unigram,16384,2,624743
train,aggregate,,,sp_unigram,16384,3,783965
train,aggregate,,,sp_unigram,16384,4,307612
train,aggregate,,,sp_unigram,16384,5,123973
train,aggregate,,,sp_unigram,16384,6,257043
train,aggregate,,,sp_unigram,16384,7,88921
train,aggregate,,,sp_unigram,16384,8,19929
train,aggregate,,,sp_unigram,16384,9,55681
train,aggregate,,,sp_unigram,16384,10,16077
train,aggregate,,,sp_unigram,16384,11,5982
train,aggregate,,,sp_unigram,16384,12,12855
train,aggregate,,,sp_unigram,16384,13,5972
train,aggregate,,,sp_unigram,16384,14,37
train,aggregate,,,sp_unigram,16384,15,3293
train,aggregate,,,sp_unigram,16384,16,3271
train,aggregate,,,sp_unigram,16384,18,1452
train,aggregate,,,sp_unigram,16384,19,257
train,aggregate,,,sp_unigram,16384,21,223
train,aggregate,,,sp_unigram,16384,24,118
train,aggregate,,,sp_unigram,16384,27,35
validation,stratum,flores200,am,sp_unigram,16384,1,3667
validation,stratum,flores200,am,sp_unigram,16384,2,289
validation,stratum,flores200,am,sp_unigram,16384,3,21344
validation,stratum,flores200,am,sp_unigram,16384,4,2323
validation,stratum,flores200,am,sp_unigram,16384,5,10
validation,stratum,flores200,am,sp_unigram,16384,6,2173
validation,stratum,flores200,am,sp_unigram,16384,7,1595
validation,stratum,flores200,am,sp_unigram,16384,9,193
validation,stratum,flores200,am,sp_unigram,16384,10,555
validation,stratum,flores200,am,sp_unigram,16384,12,21
validation,stratum,flores200,am,sp_unigram,16384,13,20
validation,stratum,flores200,am,sp_unigram,16384,15,2
validation,stratum,flores200,ar,sp_unigram,16384,1,3237
validation,stratum,flores200,ar,sp_unigram,16384,2,9487
validation,stratum,flores200,ar,sp_unigram,16384,3,1867
validation,stratum,flores200,ar,sp_unigram,16384,4,10058
validation,stratum,flores200,ar,sp_unigram,16384,5,2168
validation,stratum,flores200,ar,sp_unigram,16384,6,703
validation,stratum,flores200,ar,sp_unigram,16384,7,2078
validation,stratum,flores200,ar,sp_unigram,16384,8,98
validation,stratum,flores200,ar,sp_unigram,16384,9,108
validation,stratum,flores200,ar,sp_unigram,16384,10,6
validation,stratum,flores200,ar,sp_unigram,16384,11,14
validation,stratum,flores200,ar,sp_unigram,16384,12,6
validation,stratum,flores200,bg,sp_unigram,16384,1,5582
validation,stratum,flores200,bg,sp_unigram,16384,2,5981
validation,stratum,flores200,bg,sp_unigram,16384,3,1674
validation,stratum,flores200,bg,sp_unigram,16384,4,10636
validation,stratum,flores200,bg,sp_unigram,16384,5,2815
validation,stratum,flores200,bg,sp_unigram,16384,6,2790
validation,stratum,flores200,bg,sp_unigram,16384,7,506
validation,stratum,flores200,bg,sp_unigram,16384,8,935
validation,stratum,flores200,bg,sp_unigram,16384,9,340
validation,stratum,flores200,bg,sp_unigram,16384,10,119
validation,stratum,flores200,bg,sp_unigram,16384,11,184
validation,stratum,flores200,bg,sp_unigram,16384,12,68
validation,stratum,flores200,bg,sp_unigram,16384,13,35
validation,stratum,flores200,bg,sp_unigram,16384,15,7
validation,stratum,flores200,bg,sp_unigram,16384,16,7
validation,stratum,flores200,bn,sp_unigram,16384,1,6241
validation,stratum,flores200,bn,sp_unigram,16384,2,182
validation,stratum,flores200,bn,sp_unigram,16384,3,15959
validation,stratum,flores200,bn,sp_unigram,16384,4,713
validation,stratum,flores200,bn,sp_unigram,16384,5,1
validation,stratum,flores200,bn,sp_unigram,16384,6,8835
validation,stratum,flores200,bn,sp_unigram,16384,7,779
validation,stratum,flores200,bn,sp_unigram,16384,9,2477
validation,stratum,flores200,bn,sp_unigram,16384,10,840
validation,stratum,flores200,bn,sp_unigram,16384,12,486
validation,stratum,flores200,bn,sp_unigram,16384,13,473
validation,stratum,flores200,bn,sp_unigram,16384,16,85
validation,stratum,flores200,bn,sp_unigram,16384,19,21
validation,stratum,flores200,fa,sp_unigram,16384,1,4899
validation,stratum,flores200,fa,sp_unigram,16384,2,8250
validation,stratum,flores200,fa,sp_unigram,16384,3,2209
validation,stratum,flores200,fa,sp_unigram,16384,4,9686
validation,stratum,flores200,fa,sp_unigram,16384,5,3302
validation,stratum,flores200,fa,sp_unigram,16384,6,1441
validation,stratum,flores200,fa,sp_unigram,16384,7,1325
validation,stratum,flores200,fa,sp_unigram,16384,8,592
validation,stratum,flores200,fa,sp_unigram,16384,9,650
validation,stratum,flores200,fa,sp_unigram,16384,10,17
validation,stratum,flores200,fa,sp_unigram,16384,11,140
validation,stratum,flores200,fa,sp_unigram,16384,12,15
validation,stratum,flores200,fa,sp_unigram,16384,15,31
validation,stratum,flores200,gu,sp_unigram,16384,1,6191
validation,stratum,flores200,gu,sp_unigram,16384,2,241
validation,stratum,flores200,gu,sp_unigram,16384,3,14807
validation,stratum,flores200,gu,sp_unigram,16384,4,863
validation,stratum,flores200,gu,sp_unigram,16384,5,3
validation,stratum,flores200,gu,sp_unigram,16384,6,8452
validation,stratum,flores200,gu,sp_unigram,16384,7,1436
validation,stratum,flores200,gu,sp_unigram,16384,9,1525
validation,stratum,flores200,gu,sp_unigram,16384,10,941
validation,stratum,flores200,gu,sp_unigram,16384,12,58
validation,stratum,flores200,gu,sp_unigram,16384,13,366
validation,stratum,flores200,gu,sp_unigram,16384,15,42
validation,stratum,flores200,hi,sp_unigram,16384,1,4973
validation,stratum,flores200,hi,sp_unigram,16384,2,190
validation,stratum,flores200,hi,sp_unigram,16384,3,13040
validation,stratum,flores200,hi,sp_unigram,16384,4,1109
validation,stratum,flores200,hi,sp_unigram,16384,5,6
validation,stratum,flores200,hi,sp_unigram,16384,6,6965
validation,stratum,flores200,hi,sp_unigram,16384,7,3975
validation,stratum,flores200,hi,sp_unigram,16384,8,1
validation,stratum,flores200,hi,sp_unigram,16384,9,1201
validation,stratum,flores200,hi,sp_unigram,16384,10,1140
validation,stratum,flores200,hi,sp_unigram,16384,12,73
validation,stratum,flores200,hi,sp_unigram,16384,13,422
validation,stratum,flores200,hi,sp_unigram,16384,16,76
validation,stratum,flores200,hi,sp_unigram,16384,21,15
validation,stratum,flores200,ja,sp_unigram,16384,1,458
validation,stratum,flores200,ja,sp_unigram,16384,2,201
validation,stratum,flores200,ja,sp_unigram,16384,3,21030
validation,stratum,flores200,ja,sp_unigram,16384,4,12
validation,stratum,flores200,ja,sp_unigram,16384,5,3
validation,stratum,flores200,ja,sp_unigram,16384,6,1965
validation,stratum,flores200,ja,sp_unigram,16384,9,281
validation,stratum,flores200,ja,sp_unigram,16384,12,85
validation,stratum,flores200,kn,sp_unigram,16384,1,5555
validation,stratum,flores200,kn,sp_unigram,16384,2,291
validation,stratum,flores200,kn,sp_unigram,16384,3,15741
validation,stratum,flores200,kn,sp_unigram,16384,4,2319
validation,stratum,flores200,kn,sp_unigram,16384,5,7
validation,stratum,flores200,kn,sp_unigram,16384,6,10035
validation,stratum,flores200,kn,sp_unigram,16384,7,132
validation,stratum,flores200,kn,sp_unigram,16384,9,2346
validation,stratum,flores200,kn,sp_unigram,16384,10,494
validation,stratum,flores200,kn,sp_unigram,16384,12,1017
validation,stratum,flores200,kn,sp_unigram,16384,13,140
validation,stratum,flores200,kn,sp_unigram,16384,15,517
validation,stratum,flores200,kn,sp_unigram,16384,16,279
validation,stratum,flores200,kn,sp_unigram,16384,18,362
validation,stratum,flores200,kn,sp_unigram,16384,21,41
validation,stratum,flores200,ko,sp_unigram,16384,1,7756
validation,stratum,flores200,ko,sp_unigram,16384,2,355
validation,stratum,flores200,ko,sp_unigram,16384,3,19151
validation,stratum,flores200,ko,sp_unigram,16384,4,306
validation,stratum,flores200,ko,sp_unigram,16384,5,9
validation,stratum,flores200,ko,sp_unigram,16384,6,948
validation,stratum,flores200,ko,sp_unigram,16384,7,250
validation,stratum,flores200,ko,sp_unigram,16384,9,256
validation,stratum,flores200,ko,sp_unigram,16384,13,58
validation,stratum,flores200,ml,sp_unigram,16384,1,6879
validation,stratum,flores200,ml,sp_unigram,16384,2,255
validation,stratum,flores200,ml,sp_unigram,16384,3,18338
validation,stratum,flores200,ml,sp_unigram,16384,4,852
validation,stratum,flores200,ml,sp_unigram,16384,5,4
validation,stratum,flores200,ml,sp_unigram,16384,6,8154
validation,stratum,flores200,ml,sp_unigram,16384,7,121
validation,stratum,flores200,ml,sp_unigram,16384,9,4405
validation,stratum,flores200,ml,sp_unigram,16384,10,154
validation,stratum,flores200,ml,sp_unigram,16384,12,2289
validation,stratum,flores200,ml,sp_unigram,16384,13,109
validation,stratum,flores200,ml,sp_unigram,16384,15,522
validation,stratum,flores200,ml,sp_unigram,16384,18,93
validation,stratum,flores200,ml,sp_unigram,16384,21,2
validation,stratum,flores200,ml,sp_unigram,16384,24,186
validation,stratum,flores200,ml,sp_unigram,16384,27,30
validation,stratum,flores200,mr,sp_unigram,16384,1,5810
validation,stratum,flores200,mr,sp_unigram,16384,2,245
validation,stratum,flores200,mr,sp_unigram,16384,3,14037
validation,stratum,flores200,mr,sp_unigram,16384,4,901
validation,stratum,flores200,mr,sp_unigram,16384,5,1
validation,stratum,flores200,mr,sp_unigram,16384,6,9302
validation,stratum,flores200,mr,sp_unigram,16384,7,1896
validation,stratum,flores200,mr,sp_unigram,16384,9,1965
validation,stratum,flores200,mr,sp_unigram,16384,10,782
validation,stratum,flores200,mr,sp_unigram,16384,12,1018
validation,stratum,flores200,mr,sp_unigram,16384,13,451
validation,stratum,flores200,mr,sp_unigram,16384,15,167
validation,stratum,flores200,mr,sp_unigram,16384,16,53
validation,stratum,flores200,mr,sp_unigram,16384,18,88
validation,stratum,flores200,mr,sp_unigram,16384,19,18
validation,stratum,flores200,mr,sp_unigram,16384,21,14
validation,stratum,flores200,mr,sp_unigram,16384,24,54
validation,stratum,flores200,ru,sp_unigram,16384,1,5663
validation,stratum,flores200,ru,sp_unigram,16384,2,7534
validation,stratum,flores200,ru,sp_unigram,16384,3,1669
validation,stratum,flores200,ru,sp_unigram,16384,4,11226
validation,stratum,flores200,ru,sp_unigram,16384,5,1818
validation,stratum,flores200,ru,sp_unigram,16384,6,3642
validation,stratum,flores200,ru,sp_unigram,16384,7,909
validation,stratum,flores200,ru,sp_unigram,16384,8,970
validation,stratum,flores200,ru,sp_unigram,16384,9,224
validation,stratum,flores200,ru,sp_unigram,16384,10,301
validation,stratum,flores200,ru,sp_unigram,16384,11,182
validation,stratum,flores200,ru,sp_unigram,16384,12,65
validation,stratum,flores200,ru,sp_unigram,16384,13,38
validation,stratum,flores200,ru,sp_unigram,16384,14,19
validation,stratum,flores200,ru,sp_unigram,16384,15,10
validation,stratum,flores200,ru,sp_unigram,16384,16,19
validation,stratum,flores200,sw,sp_unigram,16384,1,8020
validation,stratum,flores200,sw,sp_unigram,16384,2,8519
validation,stratum,flores200,sw,sp_unigram,16384,3,7911
validation,stratum,flores200,sw,sp_unigram,16384,4,1973
validation,stratum,flores200,sw,sp_unigram,16384,5,677
validation,stratum,flores200,sw,sp_unigram,16384,6,488
validation,stratum,flores200,sw,sp_unigram,16384,7,523
validation,stratum,flores200,sw,sp_unigram,16384,8,29
validation,stratum,flores200,sw,sp_unigram,16384,9,7
validation,stratum,flores200,sw,sp_unigram,16384,11,4
validation,stratum,flores200,ta,sp_unigram,16384,1,5418
validation,stratum,flores200,ta,sp_unigram,16384,2,287
validation,stratum,flores200,ta,sp_unigram,16384,3,10474
validation,stratum,flores200,ta,sp_unigram,16384,4,2694
validation,stratum,flores200,ta,sp_unigram,16384,5,5
validation,stratum,flores200,ta,sp_unigram,16384,6,11120
validation,stratum,flores200,ta,sp_unigram,16384,7,324
validation,stratum,flores200,ta,sp_unigram,16384,9,4345
validation,stratum,flores200,ta,sp_unigram,16384,10,178
validation,stratum,flores200,ta,sp_unigram,16384,11,1
validation,stratum,flores200,ta,sp_unigram,16384,12,1639
validation,stratum,flores200,ta,sp_unigram,16384,13,168
validation,stratum,flores200,ta,sp_unigram,16384,15,497
validation,stratum,flores200,ta,sp_unigram,16384,16,85
validation,stratum,flores200,ta,sp_unigram,16384,18,348
validation,stratum,flores200,ta,sp_unigram,16384,19,116
validation,stratum,flores200,te,sp_unigram,16384,1,7191
validation,stratum,flores200,te,sp_unigram,16384,2,455
validation,stratum,flores200,te,sp_unigram,16384,3,12648
validation,stratum,flores200,te,sp_unigram,16384,4,1245
validation,stratum,flores200,te,sp_unigram,16384,5,16
validation,stratum,flores200,te,sp_unigram,16384,6,13213
validation,stratum,flores200,te,sp_unigram,16384,7,153
validation,stratum,flores200,te,sp_unigram,16384,9,2541
validation,stratum,flores200,te,sp_unigram,16384,10,395
validation,stratum,flores200,te,sp_unigram,16384,12,360
validation,stratum,flores200,te,sp_unigram,16384,13,153
validation,stratum,flores200,te,sp_unigram,16384,15,111
validation,stratum,flores200,te,sp_unigram,16384,18,137
validation,stratum,flores200,te,sp_unigram,16384,21,26
validation,stratum,flores200,uk,sp_unigram,16384,1,6063
validation,stratum,flores200,uk,sp_unigram,16384,2,8078
validation,stratum,flores200,uk,sp_unigram,16384,3,1504
validation,stratum,flores200,uk,sp_unigram,16384,4,12388
validation,stratum,flores200,uk,sp_unigram,16384,5,1872
validation,stratum,flores200,uk,sp_unigram,16384,6,2886
validation,stratum,flores200,uk,sp_unigram,16384,7,819
validation,stratum,flores200,uk,sp_unigram,16384,8,733
validation,stratum,flores200,uk,sp_unigram,16384,9,221
validation,stratum,flores200,uk,sp_unigram,16384,10,294
validation,stratum,flores200,uk,sp_unigram,16384,11,39
validation,stratum,flores200,uk,sp_unigram,16384,12,47
validation,stratum,flores200,uk,sp_unigram,16384,13,28
validation,stratum,flores200,uk,sp_unigram,16384,15,4
validation,stratum,flores200,uk,sp_unigram,16384,16,4
validation,stratum,flores200,ur,sp_unigram,16384,1,4552
validation,stratum,flores200,ur,sp_unigram,16384,2,9171
validation,stratum,flores200,ur,sp_unigram,16384,3,1366
validation,stratum,flores200,ur,sp_unigram,16384,4,8780
validation,stratum,flores200,ur,sp_unigram,16384,5,4423
validation,stratum,flores200,ur,sp_unigram,16384,6,812
validation,stratum,flores200,ur,sp_unigram,16384,7,2066
validation,stratum,flores200,ur,sp_unigram,16384,8,149
validation,stratum,flores200,ur,sp_unigram,16384,9,629
validation,stratum,flores200,ur,sp_unigram,16384,10,7
validation,stratum,flores200,ur,sp_unigram,16384,11,108
validation,stratum,flores200,ur,sp_unigram,16384,12,9
validation,stratum,flores200,ur,sp_unigram,16384,15,23
validation,stratum,flores200,yo,sp_unigram,16384,1,19145
validation,stratum,flores200,yo,sp_unigram,16384,2,14518
validation,stratum,flores200,yo,sp_unigram,16384,3,3588
validation,stratum,flores200,yo,sp_unigram,16384,4,902
validation,stratum,flores200,yo,sp_unigram,16384,5,2367
validation,stratum,flores200,yo,sp_unigram,16384,6,163
validation,stratum,flores200,yo,sp_unigram,16384,7,142
validation,stratum,flores200,yo,sp_unigram,16384,8,331
validation,stratum,flores200,yo,sp_unigram,16384,9,23
validation,stratum,flores200,yo,sp_unigram,16384,10,7
validation,stratum,flores200,yo,sp_unigram,16384,11,5
validation,stratum,flores200,yo,sp_unigram,16384,16,1
validation,stratum,flores200,zh,sp_unigram,16384,1,1682
validation,stratum,flores200,zh,sp_unigram,16384,2,476
validation,stratum,flores200,zh,sp_unigram,16384,3,17367
validation,stratum,flores200,zh,sp_unigram,16384,4,52
validation,stratum,flores200,zh,sp_unigram,16384,5,12
validation,stratum,flores200,zh,sp_unigram,16384,6,256
validation,stratum,flores200,zh,sp_unigram,16384,7,1
validation,language,,am,sp_unigram,16384,1,3667
validation,language,,am,sp_unigram,16384,2,289
validation,language,,am,sp_unigram,16384,3,21344
validation,language,,am,sp_unigram,16384,4,2323
validation,language,,am,sp_unigram,16384,5,10
validation,language,,am,sp_unigram,16384,6,2173
validation,language,,am,sp_unigram,16384,7,1595
validation,language,,am,sp_unigram,16384,9,193
validation,language,,am,sp_unigram,16384,10,555
validation,language,,am,sp_unigram,16384,12,21
validation,language,,am,sp_unigram,16384,13,20
validation,language,,am,sp_unigram,16384,15,2
validation,language,,ar,sp_unigram,16384,1,3237
validation,language,,ar,sp_unigram,16384,2,9487
validation,language,,ar,sp_unigram,16384,3,1867
validation,language,,ar,sp_unigram,16384,4,10058
validation,language,,ar,sp_unigram,16384,5,2168
validation,language,,ar,sp_unigram,16384,6,703
validation,language,,ar,sp_unigram,16384,7,2078
validation,language,,ar,sp_unigram,16384,8,98
validation,language,,ar,sp_unigram,16384,9,108
validation,language,,ar,sp_unigram,16384,10,6
validation,language,,ar,sp_unigram,16384,11,14
validation,language,,ar,sp_unigram,16384,12,6
validation,language,,bg,sp_unigram,16384,1,5582
validation,language,,bg,sp_unigram,16384,2,5981
validation,language,,bg,sp_unigram,16384,3,1674
validation,language,,bg,sp_unigram,16384,4,10636
validation,language,,bg,sp_unigram,16384,5,2815
validation,language,,bg,sp_unigram,16384,6,2790
validation,language,,bg,sp_unigram,16384,7,506
validation,language,,bg,sp_unigram,16384,8,935
validation,language,,bg,sp_unigram,16384,9,340
validation,language,,bg,sp_unigram,16384,10,119
validation,language,,bg,sp_unigram,16384,11,184
validation,language,,bg,sp_unigram,16384,12,68
validation,language,,bg,sp_unigram,16384,13,35
validation,language,,bg,sp_unigram,16384,15,7
validation,language,,bg,sp_unigram,16384,16,7
validation,language,,bn,sp_unigram,16384,1,6241
validation,language,,bn,sp_unigram,16384,2,182
validation,language,,bn,sp_unigram,16384,3,15959
validation,language,,bn,sp_unigram,16384,4,713
validation,language,,bn,sp_unigram,16384,5,1
validation,language,,bn,sp_unigram,16384,6,8835
validation,language,,bn,sp_unigram,16384,7,779
validation,language,,bn,sp_unigram,16384,9,2477
validation,language,,bn,sp_unigram,16384,10,840
validation,language,,bn,sp_unigram,16384,12,486
validation,language,,bn,sp_unigram,16384,13,473
validation,language,,bn,sp_unigram,16384,16,85
validation,language,,bn,sp_unigram,16384,19,21
validation,language,,fa,sp_unigram,16384,1,4899
validation,language,,fa,sp_unigram,16384,2,8250
validation,language,,fa,sp_unigram,16384,3,2209
validation,language,,fa,sp_unigram,16384,4,9686
validation,language,,fa,sp_unigram,16384,5,3302
validation,language,,fa,sp_unigram,16384,6,1441
validation,language,,fa,sp_unigram,16384,7,1325
validation,language,,fa,sp_unigram,16384,8,592
validation,language,,fa,sp_unigram,16384,9,650
validation,language,,fa,sp_unigram,16384,10,17
validation,language,,fa,sp_unigram,16384,11,140
validation,language,,fa,sp_unigram,16384,12,15
validation,language,,fa,sp_unigram,16384,15,31
validation,language,,gu,sp_unigram,16384,1,6191
validation,language,,gu,sp_unigram,16384,2,241
validation,language,,gu,sp_unigram,16384,3,14807
validation,language,,gu,sp_unigram,16384,4,863
validation,language,,gu,sp_unigram,16384,5,3
validation,language,,gu,sp_unigram,16384,6,8452
validation,language,,gu,sp_unigram,16384,7,1436
validation,language,,gu,sp_unigram,16384,9,1525
validation,language,,gu,sp_unigram,16384,10,941
validation,language,,gu,sp_unigram,16384,12,58
validation,language,,gu,sp_unigram,16384,13,366
validation,language,,gu,sp_unigram,16384,15,42
validation,language,,hi,sp_unigram,16384,1,4973
validation,language,,hi,sp_unigram,16384,2,190
validation,language,,hi,sp_unigram,16384,3,13040
validation,language,,hi,sp_unigram,16384,4,1109
validation,language,,hi,sp_unigram,16384,5,6
validation,language,,hi,sp_unigram,16384,6,6965
validation,language,,hi,sp_unigram,16384,7,3975
validation,language,,hi,sp_unigram,16384,8,1
validation,language,,hi,sp_unigram,16384,9,1201
validation,language,,hi,sp_unigram,16384,10,1140
validation,language,,hi,sp_unigram,16384,12,73
validation,language,,hi,sp_unigram,16384,13,422
validation,language,,hi,sp_unigram,16384,16,76
validation,language,,hi,sp_unigram,16384,21,15
validation,language,,ja,sp_unigram,16384,1,458
validation,language,,ja,sp_unigram,16384,2,201
validation,language,,ja,sp_unigram,16384,3,21030
validation,language,,ja,sp_unigram,16384,4,12
validation,language,,ja,sp_unigram,16384,5,3
validation,language,,ja,sp_unigram,16384,6,1965
validation,language,,ja,sp_unigram,16384,9,281
validation,language,,ja,sp_unigram,16384,12,85
validation,language,,kn,sp_unigram,16384,1,5555
validation,language,,kn,sp_unigram,16384,2,291
validation,language,,kn,sp_unigram,16384,3,15741
validation,language,,kn,sp_unigram,16384,4,2319
validation,language,,kn,sp_unigram,16384,5,7
validation,language,,kn,sp_unigram,16384,6,10035
validation,language,,kn,sp_unigram,16384,7,132
validation,language,,kn,sp_unigram,16384,9,2346
validation,language,,kn,sp_unigram,16384,10,494
validation,language,,kn,sp_unigram,16384,12,1017
validation,language,,kn,sp_unigram,16384,13,140
validation,language,,kn,sp_unigram,16384,15,517
validation,language,,kn,sp_unigram,16384,16,279
validation,language,,kn,sp_unigram,16384,18,362
validation,language,,kn,sp_unigram,16384,21,41
validation,language,,ko,sp_unigram,16384,1,7756
validation,language,,ko,sp_unigram,16384,2,355
validation,language,,ko,sp_unigram,16384,3,19151
validation,language,,ko,sp_unigram,16384,4,306
validation,language,,ko,sp_unigram,16384,5,9
validation,language,,ko,sp_unigram,16384,6,948
validation,language,,ko,sp_unigram,16384,7,250
validation,language,,ko,sp_unigram,16384,9,256
validation,language,,ko,sp_unigram,16384,13,58
validation,language,,ml,sp_unigram,16384,1,6879
validation,language,,ml,sp_unigram,16384,2,255
validation,language,,ml,sp_unigram,16384,3,18338
validation,language,,ml,sp_unigram,16384,4,852
validation,language,,ml,sp_unigram,16384,5,4
validation,language,,ml,sp_unigram,16384,6,8154
validation,language,,ml,sp_unigram,16384,7,121
validation,language,,ml,sp_unigram,16384,9,4405
validation,language,,ml,sp_unigram,16384,10,154
validation,language,,ml,sp_unigram,16384,12,2289
validation,language,,ml,sp_unigram,16384,13,109
validation,language,,ml,sp_unigram,16384,15,522
validation,language,,ml,sp_unigram,16384,18,93
validation,language,,ml,sp_unigram,16384,21,2
validation,language,,ml,sp_unigram,16384,24,186
validation,language,,ml,sp_unigram,16384,27,30
validation,language,,mr,sp_unigram,16384,1,5810
validation,language,,mr,sp_unigram,16384,2,245
validation,language,,mr,sp_unigram,16384,3,14037
validation,language,,mr,sp_unigram,16384,4,901
validation,language,,mr,sp_unigram,16384,5,1
validation,language,,mr,sp_unigram,16384,6,9302
validation,language,,mr,sp_unigram,16384,7,1896
validation,language,,mr,sp_unigram,16384,9,1965
validation,language,,mr,sp_unigram,16384,10,782
validation,language,,mr,sp_unigram,16384,12,1018
validation,language,,mr,sp_unigram,16384,13,451
validation,language,,mr,sp_unigram,16384,15,167
validation,language,,mr,sp_unigram,16384,16,53
validation,language,,mr,sp_unigram,16384,18,88
validation,language,,mr,sp_unigram,16384,19,18
validation,language,,mr,sp_unigram,16384,21,14
validation,language,,mr,sp_unigram,16384,24,54
validation,language,,ru,sp_unigram,16384,1,5663
validation,language,,ru,sp_unigram,16384,2,7534
validation,language,,ru,sp_unigram,16384,3,1669
validation,language,,ru,sp_unigram,16384,4,11226
validation,language,,ru,sp_unigram,16384,5,1818
validation,language,,ru,sp_unigram,16384,6,3642
validation,language,,ru,sp_unigram,16384,7,909
validation,language,,ru,sp_unigram,16384,8,970
validation,language,,ru,sp_unigram,16384,9,224
validation,language,,ru,sp_unigram,16384,10,301
validation,language,,ru,sp_unigram,16384,11,182
validation,language,,ru,sp_unigram,16384,12,65
validation,language,,ru,sp_unigram,16384,13,38
validation,language,,ru,sp_unigram,16384,14,19
validation,language,,ru,sp_unigram,16384,15,10
validation,language,,ru,sp_unigram,16384,16,19
validation,language,,sw,sp_unigram,16384,1,8020
validation,language,,sw,sp_unigram,16384,2,8519
validation,language,,sw,sp_unigram,16384,3,7911
validation,language,,sw,sp_unigram,16384,4,1973
validation,language,,sw,sp_unigram,16384,5,677
validation,language,,sw,sp_unigram,16384,6,488
validation,language,,sw,sp_unigram,16384,7,523
validation,language,,sw,sp_unigram,16384,8,29
validation,language,,sw,sp_unigram,16384,9,7
validation,language,,sw,sp_unigram,16384,11,4
validation,language,,ta,sp_unigram,16384,1,5418
validation,language,,ta,sp_unigram,16384,2,287
validation,language,,ta,sp_unigram,16384,3,10474
validation,language,,ta,sp_unigram,16384,4,2694
validation,language,,ta,sp_unigram,16384,5,5
validation,language,,ta,sp_unigram,16384,6,11120
validation,language,,ta,sp_unigram,16384,7,324
validation,language,,ta,sp_unigram,16384,9,4345
validation,language,,ta,sp_unigram,16384,10,178
validation,language,,ta,sp_unigram,16384,11,1
validation,language,,ta,sp_unigram,16384,12,1639
validation,language,,ta,sp_unigram,16384,13,168
validation,language,,ta,sp_unigram,16384,15,497
validation,language,,ta,sp_unigram,16384,16,85
validation,language,,ta,sp_unigram,16384,18,348
validation,language,,ta,sp_unigram,16384,19,116
validation,language,,te,sp_unigram,16384,1,7191
validation,language,,te,sp_unigram,16384,2,455
validation,language,,te,sp_unigram,16384,3,12648
validation,language,,te,sp_unigram,16384,4,1245
validation,language,,te,sp_unigram,16384,5,16
validation,language,,te,sp_unigram,16384,6,13213
validation,language,,te,sp_unigram,16384,7,153
validation,language,,te,sp_unigram,16384,9,2541
validation,language,,te,sp_unigram,16384,10,395
validation,language,,te,sp_unigram,16384,12,360
validation,language,,te,sp_unigram,16384,13,153
validation,language,,te,sp_unigram,16384,15,111
validation,language,,te,sp_unigram,16384,18,137
validation,language,,te,sp_unigram,16384,21,26
validation,language,,uk,sp_unigram,16384,1,6063
validation,language,,uk,sp_unigram,16384,2,8078
validation,language,,uk,sp_unigram,16384,3,1504
validation,language,,uk,sp_unigram,16384,4,12388
validation,language,,uk,sp_unigram,16384,5,1872
validation,language,,uk,sp_unigram,16384,6,2886
validation,language,,uk,sp_unigram,16384,7,819
validation,language,,uk,sp_unigram,16384,8,733
validation,language,,uk,sp_unigram,16384,9,221
validation,language,,uk,sp_unigram,16384,10,294
validation,language,,uk,sp_unigram,16384,11,39
validation,language,,uk,sp_unigram,16384,12,47
validation,language,,uk,sp_unigram,16384,13,28
validation,language,,uk,sp_unigram,16384,15,4
validation,language,,uk,sp_unigram,16384,16,4
validation,language,,ur,sp_unigram,16384,1,4552
validation,language,,ur,sp_unigram,16384,2,9171
validation,language,,ur,sp_unigram,16384,3,1366
validation,language,,ur,sp_unigram,16384,4,8780
validation,language,,ur,sp_unigram,16384,5,4423
validation,language,,ur,sp_unigram,16384,6,812
validation,language,,ur,sp_unigram,16384,7,2066
validation,language,,ur,sp_unigram,16384,8,149
validation,language,,ur,sp_unigram,16384,9,629
validation,language,,ur,sp_unigram,16384,10,7
validation,language,,ur,sp_unigram,16384,11,108
validation,language,,ur,sp_unigram,16384,12,9
validation,language,,ur,sp_unigram,16384,15,23
validation,language,,yo,sp_unigram,16384,1,19145
validation,language,,yo,sp_unigram,16384,2,14518
validation,language,,yo,sp_unigram,16384,3,3588
validation,language,,yo,sp_unigram,16384,4,902
validation,language,,yo,sp_unigram,16384,5,2367
validation,language,,yo,sp_unigram,16384,6,163
validation,language,,yo,sp_unigram,16384,7,142
validation,language,,yo,sp_unigram,16384,8,331
validation,language,,yo,sp_unigram,16384,9,23
validation,language,,yo,sp_unigram,16384,10,7
validation,language,,yo,sp_unigram,16384,11,5
validation,language,,yo,sp_unigram,16384,16,1
validation,language,,zh,sp_unigram,16384,1,1682
validation,language,,zh,sp_unigram,16384,2,476
validation,language,,zh,sp_unigram,16384,3,17367
validation,language,,zh,sp_unigram,16384,4,52
validation,language,,zh,sp_unigram,16384,5,12
validation,language,,zh,sp_unigram,16384,6,256
validation,language,,zh,sp_unigram,16384,7,1
validation,domain,flores200,,sp_unigram,16384,1,118982
validation,domain,flores200,,sp_unigram,16384,2,75005
validation,domain,flores200,,sp_unigram,16384,3,215724
validation,domain,flores200,,sp_unigram,16384,4,79038
validation,domain,flores200,,sp_unigram,16384,5,19519
validation,domain,flores200,,sp_unigram,16384,6,94343
validation,domain,flores200,,sp_unigram,16384,7,19030
validation,domain,flores200,,sp_unigram,16384,8,3838
validation,domain,flores200,,sp_unigram,16384,9,23737
validation,domain,flores200,,sp_unigram,16384,10,6230
validation,domain,flores200,,sp_unigram,16384,11,677
validation,domain,flores200,,sp_unigram,16384,12,7256
validation,domain,flores200,,sp_unigram,16384,13,2461
validation,domain,flores200,,sp_unigram,16384,14,19
validation,domain,flores200,,sp_unigram,16384,15,1933
validation,domain,flores200,,sp_unigram,16384,16,609
validation,domain,flores200,,sp_unigram,16384,18,1028
validation,domain,flores200,,sp_unigram,16384,19,155
validation,domain,flores200,,sp_unigram,16384,21,98
validation,domain,flores200,,sp_unigram,16384,24,240
validation,domain,flores200,,sp_unigram,16384,27,30
validation,aggregate,,,sp_unigram,16384,1,118982
validation,aggregate,,,sp_unigram,16384,2,75005
validation,aggregate,,,sp_unigram,16384,3,215724
validation,aggregate,,,sp_unigram,16384,4,79038
validation,aggregate,,,sp_unigram,16384,5,19519
validation,aggregate,,,sp_unigram,16384,6,94343
validation,aggregate,,,sp_unigram,16384,7,19030
validation,aggregate,,,sp_unigram,16384,8,3838
validation,aggregate,,,sp_unigram,16384,9,23737
validation,aggregate,,,sp_unigram,16384,10,6230
validation,aggregate,,,sp_unigram,16384,11,677
validation,aggregate,,,sp_unigram,16384,12,7256
validation,aggregate,,,sp_unigram,16384,13,2461
validation,aggregate,,,sp_unigram,16384,14,19
validation,aggregate,,,sp_unigram,16384,15,1933
validation,aggregate,,,sp_unigram,16384,16,609
validation,aggregate,,,sp_unigram,16384,18,1028
validation,aggregate,,,sp_unigram,16384,19,155
validation,aggregate,,,sp_unigram,16384,21,98
validation,aggregate,,,sp_unigram,16384,24,240
validation,aggregate,,,sp_unigram,16384,27,30
train,stratum,code,c,sp_unigram,32768,1,52063
train,stratum,code,c,sp_unigram,32768,2,16949
train,stratum,code,c,sp_unigram,32768,3,12408
train,stratum,code,c,sp_unigram,32768,4,9912
train,stratum,code,c,sp_unigram,32768,5,5446
train,stratum,code,c,sp_unigram,32768,6,4866
train,stratum,code,c,sp_unigram,32768,7,2597
train,stratum,code,c,sp_unigram,32768,8,1485
train,stratum,code,c,sp_unigram,32768,9,587
train,stratum,code,c,sp_unigram,32768,10,633
train,stratum,code,c,sp_unigram,32768,11,310
train,stratum,code,c,sp_unigram,32768,12,103
train,stratum,code,c,sp_unigram,32768,13,64
train,stratum,code,c,sp_unigram,32768,14,35
train,stratum,code,c,sp_unigram,32768,15,9
train,stratum,code,c,sp_unigram,32768,16,166
train,stratum,code,cpp,sp_unigram,32768,1,123937
train,stratum,code,cpp,sp_unigram,32768,2,46111
train,stratum,code,cpp,sp_unigram,32768,3,27410
train,stratum,code,cpp,sp_unigram,32768,4,22356
train,stratum,code,cpp,sp_unigram,32768,5,12054
train,stratum,code,cpp,sp_unigram,32768,6,17299
train,stratum,code,cpp,sp_unigram,32768,7,11132
train,stratum,code,cpp,sp_unigram,32768,8,3648
train,stratum,code,cpp,sp_unigram,32768,9,2850
train,stratum,code,cpp,sp_unigram,32768,10,1955
train,stratum,code,cpp,sp_unigram,32768,11,854
train,stratum,code,cpp,sp_unigram,32768,12,549
train,stratum,code,cpp,sp_unigram,32768,13,342
train,stratum,code,cpp,sp_unigram,32768,14,202
train,stratum,code,cpp,sp_unigram,32768,15,247
train,stratum,code,cpp,sp_unigram,32768,16,277
train,stratum,code,go,sp_unigram,32768,1,78756
train,stratum,code,go,sp_unigram,32768,2,25346
train,stratum,code,go,sp_unigram,32768,3,22541
train,stratum,code,go,sp_unigram,32768,4,19008
train,stratum,code,go,sp_unigram,32768,5,10232
train,stratum,code,go,sp_unigram,32768,6,9784
train,stratum,code,go,sp_unigram,32768,7,7061
train,stratum,code,go,sp_unigram,32768,8,4602
train,stratum,code,go,sp_unigram,32768,9,1955
train,stratum,code,go,sp_unigram,32768,10,855
train,stratum,code,go,sp_unigram,32768,11,623
train,stratum,code,go,sp_unigram,32768,12,103
train,stratum,code,go,sp_unigram,32768,13,442
train,stratum,code,go,sp_unigram,32768,14,22
train,stratum,code,go,sp_unigram,32768,15,148
train,stratum,code,go,sp_unigram,32768,16,171
train,stratum,code,java,sp_unigram,32768,1,48347
train,stratum,code,java,sp_unigram,32768,2,7894
train,stratum,code,java,sp_unigram,32768,3,6349
train,stratum,code,java,sp_unigram,32768,4,5283
train,stratum,code,java,sp_unigram,32768,5,3250
train,stratum,code,java,sp_unigram,32768,6,2608
train,stratum,code,java,sp_unigram,32768,7,2384
train,stratum,code,java,sp_unigram,32768,8,1230
train,stratum,code,java,sp_unigram,32768,9,519
train,stratum,code,java,sp_unigram,32768,10,399
train,stratum,code,java,sp_unigram,32768,11,183
train,stratum,code,java,sp_unigram,32768,12,71
train,stratum,code,java,sp_unigram,32768,13,38
train,stratum,code,java,sp_unigram,32768,14,4
train,stratum,code,java,sp_unigram,32768,15,13
train,stratum,code,java,sp_unigram,32768,16,33
train,stratum,code,javascript,sp_unigram,32768,1,24506
train,stratum,code,javascript,sp_unigram,32768,2,10155
train,stratum,code,javascript,sp_unigram,32768,3,5779
train,stratum,code,javascript,sp_unigram,32768,4,2806
train,stratum,code,javascript,sp_unigram,32768,5,1999
train,stratum,code,javascript,sp_unigram,32768,6,1599
train,stratum,code,javascript,sp_unigram,32768,7,918
train,stratum,code,javascript,sp_unigram,32768,8,501
train,stratum,code,javascript,sp_unigram,32768,9,472
train,stratum,code,javascript,sp_unigram,32768,10,218
train,stratum,code,javascript,sp_unigram,32768,11,125
train,stratum,code,javascript,sp_unigram,32768,12,7
train,stratum,code,javascript,sp_unigram,32768,13,72
train,stratum,code,javascript,sp_unigram,32768,14,12
train,stratum,code,javascript,sp_unigram,32768,16,5
train,stratum,code,python,sp_unigram,32768,1,52198
train,stratum,code,python,sp_unigram,32768,2,8582
train,stratum,code,python,sp_unigram,32768,3,6236
train,stratum,code,python,sp_unigram,32768,4,6306
train,stratum,code,python,sp_unigram,32768,5,4098
train,stratum,code,python,sp_unigram,32768,6,3389
train,stratum,code,python,sp_unigram,32768,7,1956
train,stratum,code,python,sp_unigram,32768,8,1127
train,stratum,code,python,sp_unigram,32768,9,692
train,stratum,code,python,sp_unigram,32768,10,341
train,stratum,code,python,sp_unigram,32768,11,337
train,stratum,code,python,sp_unigram,32768,12,80
train,stratum,code,python,sp_unigram,32768,13,9
train,stratum,code,python,sp_unigram,32768,14,16
train,stratum,code,python,sp_unigram,32768,15,15
train,stratum,code,python,sp_unigram,32768,16,91
train,stratum,code,rust,sp_unigram,32768,1,109678
train,stratum,code,rust,sp_unigram,32768,2,22254
train,stratum,code,rust,sp_unigram,32768,3,20231
train,stratum,code,rust,sp_unigram,32768,4,14208
train,stratum,code,rust,sp_unigram,32768,5,8314
train,stratum,code,rust,sp_unigram,32768,6,5413
train,stratum,code,rust,sp_unigram,32768,7,3948
train,stratum,code,rust,sp_unigram,32768,8,1524
train,stratum,code,rust,sp_unigram,32768,9,876
train,stratum,code,rust,sp_unigram,32768,10,740
train,stratum,code,rust,sp_unigram,32768,11,160
train,stratum,code,rust,sp_unigram,32768,12,67
train,stratum,code,rust,sp_unigram,32768,13,14
train,stratum,code,rust,sp_unigram,32768,14,73
train,stratum,code,rust,sp_unigram,32768,15,23
train,stratum,code,rust,sp_unigram,32768,16,29
train,stratum,code,sql,sp_unigram,32768,1,89211
train,stratum,code,sql,sp_unigram,32768,2,101924
train,stratum,code,sql,sp_unigram,32768,3,60682
train,stratum,code,sql,sp_unigram,32768,4,21950
train,stratum,code,sql,sp_unigram,32768,5,20344
train,stratum,code,sql,sp_unigram,32768,6,10901
train,stratum,code,sql,sp_unigram,32768,7,10623
train,stratum,code,sql,sp_unigram,32768,8,5762
train,stratum,code,sql,sp_unigram,32768,9,9181
train,stratum,code,sql,sp_unigram,32768,10,1214
train,stratum,code,sql,sp_unigram,32768,11,987
train,stratum,code,sql,sp_unigram,32768,12,297
train,stratum,code,sql,sp_unigram,32768,13,134
train,stratum,code,sql,sp_unigram,32768,14,4
train,stratum,code,sql,sp_unigram,32768,16,84
train,stratum,code,typescript,sp_unigram,32768,1,201762
train,stratum,code,typescript,sp_unigram,32768,2,45935
train,stratum,code,typescript,sp_unigram,32768,3,26876
train,stratum,code,typescript,sp_unigram,32768,4,21773
train,stratum,code,typescript,sp_unigram,32768,5,13493
train,stratum,code,typescript,sp_unigram,32768,6,9557
train,stratum,code,typescript,sp_unigram,32768,7,7110
train,stratum,code,typescript,sp_unigram,32768,8,3667
train,stratum,code,typescript,sp_unigram,32768,9,1544
train,stratum,code,typescript,sp_unigram,32768,10,1088
train,stratum,code,typescript,sp_unigram,32768,11,3040
train,stratum,code,typescript,sp_unigram,32768,12,280
train,stratum,code,typescript,sp_unigram,32768,13,56
train,stratum,code,typescript,sp_unigram,32768,14,9
train,stratum,code,typescript,sp_unigram,32768,15,106
train,stratum,code,typescript,sp_unigram,32768,16,351
train,stratum,cyrillic_african,am,sp_unigram,32768,1,14152
train,stratum,cyrillic_african,am,sp_unigram,32768,2,1776
train,stratum,cyrillic_african,am,sp_unigram,32768,3,44620
train,stratum,cyrillic_african,am,sp_unigram,32768,4,8250
train,stratum,cyrillic_african,am,sp_unigram,32768,5,275
train,stratum,cyrillic_african,am,sp_unigram,32768,6,12775
train,stratum,cyrillic_african,am,sp_unigram,32768,7,5745
train,stratum,cyrillic_african,am,sp_unigram,32768,8,51
train,stratum,cyrillic_african,am,sp_unigram,32768,9,2386
train,stratum,cyrillic_african,am,sp_unigram,32768,10,2796
train,stratum,cyrillic_african,am,sp_unigram,32768,11,3
train,stratum,cyrillic_african,am,sp_unigram,32768,12,1141
train,stratum,cyrillic_african,am,sp_unigram,32768,13,843
train,stratum,cyrillic_african,am,sp_unigram,32768,14,1
train,stratum,cyrillic_african,am,sp_unigram,32768,15,466
train,stratum,cyrillic_african,am,sp_unigram,32768,16,206
train,stratum,cyrillic_african,am,sp_unigram,32768,18,65
train,stratum,cyrillic_african,am,sp_unigram,32768,19,69
train,stratum,cyrillic_african,am,sp_unigram,32768,21,21
train,stratum,cyrillic_african,bg,sp_unigram,32768,1,10195
train,stratum,cyrillic_african,bg,sp_unigram,32768,2,8546
train,stratum,cyrillic_african,bg,sp_unigram,32768,3,3934
train,stratum,cyrillic_african,bg,sp_unigram,32768,4,11927
train,stratum,cyrillic_african,bg,sp_unigram,32768,5,6488
train,stratum,cyrillic_african,bg,sp_unigram,32768,6,6291
train,stratum,cyrillic_african,bg,sp_unigram,32768,7,1811
train,stratum,cyrillic_african,bg,sp_unigram,32768,8,2696
train,stratum,cyrillic_african,bg,sp_unigram,32768,9,1391
train,stratum,cyrillic_african,bg,sp_unigram,32768,10,869
train,stratum,cyrillic_african,bg,sp_unigram,32768,11,1038
train,stratum,cyrillic_african,bg,sp_unigram,32768,12,371
train,stratum,cyrillic_african,bg,sp_unigram,32768,13,614
train,stratum,cyrillic_african,bg,sp_unigram,32768,14,36
train,stratum,cyrillic_african,bg,sp_unigram,32768,15,381
train,stratum,cyrillic_african,bg,sp_unigram,32768,16,22
train,stratum,cyrillic_african,bg,sp_unigram,32768,17,210
train,stratum,cyrillic_african,bg,sp_unigram,32768,18,15
train,stratum,cyrillic_african,bg,sp_unigram,32768,19,66
train,stratum,cyrillic_african,bg,sp_unigram,32768,20,22
train,stratum,cyrillic_african,bg,sp_unigram,32768,21,38
train,stratum,cyrillic_african,bg,sp_unigram,32768,25,2
train,stratum,cyrillic_african,ru,sp_unigram,32768,1,9318
train,stratum,cyrillic_african,ru,sp_unigram,32768,2,8447
train,stratum,cyrillic_african,ru,sp_unigram,32768,3,3199
train,stratum,cyrillic_african,ru,sp_unigram,32768,4,12238
train,stratum,cyrillic_african,ru,sp_unigram,32768,5,3013
train,stratum,cyrillic_african,ru,sp_unigram,32768,6,6705
train,stratum,cyrillic_african,ru,sp_unigram,32768,7,1951
train,stratum,cyrillic_african,ru,sp_unigram,32768,8,2432
train,stratum,cyrillic_african,ru,sp_unigram,32768,9,984
train,stratum,cyrillic_african,ru,sp_unigram,32768,10,946
train,stratum,cyrillic_african,ru,sp_unigram,32768,11,1044
train,stratum,cyrillic_african,ru,sp_unigram,32768,12,291
train,stratum,cyrillic_african,ru,sp_unigram,32768,13,570
train,stratum,cyrillic_african,ru,sp_unigram,32768,14,231
train,stratum,cyrillic_african,ru,sp_unigram,32768,15,368
train,stratum,cyrillic_african,ru,sp_unigram,32768,16,40
train,stratum,cyrillic_african,ru,sp_unigram,32768,17,249
train,stratum,cyrillic_african,ru,sp_unigram,32768,18,34
train,stratum,cyrillic_african,ru,sp_unigram,32768,19,84
train,stratum,cyrillic_african,ru,sp_unigram,32768,20,14
train,stratum,cyrillic_african,ru,sp_unigram,32768,21,74
train,stratum,cyrillic_african,ru,sp_unigram,32768,23,5
train,stratum,cyrillic_african,ru,sp_unigram,32768,25,8
train,stratum,cyrillic_african,sw,sp_unigram,32768,1,18622
train,stratum,cyrillic_african,sw,sp_unigram,32768,2,18599
train,stratum,cyrillic_african,sw,sp_unigram,32768,3,26387
train,stratum,cyrillic_african,sw,sp_unigram,32768,4,9290
train,stratum,cyrillic_african,sw,sp_unigram,32768,5,7553
train,stratum,cyrillic_african,sw,sp_unigram,32768,6,4681
train,stratum,cyrillic_african,sw,sp_unigram,32768,7,4593
train,stratum,cyrillic_african,sw,sp_unigram,32768,8,1479
train,stratum,cyrillic_african,sw,sp_unigram,32768,9,1068
train,stratum,cyrillic_african,sw,sp_unigram,32768,10,777
train,stratum,cyrillic_african,sw,sp_unigram,32768,11,183
train,stratum,cyrillic_african,sw,sp_unigram,32768,12,45
train,stratum,cyrillic_african,sw,sp_unigram,32768,13,67
train,stratum,cyrillic_african,sw,sp_unigram,32768,14,5
train,stratum,cyrillic_african,uk,sp_unigram,32768,1,7212
train,stratum,cyrillic_african,uk,sp_unigram,32768,2,8129
train,stratum,cyrillic_african,uk,sp_unigram,32768,3,2733
train,stratum,cyrillic_african,uk,sp_unigram,32768,4,9903
train,stratum,cyrillic_african,uk,sp_unigram,32768,5,3024
train,stratum,cyrillic_african,uk,sp_unigram,32768,6,5396
train,stratum,cyrillic_african,uk,sp_unigram,32768,7,1534
train,stratum,cyrillic_african,uk,sp_unigram,32768,8,1783
train,stratum,cyrillic_african,uk,sp_unigram,32768,9,755
train,stratum,cyrillic_african,uk,sp_unigram,32768,10,796
train,stratum,cyrillic_african,uk,sp_unigram,32768,11,569
train,stratum,cyrillic_african,uk,sp_unigram,32768,12,300
train,stratum,cyrillic_african,uk,sp_unigram,32768,13,384
train,stratum,cyrillic_african,uk,sp_unigram,32768,14,65
train,stratum,cyrillic_african,uk,sp_unigram,32768,15,256
train,stratum,cyrillic_african,uk,sp_unigram,32768,16,52
train,stratum,cyrillic_african,uk,sp_unigram,32768,17,194
train,stratum,cyrillic_african,uk,sp_unigram,32768,18,43
train,stratum,cyrillic_african,uk,sp_unigram,32768,19,52
train,stratum,cyrillic_african,uk,sp_unigram,32768,20,3
train,stratum,cyrillic_african,uk,sp_unigram,32768,21,15
train,stratum,cyrillic_african,uk,sp_unigram,32768,23,14
train,stratum,cyrillic_african,yo,sp_unigram,32768,1,8929
train,stratum,cyrillic_african,yo,sp_unigram,32768,2,7852
train,stratum,cyrillic_african,yo,sp_unigram,32768,3,9682
train,stratum,cyrillic_african,yo,sp_unigram,32768,4,4636
train,stratum,cyrillic_african,yo,sp_unigram,32768,5,3894
train,stratum,cyrillic_african,yo,sp_unigram,32768,6,1711
train,stratum,cyrillic_african,yo,sp_unigram,32768,7,2918
train,stratum,cyrillic_african,yo,sp_unigram,32768,8,1100
train,stratum,cyrillic_african,yo,sp_unigram,32768,9,382
train,stratum,cyrillic_african,yo,sp_unigram,32768,10,375
train,stratum,cyrillic_african,yo,sp_unigram,32768,11,236
train,stratum,cyrillic_african,yo,sp_unigram,32768,12,159
train,stratum,cyrillic_african,yo,sp_unigram,32768,13,53
train,stratum,cyrillic_african,yo,sp_unigram,32768,14,52
train,stratum,cyrillic_african,yo,sp_unigram,32768,15,23
train,stratum,cyrillic_african,yo,sp_unigram,32768,16,55
train,stratum,cyrillic_african,yo,sp_unigram,32768,17,8
train,stratum,cyrillic_african,yo,sp_unigram,32768,19,2
train,stratum,indic_cjk_arabic,ar,sp_unigram,32768,1,7586
train,stratum,indic_cjk_arabic,ar,sp_unigram,32768,2,11563
train,stratum,indic_cjk_arabic,ar,sp_unigram,32768,3,3510
train,stratum,indic_cjk_arabic,ar,sp_unigram,32768,4,15453
train,stratum,indic_cjk_arabic,ar,sp_unigram,32768,5,4905
train,stratum,indic_cjk_arabic,ar,sp_unigram,32768,6,4134
train,stratum,indic_cjk_arabic,ar,sp_unigram,32768,7,4157
train,stratum,indic_cjk_arabic,ar,sp_unigram,32768,8,997
train,stratum,indic_cjk_arabic,ar,sp_unigram,32768,9,1039
train,stratum,indic_cjk_arabic,ar,sp_unigram,32768,10,595
train,stratum,indic_cjk_arabic,ar,sp_unigram,32768,11,366
train,stratum,indic_cjk_arabic,ar,sp_unigram,32768,12,119
train,stratum,indic_cjk_arabic,ar,sp_unigram,32768,13,161
train,stratum,indic_cjk_arabic,ar,sp_unigram,32768,14,26
train,stratum,indic_cjk_arabic,ar,sp_unigram,32768,15,75
train,stratum,indic_cjk_arabic,ar,sp_unigram,32768,16,14
train,stratum,indic_cjk_arabic,ar,sp_unigram,32768,17,16
train,stratum,indic_cjk_arabic,ar,sp_unigram,32768,18,11
train,stratum,indic_cjk_arabic,ar,sp_unigram,32768,19,28
train,stratum,indic_cjk_arabic,ar,sp_unigram,32768,21,12
train,stratum,indic_cjk_arabic,bn,sp_unigram,32768,1,8641
train,stratum,indic_cjk_arabic,bn,sp_unigram,32768,2,494
train,stratum,indic_cjk_arabic,bn,sp_unigram,32768,3,15723
train,stratum,indic_cjk_arabic,bn,sp_unigram,32768,4,1619
train,stratum,indic_cjk_arabic,bn,sp_unigram,32768,5,116
train,stratum,indic_cjk_arabic,bn,sp_unigram,32768,6,11032
train,stratum,indic_cjk_arabic,bn,sp_unigram,32768,7,2053
train,stratum,indic_cjk_arabic,bn,sp_unigram,32768,8,22
train,stratum,indic_cjk_arabic,bn,sp_unigram,32768,9,4614
train,stratum,indic_cjk_arabic,bn,sp_unigram,32768,10,2011
train,stratum,indic_cjk_arabic,bn,sp_unigram,32768,11,3
train,stratum,indic_cjk_arabic,bn,sp_unigram,32768,12,1129
train,stratum,indic_cjk_arabic,bn,sp_unigram,32768,13,1667
train,stratum,indic_cjk_arabic,bn,sp_unigram,32768,14,1
train,stratum,indic_cjk_arabic,bn,sp_unigram,32768,15,419
train,stratum,indic_cjk_arabic,bn,sp_unigram,32768,16,795
train,stratum,indic_cjk_arabic,bn,sp_unigram,32768,18,92
train,stratum,indic_cjk_arabic,bn,sp_unigram,32768,19,378
train,stratum,indic_cjk_arabic,bn,sp_unigram,32768,21,116
train,stratum,indic_cjk_arabic,bn,sp_unigram,32768,22,123
train,stratum,indic_cjk_arabic,bn,sp_unigram,32768,24,27
train,stratum,indic_cjk_arabic,bn,sp_unigram,32768,25,89
train,stratum,indic_cjk_arabic,bn,sp_unigram,32768,27,37
train,stratum,indic_cjk_arabic,bn,sp_unigram,32768,28,21
train,stratum,indic_cjk_arabic,bn,sp_unigram,32768,42,1
train,stratum,indic_cjk_arabic,fa,sp_unigram,32768,1,6818
train,stratum,indic_cjk_arabic,fa,sp_unigram,32768,2,7666
train,stratum,indic_cjk_arabic,fa,sp_unigram,32768,3,2732
train,stratum,indic_cjk_arabic,fa,sp_unigram,32768,4,8821
train,stratum,indic_cjk_arabic,fa,sp_unigram,32768,5,5798
train,stratum,indic_cjk_arabic,fa,sp_unigram,32768,6,2840
train,stratum,indic_cjk_arabic,fa,sp_unigram,32768,7,3559
train,stratum,indic_cjk_arabic,fa,sp_unigram,32768,8,1078
train,stratum,indic_cjk_arabic,fa,sp_unigram,32768,9,2575
train,stratum,indic_cjk_arabic,fa,sp_unigram,32768,10,261
train,stratum,indic_cjk_arabic,fa,sp_unigram,32768,11,1407
train,stratum,indic_cjk_arabic,fa,sp_unigram,32768,12,74
train,stratum,indic_cjk_arabic,fa,sp_unigram,32768,13,297
train,stratum,indic_cjk_arabic,fa,sp_unigram,32768,14,67
train,stratum,indic_cjk_arabic,fa,sp_unigram,32768,15,282
train,stratum,indic_cjk_arabic,fa,sp_unigram,32768,16,61
train,stratum,indic_cjk_arabic,fa,sp_unigram,32768,18,5
train,stratum,indic_cjk_arabic,fa,sp_unigram,32768,21,1
train,stratum,indic_cjk_arabic,fa,sp_unigram,32768,26,49
train,stratum,indic_cjk_arabic,gu,sp_unigram,32768,1,9415
train,stratum,indic_cjk_arabic,gu,sp_unigram,32768,2,996
train,stratum,indic_cjk_arabic,gu,sp_unigram,32768,3,13653
train,stratum,indic_cjk_arabic,gu,sp_unigram,32768,4,2008
train,stratum,indic_cjk_arabic,gu,sp_unigram,32768,5,159
train,stratum,indic_cjk_arabic,gu,sp_unigram,32768,6,11993
train,stratum,indic_cjk_arabic,gu,sp_unigram,32768,7,3513
train,stratum,indic_cjk_arabic,gu,sp_unigram,32768,8,31
train,stratum,indic_cjk_arabic,gu,sp_unigram,32768,9,3210
train,stratum,indic_cjk_arabic,gu,sp_unigram,32768,10,2716
train,stratum,indic_cjk_arabic,gu,sp_unigram,32768,11,1
train,stratum,indic_cjk_arabic,gu,sp_unigram,32768,12,442
train,stratum,indic_cjk_arabic,gu,sp_unigram,32768,13,1576
train,stratum,indic_cjk_arabic,gu,sp_unigram,32768,15,254
train,stratum,indic_cjk_arabic,gu,sp_unigram,32768,16,731
train,stratum,indic_cjk_arabic,gu,sp_unigram,32768,18,112
train,stratum,indic_cjk_arabic,gu,sp_unigram,32768,19,329
train,stratum,indic_cjk_arabic,gu,sp_unigram,32768,21,18
train,stratum,indic_cjk_arabic,gu,sp_unigram,32768,22,39
train,stratum,indic_cjk_arabic,gu,sp_unigram,32768,24,45
train,stratum,indic_cjk_arabic,gu,sp_unigram,32768,25,11
train,stratum,indic_cjk_arabic,gu,sp_unigram,32768,28,1
train,stratum,indic_cjk_arabic,hi,sp_unigram,32768,1,9090
train,stratum,indic_cjk_arabic,hi,sp_unigram,32768,2,861
train,stratum,indic_cjk_arabic,hi,sp_unigram,32768,3,13895
train,stratum,indic_cjk_arabic,hi,sp_unigram,32768,4,2493
train,stratum,indic_cjk_arabic,hi,sp_unigram,32768,5,154
train,stratum,indic_cjk_arabic,hi,sp_unigram,32768,6,12008
train,stratum,indic_cjk_arabic,hi,sp_unigram,32768,7,10027
train,stratum,indic_cjk_arabic,hi,sp_unigram,32768,8,26
train,stratum,indic_cjk_arabic,hi,sp_unigram,32768,9,3189
train,stratum,indic_cjk_arabic,hi,sp_unigram,32768,10,3960
train,stratum,indic_cjk_arabic,hi,sp_unigram,32768,11,3
train,stratum,indic_cjk_arabic,hi,sp_unigram,32768,12,529
train,stratum,indic_cjk_arabic,hi,sp_unigram,32768,13,2562
train,stratum,indic_cjk_arabic,hi,sp_unigram,32768,15,189
train,stratum,indic_cjk_arabic,hi,sp_unigram,32768,16,792
train,stratum,indic_cjk_arabic,hi,sp_unigram,32768,18,83
train,stratum,indic_cjk_arabic,hi,sp_unigram,32768,19,367
train,stratum,indic_cjk_arabic,hi,sp_unigram,32768,21,116
train,stratum,indic_cjk_arabic,hi,sp_unigram,32768,22,50
train,stratum,indic_cjk_arabic,hi,sp_unigram,32768,24,14
train,stratum,indic_cjk_arabic,hi,sp_unigram,32768,25,14
train,stratum,indic_cjk_arabic,hi,sp_unigram,32768,27,8
train,stratum,indic_cjk_arabic,hi,sp_unigram,32768,28,20
train,stratum,indic_cjk_arabic,hi,sp_unigram,32768,33,2
train,stratum,indic_cjk_arabic,ja,sp_unigram,32768,1,15400
train,stratum,indic_cjk_arabic,ja,sp_unigram,32768,2,5866
train,stratum,indic_cjk_arabic,ja,sp_unigram,32768,3,53756
train,stratum,indic_cjk_arabic,ja,sp_unigram,32768,4,982
train,stratum,indic_cjk_arabic,ja,sp_unigram,32768,5,412
train,stratum,indic_cjk_arabic,ja,sp_unigram,32768,6,11179
train,stratum,indic_cjk_arabic,ja,sp_unigram,32768,7,117
train,stratum,indic_cjk_arabic,ja,sp_unigram,32768,8,92
train,stratum,indic_cjk_arabic,ja,sp_unigram,32768,9,3091
train,stratum,indic_cjk_arabic,ja,sp_unigram,32768,10,83
train,stratum,indic_cjk_arabic,ja,sp_unigram,32768,11,11
train,stratum,indic_cjk_arabic,ja,sp_unigram,32768,12,1230
train,stratum,indic_cjk_arabic,ja,sp_unigram,32768,13,1
train,stratum,indic_cjk_arabic,ja,sp_unigram,32768,14,2
train,stratum,indic_cjk_arabic,ja,sp_unigram,32768,15,510
train,stratum,indic_cjk_arabic,ja,sp_unigram,32768,16,1
train,stratum,indic_cjk_arabic,ja,sp_unigram,32768,18,138
train,stratum,indic_cjk_arabic,ja,sp_unigram,32768,21,65
train,stratum,indic_cjk_arabic,ja,sp_unigram,32768,24,15
train,stratum,indic_cjk_arabic,kn,sp_unigram,32768,1,17684
train,stratum,indic_cjk_arabic,kn,sp_unigram,32768,2,3596
train,stratum,indic_cjk_arabic,kn,sp_unigram,32768,3,20899
train,stratum,indic_cjk_arabic,kn,sp_unigram,32768,4,4398
train,stratum,indic_cjk_arabic,kn,sp_unigram,32768,5,169
train,stratum,indic_cjk_arabic,kn,sp_unigram,32768,6,17232
train,stratum,indic_cjk_arabic,kn,sp_unigram,32768,7,1634
train,stratum,indic_cjk_arabic,kn,sp_unigram,32768,8,44
train,stratum,indic_cjk_arabic,kn,sp_unigram,32768,9,6606
train,stratum,indic_cjk_arabic,kn,sp_unigram,32768,10,2025
train,stratum,indic_cjk_arabic,kn,sp_unigram,32768,11,4
train,stratum,indic_cjk_arabic,kn,sp_unigram,32768,12,3311
train,stratum,indic_cjk_arabic,kn,sp_unigram,32768,13,1936
train,stratum,indic_cjk_arabic,kn,sp_unigram,32768,14,1
train,stratum,indic_cjk_arabic,kn,sp_unigram,32768,15,2091
train,stratum,indic_cjk_arabic,kn,sp_unigram,32768,16,1125
train,stratum,indic_cjk_arabic,kn,sp_unigram,32768,18,996
train,stratum,indic_cjk_arabic,kn,sp_unigram,32768,19,296
train,stratum,indic_cjk_arabic,kn,sp_unigram,32768,21,359
train,stratum,indic_cjk_arabic,kn,sp_unigram,32768,22,75
train,stratum,indic_cjk_arabic,kn,sp_unigram,32768,24,223
train,stratum,indic_cjk_arabic,kn,sp_unigram,32768,27,31
train,stratum,indic_cjk_arabic,kn,sp_unigram,32768,42,85
train,stratum,indic_cjk_arabic,ko,sp_unigram,32768,1,15290
train,stratum,indic_cjk_arabic,ko,sp_unigram,32768,2,1656
train,stratum,indic_cjk_arabic,ko,sp_unigram,32768,3,36402
train,stratum,indic_cjk_arabic,ko,sp_unigram,32768,4,3358
train,stratum,indic_cjk_arabic,ko,sp_unigram,32768,5,115
train,stratum,indic_cjk_arabic,ko,sp_unigram,32768,6,3729
train,stratum,indic_cjk_arabic,ko,sp_unigram,32768,7,3001
train,stratum,indic_cjk_arabic,ko,sp_unigram,32768,8,20
train,stratum,indic_cjk_arabic,ko,sp_unigram,32768,9,706
train,stratum,indic_cjk_arabic,ko,sp_unigram,32768,10,364
train,stratum,indic_cjk_arabic,ko,sp_unigram,32768,11,1
train,stratum,indic_cjk_arabic,ko,sp_unigram,32768,12,103
train,stratum,indic_cjk_arabic,ko,sp_unigram,32768,13,339
train,stratum,indic_cjk_arabic,ko,sp_unigram,32768,14,1
train,stratum,indic_cjk_arabic,ko,sp_unigram,32768,15,11
train,stratum,indic_cjk_arabic,ml,sp_unigram,32768,1,5436
train,stratum,indic_cjk_arabic,ml,sp_unigram,32768,2,676
train,stratum,indic_cjk_arabic,ml,sp_unigram,32768,3,9154
train,stratum,indic_cjk_arabic,ml,sp_unigram,32768,4,1639
train,stratum,indic_cjk_arabic,ml,sp_unigram,32768,5,171
train,stratum,indic_cjk_arabic,ml,sp_unigram,32768,6,6276
train,stratum,indic_cjk_arabic,ml,sp_unigram,32768,7,475
train,stratum,indic_cjk_arabic,ml,sp_unigram,32768,8,19
train,stratum,indic_cjk_arabic,ml,sp_unigram,32768,9,3730
train,stratum,indic_cjk_arabic,ml,sp_unigram,32768,10,373
train,stratum,indic_cjk_arabic,ml,sp_unigram,32768,12,2096
train,stratum,indic_cjk_arabic,ml,sp_unigram,32768,13,223
train,stratum,indic_cjk_arabic,ml,sp_unigram,32768,15,830
train,stratum,indic_cjk_arabic,ml,sp_unigram,32768,16,178
train,stratum,indic_cjk_arabic,ml,sp_unigram,32768,18,475
train,stratum,indic_cjk_arabic,ml,sp_unigram,32768,19,174
train,stratum,indic_cjk_arabic,ml,sp_unigram,32768,21,190
train,stratum,indic_cjk_arabic,ml,sp_unigram,32768,22,57
train,stratum,indic_cjk_arabic,ml,sp_unigram,32768,24,113
train,stratum,indic_cjk_arabic,ml,sp_unigram,32768,25,63
train,stratum,indic_cjk_arabic,ml,sp_unigram,32768,27,88
train,stratum,indic_cjk_arabic,ml,sp_unigram,32768,28,10
train,stratum,indic_cjk_arabic,ml,sp_unigram,32768,30,8
train,stratum,indic_cjk_arabic,ml,sp_unigram,32768,31,6
train,stratum,indic_cjk_arabic,ml,sp_unigram,32768,36,22
train,stratum,indic_cjk_arabic,mr,sp_unigram,32768,1,10053
train,stratum,indic_cjk_arabic,mr,sp_unigram,32768,2,1166
train,stratum,indic_cjk_arabic,mr,sp_unigram,32768,3,15181
train,stratum,indic_cjk_arabic,mr,sp_unigram,32768,4,2247
train,stratum,indic_cjk_arabic,mr,sp_unigram,32768,5,202
train,stratum,indic_cjk_arabic,mr,sp_unigram,32768,6,13935
train,stratum,indic_cjk_arabic,mr,sp_unigram,32768,7,3608
train,stratum,indic_cjk_arabic,mr,sp_unigram,32768,8,32
train,stratum,indic_cjk_arabic,mr,sp_unigram,32768,9,4348
train,stratum,indic_cjk_arabic,mr,sp_unigram,32768,10,3150
train,stratum,indic_cjk_arabic,mr,sp_unigram,32768,11,15
train,stratum,indic_cjk_arabic,mr,sp_unigram,32768,12,1939
train,stratum,indic_cjk_arabic,mr,sp_unigram,32768,13,2420
train,stratum,indic_cjk_arabic,mr,sp_unigram,32768,15,767
train,stratum,indic_cjk_arabic,mr,sp_unigram,32768,16,686
train,stratum,indic_cjk_arabic,mr,sp_unigram,32768,18,388
train,stratum,indic_cjk_arabic,mr,sp_unigram,32768,19,818
train,stratum,indic_cjk_arabic,mr,sp_unigram,32768,21,88
train,stratum,indic_cjk_arabic,mr,sp_unigram,32768,22,261
train,stratum,indic_cjk_arabic,mr,sp_unigram,32768,24,71
train,stratum,indic_cjk_arabic,mr,sp_unigram,32768,25,88
train,stratum,indic_cjk_arabic,mr,sp_unigram,32768,27,1
train,stratum,indic_cjk_arabic,mr,sp_unigram,32768,28,83
train,stratum,indic_cjk_arabic,mr,sp_unigram,32768,31,13
train,stratum,indic_cjk_arabic,mr,sp_unigram,32768,33,10
train,stratum,indic_cjk_arabic,mr,sp_unigram,32768,36,5
train,stratum,indic_cjk_arabic,ta,sp_unigram,32768,1,5848
train,stratum,indic_cjk_arabic,ta,sp_unigram,32768,2,705
train,stratum,indic_cjk_arabic,ta,sp_unigram,32768,3,6505
train,stratum,indic_cjk_arabic,ta,sp_unigram,32768,4,2634
train,stratum,indic_cjk_arabic,ta,sp_unigram,32768,5,113
train,stratum,indic_cjk_arabic,ta,sp_unigram,32768,6,8375
train,stratum,indic_cjk_arabic,ta,sp_unigram,32768,7,993
train,stratum,indic_cjk_arabic,ta,sp_unigram,32768,8,19
train,stratum,indic_cjk_arabic,ta,sp_unigram,32768,9,4377
train,stratum,indic_cjk_arabic,ta,sp_unigram,32768,10,636
train,stratum,indic_cjk_arabic,ta,sp_unigram,32768,11,2
train,stratum,indic_cjk_arabic,ta,sp_unigram,32768,12,2725
train,stratum,indic_cjk_arabic,ta,sp_unigram,32768,13,690
train,stratum,indic_cjk_arabic,ta,sp_unigram,32768,15,1018
train,stratum,indic_cjk_arabic,ta,sp_unigram,32768,16,502
train,stratum,indic_cjk_arabic,ta,sp_unigram,32768,18,624
train,stratum,indic_cjk_arabic,ta,sp_unigram,32768,19,378
train,stratum,indic_cjk_arabic,ta,sp_unigram,32768,21,157
train,stratum,indic_cjk_arabic,ta,sp_unigram,32768,22,179
train,stratum,indic_cjk_arabic,ta,sp_unigram,32768,24,137
train,stratum,indic_cjk_arabic,ta,sp_unigram,32768,25,25
train,stratum,indic_cjk_arabic,ta,sp_unigram,32768,27,70
train,stratum,indic_cjk_arabic,ta,sp_unigram,32768,28,29
train,stratum,indic_cjk_arabic,ta,sp_unigram,32768,30,13
train,stratum,indic_cjk_arabic,ta,sp_unigram,32768,31,23
train,stratum,indic_cjk_arabic,te,sp_unigram,32768,1,10151
train,stratum,indic_cjk_arabic,te,sp_unigram,32768,2,1044
train,stratum,indic_cjk_arabic,te,sp_unigram,32768,3,11706
train,stratum,indic_cjk_arabic,te,sp_unigram,32768,4,2865
train,stratum,indic_cjk_arabic,te,sp_unigram,32768,5,116
train,stratum,indic_cjk_arabic,te,sp_unigram,32768,6,17716
train,stratum,indic_cjk_arabic,te,sp_unigram,32768,7,696
train,stratum,indic_cjk_arabic,te,sp_unigram,32768,8,17
train,stratum,indic_cjk_arabic,te,sp_unigram,32768,9,4317
train,stratum,indic_cjk_arabic,te,sp_unigram,32768,10,1001
train,stratum,indic_cjk_arabic,te,sp_unigram,32768,11,6
train,stratum,indic_cjk_arabic,te,sp_unigram,32768,12,1354
train,stratum,indic_cjk_arabic,te,sp_unigram,32768,13,958
train,stratum,indic_cjk_arabic,te,sp_unigram,32768,15,756
train,stratum,indic_cjk_arabic,te,sp_unigram,32768,16,684
train,stratum,indic_cjk_arabic,te,sp_unigram,32768,18,444
train,stratum,indic_cjk_arabic,te,sp_unigram,32768,19,455
train,stratum,indic_cjk_arabic,te,sp_unigram,32768,21,178
train,stratum,indic_cjk_arabic,te,sp_unigram,32768,22,170
train,stratum,indic_cjk_arabic,te,sp_unigram,32768,24,45
train,stratum,indic_cjk_arabic,te,sp_unigram,32768,25,19
train,stratum,indic_cjk_arabic,te,sp_unigram,32768,27,87
train,stratum,indic_cjk_arabic,te,sp_unigram,32768,28,56
train,stratum,indic_cjk_arabic,ur,sp_unigram,32768,1,12188
train,stratum,indic_cjk_arabic,ur,sp_unigram,32768,2,17688
train,stratum,indic_cjk_arabic,ur,sp_unigram,32768,3,4379
train,stratum,indic_cjk_arabic,ur,sp_unigram,32768,4,18102
train,stratum,indic_cjk_arabic,ur,sp_unigram,32768,5,18192
train,stratum,indic_cjk_arabic,ur,sp_unigram,32768,6,4546
train,stratum,indic_cjk_arabic,ur,sp_unigram,32768,7,10882
train,stratum,indic_cjk_arabic,ur,sp_unigram,32768,8,1309
train,stratum,indic_cjk_arabic,ur,sp_unigram,32768,9,6195
train,stratum,indic_cjk_arabic,ur,sp_unigram,32768,10,209
train,stratum,indic_cjk_arabic,ur,sp_unigram,32768,11,2061
train,stratum,indic_cjk_arabic,ur,sp_unigram,32768,12,103
train,stratum,indic_cjk_arabic,ur,sp_unigram,32768,13,461
train,stratum,indic_cjk_arabic,ur,sp_unigram,32768,14,10
train,stratum,indic_cjk_arabic,ur,sp_unigram,32768,15,277
train,stratum,indic_cjk_arabic,ur,sp_unigram,32768,16,1
train,stratum,indic_cjk_arabic,ur,sp_unigram,32768,17,17
train,stratum,indic_cjk_arabic,zh,sp_unigram,32768,1,25041
train,stratum,indic_cjk_arabic,zh,sp_unigram,32768,2,9792
train,stratum,indic_cjk_arabic,zh,sp_unigram,32768,3,80580
train,stratum,indic_cjk_arabic,zh,sp_unigram,32768,4,1002
train,stratum,indic_cjk_arabic,zh,sp_unigram,32768,5,363
train,stratum,indic_cjk_arabic,zh,sp_unigram,32768,6,26434
train,stratum,indic_cjk_arabic,zh,sp_unigram,32768,7,2281
train,stratum,indic_cjk_arabic,zh,sp_unigram,32768,8,56
train,stratum,indic_cjk_arabic,zh,sp_unigram,32768,9,4296
train,stratum,indic_cjk_arabic,zh,sp_unigram,32768,10,22
train,stratum,indic_cjk_arabic,zh,sp_unigram,32768,11,6
train,stratum,indic_cjk_arabic,zh,sp_unigram,32768,12,1702
train,stratum,indic_cjk_arabic,zh,sp_unigram,32768,13,1862
train,stratum,indic_cjk_arabic,zh,sp_unigram,32768,15,613
train,stratum,indic_cjk_arabic,zh,sp_unigram,32768,16,1471
train,stratum,indic_cjk_arabic,zh,sp_unigram,32768,19,403
train,stratum,indic_cjk_arabic,zh,sp_unigram,32768,21,272
train,stratum,indic_cjk_arabic,zh,sp_unigram,32768,22,414
train,stratum,indic_cjk_arabic,zh,sp_unigram,32768,25,172
train,stratum,indic_cjk_arabic,zh,sp_unigram,32768,33,56
train,stratum,latin_english,en,sp_unigram,32768,1,7765
train,stratum,latin_english,en,sp_unigram,32768,2,4019
train,stratum,latin_english,en,sp_unigram,32768,3,6531
train,stratum,latin_english,en,sp_unigram,32768,4,5396
train,stratum,latin_english,en,sp_unigram,32768,5,3742
train,stratum,latin_english,en,sp_unigram,32768,6,2220
train,stratum,latin_english,en,sp_unigram,32768,7,1739
train,stratum,latin_english,en,sp_unigram,32768,8,1177
train,stratum,latin_english,en,sp_unigram,32768,9,795
train,stratum,latin_english,en,sp_unigram,32768,10,521
train,stratum,latin_english,en,sp_unigram,32768,11,286
train,stratum,latin_english,en,sp_unigram,32768,12,147
train,stratum,latin_english,en,sp_unigram,32768,13,43
train,stratum,latin_english,en,sp_unigram,32768,14,30
train,stratum,latin_english,en,sp_unigram,32768,15,6
train,language,,am,sp_unigram,32768,1,14152
train,language,,am,sp_unigram,32768,2,1776
train,language,,am,sp_unigram,32768,3,44620
train,language,,am,sp_unigram,32768,4,8250
train,language,,am,sp_unigram,32768,5,275
train,language,,am,sp_unigram,32768,6,12775
train,language,,am,sp_unigram,32768,7,5745
train,language,,am,sp_unigram,32768,8,51
train,language,,am,sp_unigram,32768,9,2386
train,language,,am,sp_unigram,32768,10,2796
train,language,,am,sp_unigram,32768,11,3
train,language,,am,sp_unigram,32768,12,1141
train,language,,am,sp_unigram,32768,13,843
train,language,,am,sp_unigram,32768,14,1
train,language,,am,sp_unigram,32768,15,466
train,language,,am,sp_unigram,32768,16,206
train,language,,am,sp_unigram,32768,18,65
train,language,,am,sp_unigram,32768,19,69
train,language,,am,sp_unigram,32768,21,21
train,language,,ar,sp_unigram,32768,1,7586
train,language,,ar,sp_unigram,32768,2,11563
train,language,,ar,sp_unigram,32768,3,3510
train,language,,ar,sp_unigram,32768,4,15453
train,language,,ar,sp_unigram,32768,5,4905
train,language,,ar,sp_unigram,32768,6,4134
train,language,,ar,sp_unigram,32768,7,4157
train,language,,ar,sp_unigram,32768,8,997
train,language,,ar,sp_unigram,32768,9,1039
train,language,,ar,sp_unigram,32768,10,595
train,language,,ar,sp_unigram,32768,11,366
train,language,,ar,sp_unigram,32768,12,119
train,language,,ar,sp_unigram,32768,13,161
train,language,,ar,sp_unigram,32768,14,26
train,language,,ar,sp_unigram,32768,15,75
train,language,,ar,sp_unigram,32768,16,14
train,language,,ar,sp_unigram,32768,17,16
train,language,,ar,sp_unigram,32768,18,11
train,language,,ar,sp_unigram,32768,19,28
train,language,,ar,sp_unigram,32768,21,12
train,language,,bg,sp_unigram,32768,1,10195
train,language,,bg,sp_unigram,32768,2,8546
train,language,,bg,sp_unigram,32768,3,3934
train,language,,bg,sp_unigram,32768,4,11927
train,language,,bg,sp_unigram,32768,5,6488
train,language,,bg,sp_unigram,32768,6,6291
train,language,,bg,sp_unigram,32768,7,1811
train,language,,bg,sp_unigram,32768,8,2696
train,language,,bg,sp_unigram,32768,9,1391
train,language,,bg,sp_unigram,32768,10,869
train,language,,bg,sp_unigram,32768,11,1038
train,language,,bg,sp_unigram,32768,12,371
train,language,,bg,sp_unigram,32768,13,614
train,language,,bg,sp_unigram,32768,14,36
train,language,,bg,sp_unigram,32768,15,381
train,language,,bg,sp_unigram,32768,16,22
train,language,,bg,sp_unigram,32768,17,210
train,language,,bg,sp_unigram,32768,18,15
train,language,,bg,sp_unigram,32768,19,66
train,language,,bg,sp_unigram,32768,20,22
train,language,,bg,sp_unigram,32768,21,38
train,language,,bg,sp_unigram,32768,25,2
train,language,,bn,sp_unigram,32768,1,8641
train,language,,bn,sp_unigram,32768,2,494
train,language,,bn,sp_unigram,32768,3,15723
train,language,,bn,sp_unigram,32768,4,1619
train,language,,bn,sp_unigram,32768,5,116
train,language,,bn,sp_unigram,32768,6,11032
train,language,,bn,sp_unigram,32768,7,2053
train,language,,bn,sp_unigram,32768,8,22
train,language,,bn,sp_unigram,32768,9,4614
train,language,,bn,sp_unigram,32768,10,2011
train,language,,bn,sp_unigram,32768,11,3
train,language,,bn,sp_unigram,32768,12,1129
train,language,,bn,sp_unigram,32768,13,1667
train,language,,bn,sp_unigram,32768,14,1
train,language,,bn,sp_unigram,32768,15,419
train,language,,bn,sp_unigram,32768,16,795
train,language,,bn,sp_unigram,32768,18,92
train,language,,bn,sp_unigram,32768,19,378
train,language,,bn,sp_unigram,32768,21,116
train,language,,bn,sp_unigram,32768,22,123
train,language,,bn,sp_unigram,32768,24,27
train,language,,bn,sp_unigram,32768,25,89
train,language,,bn,sp_unigram,32768,27,37
train,language,,bn,sp_unigram,32768,28,21
train,language,,bn,sp_unigram,32768,42,1
train,language,,c,sp_unigram,32768,1,52063
train,language,,c,sp_unigram,32768,2,16949
train,language,,c,sp_unigram,32768,3,12408
train,language,,c,sp_unigram,32768,4,9912
train,language,,c,sp_unigram,32768,5,5446
train,language,,c,sp_unigram,32768,6,4866
train,language,,c,sp_unigram,32768,7,2597
train,language,,c,sp_unigram,32768,8,1485
train,language,,c,sp_unigram,32768,9,587
train,language,,c,sp_unigram,32768,10,633
train,language,,c,sp_unigram,32768,11,310
train,language,,c,sp_unigram,32768,12,103
train,language,,c,sp_unigram,32768,13,64
train,language,,c,sp_unigram,32768,14,35
train,language,,c,sp_unigram,32768,15,9
train,language,,c,sp_unigram,32768,16,166
train,language,,cpp,sp_unigram,32768,1,123937
train,language,,cpp,sp_unigram,32768,2,46111
train,language,,cpp,sp_unigram,32768,3,27410
train,language,,cpp,sp_unigram,32768,4,22356
train,language,,cpp,sp_unigram,32768,5,12054
train,language,,cpp,sp_unigram,32768,6,17299
train,language,,cpp,sp_unigram,32768,7,11132
train,language,,cpp,sp_unigram,32768,8,3648
train,language,,cpp,sp_unigram,32768,9,2850
train,language,,cpp,sp_unigram,32768,10,1955
train,language,,cpp,sp_unigram,32768,11,854
train,language,,cpp,sp_unigram,32768,12,549
train,language,,cpp,sp_unigram,32768,13,342
train,language,,cpp,sp_unigram,32768,14,202
train,language,,cpp,sp_unigram,32768,15,247
train,language,,cpp,sp_unigram,32768,16,277
train,language,,en,sp_unigram,32768,1,7765
train,language,,en,sp_unigram,32768,2,4019
train,language,,en,sp_unigram,32768,3,6531
train,language,,en,sp_unigram,32768,4,5396
train,language,,en,sp_unigram,32768,5,3742
train,language,,en,sp_unigram,32768,6,2220
train,language,,en,sp_unigram,32768,7,1739
train,language,,en,sp_unigram,32768,8,1177
train,language,,en,sp_unigram,32768,9,795
train,language,,en,sp_unigram,32768,10,521
train,language,,en,sp_unigram,32768,11,286
train,language,,en,sp_unigram,32768,12,147
train,language,,en,sp_unigram,32768,13,43
train,language,,en,sp_unigram,32768,14,30
train,language,,en,sp_unigram,32768,15,6
train,language,,fa,sp_unigram,32768,1,6818
train,language,,fa,sp_unigram,32768,2,7666
train,language,,fa,sp_unigram,32768,3,2732
train,language,,fa,sp_unigram,32768,4,8821
train,language,,fa,sp_unigram,32768,5,5798
train,language,,fa,sp_unigram,32768,6,2840
train,language,,fa,sp_unigram,32768,7,3559
train,language,,fa,sp_unigram,32768,8,1078
train,language,,fa,sp_unigram,32768,9,2575
train,language,,fa,sp_unigram,32768,10,261
train,language,,fa,sp_unigram,32768,11,1407
train,language,,fa,sp_unigram,32768,12,74
train,language,,fa,sp_unigram,32768,13,297
train,language,,fa,sp_unigram,32768,14,67
train,language,,fa,sp_unigram,32768,15,282
train,language,,fa,sp_unigram,32768,16,61
train,language,,fa,sp_unigram,32768,18,5
train,language,,fa,sp_unigram,32768,21,1
train,language,,fa,sp_unigram,32768,26,49
train,language,,go,sp_unigram,32768,1,78756
train,language,,go,sp_unigram,32768,2,25346
train,language,,go,sp_unigram,32768,3,22541
train,language,,go,sp_unigram,32768,4,19008
train,language,,go,sp_unigram,32768,5,10232
train,language,,go,sp_unigram,32768,6,9784
train,language,,go,sp_unigram,32768,7,7061
train,language,,go,sp_unigram,32768,8,4602
train,language,,go,sp_unigram,32768,9,1955
train,language,,go,sp_unigram,32768,10,855
train,language,,go,sp_unigram,32768,11,623
train,language,,go,sp_unigram,32768,12,103
train,language,,go,sp_unigram,32768,13,442
train,language,,go,sp_unigram,32768,14,22
train,language,,go,sp_unigram,32768,15,148
train,language,,go,sp_unigram,32768,16,171
train,language,,gu,sp_unigram,32768,1,9415
train,language,,gu,sp_unigram,32768,2,996
train,language,,gu,sp_unigram,32768,3,13653
train,language,,gu,sp_unigram,32768,4,2008
train,language,,gu,sp_unigram,32768,5,159
train,language,,gu,sp_unigram,32768,6,11993
train,language,,gu,sp_unigram,32768,7,3513
train,language,,gu,sp_unigram,32768,8,31
train,language,,gu,sp_unigram,32768,9,3210
train,language,,gu,sp_unigram,32768,10,2716
train,language,,gu,sp_unigram,32768,11,1
train,language,,gu,sp_unigram,32768,12,442
train,language,,gu,sp_unigram,32768,13,1576
train,language,,gu,sp_unigram,32768,15,254
train,language,,gu,sp_unigram,32768,16,731
train,language,,gu,sp_unigram,32768,18,112
train,language,,gu,sp_unigram,32768,19,329
train,language,,gu,sp_unigram,32768,21,18
train,language,,gu,sp_unigram,32768,22,39
train,language,,gu,sp_unigram,32768,24,45
train,language,,gu,sp_unigram,32768,25,11
train,language,,gu,sp_unigram,32768,28,1
train,language,,hi,sp_unigram,32768,1,9090
train,language,,hi,sp_unigram,32768,2,861
train,language,,hi,sp_unigram,32768,3,13895
train,language,,hi,sp_unigram,32768,4,2493
train,language,,hi,sp_unigram,32768,5,154
train,language,,hi,sp_unigram,32768,6,12008
train,language,,hi,sp_unigram,32768,7,10027
train,language,,hi,sp_unigram,32768,8,26
train,language,,hi,sp_unigram,32768,9,3189
train,language,,hi,sp_unigram,32768,10,3960
train,language,,hi,sp_unigram,32768,11,3
train,language,,hi,sp_unigram,32768,12,529
train,language,,hi,sp_unigram,32768,13,2562
train,language,,hi,sp_unigram,32768,15,189
train,language,,hi,sp_unigram,32768,16,792
train,language,,hi,sp_unigram,32768,18,83
train,language,,hi,sp_unigram,32768,19,367
train,language,,hi,sp_unigram,32768,21,116
train,language,,hi,sp_unigram,32768,22,50
train,language,,hi,sp_unigram,32768,24,14
train,language,,hi,sp_unigram,32768,25,14
train,language,,hi,sp_unigram,32768,27,8
train,language,,hi,sp_unigram,32768,28,20
train,language,,hi,sp_unigram,32768,33,2
train,language,,ja,sp_unigram,32768,1,15400
train,language,,ja,sp_unigram,32768,2,5866
train,language,,ja,sp_unigram,32768,3,53756
train,language,,ja,sp_unigram,32768,4,982
train,language,,ja,sp_unigram,32768,5,412
train,language,,ja,sp_unigram,32768,6,11179
train,language,,ja,sp_unigram,32768,7,117
train,language,,ja,sp_unigram,32768,8,92
train,language,,ja,sp_unigram,32768,9,3091
train,language,,ja,sp_unigram,32768,10,83
train,language,,ja,sp_unigram,32768,11,11
train,language,,ja,sp_unigram,32768,12,1230
train,language,,ja,sp_unigram,32768,13,1
train,language,,ja,sp_unigram,32768,14,2
train,language,,ja,sp_unigram,32768,15,510
train,language,,ja,sp_unigram,32768,16,1
train,language,,ja,sp_unigram,32768,18,138
train,language,,ja,sp_unigram,32768,21,65
train,language,,ja,sp_unigram,32768,24,15
train,language,,java,sp_unigram,32768,1,48347
train,language,,java,sp_unigram,32768,2,7894
train,language,,java,sp_unigram,32768,3,6349
train,language,,java,sp_unigram,32768,4,5283
train,language,,java,sp_unigram,32768,5,3250
train,language,,java,sp_unigram,32768,6,2608
train,language,,java,sp_unigram,32768,7,2384
train,language,,java,sp_unigram,32768,8,1230
train,language,,java,sp_unigram,32768,9,519
train,language,,java,sp_unigram,32768,10,399
train,language,,java,sp_unigram,32768,11,183
train,language,,java,sp_unigram,32768,12,71
train,language,,java,sp_unigram,32768,13,38
train,language,,java,sp_unigram,32768,14,4
train,language,,java,sp_unigram,32768,15,13
train,language,,java,sp_unigram,32768,16,33
train,language,,javascript,sp_unigram,32768,1,24506
train,language,,javascript,sp_unigram,32768,2,10155
train,language,,javascript,sp_unigram,32768,3,5779
train,language,,javascript,sp_unigram,32768,4,2806
train,language,,javascript,sp_unigram,32768,5,1999
train,language,,javascript,sp_unigram,32768,6,1599
train,language,,javascript,sp_unigram,32768,7,918
train,language,,javascript,sp_unigram,32768,8,501
train,language,,javascript,sp_unigram,32768,9,472
train,language,,javascript,sp_unigram,32768,10,218
train,language,,javascript,sp_unigram,32768,11,125
train,language,,javascript,sp_unigram,32768,12,7
train,language,,javascript,sp_unigram,32768,13,72
train,language,,javascript,sp_unigram,32768,14,12
train,language,,javascript,sp_unigram,32768,16,5
train,language,,kn,sp_unigram,32768,1,17684
train,language,,kn,sp_unigram,32768,2,3596
train,language,,kn,sp_unigram,32768,3,20899
train,language,,kn,sp_unigram,32768,4,4398
train,language,,kn,sp_unigram,32768,5,169
train,language,,kn,sp_unigram,32768,6,17232
train,language,,kn,sp_unigram,32768,7,1634
train,language,,kn,sp_unigram,32768,8,44
train,language,,kn,sp_unigram,32768,9,6606
train,language,,kn,sp_unigram,32768,10,2025
train,language,,kn,sp_unigram,32768,11,4
train,language,,kn,sp_unigram,32768,12,3311
train,language,,kn,sp_unigram,32768,13,1936
train,language,,kn,sp_unigram,32768,14,1
train,language,,kn,sp_unigram,32768,15,2091
train,language,,kn,sp_unigram,32768,16,1125
train,language,,kn,sp_unigram,32768,18,996
train,language,,kn,sp_unigram,32768,19,296
train,language,,kn,sp_unigram,32768,21,359
train,language,,kn,sp_unigram,32768,22,75
train,language,,kn,sp_unigram,32768,24,223
train,language,,kn,sp_unigram,32768,27,31
train,language,,kn,sp_unigram,32768,42,85
train,language,,ko,sp_unigram,32768,1,15290
train,language,,ko,sp_unigram,32768,2,1656
train,language,,ko,sp_unigram,32768,3,36402
train,language,,ko,sp_unigram,32768,4,3358
train,language,,ko,sp_unigram,32768,5,115
train,language,,ko,sp_unigram,32768,6,3729
train,language,,ko,sp_unigram,32768,7,3001
train,language,,ko,sp_unigram,32768,8,20
train,language,,ko,sp_unigram,32768,9,706
train,language,,ko,sp_unigram,32768,10,364
train,language,,ko,sp_unigram,32768,11,1
train,language,,ko,sp_unigram,32768,12,103
train,language,,ko,sp_unigram,32768,13,339
train,language,,ko,sp_unigram,32768,14,1
train,language,,ko,sp_unigram,32768,15,11
train,language,,ml,sp_unigram,32768,1,5436
train,language,,ml,sp_unigram,32768,2,676
train,language,,ml,sp_unigram,32768,3,9154
train,language,,ml,sp_unigram,32768,4,1639
train,language,,ml,sp_unigram,32768,5,171
train,language,,ml,sp_unigram,32768,6,6276
train,language,,ml,sp_unigram,32768,7,475
train,language,,ml,sp_unigram,32768,8,19
train,language,,ml,sp_unigram,32768,9,3730
train,language,,ml,sp_unigram,32768,10,373
train,language,,ml,sp_unigram,32768,12,2096
train,language,,ml,sp_unigram,32768,13,223
train,language,,ml,sp_unigram,32768,15,830
train,language,,ml,sp_unigram,32768,16,178
train,language,,ml,sp_unigram,32768,18,475
train,language,,ml,sp_unigram,32768,19,174
train,language,,ml,sp_unigram,32768,21,190
train,language,,ml,sp_unigram,32768,22,57
train,language,,ml,sp_unigram,32768,24,113
train,language,,ml,sp_unigram,32768,25,63
train,language,,ml,sp_unigram,32768,27,88
train,language,,ml,sp_unigram,32768,28,10
train,language,,ml,sp_unigram,32768,30,8
train,language,,ml,sp_unigram,32768,31,6
train,language,,ml,sp_unigram,32768,36,22
train,language,,mr,sp_unigram,32768,1,10053
train,language,,mr,sp_unigram,32768,2,1166
train,language,,mr,sp_unigram,32768,3,15181
train,language,,mr,sp_unigram,32768,4,2247
train,language,,mr,sp_unigram,32768,5,202
train,language,,mr,sp_unigram,32768,6,13935
train,language,,mr,sp_unigram,32768,7,3608
train,language,,mr,sp_unigram,32768,8,32
train,language,,mr,sp_unigram,32768,9,4348
train,language,,mr,sp_unigram,32768,10,3150
train,language,,mr,sp_unigram,32768,11,15
train,language,,mr,sp_unigram,32768,12,1939
train,language,,mr,sp_unigram,32768,13,2420
train,language,,mr,sp_unigram,32768,15,767
train,language,,mr,sp_unigram,32768,16,686
train,language,,mr,sp_unigram,32768,18,388
train,language,,mr,sp_unigram,32768,19,818
train,language,,mr,sp_unigram,32768,21,88
train,language,,mr,sp_unigram,32768,22,261
train,language,,mr,sp_unigram,32768,24,71
train,language,,mr,sp_unigram,32768,25,88
train,language,,mr,sp_unigram,32768,27,1
train,language,,mr,sp_unigram,32768,28,83
train,language,,mr,sp_unigram,32768,31,13
train,language,,mr,sp_unigram,32768,33,10
train,language,,mr,sp_unigram,32768,36,5
train,language,,python,sp_unigram,32768,1,52198
train,language,,python,sp_unigram,32768,2,8582
train,language,,python,sp_unigram,32768,3,6236
train,language,,python,sp_unigram,32768,4,6306
train,language,,python,sp_unigram,32768,5,4098
train,language,,python,sp_unigram,32768,6,3389
train,language,,python,sp_unigram,32768,7,1956
train,language,,python,sp_unigram,32768,8,1127
train,language,,python,sp_unigram,32768,9,692
train,language,,python,sp_unigram,32768,10,341
train,language,,python,sp_unigram,32768,11,337
train,language,,python,sp_unigram,32768,12,80
train,language,,python,sp_unigram,32768,13,9
train,language,,python,sp_unigram,32768,14,16
train,language,,python,sp_unigram,32768,15,15
train,language,,python,sp_unigram,32768,16,91
train,language,,ru,sp_unigram,32768,1,9318
train,language,,ru,sp_unigram,32768,2,8447
train,language,,ru,sp_unigram,32768,3,3199
train,language,,ru,sp_unigram,32768,4,12238
train,language,,ru,sp_unigram,32768,5,3013
train,language,,ru,sp_unigram,32768,6,6705
train,language,,ru,sp_unigram,32768,7,1951
train,language,,ru,sp_unigram,32768,8,2432
train,language,,ru,sp_unigram,32768,9,984
train,language,,ru,sp_unigram,32768,10,946
train,language,,ru,sp_unigram,32768,11,1044
train,language,,ru,sp_unigram,32768,12,291
train,language,,ru,sp_unigram,32768,13,570
train,language,,ru,sp_unigram,32768,14,231
train,language,,ru,sp_unigram,32768,15,368
train,language,,ru,sp_unigram,32768,16,40
train,language,,ru,sp_unigram,32768,17,249
train,language,,ru,sp_unigram,32768,18,34
train,language,,ru,sp_unigram,32768,19,84
train,language,,ru,sp_unigram,32768,20,14
train,language,,ru,sp_unigram,32768,21,74
train,language,,ru,sp_unigram,32768,23,5
train,language,,ru,sp_unigram,32768,25,8
train,language,,rust,sp_unigram,32768,1,109678
train,language,,rust,sp_unigram,32768,2,22254
train,language,,rust,sp_unigram,32768,3,20231
train,language,,rust,sp_unigram,32768,4,14208
train,language,,rust,sp_unigram,32768,5,8314
train,language,,rust,sp_unigram,32768,6,5413
train,language,,rust,sp_unigram,32768,7,3948
train,language,,rust,sp_unigram,32768,8,1524
train,language,,rust,sp_unigram,32768,9,876
train,language,,rust,sp_unigram,32768,10,740
train,language,,rust,sp_unigram,32768,11,160
train,language,,rust,sp_unigram,32768,12,67
train,language,,rust,sp_unigram,32768,13,14
train,language,,rust,sp_unigram,32768,14,73
train,language,,rust,sp_unigram,32768,15,23
train,language,,rust,sp_unigram,32768,16,29
train,language,,sql,sp_unigram,32768,1,89211
train,language,,sql,sp_unigram,32768,2,101924
train,language,,sql,sp_unigram,32768,3,60682
train,language,,sql,sp_unigram,32768,4,21950
train,language,,sql,sp_unigram,32768,5,20344
train,language,,sql,sp_unigram,32768,6,10901
train,language,,sql,sp_unigram,32768,7,10623
train,language,,sql,sp_unigram,32768,8,5762
train,language,,sql,sp_unigram,32768,9,9181
train,language,,sql,sp_unigram,32768,10,1214
train,language,,sql,sp_unigram,32768,11,987
train,language,,sql,sp_unigram,32768,12,297
train,language,,sql,sp_unigram,32768,13,134
train,language,,sql,sp_unigram,32768,14,4
train,language,,sql,sp_unigram,32768,16,84
train,language,,sw,sp_unigram,32768,1,18622
train,language,,sw,sp_unigram,32768,2,18599
train,language,,sw,sp_unigram,32768,3,26387
train,language,,sw,sp_unigram,32768,4,9290
train,language,,sw,sp_unigram,32768,5,7553
train,language,,sw,sp_unigram,32768,6,4681
train,language,,sw,sp_unigram,32768,7,4593
train,language,,sw,sp_unigram,32768,8,1479
train,language,,sw,sp_unigram,32768,9,1068
train,language,,sw,sp_unigram,32768,10,777
train,language,,sw,sp_unigram,32768,11,183
train,language,,sw,sp_unigram,32768,12,45
train,language,,sw,sp_unigram,32768,13,67
train,language,,sw,sp_unigram,32768,14,5
train,language,,ta,sp_unigram,32768,1,5848
train,language,,ta,sp_unigram,32768,2,705
train,language,,ta,sp_unigram,32768,3,6505
train,language,,ta,sp_unigram,32768,4,2634
train,language,,ta,sp_unigram,32768,5,113
train,language,,ta,sp_unigram,32768,6,8375
train,language,,ta,sp_unigram,32768,7,993
train,language,,ta,sp_unigram,32768,8,19
train,language,,ta,sp_unigram,32768,9,4377
train,language,,ta,sp_unigram,32768,10,636
train,language,,ta,sp_unigram,32768,11,2
train,language,,ta,sp_unigram,32768,12,2725
train,language,,ta,sp_unigram,32768,13,690
train,language,,ta,sp_unigram,32768,15,1018
train,language,,ta,sp_unigram,32768,16,502
train,language,,ta,sp_unigram,32768,18,624
train,language,,ta,sp_unigram,32768,19,378
train,language,,ta,sp_unigram,32768,21,157
train,language,,ta,sp_unigram,32768,22,179
train,language,,ta,sp_unigram,32768,24,137
train,language,,ta,sp_unigram,32768,25,25
train,language,,ta,sp_unigram,32768,27,70
train,language,,ta,sp_unigram,32768,28,29
train,language,,ta,sp_unigram,32768,30,13
train,language,,ta,sp_unigram,32768,31,23
train,language,,te,sp_unigram,32768,1,10151
train,language,,te,sp_unigram,32768,2,1044
train,language,,te,sp_unigram,32768,3,11706
train,language,,te,sp_unigram,32768,4,2865
train,language,,te,sp_unigram,32768,5,116
train,language,,te,sp_unigram,32768,6,17716
train,language,,te,sp_unigram,32768,7,696
train,language,,te,sp_unigram,32768,8,17
train,language,,te,sp_unigram,32768,9,4317
train,language,,te,sp_unigram,32768,10,1001
train,language,,te,sp_unigram,32768,11,6
train,language,,te,sp_unigram,32768,12,1354
train,language,,te,sp_unigram,32768,13,958
train,language,,te,sp_unigram,32768,15,756
train,language,,te,sp_unigram,32768,16,684
train,language,,te,sp_unigram,32768,18,444
train,language,,te,sp_unigram,32768,19,455
train,language,,te,sp_unigram,32768,21,178
train,language,,te,sp_unigram,32768,22,170
train,language,,te,sp_unigram,32768,24,45
train,language,,te,sp_unigram,32768,25,19
train,language,,te,sp_unigram,32768,27,87
train,language,,te,sp_unigram,32768,28,56
train,language,,typescript,sp_unigram,32768,1,201762
train,language,,typescript,sp_unigram,32768,2,45935
train,language,,typescript,sp_unigram,32768,3,26876
train,language,,typescript,sp_unigram,32768,4,21773
train,language,,typescript,sp_unigram,32768,5,13493
train,language,,typescript,sp_unigram,32768,6,9557
train,language,,typescript,sp_unigram,32768,7,7110
train,language,,typescript,sp_unigram,32768,8,3667
train,language,,typescript,sp_unigram,32768,9,1544
train,language,,typescript,sp_unigram,32768,10,1088
train,language,,typescript,sp_unigram,32768,11,3040
train,language,,typescript,sp_unigram,32768,12,280
train,language,,typescript,sp_unigram,32768,13,56
train,language,,typescript,sp_unigram,32768,14,9
train,language,,typescript,sp_unigram,32768,15,106
train,language,,typescript,sp_unigram,32768,16,351
train,language,,uk,sp_unigram,32768,1,7212
train,language,,uk,sp_unigram,32768,2,8129
train,language,,uk,sp_unigram,32768,3,2733
train,language,,uk,sp_unigram,32768,4,9903
train,language,,uk,sp_unigram,32768,5,3024
train,language,,uk,sp_unigram,32768,6,5396
train,language,,uk,sp_unigram,32768,7,1534
train,language,,uk,sp_unigram,32768,8,1783
train,language,,uk,sp_unigram,32768,9,755
train,language,,uk,sp_unigram,32768,10,796
train,language,,uk,sp_unigram,32768,11,569
train,language,,uk,sp_unigram,32768,12,300
train,language,,uk,sp_unigram,32768,13,384
train,language,,uk,sp_unigram,32768,14,65
train,language,,uk,sp_unigram,32768,15,256
train,language,,uk,sp_unigram,32768,16,52
train,language,,uk,sp_unigram,32768,17,194
train,language,,uk,sp_unigram,32768,18,43
train,language,,uk,sp_unigram,32768,19,52
train,language,,uk,sp_unigram,32768,20,3
train,language,,uk,sp_unigram,32768,21,15
train,language,,uk,sp_unigram,32768,23,14
train,language,,ur,sp_unigram,32768,1,12188
train,language,,ur,sp_unigram,32768,2,17688
train,language,,ur,sp_unigram,32768,3,4379
train,language,,ur,sp_unigram,32768,4,18102
train,language,,ur,sp_unigram,32768,5,18192
train,language,,ur,sp_unigram,32768,6,4546
train,language,,ur,sp_unigram,32768,7,10882
train,language,,ur,sp_unigram,32768,8,1309
train,language,,ur,sp_unigram,32768,9,6195
train,language,,ur,sp_unigram,32768,10,209
train,language,,ur,sp_unigram,32768,11,2061
train,language,,ur,sp_unigram,32768,12,103
train,language,,ur,sp_unigram,32768,13,461
train,language,,ur,sp_unigram,32768,14,10
train,language,,ur,sp_unigram,32768,15,277
train,language,,ur,sp_unigram,32768,16,1
train,language,,ur,sp_unigram,32768,17,17
train,language,,yo,sp_unigram,32768,1,8929
train,language,,yo,sp_unigram,32768,2,7852
train,language,,yo,sp_unigram,32768,3,9682
train,language,,yo,sp_unigram,32768,4,4636
train,language,,yo,sp_unigram,32768,5,3894
train,language,,yo,sp_unigram,32768,6,1711
train,language,,yo,sp_unigram,32768,7,2918
train,language,,yo,sp_unigram,32768,8,1100
train,language,,yo,sp_unigram,32768,9,382
train,language,,yo,sp_unigram,32768,10,375
train,language,,yo,sp_unigram,32768,11,236
train,language,,yo,sp_unigram,32768,12,159
train,language,,yo,sp_unigram,32768,13,53
train,language,,yo,sp_unigram,32768,14,52
train,language,,yo,sp_unigram,32768,15,23
train,language,,yo,sp_unigram,32768,16,55
train,language,,yo,sp_unigram,32768,17,8
train,language,,yo,sp_unigram,32768,19,2
train,language,,zh,sp_unigram,32768,1,25041
train,language,,zh,sp_unigram,32768,2,9792
train,language,,zh,sp_unigram,32768,3,80580
train,language,,zh,sp_unigram,32768,4,1002
train,language,,zh,sp_unigram,32768,5,363
train,language,,zh,sp_unigram,32768,6,26434
train,language,,zh,sp_unigram,32768,7,2281
train,language,,zh,sp_unigram,32768,8,56
train,language,,zh,sp_unigram,32768,9,4296
train,language,,zh,sp_unigram,32768,10,22
train,language,,zh,sp_unigram,32768,11,6
train,language,,zh,sp_unigram,32768,12,1702
train,language,,zh,sp_unigram,32768,13,1862
train,language,,zh,sp_unigram,32768,15,613
train,language,,zh,sp_unigram,32768,16,1471
train,language,,zh,sp_unigram,32768,19,403
train,language,,zh,sp_unigram,32768,21,272
train,language,,zh,sp_unigram,32768,22,414
train,language,,zh,sp_unigram,32768,25,172
train,language,,zh,sp_unigram,32768,33,56
train,domain,code,,sp_unigram,32768,1,780458
train,domain,code,,sp_unigram,32768,2,285150
train,domain,code,,sp_unigram,32768,3,188512
train,domain,code,,sp_unigram,32768,4,123602
train,domain,code,,sp_unigram,32768,5,79230
train,domain,code,,sp_unigram,32768,6,65416
train,domain,code,,sp_unigram,32768,7,47729
train,domain,code,,sp_unigram,32768,8,23546
train,domain,code,,sp_unigram,32768,9,18676
train,domain,code,,sp_unigram,32768,10,7443
train,domain,code,,sp_unigram,32768,11,6619
train,domain,code,,sp_unigram,32768,12,1557
train,domain,code,,sp_unigram,32768,13,1171
train,domain,code,,sp_unigram,32768,14,377
train,domain,code,,sp_unigram,32768,15,561
train,domain,code,,sp_unigram,32768,16,1207
train,domain,cyrillic_african,,sp_unigram,32768,1,68428
train,domain,cyrillic_african,,sp_unigram,32768,2,53349
train,domain,cyrillic_african,,sp_unigram,32768,3,90555
train,domain,cyrillic_african,,sp_unigram,32768,4,56244
train,domain,cyrillic_african,,sp_unigram,32768,5,24247
train,domain,cyrillic_african,,sp_unigram,32768,6,37559
train,domain,cyrillic_african,,sp_unigram,32768,7,18552
train,domain,cyrillic_african,,sp_unigram,32768,8,9541
train,domain,cyrillic_african,,sp_unigram,32768,9,6966
train,domain,cyrillic_african,,sp_unigram,32768,10,6559
train,domain,cyrillic_african,,sp_unigram,32768,11,3073
train,domain,cyrillic_african,,sp_unigram,32768,12,2307
train,domain,cyrillic_african,,sp_unigram,32768,13,2531
train,domain,cyrillic_african,,sp_unigram,32768,14,390
train,domain,cyrillic_african,,sp_unigram,32768,15,1494
train,domain,cyrillic_african,,sp_unigram,32768,16,375
train,domain,cyrillic_african,,sp_unigram,32768,17,661
train,domain,cyrillic_african,,sp_unigram,32768,18,157
train,domain,cyrillic_african,,sp_unigram,32768,19,273
train,domain,cyrillic_african,,sp_unigram,32768,20,39
train,domain,cyrillic_african,,sp_unigram,32768,21,148
train,domain,cyrillic_african,,sp_unigram,32768,23,19
train,domain,cyrillic_african,,sp_unigram,32768,25,10
train,domain,indic_cjk_arabic,,sp_unigram,32768,1,158641
train,domain,indic_cjk_arabic,,sp_unigram,32768,2,63769
train,domain,indic_cjk_arabic,,sp_unigram,32768,3,288075
train,domain,indic_cjk_arabic,,sp_unigram,32768,4,67621
train,domain,indic_cjk_arabic,,sp_unigram,32768,5,30985
train,domain,indic_cjk_arabic,,sp_unigram,32768,6,151429
train,domain,indic_cjk_arabic,,sp_unigram,32768,7,46996
train,domain,indic_cjk_arabic,,sp_unigram,32768,8,3762
train,domain,indic_cjk_arabic,,sp_unigram,32768,9,52293
train,domain,indic_cjk_arabic,,sp_unigram,32768,10,17406
train,domain,indic_cjk_arabic,,sp_unigram,32768,11,3886
train,domain,indic_cjk_arabic,,sp_unigram,32768,12,16856
train,domain,indic_cjk_arabic,,sp_unigram,32768,13,15153
train,domain,indic_cjk_arabic,,sp_unigram,32768,14,108
train,domain,indic_cjk_arabic,,sp_unigram,32768,15,8092
train,domain,indic_cjk_arabic,,sp_unigram,32768,16,7041
train,domain,indic_cjk_arabic,,sp_unigram,32768,17,33
train,domain,indic_cjk_arabic,,sp_unigram,32768,18,3368
train,domain,indic_cjk_arabic,,sp_unigram,32768,19,3626
train,domain,indic_cjk_arabic,,sp_unigram,32768,21,1572
train,domain,indic_cjk_arabic,,sp_unigram,32768,22,1368
train,domain,indic_cjk_arabic,,sp_unigram,32768,24,690
train,domain,indic_cjk_arabic,,sp_unigram,32768,25,481
train,domain,indic_cjk_arabic,,sp_unigram,32768,26,49
train,domain,indic_cjk_arabic,,sp_unigram,32768,27,322
train,domain,indic_cjk_arabic,,sp_unigram,32768,28,220
train,domain,indic_cjk_arabic,,sp_unigram,32768,30,21
train,domain,indic_cjk_arabic,,sp_unigram,32768,31,42
train,domain,indic_cjk_arabic,,sp_unigram,32768,33,68
train,domain,indic_cjk_arabic,,sp_unigram,32768,36,27
train,domain,indic_cjk_arabic,,sp_unigram,32768,42,86
train,domain,latin_english,,sp_unigram,32768,1,7765
train,domain,latin_english,,sp_unigram,32768,2,4019
train,domain,latin_english,,sp_unigram,32768,3,6531
train,domain,latin_english,,sp_unigram,32768,4,5396
train,domain,latin_english,,sp_unigram,32768,5,3742
train,domain,latin_english,,sp_unigram,32768,6,2220
train,domain,latin_english,,sp_unigram,32768,7,1739
train,domain,latin_english,,sp_unigram,32768,8,1177
train,domain,latin_english,,sp_unigram,32768,9,795
train,domain,latin_english,,sp_unigram,32768,10,521
train,domain,latin_english,,sp_unigram,32768,11,286
train,domain,latin_english,,sp_unigram,32768,12,147
train,domain,latin_english,,sp_unigram,32768,13,43
train,domain,latin_english,,sp_unigram,32768,14,30
train,domain,latin_english,,sp_unigram,32768,15,6
train,aggregate,,,sp_unigram,32768,1,1015292
train,aggregate,,,sp_unigram,32768,2,406287
train,aggregate,,,sp_unigram,32768,3,573673
train,aggregate,,,sp_unigram,32768,4,252863
train,aggregate,,,sp_unigram,32768,5,138204
train,aggregate,,,sp_unigram,32768,6,256624
train,aggregate,,,sp_unigram,32768,7,115016
train,aggregate,,,sp_unigram,32768,8,38026
train,aggregate,,,sp_unigram,32768,9,78730
train,aggregate,,,sp_unigram,32768,10,31929
train,aggregate,,,sp_unigram,32768,11,13864
train,aggregate,,,sp_unigram,32768,12,20867
train,aggregate,,,sp_unigram,32768,13,18898
train,aggregate,,,sp_unigram,32768,14,905
train,aggregate,,,sp_unigram,32768,15,10153
train,aggregate,,,sp_unigram,32768,16,8623
train,aggregate,,,sp_unigram,32768,17,694
train,aggregate,,,sp_unigram,32768,18,3525
train,aggregate,,,sp_unigram,32768,19,3899
train,aggregate,,,sp_unigram,32768,20,39
train,aggregate,,,sp_unigram,32768,21,1720
train,aggregate,,,sp_unigram,32768,22,1368
train,aggregate,,,sp_unigram,32768,23,19
train,aggregate,,,sp_unigram,32768,24,690
train,aggregate,,,sp_unigram,32768,25,491
train,aggregate,,,sp_unigram,32768,26,49
train,aggregate,,,sp_unigram,32768,27,322
train,aggregate,,,sp_unigram,32768,28,220
train,aggregate,,,sp_unigram,32768,30,21
train,aggregate,,,sp_unigram,32768,31,42
train,aggregate,,,sp_unigram,32768,33,68
train,aggregate,,,sp_unigram,32768,36,27
train,aggregate,,,sp_unigram,32768,42,86
validation,stratum,flores200,am,sp_unigram,32768,1,3093
validation,stratum,flores200,am,sp_unigram,32768,2,234
validation,stratum,flores200,am,sp_unigram,32768,3,13218
validation,stratum,flores200,am,sp_unigram,32768,4,2185
validation,stratum,flores200,am,sp_unigram,32768,5,13
validation,stratum,flores200,am,sp_unigram,32768,6,3690
validation,stratum,flores200,am,sp_unigram,32768,7,1626
validation,stratum,flores200,am,sp_unigram,32768,9,678
validation,stratum,flores200,am,sp_unigram,32768,10,886
validation,stratum,flores200,am,sp_unigram,32768,11,1
validation,stratum,flores200,am,sp_unigram,32768,12,280
validation,stratum,flores200,am,sp_unigram,32768,13,255
validation,stratum,flores200,am,sp_unigram,32768,15,77
validation,stratum,flores200,am,sp_unigram,32768,16,50
validation,stratum,flores200,am,sp_unigram,32768,18,9
validation,stratum,flores200,am,sp_unigram,32768,19,17
validation,stratum,flores200,am,sp_unigram,32768,21,1
validation,stratum,flores200,ar,sp_unigram,32768,1,2977
validation,stratum,flores200,ar,sp_unigram,32768,2,5349
validation,stratum,flores200,ar,sp_unigram,32768,3,1353
validation,stratum,flores200,ar,sp_unigram,32768,4,7387
validation,stratum,flores200,ar,sp_unigram,32768,5,2315
validation,stratum,flores200,ar,sp_unigram,32768,6,1900
validation,stratum,flores200,ar,sp_unigram,32768,7,2026
validation,stratum,flores200,ar,sp_unigram,32768,8,517
validation,stratum,flores200,ar,sp_unigram,32768,9,497
validation,stratum,flores200,ar,sp_unigram,32768,10,240
validation,stratum,flores200,ar,sp_unigram,32768,11,180
validation,stratum,flores200,ar,sp_unigram,32768,12,31
validation,stratum,flores200,ar,sp_unigram,32768,13,82
validation,stratum,flores200,ar,sp_unigram,32768,14,18
validation,stratum,flores200,ar,sp_unigram,32768,15,19
validation,stratum,flores200,ar,sp_unigram,32768,16,4
validation,stratum,flores200,ar,sp_unigram,32768,17,12
validation,stratum,flores200,ar,sp_unigram,32768,19,1
validation,stratum,flores200,bg,sp_unigram,32768,1,3888
validation,stratum,flores200,bg,sp_unigram,32768,2,3489
validation,stratum,flores200,bg,sp_unigram,32768,3,1584
validation,stratum,flores200,bg,sp_unigram,32768,4,5520
validation,stratum,flores200,bg,sp_unigram,32768,5,2940
validation,stratum,flores200,bg,sp_unigram,32768,6,3025
validation,stratum,flores200,bg,sp_unigram,32768,7,832
validation,stratum,flores200,bg,sp_unigram,32768,8,1414
validation,stratum,flores200,bg,sp_unigram,32768,9,708
validation,stratum,flores200,bg,sp_unigram,32768,10,401
validation,stratum,flores200,bg,sp_unigram,32768,11,501
validation,stratum,flores200,bg,sp_unigram,32768,12,205
validation,stratum,flores200,bg,sp_unigram,32768,13,254
validation,stratum,flores200,bg,sp_unigram,32768,14,13
validation,stratum,flores200,bg,sp_unigram,32768,15,124
validation,stratum,flores200,bg,sp_unigram,32768,16,15
validation,stratum,flores200,bg,sp_unigram,32768,17,102
validation,stratum,flores200,bg,sp_unigram,32768,18,4
validation,stratum,flores200,bg,sp_unigram,32768,19,32
validation,stratum,flores200,bg,sp_unigram,32768,20,10
validation,stratum,flores200,bg,sp_unigram,32768,21,18
validation,stratum,flores200,bg,sp_unigram,32768,23,2
validation,stratum,flores200,bg,sp_unigram,32768,25,2
validation,stratum,flores200,bn,sp_unigram,32768,1,4139
validation,stratum,flores200,bn,sp_unigram,32768,2,155
validation,stratum,flores200,bn,sp_unigram,32768,3,8854
validation,stratum,flores200,bn,sp_unigram,32768,4,522
validation,stratum,flores200,bn,sp_unigram,32768,5,7
validation,stratum,flores200,bn,sp_unigram,32768,6,6353
validation,stratum,flores200,bn,sp_unigram,32768,7,1207
validation,stratum,flores200,bn,sp_unigram,32768,9,2637
validation,stratum,flores200,bn,sp_unigram,32768,10,1360
validation,stratum,flores200,bn,sp_unigram,32768,12,707
validation,stratum,flores200,bn,sp_unigram,32768,13,1204
validation,stratum,flores200,bn,sp_unigram,32768,15,263
validation,stratum,flores200,bn,sp_unigram,32768,16,348
validation,stratum,flores200,bn,sp_unigram,32768,18,39
validation,stratum,flores200,bn,sp_unigram,32768,19,199
validation,stratum,flores200,bn,sp_unigram,32768,21,49
validation,stratum,flores200,bn,sp_unigram,32768,22,70
validation,stratum,flores200,bn,sp_unigram,32768,24,30
validation,stratum,flores200,bn,sp_unigram,32768,25,54
validation,stratum,flores200,bn,sp_unigram,32768,27,4
validation,stratum,flores200,bn,sp_unigram,32768,28,4
validation,stratum,flores200,bn,sp_unigram,32768,42,5
validation,stratum,flores200,fa,sp_unigram,32768,1,3224
validation,stratum,flores200,fa,sp_unigram,32768,2,4515
validation,stratum,flores200,fa,sp_unigram,32768,3,1580
validation,stratum,flores200,fa,sp_unigram,32768,4,5610
validation,stratum,flores200,fa,sp_unigram,32768,5,3337
validation,stratum,flores200,fa,sp_unigram,32768,6,1847
validation,stratum,flores200,fa,sp_unigram,32768,7,1938
validation,stratum,flores200,fa,sp_unigram,32768,8,575
validation,stratum,flores200,fa,sp_unigram,32768,9,1489
validation,stratum,flores200,fa,sp_unigram,32768,10,159
validation,stratum,flores200,fa,sp_unigram,32768,11,756
validation,stratum,flores200,fa,sp_unigram,32768,12,46
validation,stratum,flores200,fa,sp_unigram,32768,13,121
validation,stratum,flores200,fa,sp_unigram,32768,14,82
validation,stratum,flores200,fa,sp_unigram,32768,15,65
validation,stratum,flores200,fa,sp_unigram,32768,16,69
validation,stratum,flores200,fa,sp_unigram,32768,18,5
validation,stratum,flores200,fa,sp_unigram,32768,26,1
validation,stratum,flores200,gu,sp_unigram,32768,1,4390
validation,stratum,flores200,gu,sp_unigram,32768,2,198
validation,stratum,flores200,gu,sp_unigram,32768,3,7867
validation,stratum,flores200,gu,sp_unigram,32768,4,690
validation,stratum,flores200,gu,sp_unigram,32768,5,14
validation,stratum,flores200,gu,sp_unigram,32768,6,6775
validation,stratum,flores200,gu,sp_unigram,32768,7,1771
validation,stratum,flores200,gu,sp_unigram,32768,9,1984
validation,stratum,flores200,gu,sp_unigram,32768,10,1498
validation,stratum,flores200,gu,sp_unigram,32768,12,261
validation,stratum,flores200,gu,sp_unigram,32768,13,883
validation,stratum,flores200,gu,sp_unigram,32768,15,215
validation,stratum,flores200,gu,sp_unigram,32768,16,344
validation,stratum,flores200,gu,sp_unigram,32768,18,42
validation,stratum,flores200,gu,sp_unigram,32768,19,143
validation,stratum,flores200,gu,sp_unigram,32768,22,23
validation,stratum,flores200,gu,sp_unigram,32768,25,5
validation,stratum,flores200,hi,sp_unigram,32768,1,3294
validation,stratum,flores200,hi,sp_unigram,32768,2,162
validation,stratum,flores200,hi,sp_unigram,32768,3,6351
validation,stratum,flores200,hi,sp_unigram,32768,4,911
validation,stratum,flores200,hi,sp_unigram,32768,5,15
validation,stratum,flores200,hi,sp_unigram,32768,6,5465
validation,stratum,flores200,hi,sp_unigram,32768,7,4273
validation,stratum,flores200,hi,sp_unigram,32768,8,1
validation,stratum,flores200,hi,sp_unigram,32768,9,1635
validation,stratum,flores200,hi,sp_unigram,32768,10,1710
validation,stratum,flores200,hi,sp_unigram,32768,12,194
validation,stratum,flores200,hi,sp_unigram,32768,13,991
validation,stratum,flores200,hi,sp_unigram,32768,15,109
validation,stratum,flores200,hi,sp_unigram,32768,16,275
validation,stratum,flores200,hi,sp_unigram,32768,18,48
validation,stratum,flores200,hi,sp_unigram,32768,19,148
validation,stratum,flores200,hi,sp_unigram,32768,21,69
validation,stratum,flores200,hi,sp_unigram,32768,22,18
validation,stratum,flores200,hi,sp_unigram,32768,24,5
validation,stratum,flores200,hi,sp_unigram,32768,25,20
validation,stratum,flores200,hi,sp_unigram,32768,27,1
validation,stratum,flores200,hi,sp_unigram,32768,28,12
validation,stratum,flores200,ja,sp_unigram,32768,1,393
validation,stratum,flores200,ja,sp_unigram,32768,2,184
validation,stratum,flores200,ja,sp_unigram,32768,3,17014
validation,stratum,flores200,ja,sp_unigram,32768,4,17
validation,stratum,flores200,ja,sp_unigram,32768,5,9
validation,stratum,flores200,ja,sp_unigram,32768,6,2916
validation,stratum,flores200,ja,sp_unigram,32768,7,3
validation,stratum,flores200,ja,sp_unigram,32768,9,644
validation,stratum,flores200,ja,sp_unigram,32768,10,1
validation,stratum,flores200,ja,sp_unigram,32768,12,186
validation,stratum,flores200,ja,sp_unigram,32768,15,105
validation,stratum,flores200,ja,sp_unigram,32768,18,10
validation,stratum,flores200,ja,sp_unigram,32768,21,6
validation,stratum,flores200,kn,sp_unigram,32768,1,4426
validation,stratum,flores200,kn,sp_unigram,32768,2,253
validation,stratum,flores200,kn,sp_unigram,32768,3,8222
validation,stratum,flores200,kn,sp_unigram,32768,4,1505
validation,stratum,flores200,kn,sp_unigram,32768,5,16
validation,stratum,flores200,kn,sp_unigram,32768,6,7733
validation,stratum,flores200,kn,sp_unigram,32768,7,566
validation,stratum,flores200,kn,sp_unigram,32768,9,2661
validation,stratum,flores200,kn,sp_unigram,32768,10,858
validation,stratum,flores200,kn,sp_unigram,32768,12,1199
validation,stratum,flores200,kn,sp_unigram,32768,13,746
validation,stratum,flores200,kn,sp_unigram,32768,15,845
validation,stratum,flores200,kn,sp_unigram,32768,16,623
validation,stratum,flores200,kn,sp_unigram,32768,18,521
validation,stratum,flores200,kn,sp_unigram,32768,19,116
validation,stratum,flores200,kn,sp_unigram,32768,21,159
validation,stratum,flores200,kn,sp_unigram,32768,22,23
validation,stratum,flores200,kn,sp_unigram,32768,24,87
validation,stratum,flores200,kn,sp_unigram,32768,27,24
validation,stratum,flores200,ko,sp_unigram,32768,1,5826
validation,stratum,flores200,ko,sp_unigram,32768,2,310
validation,stratum,flores200,ko,sp_unigram,32768,3,14410
validation,stratum,flores200,ko,sp_unigram,32768,4,1214
validation,stratum,flores200,ko,sp_unigram,32768,5,27
validation,stratum,flores200,ko,sp_unigram,32768,6,1666
validation,stratum,flores200,ko,sp_unigram,32768,7,975
validation,stratum,flores200,ko,sp_unigram,32768,8,2
validation,stratum,flores200,ko,sp_unigram,32768,9,313
validation,stratum,flores200,ko,sp_unigram,32768,10,133
validation,stratum,flores200,ko,sp_unigram,32768,12,56
validation,stratum,flores200,ko,sp_unigram,32768,13,92
validation,stratum,flores200,ko,sp_unigram,32768,15,11
validation,stratum,flores200,ml,sp_unigram,32768,1,4618
validation,stratum,flores200,ml,sp_unigram,32768,2,220
validation,stratum,flores200,ml,sp_unigram,32768,3,9739
validation,stratum,flores200,ml,sp_unigram,32768,4,1507
validation,stratum,flores200,ml,sp_unigram,32768,5,15
validation,stratum,flores200,ml,sp_unigram,32768,6,6758
validation,stratum,flores200,ml,sp_unigram,32768,7,535
validation,stratum,flores200,ml,sp_unigram,32768,9,3702
validation,stratum,flores200,ml,sp_unigram,32768,10,617
validation,stratum,flores200,ml,sp_unigram,32768,12,2017
validation,stratum,flores200,ml,sp_unigram,32768,13,238
validation,stratum,flores200,ml,sp_unigram,32768,15,905
validation,stratum,flores200,ml,sp_unigram,32768,16,176
validation,stratum,flores200,ml,sp_unigram,32768,18,554
validation,stratum,flores200,ml,sp_unigram,32768,19,227
validation,stratum,flores200,ml,sp_unigram,32768,21,245
validation,stratum,flores200,ml,sp_unigram,32768,22,28
validation,stratum,flores200,ml,sp_unigram,32768,24,192
validation,stratum,flores200,ml,sp_unigram,32768,25,56
validation,stratum,flores200,ml,sp_unigram,32768,27,145
validation,stratum,flores200,ml,sp_unigram,32768,28,47
validation,stratum,flores200,ml,sp_unigram,32768,30,24
validation,stratum,flores200,ml,sp_unigram,32768,31,9
validation,stratum,flores200,ml,sp_unigram,32768,36,10
validation,stratum,flores200,mr,sp_unigram,32768,1,4112
validation,stratum,flores200,mr,sp_unigram,32768,2,227
validation,stratum,flores200,mr,sp_unigram,32768,3,7209
validation,stratum,flores200,mr,sp_unigram,32768,4,814
validation,stratum,flores200,mr,sp_unigram,32768,5,9
validation,stratum,flores200,mr,sp_unigram,32768,6,6564
validation,stratum,flores200,mr,sp_unigram,32768,7,1648
validation,stratum,flores200,mr,sp_unigram,32768,9,2304
validation,stratum,flores200,mr,sp_unigram,32768,10,1174
validation,stratum,flores200,mr,sp_unigram,32768,12,941
validation,stratum,flores200,mr,sp_unigram,32768,13,1188
validation,stratum,flores200,mr,sp_unigram,32768,15,506
validation,stratum,flores200,mr,sp_unigram,32768,16,353
validation,stratum,flores200,mr,sp_unigram,32768,18,220
validation,stratum,flores200,mr,sp_unigram,32768,19,323
validation,stratum,flores200,mr,sp_unigram,32768,21,78
validation,stratum,flores200,mr,sp_unigram,32768,22,122
validation,stratum,flores200,mr,sp_unigram,32768,24,39
validation,stratum,flores200,mr,sp_unigram,32768,25,69
validation,stratum,flores200,mr,sp_unigram,32768,28,34
validation,stratum,flores200,mr,sp_unigram,32768,31,19
validation,stratum,flores200,mr,sp_unigram,32768,36,2
validation,stratum,flores200,ru,sp_unigram,32768,1,4255
validation,stratum,flores200,ru,sp_unigram,32768,2,4501
validation,stratum,flores200,ru,sp_unigram,32768,3,1652
validation,stratum,flores200,ru,sp_unigram,32768,4,6550
validation,stratum,flores200,ru,sp_unigram,32768,5,1702
validation,stratum,flores200,ru,sp_unigram,32768,6,3666
validation,stratum,flores200,ru,sp_unigram,32768,7,1051
validation,stratum,flores200,ru,sp_unigram,32768,8,1364
validation,stratum,flores200,ru,sp_unigram,32768,9,530
validation,stratum,flores200,ru,sp_unigram,32768,10,539
validation,stratum,flores200,ru,sp_unigram,32768,11,660
validation,stratum,flores200,ru,sp_unigram,32768,12,161
validation,stratum,flores200,ru,sp_unigram,32768,13,259
validation,stratum,flores200,ru,sp_unigram,32768,14,125
validation,stratum,flores200,ru,sp_unigram,32768,15,154
validation,stratum,flores200,ru,sp_unigram,32768,16,23
validation,stratum,flores200,ru,sp_unigram,32768,17,94
validation,stratum,flores200,ru,sp_unigram,32768,18,9
validation,stratum,flores200,ru,sp_unigram,32768,19,70
validation,stratum,flores200,ru,sp_unigram,32768,20,5
validation,stratum,flores200,ru,sp_unigram,32768,21,48
validation,stratum,flores200,ru,sp_unigram,32768,23,2
validation,stratum,flores200,ru,sp_unigram,32768,25,6
validation,stratum,flores200,sw,sp_unigram,32768,1,4646
validation,stratum,flores200,sw,sp_unigram,32768,2,4016
validation,stratum,flores200,sw,sp_unigram,32768,3,6278
validation,stratum,flores200,sw,sp_unigram,32768,4,2239
validation,stratum,flores200,sw,sp_unigram,32768,5,1571
validation,stratum,flores200,sw,sp_unigram,32768,6,1039
validation,stratum,flores200,sw,sp_unigram,32768,7,1090
validation,stratum,flores200,sw,sp_unigram,32768,8,353
validation,stratum,flores200,sw,sp_unigram,32768,9,136
validation,stratum,flores200,sw,sp_unigram,32768,10,57
validation,stratum,flores200,sw,sp_unigram,32768,11,14
validation,stratum,flores200,sw,sp_unigram,32768,12,2
validation,stratum,flores200,sw,sp_unigram,32768,13,1
validation,stratum,flores200,ta,sp_unigram,32768,1,4227
validation,stratum,flores200,ta,sp_unigram,32768,2,241
validation,stratum,flores200,ta,sp_unigram,32768,3,5267
validation,stratum,flores200,ta,sp_unigram,32768,4,1878
validation,stratum,flores200,ta,sp_unigram,32768,5,14
validation,stratum,flores200,ta,sp_unigram,32768,6,7243
validation,stratum,flores200,ta,sp_unigram,32768,7,708
validation,stratum,flores200,ta,sp_unigram,32768,8,2
validation,stratum,flores200,ta,sp_unigram,32768,9,3697
validation,stratum,flores200,ta,sp_unigram,32768,10,617
validation,stratum,flores200,ta,sp_unigram,32768,11,1
validation,stratum,flores200,ta,sp_unigram,32768,12,1952
validation,stratum,flores200,ta,sp_unigram,32768,13,521
validation,stratum,flores200,ta,sp_unigram,32768,15,980
validation,stratum,flores200,ta,sp_unigram,32768,16,318
validation,stratum,flores200,ta,sp_unigram,32768,18,520
validation,stratum,flores200,ta,sp_unigram,32768,19,333
validation,stratum,flores200,ta,sp_unigram,32768,21,114
validation,stratum,flores200,ta,sp_unigram,32768,22,228
validation,stratum,flores200,ta,sp_unigram,32768,24,106
validation,stratum,flores200,ta,sp_unigram,32768,25,14
validation,stratum,flores200,ta,sp_unigram,32768,27,109
validation,stratum,flores200,ta,sp_unigram,32768,28,42
validation,stratum,flores200,ta,sp_unigram,32768,30,15
validation,stratum,flores200,ta,sp_unigram,32768,31,23
validation,stratum,flores200,te,sp_unigram,32768,1,5201
validation,stratum,flores200,te,sp_unigram,32768,2,340
validation,stratum,flores200,te,sp_unigram,32768,3,6276
validation,stratum,flores200,te,sp_unigram,32768,4,1405
validation,stratum,flores200,te,sp_unigram,32768,5,35
validation,stratum,flores200,te,sp_unigram,32768,6,10365
validation,stratum,flores200,te,sp_unigram,32768,7,409
validation,stratum,flores200,te,sp_unigram,32768,8,4
validation,stratum,flores200,te,sp_unigram,32768,9,2434
validation,stratum,flores200,te,sp_unigram,32768,10,602
validation,stratum,flores200,te,sp_unigram,32768,12,814
validation,stratum,flores200,te,sp_unigram,32768,13,631
validation,stratum,flores200,te,sp_unigram,32768,15,413
validation,stratum,flores200,te,sp_unigram,32768,16,381
validation,stratum,flores200,te,sp_unigram,32768,18,266
validation,stratum,flores200,te,sp_unigram,32768,19,240
validation,stratum,flores200,te,sp_unigram,32768,21,79
validation,stratum,flores200,te,sp_unigram,32768,22,110
validation,stratum,flores200,te,sp_unigram,32768,24,28
validation,stratum,flores200,te,sp_unigram,32768,25,14
validation,stratum,flores200,te,sp_unigram,32768,27,3
validation,stratum,flores200,te,sp_unigram,32768,28,34
validation,stratum,flores200,uk,sp_unigram,32768,1,4418
validation,stratum,flores200,uk,sp_unigram,32768,2,4701
validation,stratum,flores200,uk,sp_unigram,32768,3,1472
validation,stratum,flores200,uk,sp_unigram,32768,4,7125
validation,stratum,flores200,uk,sp_unigram,32768,5,2020
validation,stratum,flores200,uk,sp_unigram,32768,6,3564
validation,stratum,flores200,uk,sp_unigram,32768,7,1175
validation,stratum,flores200,uk,sp_unigram,32768,8,1130
validation,stratum,flores200,uk,sp_unigram,32768,9,602
validation,stratum,flores200,uk,sp_unigram,32768,10,542
validation,stratum,flores200,uk,sp_unigram,32768,11,441
validation,stratum,flores200,uk,sp_unigram,32768,12,213
validation,stratum,flores200,uk,sp_unigram,32768,13,234
validation,stratum,flores200,uk,sp_unigram,32768,14,64
validation,stratum,flores200,uk,sp_unigram,32768,15,77
validation,stratum,flores200,uk,sp_unigram,32768,16,10
validation,stratum,flores200,uk,sp_unigram,32768,17,64
validation,stratum,flores200,uk,sp_unigram,32768,18,7
validation,stratum,flores200,uk,sp_unigram,32768,19,13
validation,stratum,flores200,uk,sp_unigram,32768,20,6
validation,stratum,flores200,uk,sp_unigram,32768,21,6
validation,stratum,flores200,uk,sp_unigram,32768,23,12
validation,stratum,flores200,ur,sp_unigram,32768,1,2842
validation,stratum,flores200,ur,sp_unigram,32768,2,5188
validation,stratum,flores200,ur,sp_unigram,32768,3,833
validation,stratum,flores200,ur,sp_unigram,32768,4,5479
validation,stratum,flores200,ur,sp_unigram,32768,5,4623
validation,stratum,flores200,ur,sp_unigram,32768,6,1401
validation,stratum,flores200,ur,sp_unigram,32768,7,2771
validation,stratum,flores200,ur,sp_unigram,32768,8,245
validation,stratum,flores200,ur,sp_unigram,32768,9,1443
validation,stratum,flores200,ur,sp_unigram,32768,10,84
validation,stratum,flores200,ur,sp_unigram,32768,11,523
validation,stratum,flores200,ur,sp_unigram,32768,12,17
validation,stratum,flores200,ur,sp_unigram,32768,13,91
validation,stratum,flores200,ur,sp_unigram,32768,14,6
validation,stratum,flores200,ur,sp_unigram,32768,15,33
validation,stratum,flores200,ur,sp_unigram,32768,17,4
validation,stratum,flores200,yo,sp_unigram,32768,1,12602
validation,stratum,flores200,yo,sp_unigram,32768,2,9869
validation,stratum,flores200,yo,sp_unigram,32768,3,4616
validation,stratum,flores200,yo,sp_unigram,32768,4,2562
validation,stratum,flores200,yo,sp_unigram,32768,5,2386
validation,stratum,flores200,yo,sp_unigram,32768,6,702
validation,stratum,flores200,yo,sp_unigram,32768,7,239
validation,stratum,flores200,yo,sp_unigram,32768,8,540
validation,stratum,flores200,yo,sp_unigram,32768,9,45
validation,stratum,flores200,yo,sp_unigram,32768,10,19
validation,stratum,flores200,yo,sp_unigram,32768,11,10
validation,stratum,flores200,yo,sp_unigram,32768,12,2
validation,stratum,flores200,yo,sp_unigram,32768,13,2
validation,stratum,flores200,yo,sp_unigram,32768,14,1
validation,stratum,flores200,yo,sp_unigram,32768,16,1
validation,stratum,flores200,zh,sp_unigram,32768,1,1584
validation,stratum,flores200,zh,sp_unigram,32768,2,375
validation,stratum,flores200,zh,sp_unigram,32768,3,15481
validation,stratum,flores200,zh,sp_unigram,32768,4,64
validation,stratum,flores200,zh,sp_unigram,32768,5,34
validation,stratum,flores200,zh,sp_unigram,32768,6,1186
validation,stratum,flores200,zh,sp_unigram,32768,7,5
validation,stratum,flores200,zh,sp_unigram,32768,8,1
validation,stratum,flores200,zh,sp_unigram,32768,9,17
validation,stratum,flores200,zh,sp_unigram,32768,10,2
validation,stratum,flores200,zh,sp_unigram,32768,11,1
validation,language,,am,sp_unigram,32768,1,3093
validation,language,,am,sp_unigram,32768,2,234
validation,language,,am,sp_unigram,32768,3,13218
validation,language,,am,sp_unigram,32768,4,2185
validation,language,,am,sp_unigram,32768,5,13
validation,language,,am,sp_unigram,32768,6,3690
validation,language,,am,sp_unigram,32768,7,1626
validation,language,,am,sp_unigram,32768,9,678
validation,language,,am,sp_unigram,32768,10,886
validation,language,,am,sp_unigram,32768,11,1
validation,language,,am,sp_unigram,32768,12,280
validation,language,,am,sp_unigram,32768,13,255
validation,language,,am,sp_unigram,32768,15,77
validation,language,,am,sp_unigram,32768,16,50
validation,language,,am,sp_unigram,32768,18,9
validation,language,,am,sp_unigram,32768,19,17
validation,language,,am,sp_unigram,32768,21,1
validation,language,,ar,sp_unigram,32768,1,2977
validation,language,,ar,sp_unigram,32768,2,5349
validation,language,,ar,sp_unigram,32768,3,1353
validation,language,,ar,sp_unigram,32768,4,7387
validation,language,,ar,sp_unigram,32768,5,2315
validation,language,,ar,sp_unigram,32768,6,1900
validation,language,,ar,sp_unigram,32768,7,2026
validation,language,,ar,sp_unigram,32768,8,517
validation,language,,ar,sp_unigram,32768,9,497
validation,language,,ar,sp_unigram,32768,10,240
validation,language,,ar,sp_unigram,32768,11,180
validation,language,,ar,sp_unigram,32768,12,31
validation,language,,ar,sp_unigram,32768,13,82
validation,language,,ar,sp_unigram,32768,14,18
validation,language,,ar,sp_unigram,32768,15,19
validation,language,,ar,sp_unigram,32768,16,4
validation,language,,ar,sp_unigram,32768,17,12
validation,language,,ar,sp_unigram,32768,19,1
validation,language,,bg,sp_unigram,32768,1,3888
validation,language,,bg,sp_unigram,32768,2,3489
validation,language,,bg,sp_unigram,32768,3,1584
validation,language,,bg,sp_unigram,32768,4,5520
validation,language,,bg,sp_unigram,32768,5,2940
validation,language,,bg,sp_unigram,32768,6,3025
validation,language,,bg,sp_unigram,32768,7,832
validation,language,,bg,sp_unigram,32768,8,1414
validation,language,,bg,sp_unigram,32768,9,708
validation,language,,bg,sp_unigram,32768,10,401
validation,language,,bg,sp_unigram,32768,11,501
validation,language,,bg,sp_unigram,32768,12,205
validation,language,,bg,sp_unigram,32768,13,254
validation,language,,bg,sp_unigram,32768,14,13
validation,language,,bg,sp_unigram,32768,15,124
validation,language,,bg,sp_unigram,32768,16,15
validation,language,,bg,sp_unigram,32768,17,102
validation,language,,bg,sp_unigram,32768,18,4
validation,language,,bg,sp_unigram,32768,19,32
validation,language,,bg,sp_unigram,32768,20,10
validation,language,,bg,sp_unigram,32768,21,18
validation,language,,bg,sp_unigram,32768,23,2
validation,language,,bg,sp_unigram,32768,25,2
validation,language,,bn,sp_unigram,32768,1,4139
validation,language,,bn,sp_unigram,32768,2,155
validation,language,,bn,sp_unigram,32768,3,8854
validation,language,,bn,sp_unigram,32768,4,522
validation,language,,bn,sp_unigram,32768,5,7
validation,language,,bn,sp_unigram,32768,6,6353
validation,language,,bn,sp_unigram,32768,7,1207
validation,language,,bn,sp_unigram,32768,9,2637
validation,language,,bn,sp_unigram,32768,10,1360
validation,language,,bn,sp_unigram,32768,12,707
validation,language,,bn,sp_unigram,32768,13,1204
validation,language,,bn,sp_unigram,32768,15,263
validation,language,,bn,sp_unigram,32768,16,348
validation,language,,bn,sp_unigram,32768,18,39
validation,language,,bn,sp_unigram,32768,19,199
validation,language,,bn,sp_unigram,32768,21,49
validation,language,,bn,sp_unigram,32768,22,70
validation,language,,bn,sp_unigram,32768,24,30
validation,language,,bn,sp_unigram,32768,25,54
validation,language,,bn,sp_unigram,32768,27,4
validation,language,,bn,sp_unigram,32768,28,4
validation,language,,bn,sp_unigram,32768,42,5
validation,language,,fa,sp_unigram,32768,1,3224
validation,language,,fa,sp_unigram,32768,2,4515
validation,language,,fa,sp_unigram,32768,3,1580
validation,language,,fa,sp_unigram,32768,4,5610
validation,language,,fa,sp_unigram,32768,5,3337
validation,language,,fa,sp_unigram,32768,6,1847
validation,language,,fa,sp_unigram,32768,7,1938
validation,language,,fa,sp_unigram,32768,8,575
validation,language,,fa,sp_unigram,32768,9,1489
validation,language,,fa,sp_unigram,32768,10,159
validation,language,,fa,sp_unigram,32768,11,756
validation,language,,fa,sp_unigram,32768,12,46
validation,language,,fa,sp_unigram,32768,13,121
validation,language,,fa,sp_unigram,32768,14,82
validation,language,,fa,sp_unigram,32768,15,65
validation,language,,fa,sp_unigram,32768,16,69
validation,language,,fa,sp_unigram,32768,18,5
validation,language,,fa,sp_unigram,32768,26,1
validation,language,,gu,sp_unigram,32768,1,4390
validation,language,,gu,sp_unigram,32768,2,198
validation,language,,gu,sp_unigram,32768,3,7867
validation,language,,gu,sp_unigram,32768,4,690
validation,language,,gu,sp_unigram,32768,5,14
validation,language,,gu,sp_unigram,32768,6,6775
validation,language,,gu,sp_unigram,32768,7,1771
validation,language,,gu,sp_unigram,32768,9,1984
validation,language,,gu,sp_unigram,32768,10,1498
validation,language,,gu,sp_unigram,32768,12,261
validation,language,,gu,sp_unigram,32768,13,883
validation,language,,gu,sp_unigram,32768,15,215
validation,language,,gu,sp_unigram,32768,16,344
validation,language,,gu,sp_unigram,32768,18,42
validation,language,,gu,sp_unigram,32768,19,143
validation,language,,gu,sp_unigram,32768,22,23
validation,language,,gu,sp_unigram,32768,25,5
validation,language,,hi,sp_unigram,32768,1,3294
validation,language,,hi,sp_unigram,32768,2,162
validation,language,,hi,sp_unigram,32768,3,6351
validation,language,,hi,sp_unigram,32768,4,911
validation,language,,hi,sp_unigram,32768,5,15
validation,language,,hi,sp_unigram,32768,6,5465
validation,language,,hi,sp_unigram,32768,7,4273
validation,language,,hi,sp_unigram,32768,8,1
validation,language,,hi,sp_unigram,32768,9,1635
validation,language,,hi,sp_unigram,32768,10,1710
validation,language,,hi,sp_unigram,32768,12,194
validation,language,,hi,sp_unigram,32768,13,991
validation,language,,hi,sp_unigram,32768,15,109
validation,language,,hi,sp_unigram,32768,16,275
validation,language,,hi,sp_unigram,32768,18,48
validation,language,,hi,sp_unigram,32768,19,148
validation,language,,hi,sp_unigram,32768,21,69
validation,language,,hi,sp_unigram,32768,22,18
validation,language,,hi,sp_unigram,32768,24,5
validation,language,,hi,sp_unigram,32768,25,20
validation,language,,hi,sp_unigram,32768,27,1
validation,language,,hi,sp_unigram,32768,28,12
validation,language,,ja,sp_unigram,32768,1,393
validation,language,,ja,sp_unigram,32768,2,184
validation,language,,ja,sp_unigram,32768,3,17014
validation,language,,ja,sp_unigram,32768,4,17
validation,language,,ja,sp_unigram,32768,5,9
validation,language,,ja,sp_unigram,32768,6,2916
validation,language,,ja,sp_unigram,32768,7,3
validation,language,,ja,sp_unigram,32768,9,644
validation,language,,ja,sp_unigram,32768,10,1
validation,language,,ja,sp_unigram,32768,12,186
validation,language,,ja,sp_unigram,32768,15,105
validation,language,,ja,sp_unigram,32768,18,10
validation,language,,ja,sp_unigram,32768,21,6
validation,language,,kn,sp_unigram,32768,1,4426
validation,language,,kn,sp_unigram,32768,2,253
validation,language,,kn,sp_unigram,32768,3,8222
validation,language,,kn,sp_unigram,32768,4,1505
validation,language,,kn,sp_unigram,32768,5,16
validation,language,,kn,sp_unigram,32768,6,7733
validation,language,,kn,sp_unigram,32768,7,566
validation,language,,kn,sp_unigram,32768,9,2661
validation,language,,kn,sp_unigram,32768,10,858
validation,language,,kn,sp_unigram,32768,12,1199
validation,language,,kn,sp_unigram,32768,13,746
validation,language,,kn,sp_unigram,32768,15,845
validation,language,,kn,sp_unigram,32768,16,623
validation,language,,kn,sp_unigram,32768,18,521
validation,language,,kn,sp_unigram,32768,19,116
validation,language,,kn,sp_unigram,32768,21,159
validation,language,,kn,sp_unigram,32768,22,23
validation,language,,kn,sp_unigram,32768,24,87
validation,language,,kn,sp_unigram,32768,27,24
validation,language,,ko,sp_unigram,32768,1,5826
validation,language,,ko,sp_unigram,32768,2,310
validation,language,,ko,sp_unigram,32768,3,14410
validation,language,,ko,sp_unigram,32768,4,1214
validation,language,,ko,sp_unigram,32768,5,27
validation,language,,ko,sp_unigram,32768,6,1666
validation,language,,ko,sp_unigram,32768,7,975
validation,language,,ko,sp_unigram,32768,8,2
validation,language,,ko,sp_unigram,32768,9,313
validation,language,,ko,sp_unigram,32768,10,133
validation,language,,ko,sp_unigram,32768,12,56
validation,language,,ko,sp_unigram,32768,13,92
validation,language,,ko,sp_unigram,32768,15,11
validation,language,,ml,sp_unigram,32768,1,4618
validation,language,,ml,sp_unigram,32768,2,220
validation,language,,ml,sp_unigram,32768,3,9739
validation,language,,ml,sp_unigram,32768,4,1507
validation,language,,ml,sp_unigram,32768,5,15
validation,language,,ml,sp_unigram,32768,6,6758
validation,language,,ml,sp_unigram,32768,7,535
validation,language,,ml,sp_unigram,32768,9,3702
validation,language,,ml,sp_unigram,32768,10,617
validation,language,,ml,sp_unigram,32768,12,2017
validation,language,,ml,sp_unigram,32768,13,238
validation,language,,ml,sp_unigram,32768,15,905
validation,language,,ml,sp_unigram,32768,16,176
validation,language,,ml,sp_unigram,32768,18,554
validation,language,,ml,sp_unigram,32768,19,227
validation,language,,ml,sp_unigram,32768,21,245
validation,language,,ml,sp_unigram,32768,22,28
validation,language,,ml,sp_unigram,32768,24,192
validation,language,,ml,sp_unigram,32768,25,56
validation,language,,ml,sp_unigram,32768,27,145
validation,language,,ml,sp_unigram,32768,28,47
validation,language,,ml,sp_unigram,32768,30,24
validation,language,,ml,sp_unigram,32768,31,9
validation,language,,ml,sp_unigram,32768,36,10
validation,language,,mr,sp_unigram,32768,1,4112
validation,language,,mr,sp_unigram,32768,2,227
validation,language,,mr,sp_unigram,32768,3,7209
validation,language,,mr,sp_unigram,32768,4,814
validation,language,,mr,sp_unigram,32768,5,9
validation,language,,mr,sp_unigram,32768,6,6564
validation,language,,mr,sp_unigram,32768,7,1648
validation,language,,mr,sp_unigram,32768,9,2304
validation,language,,mr,sp_unigram,32768,10,1174
validation,language,,mr,sp_unigram,32768,12,941
validation,language,,mr,sp_unigram,32768,13,1188
validation,language,,mr,sp_unigram,32768,15,506
validation,language,,mr,sp_unigram,32768,16,353
validation,language,,mr,sp_unigram,32768,18,220
validation,language,,mr,sp_unigram,32768,19,323
validation,language,,mr,sp_unigram,32768,21,78
validation,language,,mr,sp_unigram,32768,22,122
validation,language,,mr,sp_unigram,32768,24,39
validation,language,,mr,sp_unigram,32768,25,69
validation,language,,mr,sp_unigram,32768,28,34
validation,language,,mr,sp_unigram,32768,31,19
validation,language,,mr,sp_unigram,32768,36,2
validation,language,,ru,sp_unigram,32768,1,4255
validation,language,,ru,sp_unigram,32768,2,4501
validation,language,,ru,sp_unigram,32768,3,1652
validation,language,,ru,sp_unigram,32768,4,6550
validation,language,,ru,sp_unigram,32768,5,1702
validation,language,,ru,sp_unigram,32768,6,3666
validation,language,,ru,sp_unigram,32768,7,1051
validation,language,,ru,sp_unigram,32768,8,1364
validation,language,,ru,sp_unigram,32768,9,530
validation,language,,ru,sp_unigram,32768,10,539
validation,language,,ru,sp_unigram,32768,11,660
validation,language,,ru,sp_unigram,32768,12,161
validation,language,,ru,sp_unigram,32768,13,259
validation,language,,ru,sp_unigram,32768,14,125
validation,language,,ru,sp_unigram,32768,15,154
validation,language,,ru,sp_unigram,32768,16,23
validation,language,,ru,sp_unigram,32768,17,94
validation,language,,ru,sp_unigram,32768,18,9
validation,language,,ru,sp_unigram,32768,19,70
validation,language,,ru,sp_unigram,32768,20,5
validation,language,,ru,sp_unigram,32768,21,48
validation,language,,ru,sp_unigram,32768,23,2
validation,language,,ru,sp_unigram,32768,25,6
validation,language,,sw,sp_unigram,32768,1,4646
validation,language,,sw,sp_unigram,32768,2,4016
validation,language,,sw,sp_unigram,32768,3,6278
validation,language,,sw,sp_unigram,32768,4,2239
validation,language,,sw,sp_unigram,32768,5,1571
validation,language,,sw,sp_unigram,32768,6,1039
validation,language,,sw,sp_unigram,32768,7,1090
validation,language,,sw,sp_unigram,32768,8,353
validation,language,,sw,sp_unigram,32768,9,136
validation,language,,sw,sp_unigram,32768,10,57
validation,language,,sw,sp_unigram,32768,11,14
validation,language,,sw,sp_unigram,32768,12,2
validation,language,,sw,sp_unigram,32768,13,1
validation,language,,ta,sp_unigram,32768,1,4227
validation,language,,ta,sp_unigram,32768,2,241
validation,language,,ta,sp_unigram,32768,3,5267
validation,language,,ta,sp_unigram,32768,4,1878
validation,language,,ta,sp_unigram,32768,5,14
validation,language,,ta,sp_unigram,32768,6,7243
validation,language,,ta,sp_unigram,32768,7,708
validation,language,,ta,sp_unigram,32768,8,2
validation,language,,ta,sp_unigram,32768,9,3697
validation,language,,ta,sp_unigram,32768,10,617
validation,language,,ta,sp_unigram,32768,11,1
validation,language,,ta,sp_unigram,32768,12,1952
validation,language,,ta,sp_unigram,32768,13,521
validation,language,,ta,sp_unigram,32768,15,980
validation,language,,ta,sp_unigram,32768,16,318
validation,language,,ta,sp_unigram,32768,18,520
validation,language,,ta,sp_unigram,32768,19,333
validation,language,,ta,sp_unigram,32768,21,114
validation,language,,ta,sp_unigram,32768,22,228
validation,language,,ta,sp_unigram,32768,24,106
validation,language,,ta,sp_unigram,32768,25,14
validation,language,,ta,sp_unigram,32768,27,109
validation,language,,ta,sp_unigram,32768,28,42
validation,language,,ta,sp_unigram,32768,30,15
validation,language,,ta,sp_unigram,32768,31,23
validation,language,,te,sp_unigram,32768,1,5201
validation,language,,te,sp_unigram,32768,2,340
validation,language,,te,sp_unigram,32768,3,6276
validation,language,,te,sp_unigram,32768,4,1405
validation,language,,te,sp_unigram,32768,5,35
validation,language,,te,sp_unigram,32768,6,10365
validation,language,,te,sp_unigram,32768,7,409
validation,language,,te,sp_unigram,32768,8,4
validation,language,,te,sp_unigram,32768,9,2434
validation,language,,te,sp_unigram,32768,10,602
validation,language,,te,sp_unigram,32768,12,814
validation,language,,te,sp_unigram,32768,13,631
validation,language,,te,sp_unigram,32768,15,413
validation,language,,te,sp_unigram,32768,16,381
validation,language,,te,sp_unigram,32768,18,266
validation,language,,te,sp_unigram,32768,19,240
validation,language,,te,sp_unigram,32768,21,79
validation,language,,te,sp_unigram,32768,22,110
validation,language,,te,sp_unigram,32768,24,28
validation,language,,te,sp_unigram,32768,25,14
validation,language,,te,sp_unigram,32768,27,3
validation,language,,te,sp_unigram,32768,28,34
validation,language,,uk,sp_unigram,32768,1,4418
validation,language,,uk,sp_unigram,32768,2,4701
validation,language,,uk,sp_unigram,32768,3,1472
validation,language,,uk,sp_unigram,32768,4,7125
validation,language,,uk,sp_unigram,32768,5,2020
validation,language,,uk,sp_unigram,32768,6,3564
validation,language,,uk,sp_unigram,32768,7,1175
validation,language,,uk,sp_unigram,32768,8,1130
validation,language,,uk,sp_unigram,32768,9,602
validation,language,,uk,sp_unigram,32768,10,542
validation,language,,uk,sp_unigram,32768,11,441
validation,language,,uk,sp_unigram,32768,12,213
validation,language,,uk,sp_unigram,32768,13,234
validation,language,,uk,sp_unigram,32768,14,64
validation,language,,uk,sp_unigram,32768,15,77
validation,language,,uk,sp_unigram,32768,16,10
validation,language,,uk,sp_unigram,32768,17,64
validation,language,,uk,sp_unigram,32768,18,7
validation,language,,uk,sp_unigram,32768,19,13
validation,language,,uk,sp_unigram,32768,20,6
validation,language,,uk,sp_unigram,32768,21,6
validation,language,,uk,sp_unigram,32768,23,12
validation,language,,ur,sp_unigram,32768,1,2842
validation,language,,ur,sp_unigram,32768,2,5188
validation,language,,ur,sp_unigram,32768,3,833
validation,language,,ur,sp_unigram,32768,4,5479
validation,language,,ur,sp_unigram,32768,5,4623
validation,language,,ur,sp_unigram,32768,6,1401
validation,language,,ur,sp_unigram,32768,7,2771
validation,language,,ur,sp_unigram,32768,8,245
validation,language,,ur,sp_unigram,32768,9,1443
validation,language,,ur,sp_unigram,32768,10,84
validation,language,,ur,sp_unigram,32768,11,523
validation,language,,ur,sp_unigram,32768,12,17
validation,language,,ur,sp_unigram,32768,13,91
validation,language,,ur,sp_unigram,32768,14,6
validation,language,,ur,sp_unigram,32768,15,33
validation,language,,ur,sp_unigram,32768,17,4
validation,language,,yo,sp_unigram,32768,1,12602
validation,language,,yo,sp_unigram,32768,2,9869
validation,language,,yo,sp_unigram,32768,3,4616
validation,language,,yo,sp_unigram,32768,4,2562
validation,language,,yo,sp_unigram,32768,5,2386
validation,language,,yo,sp_unigram,32768,6,702
validation,language,,yo,sp_unigram,32768,7,239
validation,language,,yo,sp_unigram,32768,8,540
validation,language,,yo,sp_unigram,32768,9,45
validation,language,,yo,sp_unigram,32768,10,19
validation,language,,yo,sp_unigram,32768,11,10
validation,language,,yo,sp_unigram,32768,12,2
validation,language,,yo,sp_unigram,32768,13,2
validation,language,,yo,sp_unigram,32768,14,1
validation,language,,yo,sp_unigram,32768,16,1
validation,language,,zh,sp_unigram,32768,1,1584
validation,language,,zh,sp_unigram,32768,2,375
validation,language,,zh,sp_unigram,32768,3,15481
validation,language,,zh,sp_unigram,32768,4,64
validation,language,,zh,sp_unigram,32768,5,34
validation,language,,zh,sp_unigram,32768,6,1186
validation,language,,zh,sp_unigram,32768,7,5
validation,language,,zh,sp_unigram,32768,8,1
validation,language,,zh,sp_unigram,32768,9,17
validation,language,,zh,sp_unigram,32768,10,2
validation,language,,zh,sp_unigram,32768,11,1
validation,domain,flores200,,sp_unigram,32768,1,84155
validation,domain,flores200,,sp_unigram,32768,2,44527
validation,domain,flores200,,sp_unigram,32768,3,139276
validation,domain,flores200,,sp_unigram,32768,4,55184
validation,domain,flores200,,sp_unigram,32768,5,21102
validation,domain,flores200,,sp_unigram,32768,6,83858
validation,domain,flores200,,sp_unigram,32768,7,24848
validation,domain,flores200,,sp_unigram,32768,8,6148
validation,domain,flores200,,sp_unigram,32768,9,28156
validation,domain,flores200,,sp_unigram,32768,10,11499
validation,domain,flores200,,sp_unigram,32768,11,3088
validation,domain,flores200,,sp_unigram,32768,12,9284
validation,domain,flores200,,sp_unigram,32768,13,7793
validation,domain,flores200,,sp_unigram,32768,14,309
validation,domain,flores200,,sp_unigram,32768,15,4901
validation,domain,flores200,,sp_unigram,32768,16,2990
validation,domain,flores200,,sp_unigram,32768,17,276
validation,domain,flores200,,sp_unigram,32768,18,2254
validation,domain,flores200,,sp_unigram,32768,19,1862
validation,domain,flores200,,sp_unigram,32768,20,21
validation,domain,flores200,,sp_unigram,32768,21,872
validation,domain,flores200,,sp_unigram,32768,22,622
validation,domain,flores200,,sp_unigram,32768,23,16
validation,domain,flores200,,sp_unigram,32768,24,487
validation,domain,flores200,,sp_unigram,32768,25,240
validation,domain,flores200,,sp_unigram,32768,26,1
validation,domain,flores200,,sp_unigram,32768,27,286
validation,domain,flores200,,sp_unigram,32768,28,173
validation,domain,flores200,,sp_unigram,32768,30,39
validation,domain,flores200,,sp_unigram,32768,31,51
validation,domain,flores200,,sp_unigram,32768,36,12
validation,domain,flores200,,sp_unigram,32768,42,5
validation,aggregate,,,sp_unigram,32768,1,84155
validation,aggregate,,,sp_unigram,32768,2,44527
validation,aggregate,,,sp_unigram,32768,3,139276
validation,aggregate,,,sp_unigram,32768,4,55184
validation,aggregate,,,sp_unigram,32768,5,21102
validation,aggregate,,,sp_unigram,32768,6,83858
validation,aggregate,,,sp_unigram,32768,7,24848
validation,aggregate,,,sp_unigram,32768,8,6148
validation,aggregate,,,sp_unigram,32768,9,28156
validation,aggregate,,,sp_unigram,32768,10,11499
validation,aggregate,,,sp_unigram,32768,11,3088
validation,aggregate,,,sp_unigram,32768,12,9284
validation,aggregate,,,sp_unigram,32768,13,7793
validation,aggregate,,,sp_unigram,32768,14,309
validation,aggregate,,,sp_unigram,32768,15,4901
validation,aggregate,,,sp_unigram,32768,16,2990
validation,aggregate,,,sp_unigram,32768,17,276
validation,aggregate,,,sp_unigram,32768,18,2254
validation,aggregate,,,sp_unigram,32768,19,1862
validation,aggregate,,,sp_unigram,32768,20,21
validation,aggregate,,,sp_unigram,32768,21,872
validation,aggregate,,,sp_unigram,32768,22,622
validation,aggregate,,,sp_unigram,32768,23,16
validation,aggregate,,,sp_unigram,32768,24,487
validation,aggregate,,,sp_unigram,32768,25,240
validation,aggregate,,,sp_unigram,32768,26,1
validation,aggregate,,,sp_unigram,32768,27,286
validation,aggregate,,,sp_unigram,32768,28,173
validation,aggregate,,,sp_unigram,32768,30,39
validation,aggregate,,,sp_unigram,32768,31,51
validation,aggregate,,,sp_unigram,32768,36,12
validation,aggregate,,,sp_unigram,32768,42,5
train,stratum,code,c,sp_unigram,65536,1,47609
train,stratum,code,c,sp_unigram,65536,2,13708
train,stratum,code,c,sp_unigram,65536,3,12091
train,stratum,code,c,sp_unigram,65536,4,9709
train,stratum,code,c,sp_unigram,65536,5,5702
train,stratum,code,c,sp_unigram,65536,6,4926
train,stratum,code,c,sp_unigram,65536,7,2950
train,stratum,code,c,sp_unigram,65536,8,1589
train,stratum,code,c,sp_unigram,65536,9,918
train,stratum,code,c,sp_unigram,65536,10,736
train,stratum,code,c,sp_unigram,65536,11,363
train,stratum,code,c,sp_unigram,65536,12,175
train,stratum,code,c,sp_unigram,65536,13,136
train,stratum,code,c,sp_unigram,65536,14,76
train,stratum,code,c,sp_unigram,65536,15,35
train,stratum,code,c,sp_unigram,65536,16,191
train,stratum,code,cpp,sp_unigram,65536,1,113338
train,stratum,code,cpp,sp_unigram,65536,2,37228
train,stratum,code,cpp,sp_unigram,65536,3,26865
train,stratum,code,cpp,sp_unigram,65536,4,21648
train,stratum,code,cpp,sp_unigram,65536,5,11346
train,stratum,code,cpp,sp_unigram,65536,6,16589
train,stratum,code,cpp,sp_unigram,65536,7,11971
train,stratum,code,cpp,sp_unigram,65536,8,4350
train,stratum,code,cpp,sp_unigram,65536,9,3337
train,stratum,code,cpp,sp_unigram,65536,10,2597
train,stratum,code,cpp,sp_unigram,65536,11,1391
train,stratum,code,cpp,sp_unigram,65536,12,599
train,stratum,code,cpp,sp_unigram,65536,13,510
train,stratum,code,cpp,sp_unigram,65536,14,513
train,stratum,code,cpp,sp_unigram,65536,15,280
train,stratum,code,cpp,sp_unigram,65536,16,577
train,stratum,code,go,sp_unigram,65536,1,70231
train,stratum,code,go,sp_unigram,65536,2,21747
train,stratum,code,go,sp_unigram,65536,3,20990
train,stratum,code,go,sp_unigram,65536,4,17370
train,stratum,code,go,sp_unigram,65536,5,10135
train,stratum,code,go,sp_unigram,65536,6,9515
train,stratum,code,go,sp_unigram,65536,7,7268
train,stratum,code,go,sp_unigram,65536,8,5093
train,stratum,code,go,sp_unigram,65536,9,2455
train,stratum,code,go,sp_unigram,65536,10,1299
train,stratum,code,go,sp_unigram,65536,11,787
train,stratum,code,go,sp_unigram,65536,12,455
train,stratum,code,go,sp_unigram,65536,13,455
train,stratum,code,go,sp_unigram,65536,14,183
train,stratum,code,go,sp_unigram,65536,15,305
train,stratum,code,go,sp_unigram,65536,16,415
train,stratum,code,java,sp_unigram,65536,1,45342
train,stratum,code,java,sp_unigram,65536,2,5885
train,stratum,code,java,sp_unigram,65536,3,6118
train,stratum,code,java,sp_unigram,65536,4,4241
train,stratum,code,java,sp_unigram,65536,5,3084
train,stratum,code,java,sp_unigram,65536,6,2759
train,stratum,code,java,sp_unigram,65536,7,2490
train,stratum,code,java,sp_unigram,65536,8,1351
train,stratum,code,java,sp_unigram,65536,9,809
train,stratum,code,java,sp_unigram,65536,10,517
train,stratum,code,java,sp_unigram,65536,11,352
train,stratum,code,java,sp_unigram,65536,12,150
train,stratum,code,java,sp_unigram,65536,13,51
train,stratum,code,java,sp_unigram,65536,14,45
train,stratum,code,java,sp_unigram,65536,15,87
train,stratum,code,java,sp_unigram,65536,16,136
train,stratum,code,javascript,sp_unigram,65536,1,22198
train,stratum,code,javascript,sp_unigram,65536,2,8570
train,stratum,code,javascript,sp_unigram,65536,3,5307
train,stratum,code,javascript,sp_unigram,65536,4,3262
train,stratum,code,javascript,sp_unigram,65536,5,1972
train,stratum,code,javascript,sp_unigram,65536,6,1647
train,stratum,code,javascript,sp_unigram,65536,7,1002
train,stratum,code,javascript,sp_unigram,65536,8,649
train,stratum,code,javascript,sp_unigram,65536,9,631
train,stratum,code,javascript,sp_unigram,65536,10,278
train,stratum,code,javascript,sp_unigram,65536,11,177
train,stratum,code,javascript,sp_unigram,65536,12,9
train,stratum,code,javascript,sp_unigram,65536,13,72
train,stratum,code,javascript,sp_unigram,65536,14,49
train,stratum,code,javascript,sp_unigram,65536,16,5
train,stratum,code,python,sp_unigram,65536,1,49711
train,stratum,code,python,sp_unigram,65536,2,7523
train,stratum,code,python,sp_unigram,65536,3,5751
train,stratum,code,python,sp_unigram,65536,4,5845
train,stratum,code,python,sp_unigram,65536,5,4089
train,stratum,code,python,sp_unigram,65536,6,3213
train,stratum,code,python,sp_unigram,65536,7,2247
train,stratum,code,python,sp_unigram,65536,8,1301
train,stratum,code,python,sp_unigram,65536,9,870
train,stratum,code,python,sp_unigram,65536,10,473
train,stratum,code,python,sp_unigram,65536,11,440
train,stratum,code,python,sp_unigram,65536,12,94
train,stratum,code,python,sp_unigram,65536,13,44
train,stratum,code,python,sp_unigram,65536,14,26
train,stratum,code,python,sp_unigram,65536,15,57
train,stratum,code,python,sp_unigram,65536,16,99
train,stratum,code,rust,sp_unigram,65536,1,102712
train,stratum,code,rust,sp_unigram,65536,2,19327
train,stratum,code,rust,sp_unigram,65536,3,19720
train,stratum,code,rust,sp_unigram,65536,4,13583
train,stratum,code,rust,sp_unigram,65536,5,8998
train,stratum,code,rust,sp_unigram,65536,6,5423
train,stratum,code,rust,sp_unigram,65536,7,4344
train,stratum,code,rust,sp_unigram,65536,8,1888
train,stratum,code,rust,sp_unigram,65536,9,1174
train,stratum,code,rust,sp_unigram,65536,10,833
train,stratum,code,rust,sp_unigram,65536,11,406
train,stratum,code,rust,sp_unigram,65536,12,80
train,stratum,code,rust,sp_unigram,65536,13,51
train,stratum,code,rust,sp_unigram,65536,14,120
train,stratum,code,rust,sp_unigram,65536,15,27
train,stratum,code,rust,sp_unigram,65536,16,30
train,stratum,code,sql,sp_unigram,65536,1,76913
train,stratum,code,sql,sp_unigram,65536,2,82330
train,stratum,code,sql,sp_unigram,65536,3,63391
train,stratum,code,sql,sp_unigram,65536,4,22678
train,stratum,code,sql,sp_unigram,65536,5,20691
train,stratum,code,sql,sp_unigram,65536,6,10197
train,stratum,code,sql,sp_unigram,65536,7,11589
train,stratum,code,sql,sp_unigram,65536,8,6599
train,stratum,code,sql,sp_unigram,65536,9,10441
train,stratum,code,sql,sp_unigram,65536,10,1621
train,stratum,code,sql,sp_unigram,65536,11,1271
train,stratum,code,sql,sp_unigram,65536,12,335
train,stratum,code,sql,sp_unigram,65536,13,212
train,stratum,code,sql,sp_unigram,65536,14,8
train,stratum,code,sql,sp_unigram,65536,15,54
train,stratum,code,sql,sp_unigram,65536,16,622
train,stratum,code,typescript,sp_unigram,65536,1,191872
train,stratum,code,typescript,sp_unigram,65536,2,39936
train,stratum,code,typescript,sp_unigram,65536,3,23843
train,stratum,code,typescript,sp_unigram,65536,4,21454
train,stratum,code,typescript,sp_unigram,65536,5,13263
train,stratum,code,typescript,sp_unigram,65536,6,9925
train,stratum,code,typescript,sp_unigram,65536,7,8588
train,stratum,code,typescript,sp_unigram,65536,8,4161
train,stratum,code,typescript,sp_unigram,65536,9,2016
train,stratum,code,typescript,sp_unigram,65536,10,1540
train,stratum,code,typescript,sp_unigram,65536,11,3239
train,stratum,code,typescript,sp_unigram,65536,12,366
train,stratum,code,typescript,sp_unigram,65536,13,182
train,stratum,code,typescript,sp_unigram,65536,14,81
train,stratum,code,typescript,sp_unigram,65536,15,142
train,stratum,code,typescript,sp_unigram,65536,16,430
train,stratum,code,typescript,sp_unigram,65536,18,26
train,stratum,cyrillic_african,am,sp_unigram,65536,1,12457
train,stratum,cyrillic_african,am,sp_unigram,65536,2,1488
train,stratum,cyrillic_african,am,sp_unigram,65536,3,26089
train,stratum,cyrillic_african,am,sp_unigram,65536,4,6923
train,stratum,cyrillic_african,am,sp_unigram,65536,5,330
train,stratum,cyrillic_african,am,sp_unigram,65536,6,11740
train,stratum,cyrillic_african,am,sp_unigram,65536,7,5931
train,stratum,cyrillic_african,am,sp_unigram,65536,8,64
train,stratum,cyrillic_african,am,sp_unigram,65536,9,3811
train,stratum,cyrillic_african,am,sp_unigram,65536,10,3998
train,stratum,cyrillic_african,am,sp_unigram,65536,11,6
train,stratum,cyrillic_african,am,sp_unigram,65536,12,2291
train,stratum,cyrillic_african,am,sp_unigram,65536,13,1679
train,stratum,cyrillic_african,am,sp_unigram,65536,14,1
train,stratum,cyrillic_african,am,sp_unigram,65536,15,772
train,stratum,cyrillic_african,am,sp_unigram,65536,16,611
train,stratum,cyrillic_african,am,sp_unigram,65536,18,190
train,stratum,cyrillic_african,am,sp_unigram,65536,19,262
train,stratum,cyrillic_african,am,sp_unigram,65536,21,31
train,stratum,cyrillic_african,am,sp_unigram,65536,22,25
train,stratum,cyrillic_african,am,sp_unigram,65536,24,17
train,stratum,cyrillic_african,bg,sp_unigram,65536,1,8225
train,stratum,cyrillic_african,bg,sp_unigram,65536,2,5772
train,stratum,cyrillic_african,bg,sp_unigram,65536,3,3557
train,stratum,cyrillic_african,bg,sp_unigram,65536,4,7566
train,stratum,cyrillic_african,bg,sp_unigram,65536,5,5994
train,stratum,cyrillic_african,bg,sp_unigram,65536,6,4866
train,stratum,cyrillic_african,bg,sp_unigram,65536,7,1802
train,stratum,cyrillic_african,bg,sp_unigram,65536,8,2176
train,stratum,cyrillic_african,bg,sp_unigram,65536,9,1907
train,stratum,cyrillic_african,bg,sp_unigram,65536,10,986
train,stratum,cyrillic_african,bg,sp_unigram,65536,11,1431
train,stratum,cyrillic_african,bg,sp_unigram,65536,12,419
train,stratum,cyrillic_african,bg,sp_unigram,65536,13,1188
train,stratum,cyrillic_african,bg,sp_unigram,65536,14,174
train,stratum,cyrillic_african,bg,sp_unigram,65536,15,723
train,stratum,cyrillic_african,bg,sp_unigram,65536,16,91
train,stratum,cyrillic_african,bg,sp_unigram,65536,17,498
train,stratum,cyrillic_african,bg,sp_unigram,65536,18,82
train,stratum,cyrillic_african,bg,sp_unigram,65536,19,246
train,stratum,cyrillic_african,bg,sp_unigram,65536,20,14
train,stratum,cyrillic_african,bg,sp_unigram,65536,21,181
train,stratum,cyrillic_african,bg,sp_unigram,65536,22,14
train,stratum,cyrillic_african,bg,sp_unigram,65536,23,63
train,stratum,cyrillic_african,bg,sp_unigram,65536,25,16
train,stratum,cyrillic_african,bg,sp_unigram,65536,26,4
train,stratum,cyrillic_african,bg,sp_unigram,65536,27,8
train,stratum,cyrillic_african,bg,sp_unigram,65536,29,7
train,stratum,cyrillic_african,ru,sp_unigram,65536,1,7122
train,stratum,cyrillic_african,ru,sp_unigram,65536,2,5989
train,stratum,cyrillic_african,ru,sp_unigram,65536,3,2924
train,stratum,cyrillic_african,ru,sp_unigram,65536,4,7318
train,stratum,cyrillic_african,ru,sp_unigram,65536,5,2836
train,stratum,cyrillic_african,ru,sp_unigram,65536,6,4945
train,stratum,cyrillic_african,ru,sp_unigram,65536,7,1994
train,stratum,cyrillic_african,ru,sp_unigram,65536,8,2229
train,stratum,cyrillic_african,ru,sp_unigram,65536,9,1358
train,stratum,cyrillic_african,ru,sp_unigram,65536,10,976
train,stratum,cyrillic_african,ru,sp_unigram,65536,11,1571
train,stratum,cyrillic_african,ru,sp_unigram,65536,12,438
train,stratum,cyrillic_african,ru,sp_unigram,65536,13,1131
train,stratum,cyrillic_african,ru,sp_unigram,65536,14,301
train,stratum,cyrillic_african,ru,sp_unigram,65536,15,734
train,stratum,cyrillic_african,ru,sp_unigram,65536,16,106
train,stratum,cyrillic_african,ru,sp_unigram,65536,17,470
train,stratum,cyrillic_african,ru,sp_unigram,65536,18,102
train,stratum,cyrillic_african,ru,sp_unigram,65536,19,282
train,stratum,cyrillic_african,ru,sp_unigram,65536,20,32
train,stratum,cyrillic_african,ru,sp_unigram,65536,21,154
train,stratum,cyrillic_african,ru,sp_unigram,65536,22,9
train,stratum,cyrillic_african,ru,sp_unigram,65536,23,66
train,stratum,cyrillic_african,ru,sp_unigram,65536,24,8
train,stratum,cyrillic_african,ru,sp_unigram,65536,25,28
train,stratum,cyrillic_african,ru,sp_unigram,65536,26,1
train,stratum,cyrillic_african,ru,sp_unigram,65536,27,34
train,stratum,cyrillic_african,ru,sp_unigram,65536,29,11
train,stratum,cyrillic_african,sw,sp_unigram,65536,1,13787
train,stratum,cyrillic_african,sw,sp_unigram,65536,2,10173
train,stratum,cyrillic_african,sw,sp_unigram,65536,3,19022
train,stratum,cyrillic_african,sw,sp_unigram,65536,4,8120
train,stratum,cyrillic_african,sw,sp_unigram,65536,5,8506
train,stratum,cyrillic_african,sw,sp_unigram,65536,6,5831
train,stratum,cyrillic_african,sw,sp_unigram,65536,7,6190
train,stratum,cyrillic_african,sw,sp_unigram,65536,8,2672
train,stratum,cyrillic_african,sw,sp_unigram,65536,9,1902
train,stratum,cyrillic_african,sw,sp_unigram,65536,10,1201
train,stratum,cyrillic_african,sw,sp_unigram,65536,11,384
train,stratum,cyrillic_african,sw,sp_unigram,65536,12,203
train,stratum,cyrillic_african,sw,sp_unigram,65536,13,84
train,stratum,cyrillic_african,sw,sp_unigram,65536,14,5
train,stratum,cyrillic_african,uk,sp_unigram,65536,1,5830
train,stratum,cyrillic_african,uk,sp_unigram,65536,2,5593
train,stratum,cyrillic_african,uk,sp_unigram,65536,3,2532
train,stratum,cyrillic_african,uk,sp_unigram,65536,4,6171
train,stratum,cyrillic_african,uk,sp_unigram,65536,5,2435
train,stratum,cyrillic_african,uk,sp_unigram,65536,6,4098
train,stratum,cyrillic_african,uk,sp_unigram,65536,7,1573
train,stratum,cyrillic_african,uk,sp_unigram,65536,8,1574
train,stratum,cyrillic_african,uk,sp_unigram,65536,9,1057
train,stratum,cyrillic_african,uk,sp_unigram,65536,10,861
train,stratum,cyrillic_african,uk,sp_unigram,65536,11,1033
train,stratum,cyrillic_african,uk,sp_unigram,65536,12,366
train,stratum,cyrillic_african,uk,sp_unigram,65536,13,808
train,stratum,cyrillic_african,uk,sp_unigram,65536,14,178
train,stratum,cyrillic_african,uk,sp_unigram,65536,15,616
train,stratum,cyrillic_african,uk,sp_unigram,65536,16,102
train,stratum,cyrillic_african,uk,sp_unigram,65536,17,379
train,stratum,cyrillic_african,uk,sp_unigram,65536,18,95
train,stratum,cyrillic_african,uk,sp_unigram,65536,19,198
train,stratum,cyrillic_african,uk,sp_unigram,65536,20,32
train,stratum,cyrillic_african,uk,sp_unigram,65536,21,122
train,stratum,cyrillic_african,uk,sp_unigram,65536,22,7
train,stratum,cyrillic_african,uk,sp_unigram,65536,23,63
train,stratum,cyrillic_african,uk,sp_unigram,65536,25,16
train,stratum,cyrillic_african,uk,sp_unigram,65536,27,2
train,stratum,cyrillic_african,uk,sp_unigram,65536,28,3
train,stratum,cyrillic_african,uk,sp_unigram,65536,29,2
train,stratum,cyrillic_african,yo,sp_unigram,65536,1,6352
train,stratum,cyrillic_african,yo,sp_unigram,65536,2,5104
train,stratum,cyrillic_african,yo,sp_unigram,65536,3,8004
train,stratum,cyrillic_african,yo,sp_unigram,65536,4,4391
train,stratum,cyrillic_african,yo,sp_unigram,65536,5,4071
train,stratum,cyrillic_african,yo,sp_unigram,65536,6,1974
train,stratum,cyrillic_african,yo,sp_unigram,65536,7,3246
train,stratum,cyrillic_african,yo,sp_unigram,65536,8,1415
train,stratum,cyrillic_african,yo,sp_unigram,65536,9,625
train,stratum,cyrillic_african,yo,sp_unigram,65536,10,540
train,stratum,cyrillic_african,yo,sp_unigram,65536,11,309
train,stratum,cyrillic_african,yo,sp_unigram,65536,12,209
train,stratum,cyrillic_african,yo,sp_unigram,65536,13,86
train,stratum,cyrillic_african,yo,sp_unigram,65536,14,86
train,stratum,cyrillic_african,yo,sp_unigram,65536,15,53
train,stratum,cyrillic_african,yo,sp_unigram,65536,16,63
train,stratum,cyrillic_african,yo,sp_unigram,65536,17,13
train,stratum,cyrillic_african,yo,sp_unigram,65536,19,2
train,stratum,indic_cjk_arabic,ar,sp_unigram,65536,1,6440
train,stratum,indic_cjk_arabic,ar,sp_unigram,65536,2,7108
train,stratum,indic_cjk_arabic,ar,sp_unigram,65536,3,3057
train,stratum,indic_cjk_arabic,ar,sp_unigram,65536,4,9360
train,stratum,indic_cjk_arabic,ar,sp_unigram,65536,5,5084
train,stratum,indic_cjk_arabic,ar,sp_unigram,65536,6,4335
train,stratum,indic_cjk_arabic,ar,sp_unigram,65536,7,3815
train,stratum,indic_cjk_arabic,ar,sp_unigram,65536,8,1631
train,stratum,indic_cjk_arabic,ar,sp_unigram,65536,9,1474
train,stratum,indic_cjk_arabic,ar,sp_unigram,65536,10,1222
train,stratum,indic_cjk_arabic,ar,sp_unigram,65536,11,769
train,stratum,indic_cjk_arabic,ar,sp_unigram,65536,12,379
train,stratum,indic_cjk_arabic,ar,sp_unigram,65536,13,404
train,stratum,indic_cjk_arabic,ar,sp_unigram,65536,14,134
train,stratum,indic_cjk_arabic,ar,sp_unigram,65536,15,448
train,stratum,indic_cjk_arabic,ar,sp_unigram,65536,16,35
train,stratum,indic_cjk_arabic,ar,sp_unigram,65536,17,117
train,stratum,indic_cjk_arabic,ar,sp_unigram,65536,18,14
train,stratum,indic_cjk_arabic,ar,sp_unigram,65536,19,29
train,stratum,indic_cjk_arabic,ar,sp_unigram,65536,20,7
train,stratum,indic_cjk_arabic,ar,sp_unigram,65536,21,44
train,stratum,indic_cjk_arabic,ar,sp_unigram,65536,22,3
train,stratum,indic_cjk_arabic,bn,sp_unigram,65536,1,6222
train,stratum,indic_cjk_arabic,bn,sp_unigram,65536,2,438
train,stratum,indic_cjk_arabic,bn,sp_unigram,65536,3,8630
train,stratum,indic_cjk_arabic,bn,sp_unigram,65536,4,1295
train,stratum,indic_cjk_arabic,bn,sp_unigram,65536,5,128
train,stratum,indic_cjk_arabic,bn,sp_unigram,65536,6,7069
train,stratum,indic_cjk_arabic,bn,sp_unigram,65536,7,1751
train,stratum,indic_cjk_arabic,bn,sp_unigram,65536,8,24
train,stratum,indic_cjk_arabic,bn,sp_unigram,65536,9,3068
train,stratum,indic_cjk_arabic,bn,sp_unigram,65536,10,2237
train,stratum,indic_cjk_arabic,bn,sp_unigram,65536,11,5
train,stratum,indic_cjk_arabic,bn,sp_unigram,65536,12,1177
train,stratum,indic_cjk_arabic,bn,sp_unigram,65536,13,2327
train,stratum,indic_cjk_arabic,bn,sp_unigram,65536,14,1
train,stratum,indic_cjk_arabic,bn,sp_unigram,65536,15,444
train,stratum,indic_cjk_arabic,bn,sp_unigram,65536,16,1594
train,stratum,indic_cjk_arabic,bn,sp_unigram,65536,18,357
train,stratum,indic_cjk_arabic,bn,sp_unigram,65536,19,949
train,stratum,indic_cjk_arabic,bn,sp_unigram,65536,21,261
train,stratum,indic_cjk_arabic,bn,sp_unigram,65536,22,379
train,stratum,indic_cjk_arabic,bn,sp_unigram,65536,24,91
train,stratum,indic_cjk_arabic,bn,sp_unigram,65536,25,253
train,stratum,indic_cjk_arabic,bn,sp_unigram,65536,27,50
train,stratum,indic_cjk_arabic,bn,sp_unigram,65536,28,163
train,stratum,indic_cjk_arabic,bn,sp_unigram,65536,30,13
train,stratum,indic_cjk_arabic,bn,sp_unigram,65536,31,62
train,stratum,indic_cjk_arabic,bn,sp_unigram,65536,33,31
train,stratum,indic_cjk_arabic,bn,sp_unigram,65536,34,43
train,stratum,indic_cjk_arabic,bn,sp_unigram,65536,36,9
train,stratum,indic_cjk_arabic,bn,sp_unigram,65536,37,1
train,stratum,indic_cjk_arabic,bn,sp_unigram,65536,42,1
train,stratum,indic_cjk_arabic,bn,sp_unigram,65536,43,2
train,stratum,indic_cjk_arabic,bn,sp_unigram,65536,46,16
train,stratum,indic_cjk_arabic,fa,sp_unigram,65536,1,4934
train,stratum,indic_cjk_arabic,fa,sp_unigram,65536,2,4690
train,stratum,indic_cjk_arabic,fa,sp_unigram,65536,3,2137
train,stratum,indic_cjk_arabic,fa,sp_unigram,65536,4,4610
train,stratum,indic_cjk_arabic,fa,sp_unigram,65536,5,5379
train,stratum,indic_cjk_arabic,fa,sp_unigram,65536,6,2293
train,stratum,indic_cjk_arabic,fa,sp_unigram,65536,7,3860
train,stratum,indic_cjk_arabic,fa,sp_unigram,65536,8,902
train,stratum,indic_cjk_arabic,fa,sp_unigram,65536,9,3370
train,stratum,indic_cjk_arabic,fa,sp_unigram,65536,10,387
train,stratum,indic_cjk_arabic,fa,sp_unigram,65536,11,2281
train,stratum,indic_cjk_arabic,fa,sp_unigram,65536,12,131
train,stratum,indic_cjk_arabic,fa,sp_unigram,65536,13,742
train,stratum,indic_cjk_arabic,fa,sp_unigram,65536,14,100
train,stratum,indic_cjk_arabic,fa,sp_unigram,65536,15,529
train,stratum,indic_cjk_arabic,fa,sp_unigram,65536,16,109
train,stratum,indic_cjk_arabic,fa,sp_unigram,65536,17,42
train,stratum,indic_cjk_arabic,fa,sp_unigram,65536,18,10
train,stratum,indic_cjk_arabic,fa,sp_unigram,65536,21,1
train,stratum,indic_cjk_arabic,fa,sp_unigram,65536,22,17
train,stratum,indic_cjk_arabic,fa,sp_unigram,65536,26,49
train,stratum,indic_cjk_arabic,fa,sp_unigram,65536,28,19
train,stratum,indic_cjk_arabic,gu,sp_unigram,65536,1,6803
train,stratum,indic_cjk_arabic,gu,sp_unigram,65536,2,853
train,stratum,indic_cjk_arabic,gu,sp_unigram,65536,3,7721
train,stratum,indic_cjk_arabic,gu,sp_unigram,65536,4,2093
train,stratum,indic_cjk_arabic,gu,sp_unigram,65536,5,181
train,stratum,indic_cjk_arabic,gu,sp_unigram,65536,6,8397
train,stratum,indic_cjk_arabic,gu,sp_unigram,65536,7,3350
train,stratum,indic_cjk_arabic,gu,sp_unigram,65536,8,51
train,stratum,indic_cjk_arabic,gu,sp_unigram,65536,9,2948
train,stratum,indic_cjk_arabic,gu,sp_unigram,65536,10,3219
train,stratum,indic_cjk_arabic,gu,sp_unigram,65536,11,1
train,stratum,indic_cjk_arabic,gu,sp_unigram,65536,12,691
train,stratum,indic_cjk_arabic,gu,sp_unigram,65536,13,2386
train,stratum,indic_cjk_arabic,gu,sp_unigram,65536,15,326
train,stratum,indic_cjk_arabic,gu,sp_unigram,65536,16,1241
train,stratum,indic_cjk_arabic,gu,sp_unigram,65536,18,216
train,stratum,indic_cjk_arabic,gu,sp_unigram,65536,19,730
train,stratum,indic_cjk_arabic,gu,sp_unigram,65536,21,27
train,stratum,indic_cjk_arabic,gu,sp_unigram,65536,22,195
train,stratum,indic_cjk_arabic,gu,sp_unigram,65536,24,61
train,stratum,indic_cjk_arabic,gu,sp_unigram,65536,25,88
train,stratum,indic_cjk_arabic,gu,sp_unigram,65536,27,16
train,stratum,indic_cjk_arabic,gu,sp_unigram,65536,28,16
train,stratum,indic_cjk_arabic,gu,sp_unigram,65536,31,6
train,stratum,indic_cjk_arabic,gu,sp_unigram,65536,33,6
train,stratum,indic_cjk_arabic,gu,sp_unigram,65536,34,21
train,stratum,indic_cjk_arabic,hi,sp_unigram,65536,1,7138
train,stratum,indic_cjk_arabic,hi,sp_unigram,65536,2,741
train,stratum,indic_cjk_arabic,hi,sp_unigram,65536,3,7911
train,stratum,indic_cjk_arabic,hi,sp_unigram,65536,4,1548
train,stratum,indic_cjk_arabic,hi,sp_unigram,65536,5,160
train,stratum,indic_cjk_arabic,hi,sp_unigram,65536,6,7589
train,stratum,indic_cjk_arabic,hi,sp_unigram,65536,7,9505
train,stratum,indic_cjk_arabic,hi,sp_unigram,65536,8,33
train,stratum,indic_cjk_arabic,hi,sp_unigram,65536,9,2622
train,stratum,indic_cjk_arabic,hi,sp_unigram,65536,10,4957
train,stratum,indic_cjk_arabic,hi,sp_unigram,65536,11,3
train,stratum,indic_cjk_arabic,hi,sp_unigram,65536,12,908
train,stratum,indic_cjk_arabic,hi,sp_unigram,65536,13,3501
train,stratum,indic_cjk_arabic,hi,sp_unigram,65536,15,434
train,stratum,indic_cjk_arabic,hi,sp_unigram,65536,16,1432
train,stratum,indic_cjk_arabic,hi,sp_unigram,65536,18,198
train,stratum,indic_cjk_arabic,hi,sp_unigram,65536,19,785
train,stratum,indic_cjk_arabic,hi,sp_unigram,65536,21,153
train,stratum,indic_cjk_arabic,hi,sp_unigram,65536,22,223
train,stratum,indic_cjk_arabic,hi,sp_unigram,65536,24,47
train,stratum,indic_cjk_arabic,hi,sp_unigram,65536,25,72
train,stratum,indic_cjk_arabic,hi,sp_unigram,65536,27,11
train,stratum,indic_cjk_arabic,hi,sp_unigram,65536,28,39
train,stratum,indic_cjk_arabic,hi,sp_unigram,65536,30,10
train,stratum,indic_cjk_arabic,hi,sp_unigram,65536,31,6
train,stratum,indic_cjk_arabic,hi,sp_unigram,65536,33,13
train,stratum,indic_cjk_arabic,hi,sp_unigram,65536,34,5
train,stratum,indic_cjk_arabic,ja,sp_unigram,65536,1,13608
train,stratum,indic_cjk_arabic,ja,sp_unigram,65536,2,4946
train,stratum,indic_cjk_arabic,ja,sp_unigram,65536,3,38669
train,stratum,indic_cjk_arabic,ja,sp_unigram,65536,4,1344
train,stratum,indic_cjk_arabic,ja,sp_unigram,65536,5,496
train,stratum,indic_cjk_arabic,ja,sp_unigram,65536,6,11521
train,stratum,indic_cjk_arabic,ja,sp_unigram,65536,7,316
train,stratum,indic_cjk_arabic,ja,sp_unigram,65536,8,124
train,stratum,indic_cjk_arabic,ja,sp_unigram,65536,9,4778
train,stratum,indic_cjk_arabic,ja,sp_unigram,65536,10,224
train,stratum,indic_cjk_arabic,ja,sp_unigram,65536,11,14
train,stratum,indic_cjk_arabic,ja,sp_unigram,65536,12,2159
train,stratum,indic_cjk_arabic,ja,sp_unigram,65536,13,22
train,stratum,indic_cjk_arabic,ja,sp_unigram,65536,14,2
train,stratum,indic_cjk_arabic,ja,sp_unigram,65536,15,1010
train,stratum,indic_cjk_arabic,ja,sp_unigram,65536,16,23
train,stratum,indic_cjk_arabic,ja,sp_unigram,65536,18,350
train,stratum,indic_cjk_arabic,ja,sp_unigram,65536,21,144
train,stratum,indic_cjk_arabic,ja,sp_unigram,65536,24,53
train,stratum,indic_cjk_arabic,ja,sp_unigram,65536,27,29
train,stratum,indic_cjk_arabic,ja,sp_unigram,65536,30,3
train,stratum,indic_cjk_arabic,ja,sp_unigram,65536,33,5
train,stratum,indic_cjk_arabic,kn,sp_unigram,65536,1,14729
train,stratum,indic_cjk_arabic,kn,sp_unigram,65536,2,3832
train,stratum,indic_cjk_arabic,kn,sp_unigram,65536,3,12659
train,stratum,indic_cjk_arabic,kn,sp_unigram,65536,4,3185
train,stratum,indic_cjk_arabic,kn,sp_unigram,65536,5,175
train,stratum,indic_cjk_arabic,kn,sp_unigram,65536,6,11504
train,stratum,indic_cjk_arabic,kn,sp_unigram,65536,7,1492
train,stratum,indic_cjk_arabic,kn,sp_unigram,65536,8,61
train,stratum,indic_cjk_arabic,kn,sp_unigram,65536,9,5721
train,stratum,indic_cjk_arabic,kn,sp_unigram,65536,10,2206
train,stratum,indic_cjk_arabic,kn,sp_unigram,65536,11,7
train,stratum,indic_cjk_arabic,kn,sp_unigram,65536,12,3294
train,stratum,indic_cjk_arabic,kn,sp_unigram,65536,13,2810
train,stratum,indic_cjk_arabic,kn,sp_unigram,65536,14,1
train,stratum,indic_cjk_arabic,kn,sp_unigram,65536,15,2375
train,stratum,indic_cjk_arabic,kn,sp_unigram,65536,16,1944
train,stratum,indic_cjk_arabic,kn,sp_unigram,65536,18,1304
train,stratum,indic_cjk_arabic,kn,sp_unigram,65536,19,874
train,stratum,indic_cjk_arabic,kn,sp_unigram,65536,21,679
train,stratum,indic_cjk_arabic,kn,sp_unigram,65536,22,333
train,stratum,indic_cjk_arabic,kn,sp_unigram,65536,24,314
train,stratum,indic_cjk_arabic,kn,sp_unigram,65536,25,192
train,stratum,indic_cjk_arabic,kn,sp_unigram,65536,27,136
train,stratum,indic_cjk_arabic,kn,sp_unigram,65536,28,77
train,stratum,indic_cjk_arabic,kn,sp_unigram,65536,30,36
train,stratum,indic_cjk_arabic,kn,sp_unigram,65536,31,29
train,stratum,indic_cjk_arabic,kn,sp_unigram,65536,33,31
train,stratum,indic_cjk_arabic,kn,sp_unigram,65536,34,28
train,stratum,indic_cjk_arabic,kn,sp_unigram,65536,42,85
train,stratum,indic_cjk_arabic,ko,sp_unigram,65536,1,11536
train,stratum,indic_cjk_arabic,ko,sp_unigram,65536,2,1508
train,stratum,indic_cjk_arabic,ko,sp_unigram,65536,3,24601
train,stratum,indic_cjk_arabic,ko,sp_unigram,65536,4,4205
train,stratum,indic_cjk_arabic,ko,sp_unigram,65536,5,135
train,stratum,indic_cjk_arabic,ko,sp_unigram,65536,6,5304
train,stratum,indic_cjk_arabic,ko,sp_unigram,65536,7,4937
train,stratum,indic_cjk_arabic,ko,sp_unigram,65536,8,26
train,stratum,indic_cjk_arabic,ko,sp_unigram,65536,9,1104
train,stratum,indic_cjk_arabic,ko,sp_unigram,65536,10,939
train,stratum,indic_cjk_arabic,ko,sp_unigram,65536,11,2
train,stratum,indic_cjk_arabic,ko,sp_unigram,65536,12,196
train,stratum,indic_cjk_arabic,ko,sp_unigram,65536,13,452
train,stratum,indic_cjk_arabic,ko,sp_unigram,65536,14,2
train,stratum,indic_cjk_arabic,ko,sp_unigram,65536,15,62
train,stratum,indic_cjk_arabic,ko,sp_unigram,65536,16,13
train,stratum,indic_cjk_arabic,ml,sp_unigram,65536,1,4375
train,stratum,indic_cjk_arabic,ml,sp_unigram,65536,2,580
train,stratum,indic_cjk_arabic,ml,sp_unigram,65536,3,5252
train,stratum,indic_cjk_arabic,ml,sp_unigram,65536,4,1342
train,stratum,indic_cjk_arabic,ml,sp_unigram,65536,5,169
train,stratum,indic_cjk_arabic,ml,sp_unigram,65536,6,4544
train,stratum,indic_cjk_arabic,ml,sp_unigram,65536,7,570
train,stratum,indic_cjk_arabic,ml,sp_unigram,65536,8,35
train,stratum,indic_cjk_arabic,ml,sp_unigram,65536,9,2795
train,stratum,indic_cjk_arabic,ml,sp_unigram,65536,10,446
train,stratum,indic_cjk_arabic,ml,sp_unigram,65536,12,1994
train,stratum,indic_cjk_arabic,ml,sp_unigram,65536,13,401
train,stratum,indic_cjk_arabic,ml,sp_unigram,65536,15,994
train,stratum,indic_cjk_arabic,ml,sp_unigram,65536,16,461
train,stratum,indic_cjk_arabic,ml,sp_unigram,65536,18,641
train,stratum,indic_cjk_arabic,ml,sp_unigram,65536,19,391
train,stratum,indic_cjk_arabic,ml,sp_unigram,65536,21,302
train,stratum,indic_cjk_arabic,ml,sp_unigram,65536,22,187
train,stratum,indic_cjk_arabic,ml,sp_unigram,65536,24,185
train,stratum,indic_cjk_arabic,ml,sp_unigram,65536,25,124
train,stratum,indic_cjk_arabic,ml,sp_unigram,65536,27,91
train,stratum,indic_cjk_arabic,ml,sp_unigram,65536,28,88
train,stratum,indic_cjk_arabic,ml,sp_unigram,65536,30,34
train,stratum,indic_cjk_arabic,ml,sp_unigram,65536,31,34
train,stratum,indic_cjk_arabic,ml,sp_unigram,65536,33,24
train,stratum,indic_cjk_arabic,ml,sp_unigram,65536,34,20
train,stratum,indic_cjk_arabic,ml,sp_unigram,65536,36,33
train,stratum,indic_cjk_arabic,ml,sp_unigram,65536,37,36
train,stratum,indic_cjk_arabic,ml,sp_unigram,65536,39,6
train,stratum,indic_cjk_arabic,ml,sp_unigram,65536,40,11
train,stratum,indic_cjk_arabic,mr,sp_unigram,65536,1,7672
train,stratum,indic_cjk_arabic,mr,sp_unigram,65536,2,1007
train,stratum,indic_cjk_arabic,mr,sp_unigram,65536,3,8588
train,stratum,indic_cjk_arabic,mr,sp_unigram,65536,4,1448
train,stratum,indic_cjk_arabic,mr,sp_unigram,65536,5,198
train,stratum,indic_cjk_arabic,mr,sp_unigram,65536,6,9033
train,stratum,indic_cjk_arabic,mr,sp_unigram,65536,7,3267
train,stratum,indic_cjk_arabic,mr,sp_unigram,65536,8,96
train,stratum,indic_cjk_arabic,mr,sp_unigram,65536,9,3397
train,stratum,indic_cjk_arabic,mr,sp_unigram,65536,10,3619
train,stratum,indic_cjk_arabic,mr,sp_unigram,65536,11,15
train,stratum,indic_cjk_arabic,mr,sp_unigram,65536,12,1828
train,stratum,indic_cjk_arabic,mr,sp_unigram,65536,13,3259
train,stratum,indic_cjk_arabic,mr,sp_unigram,65536,15,970
train,stratum,indic_cjk_arabic,mr,sp_unigram,65536,16,1425
train,stratum,indic_cjk_arabic,mr,sp_unigram,65536,18,549
train,stratum,indic_cjk_arabic,mr,sp_unigram,65536,19,1388
train,stratum,indic_cjk_arabic,mr,sp_unigram,65536,21,253
train,stratum,indic_cjk_arabic,mr,sp_unigram,65536,22,668
train,stratum,indic_cjk_arabic,mr,sp_unigram,65536,24,136
train,stratum,indic_cjk_arabic,mr,sp_unigram,65536,25,274
train,stratum,indic_cjk_arabic,mr,sp_unigram,65536,27,25
train,stratum,indic_cjk_arabic,mr,sp_unigram,65536,28,136
train,stratum,indic_cjk_arabic,mr,sp_unigram,65536,30,5
train,stratum,indic_cjk_arabic,mr,sp_unigram,65536,31,45
train,stratum,indic_cjk_arabic,mr,sp_unigram,65536,33,18
train,stratum,indic_cjk_arabic,mr,sp_unigram,65536,34,2
train,stratum,indic_cjk_arabic,mr,sp_unigram,65536,36,7
train,stratum,indic_cjk_arabic,mr,sp_unigram,65536,39,4
train,stratum,indic_cjk_arabic,mr,sp_unigram,65536,43,5
train,stratum,indic_cjk_arabic,ta,sp_unigram,65536,1,4859
train,stratum,indic_cjk_arabic,ta,sp_unigram,65536,2,631
train,stratum,indic_cjk_arabic,ta,sp_unigram,65536,3,3838
train,stratum,indic_cjk_arabic,ta,sp_unigram,65536,4,1537
train,stratum,indic_cjk_arabic,ta,sp_unigram,65536,5,120
train,stratum,indic_cjk_arabic,ta,sp_unigram,65536,6,5348
train,stratum,indic_cjk_arabic,ta,sp_unigram,65536,7,1012
train,stratum,indic_cjk_arabic,ta,sp_unigram,65536,8,21
train,stratum,indic_cjk_arabic,ta,sp_unigram,65536,9,3621
train,stratum,indic_cjk_arabic,ta,sp_unigram,65536,10,859
train,stratum,indic_cjk_arabic,ta,sp_unigram,65536,11,3
train,stratum,indic_cjk_arabic,ta,sp_unigram,65536,12,2484
train,stratum,indic_cjk_arabic,ta,sp_unigram,65536,13,1127
train,stratum,indic_cjk_arabic,ta,sp_unigram,65536,15,877
train,stratum,indic_cjk_arabic,ta,sp_unigram,65536,16,813
train,stratum,indic_cjk_arabic,ta,sp_unigram,65536,18,669
train,stratum,indic_cjk_arabic,ta,sp_unigram,65536,19,706
train,stratum,indic_cjk_arabic,ta,sp_unigram,65536,21,330
train,stratum,indic_cjk_arabic,ta,sp_unigram,65536,22,456
train,stratum,indic_cjk_arabic,ta,sp_unigram,65536,24,181
train,stratum,indic_cjk_arabic,ta,sp_unigram,65536,25,256
train,stratum,indic_cjk_arabic,ta,sp_unigram,65536,27,60
train,stratum,indic_cjk_arabic,ta,sp_unigram,65536,28,111
train,stratum,indic_cjk_arabic,ta,sp_unigram,65536,30,56
train,stratum,indic_cjk_arabic,ta,sp_unigram,65536,31,56
train,stratum,indic_cjk_arabic,ta,sp_unigram,65536,33,19
train,stratum,indic_cjk_arabic,ta,sp_unigram,65536,34,22
train,stratum,indic_cjk_arabic,ta,sp_unigram,65536,36,8
train,stratum,indic_cjk_arabic,ta,sp_unigram,65536,39,9
train,stratum,indic_cjk_arabic,ta,sp_unigram,65536,40,7
train,stratum,indic_cjk_arabic,ta,sp_unigram,65536,46,4
train,stratum,indic_cjk_arabic,te,sp_unigram,65536,1,7876
train,stratum,indic_cjk_arabic,te,sp_unigram,65536,2,932
train,stratum,indic_cjk_arabic,te,sp_unigram,65536,3,6847
train,stratum,indic_cjk_arabic,te,sp_unigram,65536,4,1967
train,stratum,indic_cjk_arabic,te,sp_unigram,65536,5,188
train,stratum,indic_cjk_arabic,te,sp_unigram,65536,6,10796
train,stratum,indic_cjk_arabic,te,sp_unigram,65536,7,1256
train,stratum,indic_cjk_arabic,te,sp_unigram,65536,8,26
train,stratum,indic_cjk_arabic,te,sp_unigram,65536,9,3440
train,stratum,indic_cjk_arabic,te,sp_unigram,65536,10,1107
train,stratum,indic_cjk_arabic,te,sp_unigram,65536,11,9
train,stratum,indic_cjk_arabic,te,sp_unigram,65536,12,1915
train,stratum,indic_cjk_arabic,te,sp_unigram,65536,13,1455
train,stratum,indic_cjk_arabic,te,sp_unigram,65536,15,948
train,stratum,indic_cjk_arabic,te,sp_unigram,65536,16,1070
train,stratum,indic_cjk_arabic,te,sp_unigram,65536,18,613
train,stratum,indic_cjk_arabic,te,sp_unigram,65536,19,1000
train,stratum,indic_cjk_arabic,te,sp_unigram,65536,21,299
train,stratum,indic_cjk_arabic,te,sp_unigram,65536,22,433
train,stratum,indic_cjk_arabic,te,sp_unigram,65536,24,78
train,stratum,indic_cjk_arabic,te,sp_unigram,65536,25,317
train,stratum,indic_cjk_arabic,te,sp_unigram,65536,27,132
train,stratum,indic_cjk_arabic,te,sp_unigram,65536,28,170
train,stratum,indic_cjk_arabic,te,sp_unigram,65536,30,58
train,stratum,indic_cjk_arabic,te,sp_unigram,65536,31,113
train,stratum,indic_cjk_arabic,te,sp_unigram,65536,33,7
train,stratum,indic_cjk_arabic,te,sp_unigram,65536,34,29
train,stratum,indic_cjk_arabic,te,sp_unigram,65536,37,42
train,stratum,indic_cjk_arabic,ur,sp_unigram,65536,1,8578
train,stratum,indic_cjk_arabic,ur,sp_unigram,65536,2,10827
train,stratum,indic_cjk_arabic,ur,sp_unigram,65536,3,3091
train,stratum,indic_cjk_arabic,ur,sp_unigram,65536,4,11207
train,stratum,indic_cjk_arabic,ur,sp_unigram,65536,5,17299
train,stratum,indic_cjk_arabic,ur,sp_unigram,65536,6,3874
train,stratum,indic_cjk_arabic,ur,sp_unigram,65536,7,12498
train,stratum,indic_cjk_arabic,ur,sp_unigram,65536,8,1323
train,stratum,indic_cjk_arabic,ur,sp_unigram,65536,9,8047
train,stratum,indic_cjk_arabic,ur,sp_unigram,65536,10,399
train,stratum,indic_cjk_arabic,ur,sp_unigram,65536,11,3276
train,stratum,indic_cjk_arabic,ur,sp_unigram,65536,12,157
train,stratum,indic_cjk_arabic,ur,sp_unigram,65536,13,1121
train,stratum,indic_cjk_arabic,ur,sp_unigram,65536,14,58
train,stratum,indic_cjk_arabic,ur,sp_unigram,65536,15,467
train,stratum,indic_cjk_arabic,ur,sp_unigram,65536,16,11
train,stratum,indic_cjk_arabic,ur,sp_unigram,65536,17,55
train,stratum,indic_cjk_arabic,ur,sp_unigram,65536,18,1
train,stratum,indic_cjk_arabic,ur,sp_unigram,65536,19,18
train,stratum,indic_cjk_arabic,zh,sp_unigram,65536,1,21848
train,stratum,indic_cjk_arabic,zh,sp_unigram,65536,2,8636
train,stratum,indic_cjk_arabic,zh,sp_unigram,65536,3,62078
train,stratum,indic_cjk_arabic,zh,sp_unigram,65536,4,1754
train,stratum,indic_cjk_arabic,zh,sp_unigram,65536,5,412
train,stratum,indic_cjk_arabic,zh,sp_unigram,65536,6,28417
train,stratum,indic_cjk_arabic,zh,sp_unigram,65536,7,2208
train,stratum,indic_cjk_arabic,zh,sp_unigram,65536,8,64
train,stratum,indic_cjk_arabic,zh,sp_unigram,65536,9,4512
train,stratum,indic_cjk_arabic,zh,sp_unigram,65536,10,544
train,stratum,indic_cjk_arabic,zh,sp_unigram,65536,11,10
train,stratum,indic_cjk_arabic,zh,sp_unigram,65536,12,2827
train,stratum,indic_cjk_arabic,zh,sp_unigram,65536,13,1930
train,stratum,indic_cjk_arabic,zh,sp_unigram,65536,15,758
train,stratum,indic_cjk_arabic,zh,sp_unigram,65536,16,1280
train,stratum,indic_cjk_arabic,zh,sp_unigram,65536,18,72
train,stratum,indic_cjk_arabic,zh,sp_unigram,65536,19,791
train,stratum,indic_cjk_arabic,zh,sp_unigram,65536,21,174
train,stratum,indic_cjk_arabic,zh,sp_unigram,65536,22,1024
train,stratum,indic_cjk_arabic,zh,sp_unigram,65536,24,28
train,stratum,indic_cjk_arabic,zh,sp_unigram,65536,25,342
train,stratum,indic_cjk_arabic,zh,sp_unigram,65536,28,23
train,stratum,indic_cjk_arabic,zh,sp_unigram,65536,33,56
train,stratum,latin_english,en,sp_unigram,65536,1,5812
train,stratum,latin_english,en,sp_unigram,65536,2,2830
train,stratum,latin_english,en,sp_unigram,65536,3,5274
train,stratum,latin_english,en,sp_unigram,65536,4,4960
train,stratum,latin_english,en,sp_unigram,65536,5,3799
train,stratum,latin_english,en,sp_unigram,65536,6,2315
train,stratum,latin_english,en,sp_unigram,65536,7,1945
train,stratum,latin_english,en,sp_unigram,65536,8,1447
train,stratum,latin_english,en,sp_unigram,65536,9,981
train,stratum,latin_english,en,sp_unigram,65536,10,644
train,stratum,latin_english,en,sp_unigram,65536,11,377
train,stratum,latin_english,en,sp_unigram,65536,12,209
train,stratum,latin_english,en,sp_unigram,65536,13,70
train,stratum,latin_english,en,sp_unigram,65536,14,50
train,stratum,latin_english,en,sp_unigram,65536,15,9
train,stratum,latin_english,en,sp_unigram,65536,16,4
train,language,,am,sp_unigram,65536,1,12457
train,language,,am,sp_unigram,65536,2,1488
train,language,,am,sp_unigram,65536,3,26089
train,language,,am,sp_unigram,65536,4,6923
train,language,,am,sp_unigram,65536,5,330
train,language,,am,sp_unigram,65536,6,11740
train,language,,am,sp_unigram,65536,7,5931
train,language,,am,sp_unigram,65536,8,64
train,language,,am,sp_unigram,65536,9,3811
train,language,,am,sp_unigram,65536,10,3998
train,language,,am,sp_unigram,65536,11,6
train,language,,am,sp_unigram,65536,12,2291
train,language,,am,sp_unigram,65536,13,1679
train,language,,am,sp_unigram,65536,14,1
train,language,,am,sp_unigram,65536,15,772
train,language,,am,sp_unigram,65536,16,611
train,language,,am,sp_unigram,65536,18,190
train,language,,am,sp_unigram,65536,19,262
train,language,,am,sp_unigram,65536,21,31
train,language,,am,sp_unigram,65536,22,25
train,language,,am,sp_unigram,65536,24,17
train,language,,ar,sp_unigram,65536,1,6440
train,language,,ar,sp_unigram,65536,2,7108
train,language,,ar,sp_unigram,65536,3,3057
train,language,,ar,sp_unigram,65536,4,9360
train,language,,ar,sp_unigram,65536,5,5084
train,language,,ar,sp_unigram,65536,6,4335
train,language,,ar,sp_unigram,65536,7,3815
train,language,,ar,sp_unigram,65536,8,1631
train,language,,ar,sp_unigram,65536,9,1474
train,language,,ar,sp_unigram,65536,10,1222
train,language,,ar,sp_unigram,65536,11,769
train,language,,ar,sp_unigram,65536,12,379
train,language,,ar,sp_unigram,65536,13,404
train,language,,ar,sp_unigram,65536,14,134
train,language,,ar,sp_unigram,65536,15,448
train,language,,ar,sp_unigram,65536,16,35
train,language,,ar,sp_unigram,65536,17,117
train,language,,ar,sp_unigram,65536,18,14
train,language,,ar,sp_unigram,65536,19,29
train,language,,ar,sp_unigram,65536,20,7
train,language,,ar,sp_unigram,65536,21,44
train,language,,ar,sp_unigram,65536,22,3
train,language,,bg,sp_unigram,65536,1,8225
train,language,,bg,sp_unigram,65536,2,5772
train,language,,bg,sp_unigram,65536,3,3557
train,language,,bg,sp_unigram,65536,4,7566
train,language,,bg,sp_unigram,65536,5,5994
train,language,,bg,sp_unigram,65536,6,4866
train,language,,bg,sp_unigram,65536,7,1802
train,language,,bg,sp_unigram,65536,8,2176
train,language,,bg,sp_unigram,65536,9,1907
train,language,,bg,sp_unigram,65536,10,986
train,language,,bg,sp_unigram,65536,11,1431
train,language,,bg,sp_unigram,65536,12,419
train,language,,bg,sp_unigram,65536,13,1188
train,language,,bg,sp_unigram,65536,14,174
train,language,,bg,sp_unigram,65536,15,723
train,language,,bg,sp_unigram,65536,16,91
train,language,,bg,sp_unigram,65536,17,498
train,language,,bg,sp_unigram,65536,18,82
train,language,,bg,sp_unigram,65536,19,246
train,language,,bg,sp_unigram,65536,20,14
train,language,,bg,sp_unigram,65536,21,181
train,language,,bg,sp_unigram,65536,22,14
train,language,,bg,sp_unigram,65536,23,63
train,language,,bg,sp_unigram,65536,25,16
train,language,,bg,sp_unigram,65536,26,4
train,language,,bg,sp_unigram,65536,27,8
train,language,,bg,sp_unigram,65536,29,7
train,language,,bn,sp_unigram,65536,1,6222
train,language,,bn,sp_unigram,65536,2,438
train,language,,bn,sp_unigram,65536,3,8630
train,language,,bn,sp_unigram,65536,4,1295
train,language,,bn,sp_unigram,65536,5,128
train,language,,bn,sp_unigram,65536,6,7069
train,language,,bn,sp_unigram,65536,7,1751
train,language,,bn,sp_unigram,65536,8,24
train,language,,bn,sp_unigram,65536,9,3068
train,language,,bn,sp_unigram,65536,10,2237
train,language,,bn,sp_unigram,65536,11,5
train,language,,bn,sp_unigram,65536,12,1177
train,language,,bn,sp_unigram,65536,13,2327
train,language,,bn,sp_unigram,65536,14,1
train,language,,bn,sp_unigram,65536,15,444
train,language,,bn,sp_unigram,65536,16,1594
train,language,,bn,sp_unigram,65536,18,357
train,language,,bn,sp_unigram,65536,19,949
train,language,,bn,sp_unigram,65536,21,261
train,language,,bn,sp_unigram,65536,22,379
train,language,,bn,sp_unigram,65536,24,91
train,language,,bn,sp_unigram,65536,25,253
train,language,,bn,sp_unigram,65536,27,50
train,language,,bn,sp_unigram,65536,28,163
train,language,,bn,sp_unigram,65536,30,13
train,language,,bn,sp_unigram,65536,31,62
train,language,,bn,sp_unigram,65536,33,31
train,language,,bn,sp_unigram,65536,34,43
train,language,,bn,sp_unigram,65536,36,9
train,language,,bn,sp_unigram,65536,37,1
train,language,,bn,sp_unigram,65536,42,1
train,language,,bn,sp_unigram,65536,43,2
train,language,,bn,sp_unigram,65536,46,16
train,language,,c,sp_unigram,65536,1,47609
train,language,,c,sp_unigram,65536,2,13708
train,language,,c,sp_unigram,65536,3,12091
train,language,,c,sp_unigram,65536,4,9709
train,language,,c,sp_unigram,65536,5,5702
train,language,,c,sp_unigram,65536,6,4926
train,language,,c,sp_unigram,65536,7,2950
train,language,,c,sp_unigram,65536,8,1589
train,language,,c,sp_unigram,65536,9,918
train,language,,c,sp_unigram,65536,10,736
train,language,,c,sp_unigram,65536,11,363
train,language,,c,sp_unigram,65536,12,175
train,language,,c,sp_unigram,65536,13,136
train,language,,c,sp_unigram,65536,14,76
train,language,,c,sp_unigram,65536,15,35
train,language,,c,sp_unigram,65536,16,191
train,language,,cpp,sp_unigram,65536,1,113338
train,language,,cpp,sp_unigram,65536,2,37228
train,language,,cpp,sp_unigram,65536,3,26865
train,language,,cpp,sp_unigram,65536,4,21648
train,language,,cpp,sp_unigram,65536,5,11346
train,language,,cpp,sp_unigram,65536,6,16589
train,language,,cpp,sp_unigram,65536,7,11971
train,language,,cpp,sp_unigram,65536,8,4350
train,language,,cpp,sp_unigram,65536,9,3337
train,language,,cpp,sp_unigram,65536,10,2597
train,language,,cpp,sp_unigram,65536,11,1391
train,language,,cpp,sp_unigram,65536,12,599
train,language,,cpp,sp_unigram,65536,13,510
train,language,,cpp,sp_unigram,65536,14,513
train,language,,cpp,sp_unigram,65536,15,280
train,language,,cpp,sp_unigram,65536,16,577
train,language,,en,sp_unigram,65536,1,5812
train,language,,en,sp_unigram,65536,2,2830
train,language,,en,sp_unigram,65536,3,5274
train,language,,en,sp_unigram,65536,4,4960
train,language,,en,sp_unigram,65536,5,3799
train,language,,en,sp_unigram,65536,6,2315
train,language,,en,sp_unigram,65536,7,1945
train,language,,en,sp_unigram,65536,8,1447
train,language,,en,sp_unigram,65536,9,981
train,language,,en,sp_unigram,65536,10,644
train,language,,en,sp_unigram,65536,11,377
train,language,,en,sp_unigram,65536,12,209
train,language,,en,sp_unigram,65536,13,70
train,language,,en,sp_unigram,65536,14,50
train,language,,en,sp_unigram,65536,15,9
train,language,,en,sp_unigram,65536,16,4
train,language,,fa,sp_unigram,65536,1,4934
train,language,,fa,sp_unigram,65536,2,4690
train,language,,fa,sp_unigram,65536,3,2137
train,language,,fa,sp_unigram,65536,4,4610
train,language,,fa,sp_unigram,65536,5,5379
train,language,,fa,sp_unigram,65536,6,2293
train,language,,fa,sp_unigram,65536,7,3860
train,language,,fa,sp_unigram,65536,8,902
train,language,,fa,sp_unigram,65536,9,3370
train,language,,fa,sp_unigram,65536,10,387
train,language,,fa,sp_unigram,65536,11,2281
train,language,,fa,sp_unigram,65536,12,131
train,language,,fa,sp_unigram,65536,13,742
train,language,,fa,sp_unigram,65536,14,100
train,language,,fa,sp_unigram,65536,15,529
train,language,,fa,sp_unigram,65536,16,109
train,language,,fa,sp_unigram,65536,17,42
train,language,,fa,sp_unigram,65536,18,10
train,language,,fa,sp_unigram,65536,21,1
train,language,,fa,sp_unigram,65536,22,17
train,language,,fa,sp_unigram,65536,26,49
train,language,,fa,sp_unigram,65536,28,19
train,language,,go,sp_unigram,65536,1,70231
train,language,,go,sp_unigram,65536,2,21747
train,language,,go,sp_unigram,65536,3,20990
train,language,,go,sp_unigram,65536,4,17370
train,language,,go,sp_unigram,65536,5,10135
train,language,,go,sp_unigram,65536,6,9515
train,language,,go,sp_unigram,65536,7,7268
train,language,,go,sp_unigram,65536,8,5093
train,language,,go,sp_unigram,65536,9,2455
train,language,,go,sp_unigram,65536,10,1299
train,language,,go,sp_unigram,65536,11,787
train,language,,go,sp_unigram,65536,12,455
train,language,,go,sp_unigram,65536,13,455
train,language,,go,sp_unigram,65536,14,183
train,language,,go,sp_unigram,65536,15,305
train,language,,go,sp_unigram,65536,16,415
train,language,,gu,sp_unigram,65536,1,6803
train,language,,gu,sp_unigram,65536,2,853
train,language,,gu,sp_unigram,65536,3,7721
train,language,,gu,sp_unigram,65536,4,2093
train,language,,gu,sp_unigram,65536,5,181
train,language,,gu,sp_unigram,65536,6,8397
train,language,,gu,sp_unigram,65536,7,3350
train,language,,gu,sp_unigram,65536,8,51
train,language,,gu,sp_unigram,65536,9,2948
train,language,,gu,sp_unigram,65536,10,3219
train,language,,gu,sp_unigram,65536,11,1
train,language,,gu,sp_unigram,65536,12,691
train,language,,gu,sp_unigram,65536,13,2386
train,language,,gu,sp_unigram,65536,15,326
train,language,,gu,sp_unigram,65536,16,1241
train,language,,gu,sp_unigram,65536,18,216
train,language,,gu,sp_unigram,65536,19,730
train,language,,gu,sp_unigram,65536,21,27
train,language,,gu,sp_unigram,65536,22,195
train,language,,gu,sp_unigram,65536,24,61
train,language,,gu,sp_unigram,65536,25,88
train,language,,gu,sp_unigram,65536,27,16
train,language,,gu,sp_unigram,65536,28,16
train,language,,gu,sp_unigram,65536,31,6
train,language,,gu,sp_unigram,65536,33,6
train,language,,gu,sp_unigram,65536,34,21
train,language,,hi,sp_unigram,65536,1,7138
train,language,,hi,sp_unigram,65536,2,741
train,language,,hi,sp_unigram,65536,3,7911
train,language,,hi,sp_unigram,65536,4,1548
train,language,,hi,sp_unigram,65536,5,160
train,language,,hi,sp_unigram,65536,6,7589
train,language,,hi,sp_unigram,65536,7,9505
train,language,,hi,sp_unigram,65536,8,33
train,language,,hi,sp_unigram,65536,9,2622
train,language,,hi,sp_unigram,65536,10,4957
train,language,,hi,sp_unigram,65536,11,3
train,language,,hi,sp_unigram,65536,12,908
train,language,,hi,sp_unigram,65536,13,3501
train,language,,hi,sp_unigram,65536,15,434
train,language,,hi,sp_unigram,65536,16,1432
train,language,,hi,sp_unigram,65536,18,198
train,language,,hi,sp_unigram,65536,19,785
train,language,,hi,sp_unigram,65536,21,153
train,language,,hi,sp_unigram,65536,22,223
train,language,,hi,sp_unigram,65536,24,47
train,language,,hi,sp_unigram,65536,25,72
train,language,,hi,sp_unigram,65536,27,11
train,language,,hi,sp_unigram,65536,28,39
train,language,,hi,sp_unigram,65536,30,10
train,language,,hi,sp_unigram,65536,31,6
train,language,,hi,sp_unigram,65536,33,13
train,language,,hi,sp_unigram,65536,34,5
train,language,,ja,sp_unigram,65536,1,13608
train,language,,ja,sp_unigram,65536,2,4946
train,language,,ja,sp_unigram,65536,3,38669
train,language,,ja,sp_unigram,65536,4,1344
train,language,,ja,sp_unigram,65536,5,496
train,language,,ja,sp_unigram,65536,6,11521
train,language,,ja,sp_unigram,65536,7,316
train,language,,ja,sp_unigram,65536,8,124
train,language,,ja,sp_unigram,65536,9,4778
train,language,,ja,sp_unigram,65536,10,224
train,language,,ja,sp_unigram,65536,11,14
train,language,,ja,sp_unigram,65536,12,2159
train,language,,ja,sp_unigram,65536,13,22
train,language,,ja,sp_unigram,65536,14,2
train,language,,ja,sp_unigram,65536,15,1010
train,language,,ja,sp_unigram,65536,16,23
train,language,,ja,sp_unigram,65536,18,350
train,language,,ja,sp_unigram,65536,21,144
train,language,,ja,sp_unigram,65536,24,53
train,language,,ja,sp_unigram,65536,27,29
train,language,,ja,sp_unigram,65536,30,3
train,language,,ja,sp_unigram,65536,33,5
train,language,,java,sp_unigram,65536,1,45342
train,language,,java,sp_unigram,65536,2,5885
train,language,,java,sp_unigram,65536,3,6118
train,language,,java,sp_unigram,65536,4,4241
train,language,,java,sp_unigram,65536,5,3084
train,language,,java,sp_unigram,65536,6,2759
train,language,,java,sp_unigram,65536,7,2490
train,language,,java,sp_unigram,65536,8,1351
train,language,,java,sp_unigram,65536,9,809
train,language,,java,sp_unigram,65536,10,517
train,language,,java,sp_unigram,65536,11,352
train,language,,java,sp_unigram,65536,12,150
train,language,,java,sp_unigram,65536,13,51
train,language,,java,sp_unigram,65536,14,45
train,language,,java,sp_unigram,65536,15,87
train,language,,java,sp_unigram,65536,16,136
train,language,,javascript,sp_unigram,65536,1,22198
train,language,,javascript,sp_unigram,65536,2,8570
train,language,,javascript,sp_unigram,65536,3,5307
train,language,,javascript,sp_unigram,65536,4,3262
train,language,,javascript,sp_unigram,65536,5,1972
train,language,,javascript,sp_unigram,65536,6,1647
train,language,,javascript,sp_unigram,65536,7,1002
train,language,,javascript,sp_unigram,65536,8,649
train,language,,javascript,sp_unigram,65536,9,631
train,language,,javascript,sp_unigram,65536,10,278
train,language,,javascript,sp_unigram,65536,11,177
train,language,,javascript,sp_unigram,65536,12,9
train,language,,javascript,sp_unigram,65536,13,72
train,language,,javascript,sp_unigram,65536,14,49
train,language,,javascript,sp_unigram,65536,16,5
train,language,,kn,sp_unigram,65536,1,14729
train,language,,kn,sp_unigram,65536,2,3832
train,language,,kn,sp_unigram,65536,3,12659
train,language,,kn,sp_unigram,65536,4,3185
train,language,,kn,sp_unigram,65536,5,175
train,language,,kn,sp_unigram,65536,6,11504
train,language,,kn,sp_unigram,65536,7,1492
train,language,,kn,sp_unigram,65536,8,61
train,language,,kn,sp_unigram,65536,9,5721
train,language,,kn,sp_unigram,65536,10,2206
train,language,,kn,sp_unigram,65536,11,7
train,language,,kn,sp_unigram,65536,12,3294
train,language,,kn,sp_unigram,65536,13,2810
train,language,,kn,sp_unigram,65536,14,1
train,language,,kn,sp_unigram,65536,15,2375
train,language,,kn,sp_unigram,65536,16,1944
train,language,,kn,sp_unigram,65536,18,1304
train,language,,kn,sp_unigram,65536,19,874
train,language,,kn,sp_unigram,65536,21,679
train,language,,kn,sp_unigram,65536,22,333
train,language,,kn,sp_unigram,65536,24,314
train,language,,kn,sp_unigram,65536,25,192
train,language,,kn,sp_unigram,65536,27,136
train,language,,kn,sp_unigram,65536,28,77
train,language,,kn,sp_unigram,65536,30,36
train,language,,kn,sp_unigram,65536,31,29
train,language,,kn,sp_unigram,65536,33,31
train,language,,kn,sp_unigram,65536,34,28
train,language,,kn,sp_unigram,65536,42,85
train,language,,ko,sp_unigram,65536,1,11536
train,language,,ko,sp_unigram,65536,2,1508
train,language,,ko,sp_unigram,65536,3,24601
train,language,,ko,sp_unigram,65536,4,4205
train,language,,ko,sp_unigram,65536,5,135
train,language,,ko,sp_unigram,65536,6,5304
train,language,,ko,sp_unigram,65536,7,4937
train,language,,ko,sp_unigram,65536,8,26
train,language,,ko,sp_unigram,65536,9,1104
train,language,,ko,sp_unigram,65536,10,939
train,language,,ko,sp_unigram,65536,11,2
train,language,,ko,sp_unigram,65536,12,196
train,language,,ko,sp_unigram,65536,13,452
train,language,,ko,sp_unigram,65536,14,2
train,language,,ko,sp_unigram,65536,15,62
train,language,,ko,sp_unigram,65536,16,13
train,language,,ml,sp_unigram,65536,1,4375
train,language,,ml,sp_unigram,65536,2,580
train,language,,ml,sp_unigram,65536,3,5252
train,language,,ml,sp_unigram,65536,4,1342
train,language,,ml,sp_unigram,65536,5,169
train,language,,ml,sp_unigram,65536,6,4544
train,language,,ml,sp_unigram,65536,7,570
train,language,,ml,sp_unigram,65536,8,35
train,language,,ml,sp_unigram,65536,9,2795
train,language,,ml,sp_unigram,65536,10,446
train,language,,ml,sp_unigram,65536,12,1994
train,language,,ml,sp_unigram,65536,13,401
train,language,,ml,sp_unigram,65536,15,994
train,language,,ml,sp_unigram,65536,16,461
train,language,,ml,sp_unigram,65536,18,641
train,language,,ml,sp_unigram,65536,19,391
train,language,,ml,sp_unigram,65536,21,302
train,language,,ml,sp_unigram,65536,22,187
train,language,,ml,sp_unigram,65536,24,185
train,language,,ml,sp_unigram,65536,25,124
train,language,,ml,sp_unigram,65536,27,91
train,language,,ml,sp_unigram,65536,28,88
train,language,,ml,sp_unigram,65536,30,34
train,language,,ml,sp_unigram,65536,31,34
train,language,,ml,sp_unigram,65536,33,24
train,language,,ml,sp_unigram,65536,34,20
train,language,,ml,sp_unigram,65536,36,33
train,language,,ml,sp_unigram,65536,37,36
train,language,,ml,sp_unigram,65536,39,6
train,language,,ml,sp_unigram,65536,40,11
train,language,,mr,sp_unigram,65536,1,7672
train,language,,mr,sp_unigram,65536,2,1007
train,language,,mr,sp_unigram,65536,3,8588
train,language,,mr,sp_unigram,65536,4,1448
train,language,,mr,sp_unigram,65536,5,198
train,language,,mr,sp_unigram,65536,6,9033
train,language,,mr,sp_unigram,65536,7,3267
train,language,,mr,sp_unigram,65536,8,96
train,language,,mr,sp_unigram,65536,9,3397
train,language,,mr,sp_unigram,65536,10,3619
train,language,,mr,sp_unigram,65536,11,15
train,language,,mr,sp_unigram,65536,12,1828
train,language,,mr,sp_unigram,65536,13,3259
train,language,,mr,sp_unigram,65536,15,970
train,language,,mr,sp_unigram,65536,16,1425
train,language,,mr,sp_unigram,65536,18,549
train,language,,mr,sp_unigram,65536,19,1388
train,language,,mr,sp_unigram,65536,21,253
train,language,,mr,sp_unigram,65536,22,668
train,language,,mr,sp_unigram,65536,24,136
train,language,,mr,sp_unigram,65536,25,274
train,language,,mr,sp_unigram,65536,27,25
train,language,,mr,sp_unigram,65536,28,136
train,language,,mr,sp_unigram,65536,30,5
train,language,,mr,sp_unigram,65536,31,45
train,language,,mr,sp_unigram,65536,33,18
train,language,,mr,sp_unigram,65536,34,2
train,language,,mr,sp_unigram,65536,36,7
train,language,,mr,sp_unigram,65536,39,4
train,language,,mr,sp_unigram,65536,43,5
train,language,,python,sp_unigram,65536,1,49711
train,language,,python,sp_unigram,65536,2,7523
train,language,,python,sp_unigram,65536,3,5751
train,language,,python,sp_unigram,65536,4,5845
train,language,,python,sp_unigram,65536,5,4089
train,language,,python,sp_unigram,65536,6,3213
train,language,,python,sp_unigram,65536,7,2247
train,language,,python,sp_unigram,65536,8,1301
train,language,,python,sp_unigram,65536,9,870
train,language,,python,sp_unigram,65536,10,473
train,language,,python,sp_unigram,65536,11,440
train,language,,python,sp_unigram,65536,12,94
train,language,,python,sp_unigram,65536,13,44
train,language,,python,sp_unigram,65536,14,26
train,language,,python,sp_unigram,65536,15,57
train,language,,python,sp_unigram,65536,16,99
train,language,,ru,sp_unigram,65536,1,7122
train,language,,ru,sp_unigram,65536,2,5989
train,language,,ru,sp_unigram,65536,3,2924
train,language,,ru,sp_unigram,65536,4,7318
train,language,,ru,sp_unigram,65536,5,2836
train,language,,ru,sp_unigram,65536,6,4945
train,language,,ru,sp_unigram,65536,7,1994
train,language,,ru,sp_unigram,65536,8,2229
train,language,,ru,sp_unigram,65536,9,1358
train,language,,ru,sp_unigram,65536,10,976
train,language,,ru,sp_unigram,65536,11,1571
train,language,,ru,sp_unigram,65536,12,438
train,language,,ru,sp_unigram,65536,13,1131
train,language,,ru,sp_unigram,65536,14,301
train,language,,ru,sp_unigram,65536,15,734
train,language,,ru,sp_unigram,65536,16,106
train,language,,ru,sp_unigram,65536,17,470
train,language,,ru,sp_unigram,65536,18,102
train,language,,ru,sp_unigram,65536,19,282
train,language,,ru,sp_unigram,65536,20,32
train,language,,ru,sp_unigram,65536,21,154
train,language,,ru,sp_unigram,65536,22,9
train,language,,ru,sp_unigram,65536,23,66
train,language,,ru,sp_unigram,65536,24,8
train,language,,ru,sp_unigram,65536,25,28
train,language,,ru,sp_unigram,65536,26,1
train,language,,ru,sp_unigram,65536,27,34
train,language,,ru,sp_unigram,65536,29,11
train,language,,rust,sp_unigram,65536,1,102712
train,language,,rust,sp_unigram,65536,2,19327
train,language,,rust,sp_unigram,65536,3,19720
train,language,,rust,sp_unigram,65536,4,13583
train,language,,rust,sp_unigram,65536,5,8998
train,language,,rust,sp_unigram,65536,6,5423
train,language,,rust,sp_unigram,65536,7,4344
train,language,,rust,sp_unigram,65536,8,1888
train,language,,rust,sp_unigram,65536,9,1174
train,language,,rust,sp_unigram,65536,10,833
train,language,,rust,sp_unigram,65536,11,406
train,language,,rust,sp_unigram,65536,12,80
train,language,,rust,sp_unigram,65536,13,51
train,language,,rust,sp_unigram,65536,14,120
train,language,,rust,sp_unigram,65536,15,27
train,language,,rust,sp_unigram,65536,16,30
train,language,,sql,sp_unigram,65536,1,76913
train,language,,sql,sp_unigram,65536,2,82330
train,language,,sql,sp_unigram,65536,3,63391
train,language,,sql,sp_unigram,65536,4,22678
train,language,,sql,sp_unigram,65536,5,20691
train,language,,sql,sp_unigram,65536,6,10197
train,language,,sql,sp_unigram,65536,7,11589
train,language,,sql,sp_unigram,65536,8,6599
train,language,,sql,sp_unigram,65536,9,10441
train,language,,sql,sp_unigram,65536,10,1621
train,language,,sql,sp_unigram,65536,11,1271
train,language,,sql,sp_unigram,65536,12,335
train,language,,sql,sp_unigram,65536,13,212
train,language,,sql,sp_unigram,65536,14,8
train,language,,sql,sp_unigram,65536,15,54
train,language,,sql,sp_unigram,65536,16,622
train,language,,sw,sp_unigram,65536,1,13787
train,language,,sw,sp_unigram,65536,2,10173
train,language,,sw,sp_unigram,65536,3,19022
train,language,,sw,sp_unigram,65536,4,8120
train,language,,sw,sp_unigram,65536,5,8506
train,language,,sw,sp_unigram,65536,6,5831
train,language,,sw,sp_unigram,65536,7,6190
train,language,,sw,sp_unigram,65536,8,2672
train,language,,sw,sp_unigram,65536,9,1902
train,language,,sw,sp_unigram,65536,10,1201
train,language,,sw,sp_unigram,65536,11,384
train,language,,sw,sp_unigram,65536,12,203
train,language,,sw,sp_unigram,65536,13,84
train,language,,sw,sp_unigram,65536,14,5
train,language,,ta,sp_unigram,65536,1,4859
train,language,,ta,sp_unigram,65536,2,631
train,language,,ta,sp_unigram,65536,3,3838
train,language,,ta,sp_unigram,65536,4,1537
train,language,,ta,sp_unigram,65536,5,120
train,language,,ta,sp_unigram,65536,6,5348
train,language,,ta,sp_unigram,65536,7,1012
train,language,,ta,sp_unigram,65536,8,21
train,language,,ta,sp_unigram,65536,9,3621
train,language,,ta,sp_unigram,65536,10,859
train,language,,ta,sp_unigram,65536,11,3
train,language,,ta,sp_unigram,65536,12,2484
train,language,,ta,sp_unigram,65536,13,1127
train,language,,ta,sp_unigram,65536,15,877
train,language,,ta,sp_unigram,65536,16,813
train,language,,ta,sp_unigram,65536,18,669
train,language,,ta,sp_unigram,65536,19,706
train,language,,ta,sp_unigram,65536,21,330
train,language,,ta,sp_unigram,65536,22,456
train,language,,ta,sp_unigram,65536,24,181
train,language,,ta,sp_unigram,65536,25,256
train,language,,ta,sp_unigram,65536,27,60
train,language,,ta,sp_unigram,65536,28,111
train,language,,ta,sp_unigram,65536,30,56
train,language,,ta,sp_unigram,65536,31,56
train,language,,ta,sp_unigram,65536,33,19
train,language,,ta,sp_unigram,65536,34,22
train,language,,ta,sp_unigram,65536,36,8
train,language,,ta,sp_unigram,65536,39,9
train,language,,ta,sp_unigram,65536,40,7
train,language,,ta,sp_unigram,65536,46,4
train,language,,te,sp_unigram,65536,1,7876
train,language,,te,sp_unigram,65536,2,932
train,language,,te,sp_unigram,65536,3,6847
train,language,,te,sp_unigram,65536,4,1967
train,language,,te,sp_unigram,65536,5,188
train,language,,te,sp_unigram,65536,6,10796
train,language,,te,sp_unigram,65536,7,1256
train,language,,te,sp_unigram,65536,8,26
train,language,,te,sp_unigram,65536,9,3440
train,language,,te,sp_unigram,65536,10,1107
train,language,,te,sp_unigram,65536,11,9
train,language,,te,sp_unigram,65536,12,1915
train,language,,te,sp_unigram,65536,13,1455
train,language,,te,sp_unigram,65536,15,948
train,language,,te,sp_unigram,65536,16,1070
train,language,,te,sp_unigram,65536,18,613
train,language,,te,sp_unigram,65536,19,1000
train,language,,te,sp_unigram,65536,21,299
train,language,,te,sp_unigram,65536,22,433
train,language,,te,sp_unigram,65536,24,78
train,language,,te,sp_unigram,65536,25,317
train,language,,te,sp_unigram,65536,27,132
train,language,,te,sp_unigram,65536,28,170
train,language,,te,sp_unigram,65536,30,58
train,language,,te,sp_unigram,65536,31,113
train,language,,te,sp_unigram,65536,33,7
train,language,,te,sp_unigram,65536,34,29
train,language,,te,sp_unigram,65536,37,42
train,language,,typescript,sp_unigram,65536,1,191872
train,language,,typescript,sp_unigram,65536,2,39936
train,language,,typescript,sp_unigram,65536,3,23843
train,language,,typescript,sp_unigram,65536,4,21454
train,language,,typescript,sp_unigram,65536,5,13263
train,language,,typescript,sp_unigram,65536,6,9925
train,language,,typescript,sp_unigram,65536,7,8588
train,language,,typescript,sp_unigram,65536,8,4161
train,language,,typescript,sp_unigram,65536,9,2016
train,language,,typescript,sp_unigram,65536,10,1540
train,language,,typescript,sp_unigram,65536,11,3239
train,language,,typescript,sp_unigram,65536,12,366
train,language,,typescript,sp_unigram,65536,13,182
train,language,,typescript,sp_unigram,65536,14,81
train,language,,typescript,sp_unigram,65536,15,142
train,language,,typescript,sp_unigram,65536,16,430
train,language,,typescript,sp_unigram,65536,18,26
train,language,,uk,sp_unigram,65536,1,5830
train,language,,uk,sp_unigram,65536,2,5593
train,language,,uk,sp_unigram,65536,3,2532
train,language,,uk,sp_unigram,65536,4,6171
train,language,,uk,sp_unigram,65536,5,2435
train,language,,uk,sp_unigram,65536,6,4098
train,language,,uk,sp_unigram,65536,7,1573
train,language,,uk,sp_unigram,65536,8,1574
train,language,,uk,sp_unigram,65536,9,1057
train,language,,uk,sp_unigram,65536,10,861
train,language,,uk,sp_unigram,65536,11,1033
train,language,,uk,sp_unigram,65536,12,366
train,language,,uk,sp_unigram,65536,13,808
train,language,,uk,sp_unigram,65536,14,178
train,language,,uk,sp_unigram,65536,15,616
train,language,,uk,sp_unigram,65536,16,102
train,language,,uk,sp_unigram,65536,17,379
train,language,,uk,sp_unigram,65536,18,95
train,language,,uk,sp_unigram,65536,19,198
train,language,,uk,sp_unigram,65536,20,32
train,language,,uk,sp_unigram,65536,21,122
train,language,,uk,sp_unigram,65536,22,7
train,language,,uk,sp_unigram,65536,23,63
train,language,,uk,sp_unigram,65536,25,16
train,language,,uk,sp_unigram,65536,27,2
train,language,,uk,sp_unigram,65536,28,3
train,language,,uk,sp_unigram,65536,29,2
train,language,,ur,sp_unigram,65536,1,8578
train,language,,ur,sp_unigram,65536,2,10827
train,language,,ur,sp_unigram,65536,3,3091
train,language,,ur,sp_unigram,65536,4,11207
train,language,,ur,sp_unigram,65536,5,17299
train,language,,ur,sp_unigram,65536,6,3874
train,language,,ur,sp_unigram,65536,7,12498
train,language,,ur,sp_unigram,65536,8,1323
train,language,,ur,sp_unigram,65536,9,8047
train,language,,ur,sp_unigram,65536,10,399
train,language,,ur,sp_unigram,65536,11,3276
train,language,,ur,sp_unigram,65536,12,157
train,language,,ur,sp_unigram,65536,13,1121
train,language,,ur,sp_unigram,65536,14,58
train,language,,ur,sp_unigram,65536,15,467
train,language,,ur,sp_unigram,65536,16,11
train,language,,ur,sp_unigram,65536,17,55
train,language,,ur,sp_unigram,65536,18,1
train,language,,ur,sp_unigram,65536,19,18
train,language,,yo,sp_unigram,65536,1,6352
train,language,,yo,sp_unigram,65536,2,5104
train,language,,yo,sp_unigram,65536,3,8004
train,language,,yo,sp_unigram,65536,4,4391
train,language,,yo,sp_unigram,65536,5,4071
train,language,,yo,sp_unigram,65536,6,1974
train,language,,yo,sp_unigram,65536,7,3246
train,language,,yo,sp_unigram,65536,8,1415
train,language,,yo,sp_unigram,65536,9,625
train,language,,yo,sp_unigram,65536,10,540
train,language,,yo,sp_unigram,65536,11,309
train,language,,yo,sp_unigram,65536,12,209
train,language,,yo,sp_unigram,65536,13,86
train,language,,yo,sp_unigram,65536,14,86
train,language,,yo,sp_unigram,65536,15,53
train,language,,yo,sp_unigram,65536,16,63
train,language,,yo,sp_unigram,65536,17,13
train,language,,yo,sp_unigram,65536,19,2
train,language,,zh,sp_unigram,65536,1,21848
train,language,,zh,sp_unigram,65536,2,8636
train,language,,zh,sp_unigram,65536,3,62078
train,language,,zh,sp_unigram,65536,4,1754
train,language,,zh,sp_unigram,65536,5,412
train,language,,zh,sp_unigram,65536,6,28417
train,language,,zh,sp_unigram,65536,7,2208
train,language,,zh,sp_unigram,65536,8,64
train,language,,zh,sp_unigram,65536,9,4512
train,language,,zh,sp_unigram,65536,10,544
train,language,,zh,sp_unigram,65536,11,10
train,language,,zh,sp_unigram,65536,12,2827
train,language,,zh,sp_unigram,65536,13,1930
train,language,,zh,sp_unigram,65536,15,758
train,language,,zh,sp_unigram,65536,16,1280
train,language,,zh,sp_unigram,65536,18,72
train,language,,zh,sp_unigram,65536,19,791
train,language,,zh,sp_unigram,65536,21,174
train,language,,zh,sp_unigram,65536,22,1024
train,language,,zh,sp_unigram,65536,24,28
train,language,,zh,sp_unigram,65536,25,342
train,language,,zh,sp_unigram,65536,28,23
train,language,,zh,sp_unigram,65536,33,56
train,domain,code,,sp_unigram,65536,1,719926
train,domain,code,,sp_unigram,65536,2,236254
train,domain,code,,sp_unigram,65536,3,184076
train,domain,code,,sp_unigram,65536,4,119790
train,domain,code,,sp_unigram,65536,5,79280
train,domain,code,,sp_unigram,65536,6,64194
train,domain,code,,sp_unigram,65536,7,52449
train,domain,code,,sp_unigram,65536,8,26981
train,domain,code,,sp_unigram,65536,9,22651
train,domain,code,,sp_unigram,65536,10,9894
train,domain,code,,sp_unigram,65536,11,8426
train,domain,code,,sp_unigram,65536,12,2263
train,domain,code,,sp_unigram,65536,13,1713
train,domain,code,,sp_unigram,65536,14,1101
train,domain,code,,sp_unigram,65536,15,987
train,domain,code,,sp_unigram,65536,16,2505
train,domain,code,,sp_unigram,65536,18,26
train,domain,cyrillic_african,,sp_unigram,65536,1,53773
train,domain,cyrillic_african,,sp_unigram,65536,2,34119
train,domain,cyrillic_african,,sp_unigram,65536,3,62128
train,domain,cyrillic_african,,sp_unigram,65536,4,40489
train,domain,cyrillic_african,,sp_unigram,65536,5,24172
train,domain,cyrillic_african,,sp_unigram,65536,6,33454
train,domain,cyrillic_african,,sp_unigram,65536,7,20736
train,domain,cyrillic_african,,sp_unigram,65536,8,10130
train,domain,cyrillic_african,,sp_unigram,65536,9,10660
train,domain,cyrillic_african,,sp_unigram,65536,10,8562
train,domain,cyrillic_african,,sp_unigram,65536,11,4734
train,domain,cyrillic_african,,sp_unigram,65536,12,3926
train,domain,cyrillic_african,,sp_unigram,65536,13,4976
train,domain,cyrillic_african,,sp_unigram,65536,14,745
train,domain,cyrillic_african,,sp_unigram,65536,15,2898
train,domain,cyrillic_african,,sp_unigram,65536,16,973
train,domain,cyrillic_african,,sp_unigram,65536,17,1360
train,domain,cyrillic_african,,sp_unigram,65536,18,469
train,domain,cyrillic_african,,sp_unigram,65536,19,990
train,domain,cyrillic_african,,sp_unigram,65536,20,78
train,domain,cyrillic_african,,sp_unigram,65536,21,488
train,domain,cyrillic_african,,sp_unigram,65536,22,55
train,domain,cyrillic_african,,sp_unigram,65536,23,192
train,domain,cyrillic_african,,sp_unigram,65536,24,25
train,domain,cyrillic_african,,sp_unigram,65536,25,60
train,domain,cyrillic_african,,sp_unigram,65536,26,5
train,domain,cyrillic_african,,sp_unigram,65536,27,44
train,domain,cyrillic_african,,sp_unigram,65536,28,3
train,domain,cyrillic_african,,sp_unigram,65536,29,20
train,domain,indic_cjk_arabic,,sp_unigram,65536,1,126618
train,domain,indic_cjk_arabic,,sp_unigram,65536,2,46729
train,domain,indic_cjk_arabic,,sp_unigram,65536,3,195079
train,domain,indic_cjk_arabic,,sp_unigram,65536,4,46895
train,domain,indic_cjk_arabic,,sp_unigram,65536,5,30124
train,domain,indic_cjk_arabic,,sp_unigram,65536,6,120024
train,domain,indic_cjk_arabic,,sp_unigram,65536,7,49837
train,domain,indic_cjk_arabic,,sp_unigram,65536,8,4417
train,domain,indic_cjk_arabic,,sp_unigram,65536,9,50897
train,domain,indic_cjk_arabic,,sp_unigram,65536,10,22365
train,domain,indic_cjk_arabic,,sp_unigram,65536,11,6395
train,domain,indic_cjk_arabic,,sp_unigram,65536,12,20140
train,domain,indic_cjk_arabic,,sp_unigram,65536,13,21937
train,domain,indic_cjk_arabic,,sp_unigram,65536,14,298
train,domain,indic_cjk_arabic,,sp_unigram,65536,15,10642
train,domain,indic_cjk_arabic,,sp_unigram,65536,16,11451
train,domain,indic_cjk_arabic,,sp_unigram,65536,17,214
train,domain,indic_cjk_arabic,,sp_unigram,65536,18,4994
train,domain,indic_cjk_arabic,,sp_unigram,65536,19,7661
train,domain,indic_cjk_arabic,,sp_unigram,65536,20,7
train,domain,indic_cjk_arabic,,sp_unigram,65536,21,2667
train,domain,indic_cjk_arabic,,sp_unigram,65536,22,3918
train,domain,indic_cjk_arabic,,sp_unigram,65536,24,1174
train,domain,indic_cjk_arabic,,sp_unigram,65536,25,1918
train,domain,indic_cjk_arabic,,sp_unigram,65536,26,49
train,domain,indic_cjk_arabic,,sp_unigram,65536,27,550
train,domain,indic_cjk_arabic,,sp_unigram,65536,28,842
train,domain,indic_cjk_arabic,,sp_unigram,65536,30,215
train,domain,indic_cjk_arabic,,sp_unigram,65536,31,351
train,domain,indic_cjk_arabic,,sp_unigram,65536,33,210
train,domain,indic_cjk_arabic,,sp_unigram,65536,34,170
train,domain,indic_cjk_arabic,,sp_unigram,65536,36,57
train,domain,indic_cjk_arabic,,sp_unigram,65536,37,79
train,domain,indic_cjk_arabic,,sp_unigram,65536,39,19
train,domain,indic_cjk_arabic,,sp_unigram,65536,40,18
train,domain,indic_cjk_arabic,,sp_unigram,65536,42,86
train,domain,indic_cjk_arabic,,sp_unigram,65536,43,7
train,domain,indic_cjk_arabic,,sp_unigram,65536,46,20
train,domain,latin_english,,sp_unigram,65536,1,5812
train,domain,latin_english,,sp_unigram,65536,2,2830
train,domain,latin_english,,sp_unigram,65536,3,5274
train,domain,latin_english,,sp_unigram,65536,4,4960
train,domain,latin_english,,sp_unigram,65536,5,3799
train,domain,latin_english,,sp_unigram,65536,6,2315
train,domain,latin_english,,sp_unigram,65536,7,1945
train,domain,latin_english,,sp_unigram,65536,8,1447
train,domain,latin_english,,sp_unigram,65536,9,981
train,domain,latin_english,,sp_unigram,65536,10,644
train,domain,latin_english,,sp_unigram,65536,11,377
train,domain,latin_english,,sp_unigram,65536,12,209
train,domain,latin_english,,sp_unigram,65536,13,70
train,domain,latin_english,,sp_unigram,65536,14,50
train,domain,latin_english,,sp_unigram,65536,15,9
train,domain,latin_english,,sp_unigram,65536,16,4
train,aggregate,,,sp_unigram,65536,1,906129
train,aggregate,,,sp_unigram,65536,2,319932
train,aggregate,,,sp_unigram,65536,3,446557
train,aggregate,,,sp_unigram,65536,4,212134
train,aggregate,,,sp_unigram,65536,5,137375
train,aggregate,,,sp_unigram,65536,6,219987
train,aggregate,,,sp_unigram,65536,7,124967
train,aggregate,,,sp_unigram,65536,8,42975
train,aggregate,,,sp_unigram,65536,9,85189
train,aggregate,,,sp_unigram,65536,10,41465
train,aggregate,,,sp_unigram,65536,11,19932
train,aggregate,,,sp_unigram,65536,12,26538
train,aggregate,,,sp_unigram,65536,13,28696
train,aggregate,,,sp_unigram,65536,14,2194
train,aggregate,,,sp_unigram,65536,15,14536
train,aggregate,,,sp_unigram,65536,16,14933
train,aggregate,,,sp_unigram,65536,17,1574
train,aggregate,,,sp_unigram,65536,18,5489
train,aggregate,,,sp_unigram,65536,19,8651
train,aggregate,,,sp_unigram,65536,20,85
train,aggregate,,,sp_unigram,65536,21,3155
train,aggregate,,,sp_unigram,65536,22,3973
train,aggregate,,,sp_unigram,65536,23,192
train,aggregate,,,sp_unigram,65536,24,1199
train,aggregate,,,sp_unigram,65536,25,1978
train,aggregate,,,sp_unigram,65536,26,54
train,aggregate,,,sp_unigram,65536,27,594
train,aggregate,,,sp_unigram,65536,28,845
train,aggregate,,,sp_unigram,65536,29,20
train,aggregate,,,sp_unigram,65536,30,215
train,aggregate,,,sp_unigram,65536,31,351
train,aggregate,,,sp_unigram,65536,33,210
train,aggregate,,,sp_unigram,65536,34,170
train,aggregate,,,sp_unigram,65536,36,57
train,aggregate,,,sp_unigram,65536,37,79
train,aggregate,,,sp_unigram,65536,39,19
train,aggregate,,,sp_unigram,65536,40,18
train,aggregate,,,sp_unigram,65536,42,86
train,aggregate,,,sp_unigram,65536,43,7
train,aggregate,,,sp_unigram,65536,46,20
validation,stratum,flores200,am,sp_unigram,65536,1,2634
validation,stratum,flores200,am,sp_unigram,65536,2,195
validation,stratum,flores200,am,sp_unigram,65536,3,8215
validation,stratum,flores200,am,sp_unigram,65536,4,1940
validation,stratum,flores200,am,sp_unigram,65536,5,16
validation,stratum,flores200,am,sp_unigram,65536,6,3526
validation,stratum,flores200,am,sp_unigram,65536,7,1646
validation,stratum,flores200,am,sp_unigram,65536,8,2
validation,stratum,flores200,am,sp_unigram,65536,9,1141
validation,stratum,flores200,am,sp_unigram,65536,10,1117
validation,stratum,flores200,am,sp_unigram,65536,11,1
validation,stratum,flores200,am,sp_unigram,65536,12,513
validation,stratum,flores200,am,sp_unigram,65536,13,530
validation,stratum,flores200,am,sp_unigram,65536,15,156
validation,stratum,flores200,am,sp_unigram,65536,16,162
validation,stratum,flores200,am,sp_unigram,65536,18,34
validation,stratum,flores200,am,sp_unigram,65536,19,65
validation,stratum,flores200,am,sp_unigram,65536,21,3
validation,stratum,flores200,am,sp_unigram,65536,22,5
validation,stratum,flores200,ar,sp_unigram,65536,1,2391
validation,stratum,flores200,ar,sp_unigram,65536,2,3249
validation,stratum,flores200,ar,sp_unigram,65536,3,1196
validation,stratum,flores200,ar,sp_unigram,65536,4,4796
validation,stratum,flores200,ar,sp_unigram,65536,5,2422
validation,stratum,flores200,ar,sp_unigram,65536,6,2037
validation,stratum,flores200,ar,sp_unigram,65536,7,1951
validation,stratum,flores200,ar,sp_unigram,65536,8,772
validation,stratum,flores200,ar,sp_unigram,65536,9,730
validation,stratum,flores200,ar,sp_unigram,65536,10,502
validation,stratum,flores200,ar,sp_unigram,65536,11,358
validation,stratum,flores200,ar,sp_unigram,65536,12,128
validation,stratum,flores200,ar,sp_unigram,65536,13,216
validation,stratum,flores200,ar,sp_unigram,65536,14,67
validation,stratum,flores200,ar,sp_unigram,65536,15,113
validation,stratum,flores200,ar,sp_unigram,65536,16,12
validation,stratum,flores200,ar,sp_unigram,65536,17,46
validation,stratum,flores200,ar,sp_unigram,65536,18,1
validation,stratum,flores200,ar,sp_unigram,65536,19,14
validation,stratum,flores200,ar,sp_unigram,65536,20,4
validation,stratum,flores200,ar,sp_unigram,65536,21,1
validation,stratum,flores200,bg,sp_unigram,65536,1,3143
validation,stratum,flores200,bg,sp_unigram,65536,2,2343
validation,stratum,flores200,bg,sp_unigram,65536,3,1481
validation,stratum,flores200,bg,sp_unigram,65536,4,3727
validation,stratum,flores200,bg,sp_unigram,65536,5,2749
validation,stratum,flores200,bg,sp_unigram,65536,6,2434
validation,stratum,flores200,bg,sp_unigram,65536,7,801
validation,stratum,flores200,bg,sp_unigram,65536,8,1190
validation,stratum,flores200,bg,sp_unigram,65536,9,910
validation,stratum,flores200,bg,sp_unigram,65536,10,492
validation,stratum,flores200,bg,sp_unigram,65536,11,669
validation,stratum,flores200,bg,sp_unigram,65536,12,231
validation,stratum,flores200,bg,sp_unigram,65536,13,450
validation,stratum,flores200,bg,sp_unigram,65536,14,56
validation,stratum,flores200,bg,sp_unigram,65536,15,323
validation,stratum,flores200,bg,sp_unigram,65536,16,25
validation,stratum,flores200,bg,sp_unigram,65536,17,214
validation,stratum,flores200,bg,sp_unigram,65536,18,23
validation,stratum,flores200,bg,sp_unigram,65536,19,102
validation,stratum,flores200,bg,sp_unigram,65536,20,6
validation,stratum,flores200,bg,sp_unigram,65536,21,84
validation,stratum,flores200,bg,sp_unigram,65536,22,2
validation,stratum,flores200,bg,sp_unigram,65536,23,24
validation,stratum,flores200,bg,sp_unigram,65536,25,12
validation,stratum,flores200,bg,sp_unigram,65536,26,1
validation,stratum,flores200,bg,sp_unigram,65536,27,4
validation,stratum,flores200,bg,sp_unigram,65536,29,1
validation,stratum,flores200,bn,sp_unigram,65536,1,3019
validation,stratum,flores200,bn,sp_unigram,65536,2,122
validation,stratum,flores200,bn,sp_unigram,65536,3,5303
validation,stratum,flores200,bn,sp_unigram,65536,4,412
validation,stratum,flores200,bn,sp_unigram,65536,5,7
validation,stratum,flores200,bn,sp_unigram,65536,6,4573
validation,stratum,flores200,bn,sp_unigram,65536,7,1062
validation,stratum,flores200,bn,sp_unigram,65536,8,1
validation,stratum,flores200,bn,sp_unigram,65536,9,2054
validation,stratum,flores200,bn,sp_unigram,65536,10,1443
validation,stratum,flores200,bn,sp_unigram,65536,12,735
validation,stratum,flores200,bn,sp_unigram,65536,13,1465
validation,stratum,flores200,bn,sp_unigram,65536,15,317
validation,stratum,flores200,bn,sp_unigram,65536,16,731
validation,stratum,flores200,bn,sp_unigram,65536,18,151
validation,stratum,flores200,bn,sp_unigram,65536,19,465
validation,stratum,flores200,bn,sp_unigram,65536,21,133
validation,stratum,flores200,bn,sp_unigram,65536,22,224
validation,stratum,flores200,bn,sp_unigram,65536,24,50
validation,stratum,flores200,bn,sp_unigram,65536,25,138
validation,stratum,flores200,bn,sp_unigram,65536,27,18
validation,stratum,flores200,bn,sp_unigram,65536,28,53
validation,stratum,flores200,bn,sp_unigram,65536,30,7
validation,stratum,flores200,bn,sp_unigram,65536,31,15
validation,stratum,flores200,bn,sp_unigram,65536,33,7
validation,stratum,flores200,bn,sp_unigram,65536,34,4
validation,stratum,flores200,bn,sp_unigram,65536,36,1
validation,stratum,flores200,bn,sp_unigram,65536,42,5
validation,stratum,flores200,bn,sp_unigram,65536,43,2
validation,stratum,flores200,fa,sp_unigram,65536,1,2253
validation,stratum,flores200,fa,sp_unigram,65536,2,2786
validation,stratum,flores200,fa,sp_unigram,65536,3,1211
validation,stratum,flores200,fa,sp_unigram,65536,4,3433
validation,stratum,flores200,fa,sp_unigram,65536,5,3048
validation,stratum,flores200,fa,sp_unigram,65536,6,1555
validation,stratum,flores200,fa,sp_unigram,65536,7,2174
validation,stratum,flores200,fa,sp_unigram,65536,8,579
validation,stratum,flores200,fa,sp_unigram,65536,9,1920
validation,stratum,flores200,fa,sp_unigram,65536,10,204
validation,stratum,flores200,fa,sp_unigram,65536,11,1284
validation,stratum,flores200,fa,sp_unigram,65536,12,78
validation,stratum,flores200,fa,sp_unigram,65536,13,339
validation,stratum,flores200,fa,sp_unigram,65536,14,103
validation,stratum,flores200,fa,sp_unigram,65536,15,141
validation,stratum,flores200,fa,sp_unigram,65536,16,104
validation,stratum,flores200,fa,sp_unigram,65536,17,9
validation,stratum,flores200,fa,sp_unigram,65536,18,12
validation,stratum,flores200,fa,sp_unigram,65536,19,1
validation,stratum,flores200,fa,sp_unigram,65536,22,5
validation,stratum,flores200,fa,sp_unigram,65536,26,1
validation,stratum,flores200,gu,sp_unigram,65536,1,3267
validation,stratum,flores200,gu,sp_unigram,65536,2,144
validation,stratum,flores200,gu,sp_unigram,65536,3,4625
validation,stratum,flores200,gu,sp_unigram,65536,4,752
validation,stratum,flores200,gu,sp_unigram,65536,5,17
validation,stratum,flores200,gu,sp_unigram,65536,6,5159
validation,stratum,flores200,gu,sp_unigram,65536,7,1690
validation,stratum,flores200,gu,sp_unigram,65536,9,1933
validation,stratum,flores200,gu,sp_unigram,65536,10,1622
validation,stratum,flores200,gu,sp_unigram,65536,12,399
validation,stratum,flores200,gu,sp_unigram,65536,13,1206
validation,stratum,flores200,gu,sp_unigram,65536,15,294
validation,stratum,flores200,gu,sp_unigram,65536,16,628
validation,stratum,flores200,gu,sp_unigram,65536,18,81
validation,stratum,flores200,gu,sp_unigram,65536,19,360
validation,stratum,flores200,gu,sp_unigram,65536,21,9
validation,stratum,flores200,gu,sp_unigram,65536,22,117
validation,stratum,flores200,gu,sp_unigram,65536,24,10
validation,stratum,flores200,gu,sp_unigram,65536,25,16
validation,stratum,flores200,gu,sp_unigram,65536,27,2
validation,stratum,flores200,gu,sp_unigram,65536,28,18
validation,stratum,flores200,gu,sp_unigram,65536,30,1
validation,stratum,flores200,gu,sp_unigram,65536,31,11
validation,stratum,flores200,gu,sp_unigram,65536,33,2
validation,stratum,flores200,hi,sp_unigram,65536,1,2529
validation,stratum,flores200,hi,sp_unigram,65536,2,134
validation,stratum,flores200,hi,sp_unigram,65536,3,3893
validation,stratum,flores200,hi,sp_unigram,65536,4,652
validation,stratum,flores200,hi,sp_unigram,65536,5,22
validation,stratum,flores200,hi,sp_unigram,65536,6,4095
validation,stratum,flores200,hi,sp_unigram,65536,7,4150
validation,stratum,flores200,hi,sp_unigram,65536,8,2
validation,stratum,flores200,hi,sp_unigram,65536,9,1359
validation,stratum,flores200,hi,sp_unigram,65536,10,1964
validation,stratum,flores200,hi,sp_unigram,65536,12,323
validation,stratum,flores200,hi,sp_unigram,65536,13,1322
validation,stratum,flores200,hi,sp_unigram,65536,15,172
validation,stratum,flores200,hi,sp_unigram,65536,16,536
validation,stratum,flores200,hi,sp_unigram,65536,18,78
validation,stratum,flores200,hi,sp_unigram,65536,19,305
validation,stratum,flores200,hi,sp_unigram,65536,21,85
validation,stratum,flores200,hi,sp_unigram,65536,22,87
validation,stratum,flores200,hi,sp_unigram,65536,24,14
validation,stratum,flores200,hi,sp_unigram,65536,25,61
validation,stratum,flores200,hi,sp_unigram,65536,27,1
validation,stratum,flores200,hi,sp_unigram,65536,28,23
validation,stratum,flores200,hi,sp_unigram,65536,30,4
validation,stratum,flores200,hi,sp_unigram,65536,31,2
validation,stratum,flores200,hi,sp_unigram,65536,33,3
validation,stratum,flores200,hi,sp_unigram,65536,34,1
validation,stratum,flores200,ja,sp_unigram,65536,1,365
validation,stratum,flores200,ja,sp_unigram,65536,2,150
validation,stratum,flores200,ja,sp_unigram,65536,3,13759
validation,stratum,flores200,ja,sp_unigram,65536,4,31
validation,stratum,flores200,ja,sp_unigram,65536,5,10
validation,stratum,flores200,ja,sp_unigram,65536,6,3371
validation,stratum,flores200,ja,sp_unigram,65536,7,4
validation,stratum,flores200,ja,sp_unigram,65536,9,1000
validation,stratum,flores200,ja,sp_unigram,65536,10,2
validation,stratum,flores200,ja,sp_unigram,65536,12,427
validation,stratum,flores200,ja,sp_unigram,65536,15,135
validation,stratum,flores200,ja,sp_unigram,65536,18,21
validation,stratum,flores200,ja,sp_unigram,65536,21,10
validation,stratum,flores200,ja,sp_unigram,65536,24,6
validation,stratum,flores200,ja,sp_unigram,65536,27,3
validation,stratum,flores200,kn,sp_unigram,65536,1,3747
validation,stratum,flores200,kn,sp_unigram,65536,2,208
validation,stratum,flores200,kn,sp_unigram,65536,3,5128
validation,stratum,flores200,kn,sp_unigram,65536,4,1056
validation,stratum,flores200,kn,sp_unigram,65536,5,21
validation,stratum,flores200,kn,sp_unigram,65536,6,5762
validation,stratum,flores200,kn,sp_unigram,65536,7,572
validation,stratum,flores200,kn,sp_unigram,65536,8,1
validation,stratum,flores200,kn,sp_unigram,65536,9,2404
validation,stratum,flores200,kn,sp_unigram,65536,10,935
validation,stratum,flores200,kn,sp_unigram,65536,12,1164
validation,stratum,flores200,kn,sp_unigram,65536,13,1019
validation,stratum,flores200,kn,sp_unigram,65536,15,942
validation,stratum,flores200,kn,sp_unigram,65536,16,901
validation,stratum,flores200,kn,sp_unigram,65536,18,595
validation,stratum,flores200,kn,sp_unigram,65536,19,357
validation,stratum,flores200,kn,sp_unigram,65536,21,266
validation,stratum,flores200,kn,sp_unigram,65536,22,139
validation,stratum,flores200,kn,sp_unigram,65536,24,117
validation,stratum,flores200,kn,sp_unigram,65536,25,56
validation,stratum,flores200,kn,sp_unigram,65536,27,48
validation,stratum,flores200,kn,sp_unigram,65536,28,36
validation,stratum,flores200,kn,sp_unigram,65536,30,5
validation,stratum,flores200,kn,sp_unigram,65536,31,10
validation,stratum,flores200,kn,sp_unigram,65536,33,27
validation,stratum,flores200,kn,sp_unigram,65536,34,8
validation,stratum,flores200,ko,sp_unigram,65536,1,4381
validation,stratum,flores200,ko,sp_unigram,65536,2,252
validation,stratum,flores200,ko,sp_unigram,65536,3,10491
validation,stratum,flores200,ko,sp_unigram,65536,4,1633
validation,stratum,flores200,ko,sp_unigram,65536,5,30
validation,stratum,flores200,ko,sp_unigram,65536,6,2171
validation,stratum,flores200,ko,sp_unigram,65536,7,1707
validation,stratum,flores200,ko,sp_unigram,65536,8,4
validation,stratum,flores200,ko,sp_unigram,65536,9,417
validation,stratum,flores200,ko,sp_unigram,65536,10,298
validation,stratum,flores200,ko,sp_unigram,65536,12,78
validation,stratum,flores200,ko,sp_unigram,65536,13,135
validation,stratum,flores200,ko,sp_unigram,65536,15,11
validation,stratum,flores200,ko,sp_unigram,65536,16,3
validation,stratum,flores200,ml,sp_unigram,65536,1,3729
validation,stratum,flores200,ml,sp_unigram,65536,2,162
validation,stratum,flores200,ml,sp_unigram,65536,3,6106
validation,stratum,flores200,ml,sp_unigram,65536,4,1220
validation,stratum,flores200,ml,sp_unigram,65536,5,24
validation,stratum,flores200,ml,sp_unigram,65536,6,5097
validation,stratum,flores200,ml,sp_unigram,65536,7,663
validation,stratum,flores200,ml,sp_unigram,65536,8,1
validation,stratum,flores200,ml,sp_unigram,65536,9,3082
validation,stratum,flores200,ml,sp_unigram,65536,10,697
validation,stratum,flores200,ml,sp_unigram,65536,12,2027
validation,stratum,flores200,ml,sp_unigram,65536,13,389
validation,stratum,flores200,ml,sp_unigram,65536,15,1043
validation,stratum,flores200,ml,sp_unigram,65536,16,432
validation,stratum,flores200,ml,sp_unigram,65536,18,655
validation,stratum,flores200,ml,sp_unigram,65536,19,438
validation,stratum,flores200,ml,sp_unigram,65536,21,252
validation,stratum,flores200,ml,sp_unigram,65536,22,124
validation,stratum,flores200,ml,sp_unigram,65536,24,283
validation,stratum,flores200,ml,sp_unigram,65536,25,106
validation,stratum,flores200,ml,sp_unigram,65536,27,193
validation,stratum,flores200,ml,sp_unigram,65536,28,101
validation,stratum,flores200,ml,sp_unigram,65536,30,52
validation,stratum,flores200,ml,sp_unigram,65536,31,36
validation,stratum,flores200,ml,sp_unigram,65536,33,11
validation,stratum,flores200,ml,sp_unigram,65536,34,21
validation,stratum,flores200,ml,sp_unigram,65536,36,24
validation,stratum,flores200,ml,sp_unigram,65536,37,22
validation,stratum,flores200,ml,sp_unigram,65536,40,5
validation,stratum,flores200,mr,sp_unigram,65536,1,3112
validation,stratum,flores200,mr,sp_unigram,65536,2,167
validation,stratum,flores200,mr,sp_unigram,65536,3,4327
validation,stratum,flores200,mr,sp_unigram,65536,4,592
validation,stratum,flores200,mr,sp_unigram,65536,5,13
validation,stratum,flores200,mr,sp_unigram,65536,6,4660
validation,stratum,flores200,mr,sp_unigram,65536,7,1418
validation,stratum,flores200,mr,sp_unigram,65536,9,1962
validation,stratum,flores200,mr,sp_unigram,65536,10,1476
validation,stratum,flores200,mr,sp_unigram,65536,12,935
validation,stratum,flores200,mr,sp_unigram,65536,13,1405
validation,stratum,flores200,mr,sp_unigram,65536,15,583
validation,stratum,flores200,mr,sp_unigram,65536,16,707
validation,stratum,flores200,mr,sp_unigram,65536,18,296
validation,stratum,flores200,mr,sp_unigram,65536,19,539
validation,stratum,flores200,mr,sp_unigram,65536,21,144
validation,stratum,flores200,mr,sp_unigram,65536,22,293
validation,stratum,flores200,mr,sp_unigram,65536,24,68
validation,stratum,flores200,mr,sp_unigram,65536,25,143
validation,stratum,flores200,mr,sp_unigram,65536,27,1
validation,stratum,flores200,mr,sp_unigram,65536,28,48
validation,stratum,flores200,mr,sp_unigram,65536,30,7
validation,stratum,flores200,mr,sp_unigram,65536,31,25
validation,stratum,flores200,mr,sp_unigram,65536,33,3
validation,stratum,flores200,mr,sp_unigram,65536,36,2
validation,stratum,flores200,mr,sp_unigram,65536,39,2
validation,stratum,flores200,ru,sp_unigram,65536,1,3311
validation,stratum,flores200,ru,sp_unigram,65536,2,3222
validation,stratum,flores200,ru,sp_unigram,65536,3,1412
validation,stratum,flores200,ru,sp_unigram,65536,4,4337
validation,stratum,flores200,ru,sp_unigram,65536,5,1598
validation,stratum,flores200,ru,sp_unigram,65536,6,2923
validation,stratum,flores200,ru,sp_unigram,65536,7,1069
validation,stratum,flores200,ru,sp_unigram,65536,8,1199
validation,stratum,flores200,ru,sp_unigram,65536,9,699
validation,stratum,flores200,ru,sp_unigram,65536,10,496
validation,stratum,flores200,ru,sp_unigram,65536,11,858
validation,stratum,flores200,ru,sp_unigram,65536,12,219
validation,stratum,flores200,ru,sp_unigram,65536,13,529
validation,stratum,flores200,ru,sp_unigram,65536,14,118
validation,stratum,flores200,ru,sp_unigram,65536,15,348
validation,stratum,flores200,ru,sp_unigram,65536,16,53
validation,stratum,flores200,ru,sp_unigram,65536,17,235
validation,stratum,flores200,ru,sp_unigram,65536,18,37
validation,stratum,flores200,ru,sp_unigram,65536,19,161
validation,stratum,flores200,ru,sp_unigram,65536,20,6
validation,stratum,flores200,ru,sp_unigram,65536,21,136
validation,stratum,flores200,ru,sp_unigram,65536,22,7
validation,stratum,flores200,ru,sp_unigram,65536,23,40
validation,stratum,flores200,ru,sp_unigram,65536,25,18
validation,stratum,flores200,ru,sp_unigram,65536,26,3
validation,stratum,flores200,ru,sp_unigram,65536,27,17
validation,stratum,flores200,ru,sp_unigram,65536,29,4
validation,stratum,flores200,sw,sp_unigram,65536,1,3364
validation,stratum,flores200,sw,sp_unigram,65536,2,2152
validation,stratum,flores200,sw,sp_unigram,65536,3,4785
validation,stratum,flores200,sw,sp_unigram,65536,4,2150
validation,stratum,flores200,sw,sp_unigram,65536,5,1802
validation,stratum,flores200,sw,sp_unigram,65536,6,1301
validation,stratum,flores200,sw,sp_unigram,65536,7,1413
validation,stratum,flores200,sw,sp_unigram,65536,8,615
validation,stratum,flores200,sw,sp_unigram,65536,9,281
validation,stratum,flores200,sw,sp_unigram,65536,10,139
validation,stratum,flores200,sw,sp_unigram,65536,11,44
validation,stratum,flores200,sw,sp_unigram,65536,12,21
validation,stratum,flores200,sw,sp_unigram,65536,13,7
validation,stratum,flores200,ta,sp_unigram,65536,1,3443
validation,stratum,flores200,ta,sp_unigram,65536,2,162
validation,stratum,flores200,ta,sp_unigram,65536,3,3242
validation,stratum,flores200,ta,sp_unigram,65536,4,1100
validation,stratum,flores200,ta,sp_unigram,65536,5,20
validation,stratum,flores200,ta,sp_unigram,65536,6,5021
validation,stratum,flores200,ta,sp_unigram,65536,7,740
validation,stratum,flores200,ta,sp_unigram,65536,8,3
validation,stratum,flores200,ta,sp_unigram,65536,9,3249
validation,stratum,flores200,ta,sp_unigram,65536,10,799
validation,stratum,flores200,ta,sp_unigram,65536,11,1
validation,stratum,flores200,ta,sp_unigram,65536,12,1800
validation,stratum,flores200,ta,sp_unigram,65536,13,772
validation,stratum,flores200,ta,sp_unigram,65536,15,855
validation,stratum,flores200,ta,sp_unigram,65536,16,622
validation,stratum,flores200,ta,sp_unigram,65536,18,553
validation,stratum,flores200,ta,sp_unigram,65536,19,551
validation,stratum,flores200,ta,sp_unigram,65536,21,249
validation,stratum,flores200,ta,sp_unigram,65536,22,464
validation,stratum,flores200,ta,sp_unigram,65536,24,124
validation,stratum,flores200,ta,sp_unigram,65536,25,152
validation,stratum,flores200,ta,sp_unigram,65536,27,100
validation,stratum,flores200,ta,sp_unigram,65536,28,95
validation,stratum,flores200,ta,sp_unigram,65536,30,28
validation,stratum,flores200,ta,sp_unigram,65536,31,44
validation,stratum,flores200,ta,sp_unigram,65536,33,12
validation,stratum,flores200,ta,sp_unigram,65536,34,32
validation,stratum,flores200,ta,sp_unigram,65536,36,7
validation,stratum,flores200,ta,sp_unigram,65536,37,2
validation,stratum,flores200,ta,sp_unigram,65536,40,5
validation,stratum,flores200,ta,sp_unigram,65536,46,1
validation,stratum,flores200,te,sp_unigram,65536,1,4174
validation,stratum,flores200,te,sp_unigram,65536,2,261
validation,stratum,flores200,te,sp_unigram,65536,3,4153
validation,stratum,flores200,te,sp_unigram,65536,4,1052
validation,stratum,flores200,te,sp_unigram,65536,5,41
validation,stratum,flores200,te,sp_unigram,65536,6,7514
validation,stratum,flores200,te,sp_unigram,65536,7,586
validation,stratum,flores200,te,sp_unigram,65536,8,5
validation,stratum,flores200,te,sp_unigram,65536,9,2010
validation,stratum,flores200,te,sp_unigram,65536,10,671
validation,stratum,flores200,te,sp_unigram,65536,11,2
validation,stratum,flores200,te,sp_unigram,65536,12,1162
validation,stratum,flores200,te,sp_unigram,65536,13,877
validation,stratum,flores200,te,sp_unigram,65536,15,488
validation,stratum,flores200,te,sp_unigram,65536,16,595
validation,stratum,flores200,te,sp_unigram,65536,18,380
validation,stratum,flores200,te,sp_unigram,65536,19,449
validation,stratum,flores200,te,sp_unigram,65536,21,117
validation,stratum,flores200,te,sp_unigram,65536,22,207
validation,stratum,flores200,te,sp_unigram,65536,24,51
validation,stratum,flores200,te,sp_unigram,65536,25,154
validation,stratum,flores200,te,sp_unigram,65536,27,12
validation,stratum,flores200,te,sp_unigram,65536,28,65
validation,stratum,flores200,te,sp_unigram,65536,30,17
validation,stratum,flores200,te,sp_unigram,65536,31,29
validation,stratum,flores200,te,sp_unigram,65536,33,2
validation,stratum,flores200,te,sp_unigram,65536,34,8
validation,stratum,flores200,te,sp_unigram,65536,37,3
validation,stratum,flores200,uk,sp_unigram,65536,1,3487
validation,stratum,flores200,uk,sp_unigram,65536,2,3314
validation,stratum,flores200,uk,sp_unigram,65536,3,1415
validation,stratum,flores200,uk,sp_unigram,65536,4,4685
validation,stratum,flores200,uk,sp_unigram,65536,5,1740
validation,stratum,flores200,uk,sp_unigram,65536,6,2930
validation,stratum,flores200,uk,sp_unigram,65536,7,1225
validation,stratum,flores200,uk,sp_unigram,65536,8,1088
validation,stratum,flores200,uk,sp_unigram,65536,9,820
validation,stratum,flores200,uk,sp_unigram,65536,10,566
validation,stratum,flores200,uk,sp_unigram,65536,11,698
validation,stratum,flores200,uk,sp_unigram,65536,12,276
validation,stratum,flores200,uk,sp_unigram,65536,13,520
validation,stratum,flores200,uk,sp_unigram,65536,14,112
validation,stratum,flores200,uk,sp_unigram,65536,15,236
validation,stratum,flores200,uk,sp_unigram,65536,16,31
validation,stratum,flores200,uk,sp_unigram,65536,17,211
validation,stratum,flores200,uk,sp_unigram,65536,18,31
validation,stratum,flores200,uk,sp_unigram,65536,19,85
validation,stratum,flores200,uk,sp_unigram,65536,20,22
validation,stratum,flores200,uk,sp_unigram,65536,21,34
validation,stratum,flores200,uk,sp_unigram,65536,22,1
validation,stratum,flores200,uk,sp_unigram,65536,23,26
validation,stratum,flores200,uk,sp_unigram,65536,25,13
validation,stratum,flores200,uk,sp_unigram,65536,27,2
validation,stratum,flores200,ur,sp_unigram,65536,1,1967
validation,stratum,flores200,ur,sp_unigram,65536,2,3531
validation,stratum,flores200,ur,sp_unigram,65536,3,583
validation,stratum,flores200,ur,sp_unigram,65536,4,3939
validation,stratum,flores200,ur,sp_unigram,65536,5,4484
validation,stratum,flores200,ur,sp_unigram,65536,6,1203
validation,stratum,flores200,ur,sp_unigram,65536,7,3086
validation,stratum,flores200,ur,sp_unigram,65536,8,317
validation,stratum,flores200,ur,sp_unigram,65536,9,1939
validation,stratum,flores200,ur,sp_unigram,65536,10,105
validation,stratum,flores200,ur,sp_unigram,65536,11,803
validation,stratum,flores200,ur,sp_unigram,65536,12,20
validation,stratum,flores200,ur,sp_unigram,65536,13,214
validation,stratum,flores200,ur,sp_unigram,65536,14,14
validation,stratum,flores200,ur,sp_unigram,65536,15,61
validation,stratum,flores200,ur,sp_unigram,65536,16,1
validation,stratum,flores200,ur,sp_unigram,65536,17,14
validation,stratum,flores200,ur,sp_unigram,65536,18,1
validation,stratum,flores200,ur,sp_unigram,65536,19,4
validation,stratum,flores200,yo,sp_unigram,65536,1,8537
validation,stratum,flores200,yo,sp_unigram,65536,2,5991
validation,stratum,flores200,yo,sp_unigram,65536,3,6373
validation,stratum,flores200,yo,sp_unigram,65536,4,2826
validation,stratum,flores200,yo,sp_unigram,65536,5,2256
validation,stratum,flores200,yo,sp_unigram,65536,6,1058
validation,stratum,flores200,yo,sp_unigram,65536,7,416
validation,stratum,flores200,yo,sp_unigram,65536,8,615
validation,stratum,flores200,yo,sp_unigram,65536,9,99
validation,stratum,flores200,yo,sp_unigram,65536,10,155
validation,stratum,flores200,yo,sp_unigram,65536,11,13
validation,stratum,flores200,yo,sp_unigram,65536,12,24
validation,stratum,flores200,yo,sp_unigram,65536,13,4
validation,stratum,flores200,yo,sp_unigram,65536,14,1
validation,stratum,flores200,yo,sp_unigram,65536,16,1
validation,stratum,flores200,zh,sp_unigram,65536,1,1476
validation,stratum,flores200,zh,sp_unigram,65536,2,324
validation,stratum,flores200,zh,sp_unigram,65536,3,12780
validation,stratum,flores200,zh,sp_unigram,65536,4,112
validation,stratum,flores200,zh,sp_unigram,65536,5,46
validation,stratum,flores200,zh,sp_unigram,65536,6,2447
validation,stratum,flores200,zh,sp_unigram,65536,7,10
validation,stratum,flores200,zh,sp_unigram,65536,8,1
validation,stratum,flores200,zh,sp_unigram,65536,9,67
validation,stratum,flores200,zh,sp_unigram,65536,10,3
validation,stratum,flores200,zh,sp_unigram,65536,11,1
validation,language,,am,sp_unigram,65536,1,2634
validation,language,,am,sp_unigram,65536,2,195
validation,language,,am,sp_unigram,65536,3,8215
validation,language,,am,sp_unigram,65536,4,1940
validation,language,,am,sp_unigram,65536,5,16
validation,language,,am,sp_unigram,65536,6,3526
validation,language,,am,sp_unigram,65536,7,1646
validation,language,,am,sp_unigram,65536,8,2
validation,language,,am,sp_unigram,65536,9,1141
validation,language,,am,sp_unigram,65536,10,1117
validation,language,,am,sp_unigram,65536,11,1
validation,language,,am,sp_unigram,65536,12,513
validation,language,,am,sp_unigram,65536,13,530
validation,language,,am,sp_unigram,65536,15,156
validation,language,,am,sp_unigram,65536,16,162
validation,language,,am,sp_unigram,65536,18,34
validation,language,,am,sp_unigram,65536,19,65
validation,language,,am,sp_unigram,65536,21,3
validation,language,,am,sp_unigram,65536,22,5
validation,language,,ar,sp_unigram,65536,1,2391
validation,language,,ar,sp_unigram,65536,2,3249
validation,language,,ar,sp_unigram,65536,3,1196
validation,language,,ar,sp_unigram,65536,4,4796
validation,language,,ar,sp_unigram,65536,5,2422
validation,language,,ar,sp_unigram,65536,6,2037
validation,language,,ar,sp_unigram,65536,7,1951
validation,language,,ar,sp_unigram,65536,8,772
validation,language,,ar,sp_unigram,65536,9,730
validation,language,,ar,sp_unigram,65536,10,502
validation,language,,ar,sp_unigram,65536,11,358
validation,language,,ar,sp_unigram,65536,12,128
validation,language,,ar,sp_unigram,65536,13,216
validation,language,,ar,sp_unigram,65536,14,67
validation,language,,ar,sp_unigram,65536,15,113
validation,language,,ar,sp_unigram,65536,16,12
validation,language,,ar,sp_unigram,65536,17,46
validation,language,,ar,sp_unigram,65536,18,1
validation,language,,ar,sp_unigram,65536,19,14
validation,language,,ar,sp_unigram,65536,20,4
validation,language,,ar,sp_unigram,65536,21,1
validation,language,,bg,sp_unigram,65536,1,3143
validation,language,,bg,sp_unigram,65536,2,2343
validation,language,,bg,sp_unigram,65536,3,1481
validation,language,,bg,sp_unigram,65536,4,3727
validation,language,,bg,sp_unigram,65536,5,2749
validation,language,,bg,sp_unigram,65536,6,2434
validation,language,,bg,sp_unigram,65536,7,801
validation,language,,bg,sp_unigram,65536,8,1190
validation,language,,bg,sp_unigram,65536,9,910
validation,language,,bg,sp_unigram,65536,10,492
validation,language,,bg,sp_unigram,65536,11,669
validation,language,,bg,sp_unigram,65536,12,231
validation,language,,bg,sp_unigram,65536,13,450
validation,language,,bg,sp_unigram,65536,14,56
validation,language,,bg,sp_unigram,65536,15,323
validation,language,,bg,sp_unigram,65536,16,25
validation,language,,bg,sp_unigram,65536,17,214
validation,language,,bg,sp_unigram,65536,18,23
validation,language,,bg,sp_unigram,65536,19,102
validation,language,,bg,sp_unigram,65536,20,6
validation,language,,bg,sp_unigram,65536,21,84
validation,language,,bg,sp_unigram,65536,22,2
validation,language,,bg,sp_unigram,65536,23,24
validation,language,,bg,sp_unigram,65536,25,12
validation,language,,bg,sp_unigram,65536,26,1
validation,language,,bg,sp_unigram,65536,27,4
validation,language,,bg,sp_unigram,65536,29,1
validation,language,,bn,sp_unigram,65536,1,3019
validation,language,,bn,sp_unigram,65536,2,122
validation,language,,bn,sp_unigram,65536,3,5303
validation,language,,bn,sp_unigram,65536,4,412
validation,language,,bn,sp_unigram,65536,5,7
validation,language,,bn,sp_unigram,65536,6,4573
validation,language,,bn,sp_unigram,65536,7,1062
validation,language,,bn,sp_unigram,65536,8,1
validation,language,,bn,sp_unigram,65536,9,2054
validation,language,,bn,sp_unigram,65536,10,1443
validation,language,,bn,sp_unigram,65536,12,735
validation,language,,bn,sp_unigram,65536,13,1465
validation,language,,bn,sp_unigram,65536,15,317
validation,language,,bn,sp_unigram,65536,16,731
validation,language,,bn,sp_unigram,65536,18,151
validation,language,,bn,sp_unigram,65536,19,465
validation,language,,bn,sp_unigram,65536,21,133
validation,language,,bn,sp_unigram,65536,22,224
validation,language,,bn,sp_unigram,65536,24,50
validation,language,,bn,sp_unigram,65536,25,138
validation,language,,bn,sp_unigram,65536,27,18
validation,language,,bn,sp_unigram,65536,28,53
validation,language,,bn,sp_unigram,65536,30,7
validation,language,,bn,sp_unigram,65536,31,15
validation,language,,bn,sp_unigram,65536,33,7
validation,language,,bn,sp_unigram,65536,34,4
validation,language,,bn,sp_unigram,65536,36,1
validation,language,,bn,sp_unigram,65536,42,5
validation,language,,bn,sp_unigram,65536,43,2
validation,language,,fa,sp_unigram,65536,1,2253
validation,language,,fa,sp_unigram,65536,2,2786
validation,language,,fa,sp_unigram,65536,3,1211
validation,language,,fa,sp_unigram,65536,4,3433
validation,language,,fa,sp_unigram,65536,5,3048
validation,language,,fa,sp_unigram,65536,6,1555
validation,language,,fa,sp_unigram,65536,7,2174
validation,language,,fa,sp_unigram,65536,8,579
validation,language,,fa,sp_unigram,65536,9,1920
validation,language,,fa,sp_unigram,65536,10,204
validation,language,,fa,sp_unigram,65536,11,1284
validation,language,,fa,sp_unigram,65536,12,78
validation,language,,fa,sp_unigram,65536,13,339
validation,language,,fa,sp_unigram,65536,14,103
validation,language,,fa,sp_unigram,65536,15,141
validation,language,,fa,sp_unigram,65536,16,104
validation,language,,fa,sp_unigram,65536,17,9
validation,language,,fa,sp_unigram,65536,18,12
validation,language,,fa,sp_unigram,65536,19,1
validation,language,,fa,sp_unigram,65536,22,5
validation,language,,fa,sp_unigram,65536,26,1
validation,language,,gu,sp_unigram,65536,1,3267
validation,language,,gu,sp_unigram,65536,2,144
validation,language,,gu,sp_unigram,65536,3,4625
validation,language,,gu,sp_unigram,65536,4,752
validation,language,,gu,sp_unigram,65536,5,17
validation,language,,gu,sp_unigram,65536,6,5159
validation,language,,gu,sp_unigram,65536,7,1690
validation,language,,gu,sp_unigram,65536,9,1933
validation,language,,gu,sp_unigram,65536,10,1622
validation,language,,gu,sp_unigram,65536,12,399
validation,language,,gu,sp_unigram,65536,13,1206
validation,language,,gu,sp_unigram,65536,15,294
validation,language,,gu,sp_unigram,65536,16,628
validation,language,,gu,sp_unigram,65536,18,81
validation,language,,gu,sp_unigram,65536,19,360
validation,language,,gu,sp_unigram,65536,21,9
validation,language,,gu,sp_unigram,65536,22,117
validation,language,,gu,sp_unigram,65536,24,10
validation,language,,gu,sp_unigram,65536,25,16
validation,language,,gu,sp_unigram,65536,27,2
validation,language,,gu,sp_unigram,65536,28,18
validation,language,,gu,sp_unigram,65536,30,1
validation,language,,gu,sp_unigram,65536,31,11
validation,language,,gu,sp_unigram,65536,33,2
validation,language,,hi,sp_unigram,65536,1,2529
validation,language,,hi,sp_unigram,65536,2,134
validation,language,,hi,sp_unigram,65536,3,3893
validation,language,,hi,sp_unigram,65536,4,652
validation,language,,hi,sp_unigram,65536,5,22
validation,language,,hi,sp_unigram,65536,6,4095
validation,language,,hi,sp_unigram,65536,7,4150
validation,language,,hi,sp_unigram,65536,8,2
validation,language,,hi,sp_unigram,65536,9,1359
validation,language,,hi,sp_unigram,65536,10,1964
validation,language,,hi,sp_unigram,65536,12,323
validation,language,,hi,sp_unigram,65536,13,1322
validation,language,,hi,sp_unigram,65536,15,172
validation,language,,hi,sp_unigram,65536,16,536
validation,language,,hi,sp_unigram,65536,18,78
validation,language,,hi,sp_unigram,65536,19,305
validation,language,,hi,sp_unigram,65536,21,85
validation,language,,hi,sp_unigram,65536,22,87
validation,language,,hi,sp_unigram,65536,24,14
validation,language,,hi,sp_unigram,65536,25,61
validation,language,,hi,sp_unigram,65536,27,1
validation,language,,hi,sp_unigram,65536,28,23
validation,language,,hi,sp_unigram,65536,30,4
validation,language,,hi,sp_unigram,65536,31,2
validation,language,,hi,sp_unigram,65536,33,3
validation,language,,hi,sp_unigram,65536,34,1
validation,language,,ja,sp_unigram,65536,1,365
validation,language,,ja,sp_unigram,65536,2,150
validation,language,,ja,sp_unigram,65536,3,13759
validation,language,,ja,sp_unigram,65536,4,31
validation,language,,ja,sp_unigram,65536,5,10
validation,language,,ja,sp_unigram,65536,6,3371
validation,language,,ja,sp_unigram,65536,7,4
validation,language,,ja,sp_unigram,65536,9,1000
validation,language,,ja,sp_unigram,65536,10,2
validation,language,,ja,sp_unigram,65536,12,427
validation,language,,ja,sp_unigram,65536,15,135
validation,language,,ja,sp_unigram,65536,18,21
validation,language,,ja,sp_unigram,65536,21,10
validation,language,,ja,sp_unigram,65536,24,6
validation,language,,ja,sp_unigram,65536,27,3
validation,language,,kn,sp_unigram,65536,1,3747
validation,language,,kn,sp_unigram,65536,2,208
validation,language,,kn,sp_unigram,65536,3,5128
validation,language,,kn,sp_unigram,65536,4,1056
validation,language,,kn,sp_unigram,65536,5,21
validation,language,,kn,sp_unigram,65536,6,5762
validation,language,,kn,sp_unigram,65536,7,572
validation,language,,kn,sp_unigram,65536,8,1
validation,language,,kn,sp_unigram,65536,9,2404
validation,language,,kn,sp_unigram,65536,10,935
validation,language,,kn,sp_unigram,65536,12,1164
validation,language,,kn,sp_unigram,65536,13,1019
validation,language,,kn,sp_unigram,65536,15,942
validation,language,,kn,sp_unigram,65536,16,901
validation,language,,kn,sp_unigram,65536,18,595
validation,language,,kn,sp_unigram,65536,19,357
validation,language,,kn,sp_unigram,65536,21,266
validation,language,,kn,sp_unigram,65536,22,139
validation,language,,kn,sp_unigram,65536,24,117
validation,language,,kn,sp_unigram,65536,25,56
validation,language,,kn,sp_unigram,65536,27,48
validation,language,,kn,sp_unigram,65536,28,36
validation,language,,kn,sp_unigram,65536,30,5
validation,language,,kn,sp_unigram,65536,31,10
validation,language,,kn,sp_unigram,65536,33,27
validation,language,,kn,sp_unigram,65536,34,8
validation,language,,ko,sp_unigram,65536,1,4381
validation,language,,ko,sp_unigram,65536,2,252
validation,language,,ko,sp_unigram,65536,3,10491
validation,language,,ko,sp_unigram,65536,4,1633
validation,language,,ko,sp_unigram,65536,5,30
validation,language,,ko,sp_unigram,65536,6,2171
validation,language,,ko,sp_unigram,65536,7,1707
validation,language,,ko,sp_unigram,65536,8,4
validation,language,,ko,sp_unigram,65536,9,417
validation,language,,ko,sp_unigram,65536,10,298
validation,language,,ko,sp_unigram,65536,12,78
validation,language,,ko,sp_unigram,65536,13,135
validation,language,,ko,sp_unigram,65536,15,11
validation,language,,ko,sp_unigram,65536,16,3
validation,language,,ml,sp_unigram,65536,1,3729
validation,language,,ml,sp_unigram,65536,2,162
validation,language,,ml,sp_unigram,65536,3,6106
validation,language,,ml,sp_unigram,65536,4,1220
validation,language,,ml,sp_unigram,65536,5,24
validation,language,,ml,sp_unigram,65536,6,5097
validation,language,,ml,sp_unigram,65536,7,663
validation,language,,ml,sp_unigram,65536,8,1
validation,language,,ml,sp_unigram,65536,9,3082
validation,language,,ml,sp_unigram,65536,10,697
validation,language,,ml,sp_unigram,65536,12,2027
validation,language,,ml,sp_unigram,65536,13,389
validation,language,,ml,sp_unigram,65536,15,1043
validation,language,,ml,sp_unigram,65536,16,432
validation,language,,ml,sp_unigram,65536,18,655
validation,language,,ml,sp_unigram,65536,19,438
validation,language,,ml,sp_unigram,65536,21,252
validation,language,,ml,sp_unigram,65536,22,124
validation,language,,ml,sp_unigram,65536,24,283
validation,language,,ml,sp_unigram,65536,25,106
validation,language,,ml,sp_unigram,65536,27,193
validation,language,,ml,sp_unigram,65536,28,101
validation,language,,ml,sp_unigram,65536,30,52
validation,language,,ml,sp_unigram,65536,31,36
validation,language,,ml,sp_unigram,65536,33,11
validation,language,,ml,sp_unigram,65536,34,21
validation,language,,ml,sp_unigram,65536,36,24
validation,language,,ml,sp_unigram,65536,37,22
validation,language,,ml,sp_unigram,65536,40,5
validation,language,,mr,sp_unigram,65536,1,3112
validation,language,,mr,sp_unigram,65536,2,167
validation,language,,mr,sp_unigram,65536,3,4327
validation,language,,mr,sp_unigram,65536,4,592
validation,language,,mr,sp_unigram,65536,5,13
validation,language,,mr,sp_unigram,65536,6,4660
validation,language,,mr,sp_unigram,65536,7,1418
validation,language,,mr,sp_unigram,65536,9,1962
validation,language,,mr,sp_unigram,65536,10,1476
validation,language,,mr,sp_unigram,65536,12,935
validation,language,,mr,sp_unigram,65536,13,1405
validation,language,,mr,sp_unigram,65536,15,583
validation,language,,mr,sp_unigram,65536,16,707
validation,language,,mr,sp_unigram,65536,18,296
validation,language,,mr,sp_unigram,65536,19,539
validation,language,,mr,sp_unigram,65536,21,144
validation,language,,mr,sp_unigram,65536,22,293
validation,language,,mr,sp_unigram,65536,24,68
validation,language,,mr,sp_unigram,65536,25,143
validation,language,,mr,sp_unigram,65536,27,1
validation,language,,mr,sp_unigram,65536,28,48
validation,language,,mr,sp_unigram,65536,30,7
validation,language,,mr,sp_unigram,65536,31,25
validation,language,,mr,sp_unigram,65536,33,3
validation,language,,mr,sp_unigram,65536,36,2
validation,language,,mr,sp_unigram,65536,39,2
validation,language,,ru,sp_unigram,65536,1,3311
validation,language,,ru,sp_unigram,65536,2,3222
validation,language,,ru,sp_unigram,65536,3,1412
validation,language,,ru,sp_unigram,65536,4,4337
validation,language,,ru,sp_unigram,65536,5,1598
validation,language,,ru,sp_unigram,65536,6,2923
validation,language,,ru,sp_unigram,65536,7,1069
validation,language,,ru,sp_unigram,65536,8,1199
validation,language,,ru,sp_unigram,65536,9,699
validation,language,,ru,sp_unigram,65536,10,496
validation,language,,ru,sp_unigram,65536,11,858
validation,language,,ru,sp_unigram,65536,12,219
validation,language,,ru,sp_unigram,65536,13,529
validation,language,,ru,sp_unigram,65536,14,118
validation,language,,ru,sp_unigram,65536,15,348
validation,language,,ru,sp_unigram,65536,16,53
validation,language,,ru,sp_unigram,65536,17,235
validation,language,,ru,sp_unigram,65536,18,37
validation,language,,ru,sp_unigram,65536,19,161
validation,language,,ru,sp_unigram,65536,20,6
validation,language,,ru,sp_unigram,65536,21,136
validation,language,,ru,sp_unigram,65536,22,7
validation,language,,ru,sp_unigram,65536,23,40
validation,language,,ru,sp_unigram,65536,25,18
validation,language,,ru,sp_unigram,65536,26,3
validation,language,,ru,sp_unigram,65536,27,17
validation,language,,ru,sp_unigram,65536,29,4
validation,language,,sw,sp_unigram,65536,1,3364
validation,language,,sw,sp_unigram,65536,2,2152
validation,language,,sw,sp_unigram,65536,3,4785
validation,language,,sw,sp_unigram,65536,4,2150
validation,language,,sw,sp_unigram,65536,5,1802
validation,language,,sw,sp_unigram,65536,6,1301
validation,language,,sw,sp_unigram,65536,7,1413
validation,language,,sw,sp_unigram,65536,8,615
validation,language,,sw,sp_unigram,65536,9,281
validation,language,,sw,sp_unigram,65536,10,139
validation,language,,sw,sp_unigram,65536,11,44
validation,language,,sw,sp_unigram,65536,12,21
validation,language,,sw,sp_unigram,65536,13,7
validation,language,,ta,sp_unigram,65536,1,3443
validation,language,,ta,sp_unigram,65536,2,162
validation,language,,ta,sp_unigram,65536,3,3242
validation,language,,ta,sp_unigram,65536,4,1100
validation,language,,ta,sp_unigram,65536,5,20
validation,language,,ta,sp_unigram,65536,6,5021
validation,language,,ta,sp_unigram,65536,7,740
validation,language,,ta,sp_unigram,65536,8,3
validation,language,,ta,sp_unigram,65536,9,3249
validation,language,,ta,sp_unigram,65536,10,799
validation,language,,ta,sp_unigram,65536,11,1
validation,language,,ta,sp_unigram,65536,12,1800
validation,language,,ta,sp_unigram,65536,13,772
validation,language,,ta,sp_unigram,65536,15,855
validation,language,,ta,sp_unigram,65536,16,622
validation,language,,ta,sp_unigram,65536,18,553
validation,language,,ta,sp_unigram,65536,19,551
validation,language,,ta,sp_unigram,65536,21,249
validation,language,,ta,sp_unigram,65536,22,464
validation,language,,ta,sp_unigram,65536,24,124
validation,language,,ta,sp_unigram,65536,25,152
validation,language,,ta,sp_unigram,65536,27,100
validation,language,,ta,sp_unigram,65536,28,95
validation,language,,ta,sp_unigram,65536,30,28
validation,language,,ta,sp_unigram,65536,31,44
validation,language,,ta,sp_unigram,65536,33,12
validation,language,,ta,sp_unigram,65536,34,32
validation,language,,ta,sp_unigram,65536,36,7
validation,language,,ta,sp_unigram,65536,37,2
validation,language,,ta,sp_unigram,65536,40,5
validation,language,,ta,sp_unigram,65536,46,1
validation,language,,te,sp_unigram,65536,1,4174
validation,language,,te,sp_unigram,65536,2,261
validation,language,,te,sp_unigram,65536,3,4153
validation,language,,te,sp_unigram,65536,4,1052
validation,language,,te,sp_unigram,65536,5,41
validation,language,,te,sp_unigram,65536,6,7514
validation,language,,te,sp_unigram,65536,7,586
validation,language,,te,sp_unigram,65536,8,5
validation,language,,te,sp_unigram,65536,9,2010
validation,language,,te,sp_unigram,65536,10,671
validation,language,,te,sp_unigram,65536,11,2
validation,language,,te,sp_unigram,65536,12,1162
validation,language,,te,sp_unigram,65536,13,877
validation,language,,te,sp_unigram,65536,15,488
validation,language,,te,sp_unigram,65536,16,595
validation,language,,te,sp_unigram,65536,18,380
validation,language,,te,sp_unigram,65536,19,449
validation,language,,te,sp_unigram,65536,21,117
validation,language,,te,sp_unigram,65536,22,207
validation,language,,te,sp_unigram,65536,24,51
validation,language,,te,sp_unigram,65536,25,154
validation,language,,te,sp_unigram,65536,27,12
validation,language,,te,sp_unigram,65536,28,65
validation,language,,te,sp_unigram,65536,30,17
validation,language,,te,sp_unigram,65536,31,29
validation,language,,te,sp_unigram,65536,33,2
validation,language,,te,sp_unigram,65536,34,8
validation,language,,te,sp_unigram,65536,37,3
validation,language,,uk,sp_unigram,65536,1,3487
validation,language,,uk,sp_unigram,65536,2,3314
validation,language,,uk,sp_unigram,65536,3,1415
validation,language,,uk,sp_unigram,65536,4,4685
validation,language,,uk,sp_unigram,65536,5,1740
validation,language,,uk,sp_unigram,65536,6,2930
validation,language,,uk,sp_unigram,65536,7,1225
validation,language,,uk,sp_unigram,65536,8,1088
validation,language,,uk,sp_unigram,65536,9,820
validation,language,,uk,sp_unigram,65536,10,566
validation,language,,uk,sp_unigram,65536,11,698
validation,language,,uk,sp_unigram,65536,12,276
validation,language,,uk,sp_unigram,65536,13,520
validation,language,,uk,sp_unigram,65536,14,112
validation,language,,uk,sp_unigram,65536,15,236
validation,language,,uk,sp_unigram,65536,16,31
validation,language,,uk,sp_unigram,65536,17,211
validation,language,,uk,sp_unigram,65536,18,31
validation,language,,uk,sp_unigram,65536,19,85
validation,language,,uk,sp_unigram,65536,20,22
validation,language,,uk,sp_unigram,65536,21,34
validation,language,,uk,sp_unigram,65536,22,1
validation,language,,uk,sp_unigram,65536,23,26
validation,language,,uk,sp_unigram,65536,25,13
validation,language,,uk,sp_unigram,65536,27,2
validation,language,,ur,sp_unigram,65536,1,1967
validation,language,,ur,sp_unigram,65536,2,3531
validation,language,,ur,sp_unigram,65536,3,583
validation,language,,ur,sp_unigram,65536,4,3939
validation,language,,ur,sp_unigram,65536,5,4484
validation,language,,ur,sp_unigram,65536,6,1203
validation,language,,ur,sp_unigram,65536,7,3086
validation,language,,ur,sp_unigram,65536,8,317
validation,language,,ur,sp_unigram,65536,9,1939
validation,language,,ur,sp_unigram,65536,10,105
validation,language,,ur,sp_unigram,65536,11,803
validation,language,,ur,sp_unigram,65536,12,20
validation,language,,ur,sp_unigram,65536,13,214
validation,language,,ur,sp_unigram,65536,14,14
validation,language,,ur,sp_unigram,65536,15,61
validation,language,,ur,sp_unigram,65536,16,1
validation,language,,ur,sp_unigram,65536,17,14
validation,language,,ur,sp_unigram,65536,18,1
validation,language,,ur,sp_unigram,65536,19,4
validation,language,,yo,sp_unigram,65536,1,8537
validation,language,,yo,sp_unigram,65536,2,5991
validation,language,,yo,sp_unigram,65536,3,6373
validation,language,,yo,sp_unigram,65536,4,2826
validation,language,,yo,sp_unigram,65536,5,2256
validation,language,,yo,sp_unigram,65536,6,1058
validation,language,,yo,sp_unigram,65536,7,416
validation,language,,yo,sp_unigram,65536,8,615
validation,language,,yo,sp_unigram,65536,9,99
validation,language,,yo,sp_unigram,65536,10,155
validation,language,,yo,sp_unigram,65536,11,13
validation,language,,yo,sp_unigram,65536,12,24
validation,language,,yo,sp_unigram,65536,13,4
validation,language,,yo,sp_unigram,65536,14,1
validation,language,,yo,sp_unigram,65536,16,1
validation,language,,zh,sp_unigram,65536,1,1476
validation,language,,zh,sp_unigram,65536,2,324
validation,language,,zh,sp_unigram,65536,3,12780
validation,language,,zh,sp_unigram,65536,4,112
validation,language,,zh,sp_unigram,65536,5,46
validation,language,,zh,sp_unigram,65536,6,2447
validation,language,,zh,sp_unigram,65536,7,10
validation,language,,zh,sp_unigram,65536,8,1
validation,language,,zh,sp_unigram,65536,9,67
validation,language,,zh,sp_unigram,65536,10,3
validation,language,,zh,sp_unigram,65536,11,1
validation,domain,flores200,,sp_unigram,65536,1,64329
validation,domain,flores200,,sp_unigram,65536,2,28869
validation,domain,flores200,,sp_unigram,65536,3,100478
validation,domain,flores200,,sp_unigram,65536,4,40445
validation,domain,flores200,,sp_unigram,65536,5,20366
validation,domain,flores200,,sp_unigram,65536,6,68837
validation,domain,flores200,,sp_unigram,65536,7,26383
validation,domain,flores200,,sp_unigram,65536,8,6395
validation,domain,flores200,,sp_unigram,65536,9,28076
validation,domain,flores200,,sp_unigram,65536,10,13686
validation,domain,flores200,,sp_unigram,65536,11,4732
validation,domain,flores200,,sp_unigram,65536,12,10560
validation,domain,flores200,,sp_unigram,65536,13,11399
validation,domain,flores200,,sp_unigram,65536,14,471
validation,domain,flores200,,sp_unigram,65536,15,6218
validation,domain,flores200,,sp_unigram,65536,16,5544
validation,domain,flores200,,sp_unigram,65536,17,729
validation,domain,flores200,,sp_unigram,65536,18,2949
validation,domain,flores200,,sp_unigram,65536,19,3896
validation,domain,flores200,,sp_unigram,65536,20,38
validation,domain,flores200,,sp_unigram,65536,21,1523
validation,domain,flores200,,sp_unigram,65536,22,1675
validation,domain,flores200,,sp_unigram,65536,23,90
validation,domain,flores200,,sp_unigram,65536,24,723
validation,domain,flores200,,sp_unigram,65536,25,869
validation,domain,flores200,,sp_unigram,65536,26,5
validation,domain,flores200,,sp_unigram,65536,27,401
validation,domain,flores200,,sp_unigram,65536,28,439
validation,domain,flores200,,sp_unigram,65536,29,5
validation,domain,flores200,,sp_unigram,65536,30,121
validation,domain,flores200,,sp_unigram,65536,31,172
validation,domain,flores200,,sp_unigram,65536,33,67
validation,domain,flores200,,sp_unigram,65536,34,74
validation,domain,flores200,,sp_unigram,65536,36,34
validation,domain,flores200,,sp_unigram,65536,37,27
validation,domain,flores200,,sp_unigram,65536,39,2
validation,domain,flores200,,sp_unigram,65536,40,10
validation,domain,flores200,,sp_unigram,65536,42,5
validation,domain,flores200,,sp_unigram,65536,43,2
validation,domain,flores200,,sp_unigram,65536,46,1
validation,aggregate,,,sp_unigram,65536,1,64329
validation,aggregate,,,sp_unigram,65536,2,28869
validation,aggregate,,,sp_unigram,65536,3,100478
validation,aggregate,,,sp_unigram,65536,4,40445
validation,aggregate,,,sp_unigram,65536,5,20366
validation,aggregate,,,sp_unigram,65536,6,68837
validation,aggregate,,,sp_unigram,65536,7,26383
validation,aggregate,,,sp_unigram,65536,8,6395
validation,aggregate,,,sp_unigram,65536,9,28076
validation,aggregate,,,sp_unigram,65536,10,13686
validation,aggregate,,,sp_unigram,65536,11,4732
validation,aggregate,,,sp_unigram,65536,12,10560
validation,aggregate,,,sp_unigram,65536,13,11399
validation,aggregate,,,sp_unigram,65536,14,471
validation,aggregate,,,sp_unigram,65536,15,6218
validation,aggregate,,,sp_unigram,65536,16,5544
validation,aggregate,,,sp_unigram,65536,17,729
validation,aggregate,,,sp_unigram,65536,18,2949
validation,aggregate,,,sp_unigram,65536,19,3896
validation,aggregate,,,sp_unigram,65536,20,38
validation,aggregate,,,sp_unigram,65536,21,1523
validation,aggregate,,,sp_unigram,65536,22,1675
validation,aggregate,,,sp_unigram,65536,23,90
validation,aggregate,,,sp_unigram,65536,24,723
validation,aggregate,,,sp_unigram,65536,25,869
validation,aggregate,,,sp_unigram,65536,26,5
validation,aggregate,,,sp_unigram,65536,27,401
validation,aggregate,,,sp_unigram,65536,28,439
validation,aggregate,,,sp_unigram,65536,29,5
validation,aggregate,,,sp_unigram,65536,30,121
validation,aggregate,,,sp_unigram,65536,31,172
validation,aggregate,,,sp_unigram,65536,33,67
validation,aggregate,,,sp_unigram,65536,34,74
validation,aggregate,,,sp_unigram,65536,36,34
validation,aggregate,,,sp_unigram,65536,37,27
validation,aggregate,,,sp_unigram,65536,39,2
validation,aggregate,,,sp_unigram,65536,40,10
validation,aggregate,,,sp_unigram,65536,42,5
validation,aggregate,,,sp_unigram,65536,43,2
validation,aggregate,,,sp_unigram,65536,46,1
train,stratum,code,c,boundary_bpe,16384,1,86814
train,stratum,code,c,boundary_bpe,16384,2,27710
train,stratum,code,c,boundary_bpe,16384,3,12687
train,stratum,code,c,boundary_bpe,16384,4,6838
train,stratum,code,c,boundary_bpe,16384,5,3776
train,stratum,code,c,boundary_bpe,16384,6,3195
train,stratum,code,c,boundary_bpe,16384,7,1522
train,stratum,code,c,boundary_bpe,16384,8,873
train,stratum,code,c,boundary_bpe,16384,9,185
train,stratum,code,c,boundary_bpe,16384,10,122
train,stratum,code,c,boundary_bpe,16384,11,42
train,stratum,code,c,boundary_bpe,16384,12,4
train,stratum,code,c,boundary_bpe,16384,16,19
train,stratum,code,c,boundary_bpe,16384,32,83
train,stratum,code,cpp,boundary_bpe,16384,1,175701
train,stratum,code,cpp,boundary_bpe,16384,2,69376
train,stratum,code,cpp,boundary_bpe,16384,3,30062
train,stratum,code,cpp,boundary_bpe,16384,4,17856
train,stratum,code,cpp,boundary_bpe,16384,5,10518
train,stratum,code,cpp,boundary_bpe,16384,6,12629
train,stratum,code,cpp,boundary_bpe,16384,7,5364
train,stratum,code,cpp,boundary_bpe,16384,8,1411
train,stratum,code,cpp,boundary_bpe,16384,9,580
train,stratum,code,cpp,boundary_bpe,16384,10,50
train,stratum,code,cpp,boundary_bpe,16384,11,707
train,stratum,code,cpp,boundary_bpe,16384,12,529
train,stratum,code,cpp,boundary_bpe,16384,14,740
train,stratum,code,cpp,boundary_bpe,16384,16,67
train,stratum,code,cpp,boundary_bpe,16384,17,915
train,stratum,code,cpp,boundary_bpe,16384,18,57
train,stratum,code,cpp,boundary_bpe,16384,21,38
train,stratum,code,cpp,boundary_bpe,16384,23,689
train,stratum,code,cpp,boundary_bpe,16384,30,486
train,stratum,code,cpp,boundary_bpe,16384,32,101
train,stratum,code,go,boundary_bpe,16384,1,130971
train,stratum,code,go,boundary_bpe,16384,2,41129
train,stratum,code,go,boundary_bpe,16384,3,27664
train,stratum,code,go,boundary_bpe,16384,4,17904
train,stratum,code,go,boundary_bpe,16384,5,9087
train,stratum,code,go,boundary_bpe,16384,6,7309
train,stratum,code,go,boundary_bpe,16384,7,4392
train,stratum,code,go,boundary_bpe,16384,8,1855
train,stratum,code,go,boundary_bpe,16384,9,976
train,stratum,code,go,boundary_bpe,16384,10,43
train,stratum,code,go,boundary_bpe,16384,11,98
train,stratum,code,go,boundary_bpe,16384,12,121
train,stratum,code,java,boundary_bpe,16384,1,61774
train,stratum,code,java,boundary_bpe,16384,2,10507
train,stratum,code,java,boundary_bpe,16384,3,7520
train,stratum,code,java,boundary_bpe,16384,4,6302
train,stratum,code,java,boundary_bpe,16384,5,2776
train,stratum,code,java,boundary_bpe,16384,6,2535
train,stratum,code,java,boundary_bpe,16384,7,1315
train,stratum,code,java,boundary_bpe,16384,8,318
train,stratum,code,java,boundary_bpe,16384,9,277
train,stratum,code,java,boundary_bpe,16384,10,88
train,stratum,code,java,boundary_bpe,16384,11,25
train,stratum,code,java,boundary_bpe,16384,16,15
train,stratum,code,java,boundary_bpe,16384,32,8
train,stratum,code,javascript,boundary_bpe,16384,1,32847
train,stratum,code,javascript,boundary_bpe,16384,2,12932
train,stratum,code,javascript,boundary_bpe,16384,3,4972
train,stratum,code,javascript,boundary_bpe,16384,4,2583
train,stratum,code,javascript,boundary_bpe,16384,5,1641
train,stratum,code,javascript,boundary_bpe,16384,6,1931
train,stratum,code,javascript,boundary_bpe,16384,7,751
train,stratum,code,javascript,boundary_bpe,16384,8,280
train,stratum,code,javascript,boundary_bpe,16384,9,99
train,stratum,code,javascript,boundary_bpe,16384,10,7
train,stratum,code,javascript,boundary_bpe,16384,11,19
train,stratum,code,javascript,boundary_bpe,16384,18,3
train,stratum,code,python,boundary_bpe,16384,1,67783
train,stratum,code,python,boundary_bpe,16384,2,12507
train,stratum,code,python,boundary_bpe,16384,3,8077
train,stratum,code,python,boundary_bpe,16384,4,5784
train,stratum,code,python,boundary_bpe,16384,5,3901
train,stratum,code,python,boundary_bpe,16384,6,2771
train,stratum,code,python,boundary_bpe,16384,7,1209
train,stratum,code,python,boundary_bpe,16384,8,541
train,stratum,code,python,boundary_bpe,16384,9,191
train,stratum,code,python,boundary_bpe,16384,10,21
train,stratum,code,python,boundary_bpe,16384,11,70
train,stratum,code,python,boundary_bpe,16384,12,2
train,stratum,code,python,boundary_bpe,16384,16,12
train,stratum,code,python,boundary_bpe,16384,32,36
train,stratum,code,rust,boundary_bpe,16384,1,154974
train,stratum,code,rust,boundary_bpe,16384,2,30558
train,stratum,code,rust,boundary_bpe,16384,3,20745
train,stratum,code,rust,boundary_bpe,16384,4,10860
train,stratum,code,rust,boundary_bpe,16384,5,6795
train,stratum,code,rust,boundary_bpe,16384,6,4087
train,stratum,code,rust,boundary_bpe,16384,7,1803
train,stratum,code,rust,boundary_bpe,16384,8,709
train,stratum,code,rust,boundary_bpe,16384,9,330
train,stratum,code,rust,boundary_bpe,16384,10,45
train,stratum,code,rust,boundary_bpe,16384,11,275
train,stratum,code,rust,boundary_bpe,16384,16,24
train,stratum,code,rust,boundary_bpe,16384,32,2
train,stratum,code,sql,boundary_bpe,16384,1,221430
train,stratum,code,sql,boundary_bpe,16384,2,152456
train,stratum,code,sql,boundary_bpe,16384,3,45540
train,stratum,code,sql,boundary_bpe,16384,4,21582
train,stratum,code,sql,boundary_bpe,16384,5,14073
train,stratum,code,sql,boundary_bpe,16384,6,6276
train,stratum,code,sql,boundary_bpe,16384,7,4540
train,stratum,code,sql,boundary_bpe,16384,8,676
train,stratum,code,sql,boundary_bpe,16384,9,1886
train,stratum,code,sql,boundary_bpe,16384,10,1529
train,stratum,code,sql,boundary_bpe,16384,11,620
train,stratum,code,sql,boundary_bpe,16384,12,1353
train,stratum,code,sql,boundary_bpe,16384,13,861
train,stratum,code,sql,boundary_bpe,16384,16,51
train,stratum,code,sql,boundary_bpe,16384,32,31
train,stratum,code,typescript,boundary_bpe,16384,1,292963
train,stratum,code,typescript,boundary_bpe,16384,2,51062
train,stratum,code,typescript,boundary_bpe,16384,3,23764
train,stratum,code,typescript,boundary_bpe,16384,4,13728
train,stratum,code,typescript,boundary_bpe,16384,5,8362
train,stratum,code,typescript,boundary_bpe,16384,6,5612
train,stratum,code,typescript,boundary_bpe,16384,7,2521
train,stratum,code,typescript,boundary_bpe,16384,8,3320
train,stratum,code,typescript,boundary_bpe,16384,9,4291
train,stratum,code,typescript,boundary_bpe,16384,10,1456
train,stratum,code,typescript,boundary_bpe,16384,11,46
train,stratum,code,typescript,boundary_bpe,16384,13,1220
train,stratum,code,typescript,boundary_bpe,16384,14,1220
train,stratum,code,typescript,boundary_bpe,16384,16,36
train,stratum,code,typescript,boundary_bpe,16384,32,210
train,stratum,cyrillic_african,am,boundary_bpe,16384,1,32132
train,stratum,cyrillic_african,am,boundary_bpe,16384,2,2038
train,stratum,cyrillic_african,am,boundary_bpe,16384,3,83220
train,stratum,cyrillic_african,am,boundary_bpe,16384,4,372
train,stratum,cyrillic_african,am,boundary_bpe,16384,5,364
train,stratum,cyrillic_african,am,boundary_bpe,16384,6,14205
train,stratum,cyrillic_african,am,boundary_bpe,16384,7,33
train,stratum,cyrillic_african,am,boundary_bpe,16384,8,186
train,stratum,cyrillic_african,am,boundary_bpe,16384,9,1395
train,stratum,cyrillic_african,am,boundary_bpe,16384,12,156
train,stratum,cyrillic_african,bg,boundary_bpe,16384,1,25202
train,stratum,cyrillic_african,bg,boundary_bpe,16384,2,16547
train,stratum,cyrillic_african,bg,boundary_bpe,16384,3,1382
train,stratum,cyrillic_african,bg,boundary_bpe,16384,4,30573
train,stratum,cyrillic_african,bg,boundary_bpe,16384,5,452
train,stratum,cyrillic_african,bg,boundary_bpe,16384,6,6874
train,stratum,cyrillic_african,bg,boundary_bpe,16384,7,8
train,stratum,cyrillic_african,bg,boundary_bpe,16384,8,2149
train,stratum,cyrillic_african,bg,boundary_bpe,16384,9,4
train,stratum,cyrillic_african,bg,boundary_bpe,16384,10,372
train,stratum,cyrillic_african,ru,boundary_bpe,16384,1,20082
train,stratum,cyrillic_african,ru,boundary_bpe,16384,2,17038
train,stratum,cyrillic_african,ru,boundary_bpe,16384,3,1067
train,stratum,cyrillic_african,ru,boundary_bpe,16384,4,25990
train,stratum,cyrillic_african,ru,boundary_bpe,16384,5,216
train,stratum,cyrillic_african,ru,boundary_bpe,16384,6,8303
train,stratum,cyrillic_african,ru,boundary_bpe,16384,7,3
train,stratum,cyrillic_african,ru,boundary_bpe,16384,8,1859
train,stratum,cyrillic_african,ru,boundary_bpe,16384,10,332
train,stratum,cyrillic_african,ru,boundary_bpe,16384,11,3
train,stratum,cyrillic_african,ru,boundary_bpe,16384,12,116
train,stratum,cyrillic_african,sw,boundary_bpe,16384,1,71957
train,stratum,cyrillic_african,sw,boundary_bpe,16384,2,48241
train,stratum,cyrillic_african,sw,boundary_bpe,16384,3,28068
train,stratum,cyrillic_african,sw,boundary_bpe,16384,4,7825
train,stratum,cyrillic_african,sw,boundary_bpe,16384,5,1448
train,stratum,cyrillic_african,sw,boundary_bpe,16384,6,1705
train,stratum,cyrillic_african,sw,boundary_bpe,16384,7,177
train,stratum,cyrillic_african,sw,boundary_bpe,16384,8,14
train,stratum,cyrillic_african,sw,boundary_bpe,16384,9,6
train,stratum,cyrillic_african,sw,boundary_bpe,16384,11,3
train,stratum,cyrillic_african,uk,boundary_bpe,16384,1,16170
train,stratum,cyrillic_african,uk,boundary_bpe,16384,2,15236
train,stratum,cyrillic_african,uk,boundary_bpe,16384,3,887
train,stratum,cyrillic_african,uk,boundary_bpe,16384,4,22379
train,stratum,cyrillic_african,uk,boundary_bpe,16384,5,171
train,stratum,cyrillic_african,uk,boundary_bpe,16384,6,5428
train,stratum,cyrillic_african,uk,boundary_bpe,16384,7,1
train,stratum,cyrillic_african,uk,boundary_bpe,16384,8,1242
train,stratum,cyrillic_african,uk,boundary_bpe,16384,9,1
train,stratum,cyrillic_african,uk,boundary_bpe,16384,10,253
train,stratum,cyrillic_african,yo,boundary_bpe,16384,1,33902
train,stratum,cyrillic_african,yo,boundary_bpe,16384,2,16572
train,stratum,cyrillic_african,yo,boundary_bpe,16384,3,10150
train,stratum,cyrillic_african,yo,boundary_bpe,16384,4,5153
train,stratum,cyrillic_african,yo,boundary_bpe,16384,5,1243
train,stratum,cyrillic_african,yo,boundary_bpe,16384,6,2203
train,stratum,cyrillic_african,yo,boundary_bpe,16384,7,628
train,stratum,cyrillic_african,yo,boundary_bpe,16384,8,172
train,stratum,cyrillic_african,yo,boundary_bpe,16384,9,2
train,stratum,cyrillic_african,yo,boundary_bpe,16384,10,136
train,stratum,cyrillic_african,yo,boundary_bpe,16384,11,42
train,stratum,cyrillic_african,yo,boundary_bpe,16384,15,36
train,stratum,indic_cjk_arabic,ar,boundary_bpe,16384,1,21362
train,stratum,indic_cjk_arabic,ar,boundary_bpe,16384,2,25852
train,stratum,indic_cjk_arabic,ar,boundary_bpe,16384,3,661
train,stratum,indic_cjk_arabic,ar,boundary_bpe,16384,4,23898
train,stratum,indic_cjk_arabic,ar,boundary_bpe,16384,5,129
train,stratum,indic_cjk_arabic,ar,boundary_bpe,16384,6,6753
train,stratum,indic_cjk_arabic,ar,boundary_bpe,16384,7,5
train,stratum,indic_cjk_arabic,ar,boundary_bpe,16384,8,424
train,stratum,indic_cjk_arabic,ar,boundary_bpe,16384,14,3
train,stratum,indic_cjk_arabic,bn,boundary_bpe,16384,1,17030
train,stratum,indic_cjk_arabic,bn,boundary_bpe,16384,2,607
train,stratum,indic_cjk_arabic,bn,boundary_bpe,16384,3,28623
train,stratum,indic_cjk_arabic,bn,boundary_bpe,16384,4,146
train,stratum,indic_cjk_arabic,bn,boundary_bpe,16384,5,266
train,stratum,indic_cjk_arabic,bn,boundary_bpe,16384,6,20053
train,stratum,indic_cjk_arabic,bn,boundary_bpe,16384,7,8
train,stratum,indic_cjk_arabic,bn,boundary_bpe,16384,8,14
train,stratum,indic_cjk_arabic,bn,boundary_bpe,16384,9,4748
train,stratum,indic_cjk_arabic,bn,boundary_bpe,16384,11,1
train,stratum,indic_cjk_arabic,bn,boundary_bpe,16384,12,683
train,stratum,indic_cjk_arabic,bn,boundary_bpe,16384,15,102
train,stratum,indic_cjk_arabic,fa,boundary_bpe,16384,1,22449
train,stratum,indic_cjk_arabic,fa,boundary_bpe,16384,2,17960
train,stratum,indic_cjk_arabic,fa,boundary_bpe,16384,3,756
train,stratum,indic_cjk_arabic,fa,boundary_bpe,16384,4,22826
train,stratum,indic_cjk_arabic,fa,boundary_bpe,16384,5,326
train,stratum,indic_cjk_arabic,fa,boundary_bpe,16384,6,5871
train,stratum,indic_cjk_arabic,fa,boundary_bpe,16384,7,353
train,stratum,indic_cjk_arabic,fa,boundary_bpe,16384,8,720
train,stratum,indic_cjk_arabic,fa,boundary_bpe,16384,9,95
train,stratum,indic_cjk_arabic,fa,boundary_bpe,16384,14,61
train,stratum,indic_cjk_arabic,gu,boundary_bpe,16384,1,19976
train,stratum,indic_cjk_arabic,gu,boundary_bpe,16384,2,1091
train,stratum,indic_cjk_arabic,gu,boundary_bpe,16384,3,27750
train,stratum,indic_cjk_arabic,gu,boundary_bpe,16384,4,229
train,stratum,indic_cjk_arabic,gu,boundary_bpe,16384,5,90
train,stratum,indic_cjk_arabic,gu,boundary_bpe,16384,6,20214
train,stratum,indic_cjk_arabic,gu,boundary_bpe,16384,7,439
train,stratum,indic_cjk_arabic,gu,boundary_bpe,16384,8,11
train,stratum,indic_cjk_arabic,gu,boundary_bpe,16384,9,3184
train,stratum,indic_cjk_arabic,gu,boundary_bpe,16384,12,440
train,stratum,indic_cjk_arabic,gu,boundary_bpe,16384,15,72
train,stratum,indic_cjk_arabic,hi,boundary_bpe,16384,1,28943
train,stratum,indic_cjk_arabic,hi,boundary_bpe,16384,2,1046
train,stratum,indic_cjk_arabic,hi,boundary_bpe,16384,3,28267
train,stratum,indic_cjk_arabic,hi,boundary_bpe,16384,4,222
train,stratum,indic_cjk_arabic,hi,boundary_bpe,16384,5,185
train,stratum,indic_cjk_arabic,hi,boundary_bpe,16384,6,29776
train,stratum,indic_cjk_arabic,hi,boundary_bpe,16384,7,170
train,stratum,indic_cjk_arabic,hi,boundary_bpe,16384,8,16
train,stratum,indic_cjk_arabic,hi,boundary_bpe,16384,9,4168
train,stratum,indic_cjk_arabic,hi,boundary_bpe,16384,10,3
train,stratum,indic_cjk_arabic,hi,boundary_bpe,16384,11,54
train,stratum,indic_cjk_arabic,hi,boundary_bpe,16384,12,578
train,stratum,indic_cjk_arabic,hi,boundary_bpe,16384,15,1
train,stratum,indic_cjk_arabic,ja,boundary_bpe,16384,1,19936
train,stratum,indic_cjk_arabic,ja,boundary_bpe,16384,2,6846
train,stratum,indic_cjk_arabic,ja,boundary_bpe,16384,3,75270
train,stratum,indic_cjk_arabic,ja,boundary_bpe,16384,4,711
train,stratum,indic_cjk_arabic,ja,boundary_bpe,16384,5,174
train,stratum,indic_cjk_arabic,ja,boundary_bpe,16384,6,7803
train,stratum,indic_cjk_arabic,ja,boundary_bpe,16384,7,117
train,stratum,indic_cjk_arabic,ja,boundary_bpe,16384,8,18
train,stratum,indic_cjk_arabic,ja,boundary_bpe,16384,9,717
train,stratum,indic_cjk_arabic,ja,boundary_bpe,16384,10,1
train,stratum,indic_cjk_arabic,ja,boundary_bpe,16384,11,1
train,stratum,indic_cjk_arabic,ja,boundary_bpe,16384,12,88
train,stratum,indic_cjk_arabic,kn,boundary_bpe,16384,1,29273
train,stratum,indic_cjk_arabic,kn,boundary_bpe,16384,2,3374
train,stratum,indic_cjk_arabic,kn,boundary_bpe,16384,3,48717
train,stratum,indic_cjk_arabic,kn,boundary_bpe,16384,4,656
train,stratum,indic_cjk_arabic,kn,boundary_bpe,16384,5,70
train,stratum,indic_cjk_arabic,kn,boundary_bpe,16384,6,27927
train,stratum,indic_cjk_arabic,kn,boundary_bpe,16384,7,17
train,stratum,indic_cjk_arabic,kn,boundary_bpe,16384,8,13
train,stratum,indic_cjk_arabic,kn,boundary_bpe,16384,9,6139
train,stratum,indic_cjk_arabic,kn,boundary_bpe,16384,10,169
train,stratum,indic_cjk_arabic,kn,boundary_bpe,16384,12,2400
train,stratum,indic_cjk_arabic,kn,boundary_bpe,16384,15,923
train,stratum,indic_cjk_arabic,kn,boundary_bpe,16384,18,289
train,stratum,indic_cjk_arabic,ko,boundary_bpe,16384,1,21960
train,stratum,indic_cjk_arabic,ko,boundary_bpe,16384,2,1275
train,stratum,indic_cjk_arabic,ko,boundary_bpe,16384,3,52746
train,stratum,indic_cjk_arabic,ko,boundary_bpe,16384,4,549
train,stratum,indic_cjk_arabic,ko,boundary_bpe,16384,5,64
train,stratum,indic_cjk_arabic,ko,boundary_bpe,16384,6,1722
train,stratum,indic_cjk_arabic,ko,boundary_bpe,16384,7,147
train,stratum,indic_cjk_arabic,ko,boundary_bpe,16384,8,7
train,stratum,indic_cjk_arabic,ko,boundary_bpe,16384,9,249
train,stratum,indic_cjk_arabic,ko,boundary_bpe,16384,10,225
train,stratum,indic_cjk_arabic,ko,boundary_bpe,16384,11,1
train,stratum,indic_cjk_arabic,ml,boundary_bpe,16384,1,8512
train,stratum,indic_cjk_arabic,ml,boundary_bpe,16384,2,945
train,stratum,indic_cjk_arabic,ml,boundary_bpe,16384,3,19322
train,stratum,indic_cjk_arabic,ml,boundary_bpe,16384,4,324
train,stratum,indic_cjk_arabic,ml,boundary_bpe,16384,5,89
train,stratum,indic_cjk_arabic,ml,boundary_bpe,16384,6,8531
train,stratum,indic_cjk_arabic,ml,boundary_bpe,16384,7,88
train,stratum,indic_cjk_arabic,ml,boundary_bpe,16384,8,14
train,stratum,indic_cjk_arabic,ml,boundary_bpe,16384,9,4353
train,stratum,indic_cjk_arabic,ml,boundary_bpe,16384,12,2042
train,stratum,indic_cjk_arabic,ml,boundary_bpe,16384,15,128
train,stratum,indic_cjk_arabic,ml,boundary_bpe,16384,18,60
train,stratum,indic_cjk_arabic,mr,boundary_bpe,16384,1,23195
train,stratum,indic_cjk_arabic,mr,boundary_bpe,16384,2,1303
train,stratum,indic_cjk_arabic,mr,boundary_bpe,16384,3,29467
train,stratum,indic_cjk_arabic,mr,boundary_bpe,16384,4,457
train,stratum,indic_cjk_arabic,mr,boundary_bpe,16384,5,102
train,stratum,indic_cjk_arabic,mr,boundary_bpe,16384,6,27998
train,stratum,indic_cjk_arabic,mr,boundary_bpe,16384,7,128
train,stratum,indic_cjk_arabic,mr,boundary_bpe,16384,8,22
train,stratum,indic_cjk_arabic,mr,boundary_bpe,16384,9,4844
train,stratum,indic_cjk_arabic,mr,boundary_bpe,16384,10,245
train,stratum,indic_cjk_arabic,mr,boundary_bpe,16384,11,1
train,stratum,indic_cjk_arabic,mr,boundary_bpe,16384,12,2268
train,stratum,indic_cjk_arabic,mr,boundary_bpe,16384,15,231
train,stratum,indic_cjk_arabic,ta,boundary_bpe,16384,1,11421
train,stratum,indic_cjk_arabic,ta,boundary_bpe,16384,2,752
train,stratum,indic_cjk_arabic,ta,boundary_bpe,16384,3,18260
train,stratum,indic_cjk_arabic,ta,boundary_bpe,16384,4,189
train,stratum,indic_cjk_arabic,ta,boundary_bpe,16384,5,39
train,stratum,indic_cjk_arabic,ta,boundary_bpe,16384,6,13169
train,stratum,indic_cjk_arabic,ta,boundary_bpe,16384,7,202
train,stratum,indic_cjk_arabic,ta,boundary_bpe,16384,8,6
train,stratum,indic_cjk_arabic,ta,boundary_bpe,16384,9,6457
train,stratum,indic_cjk_arabic,ta,boundary_bpe,16384,10,44
train,stratum,indic_cjk_arabic,ta,boundary_bpe,16384,12,1561
train,stratum,indic_cjk_arabic,ta,boundary_bpe,16384,15,600
train,stratum,indic_cjk_arabic,ta,boundary_bpe,16384,18,218
train,stratum,indic_cjk_arabic,te,boundary_bpe,16384,1,16413
train,stratum,indic_cjk_arabic,te,boundary_bpe,16384,2,1314
train,stratum,indic_cjk_arabic,te,boundary_bpe,16384,3,28639
train,stratum,indic_cjk_arabic,te,boundary_bpe,16384,4,205
train,stratum,indic_cjk_arabic,te,boundary_bpe,16384,5,67
train,stratum,indic_cjk_arabic,te,boundary_bpe,16384,6,24593
train,stratum,indic_cjk_arabic,te,boundary_bpe,16384,7,13
train,stratum,indic_cjk_arabic,te,boundary_bpe,16384,8,6
train,stratum,indic_cjk_arabic,te,boundary_bpe,16384,9,3537
train,stratum,indic_cjk_arabic,te,boundary_bpe,16384,10,382
train,stratum,indic_cjk_arabic,te,boundary_bpe,16384,12,895
train,stratum,indic_cjk_arabic,ur,boundary_bpe,16384,1,53751
train,stratum,indic_cjk_arabic,ur,boundary_bpe,16384,2,38294
train,stratum,indic_cjk_arabic,ur,boundary_bpe,16384,3,1219
train,stratum,indic_cjk_arabic,ur,boundary_bpe,16384,4,49723
train,stratum,indic_cjk_arabic,ur,boundary_bpe,16384,5,87
train,stratum,indic_cjk_arabic,ur,boundary_bpe,16384,6,12658
train,stratum,indic_cjk_arabic,ur,boundary_bpe,16384,7,21
train,stratum,indic_cjk_arabic,ur,boundary_bpe,16384,8,2170
train,stratum,indic_cjk_arabic,ur,boundary_bpe,16384,9,2
train,stratum,indic_cjk_arabic,ur,boundary_bpe,16384,10,172
train,stratum,indic_cjk_arabic,ur,boundary_bpe,16384,14,130
train,stratum,indic_cjk_arabic,zh,boundary_bpe,16384,1,34870
train,stratum,indic_cjk_arabic,zh,boundary_bpe,16384,2,7118
train,stratum,indic_cjk_arabic,zh,boundary_bpe,16384,3,110032
train,stratum,indic_cjk_arabic,zh,boundary_bpe,16384,4,2644
train,stratum,indic_cjk_arabic,zh,boundary_bpe,16384,5,166
train,stratum,indic_cjk_arabic,zh,boundary_bpe,16384,6,20611
train,stratum,indic_cjk_arabic,zh,boundary_bpe,16384,7,1199
train,stratum,indic_cjk_arabic,zh,boundary_bpe,16384,8,20
train,stratum,indic_cjk_arabic,zh,boundary_bpe,16384,9,3015
train,stratum,indic_cjk_arabic,zh,boundary_bpe,16384,10,701
train,stratum,indic_cjk_arabic,zh,boundary_bpe,16384,11,2
train,stratum,indic_cjk_arabic,zh,boundary_bpe,16384,12,3722
train,stratum,indic_cjk_arabic,zh,boundary_bpe,16384,15,699
train,stratum,latin_english,en,boundary_bpe,16384,1,26305
train,stratum,latin_english,en,boundary_bpe,16384,2,10031
train,stratum,latin_english,en,boundary_bpe,16384,3,9216
train,stratum,latin_english,en,boundary_bpe,16384,4,5618
train,stratum,latin_english,en,boundary_bpe,16384,5,2500
train,stratum,latin_english,en,boundary_bpe,16384,6,1473
train,stratum,latin_english,en,boundary_bpe,16384,7,750
train,stratum,latin_english,en,boundary_bpe,16384,8,391
train,stratum,latin_english,en,boundary_bpe,16384,9,186
train,stratum,latin_english,en,boundary_bpe,16384,10,67
train,stratum,latin_english,en,boundary_bpe,16384,11,36
train,language,,am,boundary_bpe,16384,1,32132
train,language,,am,boundary_bpe,16384,2,2038
train,language,,am,boundary_bpe,16384,3,83220
train,language,,am,boundary_bpe,16384,4,372
train,language,,am,boundary_bpe,16384,5,364
train,language,,am,boundary_bpe,16384,6,14205
train,language,,am,boundary_bpe,16384,7,33
train,language,,am,boundary_bpe,16384,8,186
train,language,,am,boundary_bpe,16384,9,1395
train,language,,am,boundary_bpe,16384,12,156
train,language,,ar,boundary_bpe,16384,1,21362
train,language,,ar,boundary_bpe,16384,2,25852
train,language,,ar,boundary_bpe,16384,3,661
train,language,,ar,boundary_bpe,16384,4,23898
train,language,,ar,boundary_bpe,16384,5,129
train,language,,ar,boundary_bpe,16384,6,6753
train,language,,ar,boundary_bpe,16384,7,5
train,language,,ar,boundary_bpe,16384,8,424
train,language,,ar,boundary_bpe,16384,14,3
train,language,,bg,boundary_bpe,16384,1,25202
train,language,,bg,boundary_bpe,16384,2,16547
train,language,,bg,boundary_bpe,16384,3,1382
train,language,,bg,boundary_bpe,16384,4,30573
train,language,,bg,boundary_bpe,16384,5,452
train,language,,bg,boundary_bpe,16384,6,6874
train,language,,bg,boundary_bpe,16384,7,8
train,language,,bg,boundary_bpe,16384,8,2149
train,language,,bg,boundary_bpe,16384,9,4
train,language,,bg,boundary_bpe,16384,10,372
train,language,,bn,boundary_bpe,16384,1,17030
train,language,,bn,boundary_bpe,16384,2,607
train,language,,bn,boundary_bpe,16384,3,28623
train,language,,bn,boundary_bpe,16384,4,146
train,language,,bn,boundary_bpe,16384,5,266
train,language,,bn,boundary_bpe,16384,6,20053
train,language,,bn,boundary_bpe,16384,7,8
train,language,,bn,boundary_bpe,16384,8,14
train,language,,bn,boundary_bpe,16384,9,4748
train,language,,bn,boundary_bpe,16384,11,1
train,language,,bn,boundary_bpe,16384,12,683
train,language,,bn,boundary_bpe,16384,15,102
train,language,,c,boundary_bpe,16384,1,86814
train,language,,c,boundary_bpe,16384,2,27710
train,language,,c,boundary_bpe,16384,3,12687
train,language,,c,boundary_bpe,16384,4,6838
train,language,,c,boundary_bpe,16384,5,3776
train,language,,c,boundary_bpe,16384,6,3195
train,language,,c,boundary_bpe,16384,7,1522
train,language,,c,boundary_bpe,16384,8,873
train,language,,c,boundary_bpe,16384,9,185
train,language,,c,boundary_bpe,16384,10,122
train,language,,c,boundary_bpe,16384,11,42
train,language,,c,boundary_bpe,16384,12,4
train,language,,c,boundary_bpe,16384,16,19
train,language,,c,boundary_bpe,16384,32,83
train,language,,cpp,boundary_bpe,16384,1,175701
train,language,,cpp,boundary_bpe,16384,2,69376
train,language,,cpp,boundary_bpe,16384,3,30062
train,language,,cpp,boundary_bpe,16384,4,17856
train,language,,cpp,boundary_bpe,16384,5,10518
train,language,,cpp,boundary_bpe,16384,6,12629
train,language,,cpp,boundary_bpe,16384,7,5364
train,language,,cpp,boundary_bpe,16384,8,1411
train,language,,cpp,boundary_bpe,16384,9,580
train,language,,cpp,boundary_bpe,16384,10,50
train,language,,cpp,boundary_bpe,16384,11,707
train,language,,cpp,boundary_bpe,16384,12,529
train,language,,cpp,boundary_bpe,16384,14,740
train,language,,cpp,boundary_bpe,16384,16,67
train,language,,cpp,boundary_bpe,16384,17,915
train,language,,cpp,boundary_bpe,16384,18,57
train,language,,cpp,boundary_bpe,16384,21,38
train,language,,cpp,boundary_bpe,16384,23,689
train,language,,cpp,boundary_bpe,16384,30,486
train,language,,cpp,boundary_bpe,16384,32,101
train,language,,en,boundary_bpe,16384,1,26305
train,language,,en,boundary_bpe,16384,2,10031
train,language,,en,boundary_bpe,16384,3,9216
train,language,,en,boundary_bpe,16384,4,5618
train,language,,en,boundary_bpe,16384,5,2500
train,language,,en,boundary_bpe,16384,6,1473
train,language,,en,boundary_bpe,16384,7,750
train,language,,en,boundary_bpe,16384,8,391
train,language,,en,boundary_bpe,16384,9,186
train,language,,en,boundary_bpe,16384,10,67
train,language,,en,boundary_bpe,16384,11,36
train,language,,fa,boundary_bpe,16384,1,22449
train,language,,fa,boundary_bpe,16384,2,17960
train,language,,fa,boundary_bpe,16384,3,756
train,language,,fa,boundary_bpe,16384,4,22826
train,language,,fa,boundary_bpe,16384,5,326
train,language,,fa,boundary_bpe,16384,6,5871
train,language,,fa,boundary_bpe,16384,7,353
train,language,,fa,boundary_bpe,16384,8,720
train,language,,fa,boundary_bpe,16384,9,95
train,language,,fa,boundary_bpe,16384,14,61
train,language,,go,boundary_bpe,16384,1,130971
train,language,,go,boundary_bpe,16384,2,41129
train,language,,go,boundary_bpe,16384,3,27664
train,language,,go,boundary_bpe,16384,4,17904
train,language,,go,boundary_bpe,16384,5,9087
train,language,,go,boundary_bpe,16384,6,7309
train,language,,go,boundary_bpe,16384,7,4392
train,language,,go,boundary_bpe,16384,8,1855
train,language,,go,boundary_bpe,16384,9,976
train,language,,go,boundary_bpe,16384,10,43
train,language,,go,boundary_bpe,16384,11,98
train,language,,go,boundary_bpe,16384,12,121
train,language,,gu,boundary_bpe,16384,1,19976
train,language,,gu,boundary_bpe,16384,2,1091
train,language,,gu,boundary_bpe,16384,3,27750
train,language,,gu,boundary_bpe,16384,4,229
train,language,,gu,boundary_bpe,16384,5,90
train,language,,gu,boundary_bpe,16384,6,20214
train,language,,gu,boundary_bpe,16384,7,439
train,language,,gu,boundary_bpe,16384,8,11
train,language,,gu,boundary_bpe,16384,9,3184
train,language,,gu,boundary_bpe,16384,12,440
train,language,,gu,boundary_bpe,16384,15,72
train,language,,hi,boundary_bpe,16384,1,28943
train,language,,hi,boundary_bpe,16384,2,1046
train,language,,hi,boundary_bpe,16384,3,28267
train,language,,hi,boundary_bpe,16384,4,222
train,language,,hi,boundary_bpe,16384,5,185
train,language,,hi,boundary_bpe,16384,6,29776
train,language,,hi,boundary_bpe,16384,7,170
train,language,,hi,boundary_bpe,16384,8,16
train,language,,hi,boundary_bpe,16384,9,4168
train,language,,hi,boundary_bpe,16384,10,3
train,language,,hi,boundary_bpe,16384,11,54
train,language,,hi,boundary_bpe,16384,12,578
train,language,,hi,boundary_bpe,16384,15,1
train,language,,ja,boundary_bpe,16384,1,19936
train,language,,ja,boundary_bpe,16384,2,6846
train,language,,ja,boundary_bpe,16384,3,75270
train,language,,ja,boundary_bpe,16384,4,711
train,language,,ja,boundary_bpe,16384,5,174
train,language,,ja,boundary_bpe,16384,6,7803
train,language,,ja,boundary_bpe,16384,7,117
train,language,,ja,boundary_bpe,16384,8,18
train,language,,ja,boundary_bpe,16384,9,717
train,language,,ja,boundary_bpe,16384,10,1
train,language,,ja,boundary_bpe,16384,11,1
train,language,,ja,boundary_bpe,16384,12,88
train,language,,java,boundary_bpe,16384,1,61774
train,language,,java,boundary_bpe,16384,2,10507
train,language,,java,boundary_bpe,16384,3,7520
train,language,,java,boundary_bpe,16384,4,6302
train,language,,java,boundary_bpe,16384,5,2776
train,language,,java,boundary_bpe,16384,6,2535
train,language,,java,boundary_bpe,16384,7,1315
train,language,,java,boundary_bpe,16384,8,318
train,language,,java,boundary_bpe,16384,9,277
train,language,,java,boundary_bpe,16384,10,88
train,language,,java,boundary_bpe,16384,11,25
train,language,,java,boundary_bpe,16384,16,15
train,language,,java,boundary_bpe,16384,32,8
train,language,,javascript,boundary_bpe,16384,1,32847
train,language,,javascript,boundary_bpe,16384,2,12932
train,language,,javascript,boundary_bpe,16384,3,4972
train,language,,javascript,boundary_bpe,16384,4,2583
train,language,,javascript,boundary_bpe,16384,5,1641
train,language,,javascript,boundary_bpe,16384,6,1931
train,language,,javascript,boundary_bpe,16384,7,751
train,language,,javascript,boundary_bpe,16384,8,280
train,language,,javascript,boundary_bpe,16384,9,99
train,language,,javascript,boundary_bpe,16384,10,7
train,language,,javascript,boundary_bpe,16384,11,19
train,language,,javascript,boundary_bpe,16384,18,3
train,language,,kn,boundary_bpe,16384,1,29273
train,language,,kn,boundary_bpe,16384,2,3374
train,language,,kn,boundary_bpe,16384,3,48717
train,language,,kn,boundary_bpe,16384,4,656
train,language,,kn,boundary_bpe,16384,5,70
train,language,,kn,boundary_bpe,16384,6,27927
train,language,,kn,boundary_bpe,16384,7,17
train,language,,kn,boundary_bpe,16384,8,13
train,language,,kn,boundary_bpe,16384,9,6139
train,language,,kn,boundary_bpe,16384,10,169
train,language,,kn,boundary_bpe,16384,12,2400
train,language,,kn,boundary_bpe,16384,15,923
train,language,,kn,boundary_bpe,16384,18,289
train,language,,ko,boundary_bpe,16384,1,21960
train,language,,ko,boundary_bpe,16384,2,1275
train,language,,ko,boundary_bpe,16384,3,52746
train,language,,ko,boundary_bpe,16384,4,549
train,language,,ko,boundary_bpe,16384,5,64
train,language,,ko,boundary_bpe,16384,6,1722
train,language,,ko,boundary_bpe,16384,7,147
train,language,,ko,boundary_bpe,16384,8,7
train,language,,ko,boundary_bpe,16384,9,249
train,language,,ko,boundary_bpe,16384,10,225
train,language,,ko,boundary_bpe,16384,11,1
train,language,,ml,boundary_bpe,16384,1,8512
train,language,,ml,boundary_bpe,16384,2,945
train,language,,ml,boundary_bpe,16384,3,19322
train,language,,ml,boundary_bpe,16384,4,324
train,language,,ml,boundary_bpe,16384,5,89
train,language,,ml,boundary_bpe,16384,6,8531
train,language,,ml,boundary_bpe,16384,7,88
train,language,,ml,boundary_bpe,16384,8,14
train,language,,ml,boundary_bpe,16384,9,4353
train,language,,ml,boundary_bpe,16384,12,2042
train,language,,ml,boundary_bpe,16384,15,128
train,language,,ml,boundary_bpe,16384,18,60
train,language,,mr,boundary_bpe,16384,1,23195
train,language,,mr,boundary_bpe,16384,2,1303
train,language,,mr,boundary_bpe,16384,3,29467
train,language,,mr,boundary_bpe,16384,4,457
train,language,,mr,boundary_bpe,16384,5,102
train,language,,mr,boundary_bpe,16384,6,27998
train,language,,mr,boundary_bpe,16384,7,128
train,language,,mr,boundary_bpe,16384,8,22
train,language,,mr,boundary_bpe,16384,9,4844
train,language,,mr,boundary_bpe,16384,10,245
train,language,,mr,boundary_bpe,16384,11,1
train,language,,mr,boundary_bpe,16384,12,2268
train,language,,mr,boundary_bpe,16384,15,231
train,language,,python,boundary_bpe,16384,1,67783
train,language,,python,boundary_bpe,16384,2,12507
train,language,,python,boundary_bpe,16384,3,8077
train,language,,python,boundary_bpe,16384,4,5784
train,language,,python,boundary_bpe,16384,5,3901
train,language,,python,boundary_bpe,16384,6,2771
train,language,,python,boundary_bpe,16384,7,1209
train,language,,python,boundary_bpe,16384,8,541
train,language,,python,boundary_bpe,16384,9,191
train,language,,python,boundary_bpe,16384,10,21
train,language,,python,boundary_bpe,16384,11,70
train,language,,python,boundary_bpe,16384,12,2
train,language,,python,boundary_bpe,16384,16,12
train,language,,python,boundary_bpe,16384,32,36
train,language,,ru,boundary_bpe,16384,1,20082
train,language,,ru,boundary_bpe,16384,2,17038
train,language,,ru,boundary_bpe,16384,3,1067
train,language,,ru,boundary_bpe,16384,4,25990
train,language,,ru,boundary_bpe,16384,5,216
train,language,,ru,boundary_bpe,16384,6,8303
train,language,,ru,boundary_bpe,16384,7,3
train,language,,ru,boundary_bpe,16384,8,1859
train,language,,ru,boundary_bpe,16384,10,332
train,language,,ru,boundary_bpe,16384,11,3
train,language,,ru,boundary_bpe,16384,12,116
train,language,,rust,boundary_bpe,16384,1,154974
train,language,,rust,boundary_bpe,16384,2,30558
train,language,,rust,boundary_bpe,16384,3,20745
train,language,,rust,boundary_bpe,16384,4,10860
train,language,,rust,boundary_bpe,16384,5,6795
train,language,,rust,boundary_bpe,16384,6,4087
train,language,,rust,boundary_bpe,16384,7,1803
train,language,,rust,boundary_bpe,16384,8,709
train,language,,rust,boundary_bpe,16384,9,330
train,language,,rust,boundary_bpe,16384,10,45
train,language,,rust,boundary_bpe,16384,11,275
train,language,,rust,boundary_bpe,16384,16,24
train,language,,rust,boundary_bpe,16384,32,2
train,language,,sql,boundary_bpe,16384,1,221430
train,language,,sql,boundary_bpe,16384,2,152456
train,language,,sql,boundary_bpe,16384,3,45540
train,language,,sql,boundary_bpe,16384,4,21582
train,language,,sql,boundary_bpe,16384,5,14073
train,language,,sql,boundary_bpe,16384,6,6276
train,language,,sql,boundary_bpe,16384,7,4540
train,language,,sql,boundary_bpe,16384,8,676
train,language,,sql,boundary_bpe,16384,9,1886
train,language,,sql,boundary_bpe,16384,10,1529
train,language,,sql,boundary_bpe,16384,11,620
train,language,,sql,boundary_bpe,16384,12,1353
train,language,,sql,boundary_bpe,16384,13,861
train,language,,sql,boundary_bpe,16384,16,51
train,language,,sql,boundary_bpe,16384,32,31
train,language,,sw,boundary_bpe,16384,1,71957
train,language,,sw,boundary_bpe,16384,2,48241
train,language,,sw,boundary_bpe,16384,3,28068
train,language,,sw,boundary_bpe,16384,4,7825
train,language,,sw,boundary_bpe,16384,5,1448
train,language,,sw,boundary_bpe,16384,6,1705
train,language,,sw,boundary_bpe,16384,7,177
train,language,,sw,boundary_bpe,16384,8,14
train,language,,sw,boundary_bpe,16384,9,6
train,language,,sw,boundary_bpe,16384,11,3
train,language,,ta,boundary_bpe,16384,1,11421
train,language,,ta,boundary_bpe,16384,2,752
train,language,,ta,boundary_bpe,16384,3,18260
train,language,,ta,boundary_bpe,16384,4,189
train,language,,ta,boundary_bpe,16384,5,39
train,language,,ta,boundary_bpe,16384,6,13169
train,language,,ta,boundary_bpe,16384,7,202
train,language,,ta,boundary_bpe,16384,8,6
train,language,,ta,boundary_bpe,16384,9,6457
train,language,,ta,boundary_bpe,16384,10,44
train,language,,ta,boundary_bpe,16384,12,1561
train,language,,ta,boundary_bpe,16384,15,600
train,language,,ta,boundary_bpe,16384,18,218
train,language,,te,boundary_bpe,16384,1,16413
train,language,,te,boundary_bpe,16384,2,1314
train,language,,te,boundary_bpe,16384,3,28639
train,language,,te,boundary_bpe,16384,4,205
train,language,,te,boundary_bpe,16384,5,67
train,language,,te,boundary_bpe,16384,6,24593
train,language,,te,boundary_bpe,16384,7,13
train,language,,te,boundary_bpe,16384,8,6
train,language,,te,boundary_bpe,16384,9,3537
train,language,,te,boundary_bpe,16384,10,382
train,language,,te,boundary_bpe,16384,12,895
train,language,,typescript,boundary_bpe,16384,1,292963
train,language,,typescript,boundary_bpe,16384,2,51062
train,language,,typescript,boundary_bpe,16384,3,23764
train,language,,typescript,boundary_bpe,16384,4,13728
train,language,,typescript,boundary_bpe,16384,5,8362
train,language,,typescript,boundary_bpe,16384,6,5612
train,language,,typescript,boundary_bpe,16384,7,2521
train,language,,typescript,boundary_bpe,16384,8,3320
train,language,,typescript,boundary_bpe,16384,9,4291
train,language,,typescript,boundary_bpe,16384,10,1456
train,language,,typescript,boundary_bpe,16384,11,46
train,language,,typescript,boundary_bpe,16384,13,1220
train,language,,typescript,boundary_bpe,16384,14,1220
train,language,,typescript,boundary_bpe,16384,16,36
train,language,,typescript,boundary_bpe,16384,32,210
train,language,,uk,boundary_bpe,16384,1,16170
train,language,,uk,boundary_bpe,16384,2,15236
train,language,,uk,boundary_bpe,16384,3,887
train,language,,uk,boundary_bpe,16384,4,22379
train,language,,uk,boundary_bpe,16384,5,171
train,language,,uk,boundary_bpe,16384,6,5428
train,language,,uk,boundary_bpe,16384,7,1
train,language,,uk,boundary_bpe,16384,8,1242
train,language,,uk,boundary_bpe,16384,9,1
train,language,,uk,boundary_bpe,16384,10,253
train,language,,ur,boundary_bpe,16384,1,53751
train,language,,ur,boundary_bpe,16384,2,38294
train,language,,ur,boundary_bpe,16384,3,1219
train,language,,ur,boundary_bpe,16384,4,49723
train,language,,ur,boundary_bpe,16384,5,87
train,language,,ur,boundary_bpe,16384,6,12658
train,language,,ur,boundary_bpe,16384,7,21
train,language,,ur,boundary_bpe,16384,8,2170
train,language,,ur,boundary_bpe,16384,9,2
train,language,,ur,boundary_bpe,16384,10,172
train,language,,ur,boundary_bpe,16384,14,130
train,language,,yo,boundary_bpe,16384,1,33902
train,language,,yo,boundary_bpe,16384,2,16572
train,language,,yo,boundary_bpe,16384,3,10150
train,language,,yo,boundary_bpe,16384,4,5153
train,language,,yo,boundary_bpe,16384,5,1243
train,language,,yo,boundary_bpe,16384,6,2203
train,language,,yo,boundary_bpe,16384,7,628
train,language,,yo,boundary_bpe,16384,8,172
train,language,,yo,boundary_bpe,16384,9,2
train,language,,yo,boundary_bpe,16384,10,136
train,language,,yo,boundary_bpe,16384,11,42
train,language,,yo,boundary_bpe,16384,15,36
train,language,,zh,boundary_bpe,16384,1,34870
train,language,,zh,boundary_bpe,16384,2,7118
train,language,,zh,boundary_bpe,16384,3,110032
train,language,,zh,boundary_bpe,16384,4,2644
train,language,,zh,boundary_bpe,16384,5,166
train,language,,zh,boundary_bpe,16384,6,20611
train,language,,zh,boundary_bpe,16384,7,1199
train,language,,zh,boundary_bpe,16384,8,20
train,language,,zh,boundary_bpe,16384,9,3015
train,language,,zh,boundary_bpe,16384,10,701
train,language,,zh,boundary_bpe,16384,11,2
train,language,,zh,boundary_bpe,16384,12,3722
train,language,,zh,boundary_bpe,16384,15,699
train,domain,code,,boundary_bpe,16384,1,1225257
train,domain,code,,boundary_bpe,16384,2,408237
train,domain,code,,boundary_bpe,16384,3,181031
train,domain,code,,boundary_bpe,16384,4,103437
train,domain,code,,boundary_bpe,16384,5,60929
train,domain,code,,boundary_bpe,16384,6,46345
train,domain,code,,boundary_bpe,16384,7,23417
train,domain,code,,boundary_bpe,16384,8,9983
train,domain,code,,boundary_bpe,16384,9,8815
train,domain,code,,boundary_bpe,16384,10,3361
train,domain,code,,boundary_bpe,16384,11,1902
train,domain,code,,boundary_bpe,16384,12,2009
train,domain,code,,boundary_bpe,16384,13,2081
train,domain,code,,boundary_bpe,16384,14,1960
train,domain,code,,boundary_bpe,16384,16,224
train,domain,code,,boundary_bpe,16384,17,915
train,domain,code,,boundary_bpe,16384,18,60
train,domain,code,,boundary_bpe,16384,21,38
train,domain,code,,boundary_bpe,16384,23,689
train,domain,code,,boundary_bpe,16384,30,486
train,domain,code,,boundary_bpe,16384,32,471
train,domain,cyrillic_african,,boundary_bpe,16384,1,199445
train,domain,cyrillic_african,,boundary_bpe,16384,2,115672
train,domain,cyrillic_african,,boundary_bpe,16384,3,124774
train,domain,cyrillic_african,,boundary_bpe,16384,4,92292
train,domain,cyrillic_african,,boundary_bpe,16384,5,3894
train,domain,cyrillic_african,,boundary_bpe,16384,6,38718
train,domain,cyrillic_african,,boundary_bpe,16384,7,850
train,domain,cyrillic_african,,boundary_bpe,16384,8,5622
train,domain,cyrillic_african,,boundary_bpe,16384,9,1408
train,domain,cyrillic_african,,boundary_bpe,16384,10,1093
train,domain,cyrillic_african,,boundary_bpe,16384,11,48
train,domain,cyrillic_african,,boundary_bpe,16384,12,272
train,domain,cyrillic_african,,boundary_bpe,16384,15,36
train,domain,indic_cjk_arabic,,boundary_bpe,16384,1,329091
train,domain,indic_cjk_arabic,,boundary_bpe,16384,2,107777
train,domain,indic_cjk_arabic,,boundary_bpe,16384,3,469729
train,domain,indic_cjk_arabic,,boundary_bpe,16384,4,102779
train,domain,indic_cjk_arabic,,boundary_bpe,16384,5,1854
train,domain,indic_cjk_arabic,,boundary_bpe,16384,6,227679
train,domain,indic_cjk_arabic,,boundary_bpe,16384,7,2907
train,domain,indic_cjk_arabic,,boundary_bpe,16384,8,3461
train,domain,indic_cjk_arabic,,boundary_bpe,16384,9,41508
train,domain,indic_cjk_arabic,,boundary_bpe,16384,10,1942
train,domain,indic_cjk_arabic,,boundary_bpe,16384,11,60
train,domain,indic_cjk_arabic,,boundary_bpe,16384,12,14677
train,domain,indic_cjk_arabic,,boundary_bpe,16384,14,194
train,domain,indic_cjk_arabic,,boundary_bpe,16384,15,2756
train,domain,indic_cjk_arabic,,boundary_bpe,16384,18,567
train,domain,latin_english,,boundary_bpe,16384,1,26305
train,domain,latin_english,,boundary_bpe,16384,2,10031
train,domain,latin_english,,boundary_bpe,16384,3,9216
train,domain,latin_english,,boundary_bpe,16384,4,5618
train,domain,latin_english,,boundary_bpe,16384,5,2500
train,domain,latin_english,,boundary_bpe,16384,6,1473
train,domain,latin_english,,boundary_bpe,16384,7,750
train,domain,latin_english,,boundary_bpe,16384,8,391
train,domain,latin_english,,boundary_bpe,16384,9,186
train,domain,latin_english,,boundary_bpe,16384,10,67
train,domain,latin_english,,boundary_bpe,16384,11,36
train,aggregate,,,boundary_bpe,16384,1,1780098
train,aggregate,,,boundary_bpe,16384,2,641717
train,aggregate,,,boundary_bpe,16384,3,784750
train,aggregate,,,boundary_bpe,16384,4,304126
train,aggregate,,,boundary_bpe,16384,5,69177
train,aggregate,,,boundary_bpe,16384,6,314215
train,aggregate,,,boundary_bpe,16384,7,27924
train,aggregate,,,boundary_bpe,16384,8,19457
train,aggregate,,,boundary_bpe,16384,9,51917
train,aggregate,,,boundary_bpe,16384,10,6463
train,aggregate,,,boundary_bpe,16384,11,2046
train,aggregate,,,boundary_bpe,16384,12,16958
train,aggregate,,,boundary_bpe,16384,13,2081
train,aggregate,,,boundary_bpe,16384,14,2154
train,aggregate,,,boundary_bpe,16384,15,2792
train,aggregate,,,boundary_bpe,16384,16,224
train,aggregate,,,boundary_bpe,16384,17,915
train,aggregate,,,boundary_bpe,16384,18,627
train,aggregate,,,boundary_bpe,16384,21,38
train,aggregate,,,boundary_bpe,16384,23,689
train,aggregate,,,boundary_bpe,16384,30,486
train,aggregate,,,boundary_bpe,16384,32,471
validation,stratum,flores200,am,boundary_bpe,16384,1,8332
validation,stratum,flores200,am,boundary_bpe,16384,2,264
validation,stratum,flores200,am,boundary_bpe,16384,3,23748
validation,stratum,flores200,am,boundary_bpe,16384,4,20
validation,stratum,flores200,am,boundary_bpe,16384,5,10
validation,stratum,flores200,am,boundary_bpe,16384,6,4335
validation,stratum,flores200,am,boundary_bpe,16384,8,1
validation,stratum,flores200,am,boundary_bpe,16384,9,375
validation,stratum,flores200,am,boundary_bpe,16384,12,2
validation,stratum,flores200,ar,boundary_bpe,16384,1,9677
validation,stratum,flores200,ar,boundary_bpe,16384,2,11909
validation,stratum,flores200,ar,boundary_bpe,16384,3,49
validation,stratum,flores200,ar,boundary_bpe,16384,4,11493
validation,stratum,flores200,ar,boundary_bpe,16384,6,3110
validation,stratum,flores200,ar,boundary_bpe,16384,8,177
validation,stratum,flores200,bg,boundary_bpe,16384,1,10794
validation,stratum,flores200,bg,boundary_bpe,16384,2,7013
validation,stratum,flores200,bg,boundary_bpe,16384,3,320
validation,stratum,flores200,bg,boundary_bpe,16384,4,14474
validation,stratum,flores200,bg,boundary_bpe,16384,5,217
validation,stratum,flores200,bg,boundary_bpe,16384,6,3331
validation,stratum,flores200,bg,boundary_bpe,16384,8,1014
validation,stratum,flores200,bg,boundary_bpe,16384,10,185
validation,stratum,flores200,bn,boundary_bpe,16384,1,9225
validation,stratum,flores200,bn,boundary_bpe,16384,2,139
validation,stratum,flores200,bn,boundary_bpe,16384,3,15838
validation,stratum,flores200,bn,boundary_bpe,16384,4,9
validation,stratum,flores200,bn,boundary_bpe,16384,6,11320
validation,stratum,flores200,bn,boundary_bpe,16384,9,3104
validation,stratum,flores200,bn,boundary_bpe,16384,12,548
validation,stratum,flores200,bn,boundary_bpe,16384,15,50
validation,stratum,flores200,fa,boundary_bpe,16384,1,11936
validation,stratum,flores200,fa,boundary_bpe,16384,2,9753
validation,stratum,flores200,fa,boundary_bpe,16384,3,457
validation,stratum,flores200,fa,boundary_bpe,16384,4,13142
validation,stratum,flores200,fa,boundary_bpe,16384,5,318
validation,stratum,flores200,fa,boundary_bpe,16384,6,3208
validation,stratum,flores200,fa,boundary_bpe,16384,7,466
validation,stratum,flores200,fa,boundary_bpe,16384,8,368
validation,stratum,flores200,fa,boundary_bpe,16384,9,141
validation,stratum,flores200,fa,boundary_bpe,16384,14,32
validation,stratum,flores200,gu,boundary_bpe,16384,1,9616
validation,stratum,flores200,gu,boundary_bpe,16384,2,227
validation,stratum,flores200,gu,boundary_bpe,16384,3,15053
validation,stratum,flores200,gu,boundary_bpe,16384,4,12
validation,stratum,flores200,gu,boundary_bpe,16384,6,11083
validation,stratum,flores200,gu,boundary_bpe,16384,7,284
validation,stratum,flores200,gu,boundary_bpe,16384,9,1823
validation,stratum,flores200,gu,boundary_bpe,16384,12,312
validation,stratum,flores200,gu,boundary_bpe,16384,15,42
validation,stratum,flores200,hi,boundary_bpe,16384,1,11779
validation,stratum,flores200,hi,boundary_bpe,16384,2,151
validation,stratum,flores200,hi,boundary_bpe,16384,3,12501
validation,stratum,flores200,hi,boundary_bpe,16384,4,21
validation,stratum,flores200,hi,boundary_bpe,16384,5,4
validation,stratum,flores200,hi,boundary_bpe,16384,6,13048
validation,stratum,flores200,hi,boundary_bpe,16384,7,81
validation,stratum,flores200,hi,boundary_bpe,16384,9,1893
validation,stratum,flores200,hi,boundary_bpe,16384,12,257
validation,stratum,flores200,ja,boundary_bpe,16384,1,460
validation,stratum,flores200,ja,boundary_bpe,16384,2,211
validation,stratum,flores200,ja,boundary_bpe,16384,3,20942
validation,stratum,flores200,ja,boundary_bpe,16384,4,19
validation,stratum,flores200,ja,boundary_bpe,16384,5,2
validation,stratum,flores200,ja,boundary_bpe,16384,6,2137
validation,stratum,flores200,ja,boundary_bpe,16384,9,304
validation,stratum,flores200,kn,boundary_bpe,16384,1,8884
validation,stratum,flores200,kn,boundary_bpe,16384,2,223
validation,stratum,flores200,kn,boundary_bpe,16384,3,19326
validation,stratum,flores200,kn,boundary_bpe,16384,4,198
validation,stratum,flores200,kn,boundary_bpe,16384,5,1
validation,stratum,flores200,kn,boundary_bpe,16384,6,11794
validation,stratum,flores200,kn,boundary_bpe,16384,9,2210
validation,stratum,flores200,kn,boundary_bpe,16384,10,96
validation,stratum,flores200,kn,boundary_bpe,16384,12,1062
validation,stratum,flores200,kn,boundary_bpe,16384,15,510
validation,stratum,flores200,kn,boundary_bpe,16384,18,187
validation,stratum,flores200,ko,boundary_bpe,16384,1,7890
validation,stratum,flores200,ko,boundary_bpe,16384,2,371
validation,stratum,flores200,ko,boundary_bpe,16384,3,19956
validation,stratum,flores200,ko,boundary_bpe,16384,4,251
validation,stratum,flores200,ko,boundary_bpe,16384,5,7
validation,stratum,flores200,ko,boundary_bpe,16384,6,790
validation,stratum,flores200,ko,boundary_bpe,16384,7,133
validation,stratum,flores200,ko,boundary_bpe,16384,9,26
validation,stratum,flores200,ko,boundary_bpe,16384,10,224
validation,stratum,flores200,ml,boundary_bpe,16384,1,8115
validation,stratum,flores200,ml,boundary_bpe,16384,2,215
validation,stratum,flores200,ml,boundary_bpe,16384,3,20594
validation,stratum,flores200,ml,boundary_bpe,16384,4,106
validation,stratum,flores200,ml,boundary_bpe,16384,5,1
validation,stratum,flores200,ml,boundary_bpe,16384,6,9691
validation,stratum,flores200,ml,boundary_bpe,16384,7,43
validation,stratum,flores200,ml,boundary_bpe,16384,9,3814
validation,stratum,flores200,ml,boundary_bpe,16384,12,2720
validation,stratum,flores200,ml,boundary_bpe,16384,15,221
validation,stratum,flores200,ml,boundary_bpe,16384,18,56
validation,stratum,flores200,mr,boundary_bpe,16384,1,9754
validation,stratum,flores200,mr,boundary_bpe,16384,2,200
validation,stratum,flores200,mr,boundary_bpe,16384,3,13450
validation,stratum,flores200,mr,boundary_bpe,16384,4,112
validation,stratum,flores200,mr,boundary_bpe,16384,6,13392
validation,stratum,flores200,mr,boundary_bpe,16384,7,73
validation,stratum,flores200,mr,boundary_bpe,16384,9,2313
validation,stratum,flores200,mr,boundary_bpe,16384,10,109
validation,stratum,flores200,mr,boundary_bpe,16384,12,1205
validation,stratum,flores200,mr,boundary_bpe,16384,15,225
validation,stratum,flores200,ru,boundary_bpe,16384,1,10439
validation,stratum,flores200,ru,boundary_bpe,16384,2,9070
validation,stratum,flores200,ru,boundary_bpe,16384,3,374
validation,stratum,flores200,ru,boundary_bpe,16384,4,13829
validation,stratum,flores200,ru,boundary_bpe,16384,5,78
validation,stratum,flores200,ru,boundary_bpe,16384,6,4611
validation,stratum,flores200,ru,boundary_bpe,16384,8,1083
validation,stratum,flores200,ru,boundary_bpe,16384,10,178
validation,stratum,flores200,ru,boundary_bpe,16384,12,101
validation,stratum,flores200,sw,boundary_bpe,16384,1,15385
validation,stratum,flores200,sw,boundary_bpe,16384,2,11113
validation,stratum,flores200,sw,boundary_bpe,16384,3,6421
validation,stratum,flores200,sw,boundary_bpe,16384,4,1528
validation,stratum,flores200,sw,boundary_bpe,16384,5,270
validation,stratum,flores200,sw,boundary_bpe,16384,6,437
validation,stratum,flores200,sw,boundary_bpe,16384,7,3
validation,stratum,flores200,sw,boundary_bpe,16384,8,1
validation,stratum,flores200,sw,boundary_bpe,16384,9,1
validation,stratum,flores200,ta,boundary_bpe,16384,1,8818
validation,stratum,flores200,ta,boundary_bpe,16384,2,273
validation,stratum,flores200,ta,boundary_bpe,16384,3,14746
validation,stratum,flores200,ta,boundary_bpe,16384,4,21
validation,stratum,flores200,ta,boundary_bpe,16384,5,3
validation,stratum,flores200,ta,boundary_bpe,16384,6,10822
validation,stratum,flores200,ta,boundary_bpe,16384,7,174
validation,stratum,flores200,ta,boundary_bpe,16384,9,5926
validation,stratum,flores200,ta,boundary_bpe,16384,10,61
validation,stratum,flores200,ta,boundary_bpe,16384,12,1114
validation,stratum,flores200,ta,boundary_bpe,16384,15,447
validation,stratum,flores200,ta,boundary_bpe,16384,18,187
validation,stratum,flores200,te,boundary_bpe,16384,1,9008
validation,stratum,flores200,te,boundary_bpe,16384,2,456
validation,stratum,flores200,te,boundary_bpe,16384,3,15600
validation,stratum,flores200,te,boundary_bpe,16384,4,32
validation,stratum,flores200,te,boundary_bpe,16384,5,9
validation,stratum,flores200,te,boundary_bpe,16384,6,13995
validation,stratum,flores200,te,boundary_bpe,16384,9,2266
validation,stratum,flores200,te,boundary_bpe,16384,10,247
validation,stratum,flores200,te,boundary_bpe,16384,12,461
validation,stratum,flores200,uk,boundary_bpe,16384,1,10481
validation,stratum,flores200,uk,boundary_bpe,16384,2,9280
validation,stratum,flores200,uk,boundary_bpe,16384,3,342
validation,stratum,flores200,uk,boundary_bpe,16384,4,15198
validation,stratum,flores200,uk,boundary_bpe,16384,5,81
validation,stratum,flores200,uk,boundary_bpe,16384,6,3688
validation,stratum,flores200,uk,boundary_bpe,16384,8,784
validation,stratum,flores200,uk,boundary_bpe,16384,10,129
validation,stratum,flores200,uk,boundary_bpe,16384,12,1
validation,stratum,flores200,ur,boundary_bpe,16384,1,13322
validation,stratum,flores200,ur,boundary_bpe,16384,2,10156
validation,stratum,flores200,ur,boundary_bpe,16384,3,66
validation,stratum,flores200,ur,boundary_bpe,16384,4,13553
validation,stratum,flores200,ur,boundary_bpe,16384,5,1
validation,stratum,flores200,ur,boundary_bpe,16384,6,3190
validation,stratum,flores200,ur,boundary_bpe,16384,8,503
validation,stratum,flores200,ur,boundary_bpe,16384,10,59
validation,stratum,flores200,ur,boundary_bpe,16384,14,23
validation,stratum,flores200,yo,boundary_bpe,16384,1,21378
validation,stratum,flores200,yo,boundary_bpe,16384,2,17081
validation,stratum,flores200,yo,boundary_bpe,16384,3,3576
validation,stratum,flores200,yo,boundary_bpe,16384,4,2035
validation,stratum,flores200,yo,boundary_bpe,16384,5,535
validation,stratum,flores200,yo,boundary_bpe,16384,6,161
validation,stratum,flores200,yo,boundary_bpe,16384,7,138
validation,stratum,flores200,yo,boundary_bpe,16384,8,37
validation,stratum,flores200,yo,boundary_bpe,16384,10,3
validation,stratum,flores200,yo,boundary_bpe,16384,15,1
validation,stratum,flores200,zh,boundary_bpe,16384,1,1905
validation,stratum,flores200,zh,boundary_bpe,16384,2,462
validation,stratum,flores200,zh,boundary_bpe,16384,3,17705
validation,stratum,flores200,zh,boundary_bpe,16384,4,44
validation,stratum,flores200,zh,boundary_bpe,16384,5,6
validation,stratum,flores200,zh,boundary_bpe,16384,6,66
validation,language,,am,boundary_bpe,16384,1,8332
validation,language,,am,boundary_bpe,16384,2,264
validation,language,,am,boundary_bpe,16384,3,23748
validation,language,,am,boundary_bpe,16384,4,20
validation,language,,am,boundary_bpe,16384,5,10
validation,language,,am,boundary_bpe,16384,6,4335
validation,language,,am,boundary_bpe,16384,8,1
validation,language,,am,boundary_bpe,16384,9,375
validation,language,,am,boundary_bpe,16384,12,2
validation,language,,ar,boundary_bpe,16384,1,9677
validation,language,,ar,boundary_bpe,16384,2,11909
validation,language,,ar,boundary_bpe,16384,3,49
validation,language,,ar,boundary_bpe,16384,4,11493
validation,language,,ar,boundary_bpe,16384,6,3110
validation,language,,ar,boundary_bpe,16384,8,177
validation,language,,bg,boundary_bpe,16384,1,10794
validation,language,,bg,boundary_bpe,16384,2,7013
validation,language,,bg,boundary_bpe,16384,3,320
validation,language,,bg,boundary_bpe,16384,4,14474
validation,language,,bg,boundary_bpe,16384,5,217
validation,language,,bg,boundary_bpe,16384,6,3331
validation,language,,bg,boundary_bpe,16384,8,1014
validation,language,,bg,boundary_bpe,16384,10,185
validation,language,,bn,boundary_bpe,16384,1,9225
validation,language,,bn,boundary_bpe,16384,2,139
validation,language,,bn,boundary_bpe,16384,3,15838
validation,language,,bn,boundary_bpe,16384,4,9
validation,language,,bn,boundary_bpe,16384,6,11320
validation,language,,bn,boundary_bpe,16384,9,3104
validation,language,,bn,boundary_bpe,16384,12,548
validation,language,,bn,boundary_bpe,16384,15,50
validation,language,,fa,boundary_bpe,16384,1,11936
validation,language,,fa,boundary_bpe,16384,2,9753
validation,language,,fa,boundary_bpe,16384,3,457
validation,language,,fa,boundary_bpe,16384,4,13142
validation,language,,fa,boundary_bpe,16384,5,318
validation,language,,fa,boundary_bpe,16384,6,3208
validation,language,,fa,boundary_bpe,16384,7,466
validation,language,,fa,boundary_bpe,16384,8,368
validation,language,,fa,boundary_bpe,16384,9,141
validation,language,,fa,boundary_bpe,16384,14,32
validation,language,,gu,boundary_bpe,16384,1,9616
validation,language,,gu,boundary_bpe,16384,2,227
validation,language,,gu,boundary_bpe,16384,3,15053
validation,language,,gu,boundary_bpe,16384,4,12
validation,language,,gu,boundary_bpe,16384,6,11083
validation,language,,gu,boundary_bpe,16384,7,284
validation,language,,gu,boundary_bpe,16384,9,1823
validation,language,,gu,boundary_bpe,16384,12,312
validation,language,,gu,boundary_bpe,16384,15,42
validation,language,,hi,boundary_bpe,16384,1,11779
validation,language,,hi,boundary_bpe,16384,2,151
validation,language,,hi,boundary_bpe,16384,3,12501
validation,language,,hi,boundary_bpe,16384,4,21
validation,language,,hi,boundary_bpe,16384,5,4
validation,language,,hi,boundary_bpe,16384,6,13048
validation,language,,hi,boundary_bpe,16384,7,81
validation,language,,hi,boundary_bpe,16384,9,1893
validation,language,,hi,boundary_bpe,16384,12,257
validation,language,,ja,boundary_bpe,16384,1,460
validation,language,,ja,boundary_bpe,16384,2,211
validation,language,,ja,boundary_bpe,16384,3,20942
validation,language,,ja,boundary_bpe,16384,4,19
validation,language,,ja,boundary_bpe,16384,5,2
validation,language,,ja,boundary_bpe,16384,6,2137
validation,language,,ja,boundary_bpe,16384,9,304
validation,language,,kn,boundary_bpe,16384,1,8884
validation,language,,kn,boundary_bpe,16384,2,223
validation,language,,kn,boundary_bpe,16384,3,19326
validation,language,,kn,boundary_bpe,16384,4,198
validation,language,,kn,boundary_bpe,16384,5,1
validation,language,,kn,boundary_bpe,16384,6,11794
validation,language,,kn,boundary_bpe,16384,9,2210
validation,language,,kn,boundary_bpe,16384,10,96
validation,language,,kn,boundary_bpe,16384,12,1062
validation,language,,kn,boundary_bpe,16384,15,510
validation,language,,kn,boundary_bpe,16384,18,187
validation,language,,ko,boundary_bpe,16384,1,7890
validation,language,,ko,boundary_bpe,16384,2,371
validation,language,,ko,boundary_bpe,16384,3,19956
validation,language,,ko,boundary_bpe,16384,4,251
validation,language,,ko,boundary_bpe,16384,5,7
validation,language,,ko,boundary_bpe,16384,6,790
validation,language,,ko,boundary_bpe,16384,7,133
validation,language,,ko,boundary_bpe,16384,9,26
validation,language,,ko,boundary_bpe,16384,10,224
validation,language,,ml,boundary_bpe,16384,1,8115
validation,language,,ml,boundary_bpe,16384,2,215
validation,language,,ml,boundary_bpe,16384,3,20594
validation,language,,ml,boundary_bpe,16384,4,106
validation,language,,ml,boundary_bpe,16384,5,1
validation,language,,ml,boundary_bpe,16384,6,9691
validation,language,,ml,boundary_bpe,16384,7,43
validation,language,,ml,boundary_bpe,16384,9,3814
validation,language,,ml,boundary_bpe,16384,12,2720
validation,language,,ml,boundary_bpe,16384,15,221
validation,language,,ml,boundary_bpe,16384,18,56
validation,language,,mr,boundary_bpe,16384,1,9754
validation,language,,mr,boundary_bpe,16384,2,200
validation,language,,mr,boundary_bpe,16384,3,13450
validation,language,,mr,boundary_bpe,16384,4,112
validation,language,,mr,boundary_bpe,16384,6,13392
validation,language,,mr,boundary_bpe,16384,7,73
validation,language,,mr,boundary_bpe,16384,9,2313
validation,language,,mr,boundary_bpe,16384,10,109
validation,language,,mr,boundary_bpe,16384,12,1205
validation,language,,mr,boundary_bpe,16384,15,225
validation,language,,ru,boundary_bpe,16384,1,10439
validation,language,,ru,boundary_bpe,16384,2,9070
validation,language,,ru,boundary_bpe,16384,3,374
validation,language,,ru,boundary_bpe,16384,4,13829
validation,language,,ru,boundary_bpe,16384,5,78
validation,language,,ru,boundary_bpe,16384,6,4611
validation,language,,ru,boundary_bpe,16384,8,1083
validation,language,,ru,boundary_bpe,16384,10,178
validation,language,,ru,boundary_bpe,16384,12,101
validation,language,,sw,boundary_bpe,16384,1,15385
validation,language,,sw,boundary_bpe,16384,2,11113
validation,language,,sw,boundary_bpe,16384,3,6421
validation,language,,sw,boundary_bpe,16384,4,1528
validation,language,,sw,boundary_bpe,16384,5,270
validation,language,,sw,boundary_bpe,16384,6,437
validation,language,,sw,boundary_bpe,16384,7,3
validation,language,,sw,boundary_bpe,16384,8,1
validation,language,,sw,boundary_bpe,16384,9,1
validation,language,,ta,boundary_bpe,16384,1,8818
validation,language,,ta,boundary_bpe,16384,2,273
validation,language,,ta,boundary_bpe,16384,3,14746
validation,language,,ta,boundary_bpe,16384,4,21
validation,language,,ta,boundary_bpe,16384,5,3
validation,language,,ta,boundary_bpe,16384,6,10822
validation,language,,ta,boundary_bpe,16384,7,174
validation,language,,ta,boundary_bpe,16384,9,5926
validation,language,,ta,boundary_bpe,16384,10,61
validation,language,,ta,boundary_bpe,16384,12,1114
validation,language,,ta,boundary_bpe,16384,15,447
validation,language,,ta,boundary_bpe,16384,18,187
validation,language,,te,boundary_bpe,16384,1,9008
validation,language,,te,boundary_bpe,16384,2,456
validation,language,,te,boundary_bpe,16384,3,15600
validation,language,,te,boundary_bpe,16384,4,32
validation,language,,te,boundary_bpe,16384,5,9
validation,language,,te,boundary_bpe,16384,6,13995
validation,language,,te,boundary_bpe,16384,9,2266
validation,language,,te,boundary_bpe,16384,10,247
validation,language,,te,boundary_bpe,16384,12,461
validation,language,,uk,boundary_bpe,16384,1,10481
validation,language,,uk,boundary_bpe,16384,2,9280
validation,language,,uk,boundary_bpe,16384,3,342
validation,language,,uk,boundary_bpe,16384,4,15198
validation,language,,uk,boundary_bpe,16384,5,81
validation,language,,uk,boundary_bpe,16384,6,3688
validation,language,,uk,boundary_bpe,16384,8,784
validation,language,,uk,boundary_bpe,16384,10,129
validation,language,,uk,boundary_bpe,16384,12,1
validation,language,,ur,boundary_bpe,16384,1,13322
validation,language,,ur,boundary_bpe,16384,2,10156
validation,language,,ur,boundary_bpe,16384,3,66
validation,language,,ur,boundary_bpe,16384,4,13553
validation,language,,ur,boundary_bpe,16384,5,1
validation,language,,ur,boundary_bpe,16384,6,3190
validation,language,,ur,boundary_bpe,16384,8,503
validation,language,,ur,boundary_bpe,16384,10,59
validation,language,,ur,boundary_bpe,16384,14,23
validation,language,,yo,boundary_bpe,16384,1,21378
validation,language,,yo,boundary_bpe,16384,2,17081
validation,language,,yo,boundary_bpe,16384,3,3576
validation,language,,yo,boundary_bpe,16384,4,2035
validation,language,,yo,boundary_bpe,16384,5,535
validation,language,,yo,boundary_bpe,16384,6,161
validation,language,,yo,boundary_bpe,16384,7,138
validation,language,,yo,boundary_bpe,16384,8,37
validation,language,,yo,boundary_bpe,16384,10,3
validation,language,,yo,boundary_bpe,16384,15,1
validation,language,,zh,boundary_bpe,16384,1,1905
validation,language,,zh,boundary_bpe,16384,2,462
validation,language,,zh,boundary_bpe,16384,3,17705
validation,language,,zh,boundary_bpe,16384,4,44
validation,language,,zh,boundary_bpe,16384,5,6
validation,language,,zh,boundary_bpe,16384,6,66
validation,domain,flores200,,boundary_bpe,16384,1,197198
validation,domain,flores200,,boundary_bpe,16384,2,88567
validation,domain,flores200,,boundary_bpe,16384,3,221064
validation,domain,flores200,,boundary_bpe,16384,4,86097
validation,domain,flores200,,boundary_bpe,16384,5,1543
validation,domain,flores200,,boundary_bpe,16384,6,124209
validation,domain,flores200,,boundary_bpe,16384,7,1395
validation,domain,flores200,,boundary_bpe,16384,8,3968
validation,domain,flores200,,boundary_bpe,16384,9,24196
validation,domain,flores200,,boundary_bpe,16384,10,1291
validation,domain,flores200,,boundary_bpe,16384,12,7783
validation,domain,flores200,,boundary_bpe,16384,14,55
validation,domain,flores200,,boundary_bpe,16384,15,1496
validation,domain,flores200,,boundary_bpe,16384,18,430
validation,aggregate,,,boundary_bpe,16384,1,197198
validation,aggregate,,,boundary_bpe,16384,2,88567
validation,aggregate,,,boundary_bpe,16384,3,221064
validation,aggregate,,,boundary_bpe,16384,4,86097
validation,aggregate,,,boundary_bpe,16384,5,1543
validation,aggregate,,,boundary_bpe,16384,6,124209
validation,aggregate,,,boundary_bpe,16384,7,1395
validation,aggregate,,,boundary_bpe,16384,8,3968
validation,aggregate,,,boundary_bpe,16384,9,24196
validation,aggregate,,,boundary_bpe,16384,10,1291
validation,aggregate,,,boundary_bpe,16384,12,7783
validation,aggregate,,,boundary_bpe,16384,14,55
validation,aggregate,,,boundary_bpe,16384,15,1496
validation,aggregate,,,boundary_bpe,16384,18,430
train,stratum,code,c,boundary_bpe,32768,1,75085
train,stratum,code,c,boundary_bpe,32768,2,19719
train,stratum,code,c,boundary_bpe,32768,3,11280
train,stratum,code,c,boundary_bpe,32768,4,7277
train,stratum,code,c,boundary_bpe,32768,5,4614
train,stratum,code,c,boundary_bpe,32768,6,4221
train,stratum,code,c,boundary_bpe,32768,7,2198
train,stratum,code,c,boundary_bpe,32768,8,1644
train,stratum,code,c,boundary_bpe,32768,9,674
train,stratum,code,c,boundary_bpe,32768,10,379
train,stratum,code,c,boundary_bpe,32768,11,156
train,stratum,code,c,boundary_bpe,32768,12,15
train,stratum,code,c,boundary_bpe,32768,13,16
train,stratum,code,c,boundary_bpe,32768,16,6
train,stratum,code,c,boundary_bpe,32768,24,1
train,stratum,code,c,boundary_bpe,32768,27,1
train,stratum,code,c,boundary_bpe,32768,32,13
train,stratum,code,c,boundary_bpe,32768,42,1
train,stratum,code,c,boundary_bpe,32768,64,14
train,stratum,code,c,boundary_bpe,32768,76,24
train,stratum,code,cpp,boundary_bpe,32768,1,146547
train,stratum,code,cpp,boundary_bpe,32768,2,47635
train,stratum,code,cpp,boundary_bpe,32768,3,22510
train,stratum,code,cpp,boundary_bpe,32768,4,15779
train,stratum,code,cpp,boundary_bpe,32768,5,10775
train,stratum,code,cpp,boundary_bpe,32768,6,14616
train,stratum,code,cpp,boundary_bpe,32768,7,8577
train,stratum,code,cpp,boundary_bpe,32768,8,3014
train,stratum,code,cpp,boundary_bpe,32768,9,2167
train,stratum,code,cpp,boundary_bpe,32768,10,1212
train,stratum,code,cpp,boundary_bpe,32768,11,377
train,stratum,code,cpp,boundary_bpe,32768,12,84
train,stratum,code,cpp,boundary_bpe,32768,13,488
train,stratum,code,cpp,boundary_bpe,32768,14,624
train,stratum,code,cpp,boundary_bpe,32768,15,383
train,stratum,code,cpp,boundary_bpe,32768,16,224
train,stratum,code,cpp,boundary_bpe,32768,17,687
train,stratum,code,cpp,boundary_bpe,32768,18,287
train,stratum,code,cpp,boundary_bpe,32768,21,38
train,stratum,code,cpp,boundary_bpe,32768,23,225
train,stratum,code,cpp,boundary_bpe,32768,27,1
train,stratum,code,cpp,boundary_bpe,32768,28,130
train,stratum,code,cpp,boundary_bpe,32768,29,237
train,stratum,code,cpp,boundary_bpe,32768,30,263
train,stratum,code,cpp,boundary_bpe,32768,32,247
train,stratum,code,cpp,boundary_bpe,32768,33,48
train,stratum,code,cpp,boundary_bpe,32768,42,2
train,stratum,code,cpp,boundary_bpe,32768,47,178
train,stratum,code,cpp,boundary_bpe,32768,62,226
train,stratum,code,cpp,boundary_bpe,32768,64,47
train,stratum,code,go,boundary_bpe,32768,1,116228
train,stratum,code,go,boundary_bpe,32768,2,27707
train,stratum,code,go,boundary_bpe,32768,3,20500
train,stratum,code,go,boundary_bpe,32768,4,15620
train,stratum,code,go,boundary_bpe,32768,5,10358
train,stratum,code,go,boundary_bpe,32768,6,9258
train,stratum,code,go,boundary_bpe,32768,7,6182
train,stratum,code,go,boundary_bpe,32768,8,3941
train,stratum,code,go,boundary_bpe,32768,9,1674
train,stratum,code,go,boundary_bpe,32768,10,426
train,stratum,code,go,boundary_bpe,32768,11,666
train,stratum,code,go,boundary_bpe,32768,12,354
train,stratum,code,go,boundary_bpe,32768,13,130
train,stratum,code,go,boundary_bpe,32768,14,205
train,stratum,code,go,boundary_bpe,32768,16,56
train,stratum,code,go,boundary_bpe,32768,42,8
train,stratum,code,java,boundary_bpe,32768,1,56945
train,stratum,code,java,boundary_bpe,32768,2,6869
train,stratum,code,java,boundary_bpe,32768,3,5524
train,stratum,code,java,boundary_bpe,32768,4,5735
train,stratum,code,java,boundary_bpe,32768,5,2940
train,stratum,code,java,boundary_bpe,32768,6,2589
train,stratum,code,java,boundary_bpe,32768,7,1840
train,stratum,code,java,boundary_bpe,32768,8,1246
train,stratum,code,java,boundary_bpe,32768,9,451
train,stratum,code,java,boundary_bpe,32768,10,359
train,stratum,code,java,boundary_bpe,32768,11,131
train,stratum,code,java,boundary_bpe,32768,12,4
train,stratum,code,java,boundary_bpe,32768,13,10
train,stratum,code,java,boundary_bpe,32768,14,125
train,stratum,code,java,boundary_bpe,32768,16,15
train,stratum,code,java,boundary_bpe,32768,20,29
train,stratum,code,java,boundary_bpe,32768,42,4
train,stratum,code,java,boundary_bpe,32768,64,4
train,stratum,code,javascript,boundary_bpe,32768,1,28666
train,stratum,code,javascript,boundary_bpe,32768,2,11176
train,stratum,code,javascript,boundary_bpe,32768,3,4492
train,stratum,code,javascript,boundary_bpe,32768,4,2553
train,stratum,code,javascript,boundary_bpe,32768,5,1738
train,stratum,code,javascript,boundary_bpe,32768,6,2036
train,stratum,code,javascript,boundary_bpe,32768,7,813
train,stratum,code,javascript,boundary_bpe,32768,8,434
train,stratum,code,javascript,boundary_bpe,32768,9,214
train,stratum,code,javascript,boundary_bpe,32768,10,101
train,stratum,code,javascript,boundary_bpe,32768,11,66
train,stratum,code,javascript,boundary_bpe,32768,12,1
train,stratum,code,javascript,boundary_bpe,32768,13,6
train,stratum,code,javascript,boundary_bpe,32768,14,73
train,stratum,code,javascript,boundary_bpe,32768,16,176
train,stratum,code,javascript,boundary_bpe,32768,18,3
train,stratum,code,javascript,boundary_bpe,32768,26,2
train,stratum,code,python,boundary_bpe,32768,1,62533
train,stratum,code,python,boundary_bpe,32768,2,9138
train,stratum,code,python,boundary_bpe,32768,3,6104
train,stratum,code,python,boundary_bpe,32768,4,5032
train,stratum,code,python,boundary_bpe,32768,5,4320
train,stratum,code,python,boundary_bpe,32768,6,3487
train,stratum,code,python,boundary_bpe,32768,7,1920
train,stratum,code,python,boundary_bpe,32768,8,935
train,stratum,code,python,boundary_bpe,32768,9,454
train,stratum,code,python,boundary_bpe,32768,10,172
train,stratum,code,python,boundary_bpe,32768,11,191
train,stratum,code,python,boundary_bpe,32768,12,18
train,stratum,code,python,boundary_bpe,32768,13,5
train,stratum,code,python,boundary_bpe,32768,14,21
train,stratum,code,python,boundary_bpe,32768,16,43
train,stratum,code,python,boundary_bpe,32768,24,1
train,stratum,code,python,boundary_bpe,32768,32,10
train,stratum,code,python,boundary_bpe,32768,42,2
train,stratum,code,python,boundary_bpe,32768,48,2
train,stratum,code,python,boundary_bpe,32768,64,12
train,stratum,code,rust,boundary_bpe,32768,1,141515
train,stratum,code,rust,boundary_bpe,32768,2,23074
train,stratum,code,rust,boundary_bpe,32768,3,17549
train,stratum,code,rust,boundary_bpe,32768,4,10030
train,stratum,code,rust,boundary_bpe,32768,5,7597
train,stratum,code,rust,boundary_bpe,32768,6,5307
train,stratum,code,rust,boundary_bpe,32768,7,3021
train,stratum,code,rust,boundary_bpe,32768,8,1626
train,stratum,code,rust,boundary_bpe,32768,9,790
train,stratum,code,rust,boundary_bpe,32768,10,415
train,stratum,code,rust,boundary_bpe,32768,11,598
train,stratum,code,rust,boundary_bpe,32768,12,134
train,stratum,code,rust,boundary_bpe,32768,13,18
train,stratum,code,rust,boundary_bpe,32768,14,17
train,stratum,code,rust,boundary_bpe,32768,16,34
train,stratum,code,rust,boundary_bpe,32768,32,12
train,stratum,code,rust,boundary_bpe,32768,42,3
train,stratum,code,rust,boundary_bpe,32768,64,1
train,stratum,code,sql,boundary_bpe,32768,1,170283
train,stratum,code,sql,boundary_bpe,32768,2,108637
train,stratum,code,sql,boundary_bpe,32768,3,46305
train,stratum,code,sql,boundary_bpe,32768,4,19770
train,stratum,code,sql,boundary_bpe,32768,5,14230
train,stratum,code,sql,boundary_bpe,32768,6,9472
train,stratum,code,sql,boundary_bpe,32768,7,7667
train,stratum,code,sql,boundary_bpe,32768,8,3240
train,stratum,code,sql,boundary_bpe,32768,9,3683
train,stratum,code,sql,boundary_bpe,32768,10,3415
train,stratum,code,sql,boundary_bpe,32768,11,743
train,stratum,code,sql,boundary_bpe,32768,12,1228
train,stratum,code,sql,boundary_bpe,32768,13,1276
train,stratum,code,sql,boundary_bpe,32768,14,739
train,stratum,code,sql,boundary_bpe,32768,15,487
train,stratum,code,sql,boundary_bpe,32768,16,5
train,stratum,code,sql,boundary_bpe,32768,17,160
train,stratum,code,sql,boundary_bpe,32768,18,163
train,stratum,code,sql,boundary_bpe,32768,19,320
train,stratum,code,sql,boundary_bpe,32768,20,333
train,stratum,code,sql,boundary_bpe,32768,24,44
train,stratum,code,sql,boundary_bpe,32768,27,174
train,stratum,code,sql,boundary_bpe,32768,32,27
train,stratum,code,sql,boundary_bpe,32768,48,2
train,stratum,code,sql,boundary_bpe,32768,64,1
train,stratum,code,typescript,boundary_bpe,32768,1,270633
train,stratum,code,typescript,boundary_bpe,32768,2,35882
train,stratum,code,typescript,boundary_bpe,32768,3,21432
train,stratum,code,typescript,boundary_bpe,32768,4,13160
train,stratum,code,typescript,boundary_bpe,32768,5,9480
train,stratum,code,typescript,boundary_bpe,32768,6,7059
train,stratum,code,typescript,boundary_bpe,32768,7,4220
train,stratum,code,typescript,boundary_bpe,32768,8,3612
train,stratum,code,typescript,boundary_bpe,32768,9,5223
train,stratum,code,typescript,boundary_bpe,32768,10,1833
train,stratum,code,typescript,boundary_bpe,32768,11,524
train,stratum,code,typescript,boundary_bpe,32768,12,80
train,stratum,code,typescript,boundary_bpe,32768,13,1709
train,stratum,code,typescript,boundary_bpe,32768,14,1211
train,stratum,code,typescript,boundary_bpe,32768,15,57
train,stratum,code,typescript,boundary_bpe,32768,16,251
train,stratum,code,typescript,boundary_bpe,32768,18,61
train,stratum,code,typescript,boundary_bpe,32768,21,129
train,stratum,code,typescript,boundary_bpe,32768,32,12
train,stratum,code,typescript,boundary_bpe,32768,42,2
train,stratum,code,typescript,boundary_bpe,32768,48,19
train,stratum,code,typescript,boundary_bpe,32768,56,15
train,stratum,code,typescript,boundary_bpe,32768,64,82
train,stratum,cyrillic_african,am,boundary_bpe,32768,1,31469
train,stratum,cyrillic_african,am,boundary_bpe,32768,2,1708
train,stratum,cyrillic_african,am,boundary_bpe,32768,3,49118
train,stratum,cyrillic_african,am,boundary_bpe,32768,4,445
train,stratum,cyrillic_african,am,boundary_bpe,32768,5,377
train,stratum,cyrillic_african,am,boundary_bpe,32768,6,23454
train,stratum,cyrillic_african,am,boundary_bpe,32768,7,54
train,stratum,cyrillic_african,am,boundary_bpe,32768,8,188
train,stratum,cyrillic_african,am,boundary_bpe,32768,9,4892
train,stratum,cyrillic_african,am,boundary_bpe,32768,10,2
train,stratum,cyrillic_african,am,boundary_bpe,32768,11,61
train,stratum,cyrillic_african,am,boundary_bpe,32768,12,906
train,stratum,cyrillic_african,am,boundary_bpe,32768,13,1
train,stratum,cyrillic_african,am,boundary_bpe,32768,15,401
train,stratum,cyrillic_african,am,boundary_bpe,32768,18,6
train,stratum,cyrillic_african,am,boundary_bpe,32768,21,15
train,stratum,cyrillic_african,bg,boundary_bpe,32768,1,23912
train,stratum,cyrillic_african,bg,boundary_bpe,32768,2,9627
train,stratum,cyrillic_african,bg,boundary_bpe,32768,3,1607
train,stratum,cyrillic_african,bg,boundary_bpe,32768,4,19985
train,stratum,cyrillic_african,bg,boundary_bpe,32768,5,968
train,stratum,cyrillic_african,bg,boundary_bpe,32768,6,7835
train,stratum,cyrillic_african,bg,boundary_bpe,32768,7,148
train,stratum,cyrillic_african,bg,boundary_bpe,32768,8,4937
train,stratum,cyrillic_african,bg,boundary_bpe,32768,9,36
train,stratum,cyrillic_african,bg,boundary_bpe,32768,10,1779
train,stratum,cyrillic_african,bg,boundary_bpe,32768,11,1
train,stratum,cyrillic_african,bg,boundary_bpe,32768,12,644
train,stratum,cyrillic_african,bg,boundary_bpe,32768,14,106
train,stratum,cyrillic_african,bg,boundary_bpe,32768,16,79
train,stratum,cyrillic_african,bg,boundary_bpe,32768,18,14
train,stratum,cyrillic_african,bg,boundary_bpe,32768,20,4
train,stratum,cyrillic_african,ru,boundary_bpe,32768,1,19126
train,stratum,cyrillic_african,ru,boundary_bpe,32768,2,9504
train,stratum,cyrillic_african,ru,boundary_bpe,32768,3,1330
train,stratum,cyrillic_african,ru,boundary_bpe,32768,4,16344
train,stratum,cyrillic_african,ru,boundary_bpe,32768,5,596
train,stratum,cyrillic_african,ru,boundary_bpe,32768,6,9204
train,stratum,cyrillic_african,ru,boundary_bpe,32768,7,105
train,stratum,cyrillic_african,ru,boundary_bpe,32768,8,4327
train,stratum,cyrillic_african,ru,boundary_bpe,32768,9,29
train,stratum,cyrillic_african,ru,boundary_bpe,32768,10,1925
train,stratum,cyrillic_african,ru,boundary_bpe,32768,11,3
train,stratum,cyrillic_african,ru,boundary_bpe,32768,12,664
train,stratum,cyrillic_african,ru,boundary_bpe,32768,14,144
train,stratum,cyrillic_african,ru,boundary_bpe,32768,16,52
train,stratum,cyrillic_african,ru,boundary_bpe,32768,18,10
train,stratum,cyrillic_african,ru,boundary_bpe,32768,20,13
train,stratum,cyrillic_african,sw,boundary_bpe,32768,1,57305
train,stratum,cyrillic_african,sw,boundary_bpe,32768,2,32206
train,stratum,cyrillic_african,sw,boundary_bpe,32768,3,22061
train,stratum,cyrillic_african,sw,boundary_bpe,32768,4,11760
train,stratum,cyrillic_african,sw,boundary_bpe,32768,5,4741
train,stratum,cyrillic_african,sw,boundary_bpe,32768,6,4297
train,stratum,cyrillic_african,sw,boundary_bpe,32768,7,1138
train,stratum,cyrillic_african,sw,boundary_bpe,32768,8,789
train,stratum,cyrillic_african,sw,boundary_bpe,32768,9,86
train,stratum,cyrillic_african,sw,boundary_bpe,32768,10,139
train,stratum,cyrillic_african,sw,boundary_bpe,32768,11,29
train,stratum,cyrillic_african,sw,boundary_bpe,32768,12,1
train,stratum,cyrillic_african,sw,boundary_bpe,32768,13,127
train,stratum,cyrillic_african,uk,boundary_bpe,32768,1,15450
train,stratum,cyrillic_african,uk,boundary_bpe,32768,2,8477
train,stratum,cyrillic_african,uk,boundary_bpe,32768,3,1011
train,stratum,cyrillic_african,uk,boundary_bpe,32768,4,14924
train,stratum,cyrillic_african,uk,boundary_bpe,32768,5,527
train,stratum,cyrillic_african,uk,boundary_bpe,32768,6,6894
train,stratum,cyrillic_african,uk,boundary_bpe,32768,7,67
train,stratum,cyrillic_african,uk,boundary_bpe,32768,8,3180
train,stratum,cyrillic_african,uk,boundary_bpe,32768,9,21
train,stratum,cyrillic_african,uk,boundary_bpe,32768,10,1280
train,stratum,cyrillic_african,uk,boundary_bpe,32768,12,335
train,stratum,cyrillic_african,uk,boundary_bpe,32768,14,145
train,stratum,cyrillic_african,uk,boundary_bpe,32768,16,38
train,stratum,cyrillic_african,uk,boundary_bpe,32768,18,2
train,stratum,cyrillic_african,yo,boundary_bpe,32768,1,29693
train,stratum,cyrillic_african,yo,boundary_bpe,32768,2,11126
train,stratum,cyrillic_african,yo,boundary_bpe,32768,3,8046
train,stratum,cyrillic_african,yo,boundary_bpe,32768,4,5632
train,stratum,cyrillic_african,yo,boundary_bpe,32768,5,1914
train,stratum,cyrillic_african,yo,boundary_bpe,32768,6,2900
train,stratum,cyrillic_african,yo,boundary_bpe,32768,7,1178
train,stratum,cyrillic_african,yo,boundary_bpe,32768,8,470
train,stratum,cyrillic_african,yo,boundary_bpe,32768,9,269
train,stratum,cyrillic_african,yo,boundary_bpe,32768,10,193
train,stratum,cyrillic_african,yo,boundary_bpe,32768,11,192
train,stratum,cyrillic_african,yo,boundary_bpe,32768,12,25
train,stratum,cyrillic_african,yo,boundary_bpe,32768,13,59
train,stratum,cyrillic_african,yo,boundary_bpe,32768,15,36
train,stratum,cyrillic_african,yo,boundary_bpe,32768,18,2
train,stratum,indic_cjk_arabic,ar,boundary_bpe,32768,1,21019
train,stratum,indic_cjk_arabic,ar,boundary_bpe,32768,2,14448
train,stratum,indic_cjk_arabic,ar,boundary_bpe,32768,3,669
train,stratum,indic_cjk_arabic,ar,boundary_bpe,32768,4,20974
train,stratum,indic_cjk_arabic,ar,boundary_bpe,32768,5,209
train,stratum,indic_cjk_arabic,ar,boundary_bpe,32768,6,9317
train,stratum,indic_cjk_arabic,ar,boundary_bpe,32768,7,28
train,stratum,indic_cjk_arabic,ar,boundary_bpe,32768,8,1995
train,stratum,indic_cjk_arabic,ar,boundary_bpe,32768,9,7
train,stratum,indic_cjk_arabic,ar,boundary_bpe,32768,10,438
train,stratum,indic_cjk_arabic,ar,boundary_bpe,32768,12,82
train,stratum,indic_cjk_arabic,ar,boundary_bpe,32768,13,1
train,stratum,indic_cjk_arabic,ar,boundary_bpe,32768,14,56
train,stratum,indic_cjk_arabic,ar,boundary_bpe,32768,16,8
train,stratum,indic_cjk_arabic,bn,boundary_bpe,32768,1,16807
train,stratum,indic_cjk_arabic,bn,boundary_bpe,32768,2,546
train,stratum,indic_cjk_arabic,bn,boundary_bpe,32768,3,14616
train,stratum,indic_cjk_arabic,bn,boundary_bpe,32768,4,166
train,stratum,indic_cjk_arabic,bn,boundary_bpe,32768,5,269
train,stratum,indic_cjk_arabic,bn,boundary_bpe,32768,6,15566
train,stratum,indic_cjk_arabic,bn,boundary_bpe,32768,7,60
train,stratum,indic_cjk_arabic,bn,boundary_bpe,32768,8,26
train,stratum,indic_cjk_arabic,bn,boundary_bpe,32768,9,7044
train,stratum,indic_cjk_arabic,bn,boundary_bpe,32768,10,3
train,stratum,indic_cjk_arabic,bn,boundary_bpe,32768,11,1
train,stratum,indic_cjk_arabic,bn,boundary_bpe,32768,12,2898
train,stratum,indic_cjk_arabic,bn,boundary_bpe,32768,13,24
train,stratum,indic_cjk_arabic,bn,boundary_bpe,32768,15,943
train,stratum,indic_cjk_arabic,bn,boundary_bpe,32768,18,231
train,stratum,indic_cjk_arabic,bn,boundary_bpe,32768,21,174
train,stratum,indic_cjk_arabic,bn,boundary_bpe,32768,24,30
train,stratum,indic_cjk_arabic,fa,boundary_bpe,32768,1,22113
train,stratum,indic_cjk_arabic,fa,boundary_bpe,32768,2,9192
train,stratum,indic_cjk_arabic,fa,boundary_bpe,32768,3,665
train,stratum,indic_cjk_arabic,fa,boundary_bpe,32768,4,16204
train,stratum,indic_cjk_arabic,fa,boundary_bpe,32768,5,297
train,stratum,indic_cjk_arabic,fa,boundary_bpe,32768,6,7350
train,stratum,indic_cjk_arabic,fa,boundary_bpe,32768,7,455
train,stratum,indic_cjk_arabic,fa,boundary_bpe,32768,8,3057
train,stratum,indic_cjk_arabic,fa,boundary_bpe,32768,9,259
train,stratum,indic_cjk_arabic,fa,boundary_bpe,32768,10,1109
train,stratum,indic_cjk_arabic,fa,boundary_bpe,32768,11,31
train,stratum,indic_cjk_arabic,fa,boundary_bpe,32768,12,219
train,stratum,indic_cjk_arabic,fa,boundary_bpe,32768,13,27
train,stratum,indic_cjk_arabic,fa,boundary_bpe,32768,14,103
train,stratum,indic_cjk_arabic,fa,boundary_bpe,32768,20,1
train,stratum,indic_cjk_arabic,gu,boundary_bpe,32768,1,19486
train,stratum,indic_cjk_arabic,gu,boundary_bpe,32768,2,902
train,stratum,indic_cjk_arabic,gu,boundary_bpe,32768,3,14381
train,stratum,indic_cjk_arabic,gu,boundary_bpe,32768,4,246
train,stratum,indic_cjk_arabic,gu,boundary_bpe,32768,5,96
train,stratum,indic_cjk_arabic,gu,boundary_bpe,32768,6,18336
train,stratum,indic_cjk_arabic,gu,boundary_bpe,32768,7,544
train,stratum,indic_cjk_arabic,gu,boundary_bpe,32768,8,49
train,stratum,indic_cjk_arabic,gu,boundary_bpe,32768,9,5932
train,stratum,indic_cjk_arabic,gu,boundary_bpe,32768,10,124
train,stratum,indic_cjk_arabic,gu,boundary_bpe,32768,11,3
train,stratum,indic_cjk_arabic,gu,boundary_bpe,32768,12,1603
train,stratum,indic_cjk_arabic,gu,boundary_bpe,32768,15,494
train,stratum,indic_cjk_arabic,gu,boundary_bpe,32768,18,201
train,stratum,indic_cjk_arabic,gu,boundary_bpe,32768,21,57
train,stratum,indic_cjk_arabic,hi,boundary_bpe,32768,1,28228
train,stratum,indic_cjk_arabic,hi,boundary_bpe,32768,2,891
train,stratum,indic_cjk_arabic,hi,boundary_bpe,32768,3,13098
train,stratum,indic_cjk_arabic,hi,boundary_bpe,32768,4,286
train,stratum,indic_cjk_arabic,hi,boundary_bpe,32768,5,179
train,stratum,indic_cjk_arabic,hi,boundary_bpe,32768,6,24378
train,stratum,indic_cjk_arabic,hi,boundary_bpe,32768,7,354
train,stratum,indic_cjk_arabic,hi,boundary_bpe,32768,8,24
train,stratum,indic_cjk_arabic,hi,boundary_bpe,32768,9,7541
train,stratum,indic_cjk_arabic,hi,boundary_bpe,32768,10,194
train,stratum,indic_cjk_arabic,hi,boundary_bpe,32768,11,56
train,stratum,indic_cjk_arabic,hi,boundary_bpe,32768,12,3178
train,stratum,indic_cjk_arabic,hi,boundary_bpe,32768,14,37
train,stratum,indic_cjk_arabic,hi,boundary_bpe,32768,15,629
train,stratum,indic_cjk_arabic,hi,boundary_bpe,32768,18,141
train,stratum,indic_cjk_arabic,hi,boundary_bpe,32768,21,37
train,stratum,indic_cjk_arabic,hi,boundary_bpe,32768,24,25
train,stratum,indic_cjk_arabic,ja,boundary_bpe,32768,1,17286
train,stratum,indic_cjk_arabic,ja,boundary_bpe,32768,2,6319
train,stratum,indic_cjk_arabic,ja,boundary_bpe,32768,3,54328
train,stratum,indic_cjk_arabic,ja,boundary_bpe,32768,4,779
train,stratum,indic_cjk_arabic,ja,boundary_bpe,32768,5,288
train,stratum,indic_cjk_arabic,ja,boundary_bpe,32768,6,13243
train,stratum,indic_cjk_arabic,ja,boundary_bpe,32768,7,158
train,stratum,indic_cjk_arabic,ja,boundary_bpe,32768,8,51
train,stratum,indic_cjk_arabic,ja,boundary_bpe,32768,9,2684
train,stratum,indic_cjk_arabic,ja,boundary_bpe,32768,10,6
train,stratum,indic_cjk_arabic,ja,boundary_bpe,32768,11,6
train,stratum,indic_cjk_arabic,ja,boundary_bpe,32768,12,744
train,stratum,indic_cjk_arabic,ja,boundary_bpe,32768,13,1
train,stratum,indic_cjk_arabic,ja,boundary_bpe,32768,15,266
train,stratum,indic_cjk_arabic,ja,boundary_bpe,32768,18,98
train,stratum,indic_cjk_arabic,ja,boundary_bpe,32768,21,50
train,stratum,indic_cjk_arabic,kn,boundary_bpe,32768,1,27564
train,stratum,indic_cjk_arabic,kn,boundary_bpe,32768,2,3527
train,stratum,indic_cjk_arabic,kn,boundary_bpe,32768,3,25397
train,stratum,indic_cjk_arabic,kn,boundary_bpe,32768,4,432
train,stratum,indic_cjk_arabic,kn,boundary_bpe,32768,5,101
train,stratum,indic_cjk_arabic,kn,boundary_bpe,32768,6,23847
train,stratum,indic_cjk_arabic,kn,boundary_bpe,32768,7,272
train,stratum,indic_cjk_arabic,kn,boundary_bpe,32768,8,36
train,stratum,indic_cjk_arabic,kn,boundary_bpe,32768,9,10089
train,stratum,indic_cjk_arabic,kn,boundary_bpe,32768,10,340
train,stratum,indic_cjk_arabic,kn,boundary_bpe,32768,11,1
train,stratum,indic_cjk_arabic,kn,boundary_bpe,32768,12,4917
train,stratum,indic_cjk_arabic,kn,boundary_bpe,32768,13,98
train,stratum,indic_cjk_arabic,kn,boundary_bpe,32768,15,1879
train,stratum,indic_cjk_arabic,kn,boundary_bpe,32768,16,47
train,stratum,indic_cjk_arabic,kn,boundary_bpe,32768,18,611
train,stratum,indic_cjk_arabic,kn,boundary_bpe,32768,19,122
train,stratum,indic_cjk_arabic,kn,boundary_bpe,32768,22,50
train,stratum,indic_cjk_arabic,kn,boundary_bpe,32768,24,65
train,stratum,indic_cjk_arabic,ko,boundary_bpe,32768,1,21528
train,stratum,indic_cjk_arabic,ko,boundary_bpe,32768,2,1137
train,stratum,indic_cjk_arabic,ko,boundary_bpe,32768,3,39741
train,stratum,indic_cjk_arabic,ko,boundary_bpe,32768,4,522
train,stratum,indic_cjk_arabic,ko,boundary_bpe,32768,5,95
train,stratum,indic_cjk_arabic,ko,boundary_bpe,32768,6,7069
train,stratum,indic_cjk_arabic,ko,boundary_bpe,32768,7,270
train,stratum,indic_cjk_arabic,ko,boundary_bpe,32768,8,16
train,stratum,indic_cjk_arabic,ko,boundary_bpe,32768,9,517
train,stratum,indic_cjk_arabic,ko,boundary_bpe,32768,10,224
train,stratum,indic_cjk_arabic,ko,boundary_bpe,32768,11,1
train,stratum,indic_cjk_arabic,ko,boundary_bpe,32768,12,246
train,stratum,indic_cjk_arabic,ko,boundary_bpe,32768,13,59
train,stratum,indic_cjk_arabic,ko,boundary_bpe,32768,15,36
train,stratum,indic_cjk_arabic,ml,boundary_bpe,32768,1,8145
train,stratum,indic_cjk_arabic,ml,boundary_bpe,32768,2,749
train,stratum,indic_cjk_arabic,ml,boundary_bpe,32768,3,10091
train,stratum,indic_cjk_arabic,ml,boundary_bpe,32768,4,383
train,stratum,indic_cjk_arabic,ml,boundary_bpe,32768,5,138
train,stratum,indic_cjk_arabic,ml,boundary_bpe,32768,6,8102
train,stratum,indic_cjk_arabic,ml,boundary_bpe,32768,7,130
train,stratum,indic_cjk_arabic,ml,boundary_bpe,32768,8,22
train,stratum,indic_cjk_arabic,ml,boundary_bpe,32768,9,4545
train,stratum,indic_cjk_arabic,ml,boundary_bpe,32768,10,21
train,stratum,indic_cjk_arabic,ml,boundary_bpe,32768,12,2613
train,stratum,indic_cjk_arabic,ml,boundary_bpe,32768,13,49
train,stratum,indic_cjk_arabic,ml,boundary_bpe,32768,15,940
train,stratum,indic_cjk_arabic,ml,boundary_bpe,32768,16,21
train,stratum,indic_cjk_arabic,ml,boundary_bpe,32768,18,218
train,stratum,indic_cjk_arabic,ml,boundary_bpe,32768,19,15
train,stratum,indic_cjk_arabic,ml,boundary_bpe,32768,21,143
train,stratum,indic_cjk_arabic,ml,boundary_bpe,32768,24,37
train,stratum,indic_cjk_arabic,ml,boundary_bpe,32768,27,36
train,stratum,indic_cjk_arabic,ml,boundary_bpe,32768,28,9
train,stratum,indic_cjk_arabic,mr,boundary_bpe,32768,1,22514
train,stratum,indic_cjk_arabic,mr,boundary_bpe,32768,2,961
train,stratum,indic_cjk_arabic,mr,boundary_bpe,32768,3,15253
train,stratum,indic_cjk_arabic,mr,boundary_bpe,32768,4,423
train,stratum,indic_cjk_arabic,mr,boundary_bpe,32768,5,139
train,stratum,indic_cjk_arabic,mr,boundary_bpe,32768,6,22255
train,stratum,indic_cjk_arabic,mr,boundary_bpe,32768,7,245
train,stratum,indic_cjk_arabic,mr,boundary_bpe,32768,8,36
train,stratum,indic_cjk_arabic,mr,boundary_bpe,32768,9,7602
train,stratum,indic_cjk_arabic,mr,boundary_bpe,32768,10,333
train,stratum,indic_cjk_arabic,mr,boundary_bpe,32768,11,9
train,stratum,indic_cjk_arabic,mr,boundary_bpe,32768,12,3896
train,stratum,indic_cjk_arabic,mr,boundary_bpe,32768,13,158
train,stratum,indic_cjk_arabic,mr,boundary_bpe,32768,15,941
train,stratum,indic_cjk_arabic,mr,boundary_bpe,32768,18,696
train,stratum,indic_cjk_arabic,mr,boundary_bpe,32768,21,145
train,stratum,indic_cjk_arabic,mr,boundary_bpe,32768,24,87
train,stratum,indic_cjk_arabic,mr,boundary_bpe,32768,27,52
train,stratum,indic_cjk_arabic,mr,boundary_bpe,32768,30,13
train,stratum,indic_cjk_arabic,ta,boundary_bpe,32768,1,11011
train,stratum,indic_cjk_arabic,ta,boundary_bpe,32768,2,552
train,stratum,indic_cjk_arabic,ta,boundary_bpe,32768,3,8546
train,stratum,indic_cjk_arabic,ta,boundary_bpe,32768,4,269
train,stratum,indic_cjk_arabic,ta,boundary_bpe,32768,5,78
train,stratum,indic_cjk_arabic,ta,boundary_bpe,32768,6,10854
train,stratum,indic_cjk_arabic,ta,boundary_bpe,32768,7,290
train,stratum,indic_cjk_arabic,ta,boundary_bpe,32768,8,12
train,stratum,indic_cjk_arabic,ta,boundary_bpe,32768,9,5841
train,stratum,indic_cjk_arabic,ta,boundary_bpe,32768,10,128
train,stratum,indic_cjk_arabic,ta,boundary_bpe,32768,11,1
train,stratum,indic_cjk_arabic,ta,boundary_bpe,32768,12,3367
train,stratum,indic_cjk_arabic,ta,boundary_bpe,32768,15,1381
train,stratum,indic_cjk_arabic,ta,boundary_bpe,32768,16,19
train,stratum,indic_cjk_arabic,ta,boundary_bpe,32768,18,676
train,stratum,indic_cjk_arabic,ta,boundary_bpe,32768,19,21
train,stratum,indic_cjk_arabic,ta,boundary_bpe,32768,21,139
train,stratum,indic_cjk_arabic,ta,boundary_bpe,32768,24,73
train,stratum,indic_cjk_arabic,ta,boundary_bpe,32768,27,13
train,stratum,indic_cjk_arabic,te,boundary_bpe,32768,1,15729
train,stratum,indic_cjk_arabic,te,boundary_bpe,32768,2,1109
train,stratum,indic_cjk_arabic,te,boundary_bpe,32768,3,13952
train,stratum,indic_cjk_arabic,te,boundary_bpe,32768,4,239
train,stratum,indic_cjk_arabic,te,boundary_bpe,32768,5,110
train,stratum,indic_cjk_arabic,te,boundary_bpe,32768,6,20668
train,stratum,indic_cjk_arabic,te,boundary_bpe,32768,7,279
train,stratum,indic_cjk_arabic,te,boundary_bpe,32768,8,12
train,stratum,indic_cjk_arabic,te,boundary_bpe,32768,9,5665
train,stratum,indic_cjk_arabic,te,boundary_bpe,32768,10,173
train,stratum,indic_cjk_arabic,te,boundary_bpe,32768,11,1
train,stratum,indic_cjk_arabic,te,boundary_bpe,32768,12,3062
train,stratum,indic_cjk_arabic,te,boundary_bpe,32768,13,41
train,stratum,indic_cjk_arabic,te,boundary_bpe,32768,15,715
train,stratum,indic_cjk_arabic,te,boundary_bpe,32768,16,75
train,stratum,indic_cjk_arabic,te,boundary_bpe,32768,18,320
train,stratum,indic_cjk_arabic,te,boundary_bpe,32768,19,94
train,stratum,indic_cjk_arabic,te,boundary_bpe,32768,21,91
train,stratum,indic_cjk_arabic,te,boundary_bpe,32768,22,66
train,stratum,indic_cjk_arabic,ur,boundary_bpe,32768,1,53186
train,stratum,indic_cjk_arabic,ur,boundary_bpe,32768,2,20655
train,stratum,indic_cjk_arabic,ur,boundary_bpe,32768,3,748
train,stratum,indic_cjk_arabic,ur,boundary_bpe,32768,4,38121
train,stratum,indic_cjk_arabic,ur,boundary_bpe,32768,5,115
train,stratum,indic_cjk_arabic,ur,boundary_bpe,32768,6,17451
train,stratum,indic_cjk_arabic,ur,boundary_bpe,32768,7,78
train,stratum,indic_cjk_arabic,ur,boundary_bpe,32768,8,6475
train,stratum,indic_cjk_arabic,ur,boundary_bpe,32768,9,8
train,stratum,indic_cjk_arabic,ur,boundary_bpe,32768,10,1465
train,stratum,indic_cjk_arabic,ur,boundary_bpe,32768,11,1
train,stratum,indic_cjk_arabic,ur,boundary_bpe,32768,12,441
train,stratum,indic_cjk_arabic,ur,boundary_bpe,32768,13,2
train,stratum,indic_cjk_arabic,ur,boundary_bpe,32768,14,243
train,stratum,indic_cjk_arabic,ur,boundary_bpe,32768,16,2
train,stratum,indic_cjk_arabic,zh,boundary_bpe,32768,1,29972
train,stratum,indic_cjk_arabic,zh,boundary_bpe,32768,2,6363
train,stratum,indic_cjk_arabic,zh,boundary_bpe,32768,3,84266
train,stratum,indic_cjk_arabic,zh,boundary_bpe,32768,4,2561
train,stratum,indic_cjk_arabic,zh,boundary_bpe,32768,5,285
train,stratum,indic_cjk_arabic,zh,boundary_bpe,32768,6,23917
train,stratum,indic_cjk_arabic,zh,boundary_bpe,32768,7,999
train,stratum,indic_cjk_arabic,zh,boundary_bpe,32768,8,1292
train,stratum,indic_cjk_arabic,zh,boundary_bpe,32768,9,4775
train,stratum,indic_cjk_arabic,zh,boundary_bpe,32768,10,1110
train,stratum,indic_cjk_arabic,zh,boundary_bpe,32768,11,4
train,stratum,indic_cjk_arabic,zh,boundary_bpe,32768,12,3415
train,stratum,indic_cjk_arabic,zh,boundary_bpe,32768,13,340
train,stratum,indic_cjk_arabic,zh,boundary_bpe,32768,15,1778
train,stratum,indic_cjk_arabic,zh,boundary_bpe,32768,18,132
train,stratum,indic_cjk_arabic,zh,boundary_bpe,32768,21,742
train,stratum,latin_english,en,boundary_bpe,32768,1,23746
train,stratum,latin_english,en,boundary_bpe,32768,2,6937
train,stratum,latin_english,en,boundary_bpe,32768,3,7231
train,stratum,latin_english,en,boundary_bpe,32768,4,4998
train,stratum,latin_english,en,boundary_bpe,32768,5,2734
train,stratum,latin_english,en,boundary_bpe,32768,6,1981
train,stratum,latin_english,en,boundary_bpe,32768,7,1362
train,stratum,latin_english,en,boundary_bpe,32768,8,779
train,stratum,latin_english,en,boundary_bpe,32768,9,494
train,stratum,latin_english,en,boundary_bpe,32768,10,226
train,stratum,latin_english,en,boundary_bpe,32768,11,99
train,stratum,latin_english,en,boundary_bpe,32768,12,25
train,stratum,latin_english,en,boundary_bpe,32768,13,17
train,language,,am,boundary_bpe,32768,1,31469
train,language,,am,boundary_bpe,32768,2,1708
train,language,,am,boundary_bpe,32768,3,49118
train,language,,am,boundary_bpe,32768,4,445
train,language,,am,boundary_bpe,32768,5,377
train,language,,am,boundary_bpe,32768,6,23454
train,language,,am,boundary_bpe,32768,7,54
train,language,,am,boundary_bpe,32768,8,188
train,language,,am,boundary_bpe,32768,9,4892
train,language,,am,boundary_bpe,32768,10,2
train,language,,am,boundary_bpe,32768,11,61
train,language,,am,boundary_bpe,32768,12,906
train,language,,am,boundary_bpe,32768,13,1
train,language,,am,boundary_bpe,32768,15,401
train,language,,am,boundary_bpe,32768,18,6
train,language,,am,boundary_bpe,32768,21,15
train,language,,ar,boundary_bpe,32768,1,21019
train,language,,ar,boundary_bpe,32768,2,14448
train,language,,ar,boundary_bpe,32768,3,669
train,language,,ar,boundary_bpe,32768,4,20974
train,language,,ar,boundary_bpe,32768,5,209
train,language,,ar,boundary_bpe,32768,6,9317
train,language,,ar,boundary_bpe,32768,7,28
train,language,,ar,boundary_bpe,32768,8,1995
train,language,,ar,boundary_bpe,32768,9,7
train,language,,ar,boundary_bpe,32768,10,438
train,language,,ar,boundary_bpe,32768,12,82
train,language,,ar,boundary_bpe,32768,13,1
train,language,,ar,boundary_bpe,32768,14,56
train,language,,ar,boundary_bpe,32768,16,8
train,language,,bg,boundary_bpe,32768,1,23912
train,language,,bg,boundary_bpe,32768,2,9627
train,language,,bg,boundary_bpe,32768,3,1607
train,language,,bg,boundary_bpe,32768,4,19985
train,language,,bg,boundary_bpe,32768,5,968
train,language,,bg,boundary_bpe,32768,6,7835
train,language,,bg,boundary_bpe,32768,7,148
train,language,,bg,boundary_bpe,32768,8,4937
train,language,,bg,boundary_bpe,32768,9,36
train,language,,bg,boundary_bpe,32768,10,1779
train,language,,bg,boundary_bpe,32768,11,1
train,language,,bg,boundary_bpe,32768,12,644
train,language,,bg,boundary_bpe,32768,14,106
train,language,,bg,boundary_bpe,32768,16,79
train,language,,bg,boundary_bpe,32768,18,14
train,language,,bg,boundary_bpe,32768,20,4
train,language,,bn,boundary_bpe,32768,1,16807
train,language,,bn,boundary_bpe,32768,2,546
train,language,,bn,boundary_bpe,32768,3,14616
train,language,,bn,boundary_bpe,32768,4,166
train,language,,bn,boundary_bpe,32768,5,269
train,language,,bn,boundary_bpe,32768,6,15566
train,language,,bn,boundary_bpe,32768,7,60
train,language,,bn,boundary_bpe,32768,8,26
train,language,,bn,boundary_bpe,32768,9,7044
train,language,,bn,boundary_bpe,32768,10,3
train,language,,bn,boundary_bpe,32768,11,1
train,language,,bn,boundary_bpe,32768,12,2898
train,language,,bn,boundary_bpe,32768,13,24
train,language,,bn,boundary_bpe,32768,15,943
train,language,,bn,boundary_bpe,32768,18,231
train,language,,bn,boundary_bpe,32768,21,174
train,language,,bn,boundary_bpe,32768,24,30
train,language,,c,boundary_bpe,32768,1,75085
train,language,,c,boundary_bpe,32768,2,19719
train,language,,c,boundary_bpe,32768,3,11280
train,language,,c,boundary_bpe,32768,4,7277
train,language,,c,boundary_bpe,32768,5,4614
train,language,,c,boundary_bpe,32768,6,4221
train,language,,c,boundary_bpe,32768,7,2198
train,language,,c,boundary_bpe,32768,8,1644
train,language,,c,boundary_bpe,32768,9,674
train,language,,c,boundary_bpe,32768,10,379
train,language,,c,boundary_bpe,32768,11,156
train,language,,c,boundary_bpe,32768,12,15
train,language,,c,boundary_bpe,32768,13,16
train,language,,c,boundary_bpe,32768,16,6
train,language,,c,boundary_bpe,32768,24,1
train,language,,c,boundary_bpe,32768,27,1
train,language,,c,boundary_bpe,32768,32,13
train,language,,c,boundary_bpe,32768,42,1
train,language,,c,boundary_bpe,32768,64,14
train,language,,c,boundary_bpe,32768,76,24
train,language,,cpp,boundary_bpe,32768,1,146547
train,language,,cpp,boundary_bpe,32768,2,47635
train,language,,cpp,boundary_bpe,32768,3,22510
train,language,,cpp,boundary_bpe,32768,4,15779
train,language,,cpp,boundary_bpe,32768,5,10775
train,language,,cpp,boundary_bpe,32768,6,14616
train,language,,cpp,boundary_bpe,32768,7,8577
train,language,,cpp,boundary_bpe,32768,8,3014
train,language,,cpp,boundary_bpe,32768,9,2167
train,language,,cpp,boundary_bpe,32768,10,1212
train,language,,cpp,boundary_bpe,32768,11,377
train,language,,cpp,boundary_bpe,32768,12,84
train,language,,cpp,boundary_bpe,32768,13,488
train,language,,cpp,boundary_bpe,32768,14,624
train,language,,cpp,boundary_bpe,32768,15,383
train,language,,cpp,boundary_bpe,32768,16,224
train,language,,cpp,boundary_bpe,32768,17,687
train,language,,cpp,boundary_bpe,32768,18,287
train,language,,cpp,boundary_bpe,32768,21,38
train,language,,cpp,boundary_bpe,32768,23,225
train,language,,cpp,boundary_bpe,32768,27,1
train,language,,cpp,boundary_bpe,32768,28,130
train,language,,cpp,boundary_bpe,32768,29,237
train,language,,cpp,boundary_bpe,32768,30,263
train,language,,cpp,boundary_bpe,32768,32,247
train,language,,cpp,boundary_bpe,32768,33,48
train,language,,cpp,boundary_bpe,32768,42,2
train,language,,cpp,boundary_bpe,32768,47,178
train,language,,cpp,boundary_bpe,32768,62,226
train,language,,cpp,boundary_bpe,32768,64,47
train,language,,en,boundary_bpe,32768,1,23746
train,language,,en,boundary_bpe,32768,2,6937
train,language,,en,boundary_bpe,32768,3,7231
train,language,,en,boundary_bpe,32768,4,4998
train,language,,en,boundary_bpe,32768,5,2734
train,language,,en,boundary_bpe,32768,6,1981
train,language,,en,boundary_bpe,32768,7,1362
train,language,,en,boundary_bpe,32768,8,779
train,language,,en,boundary_bpe,32768,9,494
train,language,,en,boundary_bpe,32768,10,226
train,language,,en,boundary_bpe,32768,11,99
train,language,,en,boundary_bpe,32768,12,25
train,language,,en,boundary_bpe,32768,13,17
train,language,,fa,boundary_bpe,32768,1,22113
train,language,,fa,boundary_bpe,32768,2,9192
train,language,,fa,boundary_bpe,32768,3,665
train,language,,fa,boundary_bpe,32768,4,16204
train,language,,fa,boundary_bpe,32768,5,297
train,language,,fa,boundary_bpe,32768,6,7350
train,language,,fa,boundary_bpe,32768,7,455
train,language,,fa,boundary_bpe,32768,8,3057
train,language,,fa,boundary_bpe,32768,9,259
train,language,,fa,boundary_bpe,32768,10,1109
train,language,,fa,boundary_bpe,32768,11,31
train,language,,fa,boundary_bpe,32768,12,219
train,language,,fa,boundary_bpe,32768,13,27
train,language,,fa,boundary_bpe,32768,14,103
train,language,,fa,boundary_bpe,32768,20,1
train,language,,go,boundary_bpe,32768,1,116228
train,language,,go,boundary_bpe,32768,2,27707
train,language,,go,boundary_bpe,32768,3,20500
train,language,,go,boundary_bpe,32768,4,15620
train,language,,go,boundary_bpe,32768,5,10358
train,language,,go,boundary_bpe,32768,6,9258
train,language,,go,boundary_bpe,32768,7,6182
train,language,,go,boundary_bpe,32768,8,3941
train,language,,go,boundary_bpe,32768,9,1674
train,language,,go,boundary_bpe,32768,10,426
train,language,,go,boundary_bpe,32768,11,666
train,language,,go,boundary_bpe,32768,12,354
train,language,,go,boundary_bpe,32768,13,130
train,language,,go,boundary_bpe,32768,14,205
train,language,,go,boundary_bpe,32768,16,56
train,language,,go,boundary_bpe,32768,42,8
train,language,,gu,boundary_bpe,32768,1,19486
train,language,,gu,boundary_bpe,32768,2,902
train,language,,gu,boundary_bpe,32768,3,14381
train,language,,gu,boundary_bpe,32768,4,246
train,language,,gu,boundary_bpe,32768,5,96
train,language,,gu,boundary_bpe,32768,6,18336
train,language,,gu,boundary_bpe,32768,7,544
train,language,,gu,boundary_bpe,32768,8,49
train,language,,gu,boundary_bpe,32768,9,5932
train,language,,gu,boundary_bpe,32768,10,124
train,language,,gu,boundary_bpe,32768,11,3
train,language,,gu,boundary_bpe,32768,12,1603
train,language,,gu,boundary_bpe,32768,15,494
train,language,,gu,boundary_bpe,32768,18,201
train,language,,gu,boundary_bpe,32768,21,57
train,language,,hi,boundary_bpe,32768,1,28228
train,language,,hi,boundary_bpe,32768,2,891
train,language,,hi,boundary_bpe,32768,3,13098
train,language,,hi,boundary_bpe,32768,4,286
train,language,,hi,boundary_bpe,32768,5,179
train,language,,hi,boundary_bpe,32768,6,24378
train,language,,hi,boundary_bpe,32768,7,354
train,language,,hi,boundary_bpe,32768,8,24
train,language,,hi,boundary_bpe,32768,9,7541
train,language,,hi,boundary_bpe,32768,10,194
train,language,,hi,boundary_bpe,32768,11,56
train,language,,hi,boundary_bpe,32768,12,3178
train,language,,hi,boundary_bpe,32768,14,37
train,language,,hi,boundary_bpe,32768,15,629
train,language,,hi,boundary_bpe,32768,18,141
train,language,,hi,boundary_bpe,32768,21,37
train,language,,hi,boundary_bpe,32768,24,25
train,language,,ja,boundary_bpe,32768,1,17286
train,language,,ja,boundary_bpe,32768,2,6319
train,language,,ja,boundary_bpe,32768,3,54328
train,language,,ja,boundary_bpe,32768,4,779
train,language,,ja,boundary_bpe,32768,5,288
train,language,,ja,boundary_bpe,32768,6,13243
train,language,,ja,boundary_bpe,32768,7,158
train,language,,ja,boundary_bpe,32768,8,51
train,language,,ja,boundary_bpe,32768,9,2684
train,language,,ja,boundary_bpe,32768,10,6
train,language,,ja,boundary_bpe,32768,11,6
train,language,,ja,boundary_bpe,32768,12,744
train,language,,ja,boundary_bpe,32768,13,1
train,language,,ja,boundary_bpe,32768,15,266
train,language,,ja,boundary_bpe,32768,18,98
train,language,,ja,boundary_bpe,32768,21,50
train,language,,java,boundary_bpe,32768,1,56945
train,language,,java,boundary_bpe,32768,2,6869
train,language,,java,boundary_bpe,32768,3,5524
train,language,,java,boundary_bpe,32768,4,5735
train,language,,java,boundary_bpe,32768,5,2940
train,language,,java,boundary_bpe,32768,6,2589
train,language,,java,boundary_bpe,32768,7,1840
train,language,,java,boundary_bpe,32768,8,1246
train,language,,java,boundary_bpe,32768,9,451
train,language,,java,boundary_bpe,32768,10,359
train,language,,java,boundary_bpe,32768,11,131
train,language,,java,boundary_bpe,32768,12,4
train,language,,java,boundary_bpe,32768,13,10
train,language,,java,boundary_bpe,32768,14,125
train,language,,java,boundary_bpe,32768,16,15
train,language,,java,boundary_bpe,32768,20,29
train,language,,java,boundary_bpe,32768,42,4
train,language,,java,boundary_bpe,32768,64,4
train,language,,javascript,boundary_bpe,32768,1,28666
train,language,,javascript,boundary_bpe,32768,2,11176
train,language,,javascript,boundary_bpe,32768,3,4492
train,language,,javascript,boundary_bpe,32768,4,2553
train,language,,javascript,boundary_bpe,32768,5,1738
train,language,,javascript,boundary_bpe,32768,6,2036
train,language,,javascript,boundary_bpe,32768,7,813
train,language,,javascript,boundary_bpe,32768,8,434
train,language,,javascript,boundary_bpe,32768,9,214
train,language,,javascript,boundary_bpe,32768,10,101
train,language,,javascript,boundary_bpe,32768,11,66
train,language,,javascript,boundary_bpe,32768,12,1
train,language,,javascript,boundary_bpe,32768,13,6
train,language,,javascript,boundary_bpe,32768,14,73
train,language,,javascript,boundary_bpe,32768,16,176
train,language,,javascript,boundary_bpe,32768,18,3
train,language,,javascript,boundary_bpe,32768,26,2
train,language,,kn,boundary_bpe,32768,1,27564
train,language,,kn,boundary_bpe,32768,2,3527
train,language,,kn,boundary_bpe,32768,3,25397
train,language,,kn,boundary_bpe,32768,4,432
train,language,,kn,boundary_bpe,32768,5,101
train,language,,kn,boundary_bpe,32768,6,23847
train,language,,kn,boundary_bpe,32768,7,272
train,language,,kn,boundary_bpe,32768,8,36
train,language,,kn,boundary_bpe,32768,9,10089
train,language,,kn,boundary_bpe,32768,10,340
train,language,,kn,boundary_bpe,32768,11,1
train,language,,kn,boundary_bpe,32768,12,4917
train,language,,kn,boundary_bpe,32768,13,98
train,language,,kn,boundary_bpe,32768,15,1879
train,language,,kn,boundary_bpe,32768,16,47
train,language,,kn,boundary_bpe,32768,18,611
train,language,,kn,boundary_bpe,32768,19,122
train,language,,kn,boundary_bpe,32768,22,50
train,language,,kn,boundary_bpe,32768,24,65
train,language,,ko,boundary_bpe,32768,1,21528
train,language,,ko,boundary_bpe,32768,2,1137
train,language,,ko,boundary_bpe,32768,3,39741
train,language,,ko,boundary_bpe,32768,4,522
train,language,,ko,boundary_bpe,32768,5,95
train,language,,ko,boundary_bpe,32768,6,7069
train,language,,ko,boundary_bpe,32768,7,270
train,language,,ko,boundary_bpe,32768,8,16
train,language,,ko,boundary_bpe,32768,9,517
train,language,,ko,boundary_bpe,32768,10,224
train,language,,ko,boundary_bpe,32768,11,1
train,language,,ko,boundary_bpe,32768,12,246
train,language,,ko,boundary_bpe,32768,13,59
train,language,,ko,boundary_bpe,32768,15,36
train,language,,ml,boundary_bpe,32768,1,8145
train,language,,ml,boundary_bpe,32768,2,749
train,language,,ml,boundary_bpe,32768,3,10091
train,language,,ml,boundary_bpe,32768,4,383
train,language,,ml,boundary_bpe,32768,5,138
train,language,,ml,boundary_bpe,32768,6,8102
train,language,,ml,boundary_bpe,32768,7,130
train,language,,ml,boundary_bpe,32768,8,22
train,language,,ml,boundary_bpe,32768,9,4545
train,language,,ml,boundary_bpe,32768,10,21
train,language,,ml,boundary_bpe,32768,12,2613
train,language,,ml,boundary_bpe,32768,13,49
train,language,,ml,boundary_bpe,32768,15,940
train,language,,ml,boundary_bpe,32768,16,21
train,language,,ml,boundary_bpe,32768,18,218
train,language,,ml,boundary_bpe,32768,19,15
train,language,,ml,boundary_bpe,32768,21,143
train,language,,ml,boundary_bpe,32768,24,37
train,language,,ml,boundary_bpe,32768,27,36
train,language,,ml,boundary_bpe,32768,28,9
train,language,,mr,boundary_bpe,32768,1,22514
train,language,,mr,boundary_bpe,32768,2,961
train,language,,mr,boundary_bpe,32768,3,15253
train,language,,mr,boundary_bpe,32768,4,423
train,language,,mr,boundary_bpe,32768,5,139
train,language,,mr,boundary_bpe,32768,6,22255
train,language,,mr,boundary_bpe,32768,7,245
train,language,,mr,boundary_bpe,32768,8,36
train,language,,mr,boundary_bpe,32768,9,7602
train,language,,mr,boundary_bpe,32768,10,333
train,language,,mr,boundary_bpe,32768,11,9
train,language,,mr,boundary_bpe,32768,12,3896
train,language,,mr,boundary_bpe,32768,13,158
train,language,,mr,boundary_bpe,32768,15,941
train,language,,mr,boundary_bpe,32768,18,696
train,language,,mr,boundary_bpe,32768,21,145
train,language,,mr,boundary_bpe,32768,24,87
train,language,,mr,boundary_bpe,32768,27,52
train,language,,mr,boundary_bpe,32768,30,13
train,language,,python,boundary_bpe,32768,1,62533
train,language,,python,boundary_bpe,32768,2,9138
train,language,,python,boundary_bpe,32768,3,6104
train,language,,python,boundary_bpe,32768,4,5032
train,language,,python,boundary_bpe,32768,5,4320
train,language,,python,boundary_bpe,32768,6,3487
train,language,,python,boundary_bpe,32768,7,1920
train,language,,python,boundary_bpe,32768,8,935
train,language,,python,boundary_bpe,32768,9,454
train,language,,python,boundary_bpe,32768,10,172
train,language,,python,boundary_bpe,32768,11,191
train,language,,python,boundary_bpe,32768,12,18
train,language,,python,boundary_bpe,32768,13,5
train,language,,python,boundary_bpe,32768,14,21
train,language,,python,boundary_bpe,32768,16,43
train,language,,python,boundary_bpe,32768,24,1
train,language,,python,boundary_bpe,32768,32,10
train,language,,python,boundary_bpe,32768,42,2
train,language,,python,boundary_bpe,32768,48,2
train,language,,python,boundary_bpe,32768,64,12
train,language,,ru,boundary_bpe,32768,1,19126
train,language,,ru,boundary_bpe,32768,2,9504
train,language,,ru,boundary_bpe,32768,3,1330
train,language,,ru,boundary_bpe,32768,4,16344
train,language,,ru,boundary_bpe,32768,5,596
train,language,,ru,boundary_bpe,32768,6,9204
train,language,,ru,boundary_bpe,32768,7,105
train,language,,ru,boundary_bpe,32768,8,4327
train,language,,ru,boundary_bpe,32768,9,29
train,language,,ru,boundary_bpe,32768,10,1925
train,language,,ru,boundary_bpe,32768,11,3
train,language,,ru,boundary_bpe,32768,12,664
train,language,,ru,boundary_bpe,32768,14,144
train,language,,ru,boundary_bpe,32768,16,52
train,language,,ru,boundary_bpe,32768,18,10
train,language,,ru,boundary_bpe,32768,20,13
train,language,,rust,boundary_bpe,32768,1,141515
train,language,,rust,boundary_bpe,32768,2,23074
train,language,,rust,boundary_bpe,32768,3,17549
train,language,,rust,boundary_bpe,32768,4,10030
train,language,,rust,boundary_bpe,32768,5,7597
train,language,,rust,boundary_bpe,32768,6,5307
train,language,,rust,boundary_bpe,32768,7,3021
train,language,,rust,boundary_bpe,32768,8,1626
train,language,,rust,boundary_bpe,32768,9,790
train,language,,rust,boundary_bpe,32768,10,415
train,language,,rust,boundary_bpe,32768,11,598
train,language,,rust,boundary_bpe,32768,12,134
train,language,,rust,boundary_bpe,32768,13,18
train,language,,rust,boundary_bpe,32768,14,17
train,language,,rust,boundary_bpe,32768,16,34
train,language,,rust,boundary_bpe,32768,32,12
train,language,,rust,boundary_bpe,32768,42,3
train,language,,rust,boundary_bpe,32768,64,1
train,language,,sql,boundary_bpe,32768,1,170283
train,language,,sql,boundary_bpe,32768,2,108637
train,language,,sql,boundary_bpe,32768,3,46305
train,language,,sql,boundary_bpe,32768,4,19770
train,language,,sql,boundary_bpe,32768,5,14230
train,language,,sql,boundary_bpe,32768,6,9472
train,language,,sql,boundary_bpe,32768,7,7667
train,language,,sql,boundary_bpe,32768,8,3240
train,language,,sql,boundary_bpe,32768,9,3683
train,language,,sql,boundary_bpe,32768,10,3415
train,language,,sql,boundary_bpe,32768,11,743
train,language,,sql,boundary_bpe,32768,12,1228
train,language,,sql,boundary_bpe,32768,13,1276
train,language,,sql,boundary_bpe,32768,14,739
train,language,,sql,boundary_bpe,32768,15,487
train,language,,sql,boundary_bpe,32768,16,5
train,language,,sql,boundary_bpe,32768,17,160
train,language,,sql,boundary_bpe,32768,18,163
train,language,,sql,boundary_bpe,32768,19,320
train,language,,sql,boundary_bpe,32768,20,333
train,language,,sql,boundary_bpe,32768,24,44
train,language,,sql,boundary_bpe,32768,27,174
train,language,,sql,boundary_bpe,32768,32,27
train,language,,sql,boundary_bpe,32768,48,2
train,language,,sql,boundary_bpe,32768,64,1
train,language,,sw,boundary_bpe,32768,1,57305
train,language,,sw,boundary_bpe,32768,2,32206
train,language,,sw,boundary_bpe,32768,3,22061
train,language,,sw,boundary_bpe,32768,4,11760
train,language,,sw,boundary_bpe,32768,5,4741
train,language,,sw,boundary_bpe,32768,6,4297
train,language,,sw,boundary_bpe,32768,7,1138
train,language,,sw,boundary_bpe,32768,8,789
train,language,,sw,boundary_bpe,32768,9,86
train,language,,sw,boundary_bpe,32768,10,139
train,language,,sw,boundary_bpe,32768,11,29
train,language,,sw,boundary_bpe,32768,12,1
train,language,,sw,boundary_bpe,32768,13,127
train,language,,ta,boundary_bpe,32768,1,11011
train,language,,ta,boundary_bpe,32768,2,552
train,language,,ta,boundary_bpe,32768,3,8546
train,language,,ta,boundary_bpe,32768,4,269
train,language,,ta,boundary_bpe,32768,5,78
train,language,,ta,boundary_bpe,32768,6,10854
train,language,,ta,boundary_bpe,32768,7,290
train,language,,ta,boundary_bpe,32768,8,12
train,language,,ta,boundary_bpe,32768,9,5841
train,language,,ta,boundary_bpe,32768,10,128
train,language,,ta,boundary_bpe,32768,11,1
train,language,,ta,boundary_bpe,32768,12,3367
train,language,,ta,boundary_bpe,32768,15,1381
train,language,,ta,boundary_bpe,32768,16,19
train,language,,ta,boundary_bpe,32768,18,676
train,language,,ta,boundary_bpe,32768,19,21
train,language,,ta,boundary_bpe,32768,21,139
train,language,,ta,boundary_bpe,32768,24,73
train,language,,ta,boundary_bpe,32768,27,13
train,language,,te,boundary_bpe,32768,1,15729
train,language,,te,boundary_bpe,32768,2,1109
train,language,,te,boundary_bpe,32768,3,13952
train,language,,te,boundary_bpe,32768,4,239
train,language,,te,boundary_bpe,32768,5,110
train,language,,te,boundary_bpe,32768,6,20668
train,language,,te,boundary_bpe,32768,7,279
train,language,,te,boundary_bpe,32768,8,12
train,language,,te,boundary_bpe,32768,9,5665
train,language,,te,boundary_bpe,32768,10,173
train,language,,te,boundary_bpe,32768,11,1
train,language,,te,boundary_bpe,32768,12,3062
train,language,,te,boundary_bpe,32768,13,41
train,language,,te,boundary_bpe,32768,15,715
train,language,,te,boundary_bpe,32768,16,75
train,language,,te,boundary_bpe,32768,18,320
train,language,,te,boundary_bpe,32768,19,94
train,language,,te,boundary_bpe,32768,21,91
train,language,,te,boundary_bpe,32768,22,66
train,language,,typescript,boundary_bpe,32768,1,270633
train,language,,typescript,boundary_bpe,32768,2,35882
train,language,,typescript,boundary_bpe,32768,3,21432
train,language,,typescript,boundary_bpe,32768,4,13160
train,language,,typescript,boundary_bpe,32768,5,9480
train,language,,typescript,boundary_bpe,32768,6,7059
train,language,,typescript,boundary_bpe,32768,7,4220
train,language,,typescript,boundary_bpe,32768,8,3612
train,language,,typescript,boundary_bpe,32768,9,5223
train,language,,typescript,boundary_bpe,32768,10,1833
train,language,,typescript,boundary_bpe,32768,11,524
train,language,,typescript,boundary_bpe,32768,12,80
train,language,,typescript,boundary_bpe,32768,13,1709
train,language,,typescript,boundary_bpe,32768,14,1211
train,language,,typescript,boundary_bpe,32768,15,57
train,language,,typescript,boundary_bpe,32768,16,251
train,language,,typescript,boundary_bpe,32768,18,61
train,language,,typescript,boundary_bpe,32768,21,129
train,language,,typescript,boundary_bpe,32768,32,12
train,language,,typescript,boundary_bpe,32768,42,2
train,language,,typescript,boundary_bpe,32768,48,19
train,language,,typescript,boundary_bpe,32768,56,15
train,language,,typescript,boundary_bpe,32768,64,82
train,language,,uk,boundary_bpe,32768,1,15450
train,language,,uk,boundary_bpe,32768,2,8477
train,language,,uk,boundary_bpe,32768,3,1011
train,language,,uk,boundary_bpe,32768,4,14924
train,language,,uk,boundary_bpe,32768,5,527
train,language,,uk,boundary_bpe,32768,6,6894
train,language,,uk,boundary_bpe,32768,7,67
train,language,,uk,boundary_bpe,32768,8,3180
train,language,,uk,boundary_bpe,32768,9,21
train,language,,uk,boundary_bpe,32768,10,1280
train,language,,uk,boundary_bpe,32768,12,335
train,language,,uk,boundary_bpe,32768,14,145
train,language,,uk,boundary_bpe,32768,16,38
train,language,,uk,boundary_bpe,32768,18,2
train,language,,ur,boundary_bpe,32768,1,53186
train,language,,ur,boundary_bpe,32768,2,20655
train,language,,ur,boundary_bpe,32768,3,748
train,language,,ur,boundary_bpe,32768,4,38121
train,language,,ur,boundary_bpe,32768,5,115
train,language,,ur,boundary_bpe,32768,6,17451
train,language,,ur,boundary_bpe,32768,7,78
train,language,,ur,boundary_bpe,32768,8,6475
train,language,,ur,boundary_bpe,32768,9,8
train,language,,ur,boundary_bpe,32768,10,1465
train,language,,ur,boundary_bpe,32768,11,1
train,language,,ur,boundary_bpe,32768,12,441
train,language,,ur,boundary_bpe,32768,13,2
train,language,,ur,boundary_bpe,32768,14,243
train,language,,ur,boundary_bpe,32768,16,2
train,language,,yo,boundary_bpe,32768,1,29693
train,language,,yo,boundary_bpe,32768,2,11126
train,language,,yo,boundary_bpe,32768,3,8046
train,language,,yo,boundary_bpe,32768,4,5632
train,language,,yo,boundary_bpe,32768,5,1914
train,language,,yo,boundary_bpe,32768,6,2900
train,language,,yo,boundary_bpe,32768,7,1178
train,language,,yo,boundary_bpe,32768,8,470
train,language,,yo,boundary_bpe,32768,9,269
train,language,,yo,boundary_bpe,32768,10,193
train,language,,yo,boundary_bpe,32768,11,192
train,language,,yo,boundary_bpe,32768,12,25
train,language,,yo,boundary_bpe,32768,13,59
train,language,,yo,boundary_bpe,32768,15,36
train,language,,yo,boundary_bpe,32768,18,2
train,language,,zh,boundary_bpe,32768,1,29972
train,language,,zh,boundary_bpe,32768,2,6363
train,language,,zh,boundary_bpe,32768,3,84266
train,language,,zh,boundary_bpe,32768,4,2561
train,language,,zh,boundary_bpe,32768,5,285
train,language,,zh,boundary_bpe,32768,6,23917
train,language,,zh,boundary_bpe,32768,7,999
train,language,,zh,boundary_bpe,32768,8,1292
train,language,,zh,boundary_bpe,32768,9,4775
train,language,,zh,boundary_bpe,32768,10,1110
train,language,,zh,boundary_bpe,32768,11,4
train,language,,zh,boundary_bpe,32768,12,3415
train,language,,zh,boundary_bpe,32768,13,340
train,language,,zh,boundary_bpe,32768,15,1778
train,language,,zh,boundary_bpe,32768,18,132
train,language,,zh,boundary_bpe,32768,21,742
train,domain,code,,boundary_bpe,32768,1,1068435
train,domain,code,,boundary_bpe,32768,2,289837
train,domain,code,,boundary_bpe,32768,3,155696
train,domain,code,,boundary_bpe,32768,4,94956
train,domain,code,,boundary_bpe,32768,5,66052
train,domain,code,,boundary_bpe,32768,6,58045
train,domain,code,,boundary_bpe,32768,7,36438
train,domain,code,,boundary_bpe,32768,8,19692
train,domain,code,,boundary_bpe,32768,9,15330
train,domain,code,,boundary_bpe,32768,10,8312
train,domain,code,,boundary_bpe,32768,11,3452
train,domain,code,,boundary_bpe,32768,12,1918
train,domain,code,,boundary_bpe,32768,13,3658
train,domain,code,,boundary_bpe,32768,14,3015
train,domain,code,,boundary_bpe,32768,15,927
train,domain,code,,boundary_bpe,32768,16,810
train,domain,code,,boundary_bpe,32768,17,847
train,domain,code,,boundary_bpe,32768,18,514
train,domain,code,,boundary_bpe,32768,19,320
train,domain,code,,boundary_bpe,32768,20,362
train,domain,code,,boundary_bpe,32768,21,167
train,domain,code,,boundary_bpe,32768,23,225
train,domain,code,,boundary_bpe,32768,24,46
train,domain,code,,boundary_bpe,32768,26,2
train,domain,code,,boundary_bpe,32768,27,176
train,domain,code,,boundary_bpe,32768,28,130
train,domain,code,,boundary_bpe,32768,29,237
train,domain,code,,boundary_bpe,32768,30,263
train,domain,code,,boundary_bpe,32768,32,321
train,domain,code,,boundary_bpe,32768,33,48
train,domain,code,,boundary_bpe,32768,42,22
train,domain,code,,boundary_bpe,32768,47,178
train,domain,code,,boundary_bpe,32768,48,23
train,domain,code,,boundary_bpe,32768,56,15
train,domain,code,,boundary_bpe,32768,62,226
train,domain,code,,boundary_bpe,32768,64,161
train,domain,code,,boundary_bpe,32768,76,24
train,domain,cyrillic_african,,boundary_bpe,32768,1,176955
train,domain,cyrillic_african,,boundary_bpe,32768,2,72648
train,domain,cyrillic_african,,boundary_bpe,32768,3,83173
train,domain,cyrillic_african,,boundary_bpe,32768,4,69090
train,domain,cyrillic_african,,boundary_bpe,32768,5,9123
train,domain,cyrillic_african,,boundary_bpe,32768,6,54584
train,domain,cyrillic_african,,boundary_bpe,32768,7,2690
train,domain,cyrillic_african,,boundary_bpe,32768,8,13891
train,domain,cyrillic_african,,boundary_bpe,32768,9,5333
train,domain,cyrillic_african,,boundary_bpe,32768,10,5318
train,domain,cyrillic_african,,boundary_bpe,32768,11,286
train,domain,cyrillic_african,,boundary_bpe,32768,12,2575
train,domain,cyrillic_african,,boundary_bpe,32768,13,187
train,domain,cyrillic_african,,boundary_bpe,32768,14,395
train,domain,cyrillic_african,,boundary_bpe,32768,15,437
train,domain,cyrillic_african,,boundary_bpe,32768,16,169
train,domain,cyrillic_african,,boundary_bpe,32768,18,34
train,domain,cyrillic_african,,boundary_bpe,32768,20,17
train,domain,cyrillic_african,,boundary_bpe,32768,21,15
train,domain,indic_cjk_arabic,,boundary_bpe,32768,1,314588
train,domain,indic_cjk_arabic,,boundary_bpe,32768,2,67351
train,domain,indic_cjk_arabic,,boundary_bpe,32768,3,295751
train,domain,indic_cjk_arabic,,boundary_bpe,32768,4,81605
train,domain,indic_cjk_arabic,,boundary_bpe,32768,5,2399
train,domain,indic_cjk_arabic,,boundary_bpe,32768,6,222353
train,domain,indic_cjk_arabic,,boundary_bpe,32768,7,4162
train,domain,indic_cjk_arabic,,boundary_bpe,32768,8,13103
train,domain,indic_cjk_arabic,,boundary_bpe,32768,9,62509
train,domain,indic_cjk_arabic,,boundary_bpe,32768,10,5668
train,domain,indic_cjk_arabic,,boundary_bpe,32768,11,115
train,domain,indic_cjk_arabic,,boundary_bpe,32768,12,30681
train,domain,indic_cjk_arabic,,boundary_bpe,32768,13,800
train,domain,indic_cjk_arabic,,boundary_bpe,32768,14,439
train,domain,indic_cjk_arabic,,boundary_bpe,32768,15,10002
train,domain,indic_cjk_arabic,,boundary_bpe,32768,16,172
train,domain,indic_cjk_arabic,,boundary_bpe,32768,18,3324
train,domain,indic_cjk_arabic,,boundary_bpe,32768,19,252
train,domain,indic_cjk_arabic,,boundary_bpe,32768,20,1
train,domain,indic_cjk_arabic,,boundary_bpe,32768,21,1578
train,domain,indic_cjk_arabic,,boundary_bpe,32768,22,116
train,domain,indic_cjk_arabic,,boundary_bpe,32768,24,317
train,domain,indic_cjk_arabic,,boundary_bpe,32768,27,101
train,domain,indic_cjk_arabic,,boundary_bpe,32768,28,9
train,domain,indic_cjk_arabic,,boundary_bpe,32768,30,13
train,domain,latin_english,,boundary_bpe,32768,1,23746
train,domain,latin_english,,boundary_bpe,32768,2,6937
train,domain,latin_english,,boundary_bpe,32768,3,7231
train,domain,latin_english,,boundary_bpe,32768,4,4998
train,domain,latin_english,,boundary_bpe,32768,5,2734
train,domain,latin_english,,boundary_bpe,32768,6,1981
train,domain,latin_english,,boundary_bpe,32768,7,1362
train,domain,latin_english,,boundary_bpe,32768,8,779
train,domain,latin_english,,boundary_bpe,32768,9,494
train,domain,latin_english,,boundary_bpe,32768,10,226
train,domain,latin_english,,boundary_bpe,32768,11,99
train,domain,latin_english,,boundary_bpe,32768,12,25
train,domain,latin_english,,boundary_bpe,32768,13,17
train,aggregate,,,boundary_bpe,32768,1,1583724
train,aggregate,,,boundary_bpe,32768,2,436773
train,aggregate,,,boundary_bpe,32768,3,541851
train,aggregate,,,boundary_bpe,32768,4,250649
train,aggregate,,,boundary_bpe,32768,5,80308
train,aggregate,,,boundary_bpe,32768,6,336963
train,aggregate,,,boundary_bpe,32768,7,44652
train,aggregate,,,boundary_bpe,32768,8,47465
train,aggregate,,,boundary_bpe,32768,9,83666
train,aggregate,,,boundary_bpe,32768,10,19524
train,aggregate,,,boundary_bpe,32768,11,3952
train,aggregate,,,boundary_bpe,32768,12,35199
train,aggregate,,,boundary_bpe,32768,13,4662
train,aggregate,,,boundary_bpe,32768,14,3849
train,aggregate,,,boundary_bpe,32768,15,11366
train,aggregate,,,boundary_bpe,32768,16,1151
train,aggregate,,,boundary_bpe,32768,17,847
train,aggregate,,,boundary_bpe,32768,18,3872
train,aggregate,,,boundary_bpe,32768,19,572
train,aggregate,,,boundary_bpe,32768,20,380
train,aggregate,,,boundary_bpe,32768,21,1760
train,aggregate,,,boundary_bpe,32768,22,116
train,aggregate,,,boundary_bpe,32768,23,225
train,aggregate,,,boundary_bpe,32768,24,363
train,aggregate,,,boundary_bpe,32768,26,2
train,aggregate,,,boundary_bpe,32768,27,277
train,aggregate,,,boundary_bpe,32768,28,139
train,aggregate,,,boundary_bpe,32768,29,237
train,aggregate,,,boundary_bpe,32768,30,276
train,aggregate,,,boundary_bpe,32768,32,321
train,aggregate,,,boundary_bpe,32768,33,48
train,aggregate,,,boundary_bpe,32768,42,22
train,aggregate,,,boundary_bpe,32768,47,178
train,aggregate,,,boundary_bpe,32768,48,23
train,aggregate,,,boundary_bpe,32768,56,15
train,aggregate,,,boundary_bpe,32768,62,226
train,aggregate,,,boundary_bpe,32768,64,161
train,aggregate,,,boundary_bpe,32768,76,24
validation,stratum,flores200,am,boundary_bpe,32768,1,8269
validation,stratum,flores200,am,boundary_bpe,32768,2,234
validation,stratum,flores200,am,boundary_bpe,32768,3,14504
validation,stratum,flores200,am,boundary_bpe,32768,4,30
validation,stratum,flores200,am,boundary_bpe,32768,5,10
validation,stratum,flores200,am,boundary_bpe,32768,6,6584
validation,stratum,flores200,am,boundary_bpe,32768,7,1
validation,stratum,flores200,am,boundary_bpe,32768,8,1
validation,stratum,flores200,am,boundary_bpe,32768,9,1435
validation,stratum,flores200,am,boundary_bpe,32768,10,1
validation,stratum,flores200,am,boundary_bpe,32768,12,301
validation,stratum,flores200,am,boundary_bpe,32768,15,77
validation,stratum,flores200,am,boundary_bpe,32768,21,1
validation,stratum,flores200,ar,boundary_bpe,32768,1,9512
validation,stratum,flores200,ar,boundary_bpe,32768,2,6842
validation,stratum,flores200,ar,boundary_bpe,32768,3,121
validation,stratum,flores200,ar,boundary_bpe,32768,4,9685
validation,stratum,flores200,ar,boundary_bpe,32768,5,56
validation,stratum,flores200,ar,boundary_bpe,32768,6,4367
validation,stratum,flores200,ar,boundary_bpe,32768,8,998
validation,stratum,flores200,ar,boundary_bpe,32768,9,1
validation,stratum,flores200,ar,boundary_bpe,32768,10,204
validation,stratum,flores200,ar,boundary_bpe,32768,12,25
validation,stratum,flores200,ar,boundary_bpe,32768,14,32
validation,stratum,flores200,ar,boundary_bpe,32768,16,8
validation,stratum,flores200,bg,boundary_bpe,32768,1,10277
validation,stratum,flores200,bg,boundary_bpe,32768,2,3956
validation,stratum,flores200,bg,boundary_bpe,32768,3,463
validation,stratum,flores200,bg,boundary_bpe,32768,4,9321
validation,stratum,flores200,bg,boundary_bpe,32768,5,452
validation,stratum,flores200,bg,boundary_bpe,32768,6,3615
validation,stratum,flores200,bg,boundary_bpe,32768,7,53
validation,stratum,flores200,bg,boundary_bpe,32768,8,2429
validation,stratum,flores200,bg,boundary_bpe,32768,9,10
validation,stratum,flores200,bg,boundary_bpe,32768,10,919
validation,stratum,flores200,bg,boundary_bpe,32768,12,276
validation,stratum,flores200,bg,boundary_bpe,32768,14,44
validation,stratum,flores200,bg,boundary_bpe,32768,16,42
validation,stratum,flores200,bg,boundary_bpe,32768,18,3
validation,stratum,flores200,bg,boundary_bpe,32768,20,8
validation,stratum,flores200,bn,boundary_bpe,32768,1,9169
validation,stratum,flores200,bn,boundary_bpe,32768,2,136
validation,stratum,flores200,bn,boundary_bpe,32768,3,7950
validation,stratum,flores200,bn,boundary_bpe,32768,4,11
validation,stratum,flores200,bn,boundary_bpe,32768,6,8684
validation,stratum,flores200,bn,boundary_bpe,32768,7,29
validation,stratum,flores200,bn,boundary_bpe,32768,9,4381
validation,stratum,flores200,bn,boundary_bpe,32768,12,1998
validation,stratum,flores200,bn,boundary_bpe,32768,13,1
validation,stratum,flores200,bn,boundary_bpe,32768,15,508
validation,stratum,flores200,bn,boundary_bpe,32768,18,80
validation,stratum,flores200,bn,boundary_bpe,32768,21,71
validation,stratum,flores200,bn,boundary_bpe,32768,24,26
validation,stratum,flores200,fa,boundary_bpe,32768,1,11714
validation,stratum,flores200,fa,boundary_bpe,32768,2,4982
validation,stratum,flores200,fa,boundary_bpe,32768,3,362
validation,stratum,flores200,fa,boundary_bpe,32768,4,9522
validation,stratum,flores200,fa,boundary_bpe,32768,5,234
validation,stratum,flores200,fa,boundary_bpe,32768,6,4197
validation,stratum,flores200,fa,boundary_bpe,32768,7,553
validation,stratum,flores200,fa,boundary_bpe,32768,8,1539
validation,stratum,flores200,fa,boundary_bpe,32768,9,306
validation,stratum,flores200,fa,boundary_bpe,32768,10,512
validation,stratum,flores200,fa,boundary_bpe,32768,11,37
validation,stratum,flores200,fa,boundary_bpe,32768,12,100
validation,stratum,flores200,fa,boundary_bpe,32768,13,46
validation,stratum,flores200,fa,boundary_bpe,32768,14,46
validation,stratum,flores200,fa,boundary_bpe,32768,16,2
validation,stratum,flores200,gu,boundary_bpe,32768,1,9421
validation,stratum,flores200,gu,boundary_bpe,32768,2,228
validation,stratum,flores200,gu,boundary_bpe,32768,3,7427
validation,stratum,flores200,gu,boundary_bpe,32768,4,18
validation,stratum,flores200,gu,boundary_bpe,32768,6,9955
validation,stratum,flores200,gu,boundary_bpe,32768,7,325
validation,stratum,flores200,gu,boundary_bpe,32768,8,2
validation,stratum,flores200,gu,boundary_bpe,32768,9,3404
validation,stratum,flores200,gu,boundary_bpe,32768,10,88
validation,stratum,flores200,gu,boundary_bpe,32768,12,962
validation,stratum,flores200,gu,boundary_bpe,32768,15,292
validation,stratum,flores200,gu,boundary_bpe,32768,18,99
validation,stratum,flores200,gu,boundary_bpe,32768,21,51
validation,stratum,flores200,hi,boundary_bpe,32768,1,11444
validation,stratum,flores200,hi,boundary_bpe,32768,2,131
validation,stratum,flores200,hi,boundary_bpe,32768,3,5742
validation,stratum,flores200,hi,boundary_bpe,32768,4,42
validation,stratum,flores200,hi,boundary_bpe,32768,5,3
validation,stratum,flores200,hi,boundary_bpe,32768,6,10991
validation,stratum,flores200,hi,boundary_bpe,32768,7,232
validation,stratum,flores200,hi,boundary_bpe,32768,9,3213
validation,stratum,flores200,hi,boundary_bpe,32768,10,124
validation,stratum,flores200,hi,boundary_bpe,32768,12,1307
validation,stratum,flores200,hi,boundary_bpe,32768,15,274
validation,stratum,flores200,hi,boundary_bpe,32768,18,73
validation,stratum,flores200,hi,boundary_bpe,32768,21,18
validation,stratum,flores200,hi,boundary_bpe,32768,24,14
validation,stratum,flores200,ja,boundary_bpe,32768,1,373
validation,stratum,flores200,ja,boundary_bpe,32768,2,208
validation,stratum,flores200,ja,boundary_bpe,32768,3,16242
validation,stratum,flores200,ja,boundary_bpe,32768,4,32
validation,stratum,flores200,ja,boundary_bpe,32768,5,3
validation,stratum,flores200,ja,boundary_bpe,32768,6,3312
validation,stratum,flores200,ja,boundary_bpe,32768,9,687
validation,stratum,flores200,ja,boundary_bpe,32768,12,238
validation,stratum,flores200,ja,boundary_bpe,32768,15,51
validation,stratum,flores200,ja,boundary_bpe,32768,18,1
validation,stratum,flores200,kn,boundary_bpe,32768,1,8570
validation,stratum,flores200,kn,boundary_bpe,32768,2,212
validation,stratum,flores200,kn,boundary_bpe,32768,3,9745
validation,stratum,flores200,kn,boundary_bpe,32768,4,80
validation,stratum,flores200,kn,boundary_bpe,32768,5,5
validation,stratum,flores200,kn,boundary_bpe,32768,6,9785
validation,stratum,flores200,kn,boundary_bpe,32768,7,127
validation,stratum,flores200,kn,boundary_bpe,32768,8,1
validation,stratum,flores200,kn,boundary_bpe,32768,9,4059
validation,stratum,flores200,kn,boundary_bpe,32768,10,161
validation,stratum,flores200,kn,boundary_bpe,32768,12,1903
validation,stratum,flores200,kn,boundary_bpe,32768,13,35
validation,stratum,flores200,kn,boundary_bpe,32768,15,962
validation,stratum,flores200,kn,boundary_bpe,32768,16,57
validation,stratum,flores200,kn,boundary_bpe,32768,18,355
validation,stratum,flores200,kn,boundary_bpe,32768,19,60
validation,stratum,flores200,kn,boundary_bpe,32768,22,31
validation,stratum,flores200,kn,boundary_bpe,32768,24,13
validation,stratum,flores200,ko,boundary_bpe,32768,1,7689
validation,stratum,flores200,ko,boundary_bpe,32768,2,352
validation,stratum,flores200,ko,boundary_bpe,32768,3,15619
validation,stratum,flores200,ko,boundary_bpe,32768,4,200
validation,stratum,flores200,ko,boundary_bpe,32768,5,8
validation,stratum,flores200,ko,boundary_bpe,32768,6,2606
validation,stratum,flores200,ko,boundary_bpe,32768,7,209
validation,stratum,flores200,ko,boundary_bpe,32768,8,2
validation,stratum,flores200,ko,boundary_bpe,32768,9,155
validation,stratum,flores200,ko,boundary_bpe,32768,10,233
validation,stratum,flores200,ko,boundary_bpe,32768,13,58
validation,stratum,flores200,ml,boundary_bpe,32768,1,7794
validation,stratum,flores200,ml,boundary_bpe,32768,2,207
validation,stratum,flores200,ml,boundary_bpe,32768,3,10840
validation,stratum,flores200,ml,boundary_bpe,32768,4,134
validation,stratum,flores200,ml,boundary_bpe,32768,5,3
validation,stratum,flores200,ml,boundary_bpe,32768,6,8871
validation,stratum,flores200,ml,boundary_bpe,32768,7,88
validation,stratum,flores200,ml,boundary_bpe,32768,8,1
validation,stratum,flores200,ml,boundary_bpe,32768,9,4724
validation,stratum,flores200,ml,boundary_bpe,32768,10,23
validation,stratum,flores200,ml,boundary_bpe,32768,12,2749
validation,stratum,flores200,ml,boundary_bpe,32768,13,50
validation,stratum,flores200,ml,boundary_bpe,32768,15,989
validation,stratum,flores200,ml,boundary_bpe,32768,16,87
validation,stratum,flores200,ml,boundary_bpe,32768,18,244
validation,stratum,flores200,ml,boundary_bpe,32768,19,18
validation,stratum,flores200,ml,boundary_bpe,32768,21,191
validation,stratum,flores200,ml,boundary_bpe,32768,24,117
validation,stratum,flores200,ml,boundary_bpe,32768,27,33
validation,stratum,flores200,ml,boundary_bpe,32768,28,11
validation,stratum,flores200,mr,boundary_bpe,32768,1,9492
validation,stratum,flores200,mr,boundary_bpe,32768,2,215
validation,stratum,flores200,mr,boundary_bpe,32768,3,7010
validation,stratum,flores200,mr,boundary_bpe,32768,4,69
validation,stratum,flores200,mr,boundary_bpe,32768,6,10359
validation,stratum,flores200,mr,boundary_bpe,32768,7,160
validation,stratum,flores200,mr,boundary_bpe,32768,9,3373
validation,stratum,flores200,mr,boundary_bpe,32768,10,180
validation,stratum,flores200,mr,boundary_bpe,32768,12,2044
validation,stratum,flores200,mr,boundary_bpe,32768,13,63
validation,stratum,flores200,mr,boundary_bpe,32768,15,577
validation,stratum,flores200,mr,boundary_bpe,32768,18,395
validation,stratum,flores200,mr,boundary_bpe,32768,21,68
validation,stratum,flores200,mr,boundary_bpe,32768,24,43
validation,stratum,flores200,mr,boundary_bpe,32768,27,28
validation,stratum,flores200,mr,boundary_bpe,32768,30,19
validation,stratum,flores200,ru,boundary_bpe,32768,1,9967
validation,stratum,flores200,ru,boundary_bpe,32768,2,5260
validation,stratum,flores200,ru,boundary_bpe,32768,3,501
validation,stratum,flores200,ru,boundary_bpe,32768,4,8624
validation,stratum,flores200,ru,boundary_bpe,32768,5,298
validation,stratum,flores200,ru,boundary_bpe,32768,6,5061
validation,stratum,flores200,ru,boundary_bpe,32768,7,30
validation,stratum,flores200,ru,boundary_bpe,32768,8,2305
validation,stratum,flores200,ru,boundary_bpe,32768,9,31
validation,stratum,flores200,ru,boundary_bpe,32768,10,1039
validation,stratum,flores200,ru,boundary_bpe,32768,12,383
validation,stratum,flores200,ru,boundary_bpe,32768,14,102
validation,stratum,flores200,ru,boundary_bpe,32768,16,51
validation,stratum,flores200,ru,boundary_bpe,32768,18,6
validation,stratum,flores200,ru,boundary_bpe,32768,20,6
validation,stratum,flores200,sw,boundary_bpe,32768,1,12518
validation,stratum,flores200,sw,boundary_bpe,32768,2,7674
validation,stratum,flores200,sw,boundary_bpe,32768,3,5562
validation,stratum,flores200,sw,boundary_bpe,32768,4,2474
validation,stratum,flores200,sw,boundary_bpe,32768,5,864
validation,stratum,flores200,sw,boundary_bpe,32768,6,938
validation,stratum,flores200,sw,boundary_bpe,32768,7,250
validation,stratum,flores200,sw,boundary_bpe,32768,8,85
validation,stratum,flores200,sw,boundary_bpe,32768,9,12
validation,stratum,flores200,sw,boundary_bpe,32768,10,4
validation,stratum,flores200,sw,boundary_bpe,32768,11,2
validation,stratum,flores200,ta,boundary_bpe,32768,1,8521
validation,stratum,flores200,ta,boundary_bpe,32768,2,255
validation,stratum,flores200,ta,boundary_bpe,32768,3,6654
validation,stratum,flores200,ta,boundary_bpe,32768,4,83
validation,stratum,flores200,ta,boundary_bpe,32768,5,3
validation,stratum,flores200,ta,boundary_bpe,32768,6,9284
validation,stratum,flores200,ta,boundary_bpe,32768,7,234
validation,stratum,flores200,ta,boundary_bpe,32768,8,3
validation,stratum,flores200,ta,boundary_bpe,32768,9,5142
validation,stratum,flores200,ta,boundary_bpe,32768,10,133
validation,stratum,flores200,ta,boundary_bpe,32768,12,2344
validation,stratum,flores200,ta,boundary_bpe,32768,15,1165
validation,stratum,flores200,ta,boundary_bpe,32768,16,14
validation,stratum,flores200,ta,boundary_bpe,32768,18,506
validation,stratum,flores200,ta,boundary_bpe,32768,19,23
validation,stratum,flores200,ta,boundary_bpe,32768,21,260
validation,stratum,flores200,ta,boundary_bpe,32768,24,51
validation,stratum,flores200,ta,boundary_bpe,32768,27,32
validation,stratum,flores200,te,boundary_bpe,32768,1,8695
validation,stratum,flores200,te,boundary_bpe,32768,2,401
validation,stratum,flores200,te,boundary_bpe,32768,3,7338
validation,stratum,flores200,te,boundary_bpe,32768,4,67
validation,stratum,flores200,te,boundary_bpe,32768,5,20
validation,stratum,flores200,te,boundary_bpe,32768,6,11612
validation,stratum,flores200,te,boundary_bpe,32768,7,126
validation,stratum,flores200,te,boundary_bpe,32768,8,3
validation,stratum,flores200,te,boundary_bpe,32768,9,3455
validation,stratum,flores200,te,boundary_bpe,32768,10,127
validation,stratum,flores200,te,boundary_bpe,32768,12,1604
validation,stratum,flores200,te,boundary_bpe,32768,13,23
validation,stratum,flores200,te,boundary_bpe,32768,15,508
validation,stratum,flores200,te,boundary_bpe,32768,16,47
validation,stratum,flores200,te,boundary_bpe,32768,18,223
validation,stratum,flores200,te,boundary_bpe,32768,19,43
validation,stratum,flores200,te,boundary_bpe,32768,21,29
validation,stratum,flores200,te,boundary_bpe,32768,22,49
validation,stratum,flores200,uk,boundary_bpe,32768,1,10022
validation,stratum,flores200,uk,boundary_bpe,32768,2,4940
validation,stratum,flores200,uk,boundary_bpe,32768,3,498
validation,stratum,flores200,uk,boundary_bpe,32768,4,10051
validation,stratum,flores200,uk,boundary_bpe,32768,5,298
validation,stratum,flores200,uk,boundary_bpe,32768,6,4834
validation,stratum,flores200,uk,boundary_bpe,32768,7,18
validation,stratum,flores200,uk,boundary_bpe,32768,8,2107
validation,stratum,flores200,uk,boundary_bpe,32768,9,20
validation,stratum,flores200,uk,boundary_bpe,32768,10,826
validation,stratum,flores200,uk,boundary_bpe,32768,12,230
validation,stratum,flores200,uk,boundary_bpe,32768,14,32
validation,stratum,flores200,uk,boundary_bpe,32768,16,14
validation,stratum,flores200,uk,boundary_bpe,32768,18,1
validation,stratum,flores200,ur,boundary_bpe,32768,1,13267
validation,stratum,flores200,ur,boundary_bpe,32768,2,5603
validation,stratum,flores200,ur,boundary_bpe,32768,3,77
validation,stratum,flores200,ur,boundary_bpe,32768,4,10860
validation,stratum,flores200,ur,boundary_bpe,32768,5,3
validation,stratum,flores200,ur,boundary_bpe,32768,6,4579
validation,stratum,flores200,ur,boundary_bpe,32768,8,1507
validation,stratum,flores200,ur,boundary_bpe,32768,10,335
validation,stratum,flores200,ur,boundary_bpe,32768,12,49
validation,stratum,flores200,ur,boundary_bpe,32768,14,31
validation,stratum,flores200,ur,boundary_bpe,32768,16,4
validation,stratum,flores200,yo,boundary_bpe,32768,1,17220
validation,stratum,flores200,yo,boundary_bpe,32768,2,11972
validation,stratum,flores200,yo,boundary_bpe,32768,3,5857
validation,stratum,flores200,yo,boundary_bpe,32768,4,2677
validation,stratum,flores200,yo,boundary_bpe,32768,5,849
validation,stratum,flores200,yo,boundary_bpe,32768,6,331
validation,stratum,flores200,yo,boundary_bpe,32768,7,443
validation,stratum,flores200,yo,boundary_bpe,32768,8,48
validation,stratum,flores200,yo,boundary_bpe,32768,9,12
validation,stratum,flores200,yo,boundary_bpe,32768,10,5
validation,stratum,flores200,yo,boundary_bpe,32768,11,1
validation,stratum,flores200,yo,boundary_bpe,32768,13,1
validation,stratum,flores200,yo,boundary_bpe,32768,15,1
validation,stratum,flores200,zh,boundary_bpe,32768,1,1567
validation,stratum,flores200,zh,boundary_bpe,32768,2,428
validation,stratum,flores200,zh,boundary_bpe,32768,3,16089
validation,stratum,flores200,zh,boundary_bpe,32768,4,230
validation,stratum,flores200,zh,boundary_bpe,32768,5,19
validation,stratum,flores200,zh,boundary_bpe,32768,6,800
validation,stratum,flores200,zh,boundary_bpe,32768,7,2
validation,stratum,flores200,zh,boundary_bpe,32768,8,1
validation,stratum,flores200,zh,boundary_bpe,32768,9,1
validation,stratum,flores200,zh,boundary_bpe,32768,10,1
validation,language,,am,boundary_bpe,32768,1,8269
validation,language,,am,boundary_bpe,32768,2,234
validation,language,,am,boundary_bpe,32768,3,14504
validation,language,,am,boundary_bpe,32768,4,30
validation,language,,am,boundary_bpe,32768,5,10
validation,language,,am,boundary_bpe,32768,6,6584
validation,language,,am,boundary_bpe,32768,7,1
validation,language,,am,boundary_bpe,32768,8,1
validation,language,,am,boundary_bpe,32768,9,1435
validation,language,,am,boundary_bpe,32768,10,1
validation,language,,am,boundary_bpe,32768,12,301
validation,language,,am,boundary_bpe,32768,15,77
validation,language,,am,boundary_bpe,32768,21,1
validation,language,,ar,boundary_bpe,32768,1,9512
validation,language,,ar,boundary_bpe,32768,2,6842
validation,language,,ar,boundary_bpe,32768,3,121
validation,language,,ar,boundary_bpe,32768,4,9685
validation,language,,ar,boundary_bpe,32768,5,56
validation,language,,ar,boundary_bpe,32768,6,4367
validation,language,,ar,boundary_bpe,32768,8,998
validation,language,,ar,boundary_bpe,32768,9,1
validation,language,,ar,boundary_bpe,32768,10,204
validation,language,,ar,boundary_bpe,32768,12,25
validation,language,,ar,boundary_bpe,32768,14,32
validation,language,,ar,boundary_bpe,32768,16,8
validation,language,,bg,boundary_bpe,32768,1,10277
validation,language,,bg,boundary_bpe,32768,2,3956
validation,language,,bg,boundary_bpe,32768,3,463
validation,language,,bg,boundary_bpe,32768,4,9321
validation,language,,bg,boundary_bpe,32768,5,452
validation,language,,bg,boundary_bpe,32768,6,3615
validation,language,,bg,boundary_bpe,32768,7,53
validation,language,,bg,boundary_bpe,32768,8,2429
validation,language,,bg,boundary_bpe,32768,9,10
validation,language,,bg,boundary_bpe,32768,10,919
validation,language,,bg,boundary_bpe,32768,12,276
validation,language,,bg,boundary_bpe,32768,14,44
validation,language,,bg,boundary_bpe,32768,16,42
validation,language,,bg,boundary_bpe,32768,18,3
validation,language,,bg,boundary_bpe,32768,20,8
validation,language,,bn,boundary_bpe,32768,1,9169
validation,language,,bn,boundary_bpe,32768,2,136
validation,language,,bn,boundary_bpe,32768,3,7950
validation,language,,bn,boundary_bpe,32768,4,11
validation,language,,bn,boundary_bpe,32768,6,8684
validation,language,,bn,boundary_bpe,32768,7,29
validation,language,,bn,boundary_bpe,32768,9,4381
validation,language,,bn,boundary_bpe,32768,12,1998
validation,language,,bn,boundary_bpe,32768,13,1
validation,language,,bn,boundary_bpe,32768,15,508
validation,language,,bn,boundary_bpe,32768,18,80
validation,language,,bn,boundary_bpe,32768,21,71
validation,language,,bn,boundary_bpe,32768,24,26
validation,language,,fa,boundary_bpe,32768,1,11714
validation,language,,fa,boundary_bpe,32768,2,4982
validation,language,,fa,boundary_bpe,32768,3,362
validation,language,,fa,boundary_bpe,32768,4,9522
validation,language,,fa,boundary_bpe,32768,5,234
validation,language,,fa,boundary_bpe,32768,6,4197
validation,language,,fa,boundary_bpe,32768,7,553
validation,language,,fa,boundary_bpe,32768,8,1539
validation,language,,fa,boundary_bpe,32768,9,306
validation,language,,fa,boundary_bpe,32768,10,512
validation,language,,fa,boundary_bpe,32768,11,37
validation,language,,fa,boundary_bpe,32768,12,100
validation,language,,fa,boundary_bpe,32768,13,46
validation,language,,fa,boundary_bpe,32768,14,46
validation,language,,fa,boundary_bpe,32768,16,2
validation,language,,gu,boundary_bpe,32768,1,9421
validation,language,,gu,boundary_bpe,32768,2,228
validation,language,,gu,boundary_bpe,32768,3,7427
validation,language,,gu,boundary_bpe,32768,4,18
validation,language,,gu,boundary_bpe,32768,6,9955
validation,language,,gu,boundary_bpe,32768,7,325
validation,language,,gu,boundary_bpe,32768,8,2
validation,language,,gu,boundary_bpe,32768,9,3404
validation,language,,gu,boundary_bpe,32768,10,88
validation,language,,gu,boundary_bpe,32768,12,962
validation,language,,gu,boundary_bpe,32768,15,292
validation,language,,gu,boundary_bpe,32768,18,99
validation,language,,gu,boundary_bpe,32768,21,51
validation,language,,hi,boundary_bpe,32768,1,11444
validation,language,,hi,boundary_bpe,32768,2,131
validation,language,,hi,boundary_bpe,32768,3,5742
validation,language,,hi,boundary_bpe,32768,4,42
validation,language,,hi,boundary_bpe,32768,5,3
validation,language,,hi,boundary_bpe,32768,6,10991
validation,language,,hi,boundary_bpe,32768,7,232
validation,language,,hi,boundary_bpe,32768,9,3213
validation,language,,hi,boundary_bpe,32768,10,124
validation,language,,hi,boundary_bpe,32768,12,1307
validation,language,,hi,boundary_bpe,32768,15,274
validation,language,,hi,boundary_bpe,32768,18,73
validation,language,,hi,boundary_bpe,32768,21,18
validation,language,,hi,boundary_bpe,32768,24,14
validation,language,,ja,boundary_bpe,32768,1,373
validation,language,,ja,boundary_bpe,32768,2,208
validation,language,,ja,boundary_bpe,32768,3,16242
validation,language,,ja,boundary_bpe,32768,4,32
validation,language,,ja,boundary_bpe,32768,5,3
validation,language,,ja,boundary_bpe,32768,6,3312
validation,language,,ja,boundary_bpe,32768,9,687
validation,language,,ja,boundary_bpe,32768,12,238
validation,language,,ja,boundary_bpe,32768,15,51
validation,language,,ja,boundary_bpe,32768,18,1
validation,language,,kn,boundary_bpe,32768,1,8570
validation,language,,kn,boundary_bpe,32768,2,212
validation,language,,kn,boundary_bpe,32768,3,9745
validation,language,,kn,boundary_bpe,32768,4,80
validation,language,,kn,boundary_bpe,32768,5,5
validation,language,,kn,boundary_bpe,32768,6,9785
validation,language,,kn,boundary_bpe,32768,7,127
validation,language,,kn,boundary_bpe,32768,8,1
validation,language,,kn,boundary_bpe,32768,9,4059
validation,language,,kn,boundary_bpe,32768,10,161
validation,language,,kn,boundary_bpe,32768,12,1903
validation,language,,kn,boundary_bpe,32768,13,35
validation,language,,kn,boundary_bpe,32768,15,962
validation,language,,kn,boundary_bpe,32768,16,57
validation,language,,kn,boundary_bpe,32768,18,355
validation,language,,kn,boundary_bpe,32768,19,60
validation,language,,kn,boundary_bpe,32768,22,31
validation,language,,kn,boundary_bpe,32768,24,13
validation,language,,ko,boundary_bpe,32768,1,7689
validation,language,,ko,boundary_bpe,32768,2,352
validation,language,,ko,boundary_bpe,32768,3,15619
validation,language,,ko,boundary_bpe,32768,4,200
validation,language,,ko,boundary_bpe,32768,5,8
validation,language,,ko,boundary_bpe,32768,6,2606
validation,language,,ko,boundary_bpe,32768,7,209
validation,language,,ko,boundary_bpe,32768,8,2
validation,language,,ko,boundary_bpe,32768,9,155
validation,language,,ko,boundary_bpe,32768,10,233
validation,language,,ko,boundary_bpe,32768,13,58
validation,language,,ml,boundary_bpe,32768,1,7794
validation,language,,ml,boundary_bpe,32768,2,207
validation,language,,ml,boundary_bpe,32768,3,10840
validation,language,,ml,boundary_bpe,32768,4,134
validation,language,,ml,boundary_bpe,32768,5,3
validation,language,,ml,boundary_bpe,32768,6,8871
validation,language,,ml,boundary_bpe,32768,7,88
validation,language,,ml,boundary_bpe,32768,8,1
validation,language,,ml,boundary_bpe,32768,9,4724
validation,language,,ml,boundary_bpe,32768,10,23
validation,language,,ml,boundary_bpe,32768,12,2749
validation,language,,ml,boundary_bpe,32768,13,50
validation,language,,ml,boundary_bpe,32768,15,989
validation,language,,ml,boundary_bpe,32768,16,87
validation,language,,ml,boundary_bpe,32768,18,244
validation,language,,ml,boundary_bpe,32768,19,18
validation,language,,ml,boundary_bpe,32768,21,191
validation,language,,ml,boundary_bpe,32768,24,117
validation,language,,ml,boundary_bpe,32768,27,33
validation,language,,ml,boundary_bpe,32768,28,11
validation,language,,mr,boundary_bpe,32768,1,9492
validation,language,,mr,boundary_bpe,32768,2,215
validation,language,,mr,boundary_bpe,32768,3,7010
validation,language,,mr,boundary_bpe,32768,4,69
validation,language,,mr,boundary_bpe,32768,6,10359
validation,language,,mr,boundary_bpe,32768,7,160
validation,language,,mr,boundary_bpe,32768,9,3373
validation,language,,mr,boundary_bpe,32768,10,180
validation,language,,mr,boundary_bpe,32768,12,2044
validation,language,,mr,boundary_bpe,32768,13,63
validation,language,,mr,boundary_bpe,32768,15,577
validation,language,,mr,boundary_bpe,32768,18,395
validation,language,,mr,boundary_bpe,32768,21,68
validation,language,,mr,boundary_bpe,32768,24,43
validation,language,,mr,boundary_bpe,32768,27,28
validation,language,,mr,boundary_bpe,32768,30,19
validation,language,,ru,boundary_bpe,32768,1,9967
validation,language,,ru,boundary_bpe,32768,2,5260
validation,language,,ru,boundary_bpe,32768,3,501
validation,language,,ru,boundary_bpe,32768,4,8624
validation,language,,ru,boundary_bpe,32768,5,298
validation,language,,ru,boundary_bpe,32768,6,5061
validation,language,,ru,boundary_bpe,32768,7,30
validation,language,,ru,boundary_bpe,32768,8,2305
validation,language,,ru,boundary_bpe,32768,9,31
validation,language,,ru,boundary_bpe,32768,10,1039
validation,language,,ru,boundary_bpe,32768,12,383
validation,language,,ru,boundary_bpe,32768,14,102
validation,language,,ru,boundary_bpe,32768,16,51
validation,language,,ru,boundary_bpe,32768,18,6
validation,language,,ru,boundary_bpe,32768,20,6
validation,language,,sw,boundary_bpe,32768,1,12518
validation,language,,sw,boundary_bpe,32768,2,7674
validation,language,,sw,boundary_bpe,32768,3,5562
validation,language,,sw,boundary_bpe,32768,4,2474
validation,language,,sw,boundary_bpe,32768,5,864
validation,language,,sw,boundary_bpe,32768,6,938
validation,language,,sw,boundary_bpe,32768,7,250
validation,language,,sw,boundary_bpe,32768,8,85
validation,language,,sw,boundary_bpe,32768,9,12
validation,language,,sw,boundary_bpe,32768,10,4
validation,language,,sw,boundary_bpe,32768,11,2
validation,language,,ta,boundary_bpe,32768,1,8521
validation,language,,ta,boundary_bpe,32768,2,255
validation,language,,ta,boundary_bpe,32768,3,6654
validation,language,,ta,boundary_bpe,32768,4,83
validation,language,,ta,boundary_bpe,32768,5,3
validation,language,,ta,boundary_bpe,32768,6,9284
validation,language,,ta,boundary_bpe,32768,7,234
validation,language,,ta,boundary_bpe,32768,8,3
validation,language,,ta,boundary_bpe,32768,9,5142
validation,language,,ta,boundary_bpe,32768,10,133
validation,language,,ta,boundary_bpe,32768,12,2344
validation,language,,ta,boundary_bpe,32768,15,1165
validation,language,,ta,boundary_bpe,32768,16,14
validation,language,,ta,boundary_bpe,32768,18,506
validation,language,,ta,boundary_bpe,32768,19,23
validation,language,,ta,boundary_bpe,32768,21,260
validation,language,,ta,boundary_bpe,32768,24,51
validation,language,,ta,boundary_bpe,32768,27,32
validation,language,,te,boundary_bpe,32768,1,8695
validation,language,,te,boundary_bpe,32768,2,401
validation,language,,te,boundary_bpe,32768,3,7338
validation,language,,te,boundary_bpe,32768,4,67
validation,language,,te,boundary_bpe,32768,5,20
validation,language,,te,boundary_bpe,32768,6,11612
validation,language,,te,boundary_bpe,32768,7,126
validation,language,,te,boundary_bpe,32768,8,3
validation,language,,te,boundary_bpe,32768,9,3455
validation,language,,te,boundary_bpe,32768,10,127
validation,language,,te,boundary_bpe,32768,12,1604
validation,language,,te,boundary_bpe,32768,13,23
validation,language,,te,boundary_bpe,32768,15,508
validation,language,,te,boundary_bpe,32768,16,47
validation,language,,te,boundary_bpe,32768,18,223
validation,language,,te,boundary_bpe,32768,19,43
validation,language,,te,boundary_bpe,32768,21,29
validation,language,,te,boundary_bpe,32768,22,49
validation,language,,uk,boundary_bpe,32768,1,10022
validation,language,,uk,boundary_bpe,32768,2,4940
validation,language,,uk,boundary_bpe,32768,3,498
validation,language,,uk,boundary_bpe,32768,4,10051
validation,language,,uk,boundary_bpe,32768,5,298
validation,language,,uk,boundary_bpe,32768,6,4834
validation,language,,uk,boundary_bpe,32768,7,18
validation,language,,uk,boundary_bpe,32768,8,2107
validation,language,,uk,boundary_bpe,32768,9,20
validation,language,,uk,boundary_bpe,32768,10,826
validation,language,,uk,boundary_bpe,32768,12,230
validation,language,,uk,boundary_bpe,32768,14,32
validation,language,,uk,boundary_bpe,32768,16,14
validation,language,,uk,boundary_bpe,32768,18,1
validation,language,,ur,boundary_bpe,32768,1,13267
validation,language,,ur,boundary_bpe,32768,2,5603
validation,language,,ur,boundary_bpe,32768,3,77
validation,language,,ur,boundary_bpe,32768,4,10860
validation,language,,ur,boundary_bpe,32768,5,3
validation,language,,ur,boundary_bpe,32768,6,4579
validation,language,,ur,boundary_bpe,32768,8,1507
validation,language,,ur,boundary_bpe,32768,10,335
validation,language,,ur,boundary_bpe,32768,12,49
validation,language,,ur,boundary_bpe,32768,14,31
validation,language,,ur,boundary_bpe,32768,16,4
validation,language,,yo,boundary_bpe,32768,1,17220
validation,language,,yo,boundary_bpe,32768,2,11972
validation,language,,yo,boundary_bpe,32768,3,5857
validation,language,,yo,boundary_bpe,32768,4,2677
validation,language,,yo,boundary_bpe,32768,5,849
validation,language,,yo,boundary_bpe,32768,6,331
validation,language,,yo,boundary_bpe,32768,7,443
validation,language,,yo,boundary_bpe,32768,8,48
validation,language,,yo,boundary_bpe,32768,9,12
validation,language,,yo,boundary_bpe,32768,10,5
validation,language,,yo,boundary_bpe,32768,11,1
validation,language,,yo,boundary_bpe,32768,13,1
validation,language,,yo,boundary_bpe,32768,15,1
validation,language,,zh,boundary_bpe,32768,1,1567
validation,language,,zh,boundary_bpe,32768,2,428
validation,language,,zh,boundary_bpe,32768,3,16089
validation,language,,zh,boundary_bpe,32768,4,230
validation,language,,zh,boundary_bpe,32768,5,19
validation,language,,zh,boundary_bpe,32768,6,800
validation,language,,zh,boundary_bpe,32768,7,2
validation,language,,zh,boundary_bpe,32768,8,1
validation,language,,zh,boundary_bpe,32768,9,1
validation,language,,zh,boundary_bpe,32768,10,1
validation,domain,flores200,,boundary_bpe,32768,1,185501
validation,domain,flores200,,boundary_bpe,32768,2,54236
validation,domain,flores200,,boundary_bpe,32768,3,138601
validation,domain,flores200,,boundary_bpe,32768,4,64210
validation,domain,flores200,,boundary_bpe,32768,5,3128
validation,domain,flores200,,boundary_bpe,32768,6,120765
validation,domain,flores200,,boundary_bpe,32768,7,2880
validation,domain,flores200,,boundary_bpe,32768,8,11032
validation,domain,flores200,,boundary_bpe,32768,9,34421
validation,domain,flores200,,boundary_bpe,32768,10,4915
validation,domain,flores200,,boundary_bpe,32768,11,40
validation,domain,flores200,,boundary_bpe,32768,12,16513
validation,domain,flores200,,boundary_bpe,32768,13,277
validation,domain,flores200,,boundary_bpe,32768,14,287
validation,domain,flores200,,boundary_bpe,32768,15,5404
validation,domain,flores200,,boundary_bpe,32768,16,326
validation,domain,flores200,,boundary_bpe,32768,18,1986
validation,domain,flores200,,boundary_bpe,32768,19,144
validation,domain,flores200,,boundary_bpe,32768,20,14
validation,domain,flores200,,boundary_bpe,32768,21,689
validation,domain,flores200,,boundary_bpe,32768,22,80
validation,domain,flores200,,boundary_bpe,32768,24,264
validation,domain,flores200,,boundary_bpe,32768,27,93
validation,domain,flores200,,boundary_bpe,32768,28,11
validation,domain,flores200,,boundary_bpe,32768,30,19
validation,aggregate,,,boundary_bpe,32768,1,185501
validation,aggregate,,,boundary_bpe,32768,2,54236
validation,aggregate,,,boundary_bpe,32768,3,138601
validation,aggregate,,,boundary_bpe,32768,4,64210
validation,aggregate,,,boundary_bpe,32768,5,3128
validation,aggregate,,,boundary_bpe,32768,6,120765
validation,aggregate,,,boundary_bpe,32768,7,2880
validation,aggregate,,,boundary_bpe,32768,8,11032
validation,aggregate,,,boundary_bpe,32768,9,34421
validation,aggregate,,,boundary_bpe,32768,10,4915
validation,aggregate,,,boundary_bpe,32768,11,40
validation,aggregate,,,boundary_bpe,32768,12,16513
validation,aggregate,,,boundary_bpe,32768,13,277
validation,aggregate,,,boundary_bpe,32768,14,287
validation,aggregate,,,boundary_bpe,32768,15,5404
validation,aggregate,,,boundary_bpe,32768,16,326
validation,aggregate,,,boundary_bpe,32768,18,1986
validation,aggregate,,,boundary_bpe,32768,19,144
validation,aggregate,,,boundary_bpe,32768,20,14
validation,aggregate,,,boundary_bpe,32768,21,689
validation,aggregate,,,boundary_bpe,32768,22,80
validation,aggregate,,,boundary_bpe,32768,24,264
validation,aggregate,,,boundary_bpe,32768,27,93
validation,aggregate,,,boundary_bpe,32768,28,11
validation,aggregate,,,boundary_bpe,32768,30,19
train,stratum,code,c,boundary_bpe,65536,1,69915
train,stratum,code,c,boundary_bpe,65536,2,13690
train,stratum,code,c,boundary_bpe,65536,3,8922
train,stratum,code,c,boundary_bpe,65536,4,7134
train,stratum,code,c,boundary_bpe,65536,5,4474
train,stratum,code,c,boundary_bpe,65536,6,4935
train,stratum,code,c,boundary_bpe,65536,7,2240
train,stratum,code,c,boundary_bpe,65536,8,1932
train,stratum,code,c,boundary_bpe,65536,9,757
train,stratum,code,c,boundary_bpe,65536,10,817
train,stratum,code,c,boundary_bpe,65536,11,303
train,stratum,code,c,boundary_bpe,65536,12,103
train,stratum,code,c,boundary_bpe,65536,13,186
train,stratum,code,c,boundary_bpe,65536,14,210
train,stratum,code,c,boundary_bpe,65536,15,11
train,stratum,code,c,boundary_bpe,65536,16,187
train,stratum,code,c,boundary_bpe,65536,19,1
train,stratum,code,c,boundary_bpe,65536,22,53
train,stratum,code,c,boundary_bpe,65536,24,16
train,stratum,code,c,boundary_bpe,65536,27,41
train,stratum,code,c,boundary_bpe,65536,32,8
train,stratum,code,c,boundary_bpe,65536,42,1
train,stratum,code,c,boundary_bpe,65536,56,1
train,stratum,code,c,boundary_bpe,65536,64,12
train,stratum,code,c,boundary_bpe,65536,72,4
train,stratum,code,c,boundary_bpe,65536,76,24
train,stratum,code,cpp,boundary_bpe,65536,1,133173
train,stratum,code,cpp,boundary_bpe,65536,2,33819
train,stratum,code,cpp,boundary_bpe,65536,3,19630
train,stratum,code,cpp,boundary_bpe,65536,4,14904
train,stratum,code,cpp,boundary_bpe,65536,5,10380
train,stratum,code,cpp,boundary_bpe,65536,6,14777
train,stratum,code,cpp,boundary_bpe,65536,7,7943
train,stratum,code,cpp,boundary_bpe,65536,8,3641
train,stratum,code,cpp,boundary_bpe,65536,9,2523
train,stratum,code,cpp,boundary_bpe,65536,10,1679
train,stratum,code,cpp,boundary_bpe,65536,11,830
train,stratum,code,cpp,boundary_bpe,65536,12,394
train,stratum,code,cpp,boundary_bpe,65536,13,709
train,stratum,code,cpp,boundary_bpe,65536,14,833
train,stratum,code,cpp,boundary_bpe,65536,15,679
train,stratum,code,cpp,boundary_bpe,65536,16,304
train,stratum,code,cpp,boundary_bpe,65536,17,754
train,stratum,code,cpp,boundary_bpe,65536,18,350
train,stratum,code,cpp,boundary_bpe,65536,19,101
train,stratum,code,cpp,boundary_bpe,65536,20,174
train,stratum,code,cpp,boundary_bpe,65536,21,133
train,stratum,code,cpp,boundary_bpe,65536,22,110
train,stratum,code,cpp,boundary_bpe,65536,23,300
train,stratum,code,cpp,boundary_bpe,65536,24,75
train,stratum,code,cpp,boundary_bpe,65536,25,140
train,stratum,code,cpp,boundary_bpe,65536,27,1
train,stratum,code,cpp,boundary_bpe,65536,28,30
train,stratum,code,cpp,boundary_bpe,65536,29,237
train,stratum,code,cpp,boundary_bpe,65536,30,305
train,stratum,code,cpp,boundary_bpe,65536,31,203
train,stratum,code,cpp,boundary_bpe,65536,32,243
train,stratum,code,cpp,boundary_bpe,65536,42,2
train,stratum,code,cpp,boundary_bpe,65536,46,48
train,stratum,code,cpp,boundary_bpe,65536,47,178
train,stratum,code,cpp,boundary_bpe,65536,62,226
train,stratum,code,cpp,boundary_bpe,65536,64,9
train,stratum,code,cpp,boundary_bpe,65536,72,6
train,stratum,code,cpp,boundary_bpe,65536,80,39
train,stratum,code,go,boundary_bpe,65536,1,108607
train,stratum,code,go,boundary_bpe,65536,2,21717
train,stratum,code,go,boundary_bpe,65536,3,16338
train,stratum,code,go,boundary_bpe,65536,4,13727
train,stratum,code,go,boundary_bpe,65536,5,9364
train,stratum,code,go,boundary_bpe,65536,6,9318
train,stratum,code,go,boundary_bpe,65536,7,6971
train,stratum,code,go,boundary_bpe,65536,8,4616
train,stratum,code,go,boundary_bpe,65536,9,2416
train,stratum,code,go,boundary_bpe,65536,10,1035
train,stratum,code,go,boundary_bpe,65536,11,814
train,stratum,code,go,boundary_bpe,65536,12,599
train,stratum,code,go,boundary_bpe,65536,13,292
train,stratum,code,go,boundary_bpe,65536,14,267
train,stratum,code,go,boundary_bpe,65536,15,107
train,stratum,code,go,boundary_bpe,65536,16,101
train,stratum,code,go,boundary_bpe,65536,17,184
train,stratum,code,go,boundary_bpe,65536,18,53
train,stratum,code,go,boundary_bpe,65536,19,1
train,stratum,code,go,boundary_bpe,65536,20,91
train,stratum,code,go,boundary_bpe,65536,22,71
train,stratum,code,go,boundary_bpe,65536,23,67
train,stratum,code,go,boundary_bpe,65536,25,7
train,stratum,code,go,boundary_bpe,65536,27,56
train,stratum,code,go,boundary_bpe,65536,42,8
train,stratum,code,java,boundary_bpe,65536,1,55034
train,stratum,code,java,boundary_bpe,65536,2,4969
train,stratum,code,java,boundary_bpe,65536,3,4234
train,stratum,code,java,boundary_bpe,65536,4,4328
train,stratum,code,java,boundary_bpe,65536,5,2748
train,stratum,code,java,boundary_bpe,65536,6,2887
train,stratum,code,java,boundary_bpe,65536,7,1737
train,stratum,code,java,boundary_bpe,65536,8,1582
train,stratum,code,java,boundary_bpe,65536,9,718
train,stratum,code,java,boundary_bpe,65536,10,506
train,stratum,code,java,boundary_bpe,65536,11,264
train,stratum,code,java,boundary_bpe,65536,12,39
train,stratum,code,java,boundary_bpe,65536,13,99
train,stratum,code,java,boundary_bpe,65536,14,197
train,stratum,code,java,boundary_bpe,65536,15,54
train,stratum,code,java,boundary_bpe,65536,16,16
train,stratum,code,java,boundary_bpe,65536,17,75
train,stratum,code,java,boundary_bpe,65536,18,22
train,stratum,code,java,boundary_bpe,65536,20,54
train,stratum,code,java,boundary_bpe,65536,22,33
train,stratum,code,java,boundary_bpe,65536,26,29
train,stratum,code,java,boundary_bpe,65536,42,4
train,stratum,code,java,boundary_bpe,65536,64,2
train,stratum,code,java,boundary_bpe,65536,72,2
train,stratum,code,javascript,boundary_bpe,65536,1,26744
train,stratum,code,javascript,boundary_bpe,65536,2,9398
train,stratum,code,javascript,boundary_bpe,65536,3,4195
train,stratum,code,javascript,boundary_bpe,65536,4,2408
train,stratum,code,javascript,boundary_bpe,65536,5,1638
train,stratum,code,javascript,boundary_bpe,65536,6,1887
train,stratum,code,javascript,boundary_bpe,65536,7,1016
train,stratum,code,javascript,boundary_bpe,65536,8,493
train,stratum,code,javascript,boundary_bpe,65536,9,317
train,stratum,code,javascript,boundary_bpe,65536,10,168
train,stratum,code,javascript,boundary_bpe,65536,11,87
train,stratum,code,javascript,boundary_bpe,65536,12,18
train,stratum,code,javascript,boundary_bpe,65536,13,33
train,stratum,code,javascript,boundary_bpe,65536,14,22
train,stratum,code,javascript,boundary_bpe,65536,15,4
train,stratum,code,javascript,boundary_bpe,65536,16,103
train,stratum,code,javascript,boundary_bpe,65536,18,3
train,stratum,code,javascript,boundary_bpe,65536,19,1
train,stratum,code,javascript,boundary_bpe,65536,21,9
train,stratum,code,javascript,boundary_bpe,65536,22,38
train,stratum,code,javascript,boundary_bpe,65536,23,70
train,stratum,code,javascript,boundary_bpe,65536,25,55
train,stratum,code,javascript,boundary_bpe,65536,26,2
train,stratum,code,javascript,boundary_bpe,65536,31,60
train,stratum,code,python,boundary_bpe,65536,1,60081
train,stratum,code,python,boundary_bpe,65536,2,7094
train,stratum,code,python,boundary_bpe,65536,3,5182
train,stratum,code,python,boundary_bpe,65536,4,4604
train,stratum,code,python,boundary_bpe,65536,5,4056
train,stratum,code,python,boundary_bpe,65536,6,3475
train,stratum,code,python,boundary_bpe,65536,7,2332
train,stratum,code,python,boundary_bpe,65536,8,1201
train,stratum,code,python,boundary_bpe,65536,9,757
train,stratum,code,python,boundary_bpe,65536,10,324
train,stratum,code,python,boundary_bpe,65536,11,351
train,stratum,code,python,boundary_bpe,65536,12,40
train,stratum,code,python,boundary_bpe,65536,13,13
train,stratum,code,python,boundary_bpe,65536,14,35
train,stratum,code,python,boundary_bpe,65536,15,52
train,stratum,code,python,boundary_bpe,65536,16,26
train,stratum,code,python,boundary_bpe,65536,17,1
train,stratum,code,python,boundary_bpe,65536,19,2
train,stratum,code,python,boundary_bpe,65536,24,1
train,stratum,code,python,boundary_bpe,65536,32,18
train,stratum,code,python,boundary_bpe,65536,42,2
train,stratum,code,python,boundary_bpe,65536,48,2
train,stratum,code,python,boundary_bpe,65536,64,11
train,stratum,code,python,boundary_bpe,65536,72,1
train,stratum,code,rust,boundary_bpe,65536,1,135101
train,stratum,code,rust,boundary_bpe,65536,2,17439
train,stratum,code,rust,boundary_bpe,65536,3,15008
train,stratum,code,rust,boundary_bpe,65536,4,9686
train,stratum,code,rust,boundary_bpe,65536,5,7390
train,stratum,code,rust,boundary_bpe,65536,6,5541
train,stratum,code,rust,boundary_bpe,65536,7,3939
train,stratum,code,rust,boundary_bpe,65536,8,1954
train,stratum,code,rust,boundary_bpe,65536,9,1184
train,stratum,code,rust,boundary_bpe,65536,10,589
train,stratum,code,rust,boundary_bpe,65536,11,763
train,stratum,code,rust,boundary_bpe,65536,12,303
train,stratum,code,rust,boundary_bpe,65536,13,183
train,stratum,code,rust,boundary_bpe,65536,14,92
train,stratum,code,rust,boundary_bpe,65536,15,61
train,stratum,code,rust,boundary_bpe,65536,16,86
train,stratum,code,rust,boundary_bpe,65536,17,55
train,stratum,code,rust,boundary_bpe,65536,19,45
train,stratum,code,rust,boundary_bpe,65536,23,61
train,stratum,code,rust,boundary_bpe,65536,42,3
train,stratum,code,rust,boundary_bpe,65536,64,7
train,stratum,code,sql,boundary_bpe,65536,1,149351
train,stratum,code,sql,boundary_bpe,65536,2,87189
train,stratum,code,sql,boundary_bpe,65536,3,44094
train,stratum,code,sql,boundary_bpe,65536,4,19601
train,stratum,code,sql,boundary_bpe,65536,5,14080
train,stratum,code,sql,boundary_bpe,65536,6,10473
train,stratum,code,sql,boundary_bpe,65536,7,7783
train,stratum,code,sql,boundary_bpe,65536,8,4221
train,stratum,code,sql,boundary_bpe,65536,9,6325
train,stratum,code,sql,boundary_bpe,65536,10,4291
train,stratum,code,sql,boundary_bpe,65536,11,1375
train,stratum,code,sql,boundary_bpe,65536,12,1344
train,stratum,code,sql,boundary_bpe,65536,13,1570
train,stratum,code,sql,boundary_bpe,65536,14,762
train,stratum,code,sql,boundary_bpe,65536,15,596
train,stratum,code,sql,boundary_bpe,65536,16,364
train,stratum,code,sql,boundary_bpe,65536,17,160
train,stratum,code,sql,boundary_bpe,65536,18,163
train,stratum,code,sql,boundary_bpe,65536,19,320
train,stratum,code,sql,boundary_bpe,65536,20,333
train,stratum,code,sql,boundary_bpe,65536,24,17
train,stratum,code,sql,boundary_bpe,65536,27,174
train,stratum,code,sql,boundary_bpe,65536,43,112
train,stratum,code,sql,boundary_bpe,65536,48,2
train,stratum,code,sql,boundary_bpe,65536,56,27
train,stratum,code,sql,boundary_bpe,65536,64,1
train,stratum,code,typescript,boundary_bpe,65536,1,260122
train,stratum,code,typescript,boundary_bpe,65536,2,27396
train,stratum,code,typescript,boundary_bpe,65536,3,17687
train,stratum,code,typescript,boundary_bpe,65536,4,11467
train,stratum,code,typescript,boundary_bpe,65536,5,9048
train,stratum,code,typescript,boundary_bpe,65536,6,7984
train,stratum,code,typescript,boundary_bpe,65536,7,4640
train,stratum,code,typescript,boundary_bpe,65536,8,3849
train,stratum,code,typescript,boundary_bpe,65536,9,4976
train,stratum,code,typescript,boundary_bpe,65536,10,2539
train,stratum,code,typescript,boundary_bpe,65536,11,1009
train,stratum,code,typescript,boundary_bpe,65536,12,488
train,stratum,code,typescript,boundary_bpe,65536,13,1597
train,stratum,code,typescript,boundary_bpe,65536,14,1259
train,stratum,code,typescript,boundary_bpe,65536,15,452
train,stratum,code,typescript,boundary_bpe,65536,16,387
train,stratum,code,typescript,boundary_bpe,65536,17,187
train,stratum,code,typescript,boundary_bpe,65536,18,195
train,stratum,code,typescript,boundary_bpe,65536,19,2
train,stratum,code,typescript,boundary_bpe,65536,20,87
train,stratum,code,typescript,boundary_bpe,65536,21,143
train,stratum,code,typescript,boundary_bpe,65536,23,44
train,stratum,code,typescript,boundary_bpe,65536,26,20
train,stratum,code,typescript,boundary_bpe,65536,30,99
train,stratum,code,typescript,boundary_bpe,65536,32,12
train,stratum,code,typescript,boundary_bpe,65536,36,61
train,stratum,code,typescript,boundary_bpe,65536,42,2
train,stratum,code,typescript,boundary_bpe,65536,48,19
train,stratum,code,typescript,boundary_bpe,65536,56,15
train,stratum,code,typescript,boundary_bpe,65536,66,2
train,stratum,code,typescript,boundary_bpe,65536,69,42
train,stratum,code,typescript,boundary_bpe,65536,72,38
train,stratum,cyrillic_african,am,boundary_bpe,65536,1,31105
train,stratum,cyrillic_african,am,boundary_bpe,65536,2,1339
train,stratum,cyrillic_african,am,boundary_bpe,65536,3,30589
train,stratum,cyrillic_african,am,boundary_bpe,65536,4,499
train,stratum,cyrillic_african,am,boundary_bpe,65536,5,404
train,stratum,cyrillic_african,am,boundary_bpe,65536,6,23891
train,stratum,cyrillic_african,am,boundary_bpe,65536,7,98
train,stratum,cyrillic_african,am,boundary_bpe,65536,8,230
train,stratum,cyrillic_african,am,boundary_bpe,65536,9,7514
train,stratum,cyrillic_african,am,boundary_bpe,65536,10,4
train,stratum,cyrillic_african,am,boundary_bpe,65536,11,87
train,stratum,cyrillic_african,am,boundary_bpe,65536,12,2445
train,stratum,cyrillic_african,am,boundary_bpe,65536,13,1
train,stratum,cyrillic_african,am,boundary_bpe,65536,14,10
train,stratum,cyrillic_african,am,boundary_bpe,65536,15,753
train,stratum,cyrillic_african,am,boundary_bpe,65536,18,275
train,stratum,cyrillic_african,am,boundary_bpe,65536,21,21
train,stratum,cyrillic_african,am,boundary_bpe,65536,24,13
train,stratum,cyrillic_african,bg,boundary_bpe,65536,1,23314
train,stratum,cyrillic_african,bg,boundary_bpe,65536,2,6594
train,stratum,cyrillic_african,bg,boundary_bpe,65536,3,1630
train,stratum,cyrillic_african,bg,boundary_bpe,65536,4,14596
train,stratum,cyrillic_african,bg,boundary_bpe,65536,5,1155
train,stratum,cyrillic_african,bg,boundary_bpe,65536,6,7131
train,stratum,cyrillic_african,bg,boundary_bpe,65536,7,235
train,stratum,cyrillic_african,bg,boundary_bpe,65536,8,5351
train,stratum,cyrillic_african,bg,boundary_bpe,65536,9,119
train,stratum,cyrillic_african,bg,boundary_bpe,65536,10,2622
train,stratum,cyrillic_african,bg,boundary_bpe,65536,11,17
train,stratum,cyrillic_african,bg,boundary_bpe,65536,12,1221
train,stratum,cyrillic_african,bg,boundary_bpe,65536,14,497
train,stratum,cyrillic_african,bg,boundary_bpe,65536,16,258
train,stratum,cyrillic_african,bg,boundary_bpe,65536,17,2
train,stratum,cyrillic_african,bg,boundary_bpe,65536,18,121
train,stratum,cyrillic_african,bg,boundary_bpe,65536,20,38
train,stratum,cyrillic_african,bg,boundary_bpe,65536,22,12
train,stratum,cyrillic_african,ru,boundary_bpe,65536,1,18568
train,stratum,cyrillic_african,ru,boundary_bpe,65536,2,6142
train,stratum,cyrillic_african,ru,boundary_bpe,65536,3,1256
train,stratum,cyrillic_african,ru,boundary_bpe,65536,4,11124
train,stratum,cyrillic_african,ru,boundary_bpe,65536,5,863
train,stratum,cyrillic_african,ru,boundary_bpe,65536,6,8024
train,stratum,cyrillic_african,ru,boundary_bpe,65536,7,271
train,stratum,cyrillic_african,ru,boundary_bpe,65536,8,4829
train,stratum,cyrillic_african,ru,boundary_bpe,65536,9,80
train,stratum,cyrillic_african,ru,boundary_bpe,65536,10,2684
train,stratum,cyrillic_african,ru,boundary_bpe,65536,11,21
train,stratum,cyrillic_african,ru,boundary_bpe,65536,12,1310
train,stratum,cyrillic_african,ru,boundary_bpe,65536,13,43
train,stratum,cyrillic_african,ru,boundary_bpe,65536,14,517
train,stratum,cyrillic_african,ru,boundary_bpe,65536,15,3
train,stratum,cyrillic_african,ru,boundary_bpe,65536,16,277
train,stratum,cyrillic_african,ru,boundary_bpe,65536,17,2
train,stratum,cyrillic_african,ru,boundary_bpe,65536,18,118
train,stratum,cyrillic_african,ru,boundary_bpe,65536,20,49
train,stratum,cyrillic_african,ru,boundary_bpe,65536,22,23
train,stratum,cyrillic_african,ru,boundary_bpe,65536,24,8
train,stratum,cyrillic_african,ru,boundary_bpe,65536,26,5
train,stratum,cyrillic_african,sw,boundary_bpe,65536,1,51544
train,stratum,cyrillic_african,sw,boundary_bpe,65536,2,22527
train,stratum,cyrillic_african,sw,boundary_bpe,65536,3,16429
train,stratum,cyrillic_african,sw,boundary_bpe,65536,4,11744
train,stratum,cyrillic_african,sw,boundary_bpe,65536,5,6309
train,stratum,cyrillic_african,sw,boundary_bpe,65536,6,5922
train,stratum,cyrillic_african,sw,boundary_bpe,65536,7,2311
train,stratum,cyrillic_african,sw,boundary_bpe,65536,8,1532
train,stratum,cyrillic_african,sw,boundary_bpe,65536,9,777
train,stratum,cyrillic_african,sw,boundary_bpe,65536,10,295
train,stratum,cyrillic_african,sw,boundary_bpe,65536,11,169
train,stratum,cyrillic_african,sw,boundary_bpe,65536,12,83
train,stratum,cyrillic_african,sw,boundary_bpe,65536,13,128
train,stratum,cyrillic_african,sw,boundary_bpe,65536,18,1
train,stratum,cyrillic_african,uk,boundary_bpe,65536,1,14936
train,stratum,cyrillic_african,uk,boundary_bpe,65536,2,5362
train,stratum,cyrillic_african,uk,boundary_bpe,65536,3,1068
train,stratum,cyrillic_african,uk,boundary_bpe,65536,4,10000
train,stratum,cyrillic_african,uk,boundary_bpe,65536,5,700
train,stratum,cyrillic_african,uk,boundary_bpe,65536,6,6132
train,stratum,cyrillic_african,uk,boundary_bpe,65536,7,211
train,stratum,cyrillic_african,uk,boundary_bpe,65536,8,3798
train,stratum,cyrillic_african,uk,boundary_bpe,65536,9,62
train,stratum,cyrillic_african,uk,boundary_bpe,65536,10,1993
train,stratum,cyrillic_african,uk,boundary_bpe,65536,11,6
train,stratum,cyrillic_african,uk,boundary_bpe,65536,12,1035
train,stratum,cyrillic_african,uk,boundary_bpe,65536,14,382
train,stratum,cyrillic_african,uk,boundary_bpe,65536,15,9
train,stratum,cyrillic_african,uk,boundary_bpe,65536,16,188
train,stratum,cyrillic_african,uk,boundary_bpe,65536,18,84
train,stratum,cyrillic_african,uk,boundary_bpe,65536,20,16
train,stratum,cyrillic_african,uk,boundary_bpe,65536,22,11
train,stratum,cyrillic_african,uk,boundary_bpe,65536,24,7
train,stratum,cyrillic_african,yo,boundary_bpe,65536,1,28006
train,stratum,cyrillic_african,yo,boundary_bpe,65536,2,8472
train,stratum,cyrillic_african,yo,boundary_bpe,65536,3,6599
train,stratum,cyrillic_african,yo,boundary_bpe,65536,4,5518
train,stratum,cyrillic_african,yo,boundary_bpe,65536,5,2152
train,stratum,cyrillic_african,yo,boundary_bpe,65536,6,3169
train,stratum,cyrillic_african,yo,boundary_bpe,65536,7,1544
train,stratum,cyrillic_african,yo,boundary_bpe,65536,8,615
train,stratum,cyrillic_african,yo,boundary_bpe,65536,9,477
train,stratum,cyrillic_african,yo,boundary_bpe,65536,10,302
train,stratum,cyrillic_african,yo,boundary_bpe,65536,11,245
train,stratum,cyrillic_african,yo,boundary_bpe,65536,12,57
train,stratum,cyrillic_african,yo,boundary_bpe,65536,13,88
train,stratum,cyrillic_african,yo,boundary_bpe,65536,14,26
train,stratum,cyrillic_african,yo,boundary_bpe,65536,15,66
train,stratum,cyrillic_african,yo,boundary_bpe,65536,16,8
train,stratum,cyrillic_african,yo,boundary_bpe,65536,18,3
train,stratum,indic_cjk_arabic,ar,boundary_bpe,65536,1,20833
train,stratum,indic_cjk_arabic,ar,boundary_bpe,65536,2,8587
train,stratum,indic_cjk_arabic,ar,boundary_bpe,65536,3,714
train,stratum,indic_cjk_arabic,ar,boundary_bpe,65536,4,16329
train,stratum,indic_cjk_arabic,ar,boundary_bpe,65536,5,236
train,stratum,indic_cjk_arabic,ar,boundary_bpe,65536,6,9807
train,stratum,indic_cjk_arabic,ar,boundary_bpe,65536,7,67
train,stratum,indic_cjk_arabic,ar,boundary_bpe,65536,8,3311
train,stratum,indic_cjk_arabic,ar,boundary_bpe,65536,9,17
train,stratum,indic_cjk_arabic,ar,boundary_bpe,65536,10,1301
train,stratum,indic_cjk_arabic,ar,boundary_bpe,65536,12,405
train,stratum,indic_cjk_arabic,ar,boundary_bpe,65536,13,2
train,stratum,indic_cjk_arabic,ar,boundary_bpe,65536,14,208
train,stratum,indic_cjk_arabic,ar,boundary_bpe,65536,16,77
train,stratum,indic_cjk_arabic,ar,boundary_bpe,65536,18,32
train,stratum,indic_cjk_arabic,ar,boundary_bpe,65536,20,3
train,stratum,indic_cjk_arabic,bn,boundary_bpe,65536,1,16605
train,stratum,indic_cjk_arabic,bn,boundary_bpe,65536,2,450
train,stratum,indic_cjk_arabic,bn,boundary_bpe,65536,3,8161
train,stratum,indic_cjk_arabic,bn,boundary_bpe,65536,4,208
train,stratum,indic_cjk_arabic,bn,boundary_bpe,65536,5,231
train,stratum,indic_cjk_arabic,bn,boundary_bpe,65536,6,11196
train,stratum,indic_cjk_arabic,bn,boundary_bpe,65536,7,106
train,stratum,indic_cjk_arabic,bn,boundary_bpe,65536,8,39
train,stratum,indic_cjk_arabic,bn,boundary_bpe,65536,9,7040
train,stratum,indic_cjk_arabic,bn,boundary_bpe,65536,10,41
train,stratum,indic_cjk_arabic,bn,boundary_bpe,65536,11,17
train,stratum,indic_cjk_arabic,bn,boundary_bpe,65536,12,3884
train,stratum,indic_cjk_arabic,bn,boundary_bpe,65536,13,24
train,stratum,indic_cjk_arabic,bn,boundary_bpe,65536,14,14
train,stratum,indic_cjk_arabic,bn,boundary_bpe,65536,15,1652
train,stratum,indic_cjk_arabic,bn,boundary_bpe,65536,16,2
train,stratum,indic_cjk_arabic,bn,boundary_bpe,65536,17,8
train,stratum,indic_cjk_arabic,bn,boundary_bpe,65536,18,796
train,stratum,indic_cjk_arabic,bn,boundary_bpe,65536,21,454
train,stratum,indic_cjk_arabic,bn,boundary_bpe,65536,24,182
train,stratum,indic_cjk_arabic,bn,boundary_bpe,65536,27,33
train,stratum,indic_cjk_arabic,bn,boundary_bpe,65536,30,26
train,stratum,indic_cjk_arabic,bn,boundary_bpe,65536,36,1
train,stratum,indic_cjk_arabic,bn,boundary_bpe,65536,39,21
train,stratum,indic_cjk_arabic,fa,boundary_bpe,65536,1,21979
train,stratum,indic_cjk_arabic,fa,boundary_bpe,65536,2,5121
train,stratum,indic_cjk_arabic,fa,boundary_bpe,65536,3,544
train,stratum,indic_cjk_arabic,fa,boundary_bpe,65536,4,11239
train,stratum,indic_cjk_arabic,fa,boundary_bpe,65536,5,198
train,stratum,indic_cjk_arabic,fa,boundary_bpe,65536,6,6937
train,stratum,indic_cjk_arabic,fa,boundary_bpe,65536,7,432
train,stratum,indic_cjk_arabic,fa,boundary_bpe,65536,8,4029
train,stratum,indic_cjk_arabic,fa,boundary_bpe,65536,9,320
train,stratum,indic_cjk_arabic,fa,boundary_bpe,65536,10,2124
train,stratum,indic_cjk_arabic,fa,boundary_bpe,65536,11,107
train,stratum,indic_cjk_arabic,fa,boundary_bpe,65536,12,628
train,stratum,indic_cjk_arabic,fa,boundary_bpe,65536,13,36
train,stratum,indic_cjk_arabic,fa,boundary_bpe,65536,14,433
train,stratum,indic_cjk_arabic,fa,boundary_bpe,65536,15,39
train,stratum,indic_cjk_arabic,fa,boundary_bpe,65536,16,20
train,stratum,indic_cjk_arabic,fa,boundary_bpe,65536,17,19
train,stratum,indic_cjk_arabic,fa,boundary_bpe,65536,18,4
train,stratum,indic_cjk_arabic,fa,boundary_bpe,65536,19,8
train,stratum,indic_cjk_arabic,fa,boundary_bpe,65536,20,1
train,stratum,indic_cjk_arabic,fa,boundary_bpe,65536,25,49
train,stratum,indic_cjk_arabic,gu,boundary_bpe,65536,1,19245
train,stratum,indic_cjk_arabic,gu,boundary_bpe,65536,2,764
train,stratum,indic_cjk_arabic,gu,boundary_bpe,65536,3,8399
train,stratum,indic_cjk_arabic,gu,boundary_bpe,65536,4,263
train,stratum,indic_cjk_arabic,gu,boundary_bpe,65536,5,110
train,stratum,indic_cjk_arabic,gu,boundary_bpe,65536,6,13584
train,stratum,indic_cjk_arabic,gu,boundary_bpe,65536,7,544
train,stratum,indic_cjk_arabic,gu,boundary_bpe,65536,8,40
train,stratum,indic_cjk_arabic,gu,boundary_bpe,65536,9,6677
train,stratum,indic_cjk_arabic,gu,boundary_bpe,65536,10,139
train,stratum,indic_cjk_arabic,gu,boundary_bpe,65536,11,3
train,stratum,indic_cjk_arabic,gu,boundary_bpe,65536,12,2930
train,stratum,indic_cjk_arabic,gu,boundary_bpe,65536,13,51
train,stratum,indic_cjk_arabic,gu,boundary_bpe,65536,15,1236
train,stratum,indic_cjk_arabic,gu,boundary_bpe,65536,16,1
train,stratum,indic_cjk_arabic,gu,boundary_bpe,65536,18,621
train,stratum,indic_cjk_arabic,gu,boundary_bpe,65536,21,193
train,stratum,indic_cjk_arabic,gu,boundary_bpe,65536,24,76
train,stratum,indic_cjk_arabic,gu,boundary_bpe,65536,27,3
train,stratum,indic_cjk_arabic,hi,boundary_bpe,65536,1,27917
train,stratum,indic_cjk_arabic,hi,boundary_bpe,65536,2,779
train,stratum,indic_cjk_arabic,hi,boundary_bpe,65536,3,6793
train,stratum,indic_cjk_arabic,hi,boundary_bpe,65536,4,315
train,stratum,indic_cjk_arabic,hi,boundary_bpe,65536,5,193
train,stratum,indic_cjk_arabic,hi,boundary_bpe,65536,6,18386
train,stratum,indic_cjk_arabic,hi,boundary_bpe,65536,7,448
train,stratum,indic_cjk_arabic,hi,boundary_bpe,65536,8,33
train,stratum,indic_cjk_arabic,hi,boundary_bpe,65536,9,7885
train,stratum,indic_cjk_arabic,hi,boundary_bpe,65536,10,214
train,stratum,indic_cjk_arabic,hi,boundary_bpe,65536,11,63
train,stratum,indic_cjk_arabic,hi,boundary_bpe,65536,12,5078
train,stratum,indic_cjk_arabic,hi,boundary_bpe,65536,13,6
train,stratum,indic_cjk_arabic,hi,boundary_bpe,65536,14,37
train,stratum,indic_cjk_arabic,hi,boundary_bpe,65536,15,1464
train,stratum,indic_cjk_arabic,hi,boundary_bpe,65536,18,624
train,stratum,indic_cjk_arabic,hi,boundary_bpe,65536,20,4
train,stratum,indic_cjk_arabic,hi,boundary_bpe,65536,21,251
train,stratum,indic_cjk_arabic,hi,boundary_bpe,65536,24,67
train,stratum,indic_cjk_arabic,hi,boundary_bpe,65536,27,34
train,stratum,indic_cjk_arabic,hi,boundary_bpe,65536,30,15
train,stratum,indic_cjk_arabic,hi,boundary_bpe,65536,33,2
train,stratum,indic_cjk_arabic,ja,boundary_bpe,65536,1,15546
train,stratum,indic_cjk_arabic,ja,boundary_bpe,65536,2,5707
train,stratum,indic_cjk_arabic,ja,boundary_bpe,65536,3,39496
train,stratum,indic_cjk_arabic,ja,boundary_bpe,65536,4,1023
train,stratum,indic_cjk_arabic,ja,boundary_bpe,65536,5,406
train,stratum,indic_cjk_arabic,ja,boundary_bpe,65536,6,14241
train,stratum,indic_cjk_arabic,ja,boundary_bpe,65536,7,363
train,stratum,indic_cjk_arabic,ja,boundary_bpe,65536,8,60
train,stratum,indic_cjk_arabic,ja,boundary_bpe,65536,9,4637
train,stratum,indic_cjk_arabic,ja,boundary_bpe,65536,10,33
train,stratum,indic_cjk_arabic,ja,boundary_bpe,65536,11,8
train,stratum,indic_cjk_arabic,ja,boundary_bpe,65536,12,1650
train,stratum,indic_cjk_arabic,ja,boundary_bpe,65536,13,1
train,stratum,indic_cjk_arabic,ja,boundary_bpe,65536,15,636
train,stratum,indic_cjk_arabic,ja,boundary_bpe,65536,16,1
train,stratum,indic_cjk_arabic,ja,boundary_bpe,65536,17,12
train,stratum,indic_cjk_arabic,ja,boundary_bpe,65536,18,286
train,stratum,indic_cjk_arabic,ja,boundary_bpe,65536,21,50
train,stratum,indic_cjk_arabic,ja,boundary_bpe,65536,24,21
train,stratum,indic_cjk_arabic,kn,boundary_bpe,65536,1,26040
train,stratum,indic_cjk_arabic,kn,boundary_bpe,65536,2,3907
train,stratum,indic_cjk_arabic,kn,boundary_bpe,65536,3,13525
train,stratum,indic_cjk_arabic,kn,boundary_bpe,65536,4,372
train,stratum,indic_cjk_arabic,kn,boundary_bpe,65536,5,112
train,stratum,indic_cjk_arabic,kn,boundary_bpe,65536,6,17485
train,stratum,indic_cjk_arabic,kn,boundary_bpe,65536,7,410
train,stratum,indic_cjk_arabic,kn,boundary_bpe,65536,8,40
train,stratum,indic_cjk_arabic,kn,boundary_bpe,65536,9,9879
train,stratum,indic_cjk_arabic,kn,boundary_bpe,65536,10,315
train,stratum,indic_cjk_arabic,kn,boundary_bpe,65536,11,2
train,stratum,indic_cjk_arabic,kn,boundary_bpe,65536,12,6450
train,stratum,indic_cjk_arabic,kn,boundary_bpe,65536,13,130
train,stratum,indic_cjk_arabic,kn,boundary_bpe,65536,15,3432
train,stratum,indic_cjk_arabic,kn,boundary_bpe,65536,16,63
train,stratum,indic_cjk_arabic,kn,boundary_bpe,65536,18,1454
train,stratum,indic_cjk_arabic,kn,boundary_bpe,65536,19,160
train,stratum,indic_cjk_arabic,kn,boundary_bpe,65536,21,409
train,stratum,indic_cjk_arabic,kn,boundary_bpe,65536,22,97
train,stratum,indic_cjk_arabic,kn,boundary_bpe,65536,24,114
train,stratum,indic_cjk_arabic,kn,boundary_bpe,65536,25,47
train,stratum,indic_cjk_arabic,kn,boundary_bpe,65536,27,50
train,stratum,indic_cjk_arabic,kn,boundary_bpe,65536,28,13
train,stratum,indic_cjk_arabic,kn,boundary_bpe,65536,30,8
train,stratum,indic_cjk_arabic,kn,boundary_bpe,65536,33,5
train,stratum,indic_cjk_arabic,kn,boundary_bpe,65536,36,9
train,stratum,indic_cjk_arabic,kn,boundary_bpe,65536,42,76
train,stratum,indic_cjk_arabic,ko,boundary_bpe,65536,1,21200
train,stratum,indic_cjk_arabic,ko,boundary_bpe,65536,2,962
train,stratum,indic_cjk_arabic,ko,boundary_bpe,65536,3,27561
train,stratum,indic_cjk_arabic,ko,boundary_bpe,65536,4,575
train,stratum,indic_cjk_arabic,ko,boundary_bpe,65536,5,121
train,stratum,indic_cjk_arabic,ko,boundary_bpe,65536,6,11276
train,stratum,indic_cjk_arabic,ko,boundary_bpe,65536,7,358
train,stratum,indic_cjk_arabic,ko,boundary_bpe,65536,8,19
train,stratum,indic_cjk_arabic,ko,boundary_bpe,65536,9,1290
train,stratum,indic_cjk_arabic,ko,boundary_bpe,65536,10,252
train,stratum,indic_cjk_arabic,ko,boundary_bpe,65536,11,3
train,stratum,indic_cjk_arabic,ko,boundary_bpe,65536,12,507
train,stratum,indic_cjk_arabic,ko,boundary_bpe,65536,13,77
train,stratum,indic_cjk_arabic,ko,boundary_bpe,65536,15,51
train,stratum,indic_cjk_arabic,ko,boundary_bpe,65536,16,9
train,stratum,indic_cjk_arabic,ml,boundary_bpe,65536,1,7978
train,stratum,indic_cjk_arabic,ml,boundary_bpe,65536,2,659
train,stratum,indic_cjk_arabic,ml,boundary_bpe,65536,3,5961
train,stratum,indic_cjk_arabic,ml,boundary_bpe,65536,4,394
train,stratum,indic_cjk_arabic,ml,boundary_bpe,65536,5,143
train,stratum,indic_cjk_arabic,ml,boundary_bpe,65536,6,6199
train,stratum,indic_cjk_arabic,ml,boundary_bpe,65536,7,149
train,stratum,indic_cjk_arabic,ml,boundary_bpe,65536,8,26
train,stratum,indic_cjk_arabic,ml,boundary_bpe,65536,9,3950
train,stratum,indic_cjk_arabic,ml,boundary_bpe,65536,10,29
train,stratum,indic_cjk_arabic,ml,boundary_bpe,65536,12,2782
train,stratum,indic_cjk_arabic,ml,boundary_bpe,65536,13,74
train,stratum,indic_cjk_arabic,ml,boundary_bpe,65536,15,1491
train,stratum,indic_cjk_arabic,ml,boundary_bpe,65536,16,31
train,stratum,indic_cjk_arabic,ml,boundary_bpe,65536,18,709
train,stratum,indic_cjk_arabic,ml,boundary_bpe,65536,19,31
train,stratum,indic_cjk_arabic,ml,boundary_bpe,65536,21,424
train,stratum,indic_cjk_arabic,ml,boundary_bpe,65536,22,4
train,stratum,indic_cjk_arabic,ml,boundary_bpe,65536,24,92
train,stratum,indic_cjk_arabic,ml,boundary_bpe,65536,25,3
train,stratum,indic_cjk_arabic,ml,boundary_bpe,65536,27,82
train,stratum,indic_cjk_arabic,ml,boundary_bpe,65536,28,15
train,stratum,indic_cjk_arabic,ml,boundary_bpe,65536,30,6
train,stratum,indic_cjk_arabic,ml,boundary_bpe,65536,33,4
train,stratum,indic_cjk_arabic,ml,boundary_bpe,65536,34,5
train,stratum,indic_cjk_arabic,mr,boundary_bpe,65536,1,22072
train,stratum,indic_cjk_arabic,mr,boundary_bpe,65536,2,724
train,stratum,indic_cjk_arabic,mr,boundary_bpe,65536,3,8474
train,stratum,indic_cjk_arabic,mr,boundary_bpe,65536,4,419
train,stratum,indic_cjk_arabic,mr,boundary_bpe,65536,5,159
train,stratum,indic_cjk_arabic,mr,boundary_bpe,65536,6,15752
train,stratum,indic_cjk_arabic,mr,boundary_bpe,65536,7,353
train,stratum,indic_cjk_arabic,mr,boundary_bpe,65536,8,52
train,stratum,indic_cjk_arabic,mr,boundary_bpe,65536,9,7590
train,stratum,indic_cjk_arabic,mr,boundary_bpe,65536,10,398
train,stratum,indic_cjk_arabic,mr,boundary_bpe,65536,11,52
train,stratum,indic_cjk_arabic,mr,boundary_bpe,65536,12,4893
train,stratum,indic_cjk_arabic,mr,boundary_bpe,65536,13,271
train,stratum,indic_cjk_arabic,mr,boundary_bpe,65536,15,1864
train,stratum,indic_cjk_arabic,mr,boundary_bpe,65536,16,20
train,stratum,indic_cjk_arabic,mr,boundary_bpe,65536,18,1587
train,stratum,indic_cjk_arabic,mr,boundary_bpe,65536,21,499
train,stratum,indic_cjk_arabic,mr,boundary_bpe,65536,24,308
train,stratum,indic_cjk_arabic,mr,boundary_bpe,65536,27,83
train,stratum,indic_cjk_arabic,mr,boundary_bpe,65536,30,22
train,stratum,indic_cjk_arabic,mr,boundary_bpe,65536,33,19
train,stratum,indic_cjk_arabic,mr,boundary_bpe,65536,36,5
train,stratum,indic_cjk_arabic,ta,boundary_bpe,65536,1,10731
train,stratum,indic_cjk_arabic,ta,boundary_bpe,65536,2,461
train,stratum,indic_cjk_arabic,ta,boundary_bpe,65536,3,4648
train,stratum,indic_cjk_arabic,ta,boundary_bpe,65536,4,256
train,stratum,indic_cjk_arabic,ta,boundary_bpe,65536,5,97
train,stratum,indic_cjk_arabic,ta,boundary_bpe,65536,6,7632
train,stratum,indic_cjk_arabic,ta,boundary_bpe,65536,7,281
train,stratum,indic_cjk_arabic,ta,boundary_bpe,65536,8,17
train,stratum,indic_cjk_arabic,ta,boundary_bpe,65536,9,5069
train,stratum,indic_cjk_arabic,ta,boundary_bpe,65536,10,206
train,stratum,indic_cjk_arabic,ta,boundary_bpe,65536,11,2
train,stratum,indic_cjk_arabic,ta,boundary_bpe,65536,12,3882
train,stratum,indic_cjk_arabic,ta,boundary_bpe,65536,13,38
train,stratum,indic_cjk_arabic,ta,boundary_bpe,65536,15,1867
train,stratum,indic_cjk_arabic,ta,boundary_bpe,65536,16,63
train,stratum,indic_cjk_arabic,ta,boundary_bpe,65536,18,1136
train,stratum,indic_cjk_arabic,ta,boundary_bpe,65536,19,30
train,stratum,indic_cjk_arabic,ta,boundary_bpe,65536,21,508
train,stratum,indic_cjk_arabic,ta,boundary_bpe,65536,22,5
train,stratum,indic_cjk_arabic,ta,boundary_bpe,65536,24,224
train,stratum,indic_cjk_arabic,ta,boundary_bpe,65536,25,20
train,stratum,indic_cjk_arabic,ta,boundary_bpe,65536,27,86
train,stratum,indic_cjk_arabic,ta,boundary_bpe,65536,30,9
train,stratum,indic_cjk_arabic,ta,boundary_bpe,65536,33,5
train,stratum,indic_cjk_arabic,ta,boundary_bpe,65536,39,3
train,stratum,indic_cjk_arabic,te,boundary_bpe,65536,1,15450
train,stratum,indic_cjk_arabic,te,boundary_bpe,65536,2,893
train,stratum,indic_cjk_arabic,te,boundary_bpe,65536,3,7598
train,stratum,indic_cjk_arabic,te,boundary_bpe,65536,4,291
train,stratum,indic_cjk_arabic,te,boundary_bpe,65536,5,128
train,stratum,indic_cjk_arabic,te,boundary_bpe,65536,6,14848
train,stratum,indic_cjk_arabic,te,boundary_bpe,65536,7,332
train,stratum,indic_cjk_arabic,te,boundary_bpe,65536,8,31
train,stratum,indic_cjk_arabic,te,boundary_bpe,65536,9,5336
train,stratum,indic_cjk_arabic,te,boundary_bpe,65536,10,148
train,stratum,indic_cjk_arabic,te,boundary_bpe,65536,11,7
train,stratum,indic_cjk_arabic,te,boundary_bpe,65536,12,4471
train,stratum,indic_cjk_arabic,te,boundary_bpe,65536,13,65
train,stratum,indic_cjk_arabic,te,boundary_bpe,65536,15,1602
train,stratum,indic_cjk_arabic,te,boundary_bpe,65536,16,84
train,stratum,indic_cjk_arabic,te,boundary_bpe,65536,18,1023
train,stratum,indic_cjk_arabic,te,boundary_bpe,65536,19,96
train,stratum,indic_cjk_arabic,te,boundary_bpe,65536,21,229
train,stratum,indic_cjk_arabic,te,boundary_bpe,65536,22,105
train,stratum,indic_cjk_arabic,te,boundary_bpe,65536,24,195
train,stratum,indic_cjk_arabic,te,boundary_bpe,65536,25,29
train,stratum,indic_cjk_arabic,te,boundary_bpe,65536,27,154
train,stratum,indic_cjk_arabic,te,boundary_bpe,65536,30,4
train,stratum,indic_cjk_arabic,te,boundary_bpe,65536,31,7
train,stratum,indic_cjk_arabic,ur,boundary_bpe,65536,1,52915
train,stratum,indic_cjk_arabic,ur,boundary_bpe,65536,2,10762
train,stratum,indic_cjk_arabic,ur,boundary_bpe,65536,3,753
train,stratum,indic_cjk_arabic,ur,boundary_bpe,65536,4,29240
train,stratum,indic_cjk_arabic,ur,boundary_bpe,65536,5,190
train,stratum,indic_cjk_arabic,ur,boundary_bpe,65536,6,18128
train,stratum,indic_cjk_arabic,ur,boundary_bpe,65536,7,105
train,stratum,indic_cjk_arabic,ur,boundary_bpe,65536,8,9574
train,stratum,indic_cjk_arabic,ur,boundary_bpe,65536,9,22
train,stratum,indic_cjk_arabic,ur,boundary_bpe,65536,10,3133
train,stratum,indic_cjk_arabic,ur,boundary_bpe,65536,11,4
train,stratum,indic_cjk_arabic,ur,boundary_bpe,65536,12,1006
train,stratum,indic_cjk_arabic,ur,boundary_bpe,65536,13,2
train,stratum,indic_cjk_arabic,ur,boundary_bpe,65536,14,391
train,stratum,indic_cjk_arabic,ur,boundary_bpe,65536,16,27
train,stratum,indic_cjk_arabic,ur,boundary_bpe,65536,19,3
train,stratum,indic_cjk_arabic,zh,boundary_bpe,65536,1,27870
train,stratum,indic_cjk_arabic,zh,boundary_bpe,65536,2,5211
train,stratum,indic_cjk_arabic,zh,boundary_bpe,65536,3,62634
train,stratum,indic_cjk_arabic,zh,boundary_bpe,65536,4,2563
train,stratum,indic_cjk_arabic,zh,boundary_bpe,65536,5,459
train,stratum,indic_cjk_arabic,zh,boundary_bpe,65536,6,27730
train,stratum,indic_cjk_arabic,zh,boundary_bpe,65536,7,693
train,stratum,indic_cjk_arabic,zh,boundary_bpe,65536,8,1413
train,stratum,indic_cjk_arabic,zh,boundary_bpe,65536,9,4885
train,stratum,indic_cjk_arabic,zh,boundary_bpe,65536,10,1195
train,stratum,indic_cjk_arabic,zh,boundary_bpe,65536,11,230
train,stratum,indic_cjk_arabic,zh,boundary_bpe,65536,12,3750
train,stratum,indic_cjk_arabic,zh,boundary_bpe,65536,13,636
train,stratum,indic_cjk_arabic,zh,boundary_bpe,65536,14,126
train,stratum,indic_cjk_arabic,zh,boundary_bpe,65536,15,1602
train,stratum,indic_cjk_arabic,zh,boundary_bpe,65536,16,112
train,stratum,indic_cjk_arabic,zh,boundary_bpe,65536,17,33
train,stratum,indic_cjk_arabic,zh,boundary_bpe,65536,18,868
train,stratum,indic_cjk_arabic,zh,boundary_bpe,65536,19,277
train,stratum,indic_cjk_arabic,zh,boundary_bpe,65536,21,1024
train,stratum,indic_cjk_arabic,zh,boundary_bpe,65536,24,282
train,stratum,indic_cjk_arabic,zh,boundary_bpe,65536,33,56
train,stratum,latin_english,en,boundary_bpe,65536,1,22798
train,stratum,latin_english,en,boundary_bpe,65536,2,5345
train,stratum,latin_english,en,boundary_bpe,65536,3,6154
train,stratum,latin_english,en,boundary_bpe,65536,4,4652
train,stratum,latin_english,en,boundary_bpe,65536,5,2706
train,stratum,latin_english,en,boundary_bpe,65536,6,2146
train,stratum,latin_english,en,boundary_bpe,65536,7,1579
train,stratum,latin_english,en,boundary_bpe,65536,8,989
train,stratum,latin_english,en,boundary_bpe,65536,9,685
train,stratum,latin_english,en,boundary_bpe,65536,10,356
train,stratum,latin_english,en,boundary_bpe,65536,11,168
train,stratum,latin_english,en,boundary_bpe,65536,12,67
train,stratum,latin_english,en,boundary_bpe,65536,13,38
train,stratum,latin_english,en,boundary_bpe,65536,14,7
train,stratum,latin_english,en,boundary_bpe,65536,15,3
train,language,,am,boundary_bpe,65536,1,31105
train,language,,am,boundary_bpe,65536,2,1339
train,language,,am,boundary_bpe,65536,3,30589
train,language,,am,boundary_bpe,65536,4,499
train,language,,am,boundary_bpe,65536,5,404
train,language,,am,boundary_bpe,65536,6,23891
train,language,,am,boundary_bpe,65536,7,98
train,language,,am,boundary_bpe,65536,8,230
train,language,,am,boundary_bpe,65536,9,7514
train,language,,am,boundary_bpe,65536,10,4
train,language,,am,boundary_bpe,65536,11,87
train,language,,am,boundary_bpe,65536,12,2445
train,language,,am,boundary_bpe,65536,13,1
train,language,,am,boundary_bpe,65536,14,10
train,language,,am,boundary_bpe,65536,15,753
train,language,,am,boundary_bpe,65536,18,275
train,language,,am,boundary_bpe,65536,21,21
train,language,,am,boundary_bpe,65536,24,13
train,language,,ar,boundary_bpe,65536,1,20833
train,language,,ar,boundary_bpe,65536,2,8587
train,language,,ar,boundary_bpe,65536,3,714
train,language,,ar,boundary_bpe,65536,4,16329
train,language,,ar,boundary_bpe,65536,5,236
train,language,,ar,boundary_bpe,65536,6,9807
train,language,,ar,boundary_bpe,65536,7,67
train,language,,ar,boundary_bpe,65536,8,3311
train,language,,ar,boundary_bpe,65536,9,17
train,language,,ar,boundary_bpe,65536,10,1301
train,language,,ar,boundary_bpe,65536,12,405
train,language,,ar,boundary_bpe,65536,13,2
train,language,,ar,boundary_bpe,65536,14,208
train,language,,ar,boundary_bpe,65536,16,77
train,language,,ar,boundary_bpe,65536,18,32
train,language,,ar,boundary_bpe,65536,20,3
train,language,,bg,boundary_bpe,65536,1,23314
train,language,,bg,boundary_bpe,65536,2,6594
train,language,,bg,boundary_bpe,65536,3,1630
train,language,,bg,boundary_bpe,65536,4,14596
train,language,,bg,boundary_bpe,65536,5,1155
train,language,,bg,boundary_bpe,65536,6,7131
train,language,,bg,boundary_bpe,65536,7,235
train,language,,bg,boundary_bpe,65536,8,5351
train,language,,bg,boundary_bpe,65536,9,119
train,language,,bg,boundary_bpe,65536,10,2622
train,language,,bg,boundary_bpe,65536,11,17
train,language,,bg,boundary_bpe,65536,12,1221
train,language,,bg,boundary_bpe,65536,14,497
train,language,,bg,boundary_bpe,65536,16,258
train,language,,bg,boundary_bpe,65536,17,2
train,language,,bg,boundary_bpe,65536,18,121
train,language,,bg,boundary_bpe,65536,20,38
train,language,,bg,boundary_bpe,65536,22,12
train,language,,bn,boundary_bpe,65536,1,16605
train,language,,bn,boundary_bpe,65536,2,450
train,language,,bn,boundary_bpe,65536,3,8161
train,language,,bn,boundary_bpe,65536,4,208
train,language,,bn,boundary_bpe,65536,5,231
train,language,,bn,boundary_bpe,65536,6,11196
train,language,,bn,boundary_bpe,65536,7,106
train,language,,bn,boundary_bpe,65536,8,39
train,language,,bn,boundary_bpe,65536,9,7040
train,language,,bn,boundary_bpe,65536,10,41
train,language,,bn,boundary_bpe,65536,11,17
train,language,,bn,boundary_bpe,65536,12,3884
train,language,,bn,boundary_bpe,65536,13,24
train,language,,bn,boundary_bpe,65536,14,14
train,language,,bn,boundary_bpe,65536,15,1652
train,language,,bn,boundary_bpe,65536,16,2
train,language,,bn,boundary_bpe,65536,17,8
train,language,,bn,boundary_bpe,65536,18,796
train,language,,bn,boundary_bpe,65536,21,454
train,language,,bn,boundary_bpe,65536,24,182
train,language,,bn,boundary_bpe,65536,27,33
train,language,,bn,boundary_bpe,65536,30,26
train,language,,bn,boundary_bpe,65536,36,1
train,language,,bn,boundary_bpe,65536,39,21
train,language,,c,boundary_bpe,65536,1,69915
train,language,,c,boundary_bpe,65536,2,13690
train,language,,c,boundary_bpe,65536,3,8922
train,language,,c,boundary_bpe,65536,4,7134
train,language,,c,boundary_bpe,65536,5,4474
train,language,,c,boundary_bpe,65536,6,4935
train,language,,c,boundary_bpe,65536,7,2240
train,language,,c,boundary_bpe,65536,8,1932
train,language,,c,boundary_bpe,65536,9,757
train,language,,c,boundary_bpe,65536,10,817
train,language,,c,boundary_bpe,65536,11,303
train,language,,c,boundary_bpe,65536,12,103
train,language,,c,boundary_bpe,65536,13,186
train,language,,c,boundary_bpe,65536,14,210
train,language,,c,boundary_bpe,65536,15,11
train,language,,c,boundary_bpe,65536,16,187
train,language,,c,boundary_bpe,65536,19,1
train,language,,c,boundary_bpe,65536,22,53
train,language,,c,boundary_bpe,65536,24,16
train,language,,c,boundary_bpe,65536,27,41
train,language,,c,boundary_bpe,65536,32,8
train,language,,c,boundary_bpe,65536,42,1
train,language,,c,boundary_bpe,65536,56,1
train,language,,c,boundary_bpe,65536,64,12
train,language,,c,boundary_bpe,65536,72,4
train,language,,c,boundary_bpe,65536,76,24
train,language,,cpp,boundary_bpe,65536,1,133173
train,language,,cpp,boundary_bpe,65536,2,33819
train,language,,cpp,boundary_bpe,65536,3,19630
train,language,,cpp,boundary_bpe,65536,4,14904
train,language,,cpp,boundary_bpe,65536,5,10380
train,language,,cpp,boundary_bpe,65536,6,14777
train,language,,cpp,boundary_bpe,65536,7,7943
train,language,,cpp,boundary_bpe,65536,8,3641
train,language,,cpp,boundary_bpe,65536,9,2523
train,language,,cpp,boundary_bpe,65536,10,1679
train,language,,cpp,boundary_bpe,65536,11,830
train,language,,cpp,boundary_bpe,65536,12,394
train,language,,cpp,boundary_bpe,65536,13,709
train,language,,cpp,boundary_bpe,65536,14,833
train,language,,cpp,boundary_bpe,65536,15,679
train,language,,cpp,boundary_bpe,65536,16,304
train,language,,cpp,boundary_bpe,65536,17,754
train,language,,cpp,boundary_bpe,65536,18,350
train,language,,cpp,boundary_bpe,65536,19,101
train,language,,cpp,boundary_bpe,65536,20,174
train,language,,cpp,boundary_bpe,65536,21,133
train,language,,cpp,boundary_bpe,65536,22,110
train,language,,cpp,boundary_bpe,65536,23,300
train,language,,cpp,boundary_bpe,65536,24,75
train,language,,cpp,boundary_bpe,65536,25,140
train,language,,cpp,boundary_bpe,65536,27,1
train,language,,cpp,boundary_bpe,65536,28,30
train,language,,cpp,boundary_bpe,65536,29,237
train,language,,cpp,boundary_bpe,65536,30,305
train,language,,cpp,boundary_bpe,65536,31,203
train,language,,cpp,boundary_bpe,65536,32,243
train,language,,cpp,boundary_bpe,65536,42,2
train,language,,cpp,boundary_bpe,65536,46,48
train,language,,cpp,boundary_bpe,65536,47,178
train,language,,cpp,boundary_bpe,65536,62,226
train,language,,cpp,boundary_bpe,65536,64,9
train,language,,cpp,boundary_bpe,65536,72,6
train,language,,cpp,boundary_bpe,65536,80,39
train,language,,en,boundary_bpe,65536,1,22798
train,language,,en,boundary_bpe,65536,2,5345
train,language,,en,boundary_bpe,65536,3,6154
train,language,,en,boundary_bpe,65536,4,4652
train,language,,en,boundary_bpe,65536,5,2706
train,language,,en,boundary_bpe,65536,6,2146
train,language,,en,boundary_bpe,65536,7,1579
train,language,,en,boundary_bpe,65536,8,989
train,language,,en,boundary_bpe,65536,9,685
train,language,,en,boundary_bpe,65536,10,356
train,language,,en,boundary_bpe,65536,11,168
train,language,,en,boundary_bpe,65536,12,67
train,language,,en,boundary_bpe,65536,13,38
train,language,,en,boundary_bpe,65536,14,7
train,language,,en,boundary_bpe,65536,15,3
train,language,,fa,boundary_bpe,65536,1,21979
train,language,,fa,boundary_bpe,65536,2,5121
train,language,,fa,boundary_bpe,65536,3,544
train,language,,fa,boundary_bpe,65536,4,11239
train,language,,fa,boundary_bpe,65536,5,198
train,language,,fa,boundary_bpe,65536,6,6937
train,language,,fa,boundary_bpe,65536,7,432
train,language,,fa,boundary_bpe,65536,8,4029
train,language,,fa,boundary_bpe,65536,9,320
train,language,,fa,boundary_bpe,65536,10,2124
train,language,,fa,boundary_bpe,65536,11,107
train,language,,fa,boundary_bpe,65536,12,628
train,language,,fa,boundary_bpe,65536,13,36
train,language,,fa,boundary_bpe,65536,14,433
train,language,,fa,boundary_bpe,65536,15,39
train,language,,fa,boundary_bpe,65536,16,20
train,language,,fa,boundary_bpe,65536,17,19
train,language,,fa,boundary_bpe,65536,18,4
train,language,,fa,boundary_bpe,65536,19,8
train,language,,fa,boundary_bpe,65536,20,1
train,language,,fa,boundary_bpe,65536,25,49
train,language,,go,boundary_bpe,65536,1,108607
train,language,,go,boundary_bpe,65536,2,21717
train,language,,go,boundary_bpe,65536,3,16338
train,language,,go,boundary_bpe,65536,4,13727
train,language,,go,boundary_bpe,65536,5,9364
train,language,,go,boundary_bpe,65536,6,9318
train,language,,go,boundary_bpe,65536,7,6971
train,language,,go,boundary_bpe,65536,8,4616
train,language,,go,boundary_bpe,65536,9,2416
train,language,,go,boundary_bpe,65536,10,1035
train,language,,go,boundary_bpe,65536,11,814
train,language,,go,boundary_bpe,65536,12,599
train,language,,go,boundary_bpe,65536,13,292
train,language,,go,boundary_bpe,65536,14,267
train,language,,go,boundary_bpe,65536,15,107
train,language,,go,boundary_bpe,65536,16,101
train,language,,go,boundary_bpe,65536,17,184
train,language,,go,boundary_bpe,65536,18,53
train,language,,go,boundary_bpe,65536,19,1
train,language,,go,boundary_bpe,65536,20,91
train,language,,go,boundary_bpe,65536,22,71
train,language,,go,boundary_bpe,65536,23,67
train,language,,go,boundary_bpe,65536,25,7
train,language,,go,boundary_bpe,65536,27,56
train,language,,go,boundary_bpe,65536,42,8
train,language,,gu,boundary_bpe,65536,1,19245
train,language,,gu,boundary_bpe,65536,2,764
train,language,,gu,boundary_bpe,65536,3,8399
train,language,,gu,boundary_bpe,65536,4,263
train,language,,gu,boundary_bpe,65536,5,110
train,language,,gu,boundary_bpe,65536,6,13584
train,language,,gu,boundary_bpe,65536,7,544
train,language,,gu,boundary_bpe,65536,8,40
train,language,,gu,boundary_bpe,65536,9,6677
train,language,,gu,boundary_bpe,65536,10,139
train,language,,gu,boundary_bpe,65536,11,3
train,language,,gu,boundary_bpe,65536,12,2930
train,language,,gu,boundary_bpe,65536,13,51
train,language,,gu,boundary_bpe,65536,15,1236
train,language,,gu,boundary_bpe,65536,16,1
train,language,,gu,boundary_bpe,65536,18,621
train,language,,gu,boundary_bpe,65536,21,193
train,language,,gu,boundary_bpe,65536,24,76
train,language,,gu,boundary_bpe,65536,27,3
train,language,,hi,boundary_bpe,65536,1,27917
train,language,,hi,boundary_bpe,65536,2,779
train,language,,hi,boundary_bpe,65536,3,6793
train,language,,hi,boundary_bpe,65536,4,315
train,language,,hi,boundary_bpe,65536,5,193
train,language,,hi,boundary_bpe,65536,6,18386
train,language,,hi,boundary_bpe,65536,7,448
train,language,,hi,boundary_bpe,65536,8,33
train,language,,hi,boundary_bpe,65536,9,7885
train,language,,hi,boundary_bpe,65536,10,214
train,language,,hi,boundary_bpe,65536,11,63
train,language,,hi,boundary_bpe,65536,12,5078
train,language,,hi,boundary_bpe,65536,13,6
train,language,,hi,boundary_bpe,65536,14,37
train,language,,hi,boundary_bpe,65536,15,1464
train,language,,hi,boundary_bpe,65536,18,624
train,language,,hi,boundary_bpe,65536,20,4
train,language,,hi,boundary_bpe,65536,21,251
train,language,,hi,boundary_bpe,65536,24,67
train,language,,hi,boundary_bpe,65536,27,34
train,language,,hi,boundary_bpe,65536,30,15
train,language,,hi,boundary_bpe,65536,33,2
train,language,,ja,boundary_bpe,65536,1,15546
train,language,,ja,boundary_bpe,65536,2,5707
train,language,,ja,boundary_bpe,65536,3,39496
train,language,,ja,boundary_bpe,65536,4,1023
train,language,,ja,boundary_bpe,65536,5,406
train,language,,ja,boundary_bpe,65536,6,14241
train,language,,ja,boundary_bpe,65536,7,363
train,language,,ja,boundary_bpe,65536,8,60
train,language,,ja,boundary_bpe,65536,9,4637
train,language,,ja,boundary_bpe,65536,10,33
train,language,,ja,boundary_bpe,65536,11,8
train,language,,ja,boundary_bpe,65536,12,1650
train,language,,ja,boundary_bpe,65536,13,1
train,language,,ja,boundary_bpe,65536,15,636
train,language,,ja,boundary_bpe,65536,16,1
train,language,,ja,boundary_bpe,65536,17,12
train,language,,ja,boundary_bpe,65536,18,286
train,language,,ja,boundary_bpe,65536,21,50
train,language,,ja,boundary_bpe,65536,24,21
train,language,,java,boundary_bpe,65536,1,55034
train,language,,java,boundary_bpe,65536,2,4969
train,language,,java,boundary_bpe,65536,3,4234
train,language,,java,boundary_bpe,65536,4,4328
train,language,,java,boundary_bpe,65536,5,2748
train,language,,java,boundary_bpe,65536,6,2887
train,language,,java,boundary_bpe,65536,7,1737
train,language,,java,boundary_bpe,65536,8,1582
train,language,,java,boundary_bpe,65536,9,718
train,language,,java,boundary_bpe,65536,10,506
train,language,,java,boundary_bpe,65536,11,264
train,language,,java,boundary_bpe,65536,12,39
train,language,,java,boundary_bpe,65536,13,99
train,language,,java,boundary_bpe,65536,14,197
train,language,,java,boundary_bpe,65536,15,54
train,language,,java,boundary_bpe,65536,16,16
train,language,,java,boundary_bpe,65536,17,75
train,language,,java,boundary_bpe,65536,18,22
train,language,,java,boundary_bpe,65536,20,54
train,language,,java,boundary_bpe,65536,22,33
train,language,,java,boundary_bpe,65536,26,29
train,language,,java,boundary_bpe,65536,42,4
train,language,,java,boundary_bpe,65536,64,2
train,language,,java,boundary_bpe,65536,72,2
train,language,,javascript,boundary_bpe,65536,1,26744
train,language,,javascript,boundary_bpe,65536,2,9398
train,language,,javascript,boundary_bpe,65536,3,4195
train,language,,javascript,boundary_bpe,65536,4,2408
train,language,,javascript,boundary_bpe,65536,5,1638
train,language,,javascript,boundary_bpe,65536,6,1887
train,language,,javascript,boundary_bpe,65536,7,1016
train,language,,javascript,boundary_bpe,65536,8,493
train,language,,javascript,boundary_bpe,65536,9,317
train,language,,javascript,boundary_bpe,65536,10,168
train,language,,javascript,boundary_bpe,65536,11,87
train,language,,javascript,boundary_bpe,65536,12,18
train,language,,javascript,boundary_bpe,65536,13,33
train,language,,javascript,boundary_bpe,65536,14,22
train,language,,javascript,boundary_bpe,65536,15,4
train,language,,javascript,boundary_bpe,65536,16,103
train,language,,javascript,boundary_bpe,65536,18,3
train,language,,javascript,boundary_bpe,65536,19,1
train,language,,javascript,boundary_bpe,65536,21,9
train,language,,javascript,boundary_bpe,65536,22,38
train,language,,javascript,boundary_bpe,65536,23,70
train,language,,javascript,boundary_bpe,65536,25,55
train,language,,javascript,boundary_bpe,65536,26,2
train,language,,javascript,boundary_bpe,65536,31,60
train,language,,kn,boundary_bpe,65536,1,26040
train,language,,kn,boundary_bpe,65536,2,3907
train,language,,kn,boundary_bpe,65536,3,13525
train,language,,kn,boundary_bpe,65536,4,372
train,language,,kn,boundary_bpe,65536,5,112
train,language,,kn,boundary_bpe,65536,6,17485
train,language,,kn,boundary_bpe,65536,7,410
train,language,,kn,boundary_bpe,65536,8,40
train,language,,kn,boundary_bpe,65536,9,9879
train,language,,kn,boundary_bpe,65536,10,315
train,language,,kn,boundary_bpe,65536,11,2
train,language,,kn,boundary_bpe,65536,12,6450
train,language,,kn,boundary_bpe,65536,13,130
train,language,,kn,boundary_bpe,65536,15,3432
train,language,,kn,boundary_bpe,65536,16,63
train,language,,kn,boundary_bpe,65536,18,1454
train,language,,kn,boundary_bpe,65536,19,160
train,language,,kn,boundary_bpe,65536,21,409
train,language,,kn,boundary_bpe,65536,22,97
train,language,,kn,boundary_bpe,65536,24,114
train,language,,kn,boundary_bpe,65536,25,47
train,language,,kn,boundary_bpe,65536,27,50
train,language,,kn,boundary_bpe,65536,28,13
train,language,,kn,boundary_bpe,65536,30,8
train,language,,kn,boundary_bpe,65536,33,5
train,language,,kn,boundary_bpe,65536,36,9
train,language,,kn,boundary_bpe,65536,42,76
train,language,,ko,boundary_bpe,65536,1,21200
train,language,,ko,boundary_bpe,65536,2,962
train,language,,ko,boundary_bpe,65536,3,27561
train,language,,ko,boundary_bpe,65536,4,575
train,language,,ko,boundary_bpe,65536,5,121
train,language,,ko,boundary_bpe,65536,6,11276
train,language,,ko,boundary_bpe,65536,7,358
train,language,,ko,boundary_bpe,65536,8,19
train,language,,ko,boundary_bpe,65536,9,1290
train,language,,ko,boundary_bpe,65536,10,252
train,language,,ko,boundary_bpe,65536,11,3
train,language,,ko,boundary_bpe,65536,12,507
train,language,,ko,boundary_bpe,65536,13,77
train,language,,ko,boundary_bpe,65536,15,51
train,language,,ko,boundary_bpe,65536,16,9
train,language,,ml,boundary_bpe,65536,1,7978
train,language,,ml,boundary_bpe,65536,2,659
train,language,,ml,boundary_bpe,65536,3,5961
train,language,,ml,boundary_bpe,65536,4,394
train,language,,ml,boundary_bpe,65536,5,143
train,language,,ml,boundary_bpe,65536,6,6199
train,language,,ml,boundary_bpe,65536,7,149
train,language,,ml,boundary_bpe,65536,8,26
train,language,,ml,boundary_bpe,65536,9,3950
train,language,,ml,boundary_bpe,65536,10,29
train,language,,ml,boundary_bpe,65536,12,2782
train,language,,ml,boundary_bpe,65536,13,74
train,language,,ml,boundary_bpe,65536,15,1491
train,language,,ml,boundary_bpe,65536,16,31
train,language,,ml,boundary_bpe,65536,18,709
train,language,,ml,boundary_bpe,65536,19,31
train,language,,ml,boundary_bpe,65536,21,424
train,language,,ml,boundary_bpe,65536,22,4
train,language,,ml,boundary_bpe,65536,24,92
train,language,,ml,boundary_bpe,65536,25,3
train,language,,ml,boundary_bpe,65536,27,82
train,language,,ml,boundary_bpe,65536,28,15
train,language,,ml,boundary_bpe,65536,30,6
train,language,,ml,boundary_bpe,65536,33,4
train,language,,ml,boundary_bpe,65536,34,5
train,language,,mr,boundary_bpe,65536,1,22072
train,language,,mr,boundary_bpe,65536,2,724
train,language,,mr,boundary_bpe,65536,3,8474
train,language,,mr,boundary_bpe,65536,4,419
train,language,,mr,boundary_bpe,65536,5,159
train,language,,mr,boundary_bpe,65536,6,15752
train,language,,mr,boundary_bpe,65536,7,353
train,language,,mr,boundary_bpe,65536,8,52
train,language,,mr,boundary_bpe,65536,9,7590
train,language,,mr,boundary_bpe,65536,10,398
train,language,,mr,boundary_bpe,65536,11,52
train,language,,mr,boundary_bpe,65536,12,4893
train,language,,mr,boundary_bpe,65536,13,271
train,language,,mr,boundary_bpe,65536,15,1864
train,language,,mr,boundary_bpe,65536,16,20
train,language,,mr,boundary_bpe,65536,18,1587
train,language,,mr,boundary_bpe,65536,21,499
train,language,,mr,boundary_bpe,65536,24,308
train,language,,mr,boundary_bpe,65536,27,83
train,language,,mr,boundary_bpe,65536,30,22
train,language,,mr,boundary_bpe,65536,33,19
train,language,,mr,boundary_bpe,65536,36,5
train,language,,python,boundary_bpe,65536,1,60081
train,language,,python,boundary_bpe,65536,2,7094
train,language,,python,boundary_bpe,65536,3,5182
train,language,,python,boundary_bpe,65536,4,4604
train,language,,python,boundary_bpe,65536,5,4056
train,language,,python,boundary_bpe,65536,6,3475
train,language,,python,boundary_bpe,65536,7,2332
train,language,,python,boundary_bpe,65536,8,1201
train,language,,python,boundary_bpe,65536,9,757
train,language,,python,boundary_bpe,65536,10,324
train,language,,python,boundary_bpe,65536,11,351
train,language,,python,boundary_bpe,65536,12,40
train,language,,python,boundary_bpe,65536,13,13
train,language,,python,boundary_bpe,65536,14,35
train,language,,python,boundary_bpe,65536,15,52
train,language,,python,boundary_bpe,65536,16,26
train,language,,python,boundary_bpe,65536,17,1
train,language,,python,boundary_bpe,65536,19,2
train,language,,python,boundary_bpe,65536,24,1
train,language,,python,boundary_bpe,65536,32,18
train,language,,python,boundary_bpe,65536,42,2
train,language,,python,boundary_bpe,65536,48,2
train,language,,python,boundary_bpe,65536,64,11
train,language,,python,boundary_bpe,65536,72,1
train,language,,ru,boundary_bpe,65536,1,18568
train,language,,ru,boundary_bpe,65536,2,6142
train,language,,ru,boundary_bpe,65536,3,1256
train,language,,ru,boundary_bpe,65536,4,11124
train,language,,ru,boundary_bpe,65536,5,863
train,language,,ru,boundary_bpe,65536,6,8024
train,language,,ru,boundary_bpe,65536,7,271
train,language,,ru,boundary_bpe,65536,8,4829
train,language,,ru,boundary_bpe,65536,9,80
train,language,,ru,boundary_bpe,65536,10,2684
train,language,,ru,boundary_bpe,65536,11,21
train,language,,ru,boundary_bpe,65536,12,1310
train,language,,ru,boundary_bpe,65536,13,43
train,language,,ru,boundary_bpe,65536,14,517
train,language,,ru,boundary_bpe,65536,15,3
train,language,,ru,boundary_bpe,65536,16,277
train,language,,ru,boundary_bpe,65536,17,2
train,language,,ru,boundary_bpe,65536,18,118
train,language,,ru,boundary_bpe,65536,20,49
train,language,,ru,boundary_bpe,65536,22,23
train,language,,ru,boundary_bpe,65536,24,8
train,language,,ru,boundary_bpe,65536,26,5
train,language,,rust,boundary_bpe,65536,1,135101
train,language,,rust,boundary_bpe,65536,2,17439
train,language,,rust,boundary_bpe,65536,3,15008
train,language,,rust,boundary_bpe,65536,4,9686
train,language,,rust,boundary_bpe,65536,5,7390
train,language,,rust,boundary_bpe,65536,6,5541
train,language,,rust,boundary_bpe,65536,7,3939
train,language,,rust,boundary_bpe,65536,8,1954
train,language,,rust,boundary_bpe,65536,9,1184
train,language,,rust,boundary_bpe,65536,10,589
train,language,,rust,boundary_bpe,65536,11,763
train,language,,rust,boundary_bpe,65536,12,303
train,language,,rust,boundary_bpe,65536,13,183
train,language,,rust,boundary_bpe,65536,14,92
train,language,,rust,boundary_bpe,65536,15,61
train,language,,rust,boundary_bpe,65536,16,86
train,language,,rust,boundary_bpe,65536,17,55
train,language,,rust,boundary_bpe,65536,19,45
train,language,,rust,boundary_bpe,65536,23,61
train,language,,rust,boundary_bpe,65536,42,3
train,language,,rust,boundary_bpe,65536,64,7
train,language,,sql,boundary_bpe,65536,1,149351
train,language,,sql,boundary_bpe,65536,2,87189
train,language,,sql,boundary_bpe,65536,3,44094
train,language,,sql,boundary_bpe,65536,4,19601
train,language,,sql,boundary_bpe,65536,5,14080
train,language,,sql,boundary_bpe,65536,6,10473
train,language,,sql,boundary_bpe,65536,7,7783
train,language,,sql,boundary_bpe,65536,8,4221
train,language,,sql,boundary_bpe,65536,9,6325
train,language,,sql,boundary_bpe,65536,10,4291
train,language,,sql,boundary_bpe,65536,11,1375
train,language,,sql,boundary_bpe,65536,12,1344
train,language,,sql,boundary_bpe,65536,13,1570
train,language,,sql,boundary_bpe,65536,14,762
train,language,,sql,boundary_bpe,65536,15,596
train,language,,sql,boundary_bpe,65536,16,364
train,language,,sql,boundary_bpe,65536,17,160
train,language,,sql,boundary_bpe,65536,18,163
train,language,,sql,boundary_bpe,65536,19,320
train,language,,sql,boundary_bpe,65536,20,333
train,language,,sql,boundary_bpe,65536,24,17
train,language,,sql,boundary_bpe,65536,27,174
train,language,,sql,boundary_bpe,65536,43,112
train,language,,sql,boundary_bpe,65536,48,2
train,language,,sql,boundary_bpe,65536,56,27
train,language,,sql,boundary_bpe,65536,64,1
train,language,,sw,boundary_bpe,65536,1,51544
train,language,,sw,boundary_bpe,65536,2,22527
train,language,,sw,boundary_bpe,65536,3,16429
train,language,,sw,boundary_bpe,65536,4,11744
train,language,,sw,boundary_bpe,65536,5,6309
train,language,,sw,boundary_bpe,65536,6,5922
train,language,,sw,boundary_bpe,65536,7,2311
train,language,,sw,boundary_bpe,65536,8,1532
train,language,,sw,boundary_bpe,65536,9,777
train,language,,sw,boundary_bpe,65536,10,295
train,language,,sw,boundary_bpe,65536,11,169
train,language,,sw,boundary_bpe,65536,12,83
train,language,,sw,boundary_bpe,65536,13,128
train,language,,sw,boundary_bpe,65536,18,1
train,language,,ta,boundary_bpe,65536,1,10731
train,language,,ta,boundary_bpe,65536,2,461
train,language,,ta,boundary_bpe,65536,3,4648
train,language,,ta,boundary_bpe,65536,4,256
train,language,,ta,boundary_bpe,65536,5,97
train,language,,ta,boundary_bpe,65536,6,7632
train,language,,ta,boundary_bpe,65536,7,281
train,language,,ta,boundary_bpe,65536,8,17
train,language,,ta,boundary_bpe,65536,9,5069
train,language,,ta,boundary_bpe,65536,10,206
train,language,,ta,boundary_bpe,65536,11,2
train,language,,ta,boundary_bpe,65536,12,3882
train,language,,ta,boundary_bpe,65536,13,38
train,language,,ta,boundary_bpe,65536,15,1867
train,language,,ta,boundary_bpe,65536,16,63
train,language,,ta,boundary_bpe,65536,18,1136
train,language,,ta,boundary_bpe,65536,19,30
train,language,,ta,boundary_bpe,65536,21,508
train,language,,ta,boundary_bpe,65536,22,5
train,language,,ta,boundary_bpe,65536,24,224
train,language,,ta,boundary_bpe,65536,25,20
train,language,,ta,boundary_bpe,65536,27,86
train,language,,ta,boundary_bpe,65536,30,9
train,language,,ta,boundary_bpe,65536,33,5
train,language,,ta,boundary_bpe,65536,39,3
train,language,,te,boundary_bpe,65536,1,15450
train,language,,te,boundary_bpe,65536,2,893
train,language,,te,boundary_bpe,65536,3,7598
train,language,,te,boundary_bpe,65536,4,291
train,language,,te,boundary_bpe,65536,5,128
train,language,,te,boundary_bpe,65536,6,14848
train,language,,te,boundary_bpe,65536,7,332
train,language,,te,boundary_bpe,65536,8,31
train,language,,te,boundary_bpe,65536,9,5336
train,language,,te,boundary_bpe,65536,10,148
train,language,,te,boundary_bpe,65536,11,7
train,language,,te,boundary_bpe,65536,12,4471
train,language,,te,boundary_bpe,65536,13,65
train,language,,te,boundary_bpe,65536,15,1602
train,language,,te,boundary_bpe,65536,16,84
train,language,,te,boundary_bpe,65536,18,1023
train,language,,te,boundary_bpe,65536,19,96
train,language,,te,boundary_bpe,65536,21,229
train,language,,te,boundary_bpe,65536,22,105
train,language,,te,boundary_bpe,65536,24,195
train,language,,te,boundary_bpe,65536,25,29
train,language,,te,boundary_bpe,65536,27,154
train,language,,te,boundary_bpe,65536,30,4
train,language,,te,boundary_bpe,65536,31,7
train,language,,typescript,boundary_bpe,65536,1,260122
train,language,,typescript,boundary_bpe,65536,2,27396
train,language,,typescript,boundary_bpe,65536,3,17687
train,language,,typescript,boundary_bpe,65536,4,11467
train,language,,typescript,boundary_bpe,65536,5,9048
train,language,,typescript,boundary_bpe,65536,6,7984
train,language,,typescript,boundary_bpe,65536,7,4640
train,language,,typescript,boundary_bpe,65536,8,3849
train,language,,typescript,boundary_bpe,65536,9,4976
train,language,,typescript,boundary_bpe,65536,10,2539
train,language,,typescript,boundary_bpe,65536,11,1009
train,language,,typescript,boundary_bpe,65536,12,488
train,language,,typescript,boundary_bpe,65536,13,1597
train,language,,typescript,boundary_bpe,65536,14,1259
train,language,,typescript,boundary_bpe,65536,15,452
train,language,,typescript,boundary_bpe,65536,16,387
train,language,,typescript,boundary_bpe,65536,17,187
train,language,,typescript,boundary_bpe,65536,18,195
train,language,,typescript,boundary_bpe,65536,19,2
train,language,,typescript,boundary_bpe,65536,20,87
train,language,,typescript,boundary_bpe,65536,21,143
train,language,,typescript,boundary_bpe,65536,23,44
train,language,,typescript,boundary_bpe,65536,26,20
train,language,,typescript,boundary_bpe,65536,30,99
train,language,,typescript,boundary_bpe,65536,32,12
train,language,,typescript,boundary_bpe,65536,36,61
train,language,,typescript,boundary_bpe,65536,42,2
train,language,,typescript,boundary_bpe,65536,48,19
train,language,,typescript,boundary_bpe,65536,56,15
train,language,,typescript,boundary_bpe,65536,66,2
train,language,,typescript,boundary_bpe,65536,69,42
train,language,,typescript,boundary_bpe,65536,72,38
train,language,,uk,boundary_bpe,65536,1,14936
train,language,,uk,boundary_bpe,65536,2,5362
train,language,,uk,boundary_bpe,65536,3,1068
train,language,,uk,boundary_bpe,65536,4,10000
train,language,,uk,boundary_bpe,65536,5,700
train,language,,uk,boundary_bpe,65536,6,6132
train,language,,uk,boundary_bpe,65536,7,211
train,language,,uk,boundary_bpe,65536,8,3798
train,language,,uk,boundary_bpe,65536,9,62
train,language,,uk,boundary_bpe,65536,10,1993
train,language,,uk,boundary_bpe,65536,11,6
train,language,,uk,boundary_bpe,65536,12,1035
train,language,,uk,boundary_bpe,65536,14,382
train,language,,uk,boundary_bpe,65536,15,9
train,language,,uk,boundary_bpe,65536,16,188
train,language,,uk,boundary_bpe,65536,18,84
train,language,,uk,boundary_bpe,65536,20,16
train,language,,uk,boundary_bpe,65536,22,11
train,language,,uk,boundary_bpe,65536,24,7
train,language,,ur,boundary_bpe,65536,1,52915
train,language,,ur,boundary_bpe,65536,2,10762
train,language,,ur,boundary_bpe,65536,3,753
train,language,,ur,boundary_bpe,65536,4,29240
train,language,,ur,boundary_bpe,65536,5,190
train,language,,ur,boundary_bpe,65536,6,18128
train,language,,ur,boundary_bpe,65536,7,105
train,language,,ur,boundary_bpe,65536,8,9574
train,language,,ur,boundary_bpe,65536,9,22
train,language,,ur,boundary_bpe,65536,10,3133
train,language,,ur,boundary_bpe,65536,11,4
train,language,,ur,boundary_bpe,65536,12,1006
train,language,,ur,boundary_bpe,65536,13,2
train,language,,ur,boundary_bpe,65536,14,391
train,language,,ur,boundary_bpe,65536,16,27
train,language,,ur,boundary_bpe,65536,19,3
train,language,,yo,boundary_bpe,65536,1,28006
train,language,,yo,boundary_bpe,65536,2,8472
train,language,,yo,boundary_bpe,65536,3,6599
train,language,,yo,boundary_bpe,65536,4,5518
train,language,,yo,boundary_bpe,65536,5,2152
train,language,,yo,boundary_bpe,65536,6,3169
train,language,,yo,boundary_bpe,65536,7,1544
train,language,,yo,boundary_bpe,65536,8,615
train,language,,yo,boundary_bpe,65536,9,477
train,language,,yo,boundary_bpe,65536,10,302
train,language,,yo,boundary_bpe,65536,11,245
train,language,,yo,boundary_bpe,65536,12,57
train,language,,yo,boundary_bpe,65536,13,88
train,language,,yo,boundary_bpe,65536,14,26
train,language,,yo,boundary_bpe,65536,15,66
train,language,,yo,boundary_bpe,65536,16,8
train,language,,yo,boundary_bpe,65536,18,3
train,language,,zh,boundary_bpe,65536,1,27870
train,language,,zh,boundary_bpe,65536,2,5211
train,language,,zh,boundary_bpe,65536,3,62634
train,language,,zh,boundary_bpe,65536,4,2563
train,language,,zh,boundary_bpe,65536,5,459
train,language,,zh,boundary_bpe,65536,6,27730
train,language,,zh,boundary_bpe,65536,7,693
train,language,,zh,boundary_bpe,65536,8,1413
train,language,,zh,boundary_bpe,65536,9,4885
train,language,,zh,boundary_bpe,65536,10,1195
train,language,,zh,boundary_bpe,65536,11,230
train,language,,zh,boundary_bpe,65536,12,3750
train,language,,zh,boundary_bpe,65536,13,636
train,language,,zh,boundary_bpe,65536,14,126
train,language,,zh,boundary_bpe,65536,15,1602
train,language,,zh,boundary_bpe,65536,16,112
train,language,,zh,boundary_bpe,65536,17,33
train,language,,zh,boundary_bpe,65536,18,868
train,language,,zh,boundary_bpe,65536,19,277
train,language,,zh,boundary_bpe,65536,21,1024
train,language,,zh,boundary_bpe,65536,24,282
train,language,,zh,boundary_bpe,65536,33,56
train,domain,code,,boundary_bpe,65536,1,998128
train,domain,code,,boundary_bpe,65536,2,222711
train,domain,code,,boundary_bpe,65536,3,135290
train,domain,code,,boundary_bpe,65536,4,87859
train,domain,code,,boundary_bpe,65536,5,63178
train,domain,code,,boundary_bpe,65536,6,61277
train,domain,code,,boundary_bpe,65536,7,38601
train,domain,code,,boundary_bpe,65536,8,23489
train,domain,code,,boundary_bpe,65536,9,19973
train,domain,code,,boundary_bpe,65536,10,11948
train,domain,code,,boundary_bpe,65536,11,5796
train,domain,code,,boundary_bpe,65536,12,3328
train,domain,code,,boundary_bpe,65536,13,4682
train,domain,code,,boundary_bpe,65536,14,3677
train,domain,code,,boundary_bpe,65536,15,2016
train,domain,code,,boundary_bpe,65536,16,1574
train,domain,code,,boundary_bpe,65536,17,1416
train,domain,code,,boundary_bpe,65536,18,786
train,domain,code,,boundary_bpe,65536,19,473
train,domain,code,,boundary_bpe,65536,20,739
train,domain,code,,boundary_bpe,65536,21,285
train,domain,code,,boundary_bpe,65536,22,305
train,domain,code,,boundary_bpe,65536,23,542
train,domain,code,,boundary_bpe,65536,24,109
train,domain,code,,boundary_bpe,65536,25,202
train,domain,code,,boundary_bpe,65536,26,51
train,domain,code,,boundary_bpe,65536,27,272
train,domain,code,,boundary_bpe,65536,28,30
train,domain,code,,boundary_bpe,65536,29,237
train,domain,code,,boundary_bpe,65536,30,404
train,domain,code,,boundary_bpe,65536,31,263
train,domain,code,,boundary_bpe,65536,32,281
train,domain,code,,boundary_bpe,65536,36,61
train,domain,code,,boundary_bpe,65536,42,22
train,domain,code,,boundary_bpe,65536,43,112
train,domain,code,,boundary_bpe,65536,46,48
train,domain,code,,boundary_bpe,65536,47,178
train,domain,code,,boundary_bpe,65536,48,23
train,domain,code,,boundary_bpe,65536,56,43
train,domain,code,,boundary_bpe,65536,62,226
train,domain,code,,boundary_bpe,65536,64,42
train,domain,code,,boundary_bpe,65536,66,2
train,domain,code,,boundary_bpe,65536,69,42
train,domain,code,,boundary_bpe,65536,72,51
train,domain,code,,boundary_bpe,65536,76,24
train,domain,code,,boundary_bpe,65536,80,39
train,domain,cyrillic_african,,boundary_bpe,65536,1,167473
train,domain,cyrillic_african,,boundary_bpe,65536,2,50436
train,domain,cyrillic_african,,boundary_bpe,65536,3,57571
train,domain,cyrillic_african,,boundary_bpe,65536,4,53481
train,domain,cyrillic_african,,boundary_bpe,65536,5,11583
train,domain,cyrillic_african,,boundary_bpe,65536,6,54269
train,domain,cyrillic_african,,boundary_bpe,65536,7,4670
train,domain,cyrillic_african,,boundary_bpe,65536,8,16355
train,domain,cyrillic_african,,boundary_bpe,65536,9,9029
train,domain,cyrillic_african,,boundary_bpe,65536,10,7900
train,domain,cyrillic_african,,boundary_bpe,65536,11,545
train,domain,cyrillic_african,,boundary_bpe,65536,12,6151
train,domain,cyrillic_african,,boundary_bpe,65536,13,260
train,domain,cyrillic_african,,boundary_bpe,65536,14,1432
train,domain,cyrillic_african,,boundary_bpe,65536,15,831
train,domain,cyrillic_african,,boundary_bpe,65536,16,731
train,domain,cyrillic_african,,boundary_bpe,65536,17,4
train,domain,cyrillic_african,,boundary_bpe,65536,18,602
train,domain,cyrillic_african,,boundary_bpe,65536,20,103
train,domain,cyrillic_african,,boundary_bpe,65536,21,21
train,domain,cyrillic_african,,boundary_bpe,65536,22,46
train,domain,cyrillic_african,,boundary_bpe,65536,24,28
train,domain,cyrillic_african,,boundary_bpe,65536,26,5
train,domain,indic_cjk_arabic,,boundary_bpe,65536,1,306381
train,domain,indic_cjk_arabic,,boundary_bpe,65536,2,44987
train,domain,indic_cjk_arabic,,boundary_bpe,65536,3,195261
train,domain,indic_cjk_arabic,,boundary_bpe,65536,4,63487
train,domain,indic_cjk_arabic,,boundary_bpe,65536,5,2783
train,domain,indic_cjk_arabic,,boundary_bpe,65536,6,193201
train,domain,indic_cjk_arabic,,boundary_bpe,65536,7,4641
train,domain,indic_cjk_arabic,,boundary_bpe,65536,8,18684
train,domain,indic_cjk_arabic,,boundary_bpe,65536,9,64597
train,domain,indic_cjk_arabic,,boundary_bpe,65536,10,9528
train,domain,indic_cjk_arabic,,boundary_bpe,65536,11,498
train,domain,indic_cjk_arabic,,boundary_bpe,65536,12,42316
train,domain,indic_cjk_arabic,,boundary_bpe,65536,13,1413
train,domain,indic_cjk_arabic,,boundary_bpe,65536,14,1209
train,domain,indic_cjk_arabic,,boundary_bpe,65536,15,16936
train,domain,indic_cjk_arabic,,boundary_bpe,65536,16,510
train,domain,indic_cjk_arabic,,boundary_bpe,65536,17,72
train,domain,indic_cjk_arabic,,boundary_bpe,65536,18,9140
train,domain,indic_cjk_arabic,,boundary_bpe,65536,19,605
train,domain,indic_cjk_arabic,,boundary_bpe,65536,20,8
train,domain,indic_cjk_arabic,,boundary_bpe,65536,21,4041
train,domain,indic_cjk_arabic,,boundary_bpe,65536,22,211
train,domain,indic_cjk_arabic,,boundary_bpe,65536,24,1561
train,domain,indic_cjk_arabic,,boundary_bpe,65536,25,148
train,domain,indic_cjk_arabic,,boundary_bpe,65536,27,525
train,domain,indic_cjk_arabic,,boundary_bpe,65536,28,28
train,domain,indic_cjk_arabic,,boundary_bpe,65536,30,90
train,domain,indic_cjk_arabic,,boundary_bpe,65536,31,7
train,domain,indic_cjk_arabic,,boundary_bpe,65536,33,91
train,domain,indic_cjk_arabic,,boundary_bpe,65536,34,5
train,domain,indic_cjk_arabic,,boundary_bpe,65536,36,15
train,domain,indic_cjk_arabic,,boundary_bpe,65536,39,24
train,domain,indic_cjk_arabic,,boundary_bpe,65536,42,76
train,domain,latin_english,,boundary_bpe,65536,1,22798
train,domain,latin_english,,boundary_bpe,65536,2,5345
train,domain,latin_english,,boundary_bpe,65536,3,6154
train,domain,latin_english,,boundary_bpe,65536,4,4652
train,domain,latin_english,,boundary_bpe,65536,5,2706
train,domain,latin_english,,boundary_bpe,65536,6,2146
train,domain,latin_english,,boundary_bpe,65536,7,1579
train,domain,latin_english,,boundary_bpe,65536,8,989
train,domain,latin_english,,boundary_bpe,65536,9,685
train,domain,latin_english,,boundary_bpe,65536,10,356
train,domain,latin_english,,boundary_bpe,65536,11,168
train,domain,latin_english,,boundary_bpe,65536,12,67
train,domain,latin_english,,boundary_bpe,65536,13,38
train,domain,latin_english,,boundary_bpe,65536,14,7
train,domain,latin_english,,boundary_bpe,65536,15,3
train,aggregate,,,boundary_bpe,65536,1,1494780
train,aggregate,,,boundary_bpe,65536,2,323479
train,aggregate,,,boundary_bpe,65536,3,394276
train,aggregate,,,boundary_bpe,65536,4,209479
train,aggregate,,,boundary_bpe,65536,5,80250
train,aggregate,,,boundary_bpe,65536,6,310893
train,aggregate,,,boundary_bpe,65536,7,49491
train,aggregate,,,boundary_bpe,65536,8,59517
train,aggregate,,,boundary_bpe,65536,9,94284
train,aggregate,,,boundary_bpe,65536,10,29732
train,aggregate,,,boundary_bpe,65536,11,7007
train,aggregate,,,boundary_bpe,65536,12,51862
train,aggregate,,,boundary_bpe,65536,13,6393
train,aggregate,,,boundary_bpe,65536,14,6325
train,aggregate,,,boundary_bpe,65536,15,19786
train,aggregate,,,boundary_bpe,65536,16,2815
train,aggregate,,,boundary_bpe,65536,17,1492
train,aggregate,,,boundary_bpe,65536,18,10528
train,aggregate,,,boundary_bpe,65536,19,1078
train,aggregate,,,boundary_bpe,65536,20,850
train,aggregate,,,boundary_bpe,65536,21,4347
train,aggregate,,,boundary_bpe,65536,22,562
train,aggregate,,,boundary_bpe,65536,23,542
train,aggregate,,,boundary_bpe,65536,24,1698
train,aggregate,,,boundary_bpe,65536,25,350
train,aggregate,,,boundary_bpe,65536,26,56
train,aggregate,,,boundary_bpe,65536,27,797
train,aggregate,,,boundary_bpe,65536,28,58
train,aggregate,,,boundary_bpe,65536,29,237
train,aggregate,,,boundary_bpe,65536,30,494
train,aggregate,,,boundary_bpe,65536,31,270
train,aggregate,,,boundary_bpe,65536,32,281
train,aggregate,,,boundary_bpe,65536,33,91
train,aggregate,,,boundary_bpe,65536,34,5
train,aggregate,,,boundary_bpe,65536,36,76
train,aggregate,,,boundary_bpe,65536,39,24
train,aggregate,,,boundary_bpe,65536,42,98
train,aggregate,,,boundary_bpe,65536,43,112
train,aggregate,,,boundary_bpe,65536,46,48
train,aggregate,,,boundary_bpe,65536,47,178
train,aggregate,,,boundary_bpe,65536,48,23
train,aggregate,,,boundary_bpe,65536,56,43
train,aggregate,,,boundary_bpe,65536,62,226
train,aggregate,,,boundary_bpe,65536,64,42
train,aggregate,,,boundary_bpe,65536,66,2
train,aggregate,,,boundary_bpe,65536,69,42
train,aggregate,,,boundary_bpe,65536,72,51
train,aggregate,,,boundary_bpe,65536,76,24
train,aggregate,,,boundary_bpe,65536,80,39
validation,stratum,flores200,am,boundary_bpe,65536,1,8212
validation,stratum,flores200,am,boundary_bpe,65536,2,193
validation,stratum,flores200,am,boundary_bpe,65536,3,9272
validation,stratum,flores200,am,boundary_bpe,65536,4,43
validation,stratum,flores200,am,boundary_bpe,65536,5,11
validation,stratum,flores200,am,boundary_bpe,65536,6,6829
validation,stratum,flores200,am,boundary_bpe,65536,7,7
validation,stratum,flores200,am,boundary_bpe,65536,8,2
validation,stratum,flores200,am,boundary_bpe,65536,9,2208
validation,stratum,flores200,am,boundary_bpe,65536,10,1
validation,stratum,flores200,am,boundary_bpe,65536,11,4
validation,stratum,flores200,am,boundary_bpe,65536,12,696
validation,stratum,flores200,am,boundary_bpe,65536,15,173
validation,stratum,flores200,am,boundary_bpe,65536,18,54
validation,stratum,flores200,am,boundary_bpe,65536,21,6
validation,stratum,flores200,ar,boundary_bpe,65536,1,9417
validation,stratum,flores200,ar,boundary_bpe,65536,2,3999
validation,stratum,flores200,ar,boundary_bpe,65536,3,171
validation,stratum,flores200,ar,boundary_bpe,65536,4,7735
validation,stratum,flores200,ar,boundary_bpe,65536,5,93
validation,stratum,flores200,ar,boundary_bpe,65536,6,4709
validation,stratum,flores200,ar,boundary_bpe,65536,7,2
validation,stratum,flores200,ar,boundary_bpe,65536,8,1617
validation,stratum,flores200,ar,boundary_bpe,65536,9,1
validation,stratum,flores200,ar,boundary_bpe,65536,10,548
validation,stratum,flores200,ar,boundary_bpe,65536,12,172
validation,stratum,flores200,ar,boundary_bpe,65536,14,69
validation,stratum,flores200,ar,boundary_bpe,65536,16,27
validation,stratum,flores200,ar,boundary_bpe,65536,18,9
validation,stratum,flores200,ar,boundary_bpe,65536,20,2
validation,stratum,flores200,bg,boundary_bpe,65536,1,10025
validation,stratum,flores200,bg,boundary_bpe,65536,2,2610
validation,stratum,flores200,bg,boundary_bpe,65536,3,434
validation,stratum,flores200,bg,boundary_bpe,65536,4,6920
validation,stratum,flores200,bg,boundary_bpe,65536,5,563
validation,stratum,flores200,bg,boundary_bpe,65536,6,3257
validation,stratum,flores200,bg,boundary_bpe,65536,7,95
validation,stratum,flores200,bg,boundary_bpe,65536,8,2651
validation,stratum,flores200,bg,boundary_bpe,65536,9,49
validation,stratum,flores200,bg,boundary_bpe,65536,10,1323
validation,stratum,flores200,bg,boundary_bpe,65536,11,3
validation,stratum,flores200,bg,boundary_bpe,65536,12,531
validation,stratum,flores200,bg,boundary_bpe,65536,14,189
validation,stratum,flores200,bg,boundary_bpe,65536,15,1
validation,stratum,flores200,bg,boundary_bpe,65536,16,146
validation,stratum,flores200,bg,boundary_bpe,65536,17,1
validation,stratum,flores200,bg,boundary_bpe,65536,18,40
validation,stratum,flores200,bg,boundary_bpe,65536,20,21
validation,stratum,flores200,bg,boundary_bpe,65536,22,1
validation,stratum,flores200,bn,boundary_bpe,65536,1,9083
validation,stratum,flores200,bn,boundary_bpe,65536,2,125
validation,stratum,flores200,bn,boundary_bpe,65536,3,4548
validation,stratum,flores200,bn,boundary_bpe,65536,4,36
validation,stratum,flores200,bn,boundary_bpe,65536,5,1
validation,stratum,flores200,bn,boundary_bpe,65536,6,6380
validation,stratum,flores200,bn,boundary_bpe,65536,7,52
validation,stratum,flores200,bn,boundary_bpe,65536,9,4213
validation,stratum,flores200,bn,boundary_bpe,65536,10,16
validation,stratum,flores200,bn,boundary_bpe,65536,12,2487
validation,stratum,flores200,bn,boundary_bpe,65536,13,1
validation,stratum,flores200,bn,boundary_bpe,65536,15,1007
validation,stratum,flores200,bn,boundary_bpe,65536,18,391
validation,stratum,flores200,bn,boundary_bpe,65536,21,250
validation,stratum,flores200,bn,boundary_bpe,65536,24,104
validation,stratum,flores200,bn,boundary_bpe,65536,27,12
validation,stratum,flores200,bn,boundary_bpe,65536,30,2
validation,stratum,flores200,bn,boundary_bpe,65536,36,5
validation,stratum,flores200,bn,boundary_bpe,65536,39,2
validation,stratum,flores200,fa,boundary_bpe,65536,1,11642
validation,stratum,flores200,fa,boundary_bpe,65536,2,2985
validation,stratum,flores200,fa,boundary_bpe,65536,3,332
validation,stratum,flores200,fa,boundary_bpe,65536,4,6893
validation,stratum,flores200,fa,boundary_bpe,65536,5,176
validation,stratum,flores200,fa,boundary_bpe,65536,6,4066
validation,stratum,flores200,fa,boundary_bpe,65536,7,507
validation,stratum,flores200,fa,boundary_bpe,65536,8,2224
validation,stratum,flores200,fa,boundary_bpe,65536,9,319
validation,stratum,flores200,fa,boundary_bpe,65536,10,1032
validation,stratum,flores200,fa,boundary_bpe,65536,11,98
validation,stratum,flores200,fa,boundary_bpe,65536,12,297
validation,stratum,flores200,fa,boundary_bpe,65536,13,51
validation,stratum,flores200,fa,boundary_bpe,65536,14,128
validation,stratum,flores200,fa,boundary_bpe,65536,15,27
validation,stratum,flores200,fa,boundary_bpe,65536,16,15
validation,stratum,flores200,fa,boundary_bpe,65536,17,13
validation,stratum,flores200,fa,boundary_bpe,65536,18,5
validation,stratum,flores200,fa,boundary_bpe,65536,19,4
validation,stratum,flores200,fa,boundary_bpe,65536,25,1
validation,stratum,flores200,gu,boundary_bpe,65536,1,9354
validation,stratum,flores200,gu,boundary_bpe,65536,2,192
validation,stratum,flores200,gu,boundary_bpe,65536,3,4583
validation,stratum,flores200,gu,boundary_bpe,65536,4,29
validation,stratum,flores200,gu,boundary_bpe,65536,5,2
validation,stratum,flores200,gu,boundary_bpe,65536,6,7679
validation,stratum,flores200,gu,boundary_bpe,65536,7,332
validation,stratum,flores200,gu,boundary_bpe,65536,8,2
validation,stratum,flores200,gu,boundary_bpe,65536,9,3693
validation,stratum,flores200,gu,boundary_bpe,65536,10,98
validation,stratum,flores200,gu,boundary_bpe,65536,12,1617
validation,stratum,flores200,gu,boundary_bpe,65536,13,30
validation,stratum,flores200,gu,boundary_bpe,65536,15,687
validation,stratum,flores200,gu,boundary_bpe,65536,16,2
validation,stratum,flores200,gu,boundary_bpe,65536,18,261
validation,stratum,flores200,gu,boundary_bpe,65536,21,143
validation,stratum,flores200,gu,boundary_bpe,65536,24,15
validation,stratum,flores200,gu,boundary_bpe,65536,27,4
validation,stratum,flores200,hi,boundary_bpe,65536,1,11343
validation,stratum,flores200,hi,boundary_bpe,65536,2,110
validation,stratum,flores200,hi,boundary_bpe,65536,3,3110
validation,stratum,flores200,hi,boundary_bpe,65536,4,61
validation,stratum,flores200,hi,boundary_bpe,65536,5,5
validation,stratum,flores200,hi,boundary_bpe,65536,6,8705
validation,stratum,flores200,hi,boundary_bpe,65536,7,301
validation,stratum,flores200,hi,boundary_bpe,65536,9,3394
validation,stratum,flores200,hi,boundary_bpe,65536,10,132
validation,stratum,flores200,hi,boundary_bpe,65536,12,1988
validation,stratum,flores200,hi,boundary_bpe,65536,13,1
validation,stratum,flores200,hi,boundary_bpe,65536,15,556
validation,stratum,flores200,hi,boundary_bpe,65536,18,226
validation,stratum,flores200,hi,boundary_bpe,65536,21,137
validation,stratum,flores200,hi,boundary_bpe,65536,24,66
validation,stratum,flores200,hi,boundary_bpe,65536,27,14
validation,stratum,flores200,hi,boundary_bpe,65536,30,5
validation,stratum,flores200,hi,boundary_bpe,65536,33,1
validation,stratum,flores200,ja,boundary_bpe,65536,1,324
validation,stratum,flores200,ja,boundary_bpe,65536,2,176
validation,stratum,flores200,ja,boundary_bpe,65536,3,12822
validation,stratum,flores200,ja,boundary_bpe,65536,4,58
validation,stratum,flores200,ja,boundary_bpe,65536,5,6
validation,stratum,flores200,ja,boundary_bpe,65536,6,3930
validation,stratum,flores200,ja,boundary_bpe,65536,7,6
validation,stratum,flores200,ja,boundary_bpe,65536,9,983
validation,stratum,flores200,ja,boundary_bpe,65536,12,410
validation,stratum,flores200,ja,boundary_bpe,65536,15,95
validation,stratum,flores200,ja,boundary_bpe,65536,18,63
validation,stratum,flores200,kn,boundary_bpe,65536,1,8471
validation,stratum,flores200,kn,boundary_bpe,65536,2,178
validation,stratum,flores200,kn,boundary_bpe,65536,3,5083
validation,stratum,flores200,kn,boundary_bpe,65536,4,61
validation,stratum,flores200,kn,boundary_bpe,65536,5,6
validation,stratum,flores200,kn,boundary_bpe,65536,6,7494
validation,stratum,flores200,kn,boundary_bpe,65536,7,148
validation,stratum,flores200,kn,boundary_bpe,65536,8,1
validation,stratum,flores200,kn,boundary_bpe,65536,9,4016
validation,stratum,flores200,kn,boundary_bpe,65536,10,118
validation,stratum,flores200,kn,boundary_bpe,65536,12,2492
validation,stratum,flores200,kn,boundary_bpe,65536,13,53
validation,stratum,flores200,kn,boundary_bpe,65536,15,1617
validation,stratum,flores200,kn,boundary_bpe,65536,16,73
validation,stratum,flores200,kn,boundary_bpe,65536,18,649
validation,stratum,flores200,kn,boundary_bpe,65536,19,90
validation,stratum,flores200,kn,boundary_bpe,65536,21,161
validation,stratum,flores200,kn,boundary_bpe,65536,22,67
validation,stratum,flores200,kn,boundary_bpe,65536,24,36
validation,stratum,flores200,kn,boundary_bpe,65536,25,19
validation,stratum,flores200,kn,boundary_bpe,65536,27,1
validation,stratum,flores200,kn,boundary_bpe,65536,28,6
validation,stratum,flores200,ko,boundary_bpe,65536,1,7585
validation,stratum,flores200,ko,boundary_bpe,65536,2,304
validation,stratum,flores200,ko,boundary_bpe,65536,3,11630
validation,stratum,flores200,ko,boundary_bpe,65536,4,180
validation,stratum,flores200,ko,boundary_bpe,65536,5,15
validation,stratum,flores200,ko,boundary_bpe,65536,6,4075
validation,stratum,flores200,ko,boundary_bpe,65536,7,249
validation,stratum,flores200,ko,boundary_bpe,65536,8,4
validation,stratum,flores200,ko,boundary_bpe,65536,9,393
validation,stratum,flores200,ko,boundary_bpe,65536,10,197
validation,stratum,flores200,ko,boundary_bpe,65536,12,15
validation,stratum,flores200,ko,boundary_bpe,65536,13,131
validation,stratum,flores200,ko,boundary_bpe,65536,15,1
validation,stratum,flores200,ko,boundary_bpe,65536,16,11
validation,stratum,flores200,ml,boundary_bpe,65536,1,7660
validation,stratum,flores200,ml,boundary_bpe,65536,2,179
validation,stratum,flores200,ml,boundary_bpe,65536,3,6241
validation,stratum,flores200,ml,boundary_bpe,65536,4,114
validation,stratum,flores200,ml,boundary_bpe,65536,5,4
validation,stratum,flores200,ml,boundary_bpe,65536,6,6715
validation,stratum,flores200,ml,boundary_bpe,65536,7,94
validation,stratum,flores200,ml,boundary_bpe,65536,8,1
validation,stratum,flores200,ml,boundary_bpe,65536,9,4274
validation,stratum,flores200,ml,boundary_bpe,65536,10,24
validation,stratum,flores200,ml,boundary_bpe,65536,12,2937
validation,stratum,flores200,ml,boundary_bpe,65536,13,110
validation,stratum,flores200,ml,boundary_bpe,65536,15,1635
validation,stratum,flores200,ml,boundary_bpe,65536,16,87
validation,stratum,flores200,ml,boundary_bpe,65536,18,803
validation,stratum,flores200,ml,boundary_bpe,65536,19,50
validation,stratum,flores200,ml,boundary_bpe,65536,21,336
validation,stratum,flores200,ml,boundary_bpe,65536,24,158
validation,stratum,flores200,ml,boundary_bpe,65536,25,13
validation,stratum,flores200,ml,boundary_bpe,65536,27,107
validation,stratum,flores200,ml,boundary_bpe,65536,28,31
validation,stratum,flores200,ml,boundary_bpe,65536,30,13
validation,stratum,flores200,ml,boundary_bpe,65536,33,8
validation,stratum,flores200,ml,boundary_bpe,65536,34,1
validation,stratum,flores200,mr,boundary_bpe,65536,1,9343
validation,stratum,flores200,mr,boundary_bpe,65536,2,195
validation,stratum,flores200,mr,boundary_bpe,65536,3,3759
validation,stratum,flores200,mr,boundary_bpe,65536,4,91
validation,stratum,flores200,mr,boundary_bpe,65536,5,2
validation,stratum,flores200,mr,boundary_bpe,65536,6,7668
validation,stratum,flores200,mr,boundary_bpe,65536,7,160
validation,stratum,flores200,mr,boundary_bpe,65536,9,3490
validation,stratum,flores200,mr,boundary_bpe,65536,10,182
validation,stratum,flores200,mr,boundary_bpe,65536,12,2408
validation,stratum,flores200,mr,boundary_bpe,65536,13,164
validation,stratum,flores200,mr,boundary_bpe,65536,15,912
validation,stratum,flores200,mr,boundary_bpe,65536,16,9
validation,stratum,flores200,mr,boundary_bpe,65536,18,773
validation,stratum,flores200,mr,boundary_bpe,65536,21,218
validation,stratum,flores200,mr,boundary_bpe,65536,24,190
validation,stratum,flores200,mr,boundary_bpe,65536,27,47
validation,stratum,flores200,mr,boundary_bpe,65536,30,19
validation,stratum,flores200,mr,boundary_bpe,65536,36,2
validation,stratum,flores200,ru,boundary_bpe,65536,1,9666
validation,stratum,flores200,ru,boundary_bpe,65536,2,3486
validation,stratum,flores200,ru,boundary_bpe,65536,3,509
validation,stratum,flores200,ru,boundary_bpe,65536,4,6001
validation,stratum,flores200,ru,boundary_bpe,65536,5,419
validation,stratum,flores200,ru,boundary_bpe,65536,6,4394
validation,stratum,flores200,ru,boundary_bpe,65536,7,120
validation,stratum,flores200,ru,boundary_bpe,65536,8,2486
validation,stratum,flores200,ru,boundary_bpe,65536,9,72
validation,stratum,flores200,ru,boundary_bpe,65536,10,1457
validation,stratum,flores200,ru,boundary_bpe,65536,11,14
validation,stratum,flores200,ru,boundary_bpe,65536,12,749
validation,stratum,flores200,ru,boundary_bpe,65536,14,301
validation,stratum,flores200,ru,boundary_bpe,65536,15,2
validation,stratum,flores200,ru,boundary_bpe,65536,16,147
validation,stratum,flores200,ru,boundary_bpe,65536,17,3
validation,stratum,flores200,ru,boundary_bpe,65536,18,58
validation,stratum,flores200,ru,boundary_bpe,65536,20,51
validation,stratum,flores200,ru,boundary_bpe,65536,22,8
validation,stratum,flores200,ru,boundary_bpe,65536,24,2
validation,stratum,flores200,ru,boundary_bpe,65536,26,3
validation,stratum,flores200,sw,boundary_bpe,65536,1,11324
validation,stratum,flores200,sw,boundary_bpe,65536,2,5379
validation,stratum,flores200,sw,boundary_bpe,65536,3,4359
validation,stratum,flores200,sw,boundary_bpe,65536,4,2675
validation,stratum,flores200,sw,boundary_bpe,65536,5,1378
validation,stratum,flores200,sw,boundary_bpe,65536,6,1292
validation,stratum,flores200,sw,boundary_bpe,65536,7,498
validation,stratum,flores200,sw,boundary_bpe,65536,8,239
validation,stratum,flores200,sw,boundary_bpe,65536,9,78
validation,stratum,flores200,sw,boundary_bpe,65536,10,23
validation,stratum,flores200,sw,boundary_bpe,65536,11,15
validation,stratum,flores200,ta,boundary_bpe,65536,1,8290
validation,stratum,flores200,ta,boundary_bpe,65536,2,224
validation,stratum,flores200,ta,boundary_bpe,65536,3,3608
validation,stratum,flores200,ta,boundary_bpe,65536,4,85
validation,stratum,flores200,ta,boundary_bpe,65536,5,5
validation,stratum,flores200,ta,boundary_bpe,65536,6,6426
validation,stratum,flores200,ta,boundary_bpe,65536,7,245
validation,stratum,flores200,ta,boundary_bpe,65536,8,3
validation,stratum,flores200,ta,boundary_bpe,65536,9,4503
validation,stratum,flores200,ta,boundary_bpe,65536,10,192
validation,stratum,flores200,ta,boundary_bpe,65536,12,2818
validation,stratum,flores200,ta,boundary_bpe,65536,13,59
validation,stratum,flores200,ta,boundary_bpe,65536,15,1552
validation,stratum,flores200,ta,boundary_bpe,65536,16,58
validation,stratum,flores200,ta,boundary_bpe,65536,18,908
validation,stratum,flores200,ta,boundary_bpe,65536,19,34
validation,stratum,flores200,ta,boundary_bpe,65536,21,530
validation,stratum,flores200,ta,boundary_bpe,65536,22,1
validation,stratum,flores200,ta,boundary_bpe,65536,24,154
validation,stratum,flores200,ta,boundary_bpe,65536,25,24
validation,stratum,flores200,ta,boundary_bpe,65536,27,103
validation,stratum,flores200,ta,boundary_bpe,65536,30,13
validation,stratum,flores200,ta,boundary_bpe,65536,33,5
validation,stratum,flores200,te,boundary_bpe,65536,1,8537
validation,stratum,flores200,te,boundary_bpe,65536,2,333
validation,stratum,flores200,te,boundary_bpe,65536,3,4110
validation,stratum,flores200,te,boundary_bpe,65536,4,84
validation,stratum,flores200,te,boundary_bpe,65536,5,26
validation,stratum,flores200,te,boundary_bpe,65536,6,8585
validation,stratum,flores200,te,boundary_bpe,65536,7,121
validation,stratum,flores200,te,boundary_bpe,65536,8,7
validation,stratum,flores200,te,boundary_bpe,65536,9,3201
validation,stratum,flores200,te,boundary_bpe,65536,10,132
validation,stratum,flores200,te,boundary_bpe,65536,12,2461
validation,stratum,flores200,te,boundary_bpe,65536,13,48
validation,stratum,flores200,te,boundary_bpe,65536,15,979
validation,stratum,flores200,te,boundary_bpe,65536,16,86
validation,stratum,flores200,te,boundary_bpe,65536,18,564
validation,stratum,flores200,te,boundary_bpe,65536,19,58
validation,stratum,flores200,te,boundary_bpe,65536,21,129
validation,stratum,flores200,te,boundary_bpe,65536,22,71
validation,stratum,flores200,te,boundary_bpe,65536,24,75
validation,stratum,flores200,te,boundary_bpe,65536,25,5
validation,stratum,flores200,te,boundary_bpe,65536,27,31
validation,stratum,flores200,te,boundary_bpe,65536,30,3
validation,stratum,flores200,te,boundary_bpe,65536,31,4
validation,stratum,flores200,uk,boundary_bpe,65536,1,9691
validation,stratum,flores200,uk,boundary_bpe,65536,2,3257
validation,stratum,flores200,uk,boundary_bpe,65536,3,529
validation,stratum,flores200,uk,boundary_bpe,65536,4,7219
validation,stratum,flores200,uk,boundary_bpe,65536,5,464
validation,stratum,flores200,uk,boundary_bpe,65536,6,4427
validation,stratum,flores200,uk,boundary_bpe,65536,7,94
validation,stratum,flores200,uk,boundary_bpe,65536,8,2452
validation,stratum,flores200,uk,boundary_bpe,65536,9,46
validation,stratum,flores200,uk,boundary_bpe,65536,10,1311
validation,stratum,flores200,uk,boundary_bpe,65536,11,14
validation,stratum,flores200,uk,boundary_bpe,65536,12,515
validation,stratum,flores200,uk,boundary_bpe,65536,14,190
validation,stratum,flores200,uk,boundary_bpe,65536,15,4
validation,stratum,flores200,uk,boundary_bpe,65536,16,97
validation,stratum,flores200,uk,boundary_bpe,65536,18,30
validation,stratum,flores200,uk,boundary_bpe,65536,20,8
validation,stratum,flores200,uk,boundary_bpe,65536,22,12
validation,stratum,flores200,uk,boundary_bpe,65536,24,2
validation,stratum,flores200,ur,boundary_bpe,65536,1,13235
validation,stratum,flores200,ur,boundary_bpe,65536,2,3149
validation,stratum,flores200,ur,boundary_bpe,65536,3,93
validation,stratum,flores200,ur,boundary_bpe,65536,4,8719
validation,stratum,flores200,ur,boundary_bpe,65536,5,4
validation,stratum,flores200,ur,boundary_bpe,65536,6,4792
validation,stratum,flores200,ur,boundary_bpe,65536,7,1
validation,stratum,flores200,ur,boundary_bpe,65536,8,2201
validation,stratum,flores200,ur,boundary_bpe,65536,10,779
validation,stratum,flores200,ur,boundary_bpe,65536,12,192
validation,stratum,flores200,ur,boundary_bpe,65536,14,58
validation,stratum,flores200,ur,boundary_bpe,65536,16,9
validation,stratum,flores200,yo,boundary_bpe,65536,1,14798
validation,stratum,flores200,yo,boundary_bpe,65536,2,8370
validation,stratum,flores200,yo,boundary_bpe,65536,3,6787
validation,stratum,flores200,yo,boundary_bpe,65536,4,2485
validation,stratum,flores200,yo,boundary_bpe,65536,5,1161
validation,stratum,flores200,yo,boundary_bpe,65536,6,932
validation,stratum,flores200,yo,boundary_bpe,65536,7,654
validation,stratum,flores200,yo,boundary_bpe,65536,8,77
validation,stratum,flores200,yo,boundary_bpe,65536,9,83
validation,stratum,flores200,yo,boundary_bpe,65536,10,8
validation,stratum,flores200,yo,boundary_bpe,65536,11,4
validation,stratum,flores200,yo,boundary_bpe,65536,13,2
validation,stratum,flores200,yo,boundary_bpe,65536,14,1
validation,stratum,flores200,yo,boundary_bpe,65536,15,1
validation,stratum,flores200,zh,boundary_bpe,65536,1,1334
validation,stratum,flores200,zh,boundary_bpe,65536,2,389
validation,stratum,flores200,zh,boundary_bpe,65536,3,13350
validation,stratum,flores200,zh,boundary_bpe,65536,4,403
validation,stratum,flores200,zh,boundary_bpe,65536,5,22
validation,stratum,flores200,zh,boundary_bpe,65536,6,2006
validation,stratum,flores200,zh,boundary_bpe,65536,7,25
validation,stratum,flores200,zh,boundary_bpe,65536,8,2
validation,stratum,flores200,zh,boundary_bpe,65536,9,46
validation,stratum,flores200,zh,boundary_bpe,65536,10,1
validation,stratum,flores200,zh,boundary_bpe,65536,11,1
validation,language,,am,boundary_bpe,65536,1,8212
validation,language,,am,boundary_bpe,65536,2,193
validation,language,,am,boundary_bpe,65536,3,9272
validation,language,,am,boundary_bpe,65536,4,43
validation,language,,am,boundary_bpe,65536,5,11
validation,language,,am,boundary_bpe,65536,6,6829
validation,language,,am,boundary_bpe,65536,7,7
validation,language,,am,boundary_bpe,65536,8,2
validation,language,,am,boundary_bpe,65536,9,2208
validation,language,,am,boundary_bpe,65536,10,1
validation,language,,am,boundary_bpe,65536,11,4
validation,language,,am,boundary_bpe,65536,12,696
validation,language,,am,boundary_bpe,65536,15,173
validation,language,,am,boundary_bpe,65536,18,54
validation,language,,am,boundary_bpe,65536,21,6
validation,language,,ar,boundary_bpe,65536,1,9417
validation,language,,ar,boundary_bpe,65536,2,3999
validation,language,,ar,boundary_bpe,65536,3,171
validation,language,,ar,boundary_bpe,65536,4,7735
validation,language,,ar,boundary_bpe,65536,5,93
validation,language,,ar,boundary_bpe,65536,6,4709
validation,language,,ar,boundary_bpe,65536,7,2
validation,language,,ar,boundary_bpe,65536,8,1617
validation,language,,ar,boundary_bpe,65536,9,1
validation,language,,ar,boundary_bpe,65536,10,548
validation,language,,ar,boundary_bpe,65536,12,172
validation,language,,ar,boundary_bpe,65536,14,69
validation,language,,ar,boundary_bpe,65536,16,27
validation,language,,ar,boundary_bpe,65536,18,9
validation,language,,ar,boundary_bpe,65536,20,2
validation,language,,bg,boundary_bpe,65536,1,10025
validation,language,,bg,boundary_bpe,65536,2,2610
validation,language,,bg,boundary_bpe,65536,3,434
validation,language,,bg,boundary_bpe,65536,4,6920
validation,language,,bg,boundary_bpe,65536,5,563
validation,language,,bg,boundary_bpe,65536,6,3257
validation,language,,bg,boundary_bpe,65536,7,95
validation,language,,bg,boundary_bpe,65536,8,2651
validation,language,,bg,boundary_bpe,65536,9,49
validation,language,,bg,boundary_bpe,65536,10,1323
validation,language,,bg,boundary_bpe,65536,11,3
validation,language,,bg,boundary_bpe,65536,12,531
validation,language,,bg,boundary_bpe,65536,14,189
validation,language,,bg,boundary_bpe,65536,15,1
validation,language,,bg,boundary_bpe,65536,16,146
validation,language,,bg,boundary_bpe,65536,17,1
validation,language,,bg,boundary_bpe,65536,18,40
validation,language,,bg,boundary_bpe,65536,20,21
validation,language,,bg,boundary_bpe,65536,22,1
validation,language,,bn,boundary_bpe,65536,1,9083
validation,language,,bn,boundary_bpe,65536,2,125
validation,language,,bn,boundary_bpe,65536,3,4548
validation,language,,bn,boundary_bpe,65536,4,36
validation,language,,bn,boundary_bpe,65536,5,1
validation,language,,bn,boundary_bpe,65536,6,6380
validation,language,,bn,boundary_bpe,65536,7,52
validation,language,,bn,boundary_bpe,65536,9,4213
validation,language,,bn,boundary_bpe,65536,10,16
validation,language,,bn,boundary_bpe,65536,12,2487
validation,language,,bn,boundary_bpe,65536,13,1
validation,language,,bn,boundary_bpe,65536,15,1007
validation,language,,bn,boundary_bpe,65536,18,391
validation,language,,bn,boundary_bpe,65536,21,250
validation,language,,bn,boundary_bpe,65536,24,104
validation,language,,bn,boundary_bpe,65536,27,12
validation,language,,bn,boundary_bpe,65536,30,2
validation,language,,bn,boundary_bpe,65536,36,5
validation,language,,bn,boundary_bpe,65536,39,2
validation,language,,fa,boundary_bpe,65536,1,11642
validation,language,,fa,boundary_bpe,65536,2,2985
validation,language,,fa,boundary_bpe,65536,3,332
validation,language,,fa,boundary_bpe,65536,4,6893
validation,language,,fa,boundary_bpe,65536,5,176
validation,language,,fa,boundary_bpe,65536,6,4066
validation,language,,fa,boundary_bpe,65536,7,507
validation,language,,fa,boundary_bpe,65536,8,2224
validation,language,,fa,boundary_bpe,65536,9,319
validation,language,,fa,boundary_bpe,65536,10,1032
validation,language,,fa,boundary_bpe,65536,11,98
validation,language,,fa,boundary_bpe,65536,12,297
validation,language,,fa,boundary_bpe,65536,13,51
validation,language,,fa,boundary_bpe,65536,14,128
validation,language,,fa,boundary_bpe,65536,15,27
validation,language,,fa,boundary_bpe,65536,16,15
validation,language,,fa,boundary_bpe,65536,17,13
validation,language,,fa,boundary_bpe,65536,18,5
validation,language,,fa,boundary_bpe,65536,19,4
validation,language,,fa,boundary_bpe,65536,25,1
validation,language,,gu,boundary_bpe,65536,1,9354
validation,language,,gu,boundary_bpe,65536,2,192
validation,language,,gu,boundary_bpe,65536,3,4583
validation,language,,gu,boundary_bpe,65536,4,29
validation,language,,gu,boundary_bpe,65536,5,2
validation,language,,gu,boundary_bpe,65536,6,7679
validation,language,,gu,boundary_bpe,65536,7,332
validation,language,,gu,boundary_bpe,65536,8,2
validation,language,,gu,boundary_bpe,65536,9,3693
validation,language,,gu,boundary_bpe,65536,10,98
validation,language,,gu,boundary_bpe,65536,12,1617
validation,language,,gu,boundary_bpe,65536,13,30
validation,language,,gu,boundary_bpe,65536,15,687
validation,language,,gu,boundary_bpe,65536,16,2
validation,language,,gu,boundary_bpe,65536,18,261
validation,language,,gu,boundary_bpe,65536,21,143
validation,language,,gu,boundary_bpe,65536,24,15
validation,language,,gu,boundary_bpe,65536,27,4
validation,language,,hi,boundary_bpe,65536,1,11343
validation,language,,hi,boundary_bpe,65536,2,110
validation,language,,hi,boundary_bpe,65536,3,3110
validation,language,,hi,boundary_bpe,65536,4,61
validation,language,,hi,boundary_bpe,65536,5,5
validation,language,,hi,boundary_bpe,65536,6,8705
validation,language,,hi,boundary_bpe,65536,7,301
validation,language,,hi,boundary_bpe,65536,9,3394
validation,language,,hi,boundary_bpe,65536,10,132
validation,language,,hi,boundary_bpe,65536,12,1988
validation,language,,hi,boundary_bpe,65536,13,1
validation,language,,hi,boundary_bpe,65536,15,556
validation,language,,hi,boundary_bpe,65536,18,226
validation,language,,hi,boundary_bpe,65536,21,137
validation,language,,hi,boundary_bpe,65536,24,66
validation,language,,hi,boundary_bpe,65536,27,14
validation,language,,hi,boundary_bpe,65536,30,5
validation,language,,hi,boundary_bpe,65536,33,1
validation,language,,ja,boundary_bpe,65536,1,324
validation,language,,ja,boundary_bpe,65536,2,176
validation,language,,ja,boundary_bpe,65536,3,12822
validation,language,,ja,boundary_bpe,65536,4,58
validation,language,,ja,boundary_bpe,65536,5,6
validation,language,,ja,boundary_bpe,65536,6,3930
validation,language,,ja,boundary_bpe,65536,7,6
validation,language,,ja,boundary_bpe,65536,9,983
validation,language,,ja,boundary_bpe,65536,12,410
validation,language,,ja,boundary_bpe,65536,15,95
validation,language,,ja,boundary_bpe,65536,18,63
validation,language,,kn,boundary_bpe,65536,1,8471
validation,language,,kn,boundary_bpe,65536,2,178
validation,language,,kn,boundary_bpe,65536,3,5083
validation,language,,kn,boundary_bpe,65536,4,61
validation,language,,kn,boundary_bpe,65536,5,6
validation,language,,kn,boundary_bpe,65536,6,7494
validation,language,,kn,boundary_bpe,65536,7,148
validation,language,,kn,boundary_bpe,65536,8,1
validation,language,,kn,boundary_bpe,65536,9,4016
validation,language,,kn,boundary_bpe,65536,10,118
validation,language,,kn,boundary_bpe,65536,12,2492
validation,language,,kn,boundary_bpe,65536,13,53
validation,language,,kn,boundary_bpe,65536,15,1617
validation,language,,kn,boundary_bpe,65536,16,73
validation,language,,kn,boundary_bpe,65536,18,649
validation,language,,kn,boundary_bpe,65536,19,90
validation,language,,kn,boundary_bpe,65536,21,161
validation,language,,kn,boundary_bpe,65536,22,67
validation,language,,kn,boundary_bpe,65536,24,36
validation,language,,kn,boundary_bpe,65536,25,19
validation,language,,kn,boundary_bpe,65536,27,1
validation,language,,kn,boundary_bpe,65536,28,6
validation,language,,ko,boundary_bpe,65536,1,7585
validation,language,,ko,boundary_bpe,65536,2,304
validation,language,,ko,boundary_bpe,65536,3,11630
validation,language,,ko,boundary_bpe,65536,4,180
validation,language,,ko,boundary_bpe,65536,5,15
validation,language,,ko,boundary_bpe,65536,6,4075
validation,language,,ko,boundary_bpe,65536,7,249
validation,language,,ko,boundary_bpe,65536,8,4
validation,language,,ko,boundary_bpe,65536,9,393
validation,language,,ko,boundary_bpe,65536,10,197
validation,language,,ko,boundary_bpe,65536,12,15
validation,language,,ko,boundary_bpe,65536,13,131
validation,language,,ko,boundary_bpe,65536,15,1
validation,language,,ko,boundary_bpe,65536,16,11
validation,language,,ml,boundary_bpe,65536,1,7660
validation,language,,ml,boundary_bpe,65536,2,179
validation,language,,ml,boundary_bpe,65536,3,6241
validation,language,,ml,boundary_bpe,65536,4,114
validation,language,,ml,boundary_bpe,65536,5,4
validation,language,,ml,boundary_bpe,65536,6,6715
validation,language,,ml,boundary_bpe,65536,7,94
validation,language,,ml,boundary_bpe,65536,8,1
validation,language,,ml,boundary_bpe,65536,9,4274
validation,language,,ml,boundary_bpe,65536,10,24
validation,language,,ml,boundary_bpe,65536,12,2937
validation,language,,ml,boundary_bpe,65536,13,110
validation,language,,ml,boundary_bpe,65536,15,1635
validation,language,,ml,boundary_bpe,65536,16,87
validation,language,,ml,boundary_bpe,65536,18,803
validation,language,,ml,boundary_bpe,65536,19,50
validation,language,,ml,boundary_bpe,65536,21,336
validation,language,,ml,boundary_bpe,65536,24,158
validation,language,,ml,boundary_bpe,65536,25,13
validation,language,,ml,boundary_bpe,65536,27,107
validation,language,,ml,boundary_bpe,65536,28,31
validation,language,,ml,boundary_bpe,65536,30,13
validation,language,,ml,boundary_bpe,65536,33,8
validation,language,,ml,boundary_bpe,65536,34,1
validation,language,,mr,boundary_bpe,65536,1,9343
validation,language,,mr,boundary_bpe,65536,2,195
validation,language,,mr,boundary_bpe,65536,3,3759
validation,language,,mr,boundary_bpe,65536,4,91
validation,language,,mr,boundary_bpe,65536,5,2
validation,language,,mr,boundary_bpe,65536,6,7668
validation,language,,mr,boundary_bpe,65536,7,160
validation,language,,mr,boundary_bpe,65536,9,3490
validation,language,,mr,boundary_bpe,65536,10,182
validation,language,,mr,boundary_bpe,65536,12,2408
validation,language,,mr,boundary_bpe,65536,13,164
validation,language,,mr,boundary_bpe,65536,15,912
validation,language,,mr,boundary_bpe,65536,16,9
validation,language,,mr,boundary_bpe,65536,18,773
validation,language,,mr,boundary_bpe,65536,21,218
validation,language,,mr,boundary_bpe,65536,24,190
validation,language,,mr,boundary_bpe,65536,27,47
validation,language,,mr,boundary_bpe,65536,30,19
validation,language,,mr,boundary_bpe,65536,36,2
validation,language,,ru,boundary_bpe,65536,1,9666
validation,language,,ru,boundary_bpe,65536,2,3486
validation,language,,ru,boundary_bpe,65536,3,509
validation,language,,ru,boundary_bpe,65536,4,6001
validation,language,,ru,boundary_bpe,65536,5,419
validation,language,,ru,boundary_bpe,65536,6,4394
validation,language,,ru,boundary_bpe,65536,7,120
validation,language,,ru,boundary_bpe,65536,8,2486
validation,language,,ru,boundary_bpe,65536,9,72
validation,language,,ru,boundary_bpe,65536,10,1457
validation,language,,ru,boundary_bpe,65536,11,14
validation,language,,ru,boundary_bpe,65536,12,749
validation,language,,ru,boundary_bpe,65536,14,301
validation,language,,ru,boundary_bpe,65536,15,2
validation,language,,ru,boundary_bpe,65536,16,147
validation,language,,ru,boundary_bpe,65536,17,3
validation,language,,ru,boundary_bpe,65536,18,58
validation,language,,ru,boundary_bpe,65536,20,51
validation,language,,ru,boundary_bpe,65536,22,8
validation,language,,ru,boundary_bpe,65536,24,2
validation,language,,ru,boundary_bpe,65536,26,3
validation,language,,sw,boundary_bpe,65536,1,11324
validation,language,,sw,boundary_bpe,65536,2,5379
validation,language,,sw,boundary_bpe,65536,3,4359
validation,language,,sw,boundary_bpe,65536,4,2675
validation,language,,sw,boundary_bpe,65536,5,1378
validation,language,,sw,boundary_bpe,65536,6,1292
validation,language,,sw,boundary_bpe,65536,7,498
validation,language,,sw,boundary_bpe,65536,8,239
validation,language,,sw,boundary_bpe,65536,9,78
validation,language,,sw,boundary_bpe,65536,10,23
validation,language,,sw,boundary_bpe,65536,11,15
validation,language,,ta,boundary_bpe,65536,1,8290
validation,language,,ta,boundary_bpe,65536,2,224
validation,language,,ta,boundary_bpe,65536,3,3608
validation,language,,ta,boundary_bpe,65536,4,85
validation,language,,ta,boundary_bpe,65536,5,5
validation,language,,ta,boundary_bpe,65536,6,6426
validation,language,,ta,boundary_bpe,65536,7,245
validation,language,,ta,boundary_bpe,65536,8,3
validation,language,,ta,boundary_bpe,65536,9,4503
validation,language,,ta,boundary_bpe,65536,10,192
validation,language,,ta,boundary_bpe,65536,12,2818
validation,language,,ta,boundary_bpe,65536,13,59
validation,language,,ta,boundary_bpe,65536,15,1552
validation,language,,ta,boundary_bpe,65536,16,58
validation,language,,ta,boundary_bpe,65536,18,908
validation,language,,ta,boundary_bpe,65536,19,34
validation,language,,ta,boundary_bpe,65536,21,530
validation,language,,ta,boundary_bpe,65536,22,1
validation,language,,ta,boundary_bpe,65536,24,154
validation,language,,ta,boundary_bpe,65536,25,24
validation,language,,ta,boundary_bpe,65536,27,103
validation,language,,ta,boundary_bpe,65536,30,13
validation,language,,ta,boundary_bpe,65536,33,5
validation,language,,te,boundary_bpe,65536,1,8537
validation,language,,te,boundary_bpe,65536,2,333
validation,language,,te,boundary_bpe,65536,3,4110
validation,language,,te,boundary_bpe,65536,4,84
validation,language,,te,boundary_bpe,65536,5,26
validation,language,,te,boundary_bpe,65536,6,8585
validation,language,,te,boundary_bpe,65536,7,121
validation,language,,te,boundary_bpe,65536,8,7
validation,language,,te,boundary_bpe,65536,9,3201
validation,language,,te,boundary_bpe,65536,10,132
validation,language,,te,boundary_bpe,65536,12,2461
validation,language,,te,boundary_bpe,65536,13,48
validation,language,,te,boundary_bpe,65536,15,979
validation,language,,te,boundary_bpe,65536,16,86
validation,language,,te,boundary_bpe,65536,18,564
validation,language,,te,boundary_bpe,65536,19,58
validation,language,,te,boundary_bpe,65536,21,129
validation,language,,te,boundary_bpe,65536,22,71
validation,language,,te,boundary_bpe,65536,24,75
validation,language,,te,boundary_bpe,65536,25,5
validation,language,,te,boundary_bpe,65536,27,31
validation,language,,te,boundary_bpe,65536,30,3
validation,language,,te,boundary_bpe,65536,31,4
validation,language,,uk,boundary_bpe,65536,1,9691
validation,language,,uk,boundary_bpe,65536,2,3257
validation,language,,uk,boundary_bpe,65536,3,529
validation,language,,uk,boundary_bpe,65536,4,7219
validation,language,,uk,boundary_bpe,65536,5,464
validation,language,,uk,boundary_bpe,65536,6,4427
validation,language,,uk,boundary_bpe,65536,7,94
validation,language,,uk,boundary_bpe,65536,8,2452
validation,language,,uk,boundary_bpe,65536,9,46
validation,language,,uk,boundary_bpe,65536,10,1311
validation,language,,uk,boundary_bpe,65536,11,14
validation,language,,uk,boundary_bpe,65536,12,515
validation,language,,uk,boundary_bpe,65536,14,190
validation,language,,uk,boundary_bpe,65536,15,4
validation,language,,uk,boundary_bpe,65536,16,97
validation,language,,uk,boundary_bpe,65536,18,30
validation,language,,uk,boundary_bpe,65536,20,8
validation,language,,uk,boundary_bpe,65536,22,12
validation,language,,uk,boundary_bpe,65536,24,2
validation,language,,ur,boundary_bpe,65536,1,13235
validation,language,,ur,boundary_bpe,65536,2,3149
validation,language,,ur,boundary_bpe,65536,3,93
validation,language,,ur,boundary_bpe,65536,4,8719
validation,language,,ur,boundary_bpe,65536,5,4
validation,language,,ur,boundary_bpe,65536,6,4792
validation,language,,ur,boundary_bpe,65536,7,1
validation,language,,ur,boundary_bpe,65536,8,2201
validation,language,,ur,boundary_bpe,65536,10,779
validation,language,,ur,boundary_bpe,65536,12,192
validation,language,,ur,boundary_bpe,65536,14,58
validation,language,,ur,boundary_bpe,65536,16,9
validation,language,,yo,boundary_bpe,65536,1,14798
validation,language,,yo,boundary_bpe,65536,2,8370
validation,language,,yo,boundary_bpe,65536,3,6787
validation,language,,yo,boundary_bpe,65536,4,2485
validation,language,,yo,boundary_bpe,65536,5,1161
validation,language,,yo,boundary_bpe,65536,6,932
validation,language,,yo,boundary_bpe,65536,7,654
validation,language,,yo,boundary_bpe,65536,8,77
validation,language,,yo,boundary_bpe,65536,9,83
validation,language,,yo,boundary_bpe,65536,10,8
validation,language,,yo,boundary_bpe,65536,11,4
validation,language,,yo,boundary_bpe,65536,13,2
validation,language,,yo,boundary_bpe,65536,14,1
validation,language,,yo,boundary_bpe,65536,15,1
validation,language,,zh,boundary_bpe,65536,1,1334
validation,language,,zh,boundary_bpe,65536,2,389
validation,language,,zh,boundary_bpe,65536,3,13350
validation,language,,zh,boundary_bpe,65536,4,403
validation,language,,zh,boundary_bpe,65536,5,22
validation,language,,zh,boundary_bpe,65536,6,2006
validation,language,,zh,boundary_bpe,65536,7,25
validation,language,,zh,boundary_bpe,65536,8,2
validation,language,,zh,boundary_bpe,65536,9,46
validation,language,,zh,boundary_bpe,65536,10,1
validation,language,,zh,boundary_bpe,65536,11,1
validation,domain,flores200,,boundary_bpe,65536,1,179334
validation,domain,flores200,,boundary_bpe,65536,2,35833
validation,domain,flores200,,boundary_bpe,65536,3,95330
validation,domain,flores200,,boundary_bpe,65536,4,49892
validation,domain,flores200,,boundary_bpe,65536,5,4363
validation,domain,flores200,,boundary_bpe,65536,6,104361
validation,domain,flores200,,boundary_bpe,65536,7,3711
validation,domain,flores200,,boundary_bpe,65536,8,13969
validation,domain,flores200,,boundary_bpe,65536,9,35062
validation,domain,flores200,,boundary_bpe,65536,10,7574
validation,domain,flores200,,boundary_bpe,65536,11,153
validation,domain,flores200,,boundary_bpe,65536,12,22785
validation,domain,flores200,,boundary_bpe,65536,13,650
validation,domain,flores200,,boundary_bpe,65536,14,936
validation,domain,flores200,,boundary_bpe,65536,15,9249
validation,domain,flores200,,boundary_bpe,65536,16,767
validation,domain,flores200,,boundary_bpe,65536,17,17
validation,domain,flores200,,boundary_bpe,65536,18,4834
validation,domain,flores200,,boundary_bpe,65536,19,236
validation,domain,flores200,,boundary_bpe,65536,20,82
validation,domain,flores200,,boundary_bpe,65536,21,1910
validation,domain,flores200,,boundary_bpe,65536,22,160
validation,domain,flores200,,boundary_bpe,65536,24,802
validation,domain,flores200,,boundary_bpe,65536,25,62
validation,domain,flores200,,boundary_bpe,65536,26,3
validation,domain,flores200,,boundary_bpe,65536,27,319
validation,domain,flores200,,boundary_bpe,65536,28,37
validation,domain,flores200,,boundary_bpe,65536,30,55
validation,domain,flores200,,boundary_bpe,65536,31,4
validation,domain,flores200,,boundary_bpe,65536,33,14
validation,domain,flores200,,boundary_bpe,65536,34,1
validation,domain,flores200,,boundary_bpe,65536,36,7
validation,domain,flores200,,boundary_bpe,65536,39,2
validation,aggregate,,,boundary_bpe,65536,1,179334
validation,aggregate,,,boundary_bpe,65536,2,35833
validation,aggregate,,,boundary_bpe,65536,3,95330
validation,aggregate,,,boundary_bpe,65536,4,49892
validation,aggregate,,,boundary_bpe,65536,5,4363
validation,aggregate,,,boundary_bpe,65536,6,104361
validation,aggregate,,,boundary_bpe,65536,7,3711
validation,aggregate,,,boundary_bpe,65536,8,13969
validation,aggregate,,,boundary_bpe,65536,9,35062
validation,aggregate,,,boundary_bpe,65536,10,7574
validation,aggregate,,,boundary_bpe,65536,11,153
validation,aggregate,,,boundary_bpe,65536,12,22785
validation,aggregate,,,boundary_bpe,65536,13,650
validation,aggregate,,,boundary_bpe,65536,14,936
validation,aggregate,,,boundary_bpe,65536,15,9249
validation,aggregate,,,boundary_bpe,65536,16,767
validation,aggregate,,,boundary_bpe,65536,17,17
validation,aggregate,,,boundary_bpe,65536,18,4834
validation,aggregate,,,boundary_bpe,65536,19,236
validation,aggregate,,,boundary_bpe,65536,20,82
validation,aggregate,,,boundary_bpe,65536,21,1910
validation,aggregate,,,boundary_bpe,65536,22,160
validation,aggregate,,,boundary_bpe,65536,24,802
validation,aggregate,,,boundary_bpe,65536,25,62
validation,aggregate,,,boundary_bpe,65536,26,3
validation,aggregate,,,boundary_bpe,65536,27,319
validation,aggregate,,,boundary_bpe,65536,28,37
validation,aggregate,,,boundary_bpe,65536,30,55
validation,aggregate,,,boundary_bpe,65536,31,4
validation,aggregate,,,boundary_bpe,65536,33,14
validation,aggregate,,,boundary_bpe,65536,34,1
validation,aggregate,,,boundary_bpe,65536,36,7
validation,aggregate,,,boundary_bpe,65536,39,2
train,stratum,code,c,uniq_superbpe,16384,1,81442
train,stratum,code,c,uniq_superbpe,16384,2,17044
train,stratum,code,c,uniq_superbpe,16384,3,13776
train,stratum,code,c,uniq_superbpe,16384,4,7482
train,stratum,code,c,uniq_superbpe,16384,5,4021
train,stratum,code,c,uniq_superbpe,16384,6,3519
train,stratum,code,c,uniq_superbpe,16384,7,1675
train,stratum,code,c,uniq_superbpe,16384,8,1066
train,stratum,code,c,uniq_superbpe,16384,9,309
train,stratum,code,c,uniq_superbpe,16384,10,393
train,stratum,code,c,uniq_superbpe,16384,11,148
train,stratum,code,c,uniq_superbpe,16384,12,179
train,stratum,code,c,uniq_superbpe,16384,13,88
train,stratum,code,c,uniq_superbpe,16384,14,124
train,stratum,code,c,uniq_superbpe,16384,15,79
train,stratum,code,c,uniq_superbpe,16384,16,430
train,stratum,code,cpp,uniq_superbpe,16384,1,216184
train,stratum,code,cpp,uniq_superbpe,16384,2,49822
train,stratum,code,cpp,uniq_superbpe,16384,3,32770
train,stratum,code,cpp,uniq_superbpe,16384,4,16647
train,stratum,code,cpp,uniq_superbpe,16384,5,9183
train,stratum,code,cpp,uniq_superbpe,16384,6,9078
train,stratum,code,cpp,uniq_superbpe,16384,7,3981
train,stratum,code,cpp,uniq_superbpe,16384,8,1975
train,stratum,code,cpp,uniq_superbpe,16384,9,1046
train,stratum,code,cpp,uniq_superbpe,16384,10,401
train,stratum,code,cpp,uniq_superbpe,16384,11,1713
train,stratum,code,cpp,uniq_superbpe,16384,12,737
train,stratum,code,cpp,uniq_superbpe,16384,13,852
train,stratum,code,cpp,uniq_superbpe,16384,14,202
train,stratum,code,cpp,uniq_superbpe,16384,15,565
train,stratum,code,cpp,uniq_superbpe,16384,16,2957
train,stratum,code,go,uniq_superbpe,16384,1,111514
train,stratum,code,go,uniq_superbpe,16384,2,33423
train,stratum,code,go,uniq_superbpe,16384,3,35775
train,stratum,code,go,uniq_superbpe,16384,4,19213
train,stratum,code,go,uniq_superbpe,16384,5,9439
train,stratum,code,go,uniq_superbpe,16384,6,5502
train,stratum,code,go,uniq_superbpe,16384,7,3860
train,stratum,code,go,uniq_superbpe,16384,8,2282
train,stratum,code,go,uniq_superbpe,16384,9,725
train,stratum,code,go,uniq_superbpe,16384,10,585
train,stratum,code,go,uniq_superbpe,16384,11,226
train,stratum,code,go,uniq_superbpe,16384,12,119
train,stratum,code,go,uniq_superbpe,16384,13,247
train,stratum,code,go,uniq_superbpe,16384,14,176
train,stratum,code,go,uniq_superbpe,16384,15,42
train,stratum,code,go,uniq_superbpe,16384,16,240
train,stratum,code,java,uniq_superbpe,16384,1,34936
train,stratum,code,java,uniq_superbpe,16384,2,8248
train,stratum,code,java,uniq_superbpe,16384,3,9748
train,stratum,code,java,uniq_superbpe,16384,4,4443
train,stratum,code,java,uniq_superbpe,16384,5,1914
train,stratum,code,java,uniq_superbpe,16384,6,1793
train,stratum,code,java,uniq_superbpe,16384,7,1135
train,stratum,code,java,uniq_superbpe,16384,8,515
train,stratum,code,java,uniq_superbpe,16384,9,340
train,stratum,code,java,uniq_superbpe,16384,10,257
train,stratum,code,java,uniq_superbpe,16384,11,433
train,stratum,code,java,uniq_superbpe,16384,12,442
train,stratum,code,java,uniq_superbpe,16384,13,540
train,stratum,code,java,uniq_superbpe,16384,14,80
train,stratum,code,java,uniq_superbpe,16384,15,227
train,stratum,code,java,uniq_superbpe,16384,16,1091
train,stratum,code,javascript,uniq_superbpe,16384,1,29152
train,stratum,code,javascript,uniq_superbpe,16384,2,10633
train,stratum,code,javascript,uniq_superbpe,16384,3,6062
train,stratum,code,javascript,uniq_superbpe,16384,4,2120
train,stratum,code,javascript,uniq_superbpe,16384,5,1558
train,stratum,code,javascript,uniq_superbpe,16384,6,1133
train,stratum,code,javascript,uniq_superbpe,16384,7,616
train,stratum,code,javascript,uniq_superbpe,16384,8,588
train,stratum,code,javascript,uniq_superbpe,16384,9,184
train,stratum,code,javascript,uniq_superbpe,16384,10,294
train,stratum,code,javascript,uniq_superbpe,16384,11,135
train,stratum,code,javascript,uniq_superbpe,16384,12,100
train,stratum,code,javascript,uniq_superbpe,16384,13,64
train,stratum,code,javascript,uniq_superbpe,16384,14,57
train,stratum,code,javascript,uniq_superbpe,16384,15,72
train,stratum,code,javascript,uniq_superbpe,16384,16,112
train,stratum,code,python,uniq_superbpe,16384,1,33415
train,stratum,code,python,uniq_superbpe,16384,2,10011
train,stratum,code,python,uniq_superbpe,16384,3,10875
train,stratum,code,python,uniq_superbpe,16384,4,6236
train,stratum,code,python,uniq_superbpe,16384,5,3479
train,stratum,code,python,uniq_superbpe,16384,6,1925
train,stratum,code,python,uniq_superbpe,16384,7,1579
train,stratum,code,python,uniq_superbpe,16384,8,544
train,stratum,code,python,uniq_superbpe,16384,9,667
train,stratum,code,python,uniq_superbpe,16384,10,614
train,stratum,code,python,uniq_superbpe,16384,11,307
train,stratum,code,python,uniq_superbpe,16384,12,93
train,stratum,code,python,uniq_superbpe,16384,13,140
train,stratum,code,python,uniq_superbpe,16384,14,391
train,stratum,code,python,uniq_superbpe,16384,15,133
train,stratum,code,python,uniq_superbpe,16384,16,742
train,stratum,code,rust,uniq_superbpe,16384,1,88540
train,stratum,code,rust,uniq_superbpe,16384,2,20110
train,stratum,code,rust,uniq_superbpe,16384,3,20640
train,stratum,code,rust,uniq_superbpe,16384,4,10841
train,stratum,code,rust,uniq_superbpe,16384,5,5915
train,stratum,code,rust,uniq_superbpe,16384,6,4490
train,stratum,code,rust,uniq_superbpe,16384,7,2235
train,stratum,code,rust,uniq_superbpe,16384,8,1711
train,stratum,code,rust,uniq_superbpe,16384,9,527
train,stratum,code,rust,uniq_superbpe,16384,10,858
train,stratum,code,rust,uniq_superbpe,16384,11,789
train,stratum,code,rust,uniq_superbpe,16384,12,798
train,stratum,code,rust,uniq_superbpe,16384,13,312
train,stratum,code,rust,uniq_superbpe,16384,14,545
train,stratum,code,rust,uniq_superbpe,16384,15,748
train,stratum,code,rust,uniq_superbpe,16384,16,1942
train,stratum,code,sql,uniq_superbpe,16384,1,195301
train,stratum,code,sql,uniq_superbpe,16384,2,79641
train,stratum,code,sql,uniq_superbpe,16384,3,40635
train,stratum,code,sql,uniq_superbpe,16384,4,22815
train,stratum,code,sql,uniq_superbpe,16384,5,9826
train,stratum,code,sql,uniq_superbpe,16384,6,5198
train,stratum,code,sql,uniq_superbpe,16384,7,2715
train,stratum,code,sql,uniq_superbpe,16384,8,5975
train,stratum,code,sql,uniq_superbpe,16384,9,3177
train,stratum,code,sql,uniq_superbpe,16384,10,2665
train,stratum,code,sql,uniq_superbpe,16384,11,1403
train,stratum,code,sql,uniq_superbpe,16384,12,2770
train,stratum,code,sql,uniq_superbpe,16384,13,5229
train,stratum,code,sql,uniq_superbpe,16384,14,2533
train,stratum,code,sql,uniq_superbpe,16384,15,974
train,stratum,code,sql,uniq_superbpe,16384,16,1624
train,stratum,code,typescript,uniq_superbpe,16384,1,150768
train,stratum,code,typescript,uniq_superbpe,16384,2,35153
train,stratum,code,typescript,uniq_superbpe,16384,3,25824
train,stratum,code,typescript,uniq_superbpe,16384,4,17256
train,stratum,code,typescript,uniq_superbpe,16384,5,7294
train,stratum,code,typescript,uniq_superbpe,16384,6,7252
train,stratum,code,typescript,uniq_superbpe,16384,7,2885
train,stratum,code,typescript,uniq_superbpe,16384,8,2789
train,stratum,code,typescript,uniq_superbpe,16384,9,768
train,stratum,code,typescript,uniq_superbpe,16384,10,2219
train,stratum,code,typescript,uniq_superbpe,16384,11,6388
train,stratum,code,typescript,uniq_superbpe,16384,12,703
train,stratum,code,typescript,uniq_superbpe,16384,13,1630
train,stratum,code,typescript,uniq_superbpe,16384,14,3203
train,stratum,code,typescript,uniq_superbpe,16384,15,2372
train,stratum,code,typescript,uniq_superbpe,16384,16,2214
train,stratum,cyrillic_african,am,uniq_superbpe,16384,1,12391
train,stratum,cyrillic_african,am,uniq_superbpe,16384,2,1781
train,stratum,cyrillic_african,am,uniq_superbpe,16384,3,66807
train,stratum,cyrillic_african,am,uniq_superbpe,16384,4,13009
train,stratum,cyrillic_african,am,uniq_superbpe,16384,5,55
train,stratum,cyrillic_african,am,uniq_superbpe,16384,6,8300
train,stratum,cyrillic_african,am,uniq_superbpe,16384,7,7262
train,stratum,cyrillic_african,am,uniq_superbpe,16384,8,2
train,stratum,cyrillic_african,am,uniq_superbpe,16384,9,363
train,stratum,cyrillic_african,am,uniq_superbpe,16384,10,1632
train,stratum,cyrillic_african,am,uniq_superbpe,16384,11,56
train,stratum,cyrillic_african,am,uniq_superbpe,16384,13,78
train,stratum,cyrillic_african,bg,uniq_superbpe,16384,1,8133
train,stratum,cyrillic_african,bg,uniq_superbpe,16384,2,9250
train,stratum,cyrillic_african,bg,uniq_superbpe,16384,3,5459
train,stratum,cyrillic_african,bg,uniq_superbpe,16384,4,16546
train,stratum,cyrillic_african,bg,uniq_superbpe,16384,5,8192
train,stratum,cyrillic_african,bg,uniq_superbpe,16384,6,7208
train,stratum,cyrillic_african,bg,uniq_superbpe,16384,7,2253
train,stratum,cyrillic_african,bg,uniq_superbpe,16384,8,2069
train,stratum,cyrillic_african,bg,uniq_superbpe,16384,9,1082
train,stratum,cyrillic_african,bg,uniq_superbpe,16384,10,428
train,stratum,cyrillic_african,bg,uniq_superbpe,16384,11,345
train,stratum,cyrillic_african,bg,uniq_superbpe,16384,12,91
train,stratum,cyrillic_african,bg,uniq_superbpe,16384,13,134
train,stratum,cyrillic_african,bg,uniq_superbpe,16384,14,55
train,stratum,cyrillic_african,bg,uniq_superbpe,16384,15,18
train,stratum,cyrillic_african,bg,uniq_superbpe,16384,17,42
train,stratum,cyrillic_african,bg,uniq_superbpe,16384,18,62
train,stratum,cyrillic_african,ru,uniq_superbpe,16384,1,6617
train,stratum,cyrillic_african,ru,uniq_superbpe,16384,2,9911
train,stratum,cyrillic_african,ru,uniq_superbpe,16384,3,4434
train,stratum,cyrillic_african,ru,uniq_superbpe,16384,4,15648
train,stratum,cyrillic_african,ru,uniq_superbpe,16384,5,5626
train,stratum,cyrillic_african,ru,uniq_superbpe,16384,6,8171
train,stratum,cyrillic_african,ru,uniq_superbpe,16384,7,2673
train,stratum,cyrillic_african,ru,uniq_superbpe,16384,8,2112
train,stratum,cyrillic_african,ru,uniq_superbpe,16384,9,519
train,stratum,cyrillic_african,ru,uniq_superbpe,16384,10,520
train,stratum,cyrillic_african,ru,uniq_superbpe,16384,11,367
train,stratum,cyrillic_african,ru,uniq_superbpe,16384,12,126
train,stratum,cyrillic_african,ru,uniq_superbpe,16384,13,37
train,stratum,cyrillic_african,ru,uniq_superbpe,16384,15,9
train,stratum,cyrillic_african,ru,uniq_superbpe,16384,16,25
train,stratum,cyrillic_african,ru,uniq_superbpe,16384,17,19
train,stratum,cyrillic_african,sw,uniq_superbpe,16384,1,36702
train,stratum,cyrillic_african,sw,uniq_superbpe,16384,2,46745
train,stratum,cyrillic_african,sw,uniq_superbpe,16384,3,40869
train,stratum,cyrillic_african,sw,uniq_superbpe,16384,4,5923
train,stratum,cyrillic_african,sw,uniq_superbpe,16384,5,1927
train,stratum,cyrillic_african,sw,uniq_superbpe,16384,6,1282
train,stratum,cyrillic_african,sw,uniq_superbpe,16384,7,941
train,stratum,cyrillic_african,sw,uniq_superbpe,16384,8,55
train,stratum,cyrillic_african,sw,uniq_superbpe,16384,9,12
train,stratum,cyrillic_african,sw,uniq_superbpe,16384,10,129
train,stratum,cyrillic_african,sw,uniq_superbpe,16384,11,28
train,stratum,cyrillic_african,sw,uniq_superbpe,16384,12,25
train,stratum,cyrillic_african,uk,uniq_superbpe,16384,1,5832
train,stratum,cyrillic_african,uk,uniq_superbpe,16384,2,9879
train,stratum,cyrillic_african,uk,uniq_superbpe,16384,3,3924
train,stratum,cyrillic_african,uk,uniq_superbpe,16384,4,13521
train,stratum,cyrillic_african,uk,uniq_superbpe,16384,5,4360
train,stratum,cyrillic_african,uk,uniq_superbpe,16384,6,5862
train,stratum,cyrillic_african,uk,uniq_superbpe,16384,7,1998
train,stratum,cyrillic_african,uk,uniq_superbpe,16384,8,1487
train,stratum,cyrillic_african,uk,uniq_superbpe,16384,9,340
train,stratum,cyrillic_african,uk,uniq_superbpe,16384,10,417
train,stratum,cyrillic_african,uk,uniq_superbpe,16384,11,63
train,stratum,cyrillic_african,uk,uniq_superbpe,16384,12,107
train,stratum,cyrillic_african,uk,uniq_superbpe,16384,13,11
train,stratum,cyrillic_african,uk,uniq_superbpe,16384,15,58
train,stratum,cyrillic_african,uk,uniq_superbpe,16384,17,12
train,stratum,cyrillic_african,yo,uniq_superbpe,16384,1,16343
train,stratum,cyrillic_african,yo,uniq_superbpe,16384,2,17923
train,stratum,cyrillic_african,yo,uniq_superbpe,16384,3,17332
train,stratum,cyrillic_african,yo,uniq_superbpe,16384,4,2750
train,stratum,cyrillic_african,yo,uniq_superbpe,16384,5,1715
train,stratum,cyrillic_african,yo,uniq_superbpe,16384,6,964
train,stratum,cyrillic_african,yo,uniq_superbpe,16384,7,526
train,stratum,cyrillic_african,yo,uniq_superbpe,16384,8,458
train,stratum,cyrillic_african,yo,uniq_superbpe,16384,9,352
train,stratum,cyrillic_african,yo,uniq_superbpe,16384,10,100
train,stratum,cyrillic_african,yo,uniq_superbpe,16384,11,275
train,stratum,cyrillic_african,yo,uniq_superbpe,16384,12,36
train,stratum,cyrillic_african,yo,uniq_superbpe,16384,13,10
train,stratum,cyrillic_african,yo,uniq_superbpe,16384,14,5
train,stratum,cyrillic_african,yo,uniq_superbpe,16384,15,38
train,stratum,cyrillic_african,yo,uniq_superbpe,16384,17,24
train,stratum,indic_cjk_arabic,ar,uniq_superbpe,16384,1,7705
train,stratum,indic_cjk_arabic,ar,uniq_superbpe,16384,2,14369
train,stratum,indic_cjk_arabic,ar,uniq_superbpe,16384,3,5162
train,stratum,indic_cjk_arabic,ar,uniq_superbpe,16384,4,19099
train,stratum,indic_cjk_arabic,ar,uniq_superbpe,16384,5,5619
train,stratum,indic_cjk_arabic,ar,uniq_superbpe,16384,6,2040
train,stratum,indic_cjk_arabic,ar,uniq_superbpe,16384,7,5288
train,stratum,indic_cjk_arabic,ar,uniq_superbpe,16384,8,180
train,stratum,indic_cjk_arabic,ar,uniq_superbpe,16384,9,735
train,stratum,indic_cjk_arabic,ar,uniq_superbpe,16384,11,56
train,stratum,indic_cjk_arabic,ar,uniq_superbpe,16384,12,65
train,stratum,indic_cjk_arabic,ar,uniq_superbpe,16384,13,2
train,stratum,indic_cjk_arabic,ar,uniq_superbpe,16384,15,3
train,stratum,indic_cjk_arabic,ar,uniq_superbpe,16384,25,3
train,stratum,indic_cjk_arabic,bn,uniq_superbpe,16384,1,30220
train,stratum,indic_cjk_arabic,bn,uniq_superbpe,16384,2,768
train,stratum,indic_cjk_arabic,bn,uniq_superbpe,16384,3,20262
train,stratum,indic_cjk_arabic,bn,uniq_superbpe,16384,4,4369
train,stratum,indic_cjk_arabic,bn,uniq_superbpe,16384,5,51
train,stratum,indic_cjk_arabic,bn,uniq_superbpe,16384,6,14211
train,stratum,indic_cjk_arabic,bn,uniq_superbpe,16384,7,5228
train,stratum,indic_cjk_arabic,bn,uniq_superbpe,16384,8,5
train,stratum,indic_cjk_arabic,bn,uniq_superbpe,16384,9,1889
train,stratum,indic_cjk_arabic,bn,uniq_superbpe,16384,10,1772
train,stratum,indic_cjk_arabic,bn,uniq_superbpe,16384,12,163
train,stratum,indic_cjk_arabic,bn,uniq_superbpe,16384,13,406
train,stratum,indic_cjk_arabic,bn,uniq_superbpe,16384,16,218
train,stratum,indic_cjk_arabic,bn,uniq_superbpe,16384,19,36
train,stratum,indic_cjk_arabic,bn,uniq_superbpe,16384,20,34
train,stratum,indic_cjk_arabic,fa,uniq_superbpe,16384,1,5515
train,stratum,indic_cjk_arabic,fa,uniq_superbpe,16384,2,10138
train,stratum,indic_cjk_arabic,fa,uniq_superbpe,16384,3,5007
train,stratum,indic_cjk_arabic,fa,uniq_superbpe,16384,4,13730
train,stratum,indic_cjk_arabic,fa,uniq_superbpe,16384,5,9277
train,stratum,indic_cjk_arabic,fa,uniq_superbpe,16384,6,2705
train,stratum,indic_cjk_arabic,fa,uniq_superbpe,16384,7,2819
train,stratum,indic_cjk_arabic,fa,uniq_superbpe,16384,8,476
train,stratum,indic_cjk_arabic,fa,uniq_superbpe,16384,9,969
train,stratum,indic_cjk_arabic,fa,uniq_superbpe,16384,10,106
train,stratum,indic_cjk_arabic,fa,uniq_superbpe,16384,11,223
train,stratum,indic_cjk_arabic,fa,uniq_superbpe,16384,12,209
train,stratum,indic_cjk_arabic,fa,uniq_superbpe,16384,13,12
train,stratum,indic_cjk_arabic,fa,uniq_superbpe,16384,14,74
train,stratum,indic_cjk_arabic,fa,uniq_superbpe,16384,15,61
train,stratum,indic_cjk_arabic,gu,uniq_superbpe,16384,1,28923
train,stratum,indic_cjk_arabic,gu,uniq_superbpe,16384,2,1020
train,stratum,indic_cjk_arabic,gu,uniq_superbpe,16384,3,15663
train,stratum,indic_cjk_arabic,gu,uniq_superbpe,16384,4,6817
train,stratum,indic_cjk_arabic,gu,uniq_superbpe,16384,5,63
train,stratum,indic_cjk_arabic,gu,uniq_superbpe,16384,6,13323
train,stratum,indic_cjk_arabic,gu,uniq_superbpe,16384,7,5970
train,stratum,indic_cjk_arabic,gu,uniq_superbpe,16384,8,2
train,stratum,indic_cjk_arabic,gu,uniq_superbpe,16384,9,2075
train,stratum,indic_cjk_arabic,gu,uniq_superbpe,16384,10,1187
train,stratum,indic_cjk_arabic,gu,uniq_superbpe,16384,11,1
train,stratum,indic_cjk_arabic,gu,uniq_superbpe,16384,12,64
train,stratum,indic_cjk_arabic,gu,uniq_superbpe,16384,13,204
train,stratum,indic_cjk_arabic,gu,uniq_superbpe,16384,14,53
train,stratum,indic_cjk_arabic,gu,uniq_superbpe,16384,16,38
train,stratum,indic_cjk_arabic,gu,uniq_superbpe,16384,17,104
train,stratum,indic_cjk_arabic,gu,uniq_superbpe,16384,19,98
train,stratum,indic_cjk_arabic,hi,uniq_superbpe,16384,1,31290
train,stratum,indic_cjk_arabic,hi,uniq_superbpe,16384,2,981
train,stratum,indic_cjk_arabic,hi,uniq_superbpe,16384,3,17949
train,stratum,indic_cjk_arabic,hi,uniq_superbpe,16384,4,6323
train,stratum,indic_cjk_arabic,hi,uniq_superbpe,16384,5,43
train,stratum,indic_cjk_arabic,hi,uniq_superbpe,16384,6,13205
train,stratum,indic_cjk_arabic,hi,uniq_superbpe,16384,7,12747
train,stratum,indic_cjk_arabic,hi,uniq_superbpe,16384,8,6
train,stratum,indic_cjk_arabic,hi,uniq_superbpe,16384,9,1921
train,stratum,indic_cjk_arabic,hi,uniq_superbpe,16384,10,1758
train,stratum,indic_cjk_arabic,hi,uniq_superbpe,16384,11,2
train,stratum,indic_cjk_arabic,hi,uniq_superbpe,16384,12,98
train,stratum,indic_cjk_arabic,hi,uniq_superbpe,16384,13,842
train,stratum,indic_cjk_arabic,hi,uniq_superbpe,16384,14,122
train,stratum,indic_cjk_arabic,hi,uniq_superbpe,16384,15,1
train,stratum,indic_cjk_arabic,hi,uniq_superbpe,16384,16,259
train,stratum,indic_cjk_arabic,hi,uniq_superbpe,16384,17,224
train,stratum,indic_cjk_arabic,hi,uniq_superbpe,16384,19,56
train,stratum,indic_cjk_arabic,hi,uniq_superbpe,16384,22,25
train,stratum,indic_cjk_arabic,hi,uniq_superbpe,16384,23,95
train,stratum,indic_cjk_arabic,hi,uniq_superbpe,16384,30,37
train,stratum,indic_cjk_arabic,ja,uniq_superbpe,16384,1,20650
train,stratum,indic_cjk_arabic,ja,uniq_superbpe,16384,2,5947
train,stratum,indic_cjk_arabic,ja,uniq_superbpe,16384,3,73404
train,stratum,indic_cjk_arabic,ja,uniq_superbpe,16384,4,1274
train,stratum,indic_cjk_arabic,ja,uniq_superbpe,16384,5,214
train,stratum,indic_cjk_arabic,ja,uniq_superbpe,16384,6,8167
train,stratum,indic_cjk_arabic,ja,uniq_superbpe,16384,7,19
train,stratum,indic_cjk_arabic,ja,uniq_superbpe,16384,8,14
train,stratum,indic_cjk_arabic,ja,uniq_superbpe,16384,9,776
train,stratum,indic_cjk_arabic,ja,uniq_superbpe,16384,10,55
train,stratum,indic_cjk_arabic,ja,uniq_superbpe,16384,12,230
train,stratum,indic_cjk_arabic,kn,uniq_superbpe,16384,1,40023
train,stratum,indic_cjk_arabic,kn,uniq_superbpe,16384,2,3870
train,stratum,indic_cjk_arabic,kn,uniq_superbpe,16384,3,25444
train,stratum,indic_cjk_arabic,kn,uniq_superbpe,16384,4,7947
train,stratum,indic_cjk_arabic,kn,uniq_superbpe,16384,5,103
train,stratum,indic_cjk_arabic,kn,uniq_superbpe,16384,6,37874
train,stratum,indic_cjk_arabic,kn,uniq_superbpe,16384,7,5894
train,stratum,indic_cjk_arabic,kn,uniq_superbpe,16384,8,3
train,stratum,indic_cjk_arabic,kn,uniq_superbpe,16384,9,2553
train,stratum,indic_cjk_arabic,kn,uniq_superbpe,16384,10,629
train,stratum,indic_cjk_arabic,kn,uniq_superbpe,16384,12,294
train,stratum,indic_cjk_arabic,ko,uniq_superbpe,16384,1,10283
train,stratum,indic_cjk_arabic,ko,uniq_superbpe,16384,2,1570
train,stratum,indic_cjk_arabic,ko,uniq_superbpe,16384,3,38291
train,stratum,indic_cjk_arabic,ko,uniq_superbpe,16384,4,11915
train,stratum,indic_cjk_arabic,ko,uniq_superbpe,16384,5,156
train,stratum,indic_cjk_arabic,ko,uniq_superbpe,16384,6,1968
train,stratum,indic_cjk_arabic,ko,uniq_superbpe,16384,7,882
train,stratum,indic_cjk_arabic,ko,uniq_superbpe,16384,8,66
train,stratum,indic_cjk_arabic,ko,uniq_superbpe,16384,9,391
train,stratum,indic_cjk_arabic,ko,uniq_superbpe,16384,10,123
train,stratum,indic_cjk_arabic,ko,uniq_superbpe,16384,12,99
train,stratum,indic_cjk_arabic,ml,uniq_superbpe,16384,1,20161
train,stratum,indic_cjk_arabic,ml,uniq_superbpe,16384,2,855
train,stratum,indic_cjk_arabic,ml,uniq_superbpe,16384,3,9500
train,stratum,indic_cjk_arabic,ml,uniq_superbpe,16384,4,3418
train,stratum,indic_cjk_arabic,ml,uniq_superbpe,16384,5,36
train,stratum,indic_cjk_arabic,ml,uniq_superbpe,16384,6,8136
train,stratum,indic_cjk_arabic,ml,uniq_superbpe,16384,7,1284
train,stratum,indic_cjk_arabic,ml,uniq_superbpe,16384,8,3
train,stratum,indic_cjk_arabic,ml,uniq_superbpe,16384,9,3365
train,stratum,indic_cjk_arabic,ml,uniq_superbpe,16384,10,209
train,stratum,indic_cjk_arabic,ml,uniq_superbpe,16384,11,1
train,stratum,indic_cjk_arabic,ml,uniq_superbpe,16384,12,2614
train,stratum,indic_cjk_arabic,ml,uniq_superbpe,16384,13,28
train,stratum,indic_cjk_arabic,ml,uniq_superbpe,16384,15,169
train,stratum,indic_cjk_arabic,mr,uniq_superbpe,16384,1,31792
train,stratum,indic_cjk_arabic,mr,uniq_superbpe,16384,2,1237
train,stratum,indic_cjk_arabic,mr,uniq_superbpe,16384,3,20902
train,stratum,indic_cjk_arabic,mr,uniq_superbpe,16384,4,5980
train,stratum,indic_cjk_arabic,mr,uniq_superbpe,16384,5,94
train,stratum,indic_cjk_arabic,mr,uniq_superbpe,16384,6,18327
train,stratum,indic_cjk_arabic,mr,uniq_superbpe,16384,7,8322
train,stratum,indic_cjk_arabic,mr,uniq_superbpe,16384,8,3
train,stratum,indic_cjk_arabic,mr,uniq_superbpe,16384,9,2550
train,stratum,indic_cjk_arabic,mr,uniq_superbpe,16384,10,1715
train,stratum,indic_cjk_arabic,mr,uniq_superbpe,16384,11,2
train,stratum,indic_cjk_arabic,mr,uniq_superbpe,16384,12,1610
train,stratum,indic_cjk_arabic,mr,uniq_superbpe,16384,13,447
train,stratum,indic_cjk_arabic,mr,uniq_superbpe,16384,15,89
train,stratum,indic_cjk_arabic,mr,uniq_superbpe,16384,16,313
train,stratum,indic_cjk_arabic,mr,uniq_superbpe,16384,19,60
train,stratum,indic_cjk_arabic,ta,uniq_superbpe,16384,1,12361
train,stratum,indic_cjk_arabic,ta,uniq_superbpe,16384,2,829
train,stratum,indic_cjk_arabic,ta,uniq_superbpe,16384,3,11559
train,stratum,indic_cjk_arabic,ta,uniq_superbpe,16384,4,700
train,stratum,indic_cjk_arabic,ta,uniq_superbpe,16384,5,57
train,stratum,indic_cjk_arabic,ta,uniq_superbpe,16384,6,20581
train,stratum,indic_cjk_arabic,ta,uniq_superbpe,16384,7,4013
train,stratum,indic_cjk_arabic,ta,uniq_superbpe,16384,8,1
train,stratum,indic_cjk_arabic,ta,uniq_superbpe,16384,9,1982
train,stratum,indic_cjk_arabic,ta,uniq_superbpe,16384,10,1051
train,stratum,indic_cjk_arabic,ta,uniq_superbpe,16384,11,1
train,stratum,indic_cjk_arabic,ta,uniq_superbpe,16384,13,362
train,stratum,indic_cjk_arabic,ta,uniq_superbpe,16384,16,132
train,stratum,indic_cjk_arabic,ta,uniq_superbpe,16384,19,42
train,stratum,indic_cjk_arabic,te,uniq_superbpe,16384,1,26218
train,stratum,indic_cjk_arabic,te,uniq_superbpe,16384,2,1284
train,stratum,indic_cjk_arabic,te,uniq_superbpe,16384,3,13517
train,stratum,indic_cjk_arabic,te,uniq_superbpe,16384,4,3865
train,stratum,indic_cjk_arabic,te,uniq_superbpe,16384,5,50
train,stratum,indic_cjk_arabic,te,uniq_superbpe,16384,6,25634
train,stratum,indic_cjk_arabic,te,uniq_superbpe,16384,7,4105
train,stratum,indic_cjk_arabic,te,uniq_superbpe,16384,8,2
train,stratum,indic_cjk_arabic,te,uniq_superbpe,16384,9,1575
train,stratum,indic_cjk_arabic,te,uniq_superbpe,16384,10,659
train,stratum,indic_cjk_arabic,te,uniq_superbpe,16384,11,1
train,stratum,indic_cjk_arabic,te,uniq_superbpe,16384,12,941
train,stratum,indic_cjk_arabic,te,uniq_superbpe,16384,13,41
train,stratum,indic_cjk_arabic,ur,uniq_superbpe,16384,1,10866
train,stratum,indic_cjk_arabic,ur,uniq_superbpe,16384,2,24789
train,stratum,indic_cjk_arabic,ur,uniq_superbpe,16384,3,9656
train,stratum,indic_cjk_arabic,ur,uniq_superbpe,16384,4,22990
train,stratum,indic_cjk_arabic,ur,uniq_superbpe,16384,5,22413
train,stratum,indic_cjk_arabic,ur,uniq_superbpe,16384,6,3174
train,stratum,indic_cjk_arabic,ur,uniq_superbpe,16384,7,8306
train,stratum,indic_cjk_arabic,ur,uniq_superbpe,16384,8,292
train,stratum,indic_cjk_arabic,ur,uniq_superbpe,16384,9,2438
train,stratum,indic_cjk_arabic,ur,uniq_superbpe,16384,10,324
train,stratum,indic_cjk_arabic,ur,uniq_superbpe,16384,11,867
train,stratum,indic_cjk_arabic,ur,uniq_superbpe,16384,12,513
train,stratum,indic_cjk_arabic,ur,uniq_superbpe,16384,13,25
train,stratum,indic_cjk_arabic,ur,uniq_superbpe,16384,14,364
train,stratum,indic_cjk_arabic,ur,uniq_superbpe,16384,15,146
train,stratum,indic_cjk_arabic,ur,uniq_superbpe,16384,16,330
train,stratum,indic_cjk_arabic,ur,uniq_superbpe,16384,18,26
train,stratum,indic_cjk_arabic,ur,uniq_superbpe,16384,20,28
train,stratum,indic_cjk_arabic,ur,uniq_superbpe,16384,21,123
train,stratum,indic_cjk_arabic,zh,uniq_superbpe,16384,1,33224
train,stratum,indic_cjk_arabic,zh,uniq_superbpe,16384,2,8803
train,stratum,indic_cjk_arabic,zh,uniq_superbpe,16384,3,112180
train,stratum,indic_cjk_arabic,zh,uniq_superbpe,16384,4,857
train,stratum,indic_cjk_arabic,zh,uniq_superbpe,16384,5,152
train,stratum,indic_cjk_arabic,zh,uniq_superbpe,16384,6,17206
train,stratum,indic_cjk_arabic,zh,uniq_superbpe,16384,7,4287
train,stratum,indic_cjk_arabic,zh,uniq_superbpe,16384,8,14
train,stratum,indic_cjk_arabic,zh,uniq_superbpe,16384,9,2824
train,stratum,indic_cjk_arabic,zh,uniq_superbpe,16384,10,1347
train,stratum,indic_cjk_arabic,zh,uniq_superbpe,16384,12,3775
train,stratum,indic_cjk_arabic,zh,uniq_superbpe,16384,13,234
train,stratum,latin_english,en,uniq_superbpe,16384,1,10446
train,stratum,latin_english,en,uniq_superbpe,16384,2,8572
train,stratum,latin_english,en,uniq_superbpe,16384,3,11329
train,stratum,latin_english,en,uniq_superbpe,16384,4,5960
train,stratum,latin_english,en,uniq_superbpe,16384,5,3315
train,stratum,latin_english,en,uniq_superbpe,16384,6,1387
train,stratum,latin_english,en,uniq_superbpe,16384,7,1057
train,stratum,latin_english,en,uniq_superbpe,16384,8,636
train,stratum,latin_english,en,uniq_superbpe,16384,9,378
train,stratum,latin_english,en,uniq_superbpe,16384,10,150
train,stratum,latin_english,en,uniq_superbpe,16384,11,57
train,stratum,latin_english,en,uniq_superbpe,16384,12,36
train,stratum,latin_english,en,uniq_superbpe,16384,13,7
train,stratum,latin_english,en,uniq_superbpe,16384,14,3
train,stratum,latin_english,en,uniq_superbpe,16384,16,3
train,language,,am,uniq_superbpe,16384,1,12391
train,language,,am,uniq_superbpe,16384,2,1781
train,language,,am,uniq_superbpe,16384,3,66807
train,language,,am,uniq_superbpe,16384,4,13009
train,language,,am,uniq_superbpe,16384,5,55
train,language,,am,uniq_superbpe,16384,6,8300
train,language,,am,uniq_superbpe,16384,7,7262
train,language,,am,uniq_superbpe,16384,8,2
train,language,,am,uniq_superbpe,16384,9,363
train,language,,am,uniq_superbpe,16384,10,1632
train,language,,am,uniq_superbpe,16384,11,56
train,language,,am,uniq_superbpe,16384,13,78
train,language,,ar,uniq_superbpe,16384,1,7705
train,language,,ar,uniq_superbpe,16384,2,14369
train,language,,ar,uniq_superbpe,16384,3,5162
train,language,,ar,uniq_superbpe,16384,4,19099
train,language,,ar,uniq_superbpe,16384,5,5619
train,language,,ar,uniq_superbpe,16384,6,2040
train,language,,ar,uniq_superbpe,16384,7,5288
train,language,,ar,uniq_superbpe,16384,8,180
train,language,,ar,uniq_superbpe,16384,9,735
train,language,,ar,uniq_superbpe,16384,11,56
train,language,,ar,uniq_superbpe,16384,12,65
train,language,,ar,uniq_superbpe,16384,13,2
train,language,,ar,uniq_superbpe,16384,15,3
train,language,,ar,uniq_superbpe,16384,25,3
train,language,,bg,uniq_superbpe,16384,1,8133
train,language,,bg,uniq_superbpe,16384,2,9250
train,language,,bg,uniq_superbpe,16384,3,5459
train,language,,bg,uniq_superbpe,16384,4,16546
train,language,,bg,uniq_superbpe,16384,5,8192
train,language,,bg,uniq_superbpe,16384,6,7208
train,language,,bg,uniq_superbpe,16384,7,2253
train,language,,bg,uniq_superbpe,16384,8,2069
train,language,,bg,uniq_superbpe,16384,9,1082
train,language,,bg,uniq_superbpe,16384,10,428
train,language,,bg,uniq_superbpe,16384,11,345
train,language,,bg,uniq_superbpe,16384,12,91
train,language,,bg,uniq_superbpe,16384,13,134
train,language,,bg,uniq_superbpe,16384,14,55
train,language,,bg,uniq_superbpe,16384,15,18
train,language,,bg,uniq_superbpe,16384,17,42
train,language,,bg,uniq_superbpe,16384,18,62
train,language,,bn,uniq_superbpe,16384,1,30220
train,language,,bn,uniq_superbpe,16384,2,768
train,language,,bn,uniq_superbpe,16384,3,20262
train,language,,bn,uniq_superbpe,16384,4,4369
train,language,,bn,uniq_superbpe,16384,5,51
train,language,,bn,uniq_superbpe,16384,6,14211
train,language,,bn,uniq_superbpe,16384,7,5228
train,language,,bn,uniq_superbpe,16384,8,5
train,language,,bn,uniq_superbpe,16384,9,1889
train,language,,bn,uniq_superbpe,16384,10,1772
train,language,,bn,uniq_superbpe,16384,12,163
train,language,,bn,uniq_superbpe,16384,13,406
train,language,,bn,uniq_superbpe,16384,16,218
train,language,,bn,uniq_superbpe,16384,19,36
train,language,,bn,uniq_superbpe,16384,20,34
train,language,,c,uniq_superbpe,16384,1,81442
train,language,,c,uniq_superbpe,16384,2,17044
train,language,,c,uniq_superbpe,16384,3,13776
train,language,,c,uniq_superbpe,16384,4,7482
train,language,,c,uniq_superbpe,16384,5,4021
train,language,,c,uniq_superbpe,16384,6,3519
train,language,,c,uniq_superbpe,16384,7,1675
train,language,,c,uniq_superbpe,16384,8,1066
train,language,,c,uniq_superbpe,16384,9,309
train,language,,c,uniq_superbpe,16384,10,393
train,language,,c,uniq_superbpe,16384,11,148
train,language,,c,uniq_superbpe,16384,12,179
train,language,,c,uniq_superbpe,16384,13,88
train,language,,c,uniq_superbpe,16384,14,124
train,language,,c,uniq_superbpe,16384,15,79
train,language,,c,uniq_superbpe,16384,16,430
train,language,,cpp,uniq_superbpe,16384,1,216184
train,language,,cpp,uniq_superbpe,16384,2,49822
train,language,,cpp,uniq_superbpe,16384,3,32770
train,language,,cpp,uniq_superbpe,16384,4,16647
train,language,,cpp,uniq_superbpe,16384,5,9183
train,language,,cpp,uniq_superbpe,16384,6,9078
train,language,,cpp,uniq_superbpe,16384,7,3981
train,language,,cpp,uniq_superbpe,16384,8,1975
train,language,,cpp,uniq_superbpe,16384,9,1046
train,language,,cpp,uniq_superbpe,16384,10,401
train,language,,cpp,uniq_superbpe,16384,11,1713
train,language,,cpp,uniq_superbpe,16384,12,737
train,language,,cpp,uniq_superbpe,16384,13,852
train,language,,cpp,uniq_superbpe,16384,14,202
train,language,,cpp,uniq_superbpe,16384,15,565
train,language,,cpp,uniq_superbpe,16384,16,2957
train,language,,en,uniq_superbpe,16384,1,10446
train,language,,en,uniq_superbpe,16384,2,8572
train,language,,en,uniq_superbpe,16384,3,11329
train,language,,en,uniq_superbpe,16384,4,5960
train,language,,en,uniq_superbpe,16384,5,3315
train,language,,en,uniq_superbpe,16384,6,1387
train,language,,en,uniq_superbpe,16384,7,1057
train,language,,en,uniq_superbpe,16384,8,636
train,language,,en,uniq_superbpe,16384,9,378
train,language,,en,uniq_superbpe,16384,10,150
train,language,,en,uniq_superbpe,16384,11,57
train,language,,en,uniq_superbpe,16384,12,36
train,language,,en,uniq_superbpe,16384,13,7
train,language,,en,uniq_superbpe,16384,14,3
train,language,,en,uniq_superbpe,16384,16,3
train,language,,fa,uniq_superbpe,16384,1,5515
train,language,,fa,uniq_superbpe,16384,2,10138
train,language,,fa,uniq_superbpe,16384,3,5007
train,language,,fa,uniq_superbpe,16384,4,13730
train,language,,fa,uniq_superbpe,16384,5,9277
train,language,,fa,uniq_superbpe,16384,6,2705
train,language,,fa,uniq_superbpe,16384,7,2819
train,language,,fa,uniq_superbpe,16384,8,476
train,language,,fa,uniq_superbpe,16384,9,969
train,language,,fa,uniq_superbpe,16384,10,106
train,language,,fa,uniq_superbpe,16384,11,223
train,language,,fa,uniq_superbpe,16384,12,209
train,language,,fa,uniq_superbpe,16384,13,12
train,language,,fa,uniq_superbpe,16384,14,74
train,language,,fa,uniq_superbpe,16384,15,61
train,language,,go,uniq_superbpe,16384,1,111514
train,language,,go,uniq_superbpe,16384,2,33423
train,language,,go,uniq_superbpe,16384,3,35775
train,language,,go,uniq_superbpe,16384,4,19213
train,language,,go,uniq_superbpe,16384,5,9439
train,language,,go,uniq_superbpe,16384,6,5502
train,language,,go,uniq_superbpe,16384,7,3860
train,language,,go,uniq_superbpe,16384,8,2282
train,language,,go,uniq_superbpe,16384,9,725
train,language,,go,uniq_superbpe,16384,10,585
train,language,,go,uniq_superbpe,16384,11,226
train,language,,go,uniq_superbpe,16384,12,119
train,language,,go,uniq_superbpe,16384,13,247
train,language,,go,uniq_superbpe,16384,14,176
train,language,,go,uniq_superbpe,16384,15,42
train,language,,go,uniq_superbpe,16384,16,240
train,language,,gu,uniq_superbpe,16384,1,28923
train,language,,gu,uniq_superbpe,16384,2,1020
train,language,,gu,uniq_superbpe,16384,3,15663
train,language,,gu,uniq_superbpe,16384,4,6817
train,language,,gu,uniq_superbpe,16384,5,63
train,language,,gu,uniq_superbpe,16384,6,13323
train,language,,gu,uniq_superbpe,16384,7,5970
train,language,,gu,uniq_superbpe,16384,8,2
train,language,,gu,uniq_superbpe,16384,9,2075
train,language,,gu,uniq_superbpe,16384,10,1187
train,language,,gu,uniq_superbpe,16384,11,1
train,language,,gu,uniq_superbpe,16384,12,64
train,language,,gu,uniq_superbpe,16384,13,204
train,language,,gu,uniq_superbpe,16384,14,53
train,language,,gu,uniq_superbpe,16384,16,38
train,language,,gu,uniq_superbpe,16384,17,104
train,language,,gu,uniq_superbpe,16384,19,98
train,language,,hi,uniq_superbpe,16384,1,31290
train,language,,hi,uniq_superbpe,16384,2,981
train,language,,hi,uniq_superbpe,16384,3,17949
train,language,,hi,uniq_superbpe,16384,4,6323
train,language,,hi,uniq_superbpe,16384,5,43
train,language,,hi,uniq_superbpe,16384,6,13205
train,language,,hi,uniq_superbpe,16384,7,12747
train,language,,hi,uniq_superbpe,16384,8,6
train,language,,hi,uniq_superbpe,16384,9,1921
train,language,,hi,uniq_superbpe,16384,10,1758
train,language,,hi,uniq_superbpe,16384,11,2
train,language,,hi,uniq_superbpe,16384,12,98
train,language,,hi,uniq_superbpe,16384,13,842
train,language,,hi,uniq_superbpe,16384,14,122
train,language,,hi,uniq_superbpe,16384,15,1
train,language,,hi,uniq_superbpe,16384,16,259
train,language,,hi,uniq_superbpe,16384,17,224
train,language,,hi,uniq_superbpe,16384,19,56
train,language,,hi,uniq_superbpe,16384,22,25
train,language,,hi,uniq_superbpe,16384,23,95
train,language,,hi,uniq_superbpe,16384,30,37
train,language,,ja,uniq_superbpe,16384,1,20650
train,language,,ja,uniq_superbpe,16384,2,5947
train,language,,ja,uniq_superbpe,16384,3,73404
train,language,,ja,uniq_superbpe,16384,4,1274
train,language,,ja,uniq_superbpe,16384,5,214
train,language,,ja,uniq_superbpe,16384,6,8167
train,language,,ja,uniq_superbpe,16384,7,19
train,language,,ja,uniq_superbpe,16384,8,14
train,language,,ja,uniq_superbpe,16384,9,776
train,language,,ja,uniq_superbpe,16384,10,55
train,language,,ja,uniq_superbpe,16384,12,230
train,language,,java,uniq_superbpe,16384,1,34936
train,language,,java,uniq_superbpe,16384,2,8248
train,language,,java,uniq_superbpe,16384,3,9748
train,language,,java,uniq_superbpe,16384,4,4443
train,language,,java,uniq_superbpe,16384,5,1914
train,language,,java,uniq_superbpe,16384,6,1793
train,language,,java,uniq_superbpe,16384,7,1135
train,language,,java,uniq_superbpe,16384,8,515
train,language,,java,uniq_superbpe,16384,9,340
train,language,,java,uniq_superbpe,16384,10,257
train,language,,java,uniq_superbpe,16384,11,433
train,language,,java,uniq_superbpe,16384,12,442
train,language,,java,uniq_superbpe,16384,13,540
train,language,,java,uniq_superbpe,16384,14,80
train,language,,java,uniq_superbpe,16384,15,227
train,language,,java,uniq_superbpe,16384,16,1091
train,language,,javascript,uniq_superbpe,16384,1,29152
train,language,,javascript,uniq_superbpe,16384,2,10633
train,language,,javascript,uniq_superbpe,16384,3,6062
train,language,,javascript,uniq_superbpe,16384,4,2120
train,language,,javascript,uniq_superbpe,16384,5,1558
train,language,,javascript,uniq_superbpe,16384,6,1133
train,language,,javascript,uniq_superbpe,16384,7,616
train,language,,javascript,uniq_superbpe,16384,8,588
train,language,,javascript,uniq_superbpe,16384,9,184
train,language,,javascript,uniq_superbpe,16384,10,294
train,language,,javascript,uniq_superbpe,16384,11,135
train,language,,javascript,uniq_superbpe,16384,12,100
train,language,,javascript,uniq_superbpe,16384,13,64
train,language,,javascript,uniq_superbpe,16384,14,57
train,language,,javascript,uniq_superbpe,16384,15,72
train,language,,javascript,uniq_superbpe,16384,16,112
train,language,,kn,uniq_superbpe,16384,1,40023
train,language,,kn,uniq_superbpe,16384,2,3870
train,language,,kn,uniq_superbpe,16384,3,25444
train,language,,kn,uniq_superbpe,16384,4,7947
train,language,,kn,uniq_superbpe,16384,5,103
train,language,,kn,uniq_superbpe,16384,6,37874
train,language,,kn,uniq_superbpe,16384,7,5894
train,language,,kn,uniq_superbpe,16384,8,3
train,language,,kn,uniq_superbpe,16384,9,2553
train,language,,kn,uniq_superbpe,16384,10,629
train,language,,kn,uniq_superbpe,16384,12,294
train,language,,ko,uniq_superbpe,16384,1,10283
train,language,,ko,uniq_superbpe,16384,2,1570
train,language,,ko,uniq_superbpe,16384,3,38291
train,language,,ko,uniq_superbpe,16384,4,11915
train,language,,ko,uniq_superbpe,16384,5,156
train,language,,ko,uniq_superbpe,16384,6,1968
train,language,,ko,uniq_superbpe,16384,7,882
train,language,,ko,uniq_superbpe,16384,8,66
train,language,,ko,uniq_superbpe,16384,9,391
train,language,,ko,uniq_superbpe,16384,10,123
train,language,,ko,uniq_superbpe,16384,12,99
train,language,,ml,uniq_superbpe,16384,1,20161
train,language,,ml,uniq_superbpe,16384,2,855
train,language,,ml,uniq_superbpe,16384,3,9500
train,language,,ml,uniq_superbpe,16384,4,3418
train,language,,ml,uniq_superbpe,16384,5,36
train,language,,ml,uniq_superbpe,16384,6,8136
train,language,,ml,uniq_superbpe,16384,7,1284
train,language,,ml,uniq_superbpe,16384,8,3
train,language,,ml,uniq_superbpe,16384,9,3365
train,language,,ml,uniq_superbpe,16384,10,209
train,language,,ml,uniq_superbpe,16384,11,1
train,language,,ml,uniq_superbpe,16384,12,2614
train,language,,ml,uniq_superbpe,16384,13,28
train,language,,ml,uniq_superbpe,16384,15,169
train,language,,mr,uniq_superbpe,16384,1,31792
train,language,,mr,uniq_superbpe,16384,2,1237
train,language,,mr,uniq_superbpe,16384,3,20902
train,language,,mr,uniq_superbpe,16384,4,5980
train,language,,mr,uniq_superbpe,16384,5,94
train,language,,mr,uniq_superbpe,16384,6,18327
train,language,,mr,uniq_superbpe,16384,7,8322
train,language,,mr,uniq_superbpe,16384,8,3
train,language,,mr,uniq_superbpe,16384,9,2550
train,language,,mr,uniq_superbpe,16384,10,1715
train,language,,mr,uniq_superbpe,16384,11,2
train,language,,mr,uniq_superbpe,16384,12,1610
train,language,,mr,uniq_superbpe,16384,13,447
train,language,,mr,uniq_superbpe,16384,15,89
train,language,,mr,uniq_superbpe,16384,16,313
train,language,,mr,uniq_superbpe,16384,19,60
train,language,,python,uniq_superbpe,16384,1,33415
train,language,,python,uniq_superbpe,16384,2,10011
train,language,,python,uniq_superbpe,16384,3,10875
train,language,,python,uniq_superbpe,16384,4,6236
train,language,,python,uniq_superbpe,16384,5,3479
train,language,,python,uniq_superbpe,16384,6,1925
train,language,,python,uniq_superbpe,16384,7,1579
train,language,,python,uniq_superbpe,16384,8,544
train,language,,python,uniq_superbpe,16384,9,667
train,language,,python,uniq_superbpe,16384,10,614
train,language,,python,uniq_superbpe,16384,11,307
train,language,,python,uniq_superbpe,16384,12,93
train,language,,python,uniq_superbpe,16384,13,140
train,language,,python,uniq_superbpe,16384,14,391
train,language,,python,uniq_superbpe,16384,15,133
train,language,,python,uniq_superbpe,16384,16,742
train,language,,ru,uniq_superbpe,16384,1,6617
train,language,,ru,uniq_superbpe,16384,2,9911
train,language,,ru,uniq_superbpe,16384,3,4434
train,language,,ru,uniq_superbpe,16384,4,15648
train,language,,ru,uniq_superbpe,16384,5,5626
train,language,,ru,uniq_superbpe,16384,6,8171
train,language,,ru,uniq_superbpe,16384,7,2673
train,language,,ru,uniq_superbpe,16384,8,2112
train,language,,ru,uniq_superbpe,16384,9,519
train,language,,ru,uniq_superbpe,16384,10,520
train,language,,ru,uniq_superbpe,16384,11,367
train,language,,ru,uniq_superbpe,16384,12,126
train,language,,ru,uniq_superbpe,16384,13,37
train,language,,ru,uniq_superbpe,16384,15,9
train,language,,ru,uniq_superbpe,16384,16,25
train,language,,ru,uniq_superbpe,16384,17,19
train,language,,rust,uniq_superbpe,16384,1,88540
train,language,,rust,uniq_superbpe,16384,2,20110
train,language,,rust,uniq_superbpe,16384,3,20640
train,language,,rust,uniq_superbpe,16384,4,10841
train,language,,rust,uniq_superbpe,16384,5,5915
train,language,,rust,uniq_superbpe,16384,6,4490
train,language,,rust,uniq_superbpe,16384,7,2235
train,language,,rust,uniq_superbpe,16384,8,1711
train,language,,rust,uniq_superbpe,16384,9,527
train,language,,rust,uniq_superbpe,16384,10,858
train,language,,rust,uniq_superbpe,16384,11,789
train,language,,rust,uniq_superbpe,16384,12,798
train,language,,rust,uniq_superbpe,16384,13,312
train,language,,rust,uniq_superbpe,16384,14,545
train,language,,rust,uniq_superbpe,16384,15,748
train,language,,rust,uniq_superbpe,16384,16,1942
train,language,,sql,uniq_superbpe,16384,1,195301
train,language,,sql,uniq_superbpe,16384,2,79641
train,language,,sql,uniq_superbpe,16384,3,40635
train,language,,sql,uniq_superbpe,16384,4,22815
train,language,,sql,uniq_superbpe,16384,5,9826
train,language,,sql,uniq_superbpe,16384,6,5198
train,language,,sql,uniq_superbpe,16384,7,2715
train,language,,sql,uniq_superbpe,16384,8,5975
train,language,,sql,uniq_superbpe,16384,9,3177
train,language,,sql,uniq_superbpe,16384,10,2665
train,language,,sql,uniq_superbpe,16384,11,1403
train,language,,sql,uniq_superbpe,16384,12,2770
train,language,,sql,uniq_superbpe,16384,13,5229
train,language,,sql,uniq_superbpe,16384,14,2533
train,language,,sql,uniq_superbpe,16384,15,974
train,language,,sql,uniq_superbpe,16384,16,1624
train,language,,sw,uniq_superbpe,16384,1,36702
train,language,,sw,uniq_superbpe,16384,2,46745
train,language,,sw,uniq_superbpe,16384,3,40869
train,language,,sw,uniq_superbpe,16384,4,5923
train,language,,sw,uniq_superbpe,16384,5,1927
train,language,,sw,uniq_superbpe,16384,6,1282
train,language,,sw,uniq_superbpe,16384,7,941
train,language,,sw,uniq_superbpe,16384,8,55
train,language,,sw,uniq_superbpe,16384,9,12
train,language,,sw,uniq_superbpe,16384,10,129
train,language,,sw,uniq_superbpe,16384,11,28
train,language,,sw,uniq_superbpe,16384,12,25
train,language,,ta,uniq_superbpe,16384,1,12361
train,language,,ta,uniq_superbpe,16384,2,829
train,language,,ta,uniq_superbpe,16384,3,11559
train,language,,ta,uniq_superbpe,16384,4,700
train,language,,ta,uniq_superbpe,16384,5,57
train,language,,ta,uniq_superbpe,16384,6,20581
train,language,,ta,uniq_superbpe,16384,7,4013
train,language,,ta,uniq_superbpe,16384,8,1
train,language,,ta,uniq_superbpe,16384,9,1982
train,language,,ta,uniq_superbpe,16384,10,1051
train,language,,ta,uniq_superbpe,16384,11,1
train,language,,ta,uniq_superbpe,16384,13,362
train,language,,ta,uniq_superbpe,16384,16,132
train,language,,ta,uniq_superbpe,16384,19,42
train,language,,te,uniq_superbpe,16384,1,26218
train,language,,te,uniq_superbpe,16384,2,1284
train,language,,te,uniq_superbpe,16384,3,13517
train,language,,te,uniq_superbpe,16384,4,3865
train,language,,te,uniq_superbpe,16384,5,50
train,language,,te,uniq_superbpe,16384,6,25634
train,language,,te,uniq_superbpe,16384,7,4105
train,language,,te,uniq_superbpe,16384,8,2
train,language,,te,uniq_superbpe,16384,9,1575
train,language,,te,uniq_superbpe,16384,10,659
train,language,,te,uniq_superbpe,16384,11,1
train,language,,te,uniq_superbpe,16384,12,941
train,language,,te,uniq_superbpe,16384,13,41
train,language,,typescript,uniq_superbpe,16384,1,150768
train,language,,typescript,uniq_superbpe,16384,2,35153
train,language,,typescript,uniq_superbpe,16384,3,25824
train,language,,typescript,uniq_superbpe,16384,4,17256
train,language,,typescript,uniq_superbpe,16384,5,7294
train,language,,typescript,uniq_superbpe,16384,6,7252
train,language,,typescript,uniq_superbpe,16384,7,2885
train,language,,typescript,uniq_superbpe,16384,8,2789
train,language,,typescript,uniq_superbpe,16384,9,768
train,language,,typescript,uniq_superbpe,16384,10,2219
train,language,,typescript,uniq_superbpe,16384,11,6388
train,language,,typescript,uniq_superbpe,16384,12,703
train,language,,typescript,uniq_superbpe,16384,13,1630
train,language,,typescript,uniq_superbpe,16384,14,3203
train,language,,typescript,uniq_superbpe,16384,15,2372
train,language,,typescript,uniq_superbpe,16384,16,2214
train,language,,uk,uniq_superbpe,16384,1,5832
train,language,,uk,uniq_superbpe,16384,2,9879
train,language,,uk,uniq_superbpe,16384,3,3924
train,language,,uk,uniq_superbpe,16384,4,13521
train,language,,uk,uniq_superbpe,16384,5,4360
train,language,,uk,uniq_superbpe,16384,6,5862
train,language,,uk,uniq_superbpe,16384,7,1998
train,language,,uk,uniq_superbpe,16384,8,1487
train,language,,uk,uniq_superbpe,16384,9,340
train,language,,uk,uniq_superbpe,16384,10,417
train,language,,uk,uniq_superbpe,16384,11,63
train,language,,uk,uniq_superbpe,16384,12,107
train,language,,uk,uniq_superbpe,16384,13,11
train,language,,uk,uniq_superbpe,16384,15,58
train,language,,uk,uniq_superbpe,16384,17,12
train,language,,ur,uniq_superbpe,16384,1,10866
train,language,,ur,uniq_superbpe,16384,2,24789
train,language,,ur,uniq_superbpe,16384,3,9656
train,language,,ur,uniq_superbpe,16384,4,22990
train,language,,ur,uniq_superbpe,16384,5,22413
train,language,,ur,uniq_superbpe,16384,6,3174
train,language,,ur,uniq_superbpe,16384,7,8306
train,language,,ur,uniq_superbpe,16384,8,292
train,language,,ur,uniq_superbpe,16384,9,2438
train,language,,ur,uniq_superbpe,16384,10,324
train,language,,ur,uniq_superbpe,16384,11,867
train,language,,ur,uniq_superbpe,16384,12,513
train,language,,ur,uniq_superbpe,16384,13,25
train,language,,ur,uniq_superbpe,16384,14,364
train,language,,ur,uniq_superbpe,16384,15,146
train,language,,ur,uniq_superbpe,16384,16,330
train,language,,ur,uniq_superbpe,16384,18,26
train,language,,ur,uniq_superbpe,16384,20,28
train,language,,ur,uniq_superbpe,16384,21,123
train,language,,yo,uniq_superbpe,16384,1,16343
train,language,,yo,uniq_superbpe,16384,2,17923
train,language,,yo,uniq_superbpe,16384,3,17332
train,language,,yo,uniq_superbpe,16384,4,2750
train,language,,yo,uniq_superbpe,16384,5,1715
train,language,,yo,uniq_superbpe,16384,6,964
train,language,,yo,uniq_superbpe,16384,7,526
train,language,,yo,uniq_superbpe,16384,8,458
train,language,,yo,uniq_superbpe,16384,9,352
train,language,,yo,uniq_superbpe,16384,10,100
train,language,,yo,uniq_superbpe,16384,11,275
train,language,,yo,uniq_superbpe,16384,12,36
train,language,,yo,uniq_superbpe,16384,13,10
train,language,,yo,uniq_superbpe,16384,14,5
train,language,,yo,uniq_superbpe,16384,15,38
train,language,,yo,uniq_superbpe,16384,17,24
train,language,,zh,uniq_superbpe,16384,1,33224
train,language,,zh,uniq_superbpe,16384,2,8803
train,language,,zh,uniq_superbpe,16384,3,112180
train,language,,zh,uniq_superbpe,16384,4,857
train,language,,zh,uniq_superbpe,16384,5,152
train,language,,zh,uniq_superbpe,16384,6,17206
train,language,,zh,uniq_superbpe,16384,7,4287
train,language,,zh,uniq_superbpe,16384,8,14
train,language,,zh,uniq_superbpe,16384,9,2824
train,language,,zh,uniq_superbpe,16384,10,1347
train,language,,zh,uniq_superbpe,16384,12,3775
train,language,,zh,uniq_superbpe,16384,13,234
train,domain,code,,uniq_superbpe,16384,1,941252
train,domain,code,,uniq_superbpe,16384,2,264085
train,domain,code,,uniq_superbpe,16384,3,196105
train,domain,code,,uniq_superbpe,16384,4,107053
train,domain,code,,uniq_superbpe,16384,5,52629
train,domain,code,,uniq_superbpe,16384,6,39890
train,domain,code,,uniq_superbpe,16384,7,20681
train,domain,code,,uniq_superbpe,16384,8,17445
train,domain,code,,uniq_superbpe,16384,9,7743
train,domain,code,,uniq_superbpe,16384,10,8286
train,domain,code,,uniq_superbpe,16384,11,11542
train,domain,code,,uniq_superbpe,16384,12,5941
train,domain,code,,uniq_superbpe,16384,13,9102
train,domain,code,,uniq_superbpe,16384,14,7311
train,domain,code,,uniq_superbpe,16384,15,5212
train,domain,code,,uniq_superbpe,16384,16,11352
train,domain,cyrillic_african,,uniq_superbpe,16384,1,86018
train,domain,cyrillic_african,,uniq_superbpe,16384,2,95489
train,domain,cyrillic_african,,uniq_superbpe,16384,3,138825
train,domain,cyrillic_african,,uniq_superbpe,16384,4,67397
train,domain,cyrillic_african,,uniq_superbpe,16384,5,21875
train,domain,cyrillic_african,,uniq_superbpe,16384,6,31787
train,domain,cyrillic_african,,uniq_superbpe,16384,7,15653
train,domain,cyrillic_african,,uniq_superbpe,16384,8,6183
train,domain,cyrillic_african,,uniq_superbpe,16384,9,2668
train,domain,cyrillic_african,,uniq_superbpe,16384,10,3226
train,domain,cyrillic_african,,uniq_superbpe,16384,11,1134
train,domain,cyrillic_african,,uniq_superbpe,16384,12,385
train,domain,cyrillic_african,,uniq_superbpe,16384,13,270
train,domain,cyrillic_african,,uniq_superbpe,16384,14,60
train,domain,cyrillic_african,,uniq_superbpe,16384,15,123
train,domain,cyrillic_african,,uniq_superbpe,16384,16,25
train,domain,cyrillic_african,,uniq_superbpe,16384,17,97
train,domain,cyrillic_african,,uniq_superbpe,16384,18,62
train,domain,indic_cjk_arabic,,uniq_superbpe,16384,1,309231
train,domain,indic_cjk_arabic,,uniq_superbpe,16384,2,76460
train,domain,indic_cjk_arabic,,uniq_superbpe,16384,3,378496
train,domain,indic_cjk_arabic,,uniq_superbpe,16384,4,109284
train,domain,indic_cjk_arabic,,uniq_superbpe,16384,5,38328
train,domain,indic_cjk_arabic,,uniq_superbpe,16384,6,186551
train,domain,indic_cjk_arabic,,uniq_superbpe,16384,7,69164
train,domain,indic_cjk_arabic,,uniq_superbpe,16384,8,1067
train,domain,indic_cjk_arabic,,uniq_superbpe,16384,9,26043
train,domain,indic_cjk_arabic,,uniq_superbpe,16384,10,10935
train,domain,indic_cjk_arabic,,uniq_superbpe,16384,11,1154
train,domain,indic_cjk_arabic,,uniq_superbpe,16384,12,10675
train,domain,indic_cjk_arabic,,uniq_superbpe,16384,13,2603
train,domain,indic_cjk_arabic,,uniq_superbpe,16384,14,613
train,domain,indic_cjk_arabic,,uniq_superbpe,16384,15,469
train,domain,indic_cjk_arabic,,uniq_superbpe,16384,16,1290
train,domain,indic_cjk_arabic,,uniq_superbpe,16384,17,328
train,domain,indic_cjk_arabic,,uniq_superbpe,16384,18,26
train,domain,indic_cjk_arabic,,uniq_superbpe,16384,19,292
train,domain,indic_cjk_arabic,,uniq_superbpe,16384,20,62
train,domain,indic_cjk_arabic,,uniq_superbpe,16384,21,123
train,domain,indic_cjk_arabic,,uniq_superbpe,16384,22,25
train,domain,indic_cjk_arabic,,uniq_superbpe,16384,23,95
train,domain,indic_cjk_arabic,,uniq_superbpe,16384,25,3
train,domain,indic_cjk_arabic,,uniq_superbpe,16384,30,37
train,domain,latin_english,,uniq_superbpe,16384,1,10446
train,domain,latin_english,,uniq_superbpe,16384,2,8572
train,domain,latin_english,,uniq_superbpe,16384,3,11329
train,domain,latin_english,,uniq_superbpe,16384,4,5960
train,domain,latin_english,,uniq_superbpe,16384,5,3315
train,domain,latin_english,,uniq_superbpe,16384,6,1387
train,domain,latin_english,,uniq_superbpe,16384,7,1057
train,domain,latin_english,,uniq_superbpe,16384,8,636
train,domain,latin_english,,uniq_superbpe,16384,9,378
train,domain,latin_english,,uniq_superbpe,16384,10,150
train,domain,latin_english,,uniq_superbpe,16384,11,57
train,domain,latin_english,,uniq_superbpe,16384,12,36
train,domain,latin_english,,uniq_superbpe,16384,13,7
train,domain,latin_english,,uniq_superbpe,16384,14,3
train,domain,latin_english,,uniq_superbpe,16384,16,3
train,aggregate,,,uniq_superbpe,16384,1,1346947
train,aggregate,,,uniq_superbpe,16384,2,444606
train,aggregate,,,uniq_superbpe,16384,3,724755
train,aggregate,,,uniq_superbpe,16384,4,289694
train,aggregate,,,uniq_superbpe,16384,5,116147
train,aggregate,,,uniq_superbpe,16384,6,259615
train,aggregate,,,uniq_superbpe,16384,7,106555
train,aggregate,,,uniq_superbpe,16384,8,25331
train,aggregate,,,uniq_superbpe,16384,9,36832
train,aggregate,,,uniq_superbpe,16384,10,22597
train,aggregate,,,uniq_superbpe,16384,11,13887
train,aggregate,,,uniq_superbpe,16384,12,17037
train,aggregate,,,uniq_superbpe,16384,13,11982
train,aggregate,,,uniq_superbpe,16384,14,7987
train,aggregate,,,uniq_superbpe,16384,15,5804
train,aggregate,,,uniq_superbpe,16384,16,12670
train,aggregate,,,uniq_superbpe,16384,17,425
train,aggregate,,,uniq_superbpe,16384,18,88
train,aggregate,,,uniq_superbpe,16384,19,292
train,aggregate,,,uniq_superbpe,16384,20,62
train,aggregate,,,uniq_superbpe,16384,21,123
train,aggregate,,,uniq_superbpe,16384,22,25
train,aggregate,,,uniq_superbpe,16384,23,95
train,aggregate,,,uniq_superbpe,16384,25,3
train,aggregate,,,uniq_superbpe,16384,30,37
validation,stratum,flores200,am,uniq_superbpe,16384,1,2028
validation,stratum,flores200,am,uniq_superbpe,16384,2,217
validation,stratum,flores200,am,uniq_superbpe,16384,3,18843
validation,stratum,flores200,am,uniq_superbpe,16384,4,3548
validation,stratum,flores200,am,uniq_superbpe,16384,5,7
validation,stratum,flores200,am,uniq_superbpe,16384,6,2490
validation,stratum,flores200,am,uniq_superbpe,16384,7,2162
validation,stratum,flores200,am,uniq_superbpe,16384,9,115
validation,stratum,flores200,am,uniq_superbpe,16384,10,486
validation,stratum,flores200,am,uniq_superbpe,16384,11,28
validation,stratum,flores200,am,uniq_superbpe,16384,13,12
validation,stratum,flores200,ar,uniq_superbpe,16384,1,2742
validation,stratum,flores200,ar,uniq_superbpe,16384,2,6626
validation,stratum,flores200,ar,uniq_superbpe,16384,3,2252
validation,stratum,flores200,ar,uniq_superbpe,16384,4,9126
validation,stratum,flores200,ar,uniq_superbpe,16384,5,2539
validation,stratum,flores200,ar,uniq_superbpe,16384,6,919
validation,stratum,flores200,ar,uniq_superbpe,16384,7,2554
validation,stratum,flores200,ar,uniq_superbpe,16384,8,85
validation,stratum,flores200,ar,uniq_superbpe,16384,9,326
validation,stratum,flores200,ar,uniq_superbpe,16384,11,28
validation,stratum,flores200,ar,uniq_superbpe,16384,12,22
validation,stratum,flores200,ar,uniq_superbpe,16384,13,1
validation,stratum,flores200,ar,uniq_superbpe,16384,25,6
validation,stratum,flores200,bg,uniq_superbpe,16384,1,2466
validation,stratum,flores200,bg,uniq_superbpe,16384,2,3969
validation,stratum,flores200,bg,uniq_superbpe,16384,3,2319
validation,stratum,flores200,bg,uniq_superbpe,16384,4,7775
validation,stratum,flores200,bg,uniq_superbpe,16384,5,3793
validation,stratum,flores200,bg,uniq_superbpe,16384,6,3518
validation,stratum,flores200,bg,uniq_superbpe,16384,7,1035
validation,stratum,flores200,bg,uniq_superbpe,16384,8,1048
validation,stratum,flores200,bg,uniq_superbpe,16384,9,565
validation,stratum,flores200,bg,uniq_superbpe,16384,10,133
validation,stratum,flores200,bg,uniq_superbpe,16384,11,168
validation,stratum,flores200,bg,uniq_superbpe,16384,12,47
validation,stratum,flores200,bg,uniq_superbpe,16384,13,47
validation,stratum,flores200,bg,uniq_superbpe,16384,14,27
validation,stratum,flores200,bg,uniq_superbpe,16384,15,7
validation,stratum,flores200,bg,uniq_superbpe,16384,17,23
validation,stratum,flores200,bg,uniq_superbpe,16384,18,13
validation,stratum,flores200,bn,uniq_superbpe,16384,1,17284
validation,stratum,flores200,bn,uniq_superbpe,16384,2,166
validation,stratum,flores200,bn,uniq_superbpe,16384,3,11171
validation,stratum,flores200,bn,uniq_superbpe,16384,4,2268
validation,stratum,flores200,bn,uniq_superbpe,16384,5,1
validation,stratum,flores200,bn,uniq_superbpe,16384,6,8274
validation,stratum,flores200,bn,uniq_superbpe,16384,7,2799
validation,stratum,flores200,bn,uniq_superbpe,16384,9,1169
validation,stratum,flores200,bn,uniq_superbpe,16384,10,1075
validation,stratum,flores200,bn,uniq_superbpe,16384,12,106
validation,stratum,flores200,bn,uniq_superbpe,16384,13,367
validation,stratum,flores200,bn,uniq_superbpe,16384,16,153
validation,stratum,flores200,bn,uniq_superbpe,16384,19,30
validation,stratum,flores200,bn,uniq_superbpe,16384,20,23
validation,stratum,flores200,fa,uniq_superbpe,16384,1,2048
validation,stratum,flores200,fa,uniq_superbpe,16384,2,5650
validation,stratum,flores200,fa,uniq_superbpe,16384,3,3038
validation,stratum,flores200,fa,uniq_superbpe,16384,4,8223
validation,stratum,flores200,fa,uniq_superbpe,16384,5,5100
validation,stratum,flores200,fa,uniq_superbpe,16384,6,1783
validation,stratum,flores200,fa,uniq_superbpe,16384,7,1461
validation,stratum,flores200,fa,uniq_superbpe,16384,8,460
validation,stratum,flores200,fa,uniq_superbpe,16384,9,497
validation,stratum,flores200,fa,uniq_superbpe,16384,10,58
validation,stratum,flores200,fa,uniq_superbpe,16384,11,131
validation,stratum,flores200,fa,uniq_superbpe,16384,12,107
validation,stratum,flores200,fa,uniq_superbpe,16384,13,8
validation,stratum,flores200,fa,uniq_superbpe,16384,14,24
validation,stratum,flores200,fa,uniq_superbpe,16384,15,31
validation,stratum,flores200,gu,uniq_superbpe,16384,1,16470
validation,stratum,flores200,gu,uniq_superbpe,16384,2,171
validation,stratum,flores200,gu,uniq_superbpe,16384,3,8866
validation,stratum,flores200,gu,uniq_superbpe,16384,4,3053
validation,stratum,flores200,gu,uniq_superbpe,16384,6,7278
validation,stratum,flores200,gu,uniq_superbpe,16384,7,2949
validation,stratum,flores200,gu,uniq_superbpe,16384,9,1277
validation,stratum,flores200,gu,uniq_superbpe,16384,10,729
validation,stratum,flores200,gu,uniq_superbpe,16384,12,17
validation,stratum,flores200,gu,uniq_superbpe,16384,13,163
validation,stratum,flores200,gu,uniq_superbpe,16384,14,23
validation,stratum,flores200,gu,uniq_superbpe,16384,16,23
validation,stratum,flores200,gu,uniq_superbpe,16384,17,84
validation,stratum,flores200,gu,uniq_superbpe,16384,19,73
validation,stratum,flores200,hi,uniq_superbpe,16384,1,14579
validation,stratum,flores200,hi,uniq_superbpe,16384,2,130
validation,stratum,flores200,hi,uniq_superbpe,16384,3,7865
validation,stratum,flores200,hi,uniq_superbpe,16384,4,2589
validation,stratum,flores200,hi,uniq_superbpe,16384,5,10
validation,stratum,flores200,hi,uniq_superbpe,16384,6,5575
validation,stratum,flores200,hi,uniq_superbpe,16384,7,5256
validation,stratum,flores200,hi,uniq_superbpe,16384,9,1042
validation,stratum,flores200,hi,uniq_superbpe,16384,10,806
validation,stratum,flores200,hi,uniq_superbpe,16384,12,39
validation,stratum,flores200,hi,uniq_superbpe,16384,13,392
validation,stratum,flores200,hi,uniq_superbpe,16384,14,37
validation,stratum,flores200,hi,uniq_superbpe,16384,16,131
validation,stratum,flores200,hi,uniq_superbpe,16384,17,112
validation,stratum,flores200,hi,uniq_superbpe,16384,19,9
validation,stratum,flores200,hi,uniq_superbpe,16384,22,6
validation,stratum,flores200,hi,uniq_superbpe,16384,23,53
validation,stratum,flores200,hi,uniq_superbpe,16384,30,18
validation,stratum,flores200,ja,uniq_superbpe,16384,1,592
validation,stratum,flores200,ja,uniq_superbpe,16384,2,143
validation,stratum,flores200,ja,uniq_superbpe,16384,3,21536
validation,stratum,flores200,ja,uniq_superbpe,16384,4,7
validation,stratum,flores200,ja,uniq_superbpe,16384,5,1
validation,stratum,flores200,ja,uniq_superbpe,16384,6,2017
validation,stratum,flores200,ja,uniq_superbpe,16384,9,79
validation,stratum,flores200,ja,uniq_superbpe,16384,12,85
validation,stratum,flores200,kn,uniq_superbpe,16384,1,14021
validation,stratum,flores200,kn,uniq_superbpe,16384,2,266
validation,stratum,flores200,kn,uniq_superbpe,16384,3,9970
validation,stratum,flores200,kn,uniq_superbpe,16384,4,2744
validation,stratum,flores200,kn,uniq_superbpe,16384,5,4
validation,stratum,flores200,kn,uniq_superbpe,16384,6,15941
validation,stratum,flores200,kn,uniq_superbpe,16384,7,2231
validation,stratum,flores200,kn,uniq_superbpe,16384,9,1241
validation,stratum,flores200,kn,uniq_superbpe,16384,10,302
validation,stratum,flores200,kn,uniq_superbpe,16384,12,214
validation,stratum,flores200,ko,uniq_superbpe,16384,1,3014
validation,stratum,flores200,ko,uniq_superbpe,16384,2,398
validation,stratum,flores200,ko,uniq_superbpe,16384,3,14409
validation,stratum,flores200,ko,uniq_superbpe,16384,4,4713
validation,stratum,flores200,ko,uniq_superbpe,16384,5,28
validation,stratum,flores200,ko,uniq_superbpe,16384,6,902
validation,stratum,flores200,ko,uniq_superbpe,16384,7,354
validation,stratum,flores200,ko,uniq_superbpe,16384,8,23
validation,stratum,flores200,ko,uniq_superbpe,16384,9,255
validation,stratum,flores200,ko,uniq_superbpe,16384,10,59
validation,stratum,flores200,ko,uniq_superbpe,16384,12,58
validation,stratum,flores200,ml,uniq_superbpe,16384,1,19877
validation,stratum,flores200,ml,uniq_superbpe,16384,2,226
validation,stratum,flores200,ml,uniq_superbpe,16384,3,11104
validation,stratum,flores200,ml,uniq_superbpe,16384,4,3269
validation,stratum,flores200,ml,uniq_superbpe,16384,5,1
validation,stratum,flores200,ml,uniq_superbpe,16384,6,8758
validation,stratum,flores200,ml,uniq_superbpe,16384,7,1521
validation,stratum,flores200,ml,uniq_superbpe,16384,8,1
validation,stratum,flores200,ml,uniq_superbpe,16384,9,2857
validation,stratum,flores200,ml,uniq_superbpe,16384,10,347
validation,stratum,flores200,ml,uniq_superbpe,16384,12,3156
validation,stratum,flores200,ml,uniq_superbpe,16384,13,29
validation,stratum,flores200,ml,uniq_superbpe,16384,15,209
validation,stratum,flores200,mr,uniq_superbpe,16384,1,15770
validation,stratum,flores200,mr,uniq_superbpe,16384,2,173
validation,stratum,flores200,mr,uniq_superbpe,16384,3,9383
validation,stratum,flores200,mr,uniq_superbpe,16384,4,2591
validation,stratum,flores200,mr,uniq_superbpe,16384,6,8709
validation,stratum,flores200,mr,uniq_superbpe,16384,7,3469
validation,stratum,flores200,mr,uniq_superbpe,16384,9,1367
validation,stratum,flores200,mr,uniq_superbpe,16384,10,893
validation,stratum,flores200,mr,uniq_superbpe,16384,12,899
validation,stratum,flores200,mr,uniq_superbpe,16384,13,220
validation,stratum,flores200,mr,uniq_superbpe,16384,15,167
validation,stratum,flores200,mr,uniq_superbpe,16384,16,113
validation,stratum,flores200,mr,uniq_superbpe,16384,19,63
validation,stratum,flores200,ru,uniq_superbpe,16384,1,2675
validation,stratum,flores200,ru,uniq_superbpe,16384,2,5252
validation,stratum,flores200,ru,uniq_superbpe,16384,3,2378
validation,stratum,flores200,ru,uniq_superbpe,16384,4,8427
validation,stratum,flores200,ru,uniq_superbpe,16384,5,2945
validation,stratum,flores200,ru,uniq_superbpe,16384,6,4303
validation,stratum,flores200,ru,uniq_superbpe,16384,7,1462
validation,stratum,flores200,ru,uniq_superbpe,16384,8,1206
validation,stratum,flores200,ru,uniq_superbpe,16384,9,307
validation,stratum,flores200,ru,uniq_superbpe,16384,10,279
validation,stratum,flores200,ru,uniq_superbpe,16384,11,208
validation,stratum,flores200,ru,uniq_superbpe,16384,12,105
validation,stratum,flores200,ru,uniq_superbpe,16384,13,25
validation,stratum,flores200,ru,uniq_superbpe,16384,15,10
validation,stratum,flores200,ru,uniq_superbpe,16384,16,24
validation,stratum,flores200,ru,uniq_superbpe,16384,17,19
validation,stratum,flores200,sw,uniq_superbpe,16384,1,7441
validation,stratum,flores200,sw,uniq_superbpe,16384,2,10023
validation,stratum,flores200,sw,uniq_superbpe,16384,3,9321
validation,stratum,flores200,sw,uniq_superbpe,16384,4,1489
validation,stratum,flores200,sw,uniq_superbpe,16384,5,322
validation,stratum,flores200,sw,uniq_superbpe,16384,6,296
validation,stratum,flores200,sw,uniq_superbpe,16384,7,255
validation,stratum,flores200,sw,uniq_superbpe,16384,8,9
validation,stratum,flores200,sw,uniq_superbpe,16384,10,12
validation,stratum,flores200,sw,uniq_superbpe,16384,11,13
validation,stratum,flores200,sw,uniq_superbpe,16384,12,7
validation,stratum,flores200,ta,uniq_superbpe,16384,1,8772
validation,stratum,flores200,ta,uniq_superbpe,16384,2,418
validation,stratum,flores200,ta,uniq_superbpe,16384,3,9762
validation,stratum,flores200,ta,uniq_superbpe,16384,4,482
validation,stratum,flores200,ta,uniq_superbpe,16384,5,5
validation,stratum,flores200,ta,uniq_superbpe,16384,6,17006
validation,stratum,flores200,ta,uniq_superbpe,16384,7,3243
validation,stratum,flores200,ta,uniq_superbpe,16384,9,1837
validation,stratum,flores200,ta,uniq_superbpe,16384,10,796
validation,stratum,flores200,ta,uniq_superbpe,16384,13,312
validation,stratum,flores200,ta,uniq_superbpe,16384,16,119
validation,stratum,flores200,ta,uniq_superbpe,16384,19,63
validation,stratum,flores200,te,uniq_superbpe,16384,1,14050
validation,stratum,flores200,te,uniq_superbpe,16384,2,492
validation,stratum,flores200,te,uniq_superbpe,16384,3,7421
validation,stratum,flores200,te,uniq_superbpe,16384,4,1977
validation,stratum,flores200,te,uniq_superbpe,16384,5,8
validation,stratum,flores200,te,uniq_superbpe,16384,6,15013
validation,stratum,flores200,te,uniq_superbpe,16384,7,2200
validation,stratum,flores200,te,uniq_superbpe,16384,9,888
validation,stratum,flores200,te,uniq_superbpe,16384,10,472
validation,stratum,flores200,te,uniq_superbpe,16384,12,429
validation,stratum,flores200,te,uniq_superbpe,16384,13,52
validation,stratum,flores200,uk,uniq_superbpe,16384,1,2902
validation,stratum,flores200,uk,uniq_superbpe,16384,2,6106
validation,stratum,flores200,uk,uniq_superbpe,16384,3,2395
validation,stratum,flores200,uk,uniq_superbpe,16384,4,9014
validation,stratum,flores200,uk,uniq_superbpe,16384,5,2960
validation,stratum,flores200,uk,uniq_superbpe,16384,6,4040
validation,stratum,flores200,uk,uniq_superbpe,16384,7,1436
validation,stratum,flores200,uk,uniq_superbpe,16384,8,882
validation,stratum,flores200,uk,uniq_superbpe,16384,9,261
validation,stratum,flores200,uk,uniq_superbpe,16384,10,265
validation,stratum,flores200,uk,uniq_superbpe,16384,11,41
validation,stratum,flores200,uk,uniq_superbpe,16384,12,51
validation,stratum,flores200,uk,uniq_superbpe,16384,13,21
validation,stratum,flores200,uk,uniq_superbpe,16384,15,4
validation,stratum,flores200,uk,uniq_superbpe,16384,17,4
validation,stratum,flores200,ur,uniq_superbpe,16384,1,1617
validation,stratum,flores200,ur,uniq_superbpe,16384,2,6557
validation,stratum,flores200,ur,uniq_superbpe,16384,3,2461
validation,stratum,flores200,ur,uniq_superbpe,16384,4,6665
validation,stratum,flores200,ur,uniq_superbpe,16384,5,5938
validation,stratum,flores200,ur,uniq_superbpe,16384,6,921
validation,stratum,flores200,ur,uniq_superbpe,16384,7,2024
validation,stratum,flores200,ur,uniq_superbpe,16384,8,55
validation,stratum,flores200,ur,uniq_superbpe,16384,9,587
validation,stratum,flores200,ur,uniq_superbpe,16384,10,40
validation,stratum,flores200,ur,uniq_superbpe,16384,11,278
validation,stratum,flores200,ur,uniq_superbpe,16384,12,136
validation,stratum,flores200,ur,uniq_superbpe,16384,13,7
validation,stratum,flores200,ur,uniq_superbpe,16384,14,65
validation,stratum,flores200,ur,uniq_superbpe,16384,15,27
validation,stratum,flores200,ur,uniq_superbpe,16384,16,91
validation,stratum,flores200,ur,uniq_superbpe,16384,20,2
validation,stratum,flores200,ur,uniq_superbpe,16384,21,12
validation,stratum,flores200,yo,uniq_superbpe,16384,1,12727
validation,stratum,flores200,yo,uniq_superbpe,16384,2,18250
validation,stratum,flores200,yo,uniq_superbpe,16384,3,4691
validation,stratum,flores200,yo,uniq_superbpe,16384,4,653
validation,stratum,flores200,yo,uniq_superbpe,16384,5,2472
validation,stratum,flores200,yo,uniq_superbpe,16384,6,77
validation,stratum,flores200,yo,uniq_superbpe,16384,7,35
validation,stratum,flores200,yo,uniq_superbpe,16384,8,14
validation,stratum,flores200,yo,uniq_superbpe,16384,9,27
validation,stratum,flores200,yo,uniq_superbpe,16384,11,2
validation,stratum,flores200,zh,uniq_superbpe,16384,1,1739
validation,stratum,flores200,zh,uniq_superbpe,16384,2,453
validation,stratum,flores200,zh,uniq_superbpe,16384,3,17493
validation,stratum,flores200,zh,uniq_superbpe,16384,4,47
validation,stratum,flores200,zh,uniq_superbpe,16384,5,2
validation,stratum,flores200,zh,uniq_superbpe,16384,6,204
validation,language,,am,uniq_superbpe,16384,1,2028
validation,language,,am,uniq_superbpe,16384,2,217
validation,language,,am,uniq_superbpe,16384,3,18843
validation,language,,am,uniq_superbpe,16384,4,3548
validation,language,,am,uniq_superbpe,16384,5,7
validation,language,,am,uniq_superbpe,16384,6,2490
validation,language,,am,uniq_superbpe,16384,7,2162
validation,language,,am,uniq_superbpe,16384,9,115
validation,language,,am,uniq_superbpe,16384,10,486
validation,language,,am,uniq_superbpe,16384,11,28
validation,language,,am,uniq_superbpe,16384,13,12
validation,language,,ar,uniq_superbpe,16384,1,2742
validation,language,,ar,uniq_superbpe,16384,2,6626
validation,language,,ar,uniq_superbpe,16384,3,2252
validation,language,,ar,uniq_superbpe,16384,4,9126
validation,language,,ar,uniq_superbpe,16384,5,2539
validation,language,,ar,uniq_superbpe,16384,6,919
validation,language,,ar,uniq_superbpe,16384,7,2554
validation,language,,ar,uniq_superbpe,16384,8,85
validation,language,,ar,uniq_superbpe,16384,9,326
validation,language,,ar,uniq_superbpe,16384,11,28
validation,language,,ar,uniq_superbpe,16384,12,22
validation,language,,ar,uniq_superbpe,16384,13,1
validation,language,,ar,uniq_superbpe,16384,25,6
validation,language,,bg,uniq_superbpe,16384,1,2466
validation,language,,bg,uniq_superbpe,16384,2,3969
validation,language,,bg,uniq_superbpe,16384,3,2319
validation,language,,bg,uniq_superbpe,16384,4,7775
validation,language,,bg,uniq_superbpe,16384,5,3793
validation,language,,bg,uniq_superbpe,16384,6,3518
validation,language,,bg,uniq_superbpe,16384,7,1035
validation,language,,bg,uniq_superbpe,16384,8,1048
validation,language,,bg,uniq_superbpe,16384,9,565
validation,language,,bg,uniq_superbpe,16384,10,133
validation,language,,bg,uniq_superbpe,16384,11,168
validation,language,,bg,uniq_superbpe,16384,12,47
validation,language,,bg,uniq_superbpe,16384,13,47
validation,language,,bg,uniq_superbpe,16384,14,27
validation,language,,bg,uniq_superbpe,16384,15,7
validation,language,,bg,uniq_superbpe,16384,17,23
validation,language,,bg,uniq_superbpe,16384,18,13
validation,language,,bn,uniq_superbpe,16384,1,17284
validation,language,,bn,uniq_superbpe,16384,2,166
validation,language,,bn,uniq_superbpe,16384,3,11171
validation,language,,bn,uniq_superbpe,16384,4,2268
validation,language,,bn,uniq_superbpe,16384,5,1
validation,language,,bn,uniq_superbpe,16384,6,8274
validation,language,,bn,uniq_superbpe,16384,7,2799
validation,language,,bn,uniq_superbpe,16384,9,1169
validation,language,,bn,uniq_superbpe,16384,10,1075
validation,language,,bn,uniq_superbpe,16384,12,106
validation,language,,bn,uniq_superbpe,16384,13,367
validation,language,,bn,uniq_superbpe,16384,16,153
validation,language,,bn,uniq_superbpe,16384,19,30
validation,language,,bn,uniq_superbpe,16384,20,23
validation,language,,fa,uniq_superbpe,16384,1,2048
validation,language,,fa,uniq_superbpe,16384,2,5650
validation,language,,fa,uniq_superbpe,16384,3,3038
validation,language,,fa,uniq_superbpe,16384,4,8223
validation,language,,fa,uniq_superbpe,16384,5,5100
validation,language,,fa,uniq_superbpe,16384,6,1783
validation,language,,fa,uniq_superbpe,16384,7,1461
validation,language,,fa,uniq_superbpe,16384,8,460
validation,language,,fa,uniq_superbpe,16384,9,497
validation,language,,fa,uniq_superbpe,16384,10,58
validation,language,,fa,uniq_superbpe,16384,11,131
validation,language,,fa,uniq_superbpe,16384,12,107
validation,language,,fa,uniq_superbpe,16384,13,8
validation,language,,fa,uniq_superbpe,16384,14,24
validation,language,,fa,uniq_superbpe,16384,15,31
validation,language,,gu,uniq_superbpe,16384,1,16470
validation,language,,gu,uniq_superbpe,16384,2,171
validation,language,,gu,uniq_superbpe,16384,3,8866
validation,language,,gu,uniq_superbpe,16384,4,3053
validation,language,,gu,uniq_superbpe,16384,6,7278
validation,language,,gu,uniq_superbpe,16384,7,2949
validation,language,,gu,uniq_superbpe,16384,9,1277
validation,language,,gu,uniq_superbpe,16384,10,729
validation,language,,gu,uniq_superbpe,16384,12,17
validation,language,,gu,uniq_superbpe,16384,13,163
validation,language,,gu,uniq_superbpe,16384,14,23
validation,language,,gu,uniq_superbpe,16384,16,23
validation,language,,gu,uniq_superbpe,16384,17,84
validation,language,,gu,uniq_superbpe,16384,19,73
validation,language,,hi,uniq_superbpe,16384,1,14579
validation,language,,hi,uniq_superbpe,16384,2,130
validation,language,,hi,uniq_superbpe,16384,3,7865
validation,language,,hi,uniq_superbpe,16384,4,2589
validation,language,,hi,uniq_superbpe,16384,5,10
validation,language,,hi,uniq_superbpe,16384,6,5575
validation,language,,hi,uniq_superbpe,16384,7,5256
validation,language,,hi,uniq_superbpe,16384,9,1042
validation,language,,hi,uniq_superbpe,16384,10,806
validation,language,,hi,uniq_superbpe,16384,12,39
validation,language,,hi,uniq_superbpe,16384,13,392
validation,language,,hi,uniq_superbpe,16384,14,37
validation,language,,hi,uniq_superbpe,16384,16,131
validation,language,,hi,uniq_superbpe,16384,17,112
validation,language,,hi,uniq_superbpe,16384,19,9
validation,language,,hi,uniq_superbpe,16384,22,6
validation,language,,hi,uniq_superbpe,16384,23,53
validation,language,,hi,uniq_superbpe,16384,30,18
validation,language,,ja,uniq_superbpe,16384,1,592
validation,language,,ja,uniq_superbpe,16384,2,143
validation,language,,ja,uniq_superbpe,16384,3,21536
validation,language,,ja,uniq_superbpe,16384,4,7
validation,language,,ja,uniq_superbpe,16384,5,1
validation,language,,ja,uniq_superbpe,16384,6,2017
validation,language,,ja,uniq_superbpe,16384,9,79
validation,language,,ja,uniq_superbpe,16384,12,85
validation,language,,kn,uniq_superbpe,16384,1,14021
validation,language,,kn,uniq_superbpe,16384,2,266
validation,language,,kn,uniq_superbpe,16384,3,9970
validation,language,,kn,uniq_superbpe,16384,4,2744
validation,language,,kn,uniq_superbpe,16384,5,4
validation,language,,kn,uniq_superbpe,16384,6,15941
validation,language,,kn,uniq_superbpe,16384,7,2231
validation,language,,kn,uniq_superbpe,16384,9,1241
validation,language,,kn,uniq_superbpe,16384,10,302
validation,language,,kn,uniq_superbpe,16384,12,214
validation,language,,ko,uniq_superbpe,16384,1,3014
validation,language,,ko,uniq_superbpe,16384,2,398
validation,language,,ko,uniq_superbpe,16384,3,14409
validation,language,,ko,uniq_superbpe,16384,4,4713
validation,language,,ko,uniq_superbpe,16384,5,28
validation,language,,ko,uniq_superbpe,16384,6,902
validation,language,,ko,uniq_superbpe,16384,7,354
validation,language,,ko,uniq_superbpe,16384,8,23
validation,language,,ko,uniq_superbpe,16384,9,255
validation,language,,ko,uniq_superbpe,16384,10,59
validation,language,,ko,uniq_superbpe,16384,12,58
validation,language,,ml,uniq_superbpe,16384,1,19877
validation,language,,ml,uniq_superbpe,16384,2,226
validation,language,,ml,uniq_superbpe,16384,3,11104
validation,language,,ml,uniq_superbpe,16384,4,3269
validation,language,,ml,uniq_superbpe,16384,5,1
validation,language,,ml,uniq_superbpe,16384,6,8758
validation,language,,ml,uniq_superbpe,16384,7,1521
validation,language,,ml,uniq_superbpe,16384,8,1
validation,language,,ml,uniq_superbpe,16384,9,2857
validation,language,,ml,uniq_superbpe,16384,10,347
validation,language,,ml,uniq_superbpe,16384,12,3156
validation,language,,ml,uniq_superbpe,16384,13,29
validation,language,,ml,uniq_superbpe,16384,15,209
validation,language,,mr,uniq_superbpe,16384,1,15770
validation,language,,mr,uniq_superbpe,16384,2,173
validation,language,,mr,uniq_superbpe,16384,3,9383
validation,language,,mr,uniq_superbpe,16384,4,2591
validation,language,,mr,uniq_superbpe,16384,6,8709
validation,language,,mr,uniq_superbpe,16384,7,3469
validation,language,,mr,uniq_superbpe,16384,9,1367
validation,language,,mr,uniq_superbpe,16384,10,893
validation,language,,mr,uniq_superbpe,16384,12,899
validation,language,,mr,uniq_superbpe,16384,13,220
validation,language,,mr,uniq_superbpe,16384,15,167
validation,language,,mr,uniq_superbpe,16384,16,113
validation,language,,mr,uniq_superbpe,16384,19,63
validation,language,,ru,uniq_superbpe,16384,1,2675
validation,language,,ru,uniq_superbpe,16384,2,5252
validation,language,,ru,uniq_superbpe,16384,3,2378
validation,language,,ru,uniq_superbpe,16384,4,8427
validation,language,,ru,uniq_superbpe,16384,5,2945
validation,language,,ru,uniq_superbpe,16384,6,4303
validation,language,,ru,uniq_superbpe,16384,7,1462
validation,language,,ru,uniq_superbpe,16384,8,1206
validation,language,,ru,uniq_superbpe,16384,9,307
validation,language,,ru,uniq_superbpe,16384,10,279
validation,language,,ru,uniq_superbpe,16384,11,208
validation,language,,ru,uniq_superbpe,16384,12,105
validation,language,,ru,uniq_superbpe,16384,13,25
validation,language,,ru,uniq_superbpe,16384,15,10
validation,language,,ru,uniq_superbpe,16384,16,24
validation,language,,ru,uniq_superbpe,16384,17,19
validation,language,,sw,uniq_superbpe,16384,1,7441
validation,language,,sw,uniq_superbpe,16384,2,10023
validation,language,,sw,uniq_superbpe,16384,3,9321
validation,language,,sw,uniq_superbpe,16384,4,1489
validation,language,,sw,uniq_superbpe,16384,5,322
validation,language,,sw,uniq_superbpe,16384,6,296
validation,language,,sw,uniq_superbpe,16384,7,255
validation,language,,sw,uniq_superbpe,16384,8,9
validation,language,,sw,uniq_superbpe,16384,10,12
validation,language,,sw,uniq_superbpe,16384,11,13
validation,language,,sw,uniq_superbpe,16384,12,7
validation,language,,ta,uniq_superbpe,16384,1,8772
validation,language,,ta,uniq_superbpe,16384,2,418
validation,language,,ta,uniq_superbpe,16384,3,9762
validation,language,,ta,uniq_superbpe,16384,4,482
validation,language,,ta,uniq_superbpe,16384,5,5
validation,language,,ta,uniq_superbpe,16384,6,17006
validation,language,,ta,uniq_superbpe,16384,7,3243
validation,language,,ta,uniq_superbpe,16384,9,1837
validation,language,,ta,uniq_superbpe,16384,10,796
validation,language,,ta,uniq_superbpe,16384,13,312
validation,language,,ta,uniq_superbpe,16384,16,119
validation,language,,ta,uniq_superbpe,16384,19,63
validation,language,,te,uniq_superbpe,16384,1,14050
validation,language,,te,uniq_superbpe,16384,2,492
validation,language,,te,uniq_superbpe,16384,3,7421
validation,language,,te,uniq_superbpe,16384,4,1977
validation,language,,te,uniq_superbpe,16384,5,8
validation,language,,te,uniq_superbpe,16384,6,15013
validation,language,,te,uniq_superbpe,16384,7,2200
validation,language,,te,uniq_superbpe,16384,9,888
validation,language,,te,uniq_superbpe,16384,10,472
validation,language,,te,uniq_superbpe,16384,12,429
validation,language,,te,uniq_superbpe,16384,13,52
validation,language,,uk,uniq_superbpe,16384,1,2902
validation,language,,uk,uniq_superbpe,16384,2,6106
validation,language,,uk,uniq_superbpe,16384,3,2395
validation,language,,uk,uniq_superbpe,16384,4,9014
validation,language,,uk,uniq_superbpe,16384,5,2960
validation,language,,uk,uniq_superbpe,16384,6,4040
validation,language,,uk,uniq_superbpe,16384,7,1436
validation,language,,uk,uniq_superbpe,16384,8,882
validation,language,,uk,uniq_superbpe,16384,9,261
validation,language,,uk,uniq_superbpe,16384,10,265
validation,language,,uk,uniq_superbpe,16384,11,41
validation,language,,uk,uniq_superbpe,16384,12,51
validation,language,,uk,uniq_superbpe,16384,13,21
validation,language,,uk,uniq_superbpe,16384,15,4
validation,language,,uk,uniq_superbpe,16384,17,4
validation,language,,ur,uniq_superbpe,16384,1,1617
validation,language,,ur,uniq_superbpe,16384,2,6557
validation,language,,ur,uniq_superbpe,16384,3,2461
validation,language,,ur,uniq_superbpe,16384,4,6665
validation,language,,ur,uniq_superbpe,16384,5,5938
validation,language,,ur,uniq_superbpe,16384,6,921
validation,language,,ur,uniq_superbpe,16384,7,2024
validation,language,,ur,uniq_superbpe,16384,8,55
validation,language,,ur,uniq_superbpe,16384,9,587
validation,language,,ur,uniq_superbpe,16384,10,40
validation,language,,ur,uniq_superbpe,16384,11,278
validation,language,,ur,uniq_superbpe,16384,12,136
validation,language,,ur,uniq_superbpe,16384,13,7
validation,language,,ur,uniq_superbpe,16384,14,65
validation,language,,ur,uniq_superbpe,16384,15,27
validation,language,,ur,uniq_superbpe,16384,16,91
validation,language,,ur,uniq_superbpe,16384,20,2
validation,language,,ur,uniq_superbpe,16384,21,12
validation,language,,yo,uniq_superbpe,16384,1,12727
validation,language,,yo,uniq_superbpe,16384,2,18250
validation,language,,yo,uniq_superbpe,16384,3,4691
validation,language,,yo,uniq_superbpe,16384,4,653
validation,language,,yo,uniq_superbpe,16384,5,2472
validation,language,,yo,uniq_superbpe,16384,6,77
validation,language,,yo,uniq_superbpe,16384,7,35
validation,language,,yo,uniq_superbpe,16384,8,14
validation,language,,yo,uniq_superbpe,16384,9,27
validation,language,,yo,uniq_superbpe,16384,11,2
validation,language,,zh,uniq_superbpe,16384,1,1739
validation,language,,zh,uniq_superbpe,16384,2,453
validation,language,,zh,uniq_superbpe,16384,3,17493
validation,language,,zh,uniq_superbpe,16384,4,47
validation,language,,zh,uniq_superbpe,16384,5,2
validation,language,,zh,uniq_superbpe,16384,6,204
validation,domain,flores200,,uniq_superbpe,16384,1,162814
validation,domain,flores200,,uniq_superbpe,16384,2,65686
validation,domain,flores200,,uniq_superbpe,16384,3,176678
validation,domain,flores200,,uniq_superbpe,16384,4,78660
validation,domain,flores200,,uniq_superbpe,16384,5,26136
validation,domain,flores200,,uniq_superbpe,16384,6,108024
validation,domain,flores200,,uniq_superbpe,16384,7,36446
validation,domain,flores200,,uniq_superbpe,16384,8,3783
validation,domain,flores200,,uniq_superbpe,16384,9,14697
validation,domain,flores200,,uniq_superbpe,16384,10,6752
validation,domain,flores200,,uniq_superbpe,16384,11,897
validation,domain,flores200,,uniq_superbpe,16384,12,5478
validation,domain,flores200,,uniq_superbpe,16384,13,1656
validation,domain,flores200,,uniq_superbpe,16384,14,176
validation,domain,flores200,,uniq_superbpe,16384,15,455
validation,domain,flores200,,uniq_superbpe,16384,16,654
validation,domain,flores200,,uniq_superbpe,16384,17,242
validation,domain,flores200,,uniq_superbpe,16384,18,13
validation,domain,flores200,,uniq_superbpe,16384,19,238
validation,domain,flores200,,uniq_superbpe,16384,20,25
validation,domain,flores200,,uniq_superbpe,16384,21,12
validation,domain,flores200,,uniq_superbpe,16384,22,6
validation,domain,flores200,,uniq_superbpe,16384,23,53
validation,domain,flores200,,uniq_superbpe,16384,25,6
validation,domain,flores200,,uniq_superbpe,16384,30,18
validation,aggregate,,,uniq_superbpe,16384,1,162814
validation,aggregate,,,uniq_superbpe,16384,2,65686
validation,aggregate,,,uniq_superbpe,16384,3,176678
validation,aggregate,,,uniq_superbpe,16384,4,78660
validation,aggregate,,,uniq_superbpe,16384,5,26136
validation,aggregate,,,uniq_superbpe,16384,6,108024
validation,aggregate,,,uniq_superbpe,16384,7,36446
validation,aggregate,,,uniq_superbpe,16384,8,3783
validation,aggregate,,,uniq_superbpe,16384,9,14697
validation,aggregate,,,uniq_superbpe,16384,10,6752
validation,aggregate,,,uniq_superbpe,16384,11,897
validation,aggregate,,,uniq_superbpe,16384,12,5478
validation,aggregate,,,uniq_superbpe,16384,13,1656
validation,aggregate,,,uniq_superbpe,16384,14,176
validation,aggregate,,,uniq_superbpe,16384,15,455
validation,aggregate,,,uniq_superbpe,16384,16,654
validation,aggregate,,,uniq_superbpe,16384,17,242
validation,aggregate,,,uniq_superbpe,16384,18,13
validation,aggregate,,,uniq_superbpe,16384,19,238
validation,aggregate,,,uniq_superbpe,16384,20,25
validation,aggregate,,,uniq_superbpe,16384,21,12
validation,aggregate,,,uniq_superbpe,16384,22,6
validation,aggregate,,,uniq_superbpe,16384,23,53
validation,aggregate,,,uniq_superbpe,16384,25,6
validation,aggregate,,,uniq_superbpe,16384,30,18
train,stratum,code,c,uniq_superbpe,32768,1,68292
train,stratum,code,c,uniq_superbpe,32768,2,16456
train,stratum,code,c,uniq_superbpe,32768,3,11249
train,stratum,code,c,uniq_superbpe,32768,4,7844
train,stratum,code,c,uniq_superbpe,32768,5,4496
train,stratum,code,c,uniq_superbpe,32768,6,4346
train,stratum,code,c,uniq_superbpe,32768,7,2079
train,stratum,code,c,uniq_superbpe,32768,8,1384
train,stratum,code,c,uniq_superbpe,32768,9,607
train,stratum,code,c,uniq_superbpe,32768,10,579
train,stratum,code,c,uniq_superbpe,32768,11,302
train,stratum,code,c,uniq_superbpe,32768,12,195
train,stratum,code,c,uniq_superbpe,32768,13,150
train,stratum,code,c,uniq_superbpe,32768,14,130
train,stratum,code,c,uniq_superbpe,32768,15,95
train,stratum,code,c,uniq_superbpe,32768,16,442
train,stratum,code,cpp,uniq_superbpe,32768,1,174521
train,stratum,code,cpp,uniq_superbpe,32768,2,39864
train,stratum,code,cpp,uniq_superbpe,32768,3,31108
train,stratum,code,cpp,uniq_superbpe,32768,4,17042
train,stratum,code,cpp,uniq_superbpe,32768,5,10487
train,stratum,code,cpp,uniq_superbpe,32768,6,12179
train,stratum,code,cpp,uniq_superbpe,32768,7,4335
train,stratum,code,cpp,uniq_superbpe,32768,8,3019
train,stratum,code,cpp,uniq_superbpe,32768,9,1260
train,stratum,code,cpp,uniq_superbpe,32768,10,1735
train,stratum,code,cpp,uniq_superbpe,32768,11,960
train,stratum,code,cpp,uniq_superbpe,32768,12,1138
train,stratum,code,cpp,uniq_superbpe,32768,13,1912
train,stratum,code,cpp,uniq_superbpe,32768,14,229
train,stratum,code,cpp,uniq_superbpe,32768,15,753
train,stratum,code,cpp,uniq_superbpe,32768,16,2973
train,stratum,code,go,uniq_superbpe,32768,1,90860
train,stratum,code,go,uniq_superbpe,32768,2,25696
train,stratum,code,go,uniq_superbpe,32768,3,26332
train,stratum,code,go,uniq_superbpe,32768,4,20572
train,stratum,code,go,uniq_superbpe,32768,5,10091
train,stratum,code,go,uniq_superbpe,32768,6,7201
train,stratum,code,go,uniq_superbpe,32768,7,5516
train,stratum,code,go,uniq_superbpe,32768,8,3696
train,stratum,code,go,uniq_superbpe,32768,9,1754
train,stratum,code,go,uniq_superbpe,32768,10,950
train,stratum,code,go,uniq_superbpe,32768,11,552
train,stratum,code,go,uniq_superbpe,32768,12,250
train,stratum,code,go,uniq_superbpe,32768,13,159
train,stratum,code,go,uniq_superbpe,32768,14,119
train,stratum,code,go,uniq_superbpe,32768,15,278
train,stratum,code,go,uniq_superbpe,32768,16,426
train,stratum,code,java,uniq_superbpe,32768,1,30040
train,stratum,code,java,uniq_superbpe,32768,2,5763
train,stratum,code,java,uniq_superbpe,32768,3,6760
train,stratum,code,java,uniq_superbpe,32768,4,5398
train,stratum,code,java,uniq_superbpe,32768,5,2206
train,stratum,code,java,uniq_superbpe,32768,6,2245
train,stratum,code,java,uniq_superbpe,32768,7,1417
train,stratum,code,java,uniq_superbpe,32768,8,642
train,stratum,code,java,uniq_superbpe,32768,9,668
train,stratum,code,java,uniq_superbpe,32768,10,415
train,stratum,code,java,uniq_superbpe,32768,11,309
train,stratum,code,java,uniq_superbpe,32768,12,502
train,stratum,code,java,uniq_superbpe,32768,13,704
train,stratum,code,java,uniq_superbpe,32768,14,198
train,stratum,code,java,uniq_superbpe,32768,15,259
train,stratum,code,java,uniq_superbpe,32768,16,1072
train,stratum,code,javascript,uniq_superbpe,32768,1,26141
train,stratum,code,javascript,uniq_superbpe,32768,2,8892
train,stratum,code,javascript,uniq_superbpe,32768,3,4969
train,stratum,code,javascript,uniq_superbpe,32768,4,2931
train,stratum,code,javascript,uniq_superbpe,32768,5,1396
train,stratum,code,javascript,uniq_superbpe,32768,6,1532
train,stratum,code,javascript,uniq_superbpe,32768,7,976
train,stratum,code,javascript,uniq_superbpe,32768,8,689
train,stratum,code,javascript,uniq_superbpe,32768,9,302
train,stratum,code,javascript,uniq_superbpe,32768,10,248
train,stratum,code,javascript,uniq_superbpe,32768,11,193
train,stratum,code,javascript,uniq_superbpe,32768,12,115
train,stratum,code,javascript,uniq_superbpe,32768,13,74
train,stratum,code,javascript,uniq_superbpe,32768,14,64
train,stratum,code,javascript,uniq_superbpe,32768,15,56
train,stratum,code,javascript,uniq_superbpe,32768,16,125
train,stratum,code,python,uniq_superbpe,32768,1,29463
train,stratum,code,python,uniq_superbpe,32768,2,6913
train,stratum,code,python,uniq_superbpe,32768,3,8376
train,stratum,code,python,uniq_superbpe,32768,4,6560
train,stratum,code,python,uniq_superbpe,32768,5,3888
train,stratum,code,python,uniq_superbpe,32768,6,2852
train,stratum,code,python,uniq_superbpe,32768,7,1778
train,stratum,code,python,uniq_superbpe,32768,8,903
train,stratum,code,python,uniq_superbpe,32768,9,771
train,stratum,code,python,uniq_superbpe,32768,10,627
train,stratum,code,python,uniq_superbpe,32768,11,465
train,stratum,code,python,uniq_superbpe,32768,12,111
train,stratum,code,python,uniq_superbpe,32768,13,110
train,stratum,code,python,uniq_superbpe,32768,14,457
train,stratum,code,python,uniq_superbpe,32768,15,170
train,stratum,code,python,uniq_superbpe,32768,16,765
train,stratum,code,rust,uniq_superbpe,32768,1,77701
train,stratum,code,rust,uniq_superbpe,32768,2,15935
train,stratum,code,rust,uniq_superbpe,32768,3,17136
train,stratum,code,rust,uniq_superbpe,32768,4,10571
train,stratum,code,rust,uniq_superbpe,32768,5,7147
train,stratum,code,rust,uniq_superbpe,32768,6,5486
train,stratum,code,rust,uniq_superbpe,32768,7,2828
train,stratum,code,rust,uniq_superbpe,32768,8,2000
train,stratum,code,rust,uniq_superbpe,32768,9,1089
train,stratum,code,rust,uniq_superbpe,32768,10,984
train,stratum,code,rust,uniq_superbpe,32768,11,944
train,stratum,code,rust,uniq_superbpe,32768,12,639
train,stratum,code,rust,uniq_superbpe,32768,13,321
train,stratum,code,rust,uniq_superbpe,32768,14,718
train,stratum,code,rust,uniq_superbpe,32768,15,676
train,stratum,code,rust,uniq_superbpe,32768,16,2230
train,stratum,code,sql,uniq_superbpe,32768,1,140532
train,stratum,code,sql,uniq_superbpe,32768,2,40415
train,stratum,code,sql,uniq_superbpe,32768,3,62563
train,stratum,code,sql,uniq_superbpe,32768,4,17732
train,stratum,code,sql,uniq_superbpe,32768,5,7545
train,stratum,code,sql,uniq_superbpe,32768,6,10878
train,stratum,code,sql,uniq_superbpe,32768,7,4808
train,stratum,code,sql,uniq_superbpe,32768,8,4456
train,stratum,code,sql,uniq_superbpe,32768,9,1610
train,stratum,code,sql,uniq_superbpe,32768,10,1883
train,stratum,code,sql,uniq_superbpe,32768,11,2258
train,stratum,code,sql,uniq_superbpe,32768,12,3770
train,stratum,code,sql,uniq_superbpe,32768,13,6312
train,stratum,code,sql,uniq_superbpe,32768,14,2819
train,stratum,code,sql,uniq_superbpe,32768,15,2504
train,stratum,code,sql,uniq_superbpe,32768,16,3004
train,stratum,code,typescript,uniq_superbpe,32768,1,125076
train,stratum,code,typescript,uniq_superbpe,32768,2,27866
train,stratum,code,typescript,uniq_superbpe,32768,3,20591
train,stratum,code,typescript,uniq_superbpe,32768,4,17283
train,stratum,code,typescript,uniq_superbpe,32768,5,9009
train,stratum,code,typescript,uniq_superbpe,32768,6,8621
train,stratum,code,typescript,uniq_superbpe,32768,7,3607
train,stratum,code,typescript,uniq_superbpe,32768,8,2321
train,stratum,code,typescript,uniq_superbpe,32768,9,1640
train,stratum,code,typescript,uniq_superbpe,32768,10,2474
train,stratum,code,typescript,uniq_superbpe,32768,11,7367
train,stratum,code,typescript,uniq_superbpe,32768,12,788
train,stratum,code,typescript,uniq_superbpe,32768,13,1631
train,stratum,code,typescript,uniq_superbpe,32768,14,2983
train,stratum,code,typescript,uniq_superbpe,32768,15,2438
train,stratum,code,typescript,uniq_superbpe,32768,16,3317
train,stratum,cyrillic_african,am,uniq_superbpe,32768,1,10084
train,stratum,cyrillic_african,am,uniq_superbpe,32768,2,1305
train,stratum,cyrillic_african,am,uniq_superbpe,32768,3,35693
train,stratum,cyrillic_african,am,uniq_superbpe,32768,4,8654
train,stratum,cyrillic_african,am,uniq_superbpe,32768,5,80
train,stratum,cyrillic_african,am,uniq_superbpe,32768,6,14318
train,stratum,cyrillic_african,am,uniq_superbpe,32768,7,9509
train,stratum,cyrillic_african,am,uniq_superbpe,32768,8,7
train,stratum,cyrillic_african,am,uniq_superbpe,32768,9,1303
train,stratum,cyrillic_african,am,uniq_superbpe,32768,10,4024
train,stratum,cyrillic_african,am,uniq_superbpe,32768,11,65
train,stratum,cyrillic_african,am,uniq_superbpe,32768,12,187
train,stratum,cyrillic_african,am,uniq_superbpe,32768,13,1208
train,stratum,cyrillic_african,am,uniq_superbpe,32768,15,51
train,stratum,cyrillic_african,am,uniq_superbpe,32768,16,502
train,stratum,cyrillic_african,am,uniq_superbpe,32768,17,19
train,stratum,cyrillic_african,am,uniq_superbpe,32768,19,160
train,stratum,cyrillic_african,am,uniq_superbpe,32768,21,16
train,stratum,cyrillic_african,am,uniq_superbpe,32768,22,5
train,stratum,cyrillic_african,bg,uniq_superbpe,32768,1,7388
train,stratum,cyrillic_african,bg,uniq_superbpe,32768,2,5942
train,stratum,cyrillic_african,bg,uniq_superbpe,32768,3,4352
train,stratum,cyrillic_african,bg,uniq_superbpe,32768,4,8172
train,stratum,cyrillic_african,bg,uniq_superbpe,32768,5,6295
train,stratum,cyrillic_african,bg,uniq_superbpe,32768,6,6643
train,stratum,cyrillic_african,bg,uniq_superbpe,32768,7,2903
train,stratum,cyrillic_african,bg,uniq_superbpe,32768,8,3051
train,stratum,cyrillic_african,bg,uniq_superbpe,32768,9,1762
train,stratum,cyrillic_african,bg,uniq_superbpe,32768,10,969
train,stratum,cyrillic_african,bg,uniq_superbpe,32768,11,1055
train,stratum,cyrillic_african,bg,uniq_superbpe,32768,12,414
train,stratum,cyrillic_african,bg,uniq_superbpe,32768,13,648
train,stratum,cyrillic_african,bg,uniq_superbpe,32768,14,63
train,stratum,cyrillic_african,bg,uniq_superbpe,32768,15,317
train,stratum,cyrillic_african,bg,uniq_superbpe,32768,16,89
train,stratum,cyrillic_african,bg,uniq_superbpe,32768,17,270
train,stratum,cyrillic_african,bg,uniq_superbpe,32768,18,48
train,stratum,cyrillic_african,bg,uniq_superbpe,32768,19,150
train,stratum,cyrillic_african,bg,uniq_superbpe,32768,21,76
train,stratum,cyrillic_african,bg,uniq_superbpe,32768,23,21
train,stratum,cyrillic_african,bg,uniq_superbpe,32768,25,7
train,stratum,cyrillic_african,ru,uniq_superbpe,32768,1,5815
train,stratum,cyrillic_african,ru,uniq_superbpe,32768,2,6458
train,stratum,cyrillic_african,ru,uniq_superbpe,32768,3,3492
train,stratum,cyrillic_african,ru,uniq_superbpe,32768,4,8500
train,stratum,cyrillic_african,ru,uniq_superbpe,32768,5,3907
train,stratum,cyrillic_african,ru,uniq_superbpe,32768,6,6616
train,stratum,cyrillic_african,ru,uniq_superbpe,32768,7,3072
train,stratum,cyrillic_african,ru,uniq_superbpe,32768,8,2756
train,stratum,cyrillic_african,ru,uniq_superbpe,32768,9,1275
train,stratum,cyrillic_african,ru,uniq_superbpe,32768,10,1125
train,stratum,cyrillic_african,ru,uniq_superbpe,32768,11,1047
train,stratum,cyrillic_african,ru,uniq_superbpe,32768,12,428
train,stratum,cyrillic_african,ru,uniq_superbpe,32768,13,568
train,stratum,cyrillic_african,ru,uniq_superbpe,32768,14,177
train,stratum,cyrillic_african,ru,uniq_superbpe,32768,15,327
train,stratum,cyrillic_african,ru,uniq_superbpe,32768,16,87
train,stratum,cyrillic_african,ru,uniq_superbpe,32768,17,266
train,stratum,cyrillic_african,ru,uniq_superbpe,32768,18,12
train,stratum,cyrillic_african,ru,uniq_superbpe,32768,19,93
train,stratum,cyrillic_african,ru,uniq_superbpe,32768,20,9
train,stratum,cyrillic_african,ru,uniq_superbpe,32768,21,105
train,stratum,cyrillic_african,ru,uniq_superbpe,32768,23,9
train,stratum,cyrillic_african,ru,uniq_superbpe,32768,25,46
train,stratum,cyrillic_african,ru,uniq_superbpe,32768,27,3
train,stratum,cyrillic_african,sw,uniq_superbpe,32768,1,27791
train,stratum,cyrillic_african,sw,uniq_superbpe,32768,2,33257
train,stratum,cyrillic_african,sw,uniq_superbpe,32768,3,41761
train,stratum,cyrillic_african,sw,uniq_superbpe,32768,4,8291
train,stratum,cyrillic_african,sw,uniq_superbpe,32768,5,3450
train,stratum,cyrillic_african,sw,uniq_superbpe,32768,6,1814
train,stratum,cyrillic_african,sw,uniq_superbpe,32768,7,1243
train,stratum,cyrillic_african,sw,uniq_superbpe,32768,8,404
train,stratum,cyrillic_african,sw,uniq_superbpe,32768,9,398
train,stratum,cyrillic_african,sw,uniq_superbpe,32768,10,257
train,stratum,cyrillic_african,sw,uniq_superbpe,32768,11,37
train,stratum,cyrillic_african,sw,uniq_superbpe,32768,12,77
train,stratum,cyrillic_african,sw,uniq_superbpe,32768,13,53
train,stratum,cyrillic_african,sw,uniq_superbpe,32768,15,124
train,stratum,cyrillic_african,uk,uniq_superbpe,32768,1,5234
train,stratum,cyrillic_african,uk,uniq_superbpe,32768,2,6613
train,stratum,cyrillic_african,uk,uniq_superbpe,32768,3,3211
train,stratum,cyrillic_african,uk,uniq_superbpe,32768,4,7538
train,stratum,cyrillic_african,uk,uniq_superbpe,32768,5,3355
train,stratum,cyrillic_african,uk,uniq_superbpe,32768,6,5481
train,stratum,cyrillic_african,uk,uniq_superbpe,32768,7,2159
train,stratum,cyrillic_african,uk,uniq_superbpe,32768,8,2132
train,stratum,cyrillic_african,uk,uniq_superbpe,32768,9,1007
train,stratum,cyrillic_african,uk,uniq_superbpe,32768,10,795
train,stratum,cyrillic_african,uk,uniq_superbpe,32768,11,717
train,stratum,cyrillic_african,uk,uniq_superbpe,32768,12,330
train,stratum,cyrillic_african,uk,uniq_superbpe,32768,13,408
train,stratum,cyrillic_african,uk,uniq_superbpe,32768,14,25
train,stratum,cyrillic_african,uk,uniq_superbpe,32768,15,239
train,stratum,cyrillic_african,uk,uniq_superbpe,32768,16,17
train,stratum,cyrillic_african,uk,uniq_superbpe,32768,17,188
train,stratum,cyrillic_african,uk,uniq_superbpe,32768,18,14
train,stratum,cyrillic_african,uk,uniq_superbpe,32768,19,98
train,stratum,cyrillic_african,uk,uniq_superbpe,32768,21,28
train,stratum,cyrillic_african,uk,uniq_superbpe,32768,23,13
train,stratum,cyrillic_african,uk,uniq_superbpe,32768,27,3
train,stratum,cyrillic_african,yo,uniq_superbpe,32768,1,13770
train,stratum,cyrillic_african,yo,uniq_superbpe,32768,2,12195
train,stratum,cyrillic_african,yo,uniq_superbpe,32768,3,16518
train,stratum,cyrillic_african,yo,uniq_superbpe,32768,4,3913
train,stratum,cyrillic_african,yo,uniq_superbpe,32768,5,2124
train,stratum,cyrillic_african,yo,uniq_superbpe,32768,6,1339
train,stratum,cyrillic_african,yo,uniq_superbpe,32768,7,935
train,stratum,cyrillic_african,yo,uniq_superbpe,32768,8,577
train,stratum,cyrillic_african,yo,uniq_superbpe,32768,9,290
train,stratum,cyrillic_african,yo,uniq_superbpe,32768,10,280
train,stratum,cyrillic_african,yo,uniq_superbpe,32768,11,207
train,stratum,cyrillic_african,yo,uniq_superbpe,32768,12,155
train,stratum,cyrillic_african,yo,uniq_superbpe,32768,13,41
train,stratum,cyrillic_african,yo,uniq_superbpe,32768,14,73
train,stratum,cyrillic_african,yo,uniq_superbpe,32768,15,44
train,stratum,cyrillic_african,yo,uniq_superbpe,32768,16,10
train,stratum,cyrillic_african,yo,uniq_superbpe,32768,17,12
train,stratum,cyrillic_african,yo,uniq_superbpe,32768,18,13
train,stratum,cyrillic_african,yo,uniq_superbpe,32768,19,8
train,stratum,indic_cjk_arabic,ar,uniq_superbpe,32768,1,7083
train,stratum,indic_cjk_arabic,ar,uniq_superbpe,32768,2,7234
train,stratum,indic_cjk_arabic,ar,uniq_superbpe,32768,3,3167
train,stratum,indic_cjk_arabic,ar,uniq_superbpe,32768,4,10626
train,stratum,indic_cjk_arabic,ar,uniq_superbpe,32768,5,6276
train,stratum,indic_cjk_arabic,ar,uniq_superbpe,32768,6,4871
train,stratum,indic_cjk_arabic,ar,uniq_superbpe,32768,7,4537
train,stratum,indic_cjk_arabic,ar,uniq_superbpe,32768,8,1061
train,stratum,indic_cjk_arabic,ar,uniq_superbpe,32768,9,2103
train,stratum,indic_cjk_arabic,ar,uniq_superbpe,32768,10,370
train,stratum,indic_cjk_arabic,ar,uniq_superbpe,32768,11,690
train,stratum,indic_cjk_arabic,ar,uniq_superbpe,32768,12,170
train,stratum,indic_cjk_arabic,ar,uniq_superbpe,32768,13,376
train,stratum,indic_cjk_arabic,ar,uniq_superbpe,32768,14,65
train,stratum,indic_cjk_arabic,ar,uniq_superbpe,32768,15,125
train,stratum,indic_cjk_arabic,ar,uniq_superbpe,32768,16,7
train,stratum,indic_cjk_arabic,ar,uniq_superbpe,32768,17,19
train,stratum,indic_cjk_arabic,ar,uniq_superbpe,32768,19,13
train,stratum,indic_cjk_arabic,ar,uniq_superbpe,32768,21,12
train,stratum,indic_cjk_arabic,bn,uniq_superbpe,32768,1,11639
train,stratum,indic_cjk_arabic,bn,uniq_superbpe,32768,2,464
train,stratum,indic_cjk_arabic,bn,uniq_superbpe,32768,3,11974
train,stratum,indic_cjk_arabic,bn,uniq_superbpe,32768,4,1803
train,stratum,indic_cjk_arabic,bn,uniq_superbpe,32768,5,73
train,stratum,indic_cjk_arabic,bn,uniq_superbpe,32768,6,12432
train,stratum,indic_cjk_arabic,bn,uniq_superbpe,32768,7,7127
train,stratum,indic_cjk_arabic,bn,uniq_superbpe,32768,8,8
train,stratum,indic_cjk_arabic,bn,uniq_superbpe,32768,9,2968
train,stratum,indic_cjk_arabic,bn,uniq_superbpe,32768,10,2549
train,stratum,indic_cjk_arabic,bn,uniq_superbpe,32768,12,1227
train,stratum,indic_cjk_arabic,bn,uniq_superbpe,32768,13,1078
train,stratum,indic_cjk_arabic,bn,uniq_superbpe,32768,15,65
train,stratum,indic_cjk_arabic,bn,uniq_superbpe,32768,16,484
train,stratum,indic_cjk_arabic,bn,uniq_superbpe,32768,18,2
train,stratum,indic_cjk_arabic,bn,uniq_superbpe,32768,19,219
train,stratum,indic_cjk_arabic,bn,uniq_superbpe,32768,20,26
train,stratum,indic_cjk_arabic,bn,uniq_superbpe,32768,21,11
train,stratum,indic_cjk_arabic,bn,uniq_superbpe,32768,22,37
train,stratum,indic_cjk_arabic,bn,uniq_superbpe,32768,23,16
train,stratum,indic_cjk_arabic,bn,uniq_superbpe,32768,24,21
train,stratum,indic_cjk_arabic,bn,uniq_superbpe,32768,25,23
train,stratum,indic_cjk_arabic,bn,uniq_superbpe,32768,26,48
train,stratum,indic_cjk_arabic,bn,uniq_superbpe,32768,28,6
train,stratum,indic_cjk_arabic,bn,uniq_superbpe,32768,29,3
train,stratum,indic_cjk_arabic,fa,uniq_superbpe,32768,1,4310
train,stratum,indic_cjk_arabic,fa,uniq_superbpe,32768,2,5115
train,stratum,indic_cjk_arabic,fa,uniq_superbpe,32768,3,2878
train,stratum,indic_cjk_arabic,fa,uniq_superbpe,32768,4,5227
train,stratum,indic_cjk_arabic,fa,uniq_superbpe,32768,5,6760
train,stratum,indic_cjk_arabic,fa,uniq_superbpe,32768,6,3167
train,stratum,indic_cjk_arabic,fa,uniq_superbpe,32768,7,3893
train,stratum,indic_cjk_arabic,fa,uniq_superbpe,32768,8,1053
train,stratum,indic_cjk_arabic,fa,uniq_superbpe,32768,9,2833
train,stratum,indic_cjk_arabic,fa,uniq_superbpe,32768,10,357
train,stratum,indic_cjk_arabic,fa,uniq_superbpe,32768,11,1527
train,stratum,indic_cjk_arabic,fa,uniq_superbpe,32768,12,319
train,stratum,indic_cjk_arabic,fa,uniq_superbpe,32768,13,492
train,stratum,indic_cjk_arabic,fa,uniq_superbpe,32768,14,85
train,stratum,indic_cjk_arabic,fa,uniq_superbpe,32768,15,391
train,stratum,indic_cjk_arabic,fa,uniq_superbpe,32768,16,94
train,stratum,indic_cjk_arabic,fa,uniq_superbpe,32768,17,11
train,stratum,indic_cjk_arabic,fa,uniq_superbpe,32768,18,36
train,stratum,indic_cjk_arabic,fa,uniq_superbpe,32768,19,5
train,stratum,indic_cjk_arabic,fa,uniq_superbpe,32768,20,29
train,stratum,indic_cjk_arabic,fa,uniq_superbpe,32768,21,1
train,stratum,indic_cjk_arabic,gu,uniq_superbpe,32768,1,11839
train,stratum,indic_cjk_arabic,gu,uniq_superbpe,32768,2,746
train,stratum,indic_cjk_arabic,gu,uniq_superbpe,32768,3,8510
train,stratum,indic_cjk_arabic,gu,uniq_superbpe,32768,4,3282
train,stratum,indic_cjk_arabic,gu,uniq_superbpe,32768,5,117
train,stratum,indic_cjk_arabic,gu,uniq_superbpe,32768,6,11306
train,stratum,indic_cjk_arabic,gu,uniq_superbpe,32768,7,7761
train,stratum,indic_cjk_arabic,gu,uniq_superbpe,32768,8,28
train,stratum,indic_cjk_arabic,gu,uniq_superbpe,32768,9,3274
train,stratum,indic_cjk_arabic,gu,uniq_superbpe,32768,10,2865
train,stratum,indic_cjk_arabic,gu,uniq_superbpe,32768,11,5
train,stratum,indic_cjk_arabic,gu,uniq_superbpe,32768,12,563
train,stratum,indic_cjk_arabic,gu,uniq_superbpe,32768,13,908
train,stratum,indic_cjk_arabic,gu,uniq_superbpe,32768,14,54
train,stratum,indic_cjk_arabic,gu,uniq_superbpe,32768,15,96
train,stratum,indic_cjk_arabic,gu,uniq_superbpe,32768,16,268
train,stratum,indic_cjk_arabic,gu,uniq_superbpe,32768,17,230
train,stratum,indic_cjk_arabic,gu,uniq_superbpe,32768,18,5
train,stratum,indic_cjk_arabic,gu,uniq_superbpe,32768,19,141
train,stratum,indic_cjk_arabic,gu,uniq_superbpe,32768,20,1
train,stratum,indic_cjk_arabic,gu,uniq_superbpe,32768,22,15
train,stratum,indic_cjk_arabic,gu,uniq_superbpe,32768,26,31
train,stratum,indic_cjk_arabic,gu,uniq_superbpe,32768,32,7
train,stratum,indic_cjk_arabic,hi,uniq_superbpe,32768,1,13239
train,stratum,indic_cjk_arabic,hi,uniq_superbpe,32768,2,733
train,stratum,indic_cjk_arabic,hi,uniq_superbpe,32768,3,9705
train,stratum,indic_cjk_arabic,hi,uniq_superbpe,32768,4,2260
train,stratum,indic_cjk_arabic,hi,uniq_superbpe,32768,5,54
train,stratum,indic_cjk_arabic,hi,uniq_superbpe,32768,6,11070
train,stratum,indic_cjk_arabic,hi,uniq_superbpe,32768,7,14290
train,stratum,indic_cjk_arabic,hi,uniq_superbpe,32768,8,13
train,stratum,indic_cjk_arabic,hi,uniq_superbpe,32768,9,3119
train,stratum,indic_cjk_arabic,hi,uniq_superbpe,32768,10,3242
train,stratum,indic_cjk_arabic,hi,uniq_superbpe,32768,11,5
train,stratum,indic_cjk_arabic,hi,uniq_superbpe,32768,12,555
train,stratum,indic_cjk_arabic,hi,uniq_superbpe,32768,13,1901
train,stratum,indic_cjk_arabic,hi,uniq_superbpe,32768,14,90
train,stratum,indic_cjk_arabic,hi,uniq_superbpe,32768,15,71
train,stratum,indic_cjk_arabic,hi,uniq_superbpe,32768,16,344
train,stratum,indic_cjk_arabic,hi,uniq_superbpe,32768,17,314
train,stratum,indic_cjk_arabic,hi,uniq_superbpe,32768,18,10
train,stratum,indic_cjk_arabic,hi,uniq_superbpe,32768,19,167
train,stratum,indic_cjk_arabic,hi,uniq_superbpe,32768,20,290
train,stratum,indic_cjk_arabic,hi,uniq_superbpe,32768,22,67
train,stratum,indic_cjk_arabic,hi,uniq_superbpe,32768,23,159
train,stratum,indic_cjk_arabic,hi,uniq_superbpe,32768,25,20
train,stratum,indic_cjk_arabic,hi,uniq_superbpe,32768,26,6
train,stratum,indic_cjk_arabic,hi,uniq_superbpe,32768,30,100
train,stratum,indic_cjk_arabic,ja,uniq_superbpe,32768,1,17857
train,stratum,indic_cjk_arabic,ja,uniq_superbpe,32768,2,4811
train,stratum,indic_cjk_arabic,ja,uniq_superbpe,32768,3,48473
train,stratum,indic_cjk_arabic,ja,uniq_superbpe,32768,4,2122
train,stratum,indic_cjk_arabic,ja,uniq_superbpe,32768,5,261
train,stratum,indic_cjk_arabic,ja,uniq_superbpe,32768,6,11323
train,stratum,indic_cjk_arabic,ja,uniq_superbpe,32768,7,387
train,stratum,indic_cjk_arabic,ja,uniq_superbpe,32768,8,37
train,stratum,indic_cjk_arabic,ja,uniq_superbpe,32768,9,3568
train,stratum,indic_cjk_arabic,ja,uniq_superbpe,32768,10,416
train,stratum,indic_cjk_arabic,ja,uniq_superbpe,32768,11,1
train,stratum,indic_cjk_arabic,ja,uniq_superbpe,32768,12,2276
train,stratum,indic_cjk_arabic,ja,uniq_superbpe,32768,13,1
train,stratum,indic_cjk_arabic,ja,uniq_superbpe,32768,15,1
train,stratum,indic_cjk_arabic,ja,uniq_superbpe,32768,18,67
train,stratum,indic_cjk_arabic,kn,uniq_superbpe,32768,1,17337
train,stratum,indic_cjk_arabic,kn,uniq_superbpe,32768,2,3532
train,stratum,indic_cjk_arabic,kn,uniq_superbpe,32768,3,14376
train,stratum,indic_cjk_arabic,kn,uniq_superbpe,32768,4,3227
train,stratum,indic_cjk_arabic,kn,uniq_superbpe,32768,5,154
train,stratum,indic_cjk_arabic,kn,uniq_superbpe,32768,6,34836
train,stratum,indic_cjk_arabic,kn,uniq_superbpe,32768,7,9365
train,stratum,indic_cjk_arabic,kn,uniq_superbpe,32768,8,10
train,stratum,indic_cjk_arabic,kn,uniq_superbpe,32768,9,6102
train,stratum,indic_cjk_arabic,kn,uniq_superbpe,32768,10,3383
train,stratum,indic_cjk_arabic,kn,uniq_superbpe,32768,11,3
train,stratum,indic_cjk_arabic,kn,uniq_superbpe,32768,12,755
train,stratum,indic_cjk_arabic,kn,uniq_superbpe,32768,13,307
train,stratum,indic_cjk_arabic,kn,uniq_superbpe,32768,14,1
train,stratum,indic_cjk_arabic,kn,uniq_superbpe,32768,15,1
train,stratum,indic_cjk_arabic,ko,uniq_superbpe,32768,1,8436
train,stratum,indic_cjk_arabic,ko,uniq_superbpe,32768,2,1093
train,stratum,indic_cjk_arabic,ko,uniq_superbpe,32768,3,25758
train,stratum,indic_cjk_arabic,ko,uniq_superbpe,32768,4,9235
train,stratum,indic_cjk_arabic,ko,uniq_superbpe,32768,5,80
train,stratum,indic_cjk_arabic,ko,uniq_superbpe,32768,6,3433
train,stratum,indic_cjk_arabic,ko,uniq_superbpe,32768,7,5015
train,stratum,indic_cjk_arabic,ko,uniq_superbpe,32768,8,32
train,stratum,indic_cjk_arabic,ko,uniq_superbpe,32768,9,446
train,stratum,indic_cjk_arabic,ko,uniq_superbpe,32768,10,960
train,stratum,indic_cjk_arabic,ko,uniq_superbpe,32768,11,29
train,stratum,indic_cjk_arabic,ko,uniq_superbpe,32768,12,466
train,stratum,indic_cjk_arabic,ko,uniq_superbpe,32768,13,13
train,stratum,indic_cjk_arabic,ko,uniq_superbpe,32768,14,21
train,stratum,indic_cjk_arabic,ml,uniq_superbpe,32768,1,6654
train,stratum,indic_cjk_arabic,ml,uniq_superbpe,32768,2,697
train,stratum,indic_cjk_arabic,ml,uniq_superbpe,32768,3,4802
train,stratum,indic_cjk_arabic,ml,uniq_superbpe,32768,4,2004
train,stratum,indic_cjk_arabic,ml,uniq_superbpe,32768,5,57
train,stratum,indic_cjk_arabic,ml,uniq_superbpe,32768,6,8050
train,stratum,indic_cjk_arabic,ml,uniq_superbpe,32768,7,2650
train,stratum,indic_cjk_arabic,ml,uniq_superbpe,32768,8,12
train,stratum,indic_cjk_arabic,ml,uniq_superbpe,32768,9,3133
train,stratum,indic_cjk_arabic,ml,uniq_superbpe,32768,10,623
train,stratum,indic_cjk_arabic,ml,uniq_superbpe,32768,11,2
train,stratum,indic_cjk_arabic,ml,uniq_superbpe,32768,12,3039
train,stratum,indic_cjk_arabic,ml,uniq_superbpe,32768,13,219
train,stratum,indic_cjk_arabic,ml,uniq_superbpe,32768,15,569
train,stratum,indic_cjk_arabic,ml,uniq_superbpe,32768,16,217
train,stratum,indic_cjk_arabic,ml,uniq_superbpe,32768,18,129
train,stratum,indic_cjk_arabic,ml,uniq_superbpe,32768,19,71
train,stratum,indic_cjk_arabic,ml,uniq_superbpe,32768,21,32
train,stratum,indic_cjk_arabic,ml,uniq_superbpe,32768,22,16
train,stratum,indic_cjk_arabic,ml,uniq_superbpe,32768,24,13
train,stratum,indic_cjk_arabic,ml,uniq_superbpe,32768,25,9
train,stratum,indic_cjk_arabic,mr,uniq_superbpe,32768,1,13591
train,stratum,indic_cjk_arabic,mr,uniq_superbpe,32768,2,985
train,stratum,indic_cjk_arabic,mr,uniq_superbpe,32768,3,11619
train,stratum,indic_cjk_arabic,mr,uniq_superbpe,32768,4,2479
train,stratum,indic_cjk_arabic,mr,uniq_superbpe,32768,5,118
train,stratum,indic_cjk_arabic,mr,uniq_superbpe,32768,6,15923
train,stratum,indic_cjk_arabic,mr,uniq_superbpe,32768,7,9881
train,stratum,indic_cjk_arabic,mr,uniq_superbpe,32768,8,94
train,stratum,indic_cjk_arabic,mr,uniq_superbpe,32768,9,3285
train,stratum,indic_cjk_arabic,mr,uniq_superbpe,32768,10,3205
train,stratum,indic_cjk_arabic,mr,uniq_superbpe,32768,11,72
train,stratum,indic_cjk_arabic,mr,uniq_superbpe,32768,12,2374
train,stratum,indic_cjk_arabic,mr,uniq_superbpe,32768,13,1107
train,stratum,indic_cjk_arabic,mr,uniq_superbpe,32768,14,42
train,stratum,indic_cjk_arabic,mr,uniq_superbpe,32768,15,540
train,stratum,indic_cjk_arabic,mr,uniq_superbpe,32768,16,765
train,stratum,indic_cjk_arabic,mr,uniq_superbpe,32768,18,25
train,stratum,indic_cjk_arabic,mr,uniq_superbpe,32768,19,328
train,stratum,indic_cjk_arabic,mr,uniq_superbpe,32768,20,1
train,stratum,indic_cjk_arabic,mr,uniq_superbpe,32768,21,11
train,stratum,indic_cjk_arabic,mr,uniq_superbpe,32768,22,69
train,stratum,indic_cjk_arabic,mr,uniq_superbpe,32768,25,34
train,stratum,indic_cjk_arabic,mr,uniq_superbpe,32768,26,17
train,stratum,indic_cjk_arabic,ta,uniq_superbpe,32768,1,6028
train,stratum,indic_cjk_arabic,ta,uniq_superbpe,32768,2,547
train,stratum,indic_cjk_arabic,ta,uniq_superbpe,32768,3,5476
train,stratum,indic_cjk_arabic,ta,uniq_superbpe,32768,4,369
train,stratum,indic_cjk_arabic,ta,uniq_superbpe,32768,5,38
train,stratum,indic_cjk_arabic,ta,uniq_superbpe,32768,6,18699
train,stratum,indic_cjk_arabic,ta,uniq_superbpe,32768,7,4200
train,stratum,indic_cjk_arabic,ta,uniq_superbpe,32768,8,4
train,stratum,indic_cjk_arabic,ta,uniq_superbpe,32768,9,4116
train,stratum,indic_cjk_arabic,ta,uniq_superbpe,32768,10,2527
train,stratum,indic_cjk_arabic,ta,uniq_superbpe,32768,11,2
train,stratum,indic_cjk_arabic,ta,uniq_superbpe,32768,12,124
train,stratum,indic_cjk_arabic,ta,uniq_superbpe,32768,13,454
train,stratum,indic_cjk_arabic,ta,uniq_superbpe,32768,15,1
train,stratum,indic_cjk_arabic,ta,uniq_superbpe,32768,16,57
train,stratum,indic_cjk_arabic,ta,uniq_superbpe,32768,19,30
train,stratum,indic_cjk_arabic,ta,uniq_superbpe,32768,22,58
train,stratum,indic_cjk_arabic,te,uniq_superbpe,32768,1,9995
train,stratum,indic_cjk_arabic,te,uniq_superbpe,32768,2,901
train,stratum,indic_cjk_arabic,te,uniq_superbpe,32768,3,6923
train,stratum,indic_cjk_arabic,te,uniq_superbpe,32768,4,2519
train,stratum,indic_cjk_arabic,te,uniq_superbpe,32768,5,105
train,stratum,indic_cjk_arabic,te,uniq_superbpe,32768,6,20073
train,stratum,indic_cjk_arabic,te,uniq_superbpe,32768,7,6384
train,stratum,indic_cjk_arabic,te,uniq_superbpe,32768,8,10
train,stratum,indic_cjk_arabic,te,uniq_superbpe,32768,9,4050
train,stratum,indic_cjk_arabic,te,uniq_superbpe,32768,10,1506
train,stratum,indic_cjk_arabic,te,uniq_superbpe,32768,11,2
train,stratum,indic_cjk_arabic,te,uniq_superbpe,32768,12,1859
train,stratum,indic_cjk_arabic,te,uniq_superbpe,32768,13,455
train,stratum,indic_cjk_arabic,te,uniq_superbpe,32768,15,220
train,stratum,indic_cjk_arabic,te,uniq_superbpe,32768,16,471
train,stratum,indic_cjk_arabic,te,uniq_superbpe,32768,18,16
train,stratum,indic_cjk_arabic,te,uniq_superbpe,32768,19,13
train,stratum,indic_cjk_arabic,te,uniq_superbpe,32768,22,32
train,stratum,indic_cjk_arabic,ur,uniq_superbpe,32768,1,9259
train,stratum,indic_cjk_arabic,ur,uniq_superbpe,32768,2,12940
train,stratum,indic_cjk_arabic,ur,uniq_superbpe,32768,3,4759
train,stratum,indic_cjk_arabic,ur,uniq_superbpe,32768,4,11300
train,stratum,indic_cjk_arabic,ur,uniq_superbpe,32768,5,18157
train,stratum,indic_cjk_arabic,ur,uniq_superbpe,32768,6,5078
train,stratum,indic_cjk_arabic,ur,uniq_superbpe,32768,7,10363
train,stratum,indic_cjk_arabic,ur,uniq_superbpe,32768,8,829
train,stratum,indic_cjk_arabic,ur,uniq_superbpe,32768,9,6150
train,stratum,indic_cjk_arabic,ur,uniq_superbpe,32768,10,720
train,stratum,indic_cjk_arabic,ur,uniq_superbpe,32768,11,2386
train,stratum,indic_cjk_arabic,ur,uniq_superbpe,32768,12,708
train,stratum,indic_cjk_arabic,ur,uniq_superbpe,32768,13,742
train,stratum,indic_cjk_arabic,ur,uniq_superbpe,32768,14,747
train,stratum,indic_cjk_arabic,ur,uniq_superbpe,32768,15,348
train,stratum,indic_cjk_arabic,ur,uniq_superbpe,32768,16,336
train,stratum,indic_cjk_arabic,ur,uniq_superbpe,32768,17,70
train,stratum,indic_cjk_arabic,ur,uniq_superbpe,32768,18,113
train,stratum,indic_cjk_arabic,ur,uniq_superbpe,32768,19,17
train,stratum,indic_cjk_arabic,ur,uniq_superbpe,32768,20,42
train,stratum,indic_cjk_arabic,ur,uniq_superbpe,32768,21,121
train,stratum,indic_cjk_arabic,ur,uniq_superbpe,32768,22,17
train,stratum,indic_cjk_arabic,zh,uniq_superbpe,32768,1,29490
train,stratum,indic_cjk_arabic,zh,uniq_superbpe,32768,2,7381
train,stratum,indic_cjk_arabic,zh,uniq_superbpe,32768,3,79595
train,stratum,indic_cjk_arabic,zh,uniq_superbpe,32768,4,2199
train,stratum,indic_cjk_arabic,zh,uniq_superbpe,32768,5,194
train,stratum,indic_cjk_arabic,zh,uniq_superbpe,32768,6,21803
train,stratum,indic_cjk_arabic,zh,uniq_superbpe,32768,7,4585
train,stratum,indic_cjk_arabic,zh,uniq_superbpe,32768,8,22
train,stratum,indic_cjk_arabic,zh,uniq_superbpe,32768,9,6049
train,stratum,indic_cjk_arabic,zh,uniq_superbpe,32768,10,1540
train,stratum,indic_cjk_arabic,zh,uniq_superbpe,32768,11,3
train,stratum,indic_cjk_arabic,zh,uniq_superbpe,32768,12,6586
train,stratum,indic_cjk_arabic,zh,uniq_superbpe,32768,13,565
train,stratum,latin_english,en,uniq_superbpe,32768,1,8687
train,stratum,latin_english,en,uniq_superbpe,32768,2,5498
train,stratum,latin_english,en,uniq_superbpe,32768,3,9295
train,stratum,latin_english,en,uniq_superbpe,32768,4,5820
train,stratum,latin_english,en,uniq_superbpe,32768,5,3675
train,stratum,latin_english,en,uniq_superbpe,32768,6,1812
train,stratum,latin_english,en,uniq_superbpe,32768,7,1355
train,stratum,latin_english,en,uniq_superbpe,32768,8,927
train,stratum,latin_english,en,uniq_superbpe,32768,9,636
train,stratum,latin_english,en,uniq_superbpe,32768,10,268
train,stratum,latin_english,en,uniq_superbpe,32768,11,167
train,stratum,latin_english,en,uniq_superbpe,32768,12,80
train,stratum,latin_english,en,uniq_superbpe,32768,13,35
train,stratum,latin_english,en,uniq_superbpe,32768,14,13
train,stratum,latin_english,en,uniq_superbpe,32768,15,3
train,stratum,latin_english,en,uniq_superbpe,32768,16,4
train,language,,am,uniq_superbpe,32768,1,10084
train,language,,am,uniq_superbpe,32768,2,1305
train,language,,am,uniq_superbpe,32768,3,35693
train,language,,am,uniq_superbpe,32768,4,8654
train,language,,am,uniq_superbpe,32768,5,80
train,language,,am,uniq_superbpe,32768,6,14318
train,language,,am,uniq_superbpe,32768,7,9509
train,language,,am,uniq_superbpe,32768,8,7
train,language,,am,uniq_superbpe,32768,9,1303
train,language,,am,uniq_superbpe,32768,10,4024
train,language,,am,uniq_superbpe,32768,11,65
train,language,,am,uniq_superbpe,32768,12,187
train,language,,am,uniq_superbpe,32768,13,1208
train,language,,am,uniq_superbpe,32768,15,51
train,language,,am,uniq_superbpe,32768,16,502
train,language,,am,uniq_superbpe,32768,17,19
train,language,,am,uniq_superbpe,32768,19,160
train,language,,am,uniq_superbpe,32768,21,16
train,language,,am,uniq_superbpe,32768,22,5
train,language,,ar,uniq_superbpe,32768,1,7083
train,language,,ar,uniq_superbpe,32768,2,7234
train,language,,ar,uniq_superbpe,32768,3,3167
train,language,,ar,uniq_superbpe,32768,4,10626
train,language,,ar,uniq_superbpe,32768,5,6276
train,language,,ar,uniq_superbpe,32768,6,4871
train,language,,ar,uniq_superbpe,32768,7,4537
train,language,,ar,uniq_superbpe,32768,8,1061
train,language,,ar,uniq_superbpe,32768,9,2103
train,language,,ar,uniq_superbpe,32768,10,370
train,language,,ar,uniq_superbpe,32768,11,690
train,language,,ar,uniq_superbpe,32768,12,170
train,language,,ar,uniq_superbpe,32768,13,376
train,language,,ar,uniq_superbpe,32768,14,65
train,language,,ar,uniq_superbpe,32768,15,125
train,language,,ar,uniq_superbpe,32768,16,7
train,language,,ar,uniq_superbpe,32768,17,19
train,language,,ar,uniq_superbpe,32768,19,13
train,language,,ar,uniq_superbpe,32768,21,12
train,language,,bg,uniq_superbpe,32768,1,7388
train,language,,bg,uniq_superbpe,32768,2,5942
train,language,,bg,uniq_superbpe,32768,3,4352
train,language,,bg,uniq_superbpe,32768,4,8172
train,language,,bg,uniq_superbpe,32768,5,6295
train,language,,bg,uniq_superbpe,32768,6,6643
train,language,,bg,uniq_superbpe,32768,7,2903
train,language,,bg,uniq_superbpe,32768,8,3051
train,language,,bg,uniq_superbpe,32768,9,1762
train,language,,bg,uniq_superbpe,32768,10,969
train,language,,bg,uniq_superbpe,32768,11,1055
train,language,,bg,uniq_superbpe,32768,12,414
train,language,,bg,uniq_superbpe,32768,13,648
train,language,,bg,uniq_superbpe,32768,14,63
train,language,,bg,uniq_superbpe,32768,15,317
train,language,,bg,uniq_superbpe,32768,16,89
train,language,,bg,uniq_superbpe,32768,17,270
train,language,,bg,uniq_superbpe,32768,18,48
train,language,,bg,uniq_superbpe,32768,19,150
train,language,,bg,uniq_superbpe,32768,21,76
train,language,,bg,uniq_superbpe,32768,23,21
train,language,,bg,uniq_superbpe,32768,25,7
train,language,,bn,uniq_superbpe,32768,1,11639
train,language,,bn,uniq_superbpe,32768,2,464
train,language,,bn,uniq_superbpe,32768,3,11974
train,language,,bn,uniq_superbpe,32768,4,1803
train,language,,bn,uniq_superbpe,32768,5,73
train,language,,bn,uniq_superbpe,32768,6,12432
train,language,,bn,uniq_superbpe,32768,7,7127
train,language,,bn,uniq_superbpe,32768,8,8
train,language,,bn,uniq_superbpe,32768,9,2968
train,language,,bn,uniq_superbpe,32768,10,2549
train,language,,bn,uniq_superbpe,32768,12,1227
train,language,,bn,uniq_superbpe,32768,13,1078
train,language,,bn,uniq_superbpe,32768,15,65
train,language,,bn,uniq_superbpe,32768,16,484
train,language,,bn,uniq_superbpe,32768,18,2
train,language,,bn,uniq_superbpe,32768,19,219
train,language,,bn,uniq_superbpe,32768,20,26
train,language,,bn,uniq_superbpe,32768,21,11
train,language,,bn,uniq_superbpe,32768,22,37
train,language,,bn,uniq_superbpe,32768,23,16
train,language,,bn,uniq_superbpe,32768,24,21
train,language,,bn,uniq_superbpe,32768,25,23
train,language,,bn,uniq_superbpe,32768,26,48
train,language,,bn,uniq_superbpe,32768,28,6
train,language,,bn,uniq_superbpe,32768,29,3
train,language,,c,uniq_superbpe,32768,1,68292
train,language,,c,uniq_superbpe,32768,2,16456
train,language,,c,uniq_superbpe,32768,3,11249
train,language,,c,uniq_superbpe,32768,4,7844
train,language,,c,uniq_superbpe,32768,5,4496
train,language,,c,uniq_superbpe,32768,6,4346
train,language,,c,uniq_superbpe,32768,7,2079
train,language,,c,uniq_superbpe,32768,8,1384
train,language,,c,uniq_superbpe,32768,9,607
train,language,,c,uniq_superbpe,32768,10,579
train,language,,c,uniq_superbpe,32768,11,302
train,language,,c,uniq_superbpe,32768,12,195
train,language,,c,uniq_superbpe,32768,13,150
train,language,,c,uniq_superbpe,32768,14,130
train,language,,c,uniq_superbpe,32768,15,95
train,language,,c,uniq_superbpe,32768,16,442
train,language,,cpp,uniq_superbpe,32768,1,174521
train,language,,cpp,uniq_superbpe,32768,2,39864
train,language,,cpp,uniq_superbpe,32768,3,31108
train,language,,cpp,uniq_superbpe,32768,4,17042
train,language,,cpp,uniq_superbpe,32768,5,10487
train,language,,cpp,uniq_superbpe,32768,6,12179
train,language,,cpp,uniq_superbpe,32768,7,4335
train,language,,cpp,uniq_superbpe,32768,8,3019
train,language,,cpp,uniq_superbpe,32768,9,1260
train,language,,cpp,uniq_superbpe,32768,10,1735
train,language,,cpp,uniq_superbpe,32768,11,960
train,language,,cpp,uniq_superbpe,32768,12,1138
train,language,,cpp,uniq_superbpe,32768,13,1912
train,language,,cpp,uniq_superbpe,32768,14,229
train,language,,cpp,uniq_superbpe,32768,15,753
train,language,,cpp,uniq_superbpe,32768,16,2973
train,language,,en,uniq_superbpe,32768,1,8687
train,language,,en,uniq_superbpe,32768,2,5498
train,language,,en,uniq_superbpe,32768,3,9295
train,language,,en,uniq_superbpe,32768,4,5820
train,language,,en,uniq_superbpe,32768,5,3675
train,language,,en,uniq_superbpe,32768,6,1812
train,language,,en,uniq_superbpe,32768,7,1355
train,language,,en,uniq_superbpe,32768,8,927
train,language,,en,uniq_superbpe,32768,9,636
train,language,,en,uniq_superbpe,32768,10,268
train,language,,en,uniq_superbpe,32768,11,167
train,language,,en,uniq_superbpe,32768,12,80
train,language,,en,uniq_superbpe,32768,13,35
train,language,,en,uniq_superbpe,32768,14,13
train,language,,en,uniq_superbpe,32768,15,3
train,language,,en,uniq_superbpe,32768,16,4
train,language,,fa,uniq_superbpe,32768,1,4310
train,language,,fa,uniq_superbpe,32768,2,5115
train,language,,fa,uniq_superbpe,32768,3,2878
train,language,,fa,uniq_superbpe,32768,4,5227
train,language,,fa,uniq_superbpe,32768,5,6760
train,language,,fa,uniq_superbpe,32768,6,3167
train,language,,fa,uniq_superbpe,32768,7,3893
train,language,,fa,uniq_superbpe,32768,8,1053
train,language,,fa,uniq_superbpe,32768,9,2833
train,language,,fa,uniq_superbpe,32768,10,357
train,language,,fa,uniq_superbpe,32768,11,1527
train,language,,fa,uniq_superbpe,32768,12,319
train,language,,fa,uniq_superbpe,32768,13,492
train,language,,fa,uniq_superbpe,32768,14,85
train,language,,fa,uniq_superbpe,32768,15,391
train,language,,fa,uniq_superbpe,32768,16,94
train,language,,fa,uniq_superbpe,32768,17,11
train,language,,fa,uniq_superbpe,32768,18,36
train,language,,fa,uniq_superbpe,32768,19,5
train,language,,fa,uniq_superbpe,32768,20,29
train,language,,fa,uniq_superbpe,32768,21,1
train,language,,go,uniq_superbpe,32768,1,90860
train,language,,go,uniq_superbpe,32768,2,25696
train,language,,go,uniq_superbpe,32768,3,26332
train,language,,go,uniq_superbpe,32768,4,20572
train,language,,go,uniq_superbpe,32768,5,10091
train,language,,go,uniq_superbpe,32768,6,7201
train,language,,go,uniq_superbpe,32768,7,5516
train,language,,go,uniq_superbpe,32768,8,3696
train,language,,go,uniq_superbpe,32768,9,1754
train,language,,go,uniq_superbpe,32768,10,950
train,language,,go,uniq_superbpe,32768,11,552
train,language,,go,uniq_superbpe,32768,12,250
train,language,,go,uniq_superbpe,32768,13,159
train,language,,go,uniq_superbpe,32768,14,119
train,language,,go,uniq_superbpe,32768,15,278
train,language,,go,uniq_superbpe,32768,16,426
train,language,,gu,uniq_superbpe,32768,1,11839
train,language,,gu,uniq_superbpe,32768,2,746
train,language,,gu,uniq_superbpe,32768,3,8510
train,language,,gu,uniq_superbpe,32768,4,3282
train,language,,gu,uniq_superbpe,32768,5,117
train,language,,gu,uniq_superbpe,32768,6,11306
train,language,,gu,uniq_superbpe,32768,7,7761
train,language,,gu,uniq_superbpe,32768,8,28
train,language,,gu,uniq_superbpe,32768,9,3274
train,language,,gu,uniq_superbpe,32768,10,2865
train,language,,gu,uniq_superbpe,32768,11,5
train,language,,gu,uniq_superbpe,32768,12,563
train,language,,gu,uniq_superbpe,32768,13,908
train,language,,gu,uniq_superbpe,32768,14,54
train,language,,gu,uniq_superbpe,32768,15,96
train,language,,gu,uniq_superbpe,32768,16,268
train,language,,gu,uniq_superbpe,32768,17,230
train,language,,gu,uniq_superbpe,32768,18,5
train,language,,gu,uniq_superbpe,32768,19,141
train,language,,gu,uniq_superbpe,32768,20,1
train,language,,gu,uniq_superbpe,32768,22,15
train,language,,gu,uniq_superbpe,32768,26,31
train,language,,gu,uniq_superbpe,32768,32,7
train,language,,hi,uniq_superbpe,32768,1,13239
train,language,,hi,uniq_superbpe,32768,2,733
train,language,,hi,uniq_superbpe,32768,3,9705
train,language,,hi,uniq_superbpe,32768,4,2260
train,language,,hi,uniq_superbpe,32768,5,54
train,language,,hi,uniq_superbpe,32768,6,11070
train,language,,hi,uniq_superbpe,32768,7,14290
train,language,,hi,uniq_superbpe,32768,8,13
train,language,,hi,uniq_superbpe,32768,9,3119
train,language,,hi,uniq_superbpe,32768,10,3242
train,language,,hi,uniq_superbpe,32768,11,5
train,language,,hi,uniq_superbpe,32768,12,555
train,language,,hi,uniq_superbpe,32768,13,1901
train,language,,hi,uniq_superbpe,32768,14,90
train,language,,hi,uniq_superbpe,32768,15,71
train,language,,hi,uniq_superbpe,32768,16,344
train,language,,hi,uniq_superbpe,32768,17,314
train,language,,hi,uniq_superbpe,32768,18,10
train,language,,hi,uniq_superbpe,32768,19,167
train,language,,hi,uniq_superbpe,32768,20,290
train,language,,hi,uniq_superbpe,32768,22,67
train,language,,hi,uniq_superbpe,32768,23,159
train,language,,hi,uniq_superbpe,32768,25,20
train,language,,hi,uniq_superbpe,32768,26,6
train,language,,hi,uniq_superbpe,32768,30,100
train,language,,ja,uniq_superbpe,32768,1,17857
train,language,,ja,uniq_superbpe,32768,2,4811
train,language,,ja,uniq_superbpe,32768,3,48473
train,language,,ja,uniq_superbpe,32768,4,2122
train,language,,ja,uniq_superbpe,32768,5,261
train,language,,ja,uniq_superbpe,32768,6,11323
train,language,,ja,uniq_superbpe,32768,7,387
train,language,,ja,uniq_superbpe,32768,8,37
train,language,,ja,uniq_superbpe,32768,9,3568
train,language,,ja,uniq_superbpe,32768,10,416
train,language,,ja,uniq_superbpe,32768,11,1
train,language,,ja,uniq_superbpe,32768,12,2276
train,language,,ja,uniq_superbpe,32768,13,1
train,language,,ja,uniq_superbpe,32768,15,1
train,language,,ja,uniq_superbpe,32768,18,67
train,language,,java,uniq_superbpe,32768,1,30040
train,language,,java,uniq_superbpe,32768,2,5763
train,language,,java,uniq_superbpe,32768,3,6760
train,language,,java,uniq_superbpe,32768,4,5398
train,language,,java,uniq_superbpe,32768,5,2206
train,language,,java,uniq_superbpe,32768,6,2245
train,language,,java,uniq_superbpe,32768,7,1417
train,language,,java,uniq_superbpe,32768,8,642
train,language,,java,uniq_superbpe,32768,9,668
train,language,,java,uniq_superbpe,32768,10,415
train,language,,java,uniq_superbpe,32768,11,309
train,language,,java,uniq_superbpe,32768,12,502
train,language,,java,uniq_superbpe,32768,13,704
train,language,,java,uniq_superbpe,32768,14,198
train,language,,java,uniq_superbpe,32768,15,259
train,language,,java,uniq_superbpe,32768,16,1072
train,language,,javascript,uniq_superbpe,32768,1,26141
train,language,,javascript,uniq_superbpe,32768,2,8892
train,language,,javascript,uniq_superbpe,32768,3,4969
train,language,,javascript,uniq_superbpe,32768,4,2931
train,language,,javascript,uniq_superbpe,32768,5,1396
train,language,,javascript,uniq_superbpe,32768,6,1532
train,language,,javascript,uniq_superbpe,32768,7,976
train,language,,javascript,uniq_superbpe,32768,8,689
train,language,,javascript,uniq_superbpe,32768,9,302
train,language,,javascript,uniq_superbpe,32768,10,248
train,language,,javascript,uniq_superbpe,32768,11,193
train,language,,javascript,uniq_superbpe,32768,12,115
train,language,,javascript,uniq_superbpe,32768,13,74
train,language,,javascript,uniq_superbpe,32768,14,64
train,language,,javascript,uniq_superbpe,32768,15,56
train,language,,javascript,uniq_superbpe,32768,16,125
train,language,,kn,uniq_superbpe,32768,1,17337
train,language,,kn,uniq_superbpe,32768,2,3532
train,language,,kn,uniq_superbpe,32768,3,14376
train,language,,kn,uniq_superbpe,32768,4,3227
train,language,,kn,uniq_superbpe,32768,5,154
train,language,,kn,uniq_superbpe,32768,6,34836
train,language,,kn,uniq_superbpe,32768,7,9365
train,language,,kn,uniq_superbpe,32768,8,10
train,language,,kn,uniq_superbpe,32768,9,6102
train,language,,kn,uniq_superbpe,32768,10,3383
train,language,,kn,uniq_superbpe,32768,11,3
train,language,,kn,uniq_superbpe,32768,12,755
train,language,,kn,uniq_superbpe,32768,13,307
train,language,,kn,uniq_superbpe,32768,14,1
train,language,,kn,uniq_superbpe,32768,15,1
train,language,,ko,uniq_superbpe,32768,1,8436
train,language,,ko,uniq_superbpe,32768,2,1093
train,language,,ko,uniq_superbpe,32768,3,25758
train,language,,ko,uniq_superbpe,32768,4,9235
train,language,,ko,uniq_superbpe,32768,5,80
train,language,,ko,uniq_superbpe,32768,6,3433
train,language,,ko,uniq_superbpe,32768,7,5015
train,language,,ko,uniq_superbpe,32768,8,32
train,language,,ko,uniq_superbpe,32768,9,446
train,language,,ko,uniq_superbpe,32768,10,960
train,language,,ko,uniq_superbpe,32768,11,29
train,language,,ko,uniq_superbpe,32768,12,466
train,language,,ko,uniq_superbpe,32768,13,13
train,language,,ko,uniq_superbpe,32768,14,21
train,language,,ml,uniq_superbpe,32768,1,6654
train,language,,ml,uniq_superbpe,32768,2,697
train,language,,ml,uniq_superbpe,32768,3,4802
train,language,,ml,uniq_superbpe,32768,4,2004
train,language,,ml,uniq_superbpe,32768,5,57
train,language,,ml,uniq_superbpe,32768,6,8050
train,language,,ml,uniq_superbpe,32768,7,2650
train,language,,ml,uniq_superbpe,32768,8,12
train,language,,ml,uniq_superbpe,32768,9,3133
train,language,,ml,uniq_superbpe,32768,10,623
train,language,,ml,uniq_superbpe,32768,11,2
train,language,,ml,uniq_superbpe,32768,12,3039
train,language,,ml,uniq_superbpe,32768,13,219
train,language,,ml,uniq_superbpe,32768,15,569
train,language,,ml,uniq_superbpe,32768,16,217
train,language,,ml,uniq_superbpe,32768,18,129
train,language,,ml,uniq_superbpe,32768,19,71
train,language,,ml,uniq_superbpe,32768,21,32
train,language,,ml,uniq_superbpe,32768,22,16
train,language,,ml,uniq_superbpe,32768,24,13
train,language,,ml,uniq_superbpe,32768,25,9
train,language,,mr,uniq_superbpe,32768,1,13591
train,language,,mr,uniq_superbpe,32768,2,985
train,language,,mr,uniq_superbpe,32768,3,11619
train,language,,mr,uniq_superbpe,32768,4,2479
train,language,,mr,uniq_superbpe,32768,5,118
train,language,,mr,uniq_superbpe,32768,6,15923
train,language,,mr,uniq_superbpe,32768,7,9881
train,language,,mr,uniq_superbpe,32768,8,94
train,language,,mr,uniq_superbpe,32768,9,3285
train,language,,mr,uniq_superbpe,32768,10,3205
train,language,,mr,uniq_superbpe,32768,11,72
train,language,,mr,uniq_superbpe,32768,12,2374
train,language,,mr,uniq_superbpe,32768,13,1107
train,language,,mr,uniq_superbpe,32768,14,42
train,language,,mr,uniq_superbpe,32768,15,540
train,language,,mr,uniq_superbpe,32768,16,765
train,language,,mr,uniq_superbpe,32768,18,25
train,language,,mr,uniq_superbpe,32768,19,328
train,language,,mr,uniq_superbpe,32768,20,1
train,language,,mr,uniq_superbpe,32768,21,11
train,language,,mr,uniq_superbpe,32768,22,69
train,language,,mr,uniq_superbpe,32768,25,34
train,language,,mr,uniq_superbpe,32768,26,17
train,language,,python,uniq_superbpe,32768,1,29463
train,language,,python,uniq_superbpe,32768,2,6913
train,language,,python,uniq_superbpe,32768,3,8376
train,language,,python,uniq_superbpe,32768,4,6560
train,language,,python,uniq_superbpe,32768,5,3888
train,language,,python,uniq_superbpe,32768,6,2852
train,language,,python,uniq_superbpe,32768,7,1778
train,language,,python,uniq_superbpe,32768,8,903
train,language,,python,uniq_superbpe,32768,9,771
train,language,,python,uniq_superbpe,32768,10,627
train,language,,python,uniq_superbpe,32768,11,465
train,language,,python,uniq_superbpe,32768,12,111
train,language,,python,uniq_superbpe,32768,13,110
train,language,,python,uniq_superbpe,32768,14,457
train,language,,python,uniq_superbpe,32768,15,170
train,language,,python,uniq_superbpe,32768,16,765
train,language,,ru,uniq_superbpe,32768,1,5815
train,language,,ru,uniq_superbpe,32768,2,6458
train,language,,ru,uniq_superbpe,32768,3,3492
train,language,,ru,uniq_superbpe,32768,4,8500
train,language,,ru,uniq_superbpe,32768,5,3907
train,language,,ru,uniq_superbpe,32768,6,6616
train,language,,ru,uniq_superbpe,32768,7,3072
train,language,,ru,uniq_superbpe,32768,8,2756
train,language,,ru,uniq_superbpe,32768,9,1275
train,language,,ru,uniq_superbpe,32768,10,1125
train,language,,ru,uniq_superbpe,32768,11,1047
train,language,,ru,uniq_superbpe,32768,12,428
train,language,,ru,uniq_superbpe,32768,13,568
train,language,,ru,uniq_superbpe,32768,14,177
train,language,,ru,uniq_superbpe,32768,15,327
train,language,,ru,uniq_superbpe,32768,16,87
train,language,,ru,uniq_superbpe,32768,17,266
train,language,,ru,uniq_superbpe,32768,18,12
train,language,,ru,uniq_superbpe,32768,19,93
train,language,,ru,uniq_superbpe,32768,20,9
train,language,,ru,uniq_superbpe,32768,21,105
train,language,,ru,uniq_superbpe,32768,23,9
train,language,,ru,uniq_superbpe,32768,25,46
train,language,,ru,uniq_superbpe,32768,27,3
train,language,,rust,uniq_superbpe,32768,1,77701
train,language,,rust,uniq_superbpe,32768,2,15935
train,language,,rust,uniq_superbpe,32768,3,17136
train,language,,rust,uniq_superbpe,32768,4,10571
train,language,,rust,uniq_superbpe,32768,5,7147
train,language,,rust,uniq_superbpe,32768,6,5486
train,language,,rust,uniq_superbpe,32768,7,2828
train,language,,rust,uniq_superbpe,32768,8,2000
train,language,,rust,uniq_superbpe,32768,9,1089
train,language,,rust,uniq_superbpe,32768,10,984
train,language,,rust,uniq_superbpe,32768,11,944
train,language,,rust,uniq_superbpe,32768,12,639
train,language,,rust,uniq_superbpe,32768,13,321
train,language,,rust,uniq_superbpe,32768,14,718
train,language,,rust,uniq_superbpe,32768,15,676
train,language,,rust,uniq_superbpe,32768,16,2230
train,language,,sql,uniq_superbpe,32768,1,140532
train,language,,sql,uniq_superbpe,32768,2,40415
train,language,,sql,uniq_superbpe,32768,3,62563
train,language,,sql,uniq_superbpe,32768,4,17732
train,language,,sql,uniq_superbpe,32768,5,7545
train,language,,sql,uniq_superbpe,32768,6,10878
train,language,,sql,uniq_superbpe,32768,7,4808
train,language,,sql,uniq_superbpe,32768,8,4456
train,language,,sql,uniq_superbpe,32768,9,1610
train,language,,sql,uniq_superbpe,32768,10,1883
train,language,,sql,uniq_superbpe,32768,11,2258
train,language,,sql,uniq_superbpe,32768,12,3770
train,language,,sql,uniq_superbpe,32768,13,6312
train,language,,sql,uniq_superbpe,32768,14,2819
train,language,,sql,uniq_superbpe,32768,15,2504
train,language,,sql,uniq_superbpe,32768,16,3004
train,language,,sw,uniq_superbpe,32768,1,27791
train,language,,sw,uniq_superbpe,32768,2,33257
train,language,,sw,uniq_superbpe,32768,3,41761
train,language,,sw,uniq_superbpe,32768,4,8291
train,language,,sw,uniq_superbpe,32768,5,3450
train,language,,sw,uniq_superbpe,32768,6,1814
train,language,,sw,uniq_superbpe,32768,7,1243
train,language,,sw,uniq_superbpe,32768,8,404
train,language,,sw,uniq_superbpe,32768,9,398
train,language,,sw,uniq_superbpe,32768,10,257
train,language,,sw,uniq_superbpe,32768,11,37
train,language,,sw,uniq_superbpe,32768,12,77
train,language,,sw,uniq_superbpe,32768,13,53
train,language,,sw,uniq_superbpe,32768,15,124
train,language,,ta,uniq_superbpe,32768,1,6028
train,language,,ta,uniq_superbpe,32768,2,547
train,language,,ta,uniq_superbpe,32768,3,5476
train,language,,ta,uniq_superbpe,32768,4,369
train,language,,ta,uniq_superbpe,32768,5,38
train,language,,ta,uniq_superbpe,32768,6,18699
train,language,,ta,uniq_superbpe,32768,7,4200
train,language,,ta,uniq_superbpe,32768,8,4
train,language,,ta,uniq_superbpe,32768,9,4116
train,language,,ta,uniq_superbpe,32768,10,2527
train,language,,ta,uniq_superbpe,32768,11,2
train,language,,ta,uniq_superbpe,32768,12,124
train,language,,ta,uniq_superbpe,32768,13,454
train,language,,ta,uniq_superbpe,32768,15,1
train,language,,ta,uniq_superbpe,32768,16,57
train,language,,ta,uniq_superbpe,32768,19,30
train,language,,ta,uniq_superbpe,32768,22,58
train,language,,te,uniq_superbpe,32768,1,9995
train,language,,te,uniq_superbpe,32768,2,901
train,language,,te,uniq_superbpe,32768,3,6923
train,language,,te,uniq_superbpe,32768,4,2519
train,language,,te,uniq_superbpe,32768,5,105
train,language,,te,uniq_superbpe,32768,6,20073
train,language,,te,uniq_superbpe,32768,7,6384
train,language,,te,uniq_superbpe,32768,8,10
train,language,,te,uniq_superbpe,32768,9,4050
train,language,,te,uniq_superbpe,32768,10,1506
train,language,,te,uniq_superbpe,32768,11,2
train,language,,te,uniq_superbpe,32768,12,1859
train,language,,te,uniq_superbpe,32768,13,455
train,language,,te,uniq_superbpe,32768,15,220
train,language,,te,uniq_superbpe,32768,16,471
train,language,,te,uniq_superbpe,32768,18,16
train,language,,te,uniq_superbpe,32768,19,13
train,language,,te,uniq_superbpe,32768,22,32
train,language,,typescript,uniq_superbpe,32768,1,125076
train,language,,typescript,uniq_superbpe,32768,2,27866
train,language,,typescript,uniq_superbpe,32768,3,20591
train,language,,typescript,uniq_superbpe,32768,4,17283
train,language,,typescript,uniq_superbpe,32768,5,9009
train,language,,typescript,uniq_superbpe,32768,6,8621
train,language,,typescript,uniq_superbpe,32768,7,3607
train,language,,typescript,uniq_superbpe,32768,8,2321
train,language,,typescript,uniq_superbpe,32768,9,1640
train,language,,typescript,uniq_superbpe,32768,10,2474
train,language,,typescript,uniq_superbpe,32768,11,7367
train,language,,typescript,uniq_superbpe,32768,12,788
train,language,,typescript,uniq_superbpe,32768,13,1631
train,language,,typescript,uniq_superbpe,32768,14,2983
train,language,,typescript,uniq_superbpe,32768,15,2438
train,language,,typescript,uniq_superbpe,32768,16,3317
train,language,,uk,uniq_superbpe,32768,1,5234
train,language,,uk,uniq_superbpe,32768,2,6613
train,language,,uk,uniq_superbpe,32768,3,3211
train,language,,uk,uniq_superbpe,32768,4,7538
train,language,,uk,uniq_superbpe,32768,5,3355
train,language,,uk,uniq_superbpe,32768,6,5481
train,language,,uk,uniq_superbpe,32768,7,2159
train,language,,uk,uniq_superbpe,32768,8,2132
train,language,,uk,uniq_superbpe,32768,9,1007
train,language,,uk,uniq_superbpe,32768,10,795
train,language,,uk,uniq_superbpe,32768,11,717
train,language,,uk,uniq_superbpe,32768,12,330
train,language,,uk,uniq_superbpe,32768,13,408
train,language,,uk,uniq_superbpe,32768,14,25
train,language,,uk,uniq_superbpe,32768,15,239
train,language,,uk,uniq_superbpe,32768,16,17
train,language,,uk,uniq_superbpe,32768,17,188
train,language,,uk,uniq_superbpe,32768,18,14
train,language,,uk,uniq_superbpe,32768,19,98
train,language,,uk,uniq_superbpe,32768,21,28
train,language,,uk,uniq_superbpe,32768,23,13
train,language,,uk,uniq_superbpe,32768,27,3
train,language,,ur,uniq_superbpe,32768,1,9259
train,language,,ur,uniq_superbpe,32768,2,12940
train,language,,ur,uniq_superbpe,32768,3,4759
train,language,,ur,uniq_superbpe,32768,4,11300
train,language,,ur,uniq_superbpe,32768,5,18157
train,language,,ur,uniq_superbpe,32768,6,5078
train,language,,ur,uniq_superbpe,32768,7,10363
train,language,,ur,uniq_superbpe,32768,8,829
train,language,,ur,uniq_superbpe,32768,9,6150
train,language,,ur,uniq_superbpe,32768,10,720
train,language,,ur,uniq_superbpe,32768,11,2386
train,language,,ur,uniq_superbpe,32768,12,708
train,language,,ur,uniq_superbpe,32768,13,742
train,language,,ur,uniq_superbpe,32768,14,747
train,language,,ur,uniq_superbpe,32768,15,348
train,language,,ur,uniq_superbpe,32768,16,336
train,language,,ur,uniq_superbpe,32768,17,70
train,language,,ur,uniq_superbpe,32768,18,113
train,language,,ur,uniq_superbpe,32768,19,17
train,language,,ur,uniq_superbpe,32768,20,42
train,language,,ur,uniq_superbpe,32768,21,121
train,language,,ur,uniq_superbpe,32768,22,17
train,language,,yo,uniq_superbpe,32768,1,13770
train,language,,yo,uniq_superbpe,32768,2,12195
train,language,,yo,uniq_superbpe,32768,3,16518
train,language,,yo,uniq_superbpe,32768,4,3913
train,language,,yo,uniq_superbpe,32768,5,2124
train,language,,yo,uniq_superbpe,32768,6,1339
train,language,,yo,uniq_superbpe,32768,7,935
train,language,,yo,uniq_superbpe,32768,8,577
train,language,,yo,uniq_superbpe,32768,9,290
train,language,,yo,uniq_superbpe,32768,10,280
train,language,,yo,uniq_superbpe,32768,11,207
train,language,,yo,uniq_superbpe,32768,12,155
train,language,,yo,uniq_superbpe,32768,13,41
train,language,,yo,uniq_superbpe,32768,14,73
train,language,,yo,uniq_superbpe,32768,15,44
train,language,,yo,uniq_superbpe,32768,16,10
train,language,,yo,uniq_superbpe,32768,17,12
train,language,,yo,uniq_superbpe,32768,18,13
train,language,,yo,uniq_superbpe,32768,19,8
train,language,,zh,uniq_superbpe,32768,1,29490
train,language,,zh,uniq_superbpe,32768,2,7381
train,language,,zh,uniq_superbpe,32768,3,79595
train,language,,zh,uniq_superbpe,32768,4,2199
train,language,,zh,uniq_superbpe,32768,5,194
train,language,,zh,uniq_superbpe,32768,6,21803
train,language,,zh,uniq_superbpe,32768,7,4585
train,language,,zh,uniq_superbpe,32768,8,22
train,language,,zh,uniq_superbpe,32768,9,6049
train,language,,zh,uniq_superbpe,32768,10,1540
train,language,,zh,uniq_superbpe,32768,11,3
train,language,,zh,uniq_superbpe,32768,12,6586
train,language,,zh,uniq_superbpe,32768,13,565
train,domain,code,,uniq_superbpe,32768,1,762626
train,domain,code,,uniq_superbpe,32768,2,187800
train,domain,code,,uniq_superbpe,32768,3,189084
train,domain,code,,uniq_superbpe,32768,4,105933
train,domain,code,,uniq_superbpe,32768,5,56265
train,domain,code,,uniq_superbpe,32768,6,55340
train,domain,code,,uniq_superbpe,32768,7,27344
train,domain,code,,uniq_superbpe,32768,8,19110
train,domain,code,,uniq_superbpe,32768,9,9701
train,domain,code,,uniq_superbpe,32768,10,9895
train,domain,code,,uniq_superbpe,32768,11,13350
train,domain,code,,uniq_superbpe,32768,12,7508
train,domain,code,,uniq_superbpe,32768,13,11373
train,domain,code,,uniq_superbpe,32768,14,7717
train,domain,code,,uniq_superbpe,32768,15,7229
train,domain,code,,uniq_superbpe,32768,16,14354
train,domain,cyrillic_african,,uniq_superbpe,32768,1,70082
train,domain,cyrillic_african,,uniq_superbpe,32768,2,65770
train,domain,cyrillic_african,,uniq_superbpe,32768,3,105027
train,domain,cyrillic_african,,uniq_superbpe,32768,4,45068
train,domain,cyrillic_african,,uniq_superbpe,32768,5,19211
train,domain,cyrillic_african,,uniq_superbpe,32768,6,36211
train,domain,cyrillic_african,,uniq_superbpe,32768,7,19821
train,domain,cyrillic_african,,uniq_superbpe,32768,8,8927
train,domain,cyrillic_african,,uniq_superbpe,32768,9,6035
train,domain,cyrillic_african,,uniq_superbpe,32768,10,7450
train,domain,cyrillic_african,,uniq_superbpe,32768,11,3128
train,domain,cyrillic_african,,uniq_superbpe,32768,12,1591
train,domain,cyrillic_african,,uniq_superbpe,32768,13,2926
train,domain,cyrillic_african,,uniq_superbpe,32768,14,338
train,domain,cyrillic_african,,uniq_superbpe,32768,15,1102
train,domain,cyrillic_african,,uniq_superbpe,32768,16,705
train,domain,cyrillic_african,,uniq_superbpe,32768,17,755
train,domain,cyrillic_african,,uniq_superbpe,32768,18,87
train,domain,cyrillic_african,,uniq_superbpe,32768,19,509
train,domain,cyrillic_african,,uniq_superbpe,32768,20,9
train,domain,cyrillic_african,,uniq_superbpe,32768,21,225
train,domain,cyrillic_african,,uniq_superbpe,32768,22,5
train,domain,cyrillic_african,,uniq_superbpe,32768,23,43
train,domain,cyrillic_african,,uniq_superbpe,32768,25,53
train,domain,cyrillic_african,,uniq_superbpe,32768,27,6
train,domain,indic_cjk_arabic,,uniq_superbpe,32768,1,166757
train,domain,indic_cjk_arabic,,uniq_superbpe,32768,2,47179
train,domain,indic_cjk_arabic,,uniq_superbpe,32768,3,238015
train,domain,indic_cjk_arabic,,uniq_superbpe,32768,4,58652
train,domain,indic_cjk_arabic,,uniq_superbpe,32768,5,32444
train,domain,indic_cjk_arabic,,uniq_superbpe,32768,6,182064
train,domain,indic_cjk_arabic,,uniq_superbpe,32768,7,90438
train,domain,indic_cjk_arabic,,uniq_superbpe,32768,8,3213
train,domain,indic_cjk_arabic,,uniq_superbpe,32768,9,51196
train,domain,indic_cjk_arabic,,uniq_superbpe,32768,10,24263
train,domain,indic_cjk_arabic,,uniq_superbpe,32768,11,4727
train,domain,indic_cjk_arabic,,uniq_superbpe,32768,12,21021
train,domain,indic_cjk_arabic,,uniq_superbpe,32768,13,8618
train,domain,indic_cjk_arabic,,uniq_superbpe,32768,14,1105
train,domain,indic_cjk_arabic,,uniq_superbpe,32768,15,2428
train,domain,indic_cjk_arabic,,uniq_superbpe,32768,16,3043
train,domain,indic_cjk_arabic,,uniq_superbpe,32768,17,644
train,domain,indic_cjk_arabic,,uniq_superbpe,32768,18,403
train,domain,indic_cjk_arabic,,uniq_superbpe,32768,19,1004
train,domain,indic_cjk_arabic,,uniq_superbpe,32768,20,389
train,domain,indic_cjk_arabic,,uniq_superbpe,32768,21,188
train,domain,indic_cjk_arabic,,uniq_superbpe,32768,22,311
train,domain,indic_cjk_arabic,,uniq_superbpe,32768,23,175
train,domain,indic_cjk_arabic,,uniq_superbpe,32768,24,34
train,domain,indic_cjk_arabic,,uniq_superbpe,32768,25,86
train,domain,indic_cjk_arabic,,uniq_superbpe,32768,26,102
train,domain,indic_cjk_arabic,,uniq_superbpe,32768,28,6
train,domain,indic_cjk_arabic,,uniq_superbpe,32768,29,3
train,domain,indic_cjk_arabic,,uniq_superbpe,32768,30,100
train,domain,indic_cjk_arabic,,uniq_superbpe,32768,32,7
train,domain,latin_english,,uniq_superbpe,32768,1,8687
train,domain,latin_english,,uniq_superbpe,32768,2,5498
train,domain,latin_english,,uniq_superbpe,32768,3,9295
train,domain,latin_english,,uniq_superbpe,32768,4,5820
train,domain,latin_english,,uniq_superbpe,32768,5,3675
train,domain,latin_english,,uniq_superbpe,32768,6,1812
train,domain,latin_english,,uniq_superbpe,32768,7,1355
train,domain,latin_english,,uniq_superbpe,32768,8,927
train,domain,latin_english,,uniq_superbpe,32768,9,636
train,domain,latin_english,,uniq_superbpe,32768,10,268
train,domain,latin_english,,uniq_superbpe,32768,11,167
train,domain,latin_english,,uniq_superbpe,32768,12,80
train,domain,latin_english,,uniq_superbpe,32768,13,35
train,domain,latin_english,,uniq_superbpe,32768,14,13
train,domain,latin_english,,uniq_superbpe,32768,15,3
train,domain,latin_english,,uniq_superbpe,32768,16,4
train,aggregate,,,uniq_superbpe,32768,1,1008152
train,aggregate,,,uniq_superbpe,32768,2,306247
train,aggregate,,,uniq_superbpe,32768,3,541421
train,aggregate,,,uniq_superbpe,32768,4,215473
train,aggregate,,,uniq_superbpe,32768,5,111595
train,aggregate,,,uniq_superbpe,32768,6,275427
train,aggregate,,,uniq_superbpe,32768,7,138958
train,aggregate,,,uniq_superbpe,32768,8,32177
train,aggregate,,,uniq_superbpe,32768,9,67568
train,aggregate,,,uniq_superbpe,32768,10,41876
train,aggregate,,,uniq_superbpe,32768,11,21372
train,aggregate,,,uniq_superbpe,32768,12,30200
train,aggregate,,,uniq_superbpe,32768,13,22952
train,aggregate,,,uniq_superbpe,32768,14,9173
train,aggregate,,,uniq_superbpe,32768,15,10762
train,aggregate,,,uniq_superbpe,32768,16,18106
train,aggregate,,,uniq_superbpe,32768,17,1399
train,aggregate,,,uniq_superbpe,32768,18,490
train,aggregate,,,uniq_superbpe,32768,19,1513
train,aggregate,,,uniq_superbpe,32768,20,398
train,aggregate,,,uniq_superbpe,32768,21,413
train,aggregate,,,uniq_superbpe,32768,22,316
train,aggregate,,,uniq_superbpe,32768,23,218
train,aggregate,,,uniq_superbpe,32768,24,34
train,aggregate,,,uniq_superbpe,32768,25,139
train,aggregate,,,uniq_superbpe,32768,26,102
train,aggregate,,,uniq_superbpe,32768,27,6
train,aggregate,,,uniq_superbpe,32768,28,6
train,aggregate,,,uniq_superbpe,32768,29,3
train,aggregate,,,uniq_superbpe,32768,30,100
train,aggregate,,,uniq_superbpe,32768,32,7
validation,stratum,flores200,am,uniq_superbpe,32768,1,1402
validation,stratum,flores200,am,uniq_superbpe,32768,2,154
validation,stratum,flores200,am,uniq_superbpe,32768,3,10435
validation,stratum,flores200,am,uniq_superbpe,32768,4,2436
validation,stratum,flores200,am,uniq_superbpe,32768,5,8
validation,stratum,flores200,am,uniq_superbpe,32768,6,4156
validation,stratum,flores200,am,uniq_superbpe,32768,7,2721
validation,stratum,flores200,am,uniq_superbpe,32768,8,1
validation,stratum,flores200,am,uniq_superbpe,32768,9,364
validation,stratum,flores200,am,uniq_superbpe,32768,10,1133
validation,stratum,flores200,am,uniq_superbpe,32768,11,29
validation,stratum,flores200,am,uniq_superbpe,32768,12,60
validation,stratum,flores200,am,uniq_superbpe,32768,13,354
validation,stratum,flores200,am,uniq_superbpe,32768,15,9
validation,stratum,flores200,am,uniq_superbpe,32768,16,97
validation,stratum,flores200,am,uniq_superbpe,32768,17,13
validation,stratum,flores200,am,uniq_superbpe,32768,19,36
validation,stratum,flores200,am,uniq_superbpe,32768,22,1
validation,stratum,flores200,ar,uniq_superbpe,32768,1,2483
validation,stratum,flores200,ar,uniq_superbpe,32768,2,3225
validation,stratum,flores200,ar,uniq_superbpe,32768,3,1187
validation,stratum,flores200,ar,uniq_superbpe,32768,4,5225
validation,stratum,flores200,ar,uniq_superbpe,32768,5,2892
validation,stratum,flores200,ar,uniq_superbpe,32768,6,2342
validation,stratum,flores200,ar,uniq_superbpe,32768,7,2193
validation,stratum,flores200,ar,uniq_superbpe,32768,8,483
validation,stratum,flores200,ar,uniq_superbpe,32768,9,1016
validation,stratum,flores200,ar,uniq_superbpe,32768,10,141
validation,stratum,flores200,ar,uniq_superbpe,32768,11,339
validation,stratum,flores200,ar,uniq_superbpe,32768,12,60
validation,stratum,flores200,ar,uniq_superbpe,32768,13,163
validation,stratum,flores200,ar,uniq_superbpe,32768,14,33
validation,stratum,flores200,ar,uniq_superbpe,32768,15,48
validation,stratum,flores200,ar,uniq_superbpe,32768,17,10
validation,stratum,flores200,ar,uniq_superbpe,32768,19,5
validation,stratum,flores200,bg,uniq_superbpe,32768,1,2257
validation,stratum,flores200,bg,uniq_superbpe,32768,2,2336
validation,stratum,flores200,bg,uniq_superbpe,32768,3,1834
validation,stratum,flores200,bg,uniq_superbpe,32768,4,3786
validation,stratum,flores200,bg,uniq_superbpe,32768,5,2856
validation,stratum,flores200,bg,uniq_superbpe,32768,6,3236
validation,stratum,flores200,bg,uniq_superbpe,32768,7,1291
validation,stratum,flores200,bg,uniq_superbpe,32768,8,1494
validation,stratum,flores200,bg,uniq_superbpe,32768,9,875
validation,stratum,flores200,bg,uniq_superbpe,32768,10,449
validation,stratum,flores200,bg,uniq_superbpe,32768,11,530
validation,stratum,flores200,bg,uniq_superbpe,32768,12,230
validation,stratum,flores200,bg,uniq_superbpe,32768,13,330
validation,stratum,flores200,bg,uniq_superbpe,32768,14,37
validation,stratum,flores200,bg,uniq_superbpe,32768,15,116
validation,stratum,flores200,bg,uniq_superbpe,32768,16,53
validation,stratum,flores200,bg,uniq_superbpe,32768,17,123
validation,stratum,flores200,bg,uniq_superbpe,32768,18,11
validation,stratum,flores200,bg,uniq_superbpe,32768,19,40
validation,stratum,flores200,bg,uniq_superbpe,32768,20,4
validation,stratum,flores200,bg,uniq_superbpe,32768,21,36
validation,stratum,flores200,bg,uniq_superbpe,32768,23,6
validation,stratum,flores200,bg,uniq_superbpe,32768,25,3
validation,stratum,flores200,bn,uniq_superbpe,32768,1,6708
validation,stratum,flores200,bn,uniq_superbpe,32768,2,108
validation,stratum,flores200,bn,uniq_superbpe,32768,3,6630
validation,stratum,flores200,bn,uniq_superbpe,32768,4,811
validation,stratum,flores200,bn,uniq_superbpe,32768,5,1
validation,stratum,flores200,bn,uniq_superbpe,32768,6,7449
validation,stratum,flores200,bn,uniq_superbpe,32768,7,3757
validation,stratum,flores200,bn,uniq_superbpe,32768,9,1740
validation,stratum,flores200,bn,uniq_superbpe,32768,10,1521
validation,stratum,flores200,bn,uniq_superbpe,32768,12,674
validation,stratum,flores200,bn,uniq_superbpe,32768,13,739
validation,stratum,flores200,bn,uniq_superbpe,32768,15,43
validation,stratum,flores200,bn,uniq_superbpe,32768,16,291
validation,stratum,flores200,bn,uniq_superbpe,32768,18,3
validation,stratum,flores200,bn,uniq_superbpe,32768,19,124
validation,stratum,flores200,bn,uniq_superbpe,32768,20,15
validation,stratum,flores200,bn,uniq_superbpe,32768,21,1
validation,stratum,flores200,bn,uniq_superbpe,32768,22,28
validation,stratum,flores200,bn,uniq_superbpe,32768,23,18
validation,stratum,flores200,bn,uniq_superbpe,32768,24,3
validation,stratum,flores200,bn,uniq_superbpe,32768,25,30
validation,stratum,flores200,bn,uniq_superbpe,32768,26,27
validation,stratum,flores200,bn,uniq_superbpe,32768,28,1
validation,stratum,flores200,fa,uniq_superbpe,32768,1,1640
validation,stratum,flores200,fa,uniq_superbpe,32768,2,2789
validation,stratum,flores200,fa,uniq_superbpe,32768,3,1562
validation,stratum,flores200,fa,uniq_superbpe,32768,4,3728
validation,stratum,flores200,fa,uniq_superbpe,32768,5,3964
validation,stratum,flores200,fa,uniq_superbpe,32768,6,2290
validation,stratum,flores200,fa,uniq_superbpe,32768,7,2150
validation,stratum,flores200,fa,uniq_superbpe,32768,8,843
validation,stratum,flores200,fa,uniq_superbpe,32768,9,1476
validation,stratum,flores200,fa,uniq_superbpe,32768,10,222
validation,stratum,flores200,fa,uniq_superbpe,32768,11,820
validation,stratum,flores200,fa,uniq_superbpe,32768,12,158
validation,stratum,flores200,fa,uniq_superbpe,32768,13,232
validation,stratum,flores200,fa,uniq_superbpe,32768,14,31
validation,stratum,flores200,fa,uniq_superbpe,32768,15,74
validation,stratum,flores200,fa,uniq_superbpe,32768,16,12
validation,stratum,flores200,fa,uniq_superbpe,32768,17,13
validation,stratum,flores200,fa,uniq_superbpe,32768,18,18
validation,stratum,flores200,fa,uniq_superbpe,32768,19,5
validation,stratum,flores200,fa,uniq_superbpe,32768,20,8
validation,stratum,flores200,gu,uniq_superbpe,32768,1,7009
validation,stratum,flores200,gu,uniq_superbpe,32768,2,125
validation,stratum,flores200,gu,uniq_superbpe,32768,3,4602
validation,stratum,flores200,gu,uniq_superbpe,32768,4,1508
validation,stratum,flores200,gu,uniq_superbpe,32768,5,3
validation,stratum,flores200,gu,uniq_superbpe,32768,6,6406
validation,stratum,flores200,gu,uniq_superbpe,32768,7,3888
validation,stratum,flores200,gu,uniq_superbpe,32768,8,6
validation,stratum,flores200,gu,uniq_superbpe,32768,9,2185
validation,stratum,flores200,gu,uniq_superbpe,32768,10,1399
validation,stratum,flores200,gu,uniq_superbpe,32768,12,280
validation,stratum,flores200,gu,uniq_superbpe,32768,13,489
validation,stratum,flores200,gu,uniq_superbpe,32768,14,23
validation,stratum,flores200,gu,uniq_superbpe,32768,15,41
validation,stratum,flores200,gu,uniq_superbpe,32768,16,157
validation,stratum,flores200,gu,uniq_superbpe,32768,17,143
validation,stratum,flores200,gu,uniq_superbpe,32768,18,2
validation,stratum,flores200,gu,uniq_superbpe,32768,19,72
validation,stratum,flores200,gu,uniq_superbpe,32768,22,11
validation,stratum,flores200,gu,uniq_superbpe,32768,26,21
validation,stratum,flores200,gu,uniq_superbpe,32768,32,9
validation,stratum,flores200,hi,uniq_superbpe,32768,1,6066
validation,stratum,flores200,hi,uniq_superbpe,32768,2,91
validation,stratum,flores200,hi,uniq_superbpe,32768,3,4023
validation,stratum,flores200,hi,uniq_superbpe,32768,4,970
validation,stratum,flores200,hi,uniq_superbpe,32768,5,10
validation,stratum,flores200,hi,uniq_superbpe,32768,6,5222
validation,stratum,flores200,hi,uniq_superbpe,32768,7,5923
validation,stratum,flores200,hi,uniq_superbpe,32768,8,1
validation,stratum,flores200,hi,uniq_superbpe,32768,9,1521
validation,stratum,flores200,hi,uniq_superbpe,32768,10,1192
validation,stratum,flores200,hi,uniq_superbpe,32768,12,270
validation,stratum,flores200,hi,uniq_superbpe,32768,13,788
validation,stratum,flores200,hi,uniq_superbpe,32768,14,25
validation,stratum,flores200,hi,uniq_superbpe,32768,15,21
validation,stratum,flores200,hi,uniq_superbpe,32768,16,209
validation,stratum,flores200,hi,uniq_superbpe,32768,17,150
validation,stratum,flores200,hi,uniq_superbpe,32768,18,10
validation,stratum,flores200,hi,uniq_superbpe,32768,19,62
validation,stratum,flores200,hi,uniq_superbpe,32768,20,142
validation,stratum,flores200,hi,uniq_superbpe,32768,22,25
validation,stratum,flores200,hi,uniq_superbpe,32768,23,73
validation,stratum,flores200,hi,uniq_superbpe,32768,25,21
validation,stratum,flores200,hi,uniq_superbpe,32768,26,2
validation,stratum,flores200,hi,uniq_superbpe,32768,30,32
validation,stratum,flores200,ja,uniq_superbpe,32768,1,541
validation,stratum,flores200,ja,uniq_superbpe,32768,2,98
validation,stratum,flores200,ja,uniq_superbpe,32768,3,16023
validation,stratum,flores200,ja,uniq_superbpe,32768,4,7
validation,stratum,flores200,ja,uniq_superbpe,32768,5,3
validation,stratum,flores200,ja,uniq_superbpe,32768,6,3143
validation,stratum,flores200,ja,uniq_superbpe,32768,8,1
validation,stratum,flores200,ja,uniq_superbpe,32768,9,739
validation,stratum,flores200,ja,uniq_superbpe,32768,12,414
validation,stratum,flores200,ja,uniq_superbpe,32768,18,1
validation,stratum,flores200,kn,uniq_superbpe,32768,1,5149
validation,stratum,flores200,kn,uniq_superbpe,32768,2,170
validation,stratum,flores200,kn,uniq_superbpe,32768,3,5297
validation,stratum,flores200,kn,uniq_superbpe,32768,4,1140
validation,stratum,flores200,kn,uniq_superbpe,32768,5,11
validation,stratum,flores200,kn,uniq_superbpe,32768,6,14567
validation,stratum,flores200,kn,uniq_superbpe,32768,7,3529
validation,stratum,flores200,kn,uniq_superbpe,32768,9,2850
validation,stratum,flores200,kn,uniq_superbpe,32768,10,1240
validation,stratum,flores200,kn,uniq_superbpe,32768,12,419
validation,stratum,flores200,kn,uniq_superbpe,32768,13,177
validation,stratum,flores200,ko,uniq_superbpe,32768,1,2408
validation,stratum,flores200,ko,uniq_superbpe,32768,2,249
validation,stratum,flores200,ko,uniq_superbpe,32768,3,10023
validation,stratum,flores200,ko,uniq_superbpe,32768,4,3780
validation,stratum,flores200,ko,uniq_superbpe,32768,5,13
validation,stratum,flores200,ko,uniq_superbpe,32768,6,1536
validation,stratum,flores200,ko,uniq_superbpe,32768,7,1772
validation,stratum,flores200,ko,uniq_superbpe,32768,8,6
validation,stratum,flores200,ko,uniq_superbpe,32768,9,268
validation,stratum,flores200,ko,uniq_superbpe,32768,10,315
validation,stratum,flores200,ko,uniq_superbpe,32768,11,7
validation,stratum,flores200,ko,uniq_superbpe,32768,12,156
validation,stratum,flores200,ko,uniq_superbpe,32768,13,19
validation,stratum,flores200,ko,uniq_superbpe,32768,14,7
validation,stratum,flores200,ml,uniq_superbpe,32768,1,5626
validation,stratum,flores200,ml,uniq_superbpe,32768,2,148
validation,stratum,flores200,ml,uniq_superbpe,32768,3,5600
validation,stratum,flores200,ml,uniq_superbpe,32768,4,1875
validation,stratum,flores200,ml,uniq_superbpe,32768,5,1
validation,stratum,flores200,ml,uniq_superbpe,32768,6,8945
validation,stratum,flores200,ml,uniq_superbpe,32768,7,2639
validation,stratum,flores200,ml,uniq_superbpe,32768,8,1
validation,stratum,flores200,ml,uniq_superbpe,32768,9,2608
validation,stratum,flores200,ml,uniq_superbpe,32768,10,818
validation,stratum,flores200,ml,uniq_superbpe,32768,12,3672
validation,stratum,flores200,ml,uniq_superbpe,32768,13,255
validation,stratum,flores200,ml,uniq_superbpe,32768,15,642
validation,stratum,flores200,ml,uniq_superbpe,32768,16,245
validation,stratum,flores200,ml,uniq_superbpe,32768,18,109
validation,stratum,flores200,ml,uniq_superbpe,32768,19,68
validation,stratum,flores200,ml,uniq_superbpe,32768,21,36
validation,stratum,flores200,ml,uniq_superbpe,32768,22,33
validation,stratum,flores200,ml,uniq_superbpe,32768,24,28
validation,stratum,flores200,ml,uniq_superbpe,32768,25,5
validation,stratum,flores200,mr,uniq_superbpe,32768,1,6316
validation,stratum,flores200,mr,uniq_superbpe,32768,2,108
validation,stratum,flores200,mr,uniq_superbpe,32768,3,5154
validation,stratum,flores200,mr,uniq_superbpe,32768,4,1027
validation,stratum,flores200,mr,uniq_superbpe,32768,6,7750
validation,stratum,flores200,mr,uniq_superbpe,32768,7,4262
validation,stratum,flores200,mr,uniq_superbpe,32768,8,3
validation,stratum,flores200,mr,uniq_superbpe,32768,9,1777
validation,stratum,flores200,mr,uniq_superbpe,32768,10,1380
validation,stratum,flores200,mr,uniq_superbpe,32768,12,1274
validation,stratum,flores200,mr,uniq_superbpe,32768,13,713
validation,stratum,flores200,mr,uniq_superbpe,32768,14,4
validation,stratum,flores200,mr,uniq_superbpe,32768,15,300
validation,stratum,flores200,mr,uniq_superbpe,32768,16,339
validation,stratum,flores200,mr,uniq_superbpe,32768,18,11
validation,stratum,flores200,mr,uniq_superbpe,32768,19,174
validation,stratum,flores200,mr,uniq_superbpe,32768,21,2
validation,stratum,flores200,mr,uniq_superbpe,32768,22,35
validation,stratum,flores200,mr,uniq_superbpe,32768,25,17
validation,stratum,flores200,mr,uniq_superbpe,32768,26,1
validation,stratum,flores200,ru,uniq_superbpe,32768,1,2448
validation,stratum,flores200,ru,uniq_superbpe,32768,2,3388
validation,stratum,flores200,ru,uniq_superbpe,32768,3,1835
validation,stratum,flores200,ru,uniq_superbpe,32768,4,4582
validation,stratum,flores200,ru,uniq_superbpe,32768,5,2084
validation,stratum,flores200,ru,uniq_superbpe,32768,6,3518
validation,stratum,flores200,ru,uniq_superbpe,32768,7,1679
validation,stratum,flores200,ru,uniq_superbpe,32768,8,1619
validation,stratum,flores200,ru,uniq_superbpe,32768,9,688
validation,stratum,flores200,ru,uniq_superbpe,32768,10,540
validation,stratum,flores200,ru,uniq_superbpe,32768,11,657
validation,stratum,flores200,ru,uniq_superbpe,32768,12,221
validation,stratum,flores200,ru,uniq_superbpe,32768,13,321
validation,stratum,flores200,ru,uniq_superbpe,32768,14,108
validation,stratum,flores200,ru,uniq_superbpe,32768,15,151
validation,stratum,flores200,ru,uniq_superbpe,32768,16,53
validation,stratum,flores200,ru,uniq_superbpe,32768,17,100
validation,stratum,flores200,ru,uniq_superbpe,32768,18,11
validation,stratum,flores200,ru,uniq_superbpe,32768,19,72
validation,stratum,flores200,ru,uniq_superbpe,32768,20,6
validation,stratum,flores200,ru,uniq_superbpe,32768,21,52
validation,stratum,flores200,ru,uniq_superbpe,32768,23,4
validation,stratum,flores200,ru,uniq_superbpe,32768,25,24
validation,stratum,flores200,sw,uniq_superbpe,32768,1,5618
validation,stratum,flores200,sw,uniq_superbpe,32768,2,7192
validation,stratum,flores200,sw,uniq_superbpe,32768,3,9458
validation,stratum,flores200,sw,uniq_superbpe,32768,4,2055
validation,stratum,flores200,sw,uniq_superbpe,32768,5,701
validation,stratum,flores200,sw,uniq_superbpe,32768,6,388
validation,stratum,flores200,sw,uniq_superbpe,32768,7,329
validation,stratum,flores200,sw,uniq_superbpe,32768,8,68
validation,stratum,flores200,sw,uniq_superbpe,32768,9,94
validation,stratum,flores200,sw,uniq_superbpe,32768,10,48
validation,stratum,flores200,sw,uniq_superbpe,32768,11,16
validation,stratum,flores200,sw,uniq_superbpe,32768,12,16
validation,stratum,flores200,sw,uniq_superbpe,32768,13,2
validation,stratum,flores200,ta,uniq_superbpe,32768,1,3671
validation,stratum,flores200,ta,uniq_superbpe,32768,2,220
validation,stratum,flores200,ta,uniq_superbpe,32768,3,4559
validation,stratum,flores200,ta,uniq_superbpe,32768,4,261
validation,stratum,flores200,ta,uniq_superbpe,32768,5,1
validation,stratum,flores200,ta,uniq_superbpe,32768,6,15530
validation,stratum,flores200,ta,uniq_superbpe,32768,7,3314
validation,stratum,flores200,ta,uniq_superbpe,32768,9,3752
validation,stratum,flores200,ta,uniq_superbpe,32768,10,1964
validation,stratum,flores200,ta,uniq_superbpe,32768,12,110
validation,stratum,flores200,ta,uniq_superbpe,32768,13,394
validation,stratum,flores200,ta,uniq_superbpe,32768,16,27
validation,stratum,flores200,ta,uniq_superbpe,32768,19,37
validation,stratum,flores200,ta,uniq_superbpe,32768,22,47
validation,stratum,flores200,te,uniq_superbpe,32768,1,4928
validation,stratum,flores200,te,uniq_superbpe,32768,2,300
validation,stratum,flores200,te,uniq_superbpe,32768,3,3914
validation,stratum,flores200,te,uniq_superbpe,32768,4,1161
validation,stratum,flores200,te,uniq_superbpe,32768,5,12
validation,stratum,flores200,te,uniq_superbpe,32768,6,11794
validation,stratum,flores200,te,uniq_superbpe,32768,7,3457
validation,stratum,flores200,te,uniq_superbpe,32768,9,2326
validation,stratum,flores200,te,uniq_superbpe,32768,10,968
validation,stratum,flores200,te,uniq_superbpe,32768,12,864
validation,stratum,flores200,te,uniq_superbpe,32768,13,332
validation,stratum,flores200,te,uniq_superbpe,32768,14,1
validation,stratum,flores200,te,uniq_superbpe,32768,15,137
validation,stratum,flores200,te,uniq_superbpe,32768,16,264
validation,stratum,flores200,te,uniq_superbpe,32768,18,3
validation,stratum,flores200,te,uniq_superbpe,32768,19,9
validation,stratum,flores200,te,uniq_superbpe,32768,22,23
validation,stratum,flores200,uk,uniq_superbpe,32768,1,2457
validation,stratum,flores200,uk,uniq_superbpe,32768,2,3671
validation,stratum,flores200,uk,uniq_superbpe,32768,3,1966
validation,stratum,flores200,uk,uniq_superbpe,32768,4,5078
validation,stratum,flores200,uk,uniq_superbpe,32768,5,2354
validation,stratum,flores200,uk,uniq_superbpe,32768,6,3903
validation,stratum,flores200,uk,uniq_superbpe,32768,7,1620
validation,stratum,flores200,uk,uniq_superbpe,32768,8,1440
validation,stratum,flores200,uk,uniq_superbpe,32768,9,752
validation,stratum,flores200,uk,uniq_superbpe,32768,10,563
validation,stratum,flores200,uk,uniq_superbpe,32768,11,518
validation,stratum,flores200,uk,uniq_superbpe,32768,12,176
validation,stratum,flores200,uk,uniq_superbpe,32768,13,242
validation,stratum,flores200,uk,uniq_superbpe,32768,14,31
validation,stratum,flores200,uk,uniq_superbpe,32768,15,77
validation,stratum,flores200,uk,uniq_superbpe,32768,16,1
validation,stratum,flores200,uk,uniq_superbpe,32768,17,59
validation,stratum,flores200,uk,uniq_superbpe,32768,18,3
validation,stratum,flores200,uk,uniq_superbpe,32768,19,17
validation,stratum,flores200,uk,uniq_superbpe,32768,21,14
validation,stratum,flores200,uk,uniq_superbpe,32768,23,12
validation,stratum,flores200,ur,uniq_superbpe,32768,1,1294
validation,stratum,flores200,ur,uniq_superbpe,32768,2,3510
validation,stratum,flores200,ur,uniq_superbpe,32768,3,1060
validation,stratum,flores200,ur,uniq_superbpe,32768,4,3653
validation,stratum,flores200,ur,uniq_superbpe,32768,5,5043
validation,stratum,flores200,ur,uniq_superbpe,32768,6,1591
validation,stratum,flores200,ur,uniq_superbpe,32768,7,2580
validation,stratum,flores200,ur,uniq_superbpe,32768,8,176
validation,stratum,flores200,ur,uniq_superbpe,32768,9,1473
validation,stratum,flores200,ur,uniq_superbpe,32768,10,120
validation,stratum,flores200,ur,uniq_superbpe,32768,11,658
validation,stratum,flores200,ur,uniq_superbpe,32768,12,173
validation,stratum,flores200,ur,uniq_superbpe,32768,13,136
validation,stratum,flores200,ur,uniq_superbpe,32768,14,199
validation,stratum,flores200,ur,uniq_superbpe,32768,15,39
validation,stratum,flores200,ur,uniq_superbpe,32768,16,94
validation,stratum,flores200,ur,uniq_superbpe,32768,17,19
validation,stratum,flores200,ur,uniq_superbpe,32768,18,30
validation,stratum,flores200,ur,uniq_superbpe,32768,19,3
validation,stratum,flores200,ur,uniq_superbpe,32768,20,8
validation,stratum,flores200,ur,uniq_superbpe,32768,21,12
validation,stratum,flores200,ur,uniq_superbpe,32768,22,2
validation,stratum,flores200,yo,uniq_superbpe,32768,1,12400
validation,stratum,flores200,yo,uniq_superbpe,32768,2,16375
validation,stratum,flores200,yo,uniq_superbpe,32768,3,4964
validation,stratum,flores200,yo,uniq_superbpe,32768,4,1066
validation,stratum,flores200,yo,uniq_superbpe,32768,5,2429
validation,stratum,flores200,yo,uniq_superbpe,32768,6,309
validation,stratum,flores200,yo,uniq_superbpe,32768,7,72
validation,stratum,flores200,yo,uniq_superbpe,32768,8,23
validation,stratum,flores200,yo,uniq_superbpe,32768,9,15
validation,stratum,flores200,yo,uniq_superbpe,32768,10,3
validation,stratum,flores200,yo,uniq_superbpe,32768,11,18
validation,stratum,flores200,zh,uniq_superbpe,32768,1,1639
validation,stratum,flores200,zh,uniq_superbpe,32768,2,351
validation,stratum,flores200,zh,uniq_superbpe,32768,3,15570
validation,stratum,flores200,zh,uniq_superbpe,32768,4,96
validation,stratum,flores200,zh,uniq_superbpe,32768,5,8
validation,stratum,flores200,zh,uniq_superbpe,32768,6,1120
validation,stratum,flores200,zh,uniq_superbpe,32768,9,39
validation,language,,am,uniq_superbpe,32768,1,1402
validation,language,,am,uniq_superbpe,32768,2,154
validation,language,,am,uniq_superbpe,32768,3,10435
validation,language,,am,uniq_superbpe,32768,4,2436
validation,language,,am,uniq_superbpe,32768,5,8
validation,language,,am,uniq_superbpe,32768,6,4156
validation,language,,am,uniq_superbpe,32768,7,2721
validation,language,,am,uniq_superbpe,32768,8,1
validation,language,,am,uniq_superbpe,32768,9,364
validation,language,,am,uniq_superbpe,32768,10,1133
validation,language,,am,uniq_superbpe,32768,11,29
validation,language,,am,uniq_superbpe,32768,12,60
validation,language,,am,uniq_superbpe,32768,13,354
validation,language,,am,uniq_superbpe,32768,15,9
validation,language,,am,uniq_superbpe,32768,16,97
validation,language,,am,uniq_superbpe,32768,17,13
validation,language,,am,uniq_superbpe,32768,19,36
validation,language,,am,uniq_superbpe,32768,22,1
validation,language,,ar,uniq_superbpe,32768,1,2483
validation,language,,ar,uniq_superbpe,32768,2,3225
validation,language,,ar,uniq_superbpe,32768,3,1187
validation,language,,ar,uniq_superbpe,32768,4,5225
validation,language,,ar,uniq_superbpe,32768,5,2892
validation,language,,ar,uniq_superbpe,32768,6,2342
validation,language,,ar,uniq_superbpe,32768,7,2193
validation,language,,ar,uniq_superbpe,32768,8,483
validation,language,,ar,uniq_superbpe,32768,9,1016
validation,language,,ar,uniq_superbpe,32768,10,141
validation,language,,ar,uniq_superbpe,32768,11,339
validation,language,,ar,uniq_superbpe,32768,12,60
validation,language,,ar,uniq_superbpe,32768,13,163
validation,language,,ar,uniq_superbpe,32768,14,33
validation,language,,ar,uniq_superbpe,32768,15,48
validation,language,,ar,uniq_superbpe,32768,17,10
validation,language,,ar,uniq_superbpe,32768,19,5
validation,language,,bg,uniq_superbpe,32768,1,2257
validation,language,,bg,uniq_superbpe,32768,2,2336
validation,language,,bg,uniq_superbpe,32768,3,1834
validation,language,,bg,uniq_superbpe,32768,4,3786
validation,language,,bg,uniq_superbpe,32768,5,2856
validation,language,,bg,uniq_superbpe,32768,6,3236
validation,language,,bg,uniq_superbpe,32768,7,1291
validation,language,,bg,uniq_superbpe,32768,8,1494
validation,language,,bg,uniq_superbpe,32768,9,875
validation,language,,bg,uniq_superbpe,32768,10,449
validation,language,,bg,uniq_superbpe,32768,11,530
validation,language,,bg,uniq_superbpe,32768,12,230
validation,language,,bg,uniq_superbpe,32768,13,330
validation,language,,bg,uniq_superbpe,32768,14,37
validation,language,,bg,uniq_superbpe,32768,15,116
validation,language,,bg,uniq_superbpe,32768,16,53
validation,language,,bg,uniq_superbpe,32768,17,123
validation,language,,bg,uniq_superbpe,32768,18,11
validation,language,,bg,uniq_superbpe,32768,19,40
validation,language,,bg,uniq_superbpe,32768,20,4
validation,language,,bg,uniq_superbpe,32768,21,36
validation,language,,bg,uniq_superbpe,32768,23,6
validation,language,,bg,uniq_superbpe,32768,25,3
validation,language,,bn,uniq_superbpe,32768,1,6708
validation,language,,bn,uniq_superbpe,32768,2,108
validation,language,,bn,uniq_superbpe,32768,3,6630
validation,language,,bn,uniq_superbpe,32768,4,811
validation,language,,bn,uniq_superbpe,32768,5,1
validation,language,,bn,uniq_superbpe,32768,6,7449
validation,language,,bn,uniq_superbpe,32768,7,3757
validation,language,,bn,uniq_superbpe,32768,9,1740
validation,language,,bn,uniq_superbpe,32768,10,1521
validation,language,,bn,uniq_superbpe,32768,12,674
validation,language,,bn,uniq_superbpe,32768,13,739
validation,language,,bn,uniq_superbpe,32768,15,43
validation,language,,bn,uniq_superbpe,32768,16,291
validation,language,,bn,uniq_superbpe,32768,18,3
validation,language,,bn,uniq_superbpe,32768,19,124
validation,language,,bn,uniq_superbpe,32768,20,15
validation,language,,bn,uniq_superbpe,32768,21,1
validation,language,,bn,uniq_superbpe,32768,22,28
validation,language,,bn,uniq_superbpe,32768,23,18
validation,language,,bn,uniq_superbpe,32768,24,3
validation,language,,bn,uniq_superbpe,32768,25,30
validation,language,,bn,uniq_superbpe,32768,26,27
validation,language,,bn,uniq_superbpe,32768,28,1
validation,language,,fa,uniq_superbpe,32768,1,1640
validation,language,,fa,uniq_superbpe,32768,2,2789
validation,language,,fa,uniq_superbpe,32768,3,1562
validation,language,,fa,uniq_superbpe,32768,4,3728
validation,language,,fa,uniq_superbpe,32768,5,3964
validation,language,,fa,uniq_superbpe,32768,6,2290
validation,language,,fa,uniq_superbpe,32768,7,2150
validation,language,,fa,uniq_superbpe,32768,8,843
validation,language,,fa,uniq_superbpe,32768,9,1476
validation,language,,fa,uniq_superbpe,32768,10,222
validation,language,,fa,uniq_superbpe,32768,11,820
validation,language,,fa,uniq_superbpe,32768,12,158
validation,language,,fa,uniq_superbpe,32768,13,232
validation,language,,fa,uniq_superbpe,32768,14,31
validation,language,,fa,uniq_superbpe,32768,15,74
validation,language,,fa,uniq_superbpe,32768,16,12
validation,language,,fa,uniq_superbpe,32768,17,13
validation,language,,fa,uniq_superbpe,32768,18,18
validation,language,,fa,uniq_superbpe,32768,19,5
validation,language,,fa,uniq_superbpe,32768,20,8
validation,language,,gu,uniq_superbpe,32768,1,7009
validation,language,,gu,uniq_superbpe,32768,2,125
validation,language,,gu,uniq_superbpe,32768,3,4602
validation,language,,gu,uniq_superbpe,32768,4,1508
validation,language,,gu,uniq_superbpe,32768,5,3
validation,language,,gu,uniq_superbpe,32768,6,6406
validation,language,,gu,uniq_superbpe,32768,7,3888
validation,language,,gu,uniq_superbpe,32768,8,6
validation,language,,gu,uniq_superbpe,32768,9,2185
validation,language,,gu,uniq_superbpe,32768,10,1399
validation,language,,gu,uniq_superbpe,32768,12,280
validation,language,,gu,uniq_superbpe,32768,13,489
validation,language,,gu,uniq_superbpe,32768,14,23
validation,language,,gu,uniq_superbpe,32768,15,41
validation,language,,gu,uniq_superbpe,32768,16,157
validation,language,,gu,uniq_superbpe,32768,17,143
validation,language,,gu,uniq_superbpe,32768,18,2
validation,language,,gu,uniq_superbpe,32768,19,72
validation,language,,gu,uniq_superbpe,32768,22,11
validation,language,,gu,uniq_superbpe,32768,26,21
validation,language,,gu,uniq_superbpe,32768,32,9
validation,language,,hi,uniq_superbpe,32768,1,6066
validation,language,,hi,uniq_superbpe,32768,2,91
validation,language,,hi,uniq_superbpe,32768,3,4023
validation,language,,hi,uniq_superbpe,32768,4,970
validation,language,,hi,uniq_superbpe,32768,5,10
validation,language,,hi,uniq_superbpe,32768,6,5222
validation,language,,hi,uniq_superbpe,32768,7,5923
validation,language,,hi,uniq_superbpe,32768,8,1
validation,language,,hi,uniq_superbpe,32768,9,1521
validation,language,,hi,uniq_superbpe,32768,10,1192
validation,language,,hi,uniq_superbpe,32768,12,270
validation,language,,hi,uniq_superbpe,32768,13,788
validation,language,,hi,uniq_superbpe,32768,14,25
validation,language,,hi,uniq_superbpe,32768,15,21
validation,language,,hi,uniq_superbpe,32768,16,209
validation,language,,hi,uniq_superbpe,32768,17,150
validation,language,,hi,uniq_superbpe,32768,18,10
validation,language,,hi,uniq_superbpe,32768,19,62
validation,language,,hi,uniq_superbpe,32768,20,142
validation,language,,hi,uniq_superbpe,32768,22,25
validation,language,,hi,uniq_superbpe,32768,23,73
validation,language,,hi,uniq_superbpe,32768,25,21
validation,language,,hi,uniq_superbpe,32768,26,2
validation,language,,hi,uniq_superbpe,32768,30,32
validation,language,,ja,uniq_superbpe,32768,1,541
validation,language,,ja,uniq_superbpe,32768,2,98
validation,language,,ja,uniq_superbpe,32768,3,16023
validation,language,,ja,uniq_superbpe,32768,4,7
validation,language,,ja,uniq_superbpe,32768,5,3
validation,language,,ja,uniq_superbpe,32768,6,3143
validation,language,,ja,uniq_superbpe,32768,8,1
validation,language,,ja,uniq_superbpe,32768,9,739
validation,language,,ja,uniq_superbpe,32768,12,414
validation,language,,ja,uniq_superbpe,32768,18,1
validation,language,,kn,uniq_superbpe,32768,1,5149
validation,language,,kn,uniq_superbpe,32768,2,170
validation,language,,kn,uniq_superbpe,32768,3,5297
validation,language,,kn,uniq_superbpe,32768,4,1140
validation,language,,kn,uniq_superbpe,32768,5,11
validation,language,,kn,uniq_superbpe,32768,6,14567
validation,language,,kn,uniq_superbpe,32768,7,3529
validation,language,,kn,uniq_superbpe,32768,9,2850
validation,language,,kn,uniq_superbpe,32768,10,1240
validation,language,,kn,uniq_superbpe,32768,12,419
validation,language,,kn,uniq_superbpe,32768,13,177
validation,language,,ko,uniq_superbpe,32768,1,2408
validation,language,,ko,uniq_superbpe,32768,2,249
validation,language,,ko,uniq_superbpe,32768,3,10023
validation,language,,ko,uniq_superbpe,32768,4,3780
validation,language,,ko,uniq_superbpe,32768,5,13
validation,language,,ko,uniq_superbpe,32768,6,1536
validation,language,,ko,uniq_superbpe,32768,7,1772
validation,language,,ko,uniq_superbpe,32768,8,6
validation,language,,ko,uniq_superbpe,32768,9,268
validation,language,,ko,uniq_superbpe,32768,10,315
validation,language,,ko,uniq_superbpe,32768,11,7
validation,language,,ko,uniq_superbpe,32768,12,156
validation,language,,ko,uniq_superbpe,32768,13,19
validation,language,,ko,uniq_superbpe,32768,14,7
validation,language,,ml,uniq_superbpe,32768,1,5626
validation,language,,ml,uniq_superbpe,32768,2,148
validation,language,,ml,uniq_superbpe,32768,3,5600
validation,language,,ml,uniq_superbpe,32768,4,1875
validation,language,,ml,uniq_superbpe,32768,5,1
validation,language,,ml,uniq_superbpe,32768,6,8945
validation,language,,ml,uniq_superbpe,32768,7,2639
validation,language,,ml,uniq_superbpe,32768,8,1
validation,language,,ml,uniq_superbpe,32768,9,2608
validation,language,,ml,uniq_superbpe,32768,10,818
validation,language,,ml,uniq_superbpe,32768,12,3672
validation,language,,ml,uniq_superbpe,32768,13,255
validation,language,,ml,uniq_superbpe,32768,15,642
validation,language,,ml,uniq_superbpe,32768,16,245
validation,language,,ml,uniq_superbpe,32768,18,109
validation,language,,ml,uniq_superbpe,32768,19,68
validation,language,,ml,uniq_superbpe,32768,21,36
validation,language,,ml,uniq_superbpe,32768,22,33
validation,language,,ml,uniq_superbpe,32768,24,28
validation,language,,ml,uniq_superbpe,32768,25,5
validation,language,,mr,uniq_superbpe,32768,1,6316
validation,language,,mr,uniq_superbpe,32768,2,108
validation,language,,mr,uniq_superbpe,32768,3,5154
validation,language,,mr,uniq_superbpe,32768,4,1027
validation,language,,mr,uniq_superbpe,32768,6,7750
validation,language,,mr,uniq_superbpe,32768,7,4262
validation,language,,mr,uniq_superbpe,32768,8,3
validation,language,,mr,uniq_superbpe,32768,9,1777
validation,language,,mr,uniq_superbpe,32768,10,1380
validation,language,,mr,uniq_superbpe,32768,12,1274
validation,language,,mr,uniq_superbpe,32768,13,713
validation,language,,mr,uniq_superbpe,32768,14,4
validation,language,,mr,uniq_superbpe,32768,15,300
validation,language,,mr,uniq_superbpe,32768,16,339
validation,language,,mr,uniq_superbpe,32768,18,11
validation,language,,mr,uniq_superbpe,32768,19,174
validation,language,,mr,uniq_superbpe,32768,21,2
validation,language,,mr,uniq_superbpe,32768,22,35
validation,language,,mr,uniq_superbpe,32768,25,17
validation,language,,mr,uniq_superbpe,32768,26,1
validation,language,,ru,uniq_superbpe,32768,1,2448
validation,language,,ru,uniq_superbpe,32768,2,3388
validation,language,,ru,uniq_superbpe,32768,3,1835
validation,language,,ru,uniq_superbpe,32768,4,4582
validation,language,,ru,uniq_superbpe,32768,5,2084
validation,language,,ru,uniq_superbpe,32768,6,3518
validation,language,,ru,uniq_superbpe,32768,7,1679
validation,language,,ru,uniq_superbpe,32768,8,1619
validation,language,,ru,uniq_superbpe,32768,9,688
validation,language,,ru,uniq_superbpe,32768,10,540
validation,language,,ru,uniq_superbpe,32768,11,657
validation,language,,ru,uniq_superbpe,32768,12,221
validation,language,,ru,uniq_superbpe,32768,13,321
validation,language,,ru,uniq_superbpe,32768,14,108
validation,language,,ru,uniq_superbpe,32768,15,151
validation,language,,ru,uniq_superbpe,32768,16,53
validation,language,,ru,uniq_superbpe,32768,17,100
validation,language,,ru,uniq_superbpe,32768,18,11
validation,language,,ru,uniq_superbpe,32768,19,72
validation,language,,ru,uniq_superbpe,32768,20,6
validation,language,,ru,uniq_superbpe,32768,21,52
validation,language,,ru,uniq_superbpe,32768,23,4
validation,language,,ru,uniq_superbpe,32768,25,24
validation,language,,sw,uniq_superbpe,32768,1,5618
validation,language,,sw,uniq_superbpe,32768,2,7192
validation,language,,sw,uniq_superbpe,32768,3,9458
validation,language,,sw,uniq_superbpe,32768,4,2055
validation,language,,sw,uniq_superbpe,32768,5,701
validation,language,,sw,uniq_superbpe,32768,6,388
validation,language,,sw,uniq_superbpe,32768,7,329
validation,language,,sw,uniq_superbpe,32768,8,68
validation,language,,sw,uniq_superbpe,32768,9,94
validation,language,,sw,uniq_superbpe,32768,10,48
validation,language,,sw,uniq_superbpe,32768,11,16
validation,language,,sw,uniq_superbpe,32768,12,16
validation,language,,sw,uniq_superbpe,32768,13,2
validation,language,,ta,uniq_superbpe,32768,1,3671
validation,language,,ta,uniq_superbpe,32768,2,220
validation,language,,ta,uniq_superbpe,32768,3,4559
validation,language,,ta,uniq_superbpe,32768,4,261
validation,language,,ta,uniq_superbpe,32768,5,1
validation,language,,ta,uniq_superbpe,32768,6,15530
validation,language,,ta,uniq_superbpe,32768,7,3314
validation,language,,ta,uniq_superbpe,32768,9,3752
validation,language,,ta,uniq_superbpe,32768,10,1964
validation,language,,ta,uniq_superbpe,32768,12,110
validation,language,,ta,uniq_superbpe,32768,13,394
validation,language,,ta,uniq_superbpe,32768,16,27
validation,language,,ta,uniq_superbpe,32768,19,37
validation,language,,ta,uniq_superbpe,32768,22,47
validation,language,,te,uniq_superbpe,32768,1,4928
validation,language,,te,uniq_superbpe,32768,2,300
validation,language,,te,uniq_superbpe,32768,3,3914
validation,language,,te,uniq_superbpe,32768,4,1161
validation,language,,te,uniq_superbpe,32768,5,12
validation,language,,te,uniq_superbpe,32768,6,11794
validation,language,,te,uniq_superbpe,32768,7,3457
validation,language,,te,uniq_superbpe,32768,9,2326
validation,language,,te,uniq_superbpe,32768,10,968
validation,language,,te,uniq_superbpe,32768,12,864
validation,language,,te,uniq_superbpe,32768,13,332
validation,language,,te,uniq_superbpe,32768,14,1
validation,language,,te,uniq_superbpe,32768,15,137
validation,language,,te,uniq_superbpe,32768,16,264
validation,language,,te,uniq_superbpe,32768,18,3
validation,language,,te,uniq_superbpe,32768,19,9
validation,language,,te,uniq_superbpe,32768,22,23
validation,language,,uk,uniq_superbpe,32768,1,2457
validation,language,,uk,uniq_superbpe,32768,2,3671
validation,language,,uk,uniq_superbpe,32768,3,1966
validation,language,,uk,uniq_superbpe,32768,4,5078
validation,language,,uk,uniq_superbpe,32768,5,2354
validation,language,,uk,uniq_superbpe,32768,6,3903
validation,language,,uk,uniq_superbpe,32768,7,1620
validation,language,,uk,uniq_superbpe,32768,8,1440
validation,language,,uk,uniq_superbpe,32768,9,752
validation,language,,uk,uniq_superbpe,32768,10,563
validation,language,,uk,uniq_superbpe,32768,11,518
validation,language,,uk,uniq_superbpe,32768,12,176
validation,language,,uk,uniq_superbpe,32768,13,242
validation,language,,uk,uniq_superbpe,32768,14,31
validation,language,,uk,uniq_superbpe,32768,15,77
validation,language,,uk,uniq_superbpe,32768,16,1
validation,language,,uk,uniq_superbpe,32768,17,59
validation,language,,uk,uniq_superbpe,32768,18,3
validation,language,,uk,uniq_superbpe,32768,19,17
validation,language,,uk,uniq_superbpe,32768,21,14
validation,language,,uk,uniq_superbpe,32768,23,12
validation,language,,ur,uniq_superbpe,32768,1,1294
validation,language,,ur,uniq_superbpe,32768,2,3510
validation,language,,ur,uniq_superbpe,32768,3,1060
validation,language,,ur,uniq_superbpe,32768,4,3653
validation,language,,ur,uniq_superbpe,32768,5,5043
validation,language,,ur,uniq_superbpe,32768,6,1591
validation,language,,ur,uniq_superbpe,32768,7,2580
validation,language,,ur,uniq_superbpe,32768,8,176
validation,language,,ur,uniq_superbpe,32768,9,1473
validation,language,,ur,uniq_superbpe,32768,10,120
validation,language,,ur,uniq_superbpe,32768,11,658
validation,language,,ur,uniq_superbpe,32768,12,173
validation,language,,ur,uniq_superbpe,32768,13,136
validation,language,,ur,uniq_superbpe,32768,14,199
validation,language,,ur,uniq_superbpe,32768,15,39
validation,language,,ur,uniq_superbpe,32768,16,94
validation,language,,ur,uniq_superbpe,32768,17,19
validation,language,,ur,uniq_superbpe,32768,18,30
validation,language,,ur,uniq_superbpe,32768,19,3
validation,language,,ur,uniq_superbpe,32768,20,8
validation,language,,ur,uniq_superbpe,32768,21,12
validation,language,,ur,uniq_superbpe,32768,22,2
validation,language,,yo,uniq_superbpe,32768,1,12400
validation,language,,yo,uniq_superbpe,32768,2,16375
validation,language,,yo,uniq_superbpe,32768,3,4964
validation,language,,yo,uniq_superbpe,32768,4,1066
validation,language,,yo,uniq_superbpe,32768,5,2429
validation,language,,yo,uniq_superbpe,32768,6,309
validation,language,,yo,uniq_superbpe,32768,7,72
validation,language,,yo,uniq_superbpe,32768,8,23
validation,language,,yo,uniq_superbpe,32768,9,15
validation,language,,yo,uniq_superbpe,32768,10,3
validation,language,,yo,uniq_superbpe,32768,11,18
validation,language,,zh,uniq_superbpe,32768,1,1639
validation,language,,zh,uniq_superbpe,32768,2,351
validation,language,,zh,uniq_superbpe,32768,3,15570
validation,language,,zh,uniq_superbpe,32768,4,96
validation,language,,zh,uniq_superbpe,32768,5,8
validation,language,,zh,uniq_superbpe,32768,6,1120
validation,language,,zh,uniq_superbpe,32768,9,39
validation,domain,flores200,,uniq_superbpe,32768,1,82060
validation,domain,flores200,,uniq_superbpe,32768,2,44608
validation,domain,flores200,,uniq_superbpe,32768,3,115696
validation,domain,flores200,,uniq_superbpe,32768,4,44245
validation,domain,flores200,,uniq_superbpe,32768,5,22394
validation,domain,flores200,,uniq_superbpe,32768,6,105195
validation,domain,flores200,,uniq_superbpe,32768,7,47176
validation,domain,flores200,,uniq_superbpe,32768,8,6165
validation,domain,flores200,,uniq_superbpe,32768,9,26558
validation,domain,flores200,,uniq_superbpe,32768,10,14016
validation,domain,flores200,,uniq_superbpe,32768,11,3592
validation,domain,flores200,,uniq_superbpe,32768,12,9227
validation,domain,flores200,,uniq_superbpe,32768,13,5686
validation,domain,flores200,,uniq_superbpe,32768,14,499
validation,domain,flores200,,uniq_superbpe,32768,15,1698
validation,domain,flores200,,uniq_superbpe,32768,16,1842
validation,domain,flores200,,uniq_superbpe,32768,17,630
validation,domain,flores200,,uniq_superbpe,32768,18,212
validation,domain,flores200,,uniq_superbpe,32768,19,724
validation,domain,flores200,,uniq_superbpe,32768,20,183
validation,domain,flores200,,uniq_superbpe,32768,21,153
validation,domain,flores200,,uniq_superbpe,32768,22,205
validation,domain,flores200,,uniq_superbpe,32768,23,113
validation,domain,flores200,,uniq_superbpe,32768,24,31
validation,domain,flores200,,uniq_superbpe,32768,25,100
validation,domain,flores200,,uniq_superbpe,32768,26,51
validation,domain,flores200,,uniq_superbpe,32768,28,1
validation,domain,flores200,,uniq_superbpe,32768,30,32
validation,domain,flores200,,uniq_superbpe,32768,32,9
validation,aggregate,,,uniq_superbpe,32768,1,82060
validation,aggregate,,,uniq_superbpe,32768,2,44608
validation,aggregate,,,uniq_superbpe,32768,3,115696
validation,aggregate,,,uniq_superbpe,32768,4,44245
validation,aggregate,,,uniq_superbpe,32768,5,22394
validation,aggregate,,,uniq_superbpe,32768,6,105195
validation,aggregate,,,uniq_superbpe,32768,7,47176
validation,aggregate,,,uniq_superbpe,32768,8,6165
validation,aggregate,,,uniq_superbpe,32768,9,26558
validation,aggregate,,,uniq_superbpe,32768,10,14016
validation,aggregate,,,uniq_superbpe,32768,11,3592
validation,aggregate,,,uniq_superbpe,32768,12,9227
validation,aggregate,,,uniq_superbpe,32768,13,5686
validation,aggregate,,,uniq_superbpe,32768,14,499
validation,aggregate,,,uniq_superbpe,32768,15,1698
validation,aggregate,,,uniq_superbpe,32768,16,1842
validation,aggregate,,,uniq_superbpe,32768,17,630
validation,aggregate,,,uniq_superbpe,32768,18,212
validation,aggregate,,,uniq_superbpe,32768,19,724
validation,aggregate,,,uniq_superbpe,32768,20,183
validation,aggregate,,,uniq_superbpe,32768,21,153
validation,aggregate,,,uniq_superbpe,32768,22,205
validation,aggregate,,,uniq_superbpe,32768,23,113
validation,aggregate,,,uniq_superbpe,32768,24,31
validation,aggregate,,,uniq_superbpe,32768,25,100
validation,aggregate,,,uniq_superbpe,32768,26,51
validation,aggregate,,,uniq_superbpe,32768,28,1
validation,aggregate,,,uniq_superbpe,32768,30,32
validation,aggregate,,,uniq_superbpe,32768,32,9
train,stratum,code,c,uniq_superbpe,65536,1,56558
train,stratum,code,c,uniq_superbpe,65536,2,15694
train,stratum,code,c,uniq_superbpe,65536,3,10182
train,stratum,code,c,uniq_superbpe,65536,4,8147
train,stratum,code,c,uniq_superbpe,65536,5,4564
train,stratum,code,c,uniq_superbpe,65536,6,4677
train,stratum,code,c,uniq_superbpe,65536,7,2768
train,stratum,code,c,uniq_superbpe,65536,8,1665
train,stratum,code,c,uniq_superbpe,65536,9,731
train,stratum,code,c,uniq_superbpe,65536,10,870
train,stratum,code,c,uniq_superbpe,65536,11,366
train,stratum,code,c,uniq_superbpe,65536,12,225
train,stratum,code,c,uniq_superbpe,65536,13,163
train,stratum,code,c,uniq_superbpe,65536,14,133
train,stratum,code,c,uniq_superbpe,65536,15,122
train,stratum,code,c,uniq_superbpe,65536,16,451
train,stratum,code,cpp,uniq_superbpe,65536,1,147616
train,stratum,code,cpp,uniq_superbpe,65536,2,33426
train,stratum,code,cpp,uniq_superbpe,65536,3,28334
train,stratum,code,cpp,uniq_superbpe,65536,4,17285
train,stratum,code,cpp,uniq_superbpe,65536,5,9629
train,stratum,code,cpp,uniq_superbpe,65536,6,12167
train,stratum,code,cpp,uniq_superbpe,65536,7,6734
train,stratum,code,cpp,uniq_superbpe,65536,8,3966
train,stratum,code,cpp,uniq_superbpe,65536,9,1913
train,stratum,code,cpp,uniq_superbpe,65536,10,1924
train,stratum,code,cpp,uniq_superbpe,65536,11,1074
train,stratum,code,cpp,uniq_superbpe,65536,12,897
train,stratum,code,cpp,uniq_superbpe,65536,13,1279
train,stratum,code,cpp,uniq_superbpe,65536,14,317
train,stratum,code,cpp,uniq_superbpe,65536,15,1737
train,stratum,code,cpp,uniq_superbpe,65536,16,3800
train,stratum,code,go,uniq_superbpe,65536,1,76632
train,stratum,code,go,uniq_superbpe,65536,2,20103
train,stratum,code,go,uniq_superbpe,65536,3,20937
train,stratum,code,go,uniq_superbpe,65536,4,18966
train,stratum,code,go,uniq_superbpe,65536,5,11098
train,stratum,code,go,uniq_superbpe,65536,6,8093
train,stratum,code,go,uniq_superbpe,65536,7,7746
train,stratum,code,go,uniq_superbpe,65536,8,4236
train,stratum,code,go,uniq_superbpe,65536,9,2385
train,stratum,code,go,uniq_superbpe,65536,10,1306
train,stratum,code,go,uniq_superbpe,65536,11,574
train,stratum,code,go,uniq_superbpe,65536,12,709
train,stratum,code,go,uniq_superbpe,65536,13,322
train,stratum,code,go,uniq_superbpe,65536,14,121
train,stratum,code,go,uniq_superbpe,65536,15,300
train,stratum,code,go,uniq_superbpe,65536,16,441
train,stratum,code,java,uniq_superbpe,65536,1,25573
train,stratum,code,java,uniq_superbpe,65536,2,4265
train,stratum,code,java,uniq_superbpe,65536,3,4947
train,stratum,code,java,uniq_superbpe,65536,4,4786
train,stratum,code,java,uniq_superbpe,65536,5,2443
train,stratum,code,java,uniq_superbpe,65536,6,2495
train,stratum,code,java,uniq_superbpe,65536,7,2002
train,stratum,code,java,uniq_superbpe,65536,8,803
train,stratum,code,java,uniq_superbpe,65536,9,906
train,stratum,code,java,uniq_superbpe,65536,10,508
train,stratum,code,java,uniq_superbpe,65536,11,413
train,stratum,code,java,uniq_superbpe,65536,12,667
train,stratum,code,java,uniq_superbpe,65536,13,518
train,stratum,code,java,uniq_superbpe,65536,14,413
train,stratum,code,java,uniq_superbpe,65536,15,149
train,stratum,code,java,uniq_superbpe,65536,16,1206
train,stratum,code,javascript,uniq_superbpe,65536,1,23341
train,stratum,code,javascript,uniq_superbpe,65536,2,7880
train,stratum,code,javascript,uniq_superbpe,65536,3,3898
train,stratum,code,javascript,uniq_superbpe,65536,4,2707
train,stratum,code,javascript,uniq_superbpe,65536,5,1859
train,stratum,code,javascript,uniq_superbpe,65536,6,1699
train,stratum,code,javascript,uniq_superbpe,65536,7,1184
train,stratum,code,javascript,uniq_superbpe,65536,8,807
train,stratum,code,javascript,uniq_superbpe,65536,9,519
train,stratum,code,javascript,uniq_superbpe,65536,10,305
train,stratum,code,javascript,uniq_superbpe,65536,11,217
train,stratum,code,javascript,uniq_superbpe,65536,12,105
train,stratum,code,javascript,uniq_superbpe,65536,13,85
train,stratum,code,javascript,uniq_superbpe,65536,14,76
train,stratum,code,javascript,uniq_superbpe,65536,15,58
train,stratum,code,javascript,uniq_superbpe,65536,16,138
train,stratum,code,python,uniq_superbpe,65536,1,25545
train,stratum,code,python,uniq_superbpe,65536,2,5367
train,stratum,code,python,uniq_superbpe,65536,3,5936
train,stratum,code,python,uniq_superbpe,65536,4,6637
train,stratum,code,python,uniq_superbpe,65536,5,4122
train,stratum,code,python,uniq_superbpe,65536,6,3248
train,stratum,code,python,uniq_superbpe,65536,7,2363
train,stratum,code,python,uniq_superbpe,65536,8,1161
train,stratum,code,python,uniq_superbpe,65536,9,968
train,stratum,code,python,uniq_superbpe,65536,10,709
train,stratum,code,python,uniq_superbpe,65536,11,500
train,stratum,code,python,uniq_superbpe,65536,12,202
train,stratum,code,python,uniq_superbpe,65536,13,117
train,stratum,code,python,uniq_superbpe,65536,14,445
train,stratum,code,python,uniq_superbpe,65536,15,182
train,stratum,code,python,uniq_superbpe,65536,16,774
train,stratum,code,rust,uniq_superbpe,65536,1,66647
train,stratum,code,rust,uniq_superbpe,65536,2,12904
train,stratum,code,rust,uniq_superbpe,65536,3,13737
train,stratum,code,rust,uniq_superbpe,65536,4,11303
train,stratum,code,rust,uniq_superbpe,65536,5,6967
train,stratum,code,rust,uniq_superbpe,65536,6,6318
train,stratum,code,rust,uniq_superbpe,65536,7,3969
train,stratum,code,rust,uniq_superbpe,65536,8,2736
train,stratum,code,rust,uniq_superbpe,65536,9,1489
train,stratum,code,rust,uniq_superbpe,65536,10,1147
train,stratum,code,rust,uniq_superbpe,65536,11,1003
train,stratum,code,rust,uniq_superbpe,65536,12,751
train,stratum,code,rust,uniq_superbpe,65536,13,354
train,stratum,code,rust,uniq_superbpe,65536,14,703
train,stratum,code,rust,uniq_superbpe,65536,15,660
train,stratum,code,rust,uniq_superbpe,65536,16,2181
train,stratum,code,sql,uniq_superbpe,65536,1,122525
train,stratum,code,sql,uniq_superbpe,65536,2,28696
train,stratum,code,sql,uniq_superbpe,65536,3,60645
train,stratum,code,sql,uniq_superbpe,65536,4,19242
train,stratum,code,sql,uniq_superbpe,65536,5,9190
train,stratum,code,sql,uniq_superbpe,65536,6,10919
train,stratum,code,sql,uniq_superbpe,65536,7,5124
train,stratum,code,sql,uniq_superbpe,65536,8,5396
train,stratum,code,sql,uniq_superbpe,65536,9,2277
train,stratum,code,sql,uniq_superbpe,65536,10,1488
train,stratum,code,sql,uniq_superbpe,65536,11,2540
train,stratum,code,sql,uniq_superbpe,65536,12,4635
train,stratum,code,sql,uniq_superbpe,65536,13,6215
train,stratum,code,sql,uniq_superbpe,65536,14,2584
train,stratum,code,sql,uniq_superbpe,65536,15,2452
train,stratum,code,sql,uniq_superbpe,65536,16,3801
train,stratum,code,typescript,uniq_superbpe,65536,1,109434
train,stratum,code,typescript,uniq_superbpe,65536,2,25047
train,stratum,code,typescript,uniq_superbpe,65536,3,18196
train,stratum,code,typescript,uniq_superbpe,65536,4,16515
train,stratum,code,typescript,uniq_superbpe,65536,5,9198
train,stratum,code,typescript,uniq_superbpe,65536,6,9229
train,stratum,code,typescript,uniq_superbpe,65536,7,4385
train,stratum,code,typescript,uniq_superbpe,65536,8,3265
train,stratum,code,typescript,uniq_superbpe,65536,9,2182
train,stratum,code,typescript,uniq_superbpe,65536,10,2419
train,stratum,code,typescript,uniq_superbpe,65536,11,7719
train,stratum,code,typescript,uniq_superbpe,65536,12,1003
train,stratum,code,typescript,uniq_superbpe,65536,13,1640
train,stratum,code,typescript,uniq_superbpe,65536,14,3044
train,stratum,code,typescript,uniq_superbpe,65536,15,2579
train,stratum,code,typescript,uniq_superbpe,65536,16,3322
train,stratum,cyrillic_african,am,uniq_superbpe,65536,1,8401
train,stratum,cyrillic_african,am,uniq_superbpe,65536,2,1116
train,stratum,cyrillic_african,am,uniq_superbpe,65536,3,18447
train,stratum,cyrillic_african,am,uniq_superbpe,65536,4,5348
train,stratum,cyrillic_african,am,uniq_superbpe,65536,5,94
train,stratum,cyrillic_african,am,uniq_superbpe,65536,6,9971
train,stratum,cyrillic_african,am,uniq_superbpe,65536,7,8232
train,stratum,cyrillic_african,am,uniq_superbpe,65536,8,42
train,stratum,cyrillic_african,am,uniq_superbpe,65536,9,2514
train,stratum,cyrillic_african,am,uniq_superbpe,65536,10,6355
train,stratum,cyrillic_african,am,uniq_superbpe,65536,11,37
train,stratum,cyrillic_african,am,uniq_superbpe,65536,12,877
train,stratum,cyrillic_african,am,uniq_superbpe,65536,13,3448
train,stratum,cyrillic_african,am,uniq_superbpe,65536,14,7
train,stratum,cyrillic_african,am,uniq_superbpe,65536,15,185
train,stratum,cyrillic_african,am,uniq_superbpe,65536,16,1533
train,stratum,cyrillic_african,am,uniq_superbpe,65536,17,19
train,stratum,cyrillic_african,am,uniq_superbpe,65536,18,49
train,stratum,cyrillic_african,am,uniq_superbpe,65536,19,580
train,stratum,cyrillic_african,am,uniq_superbpe,65536,21,13
train,stratum,cyrillic_african,am,uniq_superbpe,65536,22,115
train,stratum,cyrillic_african,am,uniq_superbpe,65536,24,8
train,stratum,cyrillic_african,am,uniq_superbpe,65536,25,14
train,stratum,cyrillic_african,am,uniq_superbpe,65536,28,1
train,stratum,cyrillic_african,bg,uniq_superbpe,65536,1,6935
train,stratum,cyrillic_african,bg,uniq_superbpe,65536,2,4344
train,stratum,cyrillic_african,bg,uniq_superbpe,65536,3,3823
train,stratum,cyrillic_african,bg,uniq_superbpe,65536,4,5267
train,stratum,cyrillic_african,bg,uniq_superbpe,65536,5,5585
train,stratum,cyrillic_african,bg,uniq_superbpe,65536,6,5365
train,stratum,cyrillic_african,bg,uniq_superbpe,65536,7,2850
train,stratum,cyrillic_african,bg,uniq_superbpe,65536,8,2823
train,stratum,cyrillic_african,bg,uniq_superbpe,65536,9,2046
train,stratum,cyrillic_african,bg,uniq_superbpe,65536,10,1188
train,stratum,cyrillic_african,bg,uniq_superbpe,65536,11,1478
train,stratum,cyrillic_african,bg,uniq_superbpe,65536,12,551
train,stratum,cyrillic_african,bg,uniq_superbpe,65536,13,984
train,stratum,cyrillic_african,bg,uniq_superbpe,65536,14,232
train,stratum,cyrillic_african,bg,uniq_superbpe,65536,15,616
train,stratum,cyrillic_african,bg,uniq_superbpe,65536,16,76
train,stratum,cyrillic_african,bg,uniq_superbpe,65536,17,391
train,stratum,cyrillic_african,bg,uniq_superbpe,65536,18,99
train,stratum,cyrillic_african,bg,uniq_superbpe,65536,19,191
train,stratum,cyrillic_african,bg,uniq_superbpe,65536,20,29
train,stratum,cyrillic_african,bg,uniq_superbpe,65536,21,168
train,stratum,cyrillic_african,bg,uniq_superbpe,65536,22,6
train,stratum,cyrillic_african,bg,uniq_superbpe,65536,23,81
train,stratum,cyrillic_african,bg,uniq_superbpe,65536,25,21
train,stratum,cyrillic_african,bg,uniq_superbpe,65536,29,3
train,stratum,cyrillic_african,ru,uniq_superbpe,65536,1,5610
train,stratum,cyrillic_african,ru,uniq_superbpe,65536,2,4882
train,stratum,cyrillic_african,ru,uniq_superbpe,65536,3,3021
train,stratum,cyrillic_african,ru,uniq_superbpe,65536,4,5383
train,stratum,cyrillic_african,ru,uniq_superbpe,65536,5,3089
train,stratum,cyrillic_african,ru,uniq_superbpe,65536,6,5084
train,stratum,cyrillic_african,ru,uniq_superbpe,65536,7,2957
train,stratum,cyrillic_african,ru,uniq_superbpe,65536,8,2860
train,stratum,cyrillic_african,ru,uniq_superbpe,65536,9,1651
train,stratum,cyrillic_african,ru,uniq_superbpe,65536,10,1238
train,stratum,cyrillic_african,ru,uniq_superbpe,65536,11,1450
train,stratum,cyrillic_african,ru,uniq_superbpe,65536,12,489
train,stratum,cyrillic_african,ru,uniq_superbpe,65536,13,907
train,stratum,cyrillic_african,ru,uniq_superbpe,65536,14,305
train,stratum,cyrillic_african,ru,uniq_superbpe,65536,15,640
train,stratum,cyrillic_african,ru,uniq_superbpe,65536,16,109
train,stratum,cyrillic_african,ru,uniq_superbpe,65536,17,417
train,stratum,cyrillic_african,ru,uniq_superbpe,65536,18,55
train,stratum,cyrillic_african,ru,uniq_superbpe,65536,19,202
train,stratum,cyrillic_african,ru,uniq_superbpe,65536,20,16
train,stratum,cyrillic_african,ru,uniq_superbpe,65536,21,141
train,stratum,cyrillic_african,ru,uniq_superbpe,65536,22,4
train,stratum,cyrillic_african,ru,uniq_superbpe,65536,23,106
train,stratum,cyrillic_african,ru,uniq_superbpe,65536,24,1
train,stratum,cyrillic_african,ru,uniq_superbpe,65536,25,42
train,stratum,cyrillic_african,ru,uniq_superbpe,65536,27,33
train,stratum,cyrillic_african,ru,uniq_superbpe,65536,29,5
train,stratum,cyrillic_african,ru,uniq_superbpe,65536,31,2
train,stratum,cyrillic_african,sw,uniq_superbpe,65536,1,22787
train,stratum,cyrillic_african,sw,uniq_superbpe,65536,2,23616
train,stratum,cyrillic_african,sw,uniq_superbpe,65536,3,37649
train,stratum,cyrillic_african,sw,uniq_superbpe,65536,4,13438
train,stratum,cyrillic_african,sw,uniq_superbpe,65536,5,4529
train,stratum,cyrillic_african,sw,uniq_superbpe,65536,6,2125
train,stratum,cyrillic_african,sw,uniq_superbpe,65536,7,1837
train,stratum,cyrillic_african,sw,uniq_superbpe,65536,8,541
train,stratum,cyrillic_african,sw,uniq_superbpe,65536,9,643
train,stratum,cyrillic_african,sw,uniq_superbpe,65536,10,332
train,stratum,cyrillic_african,sw,uniq_superbpe,65536,11,65
train,stratum,cyrillic_african,sw,uniq_superbpe,65536,12,61
train,stratum,cyrillic_african,sw,uniq_superbpe,65536,13,71
train,stratum,cyrillic_african,sw,uniq_superbpe,65536,14,5
train,stratum,cyrillic_african,sw,uniq_superbpe,65536,15,124
train,stratum,cyrillic_african,sw,uniq_superbpe,65536,16,9
train,stratum,cyrillic_african,uk,uniq_superbpe,65536,1,4922
train,stratum,cyrillic_african,uk,uniq_superbpe,65536,2,4878
train,stratum,cyrillic_african,uk,uniq_superbpe,65536,3,2776
train,stratum,cyrillic_african,uk,uniq_superbpe,65536,4,4816
train,stratum,cyrillic_african,uk,uniq_superbpe,65536,5,2761
train,stratum,cyrillic_african,uk,uniq_superbpe,65536,6,4467
train,stratum,cyrillic_african,uk,uniq_superbpe,65536,7,2155
train,stratum,cyrillic_african,uk,uniq_superbpe,65536,8,2208
train,stratum,cyrillic_african,uk,uniq_superbpe,65536,9,1361
train,stratum,cyrillic_african,uk,uniq_superbpe,65536,10,1007
train,stratum,cyrillic_african,uk,uniq_superbpe,65536,11,975
train,stratum,cyrillic_african,uk,uniq_superbpe,65536,12,421
train,stratum,cyrillic_african,uk,uniq_superbpe,65536,13,645
train,stratum,cyrillic_african,uk,uniq_superbpe,65536,14,128
train,stratum,cyrillic_african,uk,uniq_superbpe,65536,15,512
train,stratum,cyrillic_african,uk,uniq_superbpe,65536,16,49
train,stratum,cyrillic_african,uk,uniq_superbpe,65536,17,297
train,stratum,cyrillic_african,uk,uniq_superbpe,65536,18,32
train,stratum,cyrillic_african,uk,uniq_superbpe,65536,19,167
train,stratum,cyrillic_african,uk,uniq_superbpe,65536,20,4
train,stratum,cyrillic_african,uk,uniq_superbpe,65536,21,109
train,stratum,cyrillic_african,uk,uniq_superbpe,65536,23,21
train,stratum,cyrillic_african,uk,uniq_superbpe,65536,25,15
train,stratum,cyrillic_african,uk,uniq_superbpe,65536,27,6
train,stratum,cyrillic_african,uk,uniq_superbpe,65536,29,6
train,stratum,cyrillic_african,yo,uniq_superbpe,65536,1,10320
train,stratum,cyrillic_african,yo,uniq_superbpe,65536,2,8860
train,stratum,cyrillic_african,yo,uniq_superbpe,65536,3,13785
train,stratum,cyrillic_african,yo,uniq_superbpe,65536,4,5990
train,stratum,cyrillic_african,yo,uniq_superbpe,65536,5,3020
train,stratum,cyrillic_african,yo,uniq_superbpe,65536,6,809
train,stratum,cyrillic_african,yo,uniq_superbpe,65536,7,1199
train,stratum,cyrillic_african,yo,uniq_superbpe,65536,8,751
train,stratum,cyrillic_african,yo,uniq_superbpe,65536,9,403
train,stratum,cyrillic_african,yo,uniq_superbpe,65536,10,439
train,stratum,cyrillic_african,yo,uniq_superbpe,65536,11,299
train,stratum,cyrillic_african,yo,uniq_superbpe,65536,12,158
train,stratum,cyrillic_african,yo,uniq_superbpe,65536,13,92
train,stratum,cyrillic_african,yo,uniq_superbpe,65536,14,82
train,stratum,cyrillic_african,yo,uniq_superbpe,65536,15,64
train,stratum,cyrillic_african,yo,uniq_superbpe,65536,16,6
train,stratum,cyrillic_african,yo,uniq_superbpe,65536,17,29
train,stratum,cyrillic_african,yo,uniq_superbpe,65536,18,11
train,stratum,cyrillic_african,yo,uniq_superbpe,65536,23,30
train,stratum,indic_cjk_arabic,ar,uniq_superbpe,65536,1,6896
train,stratum,indic_cjk_arabic,ar,uniq_superbpe,65536,2,4586
train,stratum,indic_cjk_arabic,ar,uniq_superbpe,65536,3,2547
train,stratum,indic_cjk_arabic,ar,uniq_superbpe,65536,4,6219
train,stratum,indic_cjk_arabic,ar,uniq_superbpe,65536,5,5360
train,stratum,indic_cjk_arabic,ar,uniq_superbpe,65536,6,4497
train,stratum,indic_cjk_arabic,ar,uniq_superbpe,65536,7,4041
train,stratum,indic_cjk_arabic,ar,uniq_superbpe,65536,8,1513
train,stratum,indic_cjk_arabic,ar,uniq_superbpe,65536,9,2567
train,stratum,indic_cjk_arabic,ar,uniq_superbpe,65536,10,797
train,stratum,indic_cjk_arabic,ar,uniq_superbpe,65536,11,1249
train,stratum,indic_cjk_arabic,ar,uniq_superbpe,65536,12,254
train,stratum,indic_cjk_arabic,ar,uniq_superbpe,65536,13,643
train,stratum,indic_cjk_arabic,ar,uniq_superbpe,65536,14,116
train,stratum,indic_cjk_arabic,ar,uniq_superbpe,65536,15,549
train,stratum,indic_cjk_arabic,ar,uniq_superbpe,65536,16,17
train,stratum,indic_cjk_arabic,ar,uniq_superbpe,65536,17,199
train,stratum,indic_cjk_arabic,ar,uniq_superbpe,65536,18,9
train,stratum,indic_cjk_arabic,ar,uniq_superbpe,65536,19,50
train,stratum,indic_cjk_arabic,ar,uniq_superbpe,65536,21,54
train,stratum,indic_cjk_arabic,ar,uniq_superbpe,65536,23,22
train,stratum,indic_cjk_arabic,ar,uniq_superbpe,65536,30,1
train,stratum,indic_cjk_arabic,bn,uniq_superbpe,65536,1,6052
train,stratum,indic_cjk_arabic,bn,uniq_superbpe,65536,2,367
train,stratum,indic_cjk_arabic,bn,uniq_superbpe,65536,3,8538
train,stratum,indic_cjk_arabic,bn,uniq_superbpe,65536,4,608
train,stratum,indic_cjk_arabic,bn,uniq_superbpe,65536,5,91
train,stratum,indic_cjk_arabic,bn,uniq_superbpe,65536,6,10217
train,stratum,indic_cjk_arabic,bn,uniq_superbpe,65536,7,6886
train,stratum,indic_cjk_arabic,bn,uniq_superbpe,65536,8,17
train,stratum,indic_cjk_arabic,bn,uniq_superbpe,65536,9,2953
train,stratum,indic_cjk_arabic,bn,uniq_superbpe,65536,10,3129
train,stratum,indic_cjk_arabic,bn,uniq_superbpe,65536,11,15
train,stratum,indic_cjk_arabic,bn,uniq_superbpe,65536,12,1739
train,stratum,indic_cjk_arabic,bn,uniq_superbpe,65536,13,1599
train,stratum,indic_cjk_arabic,bn,uniq_superbpe,65536,14,1
train,stratum,indic_cjk_arabic,bn,uniq_superbpe,65536,15,203
train,stratum,indic_cjk_arabic,bn,uniq_superbpe,65536,16,889
train,stratum,indic_cjk_arabic,bn,uniq_superbpe,65536,18,53
train,stratum,indic_cjk_arabic,bn,uniq_superbpe,65536,19,333
train,stratum,indic_cjk_arabic,bn,uniq_superbpe,65536,20,26
train,stratum,indic_cjk_arabic,bn,uniq_superbpe,65536,21,12
train,stratum,indic_cjk_arabic,bn,uniq_superbpe,65536,22,141
train,stratum,indic_cjk_arabic,bn,uniq_superbpe,65536,23,14
train,stratum,indic_cjk_arabic,bn,uniq_superbpe,65536,24,39
train,stratum,indic_cjk_arabic,bn,uniq_superbpe,65536,25,86
train,stratum,indic_cjk_arabic,bn,uniq_superbpe,65536,26,27
train,stratum,indic_cjk_arabic,bn,uniq_superbpe,65536,28,26
train,stratum,indic_cjk_arabic,bn,uniq_superbpe,65536,29,33
train,stratum,indic_cjk_arabic,bn,uniq_superbpe,65536,30,1
train,stratum,indic_cjk_arabic,bn,uniq_superbpe,65536,35,3
train,stratum,indic_cjk_arabic,fa,uniq_superbpe,65536,1,3974
train,stratum,indic_cjk_arabic,fa,uniq_superbpe,65536,2,3261
train,stratum,indic_cjk_arabic,fa,uniq_superbpe,65536,3,2121
train,stratum,indic_cjk_arabic,fa,uniq_superbpe,65536,4,2740
train,stratum,indic_cjk_arabic,fa,uniq_superbpe,65536,5,5286
train,stratum,indic_cjk_arabic,fa,uniq_superbpe,65536,6,2434
train,stratum,indic_cjk_arabic,fa,uniq_superbpe,65536,7,4061
train,stratum,indic_cjk_arabic,fa,uniq_superbpe,65536,8,1132
train,stratum,indic_cjk_arabic,fa,uniq_superbpe,65536,9,3353
train,stratum,indic_cjk_arabic,fa,uniq_superbpe,65536,10,459
train,stratum,indic_cjk_arabic,fa,uniq_superbpe,65536,11,2359
train,stratum,indic_cjk_arabic,fa,uniq_superbpe,65536,12,398
train,stratum,indic_cjk_arabic,fa,uniq_superbpe,65536,13,819
train,stratum,indic_cjk_arabic,fa,uniq_superbpe,65536,14,152
train,stratum,indic_cjk_arabic,fa,uniq_superbpe,65536,15,553
train,stratum,indic_cjk_arabic,fa,uniq_superbpe,65536,16,119
train,stratum,indic_cjk_arabic,fa,uniq_superbpe,65536,17,107
train,stratum,indic_cjk_arabic,fa,uniq_superbpe,65536,18,59
train,stratum,indic_cjk_arabic,fa,uniq_superbpe,65536,19,9
train,stratum,indic_cjk_arabic,fa,uniq_superbpe,65536,20,34
train,stratum,indic_cjk_arabic,fa,uniq_superbpe,65536,21,1
train,stratum,indic_cjk_arabic,fa,uniq_superbpe,65536,22,6
train,stratum,indic_cjk_arabic,fa,uniq_superbpe,65536,25,2
train,stratum,indic_cjk_arabic,gu,uniq_superbpe,65536,1,6451
train,stratum,indic_cjk_arabic,gu,uniq_superbpe,65536,2,623
train,stratum,indic_cjk_arabic,gu,uniq_superbpe,65536,3,5449
train,stratum,indic_cjk_arabic,gu,uniq_superbpe,65536,4,1503
train,stratum,indic_cjk_arabic,gu,uniq_superbpe,65536,5,137
train,stratum,indic_cjk_arabic,gu,uniq_superbpe,65536,6,9198
train,stratum,indic_cjk_arabic,gu,uniq_superbpe,65536,7,8083
train,stratum,indic_cjk_arabic,gu,uniq_superbpe,65536,8,42
train,stratum,indic_cjk_arabic,gu,uniq_superbpe,65536,9,3140
train,stratum,indic_cjk_arabic,gu,uniq_superbpe,65536,10,3721
train,stratum,indic_cjk_arabic,gu,uniq_superbpe,65536,11,5
train,stratum,indic_cjk_arabic,gu,uniq_superbpe,65536,12,1081
train,stratum,indic_cjk_arabic,gu,uniq_superbpe,65536,13,1433
train,stratum,indic_cjk_arabic,gu,uniq_superbpe,65536,14,67
train,stratum,indic_cjk_arabic,gu,uniq_superbpe,65536,15,203
train,stratum,indic_cjk_arabic,gu,uniq_superbpe,65536,16,597
train,stratum,indic_cjk_arabic,gu,uniq_superbpe,65536,17,235
train,stratum,indic_cjk_arabic,gu,uniq_superbpe,65536,18,68
train,stratum,indic_cjk_arabic,gu,uniq_superbpe,65536,19,260
train,stratum,indic_cjk_arabic,gu,uniq_superbpe,65536,20,18
train,stratum,indic_cjk_arabic,gu,uniq_superbpe,65536,22,32
train,stratum,indic_cjk_arabic,gu,uniq_superbpe,65536,25,19
train,stratum,indic_cjk_arabic,gu,uniq_superbpe,65536,26,31
train,stratum,indic_cjk_arabic,gu,uniq_superbpe,65536,32,7
train,stratum,indic_cjk_arabic,hi,uniq_superbpe,65536,1,7137
train,stratum,indic_cjk_arabic,hi,uniq_superbpe,65536,2,605
train,stratum,indic_cjk_arabic,hi,uniq_superbpe,65536,3,7250
train,stratum,indic_cjk_arabic,hi,uniq_superbpe,65536,4,607
train,stratum,indic_cjk_arabic,hi,uniq_superbpe,65536,5,68
train,stratum,indic_cjk_arabic,hi,uniq_superbpe,65536,6,9110
train,stratum,indic_cjk_arabic,hi,uniq_superbpe,65536,7,13956
train,stratum,indic_cjk_arabic,hi,uniq_superbpe,65536,8,30
train,stratum,indic_cjk_arabic,hi,uniq_superbpe,65536,9,2950
train,stratum,indic_cjk_arabic,hi,uniq_superbpe,65536,10,4125
train,stratum,indic_cjk_arabic,hi,uniq_superbpe,65536,11,3
train,stratum,indic_cjk_arabic,hi,uniq_superbpe,65536,12,887
train,stratum,indic_cjk_arabic,hi,uniq_superbpe,65536,13,2553
train,stratum,indic_cjk_arabic,hi,uniq_superbpe,65536,14,112
train,stratum,indic_cjk_arabic,hi,uniq_superbpe,65536,15,248
train,stratum,indic_cjk_arabic,hi,uniq_superbpe,65536,16,707
train,stratum,indic_cjk_arabic,hi,uniq_superbpe,65536,17,391
train,stratum,indic_cjk_arabic,hi,uniq_superbpe,65536,18,39
train,stratum,indic_cjk_arabic,hi,uniq_superbpe,65536,19,226
train,stratum,indic_cjk_arabic,hi,uniq_superbpe,65536,20,368
train,stratum,indic_cjk_arabic,hi,uniq_superbpe,65536,21,12
train,stratum,indic_cjk_arabic,hi,uniq_superbpe,65536,22,81
train,stratum,indic_cjk_arabic,hi,uniq_superbpe,65536,23,151
train,stratum,indic_cjk_arabic,hi,uniq_superbpe,65536,24,4
train,stratum,indic_cjk_arabic,hi,uniq_superbpe,65536,25,36
train,stratum,indic_cjk_arabic,hi,uniq_superbpe,65536,26,6
train,stratum,indic_cjk_arabic,hi,uniq_superbpe,65536,27,11
train,stratum,indic_cjk_arabic,hi,uniq_superbpe,65536,28,1
train,stratum,indic_cjk_arabic,hi,uniq_superbpe,65536,30,100
train,stratum,indic_cjk_arabic,ja,uniq_superbpe,65536,1,15602
train,stratum,indic_cjk_arabic,ja,uniq_superbpe,65536,2,4652
train,stratum,indic_cjk_arabic,ja,uniq_superbpe,65536,3,35476
train,stratum,indic_cjk_arabic,ja,uniq_superbpe,65536,4,2071
train,stratum,indic_cjk_arabic,ja,uniq_superbpe,65536,5,304
train,stratum,indic_cjk_arabic,ja,uniq_superbpe,65536,6,9876
train,stratum,indic_cjk_arabic,ja,uniq_superbpe,65536,7,903
train,stratum,indic_cjk_arabic,ja,uniq_superbpe,65536,8,72
train,stratum,indic_cjk_arabic,ja,uniq_superbpe,65536,9,4889
train,stratum,indic_cjk_arabic,ja,uniq_superbpe,65536,10,786
train,stratum,indic_cjk_arabic,ja,uniq_superbpe,65536,11,16
train,stratum,indic_cjk_arabic,ja,uniq_superbpe,65536,12,4607
train,stratum,indic_cjk_arabic,ja,uniq_superbpe,65536,13,2
train,stratum,indic_cjk_arabic,ja,uniq_superbpe,65536,14,2
train,stratum,indic_cjk_arabic,ja,uniq_superbpe,65536,15,85
train,stratum,indic_cjk_arabic,ja,uniq_superbpe,65536,16,62
train,stratum,indic_cjk_arabic,ja,uniq_superbpe,65536,18,53
train,stratum,indic_cjk_arabic,ja,uniq_superbpe,65536,21,16
train,stratum,indic_cjk_arabic,ja,uniq_superbpe,65536,24,10
train,stratum,indic_cjk_arabic,kn,uniq_superbpe,65536,1,12411
train,stratum,indic_cjk_arabic,kn,uniq_superbpe,65536,2,3464
train,stratum,indic_cjk_arabic,kn,uniq_superbpe,65536,3,9462
train,stratum,indic_cjk_arabic,kn,uniq_superbpe,65536,4,1229
train,stratum,indic_cjk_arabic,kn,uniq_superbpe,65536,5,147
train,stratum,indic_cjk_arabic,kn,uniq_superbpe,65536,6,30944
train,stratum,indic_cjk_arabic,kn,uniq_superbpe,65536,7,9901
train,stratum,indic_cjk_arabic,kn,uniq_superbpe,65536,8,30
train,stratum,indic_cjk_arabic,kn,uniq_superbpe,65536,9,7581
train,stratum,indic_cjk_arabic,kn,uniq_superbpe,65536,10,5124
train,stratum,indic_cjk_arabic,kn,uniq_superbpe,65536,11,5
train,stratum,indic_cjk_arabic,kn,uniq_superbpe,65536,12,1335
train,stratum,indic_cjk_arabic,kn,uniq_superbpe,65536,13,696
train,stratum,indic_cjk_arabic,kn,uniq_superbpe,65536,14,51
train,stratum,indic_cjk_arabic,kn,uniq_superbpe,65536,15,140
train,stratum,indic_cjk_arabic,kn,uniq_superbpe,65536,16,89
train,stratum,indic_cjk_arabic,kn,uniq_superbpe,65536,18,4
train,stratum,indic_cjk_arabic,kn,uniq_superbpe,65536,19,11
train,stratum,indic_cjk_arabic,kn,uniq_superbpe,65536,21,1
train,stratum,indic_cjk_arabic,ko,uniq_superbpe,65536,1,7925
train,stratum,indic_cjk_arabic,ko,uniq_superbpe,65536,2,1007
train,stratum,indic_cjk_arabic,ko,uniq_superbpe,65536,3,17022
train,stratum,indic_cjk_arabic,ko,uniq_superbpe,65536,4,6612
train,stratum,indic_cjk_arabic,ko,uniq_superbpe,65536,5,94
train,stratum,indic_cjk_arabic,ko,uniq_superbpe,65536,6,4050
train,stratum,indic_cjk_arabic,ko,uniq_superbpe,65536,7,6737
train,stratum,indic_cjk_arabic,ko,uniq_superbpe,65536,8,38
train,stratum,indic_cjk_arabic,ko,uniq_superbpe,65536,9,697
train,stratum,indic_cjk_arabic,ko,uniq_superbpe,65536,10,2327
train,stratum,indic_cjk_arabic,ko,uniq_superbpe,65536,11,36
train,stratum,indic_cjk_arabic,ko,uniq_superbpe,65536,12,929
train,stratum,indic_cjk_arabic,ko,uniq_superbpe,65536,13,10
train,stratum,indic_cjk_arabic,ko,uniq_superbpe,65536,14,20
train,stratum,indic_cjk_arabic,ml,uniq_superbpe,65536,1,3766
train,stratum,indic_cjk_arabic,ml,uniq_superbpe,65536,2,472
train,stratum,indic_cjk_arabic,ml,uniq_superbpe,65536,3,2893
train,stratum,indic_cjk_arabic,ml,uniq_superbpe,65536,4,974
train,stratum,indic_cjk_arabic,ml,uniq_superbpe,65536,5,52
train,stratum,indic_cjk_arabic,ml,uniq_superbpe,65536,6,6514
train,stratum,indic_cjk_arabic,ml,uniq_superbpe,65536,7,2974
train,stratum,indic_cjk_arabic,ml,uniq_superbpe,65536,8,23
train,stratum,indic_cjk_arabic,ml,uniq_superbpe,65536,9,2655
train,stratum,indic_cjk_arabic,ml,uniq_superbpe,65536,10,832
train,stratum,indic_cjk_arabic,ml,uniq_superbpe,65536,11,2
train,stratum,indic_cjk_arabic,ml,uniq_superbpe,65536,12,2782
train,stratum,indic_cjk_arabic,ml,uniq_superbpe,65536,13,429
train,stratum,indic_cjk_arabic,ml,uniq_superbpe,65536,15,977
train,stratum,indic_cjk_arabic,ml,uniq_superbpe,65536,16,576
train,stratum,indic_cjk_arabic,ml,uniq_superbpe,65536,18,220
train,stratum,indic_cjk_arabic,ml,uniq_superbpe,65536,19,236
train,stratum,indic_cjk_arabic,ml,uniq_superbpe,65536,21,137
train,stratum,indic_cjk_arabic,ml,uniq_superbpe,65536,22,64
train,stratum,indic_cjk_arabic,ml,uniq_superbpe,65536,24,36
train,stratum,indic_cjk_arabic,ml,uniq_superbpe,65536,25,48
train,stratum,indic_cjk_arabic,ml,uniq_superbpe,65536,27,11
train,stratum,indic_cjk_arabic,ml,uniq_superbpe,65536,28,29
train,stratum,indic_cjk_arabic,ml,uniq_superbpe,65536,34,3
train,stratum,indic_cjk_arabic,mr,uniq_superbpe,65536,1,7966
train,stratum,indic_cjk_arabic,mr,uniq_superbpe,65536,2,629
train,stratum,indic_cjk_arabic,mr,uniq_superbpe,65536,3,8246
train,stratum,indic_cjk_arabic,mr,uniq_superbpe,65536,4,1106
train,stratum,indic_cjk_arabic,mr,uniq_superbpe,65536,5,134
train,stratum,indic_cjk_arabic,mr,uniq_superbpe,65536,6,13434
train,stratum,indic_cjk_arabic,mr,uniq_superbpe,65536,7,9774
train,stratum,indic_cjk_arabic,mr,uniq_superbpe,65536,8,98
train,stratum,indic_cjk_arabic,mr,uniq_superbpe,65536,9,3727
train,stratum,indic_cjk_arabic,mr,uniq_superbpe,65536,10,3957
train,stratum,indic_cjk_arabic,mr,uniq_superbpe,65536,11,13
train,stratum,indic_cjk_arabic,mr,uniq_superbpe,65536,12,2483
train,stratum,indic_cjk_arabic,mr,uniq_superbpe,65536,13,1578
train,stratum,indic_cjk_arabic,mr,uniq_superbpe,65536,14,42
train,stratum,indic_cjk_arabic,mr,uniq_superbpe,65536,15,842
train,stratum,indic_cjk_arabic,mr,uniq_superbpe,65536,16,1106
train,stratum,indic_cjk_arabic,mr,uniq_superbpe,65536,18,160
train,stratum,indic_cjk_arabic,mr,uniq_superbpe,65536,19,500
train,stratum,indic_cjk_arabic,mr,uniq_superbpe,65536,20,1
train,stratum,indic_cjk_arabic,mr,uniq_superbpe,65536,21,45
train,stratum,indic_cjk_arabic,mr,uniq_superbpe,65536,22,137
train,stratum,indic_cjk_arabic,mr,uniq_superbpe,65536,23,13
train,stratum,indic_cjk_arabic,mr,uniq_superbpe,65536,24,13
train,stratum,indic_cjk_arabic,mr,uniq_superbpe,65536,25,53
train,stratum,indic_cjk_arabic,mr,uniq_superbpe,65536,26,17
train,stratum,indic_cjk_arabic,mr,uniq_superbpe,65536,28,1
train,stratum,indic_cjk_arabic,mr,uniq_superbpe,65536,33,7
train,stratum,indic_cjk_arabic,ta,uniq_superbpe,65536,1,4437
train,stratum,indic_cjk_arabic,ta,uniq_superbpe,65536,2,385
train,stratum,indic_cjk_arabic,ta,uniq_superbpe,65536,3,2785
train,stratum,indic_cjk_arabic,ta,uniq_superbpe,65536,4,361
train,stratum,indic_cjk_arabic,ta,uniq_superbpe,65536,5,56
train,stratum,indic_cjk_arabic,ta,uniq_superbpe,65536,6,17418
train,stratum,indic_cjk_arabic,ta,uniq_superbpe,65536,7,4111
train,stratum,indic_cjk_arabic,ta,uniq_superbpe,65536,8,6
train,stratum,indic_cjk_arabic,ta,uniq_superbpe,65536,9,4549
train,stratum,indic_cjk_arabic,ta,uniq_superbpe,65536,10,3225
train,stratum,indic_cjk_arabic,ta,uniq_superbpe,65536,11,3
train,stratum,indic_cjk_arabic,ta,uniq_superbpe,65536,12,294
train,stratum,indic_cjk_arabic,ta,uniq_superbpe,65536,13,685
train,stratum,indic_cjk_arabic,ta,uniq_superbpe,65536,15,11
train,stratum,indic_cjk_arabic,ta,uniq_superbpe,65536,16,107
train,stratum,indic_cjk_arabic,ta,uniq_superbpe,65536,17,20
train,stratum,indic_cjk_arabic,ta,uniq_superbpe,65536,19,78
train,stratum,indic_cjk_arabic,ta,uniq_superbpe,65536,22,43
train,stratum,indic_cjk_arabic,ta,uniq_superbpe,65536,28,15
train,stratum,indic_cjk_arabic,te,uniq_superbpe,65536,1,6729
train,stratum,indic_cjk_arabic,te,uniq_superbpe,65536,2,678
train,stratum,indic_cjk_arabic,te,uniq_superbpe,65536,3,4141
train,stratum,indic_cjk_arabic,te,uniq_superbpe,65536,4,1069
train,stratum,indic_cjk_arabic,te,uniq_superbpe,65536,5,100
train,stratum,indic_cjk_arabic,te,uniq_superbpe,65536,6,16109
train,stratum,indic_cjk_arabic,te,uniq_superbpe,65536,7,6768
train,stratum,indic_cjk_arabic,te,uniq_superbpe,65536,8,16
train,stratum,indic_cjk_arabic,te,uniq_superbpe,65536,9,3943
train,stratum,indic_cjk_arabic,te,uniq_superbpe,65536,10,1916
train,stratum,indic_cjk_arabic,te,uniq_superbpe,65536,11,44
train,stratum,indic_cjk_arabic,te,uniq_superbpe,65536,12,2332
train,stratum,indic_cjk_arabic,te,uniq_superbpe,65536,13,983
train,stratum,indic_cjk_arabic,te,uniq_superbpe,65536,15,529
train,stratum,indic_cjk_arabic,te,uniq_superbpe,65536,16,995
train,stratum,indic_cjk_arabic,te,uniq_superbpe,65536,18,172
train,stratum,indic_cjk_arabic,te,uniq_superbpe,65536,19,161
train,stratum,indic_cjk_arabic,te,uniq_superbpe,65536,21,27
train,stratum,indic_cjk_arabic,te,uniq_superbpe,65536,22,97
train,stratum,indic_cjk_arabic,te,uniq_superbpe,65536,24,9
train,stratum,indic_cjk_arabic,te,uniq_superbpe,65536,25,44
train,stratum,indic_cjk_arabic,te,uniq_superbpe,65536,28,30
train,stratum,indic_cjk_arabic,ur,uniq_superbpe,65536,1,8058
train,stratum,indic_cjk_arabic,ur,uniq_superbpe,65536,2,8661
train,stratum,indic_cjk_arabic,ur,uniq_superbpe,65536,3,3185
train,stratum,indic_cjk_arabic,ur,uniq_superbpe,65536,4,6459
train,stratum,indic_cjk_arabic,ur,uniq_superbpe,65536,5,14822
train,stratum,indic_cjk_arabic,ur,uniq_superbpe,65536,6,3973
train,stratum,indic_cjk_arabic,ur,uniq_superbpe,65536,7,11453
train,stratum,indic_cjk_arabic,ur,uniq_superbpe,65536,8,1057
train,stratum,indic_cjk_arabic,ur,uniq_superbpe,65536,9,7307
train,stratum,indic_cjk_arabic,ur,uniq_superbpe,65536,10,956
train,stratum,indic_cjk_arabic,ur,uniq_superbpe,65536,11,3654
train,stratum,indic_cjk_arabic,ur,uniq_superbpe,65536,12,906
train,stratum,indic_cjk_arabic,ur,uniq_superbpe,65536,13,1237
train,stratum,indic_cjk_arabic,ur,uniq_superbpe,65536,14,806
train,stratum,indic_cjk_arabic,ur,uniq_superbpe,65536,15,570
train,stratum,indic_cjk_arabic,ur,uniq_superbpe,65536,16,501
train,stratum,indic_cjk_arabic,ur,uniq_superbpe,65536,17,132
train,stratum,indic_cjk_arabic,ur,uniq_superbpe,65536,18,131
train,stratum,indic_cjk_arabic,ur,uniq_superbpe,65536,19,68
train,stratum,indic_cjk_arabic,ur,uniq_superbpe,65536,20,42
train,stratum,indic_cjk_arabic,ur,uniq_superbpe,65536,21,168
train,stratum,indic_cjk_arabic,ur,uniq_superbpe,65536,22,39
train,stratum,indic_cjk_arabic,ur,uniq_superbpe,65536,24,51
train,stratum,indic_cjk_arabic,ur,uniq_superbpe,65536,26,4
train,stratum,indic_cjk_arabic,ur,uniq_superbpe,65536,27,5
train,stratum,indic_cjk_arabic,ur,uniq_superbpe,65536,29,3
train,stratum,indic_cjk_arabic,zh,uniq_superbpe,65536,1,25774
train,stratum,indic_cjk_arabic,zh,uniq_superbpe,65536,2,7296
train,stratum,indic_cjk_arabic,zh,uniq_superbpe,65536,3,62669
train,stratum,indic_cjk_arabic,zh,uniq_superbpe,65536,4,2926
train,stratum,indic_cjk_arabic,zh,uniq_superbpe,65536,5,216
train,stratum,indic_cjk_arabic,zh,uniq_superbpe,65536,6,19245
train,stratum,indic_cjk_arabic,zh,uniq_superbpe,65536,7,5404
train,stratum,indic_cjk_arabic,zh,uniq_superbpe,65536,8,38
train,stratum,indic_cjk_arabic,zh,uniq_superbpe,65536,9,5970
train,stratum,indic_cjk_arabic,zh,uniq_superbpe,65536,10,2322
train,stratum,indic_cjk_arabic,zh,uniq_superbpe,65536,11,11
train,stratum,indic_cjk_arabic,zh,uniq_superbpe,65536,12,11169
train,stratum,indic_cjk_arabic,zh,uniq_superbpe,65536,13,253
train,stratum,indic_cjk_arabic,zh,uniq_superbpe,65536,15,124
train,stratum,indic_cjk_arabic,zh,uniq_superbpe,65536,16,71
train,stratum,latin_english,en,uniq_superbpe,65536,1,7045
train,stratum,latin_english,en,uniq_superbpe,65536,2,4045
train,stratum,latin_english,en,uniq_superbpe,65536,3,6756
train,stratum,latin_english,en,uniq_superbpe,65536,4,5045
train,stratum,latin_english,en,uniq_superbpe,65536,5,3858
train,stratum,latin_english,en,uniq_superbpe,65536,6,2099
train,stratum,latin_english,en,uniq_superbpe,65536,7,1746
train,stratum,latin_english,en,uniq_superbpe,65536,8,1241
train,stratum,latin_english,en,uniq_superbpe,65536,9,924
train,stratum,latin_english,en,uniq_superbpe,65536,10,515
train,stratum,latin_english,en,uniq_superbpe,65536,11,237
train,stratum,latin_english,en,uniq_superbpe,65536,12,143
train,stratum,latin_english,en,uniq_superbpe,65536,13,59
train,stratum,latin_english,en,uniq_superbpe,65536,14,35
train,stratum,latin_english,en,uniq_superbpe,65536,15,8
train,stratum,latin_english,en,uniq_superbpe,65536,16,10
train,language,,am,uniq_superbpe,65536,1,8401
train,language,,am,uniq_superbpe,65536,2,1116
train,language,,am,uniq_superbpe,65536,3,18447
train,language,,am,uniq_superbpe,65536,4,5348
train,language,,am,uniq_superbpe,65536,5,94
train,language,,am,uniq_superbpe,65536,6,9971
train,language,,am,uniq_superbpe,65536,7,8232
train,language,,am,uniq_superbpe,65536,8,42
train,language,,am,uniq_superbpe,65536,9,2514
train,language,,am,uniq_superbpe,65536,10,6355
train,language,,am,uniq_superbpe,65536,11,37
train,language,,am,uniq_superbpe,65536,12,877
train,language,,am,uniq_superbpe,65536,13,3448
train,language,,am,uniq_superbpe,65536,14,7
train,language,,am,uniq_superbpe,65536,15,185
train,language,,am,uniq_superbpe,65536,16,1533
train,language,,am,uniq_superbpe,65536,17,19
train,language,,am,uniq_superbpe,65536,18,49
train,language,,am,uniq_superbpe,65536,19,580
train,language,,am,uniq_superbpe,65536,21,13
train,language,,am,uniq_superbpe,65536,22,115
train,language,,am,uniq_superbpe,65536,24,8
train,language,,am,uniq_superbpe,65536,25,14
train,language,,am,uniq_superbpe,65536,28,1
train,language,,ar,uniq_superbpe,65536,1,6896
train,language,,ar,uniq_superbpe,65536,2,4586
train,language,,ar,uniq_superbpe,65536,3,2547
train,language,,ar,uniq_superbpe,65536,4,6219
train,language,,ar,uniq_superbpe,65536,5,5360
train,language,,ar,uniq_superbpe,65536,6,4497
train,language,,ar,uniq_superbpe,65536,7,4041
train,language,,ar,uniq_superbpe,65536,8,1513
train,language,,ar,uniq_superbpe,65536,9,2567
train,language,,ar,uniq_superbpe,65536,10,797
train,language,,ar,uniq_superbpe,65536,11,1249
train,language,,ar,uniq_superbpe,65536,12,254
train,language,,ar,uniq_superbpe,65536,13,643
train,language,,ar,uniq_superbpe,65536,14,116
train,language,,ar,uniq_superbpe,65536,15,549
train,language,,ar,uniq_superbpe,65536,16,17
train,language,,ar,uniq_superbpe,65536,17,199
train,language,,ar,uniq_superbpe,65536,18,9
train,language,,ar,uniq_superbpe,65536,19,50
train,language,,ar,uniq_superbpe,65536,21,54
train,language,,ar,uniq_superbpe,65536,23,22
train,language,,ar,uniq_superbpe,65536,30,1
train,language,,bg,uniq_superbpe,65536,1,6935
train,language,,bg,uniq_superbpe,65536,2,4344
train,language,,bg,uniq_superbpe,65536,3,3823
train,language,,bg,uniq_superbpe,65536,4,5267
train,language,,bg,uniq_superbpe,65536,5,5585
train,language,,bg,uniq_superbpe,65536,6,5365
train,language,,bg,uniq_superbpe,65536,7,2850
train,language,,bg,uniq_superbpe,65536,8,2823
train,language,,bg,uniq_superbpe,65536,9,2046
train,language,,bg,uniq_superbpe,65536,10,1188
train,language,,bg,uniq_superbpe,65536,11,1478
train,language,,bg,uniq_superbpe,65536,12,551
train,language,,bg,uniq_superbpe,65536,13,984
train,language,,bg,uniq_superbpe,65536,14,232
train,language,,bg,uniq_superbpe,65536,15,616
train,language,,bg,uniq_superbpe,65536,16,76
train,language,,bg,uniq_superbpe,65536,17,391
train,language,,bg,uniq_superbpe,65536,18,99
train,language,,bg,uniq_superbpe,65536,19,191
train,language,,bg,uniq_superbpe,65536,20,29
train,language,,bg,uniq_superbpe,65536,21,168
train,language,,bg,uniq_superbpe,65536,22,6
train,language,,bg,uniq_superbpe,65536,23,81
train,language,,bg,uniq_superbpe,65536,25,21
train,language,,bg,uniq_superbpe,65536,29,3
train,language,,bn,uniq_superbpe,65536,1,6052
train,language,,bn,uniq_superbpe,65536,2,367
train,language,,bn,uniq_superbpe,65536,3,8538
train,language,,bn,uniq_superbpe,65536,4,608
train,language,,bn,uniq_superbpe,65536,5,91
train,language,,bn,uniq_superbpe,65536,6,10217
train,language,,bn,uniq_superbpe,65536,7,6886
train,language,,bn,uniq_superbpe,65536,8,17
train,language,,bn,uniq_superbpe,65536,9,2953
train,language,,bn,uniq_superbpe,65536,10,3129
train,language,,bn,uniq_superbpe,65536,11,15
train,language,,bn,uniq_superbpe,65536,12,1739
train,language,,bn,uniq_superbpe,65536,13,1599
train,language,,bn,uniq_superbpe,65536,14,1
train,language,,bn,uniq_superbpe,65536,15,203
train,language,,bn,uniq_superbpe,65536,16,889
train,language,,bn,uniq_superbpe,65536,18,53
train,language,,bn,uniq_superbpe,65536,19,333
train,language,,bn,uniq_superbpe,65536,20,26
train,language,,bn,uniq_superbpe,65536,21,12
train,language,,bn,uniq_superbpe,65536,22,141
train,language,,bn,uniq_superbpe,65536,23,14
train,language,,bn,uniq_superbpe,65536,24,39
train,language,,bn,uniq_superbpe,65536,25,86
train,language,,bn,uniq_superbpe,65536,26,27
train,language,,bn,uniq_superbpe,65536,28,26
train,language,,bn,uniq_superbpe,65536,29,33
train,language,,bn,uniq_superbpe,65536,30,1
train,language,,bn,uniq_superbpe,65536,35,3
train,language,,c,uniq_superbpe,65536,1,56558
train,language,,c,uniq_superbpe,65536,2,15694
train,language,,c,uniq_superbpe,65536,3,10182
train,language,,c,uniq_superbpe,65536,4,8147
train,language,,c,uniq_superbpe,65536,5,4564
train,language,,c,uniq_superbpe,65536,6,4677
train,language,,c,uniq_superbpe,65536,7,2768
train,language,,c,uniq_superbpe,65536,8,1665
train,language,,c,uniq_superbpe,65536,9,731
train,language,,c,uniq_superbpe,65536,10,870
train,language,,c,uniq_superbpe,65536,11,366
train,language,,c,uniq_superbpe,65536,12,225
train,language,,c,uniq_superbpe,65536,13,163
train,language,,c,uniq_superbpe,65536,14,133
train,language,,c,uniq_superbpe,65536,15,122
train,language,,c,uniq_superbpe,65536,16,451
train,language,,cpp,uniq_superbpe,65536,1,147616
train,language,,cpp,uniq_superbpe,65536,2,33426
train,language,,cpp,uniq_superbpe,65536,3,28334
train,language,,cpp,uniq_superbpe,65536,4,17285
train,language,,cpp,uniq_superbpe,65536,5,9629
train,language,,cpp,uniq_superbpe,65536,6,12167
train,language,,cpp,uniq_superbpe,65536,7,6734
train,language,,cpp,uniq_superbpe,65536,8,3966
train,language,,cpp,uniq_superbpe,65536,9,1913
train,language,,cpp,uniq_superbpe,65536,10,1924
train,language,,cpp,uniq_superbpe,65536,11,1074
train,language,,cpp,uniq_superbpe,65536,12,897
train,language,,cpp,uniq_superbpe,65536,13,1279
train,language,,cpp,uniq_superbpe,65536,14,317
train,language,,cpp,uniq_superbpe,65536,15,1737
train,language,,cpp,uniq_superbpe,65536,16,3800
train,language,,en,uniq_superbpe,65536,1,7045
train,language,,en,uniq_superbpe,65536,2,4045
train,language,,en,uniq_superbpe,65536,3,6756
train,language,,en,uniq_superbpe,65536,4,5045
train,language,,en,uniq_superbpe,65536,5,3858
train,language,,en,uniq_superbpe,65536,6,2099
train,language,,en,uniq_superbpe,65536,7,1746
train,language,,en,uniq_superbpe,65536,8,1241
train,language,,en,uniq_superbpe,65536,9,924
train,language,,en,uniq_superbpe,65536,10,515
train,language,,en,uniq_superbpe,65536,11,237
train,language,,en,uniq_superbpe,65536,12,143
train,language,,en,uniq_superbpe,65536,13,59
train,language,,en,uniq_superbpe,65536,14,35
train,language,,en,uniq_superbpe,65536,15,8
train,language,,en,uniq_superbpe,65536,16,10
train,language,,fa,uniq_superbpe,65536,1,3974
train,language,,fa,uniq_superbpe,65536,2,3261
train,language,,fa,uniq_superbpe,65536,3,2121
train,language,,fa,uniq_superbpe,65536,4,2740
train,language,,fa,uniq_superbpe,65536,5,5286
train,language,,fa,uniq_superbpe,65536,6,2434
train,language,,fa,uniq_superbpe,65536,7,4061
train,language,,fa,uniq_superbpe,65536,8,1132
train,language,,fa,uniq_superbpe,65536,9,3353
train,language,,fa,uniq_superbpe,65536,10,459
train,language,,fa,uniq_superbpe,65536,11,2359
train,language,,fa,uniq_superbpe,65536,12,398
train,language,,fa,uniq_superbpe,65536,13,819
train,language,,fa,uniq_superbpe,65536,14,152
train,language,,fa,uniq_superbpe,65536,15,553
train,language,,fa,uniq_superbpe,65536,16,119
train,language,,fa,uniq_superbpe,65536,17,107
train,language,,fa,uniq_superbpe,65536,18,59
train,language,,fa,uniq_superbpe,65536,19,9
train,language,,fa,uniq_superbpe,65536,20,34
train,language,,fa,uniq_superbpe,65536,21,1
train,language,,fa,uniq_superbpe,65536,22,6
train,language,,fa,uniq_superbpe,65536,25,2
train,language,,go,uniq_superbpe,65536,1,76632
train,language,,go,uniq_superbpe,65536,2,20103
train,language,,go,uniq_superbpe,65536,3,20937
train,language,,go,uniq_superbpe,65536,4,18966
train,language,,go,uniq_superbpe,65536,5,11098
train,language,,go,uniq_superbpe,65536,6,8093
train,language,,go,uniq_superbpe,65536,7,7746
train,language,,go,uniq_superbpe,65536,8,4236
train,language,,go,uniq_superbpe,65536,9,2385
train,language,,go,uniq_superbpe,65536,10,1306
train,language,,go,uniq_superbpe,65536,11,574
train,language,,go,uniq_superbpe,65536,12,709
train,language,,go,uniq_superbpe,65536,13,322
train,language,,go,uniq_superbpe,65536,14,121
train,language,,go,uniq_superbpe,65536,15,300
train,language,,go,uniq_superbpe,65536,16,441
train,language,,gu,uniq_superbpe,65536,1,6451
train,language,,gu,uniq_superbpe,65536,2,623
train,language,,gu,uniq_superbpe,65536,3,5449
train,language,,gu,uniq_superbpe,65536,4,1503
train,language,,gu,uniq_superbpe,65536,5,137
train,language,,gu,uniq_superbpe,65536,6,9198
train,language,,gu,uniq_superbpe,65536,7,8083
train,language,,gu,uniq_superbpe,65536,8,42
train,language,,gu,uniq_superbpe,65536,9,3140
train,language,,gu,uniq_superbpe,65536,10,3721
train,language,,gu,uniq_superbpe,65536,11,5
train,language,,gu,uniq_superbpe,65536,12,1081
train,language,,gu,uniq_superbpe,65536,13,1433
train,language,,gu,uniq_superbpe,65536,14,67
train,language,,gu,uniq_superbpe,65536,15,203
train,language,,gu,uniq_superbpe,65536,16,597
train,language,,gu,uniq_superbpe,65536,17,235
train,language,,gu,uniq_superbpe,65536,18,68
train,language,,gu,uniq_superbpe,65536,19,260
train,language,,gu,uniq_superbpe,65536,20,18
train,language,,gu,uniq_superbpe,65536,22,32
train,language,,gu,uniq_superbpe,65536,25,19
train,language,,gu,uniq_superbpe,65536,26,31
train,language,,gu,uniq_superbpe,65536,32,7
train,language,,hi,uniq_superbpe,65536,1,7137
train,language,,hi,uniq_superbpe,65536,2,605
train,language,,hi,uniq_superbpe,65536,3,7250
train,language,,hi,uniq_superbpe,65536,4,607
train,language,,hi,uniq_superbpe,65536,5,68
train,language,,hi,uniq_superbpe,65536,6,9110
train,language,,hi,uniq_superbpe,65536,7,13956
train,language,,hi,uniq_superbpe,65536,8,30
train,language,,hi,uniq_superbpe,65536,9,2950
train,language,,hi,uniq_superbpe,65536,10,4125
train,language,,hi,uniq_superbpe,65536,11,3
train,language,,hi,uniq_superbpe,65536,12,887
train,language,,hi,uniq_superbpe,65536,13,2553
train,language,,hi,uniq_superbpe,65536,14,112
train,language,,hi,uniq_superbpe,65536,15,248
train,language,,hi,uniq_superbpe,65536,16,707
train,language,,hi,uniq_superbpe,65536,17,391
train,language,,hi,uniq_superbpe,65536,18,39
train,language,,hi,uniq_superbpe,65536,19,226
train,language,,hi,uniq_superbpe,65536,20,368
train,language,,hi,uniq_superbpe,65536,21,12
train,language,,hi,uniq_superbpe,65536,22,81
train,language,,hi,uniq_superbpe,65536,23,151
train,language,,hi,uniq_superbpe,65536,24,4
train,language,,hi,uniq_superbpe,65536,25,36
train,language,,hi,uniq_superbpe,65536,26,6
train,language,,hi,uniq_superbpe,65536,27,11
train,language,,hi,uniq_superbpe,65536,28,1
train,language,,hi,uniq_superbpe,65536,30,100
train,language,,ja,uniq_superbpe,65536,1,15602
train,language,,ja,uniq_superbpe,65536,2,4652
train,language,,ja,uniq_superbpe,65536,3,35476
train,language,,ja,uniq_superbpe,65536,4,2071
train,language,,ja,uniq_superbpe,65536,5,304
train,language,,ja,uniq_superbpe,65536,6,9876
train,language,,ja,uniq_superbpe,65536,7,903
train,language,,ja,uniq_superbpe,65536,8,72
train,language,,ja,uniq_superbpe,65536,9,4889
train,language,,ja,uniq_superbpe,65536,10,786
train,language,,ja,uniq_superbpe,65536,11,16
train,language,,ja,uniq_superbpe,65536,12,4607
train,language,,ja,uniq_superbpe,65536,13,2
train,language,,ja,uniq_superbpe,65536,14,2
train,language,,ja,uniq_superbpe,65536,15,85
train,language,,ja,uniq_superbpe,65536,16,62
train,language,,ja,uniq_superbpe,65536,18,53
train,language,,ja,uniq_superbpe,65536,21,16
train,language,,ja,uniq_superbpe,65536,24,10
train,language,,java,uniq_superbpe,65536,1,25573
train,language,,java,uniq_superbpe,65536,2,4265
train,language,,java,uniq_superbpe,65536,3,4947
train,language,,java,uniq_superbpe,65536,4,4786
train,language,,java,uniq_superbpe,65536,5,2443
train,language,,java,uniq_superbpe,65536,6,2495
train,language,,java,uniq_superbpe,65536,7,2002
train,language,,java,uniq_superbpe,65536,8,803
train,language,,java,uniq_superbpe,65536,9,906
train,language,,java,uniq_superbpe,65536,10,508
train,language,,java,uniq_superbpe,65536,11,413
train,language,,java,uniq_superbpe,65536,12,667
train,language,,java,uniq_superbpe,65536,13,518
train,language,,java,uniq_superbpe,65536,14,413
train,language,,java,uniq_superbpe,65536,15,149
train,language,,java,uniq_superbpe,65536,16,1206
train,language,,javascript,uniq_superbpe,65536,1,23341
train,language,,javascript,uniq_superbpe,65536,2,7880
train,language,,javascript,uniq_superbpe,65536,3,3898
train,language,,javascript,uniq_superbpe,65536,4,2707
train,language,,javascript,uniq_superbpe,65536,5,1859
train,language,,javascript,uniq_superbpe,65536,6,1699
train,language,,javascript,uniq_superbpe,65536,7,1184
train,language,,javascript,uniq_superbpe,65536,8,807
train,language,,javascript,uniq_superbpe,65536,9,519
train,language,,javascript,uniq_superbpe,65536,10,305
train,language,,javascript,uniq_superbpe,65536,11,217
train,language,,javascript,uniq_superbpe,65536,12,105
train,language,,javascript,uniq_superbpe,65536,13,85
train,language,,javascript,uniq_superbpe,65536,14,76
train,language,,javascript,uniq_superbpe,65536,15,58
train,language,,javascript,uniq_superbpe,65536,16,138
train,language,,kn,uniq_superbpe,65536,1,12411
train,language,,kn,uniq_superbpe,65536,2,3464
train,language,,kn,uniq_superbpe,65536,3,9462
train,language,,kn,uniq_superbpe,65536,4,1229
train,language,,kn,uniq_superbpe,65536,5,147
train,language,,kn,uniq_superbpe,65536,6,30944
train,language,,kn,uniq_superbpe,65536,7,9901
train,language,,kn,uniq_superbpe,65536,8,30
train,language,,kn,uniq_superbpe,65536,9,7581
train,language,,kn,uniq_superbpe,65536,10,5124
train,language,,kn,uniq_superbpe,65536,11,5
train,language,,kn,uniq_superbpe,65536,12,1335
train,language,,kn,uniq_superbpe,65536,13,696
train,language,,kn,uniq_superbpe,65536,14,51
train,language,,kn,uniq_superbpe,65536,15,140
train,language,,kn,uniq_superbpe,65536,16,89
train,language,,kn,uniq_superbpe,65536,18,4
train,language,,kn,uniq_superbpe,65536,19,11
train,language,,kn,uniq_superbpe,65536,21,1
train,language,,ko,uniq_superbpe,65536,1,7925
train,language,,ko,uniq_superbpe,65536,2,1007
train,language,,ko,uniq_superbpe,65536,3,17022
train,language,,ko,uniq_superbpe,65536,4,6612
train,language,,ko,uniq_superbpe,65536,5,94
train,language,,ko,uniq_superbpe,65536,6,4050
train,language,,ko,uniq_superbpe,65536,7,6737
train,language,,ko,uniq_superbpe,65536,8,38
train,language,,ko,uniq_superbpe,65536,9,697
train,language,,ko,uniq_superbpe,65536,10,2327
train,language,,ko,uniq_superbpe,65536,11,36
train,language,,ko,uniq_superbpe,65536,12,929
train,language,,ko,uniq_superbpe,65536,13,10
train,language,,ko,uniq_superbpe,65536,14,20
train,language,,ml,uniq_superbpe,65536,1,3766
train,language,,ml,uniq_superbpe,65536,2,472
train,language,,ml,uniq_superbpe,65536,3,2893
train,language,,ml,uniq_superbpe,65536,4,974
train,language,,ml,uniq_superbpe,65536,5,52
train,language,,ml,uniq_superbpe,65536,6,6514
train,language,,ml,uniq_superbpe,65536,7,2974
train,language,,ml,uniq_superbpe,65536,8,23
train,language,,ml,uniq_superbpe,65536,9,2655
train,language,,ml,uniq_superbpe,65536,10,832
train,language,,ml,uniq_superbpe,65536,11,2
train,language,,ml,uniq_superbpe,65536,12,2782
train,language,,ml,uniq_superbpe,65536,13,429
train,language,,ml,uniq_superbpe,65536,15,977
train,language,,ml,uniq_superbpe,65536,16,576
train,language,,ml,uniq_superbpe,65536,18,220
train,language,,ml,uniq_superbpe,65536,19,236
train,language,,ml,uniq_superbpe,65536,21,137
train,language,,ml,uniq_superbpe,65536,22,64
train,language,,ml,uniq_superbpe,65536,24,36
train,language,,ml,uniq_superbpe,65536,25,48
train,language,,ml,uniq_superbpe,65536,27,11
train,language,,ml,uniq_superbpe,65536,28,29
train,language,,ml,uniq_superbpe,65536,34,3
train,language,,mr,uniq_superbpe,65536,1,7966
train,language,,mr,uniq_superbpe,65536,2,629
train,language,,mr,uniq_superbpe,65536,3,8246
train,language,,mr,uniq_superbpe,65536,4,1106
train,language,,mr,uniq_superbpe,65536,5,134
train,language,,mr,uniq_superbpe,65536,6,13434
train,language,,mr,uniq_superbpe,65536,7,9774
train,language,,mr,uniq_superbpe,65536,8,98
train,language,,mr,uniq_superbpe,65536,9,3727
train,language,,mr,uniq_superbpe,65536,10,3957
train,language,,mr,uniq_superbpe,65536,11,13
train,language,,mr,uniq_superbpe,65536,12,2483
train,language,,mr,uniq_superbpe,65536,13,1578
train,language,,mr,uniq_superbpe,65536,14,42
train,language,,mr,uniq_superbpe,65536,15,842
train,language,,mr,uniq_superbpe,65536,16,1106
train,language,,mr,uniq_superbpe,65536,18,160
train,language,,mr,uniq_superbpe,65536,19,500
train,language,,mr,uniq_superbpe,65536,20,1
train,language,,mr,uniq_superbpe,65536,21,45
train,language,,mr,uniq_superbpe,65536,22,137
train,language,,mr,uniq_superbpe,65536,23,13
train,language,,mr,uniq_superbpe,65536,24,13
train,language,,mr,uniq_superbpe,65536,25,53
train,language,,mr,uniq_superbpe,65536,26,17
train,language,,mr,uniq_superbpe,65536,28,1
train,language,,mr,uniq_superbpe,65536,33,7
train,language,,python,uniq_superbpe,65536,1,25545
train,language,,python,uniq_superbpe,65536,2,5367
train,language,,python,uniq_superbpe,65536,3,5936
train,language,,python,uniq_superbpe,65536,4,6637
train,language,,python,uniq_superbpe,65536,5,4122
train,language,,python,uniq_superbpe,65536,6,3248
train,language,,python,uniq_superbpe,65536,7,2363
train,language,,python,uniq_superbpe,65536,8,1161
train,language,,python,uniq_superbpe,65536,9,968
train,language,,python,uniq_superbpe,65536,10,709
train,language,,python,uniq_superbpe,65536,11,500
train,language,,python,uniq_superbpe,65536,12,202
train,language,,python,uniq_superbpe,65536,13,117
train,language,,python,uniq_superbpe,65536,14,445
train,language,,python,uniq_superbpe,65536,15,182
train,language,,python,uniq_superbpe,65536,16,774
train,language,,ru,uniq_superbpe,65536,1,5610
train,language,,ru,uniq_superbpe,65536,2,4882
train,language,,ru,uniq_superbpe,65536,3,3021
train,language,,ru,uniq_superbpe,65536,4,5383
train,language,,ru,uniq_superbpe,65536,5,3089
train,language,,ru,uniq_superbpe,65536,6,5084
train,language,,ru,uniq_superbpe,65536,7,2957
train,language,,ru,uniq_superbpe,65536,8,2860
train,language,,ru,uniq_superbpe,65536,9,1651
train,language,,ru,uniq_superbpe,65536,10,1238
train,language,,ru,uniq_superbpe,65536,11,1450
train,language,,ru,uniq_superbpe,65536,12,489
train,language,,ru,uniq_superbpe,65536,13,907
train,language,,ru,uniq_superbpe,65536,14,305
train,language,,ru,uniq_superbpe,65536,15,640
train,language,,ru,uniq_superbpe,65536,16,109
train,language,,ru,uniq_superbpe,65536,17,417
train,language,,ru,uniq_superbpe,65536,18,55
train,language,,ru,uniq_superbpe,65536,19,202
train,language,,ru,uniq_superbpe,65536,20,16
train,language,,ru,uniq_superbpe,65536,21,141
train,language,,ru,uniq_superbpe,65536,22,4
train,language,,ru,uniq_superbpe,65536,23,106
train,language,,ru,uniq_superbpe,65536,24,1
train,language,,ru,uniq_superbpe,65536,25,42
train,language,,ru,uniq_superbpe,65536,27,33
train,language,,ru,uniq_superbpe,65536,29,5
train,language,,ru,uniq_superbpe,65536,31,2
train,language,,rust,uniq_superbpe,65536,1,66647
train,language,,rust,uniq_superbpe,65536,2,12904
train,language,,rust,uniq_superbpe,65536,3,13737
train,language,,rust,uniq_superbpe,65536,4,11303
train,language,,rust,uniq_superbpe,65536,5,6967
train,language,,rust,uniq_superbpe,65536,6,6318
train,language,,rust,uniq_superbpe,65536,7,3969
train,language,,rust,uniq_superbpe,65536,8,2736
train,language,,rust,uniq_superbpe,65536,9,1489
train,language,,rust,uniq_superbpe,65536,10,1147
train,language,,rust,uniq_superbpe,65536,11,1003
train,language,,rust,uniq_superbpe,65536,12,751
train,language,,rust,uniq_superbpe,65536,13,354
train,language,,rust,uniq_superbpe,65536,14,703
train,language,,rust,uniq_superbpe,65536,15,660
train,language,,rust,uniq_superbpe,65536,16,2181
train,language,,sql,uniq_superbpe,65536,1,122525
train,language,,sql,uniq_superbpe,65536,2,28696
train,language,,sql,uniq_superbpe,65536,3,60645
train,language,,sql,uniq_superbpe,65536,4,19242
train,language,,sql,uniq_superbpe,65536,5,9190
train,language,,sql,uniq_superbpe,65536,6,10919
train,language,,sql,uniq_superbpe,65536,7,5124
train,language,,sql,uniq_superbpe,65536,8,5396
train,language,,sql,uniq_superbpe,65536,9,2277
train,language,,sql,uniq_superbpe,65536,10,1488
train,language,,sql,uniq_superbpe,65536,11,2540
train,language,,sql,uniq_superbpe,65536,12,4635
train,language,,sql,uniq_superbpe,65536,13,6215
train,language,,sql,uniq_superbpe,65536,14,2584
train,language,,sql,uniq_superbpe,65536,15,2452
train,language,,sql,uniq_superbpe,65536,16,3801
train,language,,sw,uniq_superbpe,65536,1,22787
train,language,,sw,uniq_superbpe,65536,2,23616
train,language,,sw,uniq_superbpe,65536,3,37649
train,language,,sw,uniq_superbpe,65536,4,13438
train,language,,sw,uniq_superbpe,65536,5,4529
train,language,,sw,uniq_superbpe,65536,6,2125
train,language,,sw,uniq_superbpe,65536,7,1837
train,language,,sw,uniq_superbpe,65536,8,541
train,language,,sw,uniq_superbpe,65536,9,643
train,language,,sw,uniq_superbpe,65536,10,332
train,language,,sw,uniq_superbpe,65536,11,65
train,language,,sw,uniq_superbpe,65536,12,61
train,language,,sw,uniq_superbpe,65536,13,71
train,language,,sw,uniq_superbpe,65536,14,5
train,language,,sw,uniq_superbpe,65536,15,124
train,language,,sw,uniq_superbpe,65536,16,9
train,language,,ta,uniq_superbpe,65536,1,4437
train,language,,ta,uniq_superbpe,65536,2,385
train,language,,ta,uniq_superbpe,65536,3,2785
train,language,,ta,uniq_superbpe,65536,4,361
train,language,,ta,uniq_superbpe,65536,5,56
train,language,,ta,uniq_superbpe,65536,6,17418
train,language,,ta,uniq_superbpe,65536,7,4111
train,language,,ta,uniq_superbpe,65536,8,6
train,language,,ta,uniq_superbpe,65536,9,4549
train,language,,ta,uniq_superbpe,65536,10,3225
train,language,,ta,uniq_superbpe,65536,11,3
train,language,,ta,uniq_superbpe,65536,12,294
train,language,,ta,uniq_superbpe,65536,13,685
train,language,,ta,uniq_superbpe,65536,15,11
train,language,,ta,uniq_superbpe,65536,16,107
train,language,,ta,uniq_superbpe,65536,17,20
train,language,,ta,uniq_superbpe,65536,19,78
train,language,,ta,uniq_superbpe,65536,22,43
train,language,,ta,uniq_superbpe,65536,28,15
train,language,,te,uniq_superbpe,65536,1,6729
train,language,,te,uniq_superbpe,65536,2,678
train,language,,te,uniq_superbpe,65536,3,4141
train,language,,te,uniq_superbpe,65536,4,1069
train,language,,te,uniq_superbpe,65536,5,100
train,language,,te,uniq_superbpe,65536,6,16109
train,language,,te,uniq_superbpe,65536,7,6768
train,language,,te,uniq_superbpe,65536,8,16
train,language,,te,uniq_superbpe,65536,9,3943
train,language,,te,uniq_superbpe,65536,10,1916
train,language,,te,uniq_superbpe,65536,11,44
train,language,,te,uniq_superbpe,65536,12,2332
train,language,,te,uniq_superbpe,65536,13,983
train,language,,te,uniq_superbpe,65536,15,529
train,language,,te,uniq_superbpe,65536,16,995
train,language,,te,uniq_superbpe,65536,18,172
train,language,,te,uniq_superbpe,65536,19,161
train,language,,te,uniq_superbpe,65536,21,27
train,language,,te,uniq_superbpe,65536,22,97
train,language,,te,uniq_superbpe,65536,24,9
train,language,,te,uniq_superbpe,65536,25,44
train,language,,te,uniq_superbpe,65536,28,30
train,language,,typescript,uniq_superbpe,65536,1,109434
train,language,,typescript,uniq_superbpe,65536,2,25047
train,language,,typescript,uniq_superbpe,65536,3,18196
train,language,,typescript,uniq_superbpe,65536,4,16515
train,language,,typescript,uniq_superbpe,65536,5,9198
train,language,,typescript,uniq_superbpe,65536,6,9229
train,language,,typescript,uniq_superbpe,65536,7,4385
train,language,,typescript,uniq_superbpe,65536,8,3265
train,language,,typescript,uniq_superbpe,65536,9,2182
train,language,,typescript,uniq_superbpe,65536,10,2419
train,language,,typescript,uniq_superbpe,65536,11,7719
train,language,,typescript,uniq_superbpe,65536,12,1003
train,language,,typescript,uniq_superbpe,65536,13,1640
train,language,,typescript,uniq_superbpe,65536,14,3044
train,language,,typescript,uniq_superbpe,65536,15,2579
train,language,,typescript,uniq_superbpe,65536,16,3322
train,language,,uk,uniq_superbpe,65536,1,4922
train,language,,uk,uniq_superbpe,65536,2,4878
train,language,,uk,uniq_superbpe,65536,3,2776
train,language,,uk,uniq_superbpe,65536,4,4816
train,language,,uk,uniq_superbpe,65536,5,2761
train,language,,uk,uniq_superbpe,65536,6,4467
train,language,,uk,uniq_superbpe,65536,7,2155
train,language,,uk,uniq_superbpe,65536,8,2208
train,language,,uk,uniq_superbpe,65536,9,1361
train,language,,uk,uniq_superbpe,65536,10,1007
train,language,,uk,uniq_superbpe,65536,11,975
train,language,,uk,uniq_superbpe,65536,12,421
train,language,,uk,uniq_superbpe,65536,13,645
train,language,,uk,uniq_superbpe,65536,14,128
train,language,,uk,uniq_superbpe,65536,15,512
train,language,,uk,uniq_superbpe,65536,16,49
train,language,,uk,uniq_superbpe,65536,17,297
train,language,,uk,uniq_superbpe,65536,18,32
train,language,,uk,uniq_superbpe,65536,19,167
train,language,,uk,uniq_superbpe,65536,20,4
train,language,,uk,uniq_superbpe,65536,21,109
train,language,,uk,uniq_superbpe,65536,23,21
train,language,,uk,uniq_superbpe,65536,25,15
train,language,,uk,uniq_superbpe,65536,27,6
train,language,,uk,uniq_superbpe,65536,29,6
train,language,,ur,uniq_superbpe,65536,1,8058
train,language,,ur,uniq_superbpe,65536,2,8661
train,language,,ur,uniq_superbpe,65536,3,3185
train,language,,ur,uniq_superbpe,65536,4,6459
train,language,,ur,uniq_superbpe,65536,5,14822
train,language,,ur,uniq_superbpe,65536,6,3973
train,language,,ur,uniq_superbpe,65536,7,11453
train,language,,ur,uniq_superbpe,65536,8,1057
train,language,,ur,uniq_superbpe,65536,9,7307
train,language,,ur,uniq_superbpe,65536,10,956
train,language,,ur,uniq_superbpe,65536,11,3654
train,language,,ur,uniq_superbpe,65536,12,906
train,language,,ur,uniq_superbpe,65536,13,1237
train,language,,ur,uniq_superbpe,65536,14,806
train,language,,ur,uniq_superbpe,65536,15,570
train,language,,ur,uniq_superbpe,65536,16,501
train,language,,ur,uniq_superbpe,65536,17,132
train,language,,ur,uniq_superbpe,65536,18,131
train,language,,ur,uniq_superbpe,65536,19,68
train,language,,ur,uniq_superbpe,65536,20,42
train,language,,ur,uniq_superbpe,65536,21,168
train,language,,ur,uniq_superbpe,65536,22,39
train,language,,ur,uniq_superbpe,65536,24,51
train,language,,ur,uniq_superbpe,65536,26,4
train,language,,ur,uniq_superbpe,65536,27,5
train,language,,ur,uniq_superbpe,65536,29,3
train,language,,yo,uniq_superbpe,65536,1,10320
train,language,,yo,uniq_superbpe,65536,2,8860
train,language,,yo,uniq_superbpe,65536,3,13785
train,language,,yo,uniq_superbpe,65536,4,5990
train,language,,yo,uniq_superbpe,65536,5,3020
train,language,,yo,uniq_superbpe,65536,6,809
train,language,,yo,uniq_superbpe,65536,7,1199
train,language,,yo,uniq_superbpe,65536,8,751
train,language,,yo,uniq_superbpe,65536,9,403
train,language,,yo,uniq_superbpe,65536,10,439
train,language,,yo,uniq_superbpe,65536,11,299
train,language,,yo,uniq_superbpe,65536,12,158
train,language,,yo,uniq_superbpe,65536,13,92
train,language,,yo,uniq_superbpe,65536,14,82
train,language,,yo,uniq_superbpe,65536,15,64
train,language,,yo,uniq_superbpe,65536,16,6
train,language,,yo,uniq_superbpe,65536,17,29
train,language,,yo,uniq_superbpe,65536,18,11
train,language,,yo,uniq_superbpe,65536,23,30
train,language,,zh,uniq_superbpe,65536,1,25774
train,language,,zh,uniq_superbpe,65536,2,7296
train,language,,zh,uniq_superbpe,65536,3,62669
train,language,,zh,uniq_superbpe,65536,4,2926
train,language,,zh,uniq_superbpe,65536,5,216
train,language,,zh,uniq_superbpe,65536,6,19245
train,language,,zh,uniq_superbpe,65536,7,5404
train,language,,zh,uniq_superbpe,65536,8,38
train,language,,zh,uniq_superbpe,65536,9,5970
train,language,,zh,uniq_superbpe,65536,10,2322
train,language,,zh,uniq_superbpe,65536,11,11
train,language,,zh,uniq_superbpe,65536,12,11169
train,language,,zh,uniq_superbpe,65536,13,253
train,language,,zh,uniq_superbpe,65536,15,124
train,language,,zh,uniq_superbpe,65536,16,71
train,domain,code,,uniq_superbpe,65536,1,653871
train,domain,code,,uniq_superbpe,65536,2,153382
train,domain,code,,uniq_superbpe,65536,3,166812
train,domain,code,,uniq_superbpe,65536,4,105588
train,domain,code,,uniq_superbpe,65536,5,59070
train,domain,code,,uniq_superbpe,65536,6,58845
train,domain,code,,uniq_superbpe,65536,7,36275
train,domain,code,,uniq_superbpe,65536,8,24035
train,domain,code,,uniq_superbpe,65536,9,13370
train,domain,code,,uniq_superbpe,65536,10,10676
train,domain,code,,uniq_superbpe,65536,11,14406
train,domain,code,,uniq_superbpe,65536,12,9194
train,domain,code,,uniq_superbpe,65536,13,10693
train,domain,code,,uniq_superbpe,65536,14,7836
train,domain,code,,uniq_superbpe,65536,15,8239
train,domain,code,,uniq_superbpe,65536,16,16114
train,domain,cyrillic_african,,uniq_superbpe,65536,1,58975
train,domain,cyrillic_african,,uniq_superbpe,65536,2,47696
train,domain,cyrillic_african,,uniq_superbpe,65536,3,79501
train,domain,cyrillic_african,,uniq_superbpe,65536,4,40242
train,domain,cyrillic_african,,uniq_superbpe,65536,5,19078
train,domain,cyrillic_african,,uniq_superbpe,65536,6,27821
train,domain,cyrillic_african,,uniq_superbpe,65536,7,19230
train,domain,cyrillic_african,,uniq_superbpe,65536,8,9225
train,domain,cyrillic_african,,uniq_superbpe,65536,9,8618
train,domain,cyrillic_african,,uniq_superbpe,65536,10,10559
train,domain,cyrillic_african,,uniq_superbpe,65536,11,4304
train,domain,cyrillic_african,,uniq_superbpe,65536,12,2557
train,domain,cyrillic_african,,uniq_superbpe,65536,13,6147
train,domain,cyrillic_african,,uniq_superbpe,65536,14,759
train,domain,cyrillic_african,,uniq_superbpe,65536,15,2141
train,domain,cyrillic_african,,uniq_superbpe,65536,16,1782
train,domain,cyrillic_african,,uniq_superbpe,65536,17,1153
train,domain,cyrillic_african,,uniq_superbpe,65536,18,246
train,domain,cyrillic_african,,uniq_superbpe,65536,19,1140
train,domain,cyrillic_african,,uniq_superbpe,65536,20,49
train,domain,cyrillic_african,,uniq_superbpe,65536,21,431
train,domain,cyrillic_african,,uniq_superbpe,65536,22,125
train,domain,cyrillic_african,,uniq_superbpe,65536,23,238
train,domain,cyrillic_african,,uniq_superbpe,65536,24,9
train,domain,cyrillic_african,,uniq_superbpe,65536,25,92
train,domain,cyrillic_african,,uniq_superbpe,65536,27,39
train,domain,cyrillic_african,,uniq_superbpe,65536,28,1
train,domain,cyrillic_african,,uniq_superbpe,65536,29,14
train,domain,cyrillic_african,,uniq_superbpe,65536,31,2
train,domain,indic_cjk_arabic,,uniq_superbpe,65536,1,123178
train,domain,indic_cjk_arabic,,uniq_superbpe,65536,2,36686
train,domain,indic_cjk_arabic,,uniq_superbpe,65536,3,171784
train,domain,indic_cjk_arabic,,uniq_superbpe,65536,4,34484
train,domain,indic_cjk_arabic,,uniq_superbpe,65536,5,26867
train,domain,indic_cjk_arabic,,uniq_superbpe,65536,6,157019
train,domain,indic_cjk_arabic,,uniq_superbpe,65536,7,95052
train,domain,indic_cjk_arabic,,uniq_superbpe,65536,8,4112
train,domain,indic_cjk_arabic,,uniq_superbpe,65536,9,56281
train,domain,indic_cjk_arabic,,uniq_superbpe,65536,10,33676
train,domain,indic_cjk_arabic,,uniq_superbpe,65536,11,7415
train,domain,indic_cjk_arabic,,uniq_superbpe,65536,12,31196
train,domain,indic_cjk_arabic,,uniq_superbpe,65536,13,12920
train,domain,indic_cjk_arabic,,uniq_superbpe,65536,14,1369
train,domain,indic_cjk_arabic,,uniq_superbpe,65536,15,5034
train,domain,indic_cjk_arabic,,uniq_superbpe,65536,16,5836
train,domain,indic_cjk_arabic,,uniq_superbpe,65536,17,1084
train,domain,indic_cjk_arabic,,uniq_superbpe,65536,18,968
train,domain,indic_cjk_arabic,,uniq_superbpe,65536,19,1932
train,domain,indic_cjk_arabic,,uniq_superbpe,65536,20,489
train,domain,indic_cjk_arabic,,uniq_superbpe,65536,21,473
train,domain,indic_cjk_arabic,,uniq_superbpe,65536,22,640
train,domain,indic_cjk_arabic,,uniq_superbpe,65536,23,200
train,domain,indic_cjk_arabic,,uniq_superbpe,65536,24,162
train,domain,indic_cjk_arabic,,uniq_superbpe,65536,25,288
train,domain,indic_cjk_arabic,,uniq_superbpe,65536,26,85
train,domain,indic_cjk_arabic,,uniq_superbpe,65536,27,27
train,domain,indic_cjk_arabic,,uniq_superbpe,65536,28,102
train,domain,indic_cjk_arabic,,uniq_superbpe,65536,29,36
train,domain,indic_cjk_arabic,,uniq_superbpe,65536,30,102
train,domain,indic_cjk_arabic,,uniq_superbpe,65536,32,7
train,domain,indic_cjk_arabic,,uniq_superbpe,65536,33,7
train,domain,indic_cjk_arabic,,uniq_superbpe,65536,34,3
train,domain,indic_cjk_arabic,,uniq_superbpe,65536,35,3
train,domain,latin_english,,uniq_superbpe,65536,1,7045
train,domain,latin_english,,uniq_superbpe,65536,2,4045
train,domain,latin_english,,uniq_superbpe,65536,3,6756
train,domain,latin_english,,uniq_superbpe,65536,4,5045
train,domain,latin_english,,uniq_superbpe,65536,5,3858
train,domain,latin_english,,uniq_superbpe,65536,6,2099
train,domain,latin_english,,uniq_superbpe,65536,7,1746
train,domain,latin_english,,uniq_superbpe,65536,8,1241
train,domain,latin_english,,uniq_superbpe,65536,9,924
train,domain,latin_english,,uniq_superbpe,65536,10,515
train,domain,latin_english,,uniq_superbpe,65536,11,237
train,domain,latin_english,,uniq_superbpe,65536,12,143
train,domain,latin_english,,uniq_superbpe,65536,13,59
train,domain,latin_english,,uniq_superbpe,65536,14,35
train,domain,latin_english,,uniq_superbpe,65536,15,8
train,domain,latin_english,,uniq_superbpe,65536,16,10
train,aggregate,,,uniq_superbpe,65536,1,843069
train,aggregate,,,uniq_superbpe,65536,2,241809
train,aggregate,,,uniq_superbpe,65536,3,424853
train,aggregate,,,uniq_superbpe,65536,4,185359
train,aggregate,,,uniq_superbpe,65536,5,108873
train,aggregate,,,uniq_superbpe,65536,6,245784
train,aggregate,,,uniq_superbpe,65536,7,152303
train,aggregate,,,uniq_superbpe,65536,8,38613
train,aggregate,,,uniq_superbpe,65536,9,79193
train,aggregate,,,uniq_superbpe,65536,10,55426
train,aggregate,,,uniq_superbpe,65536,11,26362
train,aggregate,,,uniq_superbpe,65536,12,43090
train,aggregate,,,uniq_superbpe,65536,13,29819
train,aggregate,,,uniq_superbpe,65536,14,9999
train,aggregate,,,uniq_superbpe,65536,15,15422
train,aggregate,,,uniq_superbpe,65536,16,23742
train,aggregate,,,uniq_superbpe,65536,17,2237
train,aggregate,,,uniq_superbpe,65536,18,1214
train,aggregate,,,uniq_superbpe,65536,19,3072
train,aggregate,,,uniq_superbpe,65536,20,538
train,aggregate,,,uniq_superbpe,65536,21,904
train,aggregate,,,uniq_superbpe,65536,22,765
train,aggregate,,,uniq_superbpe,65536,23,438
train,aggregate,,,uniq_superbpe,65536,24,171
train,aggregate,,,uniq_superbpe,65536,25,380
train,aggregate,,,uniq_superbpe,65536,26,85
train,aggregate,,,uniq_superbpe,65536,27,66
train,aggregate,,,uniq_superbpe,65536,28,103
train,aggregate,,,uniq_superbpe,65536,29,50
train,aggregate,,,uniq_superbpe,65536,30,102
train,aggregate,,,uniq_superbpe,65536,31,2
train,aggregate,,,uniq_superbpe,65536,32,7
train,aggregate,,,uniq_superbpe,65536,33,7
train,aggregate,,,uniq_superbpe,65536,34,3
train,aggregate,,,uniq_superbpe,65536,35,3
validation,stratum,flores200,am,uniq_superbpe,65536,1,1039
validation,stratum,flores200,am,uniq_superbpe,65536,2,134
validation,stratum,flores200,am,uniq_superbpe,65536,3,5894
validation,stratum,flores200,am,uniq_superbpe,65536,4,1573
validation,stratum,flores200,am,uniq_superbpe,65536,5,8
validation,stratum,flores200,am,uniq_superbpe,65536,6,3130
validation,stratum,flores200,am,uniq_superbpe,65536,7,2467
validation,stratum,flores200,am,uniq_superbpe,65536,8,1
validation,stratum,flores200,am,uniq_superbpe,65536,9,737
validation,stratum,flores200,am,uniq_superbpe,65536,10,1681
validation,stratum,flores200,am,uniq_superbpe,65536,11,13
validation,stratum,flores200,am,uniq_superbpe,65536,12,231
validation,stratum,flores200,am,uniq_superbpe,65536,13,934
validation,stratum,flores200,am,uniq_superbpe,65536,15,43
validation,stratum,flores200,am,uniq_superbpe,65536,16,371
validation,stratum,flores200,am,uniq_superbpe,65536,17,13
validation,stratum,flores200,am,uniq_superbpe,65536,18,8
validation,stratum,flores200,am,uniq_superbpe,65536,19,122
validation,stratum,flores200,am,uniq_superbpe,65536,22,22
validation,stratum,flores200,am,uniq_superbpe,65536,25,1
validation,stratum,flores200,ar,uniq_superbpe,65536,1,2406
validation,stratum,flores200,ar,uniq_superbpe,65536,2,2059
validation,stratum,flores200,ar,uniq_superbpe,65536,3,870
validation,stratum,flores200,ar,uniq_superbpe,65536,4,3234
validation,stratum,flores200,ar,uniq_superbpe,65536,5,2467
validation,stratum,flores200,ar,uniq_superbpe,65536,6,2297
validation,stratum,flores200,ar,uniq_superbpe,65536,7,1952
validation,stratum,flores200,ar,uniq_superbpe,65536,8,694
validation,stratum,flores200,ar,uniq_superbpe,65536,9,1320
validation,stratum,flores200,ar,uniq_superbpe,65536,10,314
validation,stratum,flores200,ar,uniq_superbpe,65536,11,633
validation,stratum,flores200,ar,uniq_superbpe,65536,12,88
validation,stratum,flores200,ar,uniq_superbpe,65536,13,291
validation,stratum,flores200,ar,uniq_superbpe,65536,14,42
validation,stratum,flores200,ar,uniq_superbpe,65536,15,172
validation,stratum,flores200,ar,uniq_superbpe,65536,16,8
validation,stratum,flores200,ar,uniq_superbpe,65536,17,77
validation,stratum,flores200,ar,uniq_superbpe,65536,18,13
validation,stratum,flores200,ar,uniq_superbpe,65536,19,24
validation,stratum,flores200,ar,uniq_superbpe,65536,21,7
validation,stratum,flores200,ar,uniq_superbpe,65536,23,1
validation,stratum,flores200,bg,uniq_superbpe,65536,1,2060
validation,stratum,flores200,bg,uniq_superbpe,65536,2,1635
validation,stratum,flores200,bg,uniq_superbpe,65536,3,1571
validation,stratum,flores200,bg,uniq_superbpe,65536,4,2441
validation,stratum,flores200,bg,uniq_superbpe,65536,5,2496
validation,stratum,flores200,bg,uniq_superbpe,65536,6,2589
validation,stratum,flores200,bg,uniq_superbpe,65536,7,1297
validation,stratum,flores200,bg,uniq_superbpe,65536,8,1468
validation,stratum,flores200,bg,uniq_superbpe,65536,9,992
validation,stratum,flores200,bg,uniq_superbpe,65536,10,528
validation,stratum,flores200,bg,uniq_superbpe,65536,11,716
validation,stratum,flores200,bg,uniq_superbpe,65536,12,308
validation,stratum,flores200,bg,uniq_superbpe,65536,13,460
validation,stratum,flores200,bg,uniq_superbpe,65536,14,97
validation,stratum,flores200,bg,uniq_superbpe,65536,15,254
validation,stratum,flores200,bg,uniq_superbpe,65536,16,41
validation,stratum,flores200,bg,uniq_superbpe,65536,17,207
validation,stratum,flores200,bg,uniq_superbpe,65536,18,24
validation,stratum,flores200,bg,uniq_superbpe,65536,19,89
validation,stratum,flores200,bg,uniq_superbpe,65536,20,17
validation,stratum,flores200,bg,uniq_superbpe,65536,21,54
validation,stratum,flores200,bg,uniq_superbpe,65536,22,2
validation,stratum,flores200,bg,uniq_superbpe,65536,23,41
validation,stratum,flores200,bg,uniq_superbpe,65536,24,1
validation,stratum,flores200,bg,uniq_superbpe,65536,25,13
validation,stratum,flores200,bg,uniq_superbpe,65536,29,1
validation,stratum,flores200,bn,uniq_superbpe,65536,1,3652
validation,stratum,flores200,bn,uniq_superbpe,65536,2,106
validation,stratum,flores200,bn,uniq_superbpe,65536,3,4939
validation,stratum,flores200,bn,uniq_superbpe,65536,4,182
validation,stratum,flores200,bn,uniq_superbpe,65536,5,1
validation,stratum,flores200,bn,uniq_superbpe,65536,6,6315
validation,stratum,flores200,bn,uniq_superbpe,65536,7,3690
validation,stratum,flores200,bn,uniq_superbpe,65536,9,1790
validation,stratum,flores200,bn,uniq_superbpe,65536,10,1705
validation,stratum,flores200,bn,uniq_superbpe,65536,12,959
validation,stratum,flores200,bn,uniq_superbpe,65536,13,1050
validation,stratum,flores200,bn,uniq_superbpe,65536,15,105
validation,stratum,flores200,bn,uniq_superbpe,65536,16,506
validation,stratum,flores200,bn,uniq_superbpe,65536,18,28
validation,stratum,flores200,bn,uniq_superbpe,65536,19,224
validation,stratum,flores200,bn,uniq_superbpe,65536,20,15
validation,stratum,flores200,bn,uniq_superbpe,65536,21,3
validation,stratum,flores200,bn,uniq_superbpe,65536,22,48
validation,stratum,flores200,bn,uniq_superbpe,65536,23,17
validation,stratum,flores200,bn,uniq_superbpe,65536,24,9
validation,stratum,flores200,bn,uniq_superbpe,65536,25,44
validation,stratum,flores200,bn,uniq_superbpe,65536,26,23
validation,stratum,flores200,bn,uniq_superbpe,65536,28,10
validation,stratum,flores200,bn,uniq_superbpe,65536,29,12
validation,stratum,flores200,fa,uniq_superbpe,65536,1,1355
validation,stratum,flores200,fa,uniq_superbpe,65536,2,1999
validation,stratum,flores200,fa,uniq_superbpe,65536,3,1235
validation,stratum,flores200,fa,uniq_superbpe,65536,4,2172
validation,stratum,flores200,fa,uniq_superbpe,65536,5,3196
validation,stratum,flores200,fa,uniq_superbpe,65536,6,1946
validation,stratum,flores200,fa,uniq_superbpe,65536,7,2215
validation,stratum,flores200,fa,uniq_superbpe,65536,8,950
validation,stratum,flores200,fa,uniq_superbpe,65536,9,1839
validation,stratum,flores200,fa,uniq_superbpe,65536,10,269
validation,stratum,flores200,fa,uniq_superbpe,65536,11,1235
validation,stratum,flores200,fa,uniq_superbpe,65536,12,195
validation,stratum,flores200,fa,uniq_superbpe,65536,13,389
validation,stratum,flores200,fa,uniq_superbpe,65536,14,56
validation,stratum,flores200,fa,uniq_superbpe,65536,15,151
validation,stratum,flores200,fa,uniq_superbpe,65536,16,42
validation,stratum,flores200,fa,uniq_superbpe,65536,17,28
validation,stratum,flores200,fa,uniq_superbpe,65536,18,35
validation,stratum,flores200,fa,uniq_superbpe,65536,19,9
validation,stratum,flores200,fa,uniq_superbpe,65536,20,13
validation,stratum,flores200,fa,uniq_superbpe,65536,22,7
validation,stratum,flores200,gu,uniq_superbpe,65536,1,3791
validation,stratum,flores200,gu,uniq_superbpe,65536,2,110
validation,stratum,flores200,gu,uniq_superbpe,65536,3,2987
validation,stratum,flores200,gu,uniq_superbpe,65536,4,652
validation,stratum,flores200,gu,uniq_superbpe,65536,5,4
validation,stratum,flores200,gu,uniq_superbpe,65536,6,5511
validation,stratum,flores200,gu,uniq_superbpe,65536,7,4053
validation,stratum,flores200,gu,uniq_superbpe,65536,8,6
validation,stratum,flores200,gu,uniq_superbpe,65536,9,2085
validation,stratum,flores200,gu,uniq_superbpe,65536,10,1714
validation,stratum,flores200,gu,uniq_superbpe,65536,12,629
validation,stratum,flores200,gu,uniq_superbpe,65536,13,771
validation,stratum,flores200,gu,uniq_superbpe,65536,14,23
validation,stratum,flores200,gu,uniq_superbpe,65536,15,71
validation,stratum,flores200,gu,uniq_superbpe,65536,16,331
validation,stratum,flores200,gu,uniq_superbpe,65536,17,147
validation,stratum,flores200,gu,uniq_superbpe,65536,18,35
validation,stratum,flores200,gu,uniq_superbpe,65536,19,111
validation,stratum,flores200,gu,uniq_superbpe,65536,20,7
validation,stratum,flores200,gu,uniq_superbpe,65536,21,1
validation,stratum,flores200,gu,uniq_superbpe,65536,22,36
validation,stratum,flores200,gu,uniq_superbpe,65536,25,11
validation,stratum,flores200,gu,uniq_superbpe,65536,26,21
validation,stratum,flores200,gu,uniq_superbpe,65536,32,9
validation,stratum,flores200,hi,uniq_superbpe,65536,1,2719
validation,stratum,flores200,hi,uniq_superbpe,65536,2,86
validation,stratum,flores200,hi,uniq_superbpe,65536,3,3089
validation,stratum,flores200,hi,uniq_superbpe,65536,4,316
validation,stratum,flores200,hi,uniq_superbpe,65536,5,10
validation,stratum,flores200,hi,uniq_superbpe,65536,6,4463
validation,stratum,flores200,hi,uniq_superbpe,65536,7,5820
validation,stratum,flores200,hi,uniq_superbpe,65536,8,1
validation,stratum,flores200,hi,uniq_superbpe,65536,9,1398
validation,stratum,flores200,hi,uniq_superbpe,65536,10,1480
validation,stratum,flores200,hi,uniq_superbpe,65536,12,438
validation,stratum,flores200,hi,uniq_superbpe,65536,13,1034
validation,stratum,flores200,hi,uniq_superbpe,65536,14,37
validation,stratum,flores200,hi,uniq_superbpe,65536,15,88
validation,stratum,flores200,hi,uniq_superbpe,65536,16,378
validation,stratum,flores200,hi,uniq_superbpe,65536,17,194
validation,stratum,flores200,hi,uniq_superbpe,65536,18,24
validation,stratum,flores200,hi,uniq_superbpe,65536,19,105
validation,stratum,flores200,hi,uniq_superbpe,65536,20,168
validation,stratum,flores200,hi,uniq_superbpe,65536,21,6
validation,stratum,flores200,hi,uniq_superbpe,65536,22,39
validation,stratum,flores200,hi,uniq_superbpe,65536,23,68
validation,stratum,flores200,hi,uniq_superbpe,65536,24,2
validation,stratum,flores200,hi,uniq_superbpe,65536,25,24
validation,stratum,flores200,hi,uniq_superbpe,65536,26,2
validation,stratum,flores200,hi,uniq_superbpe,65536,27,13
validation,stratum,flores200,hi,uniq_superbpe,65536,28,2
validation,stratum,flores200,hi,uniq_superbpe,65536,30,32
validation,stratum,flores200,ja,uniq_superbpe,65536,1,516
validation,stratum,flores200,ja,uniq_superbpe,65536,2,100
validation,stratum,flores200,ja,uniq_superbpe,65536,3,12969
validation,stratum,flores200,ja,uniq_superbpe,65536,4,10
validation,stratum,flores200,ja,uniq_superbpe,65536,6,3159
validation,stratum,flores200,ja,uniq_superbpe,65536,8,1
validation,stratum,flores200,ja,uniq_superbpe,65536,9,1205
validation,stratum,flores200,ja,uniq_superbpe,65536,12,748
validation,stratum,flores200,ja,uniq_superbpe,65536,15,59
validation,stratum,flores200,ja,uniq_superbpe,65536,21,1
validation,stratum,flores200,kn,uniq_superbpe,65536,1,3144
validation,stratum,flores200,kn,uniq_superbpe,65536,2,165
validation,stratum,flores200,kn,uniq_superbpe,65536,3,3319
validation,stratum,flores200,kn,uniq_superbpe,65536,4,388
validation,stratum,flores200,kn,uniq_superbpe,65536,5,9
validation,stratum,flores200,kn,uniq_superbpe,65536,6,13176
validation,stratum,flores200,kn,uniq_superbpe,65536,7,3774
validation,stratum,flores200,kn,uniq_superbpe,65536,9,3445
validation,stratum,flores200,kn,uniq_superbpe,65536,10,1778
validation,stratum,flores200,kn,uniq_superbpe,65536,12,662
validation,stratum,flores200,kn,uniq_superbpe,65536,13,370
validation,stratum,flores200,kn,uniq_superbpe,65536,14,1
validation,stratum,flores200,kn,uniq_superbpe,65536,15,44
validation,stratum,flores200,kn,uniq_superbpe,65536,16,43
validation,stratum,flores200,kn,uniq_superbpe,65536,19,4
validation,stratum,flores200,ko,uniq_superbpe,65536,1,2248
validation,stratum,flores200,ko,uniq_superbpe,65536,2,238
validation,stratum,flores200,ko,uniq_superbpe,65536,3,7227
validation,stratum,flores200,ko,uniq_superbpe,65536,4,2845
validation,stratum,flores200,ko,uniq_superbpe,65536,5,18
validation,stratum,flores200,ko,uniq_superbpe,65536,6,1777
validation,stratum,flores200,ko,uniq_superbpe,65536,7,2496
validation,stratum,flores200,ko,uniq_superbpe,65536,8,6
validation,stratum,flores200,ko,uniq_superbpe,65536,9,340
validation,stratum,flores200,ko,uniq_superbpe,65536,10,643
validation,stratum,flores200,ko,uniq_superbpe,65536,11,18
validation,stratum,flores200,ko,uniq_superbpe,65536,12,305
validation,stratum,flores200,ko,uniq_superbpe,65536,13,15
validation,stratum,flores200,ko,uniq_superbpe,65536,14,6
validation,stratum,flores200,ml,uniq_superbpe,65536,1,2710
validation,stratum,flores200,ml,uniq_superbpe,65536,2,125
validation,stratum,flores200,ml,uniq_superbpe,65536,3,3432
validation,stratum,flores200,ml,uniq_superbpe,65536,4,867
validation,stratum,flores200,ml,uniq_superbpe,65536,5,2
validation,stratum,flores200,ml,uniq_superbpe,65536,6,7381
validation,stratum,flores200,ml,uniq_superbpe,65536,7,3002
validation,stratum,flores200,ml,uniq_superbpe,65536,8,1
validation,stratum,flores200,ml,uniq_superbpe,65536,9,2471
validation,stratum,flores200,ml,uniq_superbpe,65536,10,1058
validation,stratum,flores200,ml,uniq_superbpe,65536,12,3465
validation,stratum,flores200,ml,uniq_superbpe,65536,13,387
validation,stratum,flores200,ml,uniq_superbpe,65536,15,984
validation,stratum,flores200,ml,uniq_superbpe,65536,16,544
validation,stratum,flores200,ml,uniq_superbpe,65536,18,196
validation,stratum,flores200,ml,uniq_superbpe,65536,19,256
validation,stratum,flores200,ml,uniq_superbpe,65536,21,112
validation,stratum,flores200,ml,uniq_superbpe,65536,22,118
validation,stratum,flores200,ml,uniq_superbpe,65536,24,34
validation,stratum,flores200,ml,uniq_superbpe,65536,25,21
validation,stratum,flores200,ml,uniq_superbpe,65536,27,3
validation,stratum,flores200,ml,uniq_superbpe,65536,28,25
validation,stratum,flores200,ml,uniq_superbpe,65536,30,2
validation,stratum,flores200,ml,uniq_superbpe,65536,34,1
validation,stratum,flores200,mr,uniq_superbpe,65536,1,3213
validation,stratum,flores200,mr,uniq_superbpe,65536,2,112
validation,stratum,flores200,mr,uniq_superbpe,65536,3,3841
validation,stratum,flores200,mr,uniq_superbpe,65536,4,374
validation,stratum,flores200,mr,uniq_superbpe,65536,6,6800
validation,stratum,flores200,mr,uniq_superbpe,65536,7,4272
validation,stratum,flores200,mr,uniq_superbpe,65536,8,3
validation,stratum,flores200,mr,uniq_superbpe,65536,9,1882
validation,stratum,flores200,mr,uniq_superbpe,65536,10,1650
validation,stratum,flores200,mr,uniq_superbpe,65536,12,1345
validation,stratum,flores200,mr,uniq_superbpe,65536,13,906
validation,stratum,flores200,mr,uniq_superbpe,65536,14,4
validation,stratum,flores200,mr,uniq_superbpe,65536,15,471
validation,stratum,flores200,mr,uniq_superbpe,65536,16,493
validation,stratum,flores200,mr,uniq_superbpe,65536,18,66
validation,stratum,flores200,mr,uniq_superbpe,65536,19,240
validation,stratum,flores200,mr,uniq_superbpe,65536,21,12
validation,stratum,flores200,mr,uniq_superbpe,65536,22,61
validation,stratum,flores200,mr,uniq_superbpe,65536,23,4
validation,stratum,flores200,mr,uniq_superbpe,65536,24,2
validation,stratum,flores200,mr,uniq_superbpe,65536,25,20
validation,stratum,flores200,mr,uniq_superbpe,65536,26,1
validation,stratum,flores200,ru,uniq_superbpe,65536,1,2255
validation,stratum,flores200,ru,uniq_superbpe,65536,2,2566
validation,stratum,flores200,ru,uniq_superbpe,65536,3,1604
validation,stratum,flores200,ru,uniq_superbpe,65536,4,3025
validation,stratum,flores200,ru,uniq_superbpe,65536,5,1743
validation,stratum,flores200,ru,uniq_superbpe,65536,6,2855
validation,stratum,flores200,ru,uniq_superbpe,65536,7,1454
validation,stratum,flores200,ru,uniq_superbpe,65536,8,1524
validation,stratum,flores200,ru,uniq_superbpe,65536,9,885
validation,stratum,flores200,ru,uniq_superbpe,65536,10,599
validation,stratum,flores200,ru,uniq_superbpe,65536,11,895
validation,stratum,flores200,ru,uniq_superbpe,65536,12,253
validation,stratum,flores200,ru,uniq_superbpe,65536,13,449
validation,stratum,flores200,ru,uniq_superbpe,65536,14,135
validation,stratum,flores200,ru,uniq_superbpe,65536,15,333
validation,stratum,flores200,ru,uniq_superbpe,65536,16,70
validation,stratum,flores200,ru,uniq_superbpe,65536,17,200
validation,stratum,flores200,ru,uniq_superbpe,65536,18,22
validation,stratum,flores200,ru,uniq_superbpe,65536,19,133
validation,stratum,flores200,ru,uniq_superbpe,65536,20,18
validation,stratum,flores200,ru,uniq_superbpe,65536,21,115
validation,stratum,flores200,ru,uniq_superbpe,65536,22,2
validation,stratum,flores200,ru,uniq_superbpe,65536,23,49
validation,stratum,flores200,ru,uniq_superbpe,65536,24,1
validation,stratum,flores200,ru,uniq_superbpe,65536,25,30
validation,stratum,flores200,ru,uniq_superbpe,65536,27,15
validation,stratum,flores200,ru,uniq_superbpe,65536,29,2
validation,stratum,flores200,ru,uniq_superbpe,65536,31,1
validation,stratum,flores200,sw,uniq_superbpe,65536,1,4503
validation,stratum,flores200,sw,uniq_superbpe,65536,2,4996
validation,stratum,flores200,sw,uniq_superbpe,65536,3,8465
validation,stratum,flores200,sw,uniq_superbpe,65536,4,3201
validation,stratum,flores200,sw,uniq_superbpe,65536,5,1007
validation,stratum,flores200,sw,uniq_superbpe,65536,6,461
validation,stratum,flores200,sw,uniq_superbpe,65536,7,461
validation,stratum,flores200,sw,uniq_superbpe,65536,8,122
validation,stratum,flores200,sw,uniq_superbpe,65536,9,119
validation,stratum,flores200,sw,uniq_superbpe,65536,10,59
validation,stratum,flores200,sw,uniq_superbpe,65536,11,35
validation,stratum,flores200,sw,uniq_superbpe,65536,12,11
validation,stratum,flores200,sw,uniq_superbpe,65536,13,8
validation,stratum,flores200,sw,uniq_superbpe,65536,16,1
validation,stratum,flores200,ta,uniq_superbpe,65536,1,2423
validation,stratum,flores200,ta,uniq_superbpe,65536,2,143
validation,stratum,flores200,ta,uniq_superbpe,65536,3,2341
validation,stratum,flores200,ta,uniq_superbpe,65536,4,240
validation,stratum,flores200,ta,uniq_superbpe,65536,5,2
validation,stratum,flores200,ta,uniq_superbpe,65536,6,14590
validation,stratum,flores200,ta,uniq_superbpe,65536,7,3202
validation,stratum,flores200,ta,uniq_superbpe,65536,9,4182
validation,stratum,flores200,ta,uniq_superbpe,65536,10,2539
validation,stratum,flores200,ta,uniq_superbpe,65536,11,1
validation,stratum,flores200,ta,uniq_superbpe,65536,12,214
validation,stratum,flores200,ta,uniq_superbpe,65536,13,529
validation,stratum,flores200,ta,uniq_superbpe,65536,15,1
validation,stratum,flores200,ta,uniq_superbpe,65536,16,64
validation,stratum,flores200,ta,uniq_superbpe,65536,17,4
validation,stratum,flores200,ta,uniq_superbpe,65536,19,99
validation,stratum,flores200,ta,uniq_superbpe,65536,22,35
validation,stratum,flores200,ta,uniq_superbpe,65536,28,12
validation,stratum,flores200,te,uniq_superbpe,65536,1,3170
validation,stratum,flores200,te,uniq_superbpe,65536,2,247
validation,stratum,flores200,te,uniq_superbpe,65536,3,2647
validation,stratum,flores200,te,uniq_superbpe,65536,4,578
validation,stratum,flores200,te,uniq_superbpe,65536,5,18
validation,stratum,flores200,te,uniq_superbpe,65536,6,10015
validation,stratum,flores200,te,uniq_superbpe,65536,7,3687
validation,stratum,flores200,te,uniq_superbpe,65536,8,1
validation,stratum,flores200,te,uniq_superbpe,65536,9,2449
validation,stratum,flores200,te,uniq_superbpe,65536,10,1097
validation,stratum,flores200,te,uniq_superbpe,65536,11,2
validation,stratum,flores200,te,uniq_superbpe,65536,12,1129
validation,stratum,flores200,te,uniq_superbpe,65536,13,528
validation,stratum,flores200,te,uniq_superbpe,65536,14,1
validation,stratum,flores200,te,uniq_superbpe,65536,15,253
validation,stratum,flores200,te,uniq_superbpe,65536,16,461
validation,stratum,flores200,te,uniq_superbpe,65536,18,77
validation,stratum,flores200,te,uniq_superbpe,65536,19,53
validation,stratum,flores200,te,uniq_superbpe,65536,21,19
validation,stratum,flores200,te,uniq_superbpe,65536,22,53
validation,stratum,flores200,te,uniq_superbpe,65536,24,8
validation,stratum,flores200,te,uniq_superbpe,65536,25,17
validation,stratum,flores200,te,uniq_superbpe,65536,28,5
validation,stratum,flores200,uk,uniq_superbpe,65536,1,2289
validation,stratum,flores200,uk,uniq_superbpe,65536,2,2420
validation,stratum,flores200,uk,uniq_superbpe,65536,3,1710
validation,stratum,flores200,uk,uniq_superbpe,65536,4,3426
validation,stratum,flores200,uk,uniq_superbpe,65536,5,2064
validation,stratum,flores200,uk,uniq_superbpe,65536,6,3288
validation,stratum,flores200,uk,uniq_superbpe,65536,7,1476
validation,stratum,flores200,uk,uniq_superbpe,65536,8,1564
validation,stratum,flores200,uk,uniq_superbpe,65536,9,947
validation,stratum,flores200,uk,uniq_superbpe,65536,10,695
validation,stratum,flores200,uk,uniq_superbpe,65536,11,698
validation,stratum,flores200,uk,uniq_superbpe,65536,12,250
validation,stratum,flores200,uk,uniq_superbpe,65536,13,427
validation,stratum,flores200,uk,uniq_superbpe,65536,14,94
validation,stratum,flores200,uk,uniq_superbpe,65536,15,217
validation,stratum,flores200,uk,uniq_superbpe,65536,16,23
validation,stratum,flores200,uk,uniq_superbpe,65536,17,159
validation,stratum,flores200,uk,uniq_superbpe,65536,18,14
validation,stratum,flores200,uk,uniq_superbpe,65536,19,52
validation,stratum,flores200,uk,uniq_superbpe,65536,20,2
validation,stratum,flores200,uk,uniq_superbpe,65536,21,27
validation,stratum,flores200,uk,uniq_superbpe,65536,23,15
validation,stratum,flores200,uk,uniq_superbpe,65536,24,1
validation,stratum,flores200,uk,uniq_superbpe,65536,25,12
validation,stratum,flores200,uk,uniq_superbpe,65536,27,5
validation,stratum,flores200,uk,uniq_superbpe,65536,29,4
validation,stratum,flores200,ur,uniq_superbpe,65536,1,1117
validation,stratum,flores200,ur,uniq_superbpe,65536,2,2474
validation,stratum,flores200,ur,uniq_superbpe,65536,3,660
validation,stratum,flores200,ur,uniq_superbpe,65536,4,2328
validation,stratum,flores200,ur,uniq_superbpe,65536,5,4193
validation,stratum,flores200,ur,uniq_superbpe,65536,6,1453
validation,stratum,flores200,ur,uniq_superbpe,65536,7,2967
validation,stratum,flores200,ur,uniq_superbpe,65536,8,288
validation,stratum,flores200,ur,uniq_superbpe,65536,9,1800
validation,stratum,flores200,ur,uniq_superbpe,65536,10,169
validation,stratum,flores200,ur,uniq_superbpe,65536,11,940
validation,stratum,flores200,ur,uniq_superbpe,65536,12,198
validation,stratum,flores200,ur,uniq_superbpe,65536,13,255
validation,stratum,flores200,ur,uniq_superbpe,65536,14,209
validation,stratum,flores200,ur,uniq_superbpe,65536,15,74
validation,stratum,flores200,ur,uniq_superbpe,65536,16,114
validation,stratum,flores200,ur,uniq_superbpe,65536,17,22
validation,stratum,flores200,ur,uniq_superbpe,65536,18,38
validation,stratum,flores200,ur,uniq_superbpe,65536,19,18
validation,stratum,flores200,ur,uniq_superbpe,65536,20,8
validation,stratum,flores200,ur,uniq_superbpe,65536,21,26
validation,stratum,flores200,ur,uniq_superbpe,65536,22,2
validation,stratum,flores200,ur,uniq_superbpe,65536,27,3
validation,stratum,flores200,yo,uniq_superbpe,65536,1,11022
validation,stratum,flores200,yo,uniq_superbpe,65536,2,14860
validation,stratum,flores200,yo,uniq_superbpe,65536,3,4816
validation,stratum,flores200,yo,uniq_superbpe,65536,4,1597
validation,stratum,flores200,yo,uniq_superbpe,65536,5,2734
validation,stratum,flores200,yo,uniq_superbpe,65536,6,318
validation,stratum,flores200,yo,uniq_superbpe,65536,7,144
validation,stratum,flores200,yo,uniq_superbpe,65536,8,72
validation,stratum,flores200,yo,uniq_superbpe,65536,9,25
validation,stratum,flores200,yo,uniq_superbpe,65536,10,13
validation,stratum,flores200,yo,uniq_superbpe,65536,11,5
validation,stratum,flores200,yo,uniq_superbpe,65536,12,4
validation,stratum,flores200,yo,uniq_superbpe,65536,13,4
validation,stratum,flores200,yo,uniq_superbpe,65536,15,6
validation,stratum,flores200,yo,uniq_superbpe,65536,16,1
validation,stratum,flores200,zh,uniq_superbpe,65536,1,1561
validation,stratum,flores200,zh,uniq_superbpe,65536,2,314
validation,stratum,flores200,zh,uniq_superbpe,65536,3,13929
validation,stratum,flores200,zh,uniq_superbpe,65536,4,148
validation,stratum,flores200,zh,uniq_superbpe,65536,5,9
validation,stratum,flores200,zh,uniq_superbpe,65536,6,1860
validation,stratum,flores200,zh,uniq_superbpe,65536,8,1
validation,stratum,flores200,zh,uniq_superbpe,65536,9,81
validation,stratum,flores200,zh,uniq_superbpe,65536,12,3
validation,language,,am,uniq_superbpe,65536,1,1039
validation,language,,am,uniq_superbpe,65536,2,134
validation,language,,am,uniq_superbpe,65536,3,5894
validation,language,,am,uniq_superbpe,65536,4,1573
validation,language,,am,uniq_superbpe,65536,5,8
validation,language,,am,uniq_superbpe,65536,6,3130
validation,language,,am,uniq_superbpe,65536,7,2467
validation,language,,am,uniq_superbpe,65536,8,1
validation,language,,am,uniq_superbpe,65536,9,737
validation,language,,am,uniq_superbpe,65536,10,1681
validation,language,,am,uniq_superbpe,65536,11,13
validation,language,,am,uniq_superbpe,65536,12,231
validation,language,,am,uniq_superbpe,65536,13,934
validation,language,,am,uniq_superbpe,65536,15,43
validation,language,,am,uniq_superbpe,65536,16,371
validation,language,,am,uniq_superbpe,65536,17,13
validation,language,,am,uniq_superbpe,65536,18,8
validation,language,,am,uniq_superbpe,65536,19,122
validation,language,,am,uniq_superbpe,65536,22,22
validation,language,,am,uniq_superbpe,65536,25,1
validation,language,,ar,uniq_superbpe,65536,1,2406
validation,language,,ar,uniq_superbpe,65536,2,2059
validation,language,,ar,uniq_superbpe,65536,3,870
validation,language,,ar,uniq_superbpe,65536,4,3234
validation,language,,ar,uniq_superbpe,65536,5,2467
validation,language,,ar,uniq_superbpe,65536,6,2297
validation,language,,ar,uniq_superbpe,65536,7,1952
validation,language,,ar,uniq_superbpe,65536,8,694
validation,language,,ar,uniq_superbpe,65536,9,1320
validation,language,,ar,uniq_superbpe,65536,10,314
validation,language,,ar,uniq_superbpe,65536,11,633
validation,language,,ar,uniq_superbpe,65536,12,88
validation,language,,ar,uniq_superbpe,65536,13,291
validation,language,,ar,uniq_superbpe,65536,14,42
validation,language,,ar,uniq_superbpe,65536,15,172
validation,language,,ar,uniq_superbpe,65536,16,8
validation,language,,ar,uniq_superbpe,65536,17,77
validation,language,,ar,uniq_superbpe,65536,18,13
validation,language,,ar,uniq_superbpe,65536,19,24
validation,language,,ar,uniq_superbpe,65536,21,7
validation,language,,ar,uniq_superbpe,65536,23,1
validation,language,,bg,uniq_superbpe,65536,1,2060
validation,language,,bg,uniq_superbpe,65536,2,1635
validation,language,,bg,uniq_superbpe,65536,3,1571
validation,language,,bg,uniq_superbpe,65536,4,2441
validation,language,,bg,uniq_superbpe,65536,5,2496
validation,language,,bg,uniq_superbpe,65536,6,2589
validation,language,,bg,uniq_superbpe,65536,7,1297
validation,language,,bg,uniq_superbpe,65536,8,1468
validation,language,,bg,uniq_superbpe,65536,9,992
validation,language,,bg,uniq_superbpe,65536,10,528
validation,language,,bg,uniq_superbpe,65536,11,716
validation,language,,bg,uniq_superbpe,65536,12,308
validation,language,,bg,uniq_superbpe,65536,13,460
validation,language,,bg,uniq_superbpe,65536,14,97
validation,language,,bg,uniq_superbpe,65536,15,254
validation,language,,bg,uniq_superbpe,65536,16,41
validation,language,,bg,uniq_superbpe,65536,17,207
validation,language,,bg,uniq_superbpe,65536,18,24
validation,language,,bg,uniq_superbpe,65536,19,89
validation,language,,bg,uniq_superbpe,65536,20,17
validation,language,,bg,uniq_superbpe,65536,21,54
validation,language,,bg,uniq_superbpe,65536,22,2
validation,language,,bg,uniq_superbpe,65536,23,41
validation,language,,bg,uniq_superbpe,65536,24,1
validation,language,,bg,uniq_superbpe,65536,25,13
validation,language,,bg,uniq_superbpe,65536,29,1
validation,language,,bn,uniq_superbpe,65536,1,3652
validation,language,,bn,uniq_superbpe,65536,2,106
validation,language,,bn,uniq_superbpe,65536,3,4939
validation,language,,bn,uniq_superbpe,65536,4,182
validation,language,,bn,uniq_superbpe,65536,5,1
validation,language,,bn,uniq_superbpe,65536,6,6315
validation,language,,bn,uniq_superbpe,65536,7,3690
validation,language,,bn,uniq_superbpe,65536,9,1790
validation,language,,bn,uniq_superbpe,65536,10,1705
validation,language,,bn,uniq_superbpe,65536,12,959
validation,language,,bn,uniq_superbpe,65536,13,1050
validation,language,,bn,uniq_superbpe,65536,15,105
validation,language,,bn,uniq_superbpe,65536,16,506
validation,language,,bn,uniq_superbpe,65536,18,28
validation,language,,bn,uniq_superbpe,65536,19,224
validation,language,,bn,uniq_superbpe,65536,20,15
validation,language,,bn,uniq_superbpe,65536,21,3
validation,language,,bn,uniq_superbpe,65536,22,48
validation,language,,bn,uniq_superbpe,65536,23,17
validation,language,,bn,uniq_superbpe,65536,24,9
validation,language,,bn,uniq_superbpe,65536,25,44
validation,language,,bn,uniq_superbpe,65536,26,23
validation,language,,bn,uniq_superbpe,65536,28,10
validation,language,,bn,uniq_superbpe,65536,29,12
validation,language,,fa,uniq_superbpe,65536,1,1355
validation,language,,fa,uniq_superbpe,65536,2,1999
validation,language,,fa,uniq_superbpe,65536,3,1235
validation,language,,fa,uniq_superbpe,65536,4,2172
validation,language,,fa,uniq_superbpe,65536,5,3196
validation,language,,fa,uniq_superbpe,65536,6,1946
validation,language,,fa,uniq_superbpe,65536,7,2215
validation,language,,fa,uniq_superbpe,65536,8,950
validation,language,,fa,uniq_superbpe,65536,9,1839
validation,language,,fa,uniq_superbpe,65536,10,269
validation,language,,fa,uniq_superbpe,65536,11,1235
validation,language,,fa,uniq_superbpe,65536,12,195
validation,language,,fa,uniq_superbpe,65536,13,389
validation,language,,fa,uniq_superbpe,65536,14,56
validation,language,,fa,uniq_superbpe,65536,15,151
validation,language,,fa,uniq_superbpe,65536,16,42
validation,language,,fa,uniq_superbpe,65536,17,28
validation,language,,fa,uniq_superbpe,65536,18,35
validation,language,,fa,uniq_superbpe,65536,19,9
validation,language,,fa,uniq_superbpe,65536,20,13
validation,language,,fa,uniq_superbpe,65536,22,7
validation,language,,gu,uniq_superbpe,65536,1,3791
validation,language,,gu,uniq_superbpe,65536,2,110
validation,language,,gu,uniq_superbpe,65536,3,2987
validation,language,,gu,uniq_superbpe,65536,4,652
validation,language,,gu,uniq_superbpe,65536,5,4
validation,language,,gu,uniq_superbpe,65536,6,5511
validation,language,,gu,uniq_superbpe,65536,7,4053
validation,language,,gu,uniq_superbpe,65536,8,6
validation,language,,gu,uniq_superbpe,65536,9,2085
validation,language,,gu,uniq_superbpe,65536,10,1714
validation,language,,gu,uniq_superbpe,65536,12,629
validation,language,,gu,uniq_superbpe,65536,13,771
validation,language,,gu,uniq_superbpe,65536,14,23
validation,language,,gu,uniq_superbpe,65536,15,71
validation,language,,gu,uniq_superbpe,65536,16,331
validation,language,,gu,uniq_superbpe,65536,17,147
validation,language,,gu,uniq_superbpe,65536,18,35
validation,language,,gu,uniq_superbpe,65536,19,111
validation,language,,gu,uniq_superbpe,65536,20,7
validation,language,,gu,uniq_superbpe,65536,21,1
validation,language,,gu,uniq_superbpe,65536,22,36
validation,language,,gu,uniq_superbpe,65536,25,11
validation,language,,gu,uniq_superbpe,65536,26,21
validation,language,,gu,uniq_superbpe,65536,32,9
validation,language,,hi,uniq_superbpe,65536,1,2719
validation,language,,hi,uniq_superbpe,65536,2,86
validation,language,,hi,uniq_superbpe,65536,3,3089
validation,language,,hi,uniq_superbpe,65536,4,316
validation,language,,hi,uniq_superbpe,65536,5,10
validation,language,,hi,uniq_superbpe,65536,6,4463
validation,language,,hi,uniq_superbpe,65536,7,5820
validation,language,,hi,uniq_superbpe,65536,8,1
validation,language,,hi,uniq_superbpe,65536,9,1398
validation,language,,hi,uniq_superbpe,65536,10,1480
validation,language,,hi,uniq_superbpe,65536,12,438
validation,language,,hi,uniq_superbpe,65536,13,1034
validation,language,,hi,uniq_superbpe,65536,14,37
validation,language,,hi,uniq_superbpe,65536,15,88
validation,language,,hi,uniq_superbpe,65536,16,378
validation,language,,hi,uniq_superbpe,65536,17,194
validation,language,,hi,uniq_superbpe,65536,18,24
validation,language,,hi,uniq_superbpe,65536,19,105
validation,language,,hi,uniq_superbpe,65536,20,168
validation,language,,hi,uniq_superbpe,65536,21,6
validation,language,,hi,uniq_superbpe,65536,22,39
validation,language,,hi,uniq_superbpe,65536,23,68
validation,language,,hi,uniq_superbpe,65536,24,2
validation,language,,hi,uniq_superbpe,65536,25,24
validation,language,,hi,uniq_superbpe,65536,26,2
validation,language,,hi,uniq_superbpe,65536,27,13
validation,language,,hi,uniq_superbpe,65536,28,2
validation,language,,hi,uniq_superbpe,65536,30,32
validation,language,,ja,uniq_superbpe,65536,1,516
validation,language,,ja,uniq_superbpe,65536,2,100
validation,language,,ja,uniq_superbpe,65536,3,12969
validation,language,,ja,uniq_superbpe,65536,4,10
validation,language,,ja,uniq_superbpe,65536,6,3159
validation,language,,ja,uniq_superbpe,65536,8,1
validation,language,,ja,uniq_superbpe,65536,9,1205
validation,language,,ja,uniq_superbpe,65536,12,748
validation,language,,ja,uniq_superbpe,65536,15,59
validation,language,,ja,uniq_superbpe,65536,21,1
validation,language,,kn,uniq_superbpe,65536,1,3144
validation,language,,kn,uniq_superbpe,65536,2,165
validation,language,,kn,uniq_superbpe,65536,3,3319
validation,language,,kn,uniq_superbpe,65536,4,388
validation,language,,kn,uniq_superbpe,65536,5,9
validation,language,,kn,uniq_superbpe,65536,6,13176
validation,language,,kn,uniq_superbpe,65536,7,3774
validation,language,,kn,uniq_superbpe,65536,9,3445
validation,language,,kn,uniq_superbpe,65536,10,1778
validation,language,,kn,uniq_superbpe,65536,12,662
validation,language,,kn,uniq_superbpe,65536,13,370
validation,language,,kn,uniq_superbpe,65536,14,1
validation,language,,kn,uniq_superbpe,65536,15,44
validation,language,,kn,uniq_superbpe,65536,16,43
validation,language,,kn,uniq_superbpe,65536,19,4
validation,language,,ko,uniq_superbpe,65536,1,2248
validation,language,,ko,uniq_superbpe,65536,2,238
validation,language,,ko,uniq_superbpe,65536,3,7227
validation,language,,ko,uniq_superbpe,65536,4,2845
validation,language,,ko,uniq_superbpe,65536,5,18
validation,language,,ko,uniq_superbpe,65536,6,1777
validation,language,,ko,uniq_superbpe,65536,7,2496
validation,language,,ko,uniq_superbpe,65536,8,6
validation,language,,ko,uniq_superbpe,65536,9,340
validation,language,,ko,uniq_superbpe,65536,10,643
validation,language,,ko,uniq_superbpe,65536,11,18
validation,language,,ko,uniq_superbpe,65536,12,305
validation,language,,ko,uniq_superbpe,65536,13,15
validation,language,,ko,uniq_superbpe,65536,14,6
validation,language,,ml,uniq_superbpe,65536,1,2710
validation,language,,ml,uniq_superbpe,65536,2,125
validation,language,,ml,uniq_superbpe,65536,3,3432
validation,language,,ml,uniq_superbpe,65536,4,867
validation,language,,ml,uniq_superbpe,65536,5,2
validation,language,,ml,uniq_superbpe,65536,6,7381
validation,language,,ml,uniq_superbpe,65536,7,3002
validation,language,,ml,uniq_superbpe,65536,8,1
validation,language,,ml,uniq_superbpe,65536,9,2471
validation,language,,ml,uniq_superbpe,65536,10,1058
validation,language,,ml,uniq_superbpe,65536,12,3465
validation,language,,ml,uniq_superbpe,65536,13,387
validation,language,,ml,uniq_superbpe,65536,15,984
validation,language,,ml,uniq_superbpe,65536,16,544
validation,language,,ml,uniq_superbpe,65536,18,196
validation,language,,ml,uniq_superbpe,65536,19,256
validation,language,,ml,uniq_superbpe,65536,21,112
validation,language,,ml,uniq_superbpe,65536,22,118
validation,language,,ml,uniq_superbpe,65536,24,34
validation,language,,ml,uniq_superbpe,65536,25,21
validation,language,,ml,uniq_superbpe,65536,27,3
validation,language,,ml,uniq_superbpe,65536,28,25
validation,language,,ml,uniq_superbpe,65536,30,2
validation,language,,ml,uniq_superbpe,65536,34,1
validation,language,,mr,uniq_superbpe,65536,1,3213
validation,language,,mr,uniq_superbpe,65536,2,112
validation,language,,mr,uniq_superbpe,65536,3,3841
validation,language,,mr,uniq_superbpe,65536,4,374
validation,language,,mr,uniq_superbpe,65536,6,6800
validation,language,,mr,uniq_superbpe,65536,7,4272
validation,language,,mr,uniq_superbpe,65536,8,3
validation,language,,mr,uniq_superbpe,65536,9,1882
validation,language,,mr,uniq_superbpe,65536,10,1650
validation,language,,mr,uniq_superbpe,65536,12,1345
validation,language,,mr,uniq_superbpe,65536,13,906
validation,language,,mr,uniq_superbpe,65536,14,4
validation,language,,mr,uniq_superbpe,65536,15,471
validation,language,,mr,uniq_superbpe,65536,16,493
validation,language,,mr,uniq_superbpe,65536,18,66
validation,language,,mr,uniq_superbpe,65536,19,240
validation,language,,mr,uniq_superbpe,65536,21,12
validation,language,,mr,uniq_superbpe,65536,22,61
validation,language,,mr,uniq_superbpe,65536,23,4
validation,language,,mr,uniq_superbpe,65536,24,2
validation,language,,mr,uniq_superbpe,65536,25,20
validation,language,,mr,uniq_superbpe,65536,26,1
validation,language,,ru,uniq_superbpe,65536,1,2255
validation,language,,ru,uniq_superbpe,65536,2,2566
validation,language,,ru,uniq_superbpe,65536,3,1604
validation,language,,ru,uniq_superbpe,65536,4,3025
validation,language,,ru,uniq_superbpe,65536,5,1743
validation,language,,ru,uniq_superbpe,65536,6,2855
validation,language,,ru,uniq_superbpe,65536,7,1454
validation,language,,ru,uniq_superbpe,65536,8,1524
validation,language,,ru,uniq_superbpe,65536,9,885
validation,language,,ru,uniq_superbpe,65536,10,599
validation,language,,ru,uniq_superbpe,65536,11,895
validation,language,,ru,uniq_superbpe,65536,12,253
validation,language,,ru,uniq_superbpe,65536,13,449
validation,language,,ru,uniq_superbpe,65536,14,135
validation,language,,ru,uniq_superbpe,65536,15,333
validation,language,,ru,uniq_superbpe,65536,16,70
validation,language,,ru,uniq_superbpe,65536,17,200
validation,language,,ru,uniq_superbpe,65536,18,22
validation,language,,ru,uniq_superbpe,65536,19,133
validation,language,,ru,uniq_superbpe,65536,20,18
validation,language,,ru,uniq_superbpe,65536,21,115
validation,language,,ru,uniq_superbpe,65536,22,2
validation,language,,ru,uniq_superbpe,65536,23,49
validation,language,,ru,uniq_superbpe,65536,24,1
validation,language,,ru,uniq_superbpe,65536,25,30
validation,language,,ru,uniq_superbpe,65536,27,15
validation,language,,ru,uniq_superbpe,65536,29,2
validation,language,,ru,uniq_superbpe,65536,31,1
validation,language,,sw,uniq_superbpe,65536,1,4503
validation,language,,sw,uniq_superbpe,65536,2,4996
validation,language,,sw,uniq_superbpe,65536,3,8465
validation,language,,sw,uniq_superbpe,65536,4,3201
validation,language,,sw,uniq_superbpe,65536,5,1007
validation,language,,sw,uniq_superbpe,65536,6,461
validation,language,,sw,uniq_superbpe,65536,7,461
validation,language,,sw,uniq_superbpe,65536,8,122
validation,language,,sw,uniq_superbpe,65536,9,119
validation,language,,sw,uniq_superbpe,65536,10,59
validation,language,,sw,uniq_superbpe,65536,11,35
validation,language,,sw,uniq_superbpe,65536,12,11
validation,language,,sw,uniq_superbpe,65536,13,8
validation,language,,sw,uniq_superbpe,65536,16,1
validation,language,,ta,uniq_superbpe,65536,1,2423
validation,language,,ta,uniq_superbpe,65536,2,143
validation,language,,ta,uniq_superbpe,65536,3,2341
validation,language,,ta,uniq_superbpe,65536,4,240
validation,language,,ta,uniq_superbpe,65536,5,2
validation,language,,ta,uniq_superbpe,65536,6,14590
validation,language,,ta,uniq_superbpe,65536,7,3202
validation,language,,ta,uniq_superbpe,65536,9,4182
validation,language,,ta,uniq_superbpe,65536,10,2539
validation,language,,ta,uniq_superbpe,65536,11,1
validation,language,,ta,uniq_superbpe,65536,12,214
validation,language,,ta,uniq_superbpe,65536,13,529
validation,language,,ta,uniq_superbpe,65536,15,1
validation,language,,ta,uniq_superbpe,65536,16,64
validation,language,,ta,uniq_superbpe,65536,17,4
validation,language,,ta,uniq_superbpe,65536,19,99
validation,language,,ta,uniq_superbpe,65536,22,35
validation,language,,ta,uniq_superbpe,65536,28,12
validation,language,,te,uniq_superbpe,65536,1,3170
validation,language,,te,uniq_superbpe,65536,2,247
validation,language,,te,uniq_superbpe,65536,3,2647
validation,language,,te,uniq_superbpe,65536,4,578
validation,language,,te,uniq_superbpe,65536,5,18
validation,language,,te,uniq_superbpe,65536,6,10015
validation,language,,te,uniq_superbpe,65536,7,3687
validation,language,,te,uniq_superbpe,65536,8,1
validation,language,,te,uniq_superbpe,65536,9,2449
validation,language,,te,uniq_superbpe,65536,10,1097
validation,language,,te,uniq_superbpe,65536,11,2
validation,language,,te,uniq_superbpe,65536,12,1129
validation,language,,te,uniq_superbpe,65536,13,528
validation,language,,te,uniq_superbpe,65536,14,1
validation,language,,te,uniq_superbpe,65536,15,253
validation,language,,te,uniq_superbpe,65536,16,461
validation,language,,te,uniq_superbpe,65536,18,77
validation,language,,te,uniq_superbpe,65536,19,53
validation,language,,te,uniq_superbpe,65536,21,19
validation,language,,te,uniq_superbpe,65536,22,53
validation,language,,te,uniq_superbpe,65536,24,8
validation,language,,te,uniq_superbpe,65536,25,17
validation,language,,te,uniq_superbpe,65536,28,5
validation,language,,uk,uniq_superbpe,65536,1,2289
validation,language,,uk,uniq_superbpe,65536,2,2420
validation,language,,uk,uniq_superbpe,65536,3,1710
validation,language,,uk,uniq_superbpe,65536,4,3426
validation,language,,uk,uniq_superbpe,65536,5,2064
validation,language,,uk,uniq_superbpe,65536,6,3288
validation,language,,uk,uniq_superbpe,65536,7,1476
validation,language,,uk,uniq_superbpe,65536,8,1564
validation,language,,uk,uniq_superbpe,65536,9,947
validation,language,,uk,uniq_superbpe,65536,10,695
validation,language,,uk,uniq_superbpe,65536,11,698
validation,language,,uk,uniq_superbpe,65536,12,250
validation,language,,uk,uniq_superbpe,65536,13,427
validation,language,,uk,uniq_superbpe,65536,14,94
validation,language,,uk,uniq_superbpe,65536,15,217
validation,language,,uk,uniq_superbpe,65536,16,23
validation,language,,uk,uniq_superbpe,65536,17,159
validation,language,,uk,uniq_superbpe,65536,18,14
validation,language,,uk,uniq_superbpe,65536,19,52
validation,language,,uk,uniq_superbpe,65536,20,2
validation,language,,uk,uniq_superbpe,65536,21,27
validation,language,,uk,uniq_superbpe,65536,23,15
validation,language,,uk,uniq_superbpe,65536,24,1
validation,language,,uk,uniq_superbpe,65536,25,12
validation,language,,uk,uniq_superbpe,65536,27,5
validation,language,,uk,uniq_superbpe,65536,29,4
validation,language,,ur,uniq_superbpe,65536,1,1117
validation,language,,ur,uniq_superbpe,65536,2,2474
validation,language,,ur,uniq_superbpe,65536,3,660
validation,language,,ur,uniq_superbpe,65536,4,2328
validation,language,,ur,uniq_superbpe,65536,5,4193
validation,language,,ur,uniq_superbpe,65536,6,1453
validation,language,,ur,uniq_superbpe,65536,7,2967
validation,language,,ur,uniq_superbpe,65536,8,288
validation,language,,ur,uniq_superbpe,65536,9,1800
validation,language,,ur,uniq_superbpe,65536,10,169
validation,language,,ur,uniq_superbpe,65536,11,940
validation,language,,ur,uniq_superbpe,65536,12,198
validation,language,,ur,uniq_superbpe,65536,13,255
validation,language,,ur,uniq_superbpe,65536,14,209
validation,language,,ur,uniq_superbpe,65536,15,74
validation,language,,ur,uniq_superbpe,65536,16,114
validation,language,,ur,uniq_superbpe,65536,17,22
validation,language,,ur,uniq_superbpe,65536,18,38
validation,language,,ur,uniq_superbpe,65536,19,18
validation,language,,ur,uniq_superbpe,65536,20,8
validation,language,,ur,uniq_superbpe,65536,21,26
validation,language,,ur,uniq_superbpe,65536,22,2
validation,language,,ur,uniq_superbpe,65536,27,3
validation,language,,yo,uniq_superbpe,65536,1,11022
validation,language,,yo,uniq_superbpe,65536,2,14860
validation,language,,yo,uniq_superbpe,65536,3,4816
validation,language,,yo,uniq_superbpe,65536,4,1597
validation,language,,yo,uniq_superbpe,65536,5,2734
validation,language,,yo,uniq_superbpe,65536,6,318
validation,language,,yo,uniq_superbpe,65536,7,144
validation,language,,yo,uniq_superbpe,65536,8,72
validation,language,,yo,uniq_superbpe,65536,9,25
validation,language,,yo,uniq_superbpe,65536,10,13
validation,language,,yo,uniq_superbpe,65536,11,5
validation,language,,yo,uniq_superbpe,65536,12,4
validation,language,,yo,uniq_superbpe,65536,13,4
validation,language,,yo,uniq_superbpe,65536,15,6
validation,language,,yo,uniq_superbpe,65536,16,1
validation,language,,zh,uniq_superbpe,65536,1,1561
validation,language,,zh,uniq_superbpe,65536,2,314
validation,language,,zh,uniq_superbpe,65536,3,13929
validation,language,,zh,uniq_superbpe,65536,4,148
validation,language,,zh,uniq_superbpe,65536,5,9
validation,language,,zh,uniq_superbpe,65536,6,1860
validation,language,,zh,uniq_superbpe,65536,8,1
validation,language,,zh,uniq_superbpe,65536,9,81
validation,language,,zh,uniq_superbpe,65536,12,3
validation,domain,flores200,,uniq_superbpe,65536,1,57193
validation,domain,flores200,,uniq_superbpe,65536,2,34889
validation,domain,flores200,,uniq_superbpe,65536,3,87545
validation,domain,flores200,,uniq_superbpe,65536,4,29597
validation,domain,flores200,,uniq_superbpe,65536,5,19981
validation,domain,flores200,,uniq_superbpe,65536,6,93384
validation,domain,flores200,,uniq_superbpe,65536,7,48429
validation,domain,flores200,,uniq_superbpe,65536,8,6703
validation,domain,flores200,,uniq_superbpe,65536,9,29992
validation,domain,flores200,,uniq_superbpe,65536,10,17991
validation,domain,flores200,,uniq_superbpe,65536,11,5191
validation,domain,flores200,,uniq_superbpe,65536,12,11435
validation,domain,flores200,,uniq_superbpe,65536,13,8807
validation,domain,flores200,,uniq_superbpe,65536,14,705
validation,domain,flores200,,uniq_superbpe,65536,15,3326
validation,domain,flores200,,uniq_superbpe,65536,16,3491
validation,domain,flores200,,uniq_superbpe,65536,17,1051
validation,domain,flores200,,uniq_superbpe,65536,18,580
validation,domain,flores200,,uniq_superbpe,65536,19,1539
validation,domain,flores200,,uniq_superbpe,65536,20,248
validation,domain,flores200,,uniq_superbpe,65536,21,383
validation,domain,flores200,,uniq_superbpe,65536,22,425
validation,domain,flores200,,uniq_superbpe,65536,23,195
validation,domain,flores200,,uniq_superbpe,65536,24,58
validation,domain,flores200,,uniq_superbpe,65536,25,193
validation,domain,flores200,,uniq_superbpe,65536,26,47
validation,domain,flores200,,uniq_superbpe,65536,27,39
validation,domain,flores200,,uniq_superbpe,65536,28,54
validation,domain,flores200,,uniq_superbpe,65536,29,19
validation,domain,flores200,,uniq_superbpe,65536,30,34
validation,domain,flores200,,uniq_superbpe,65536,31,1
validation,domain,flores200,,uniq_superbpe,65536,32,9
validation,domain,flores200,,uniq_superbpe,65536,34,1
validation,aggregate,,,uniq_superbpe,65536,1,57193
validation,aggregate,,,uniq_superbpe,65536,2,34889
validation,aggregate,,,uniq_superbpe,65536,3,87545
validation,aggregate,,,uniq_superbpe,65536,4,29597
validation,aggregate,,,uniq_superbpe,65536,5,19981
validation,aggregate,,,uniq_superbpe,65536,6,93384
validation,aggregate,,,uniq_superbpe,65536,7,48429
validation,aggregate,,,uniq_superbpe,65536,8,6703
validation,aggregate,,,uniq_superbpe,65536,9,29992
validation,aggregate,,,uniq_superbpe,65536,10,17991
validation,aggregate,,,uniq_superbpe,65536,11,5191
validation,aggregate,,,uniq_superbpe,65536,12,11435
validation,aggregate,,,uniq_superbpe,65536,13,8807
validation,aggregate,,,uniq_superbpe,65536,14,705
validation,aggregate,,,uniq_superbpe,65536,15,3326
validation,aggregate,,,uniq_superbpe,65536,16,3491
validation,aggregate,,,uniq_superbpe,65536,17,1051
validation,aggregate,,,uniq_superbpe,65536,18,580
validation,aggregate,,,uniq_superbpe,65536,19,1539
validation,aggregate,,,uniq_superbpe,65536,20,248
validation,aggregate,,,uniq_superbpe,65536,21,383
validation,aggregate,,,uniq_superbpe,65536,22,425
validation,aggregate,,,uniq_superbpe,65536,23,195
validation,aggregate,,,uniq_superbpe,65536,24,58
validation,aggregate,,,uniq_superbpe,65536,25,193
validation,aggregate,,,uniq_superbpe,65536,26,47
validation,aggregate,,,uniq_superbpe,65536,27,39
validation,aggregate,,,uniq_superbpe,65536,28,54
validation,aggregate,,,uniq_superbpe,65536,29,19
validation,aggregate,,,uniq_superbpe,65536,30,34
validation,aggregate,,,uniq_superbpe,65536,31,1
validation,aggregate,,,uniq_superbpe,65536,32,9
validation,aggregate,,,uniq_superbpe,65536,34,1
