split,scope,domain,language,tokenizer,vocab_budget,status,documents,source_utf8_bytes,normalized_utf8_bytes,unicode_characters,tokens,bytes_per_token,tokens_per_unicode_character,tokens_per_normalized_utf8_byte,byte_fallback_tokens,byte_fallback_percent,token_length_bytes_mean,token_length_bytes_p50,token_length_bytes_p95,token_length_bytes_max,token_length_bytes_histogram,usable_vocabulary_size,observed_token_types,vocabulary_utilization_percent,rare_tokens,rare_token_percent,unseen_in_diagnostic_training_tokens,unseen_in_diagnostic_training_percent,initial_tokens,initial_adjacent_boundaries,applied_cross_word_merges,cross_word_merge_rate_percent,cross_word_tokens,cross_word_token_percent,whitespace_excess_fragments,whitespace_isolated_tokens,whitespace_mixed_tokens,whitespace_runs,whitespace_split_runs,whitespace_token_intersections,whitespace_unicode_characters,whitespace_tokens_per_run,whitespace_split_run_percent,punctuation_excess_fragments,punctuation_isolated_tokens,punctuation_mixed_tokens,punctuation_runs,punctuation_split_runs,punctuation_token_intersections,punctuation_unicode_characters,punctuation_tokens_per_run,punctuation_split_run_percent,token_length_bytes_p99,training_seconds,training_peak_rss_bytes
train,stratum,code,c,sp_unigram,8192,observed,32,51063,51063,51060,26290,1.9422974515024725,0.5148844496670584,0.5148541997140786,49,0.18638265500190188,1.9422974515024725,1,5,16,"{""1"": 14443, ""10"": 16, ""11"": 14, ""12"": 24, ""14"": 45, ""16"": 24, ""2"": 6257, ""3"": 2566, ""4"": 1479, ""5"": 453, ""6"": 460, ""7"": 317, ""8"": 96, ""9"": 96}",8188,844,10.307767464582316,1,0.003803727653100038,0,0.0,26290,26258,0,0.0,108,0.4108025865348041,3536,5454,3859,5926,1001,9462,9740,1.5966925413432331,16.891663854201823,287,2682,1644,4093,124,4380,6116,1.0701197165892988,3.0295626679697043,8,37.834285799995996,303665152
train,stratum,code,cpp,sp_unigram,8192,observed,32,54217,54217,54213,27674,1.9591313145913132,0.5104679689373397,0.5104303078370253,222,0.80219700802197,1.9591313145913132,1,5,16,"{""1"": 15316, ""10"": 4, ""11"": 7, ""12"": 23, ""16"": 30, ""2"": 6203, ""3"": 2792, ""4"": 1500, ""5"": 556, ""6"": 600, ""7"": 408, ""8"": 105, ""9"": 130}",8188,872,10.649731314118222,0,0.0,0,0.0,27674,27642,0,0.0,145,0.5239575052395751,3948,5798,3386,5352,871,9300,9575,1.7376681614349776,16.274289985052317,304,2994,1708,4478,241,4782,6268,1.0678874497543547,5.381866904868245,8,37.834285799995996,303665152
train,stratum,code,go,sp_unigram,8192,observed,32,56813,56813,56813,28066,2.024264234304853,0.4940066534067907,0.4940066534067907,1641,5.8469322311693865,2.024264234304853,1,6,12,"{""1"": 14736, ""10"": 4, ""11"": 9, ""12"": 12, ""2"": 6252, ""3"": 3368, ""4"": 1689, ""5"": 505, ""6"": 862, ""7"": 377, ""8"": 174, ""9"": 78}",8188,829,10.12457254518808,0,0.0,0,0.0,28066,28034,0,0.0,63,0.22447089004489418,2392,5142,3387,6386,1343,8778,9031,1.3745693704979642,21.03037895396179,303,3890,1754,5404,255,5707,6454,1.0560695780903036,4.718726868985937,7,37.834285799995996,303665152
train,stratum,code,java,sp_unigram,8192,observed,32,43999,43999,43605,21524,2.044183237316484,0.49361311776172456,0.4891929362030955,171,0.7944619959115407,2.044183237316484,1,6,16,"{""1"": 11722, ""10"": 4, ""11"": 7, ""12"": 12, ""16"": 21, ""2"": 4347, ""3"": 2403, ""4"": 1282, ""5"": 451, ""6"": 809, ""7"": 268, ""8"": 118, ""9"": 80}",8188,877,10.710796287249634,9,0.04181378925850214,0,0.0,21524,21492,0,0.0,9,0.04181378925850214,3586,4953,2230,3775,765,7361,7594,1.9499337748344372,20.264900662251655,207,2293,1176,3273,173,3480,4145,1.0632447296058662,5.285670638557898,8,37.834285799995996,303665152
train,stratum,code,javascript,sp_unigram,8192,observed,32,38980,38980,38152,21688,1.7973072666912577,0.5684629901446844,0.5563878912262699,103,0.4749170047952785,1.7973072666912577,1,5,11,"{""1"": 12346, ""11"": 1, ""2"": 5530, ""3"": 1876, ""4"": 804, ""5"": 504, ""6"": 324, ""7"": 192, ""8"": 88, ""9"": 23}",8188,858,10.478749389350268,19,0.08760604942825526,0,0.0,21688,21656,0,0.0,6,0.02766506824050166,3628,4922,2272,3702,664,7330,7448,1.9800108049702863,17.936250675310642,715,3489,1442,4230,581,4945,5941,1.16903073286052,13.735224586288416,7,37.834285799995996,303665152
train,stratum,code,python,sp_unigram,8192,observed,32,48487,48487,48387,26542,1.8268028031045136,0.5485357637381941,0.5474044589271351,311,1.171727827594002,1.8268028031045136,1,5,16,"{""1"": 16023, ""10"": 4, ""11"": 6, ""12"": 10, ""16"": 10, ""2"": 5133, ""3"": 2441, ""4"": 1470, ""5"": 575, ""6"": 528, ""7"": 212, ""8"": 88, ""9"": 42}",8188,842,10.28334147532975,6,0.022605681561299072,0,0.0,26542,26510,0,0.0,0,0.0,5929,8202,2343,4625,800,10554,10776,2.281945945945946,17.2972972972973,804,3699,956,3862,407,4666,5228,1.2081822889694458,10.538581046090108,7,37.834285799995996,303665152
train,stratum,code,rust,sp_unigram,8192,observed,32,56922,56922,56922,31796,1.7902251855579319,0.558588946277362,0.558588946277362,0,0.0,1.7902251855579319,1,4,12,"{""1"": 18598, ""10"": 1, ""11"": 1, ""12"": 3, ""2"": 6707, ""3"": 3445, ""4"": 1748, ""5"": 650, ""6"": 331, ""7"": 229, ""8"": 60, ""9"": 23}",8188,816,9.96580361504641,0,0.0,0,0.0,31796,31764,0,0.0,49,0.1541074348974714,6859,9233,3564,6228,1045,13087,13231,2.101316634553629,16.779062299293514,697,4402,2071,5827,571,6524,8582,1.1196155826325724,9.799210571477603,6,37.834285799995996,303665152
train,stratum,code,sql,sp_unigram,8192,observed,32,36373,36373,36088,19902,1.827605265802432,0.5514852582575925,0.5471641052428999,135,0.6783237865541152,1.827605265802432,1,4,16,"{""1"": 11497, ""10"": 3, ""11"": 1, ""12"": 18, ""16"": 29, ""2"": 4704, ""3"": 1735, ""4"": 989, ""5"": 300, ""6"": 357, ""7"": 215, ""8"": 47, ""9"": 7}",8188,767,9.367366878358574,3,0.015073861923424782,0,0.0,19902,19870,0,0.0,0,0.0,2649,4254,2300,3925,557,6574,6655,1.674904458598726,14.19108280254777,228,2330,1001,3103,174,3331,4498,1.073477280051563,5.607476635514018,7,37.834285799995996,303665152
train,stratum,code,typescript,sp_unigram,8192,observed,32,43989,43989,43698,21734,2.0239716573111255,0.4973683006087235,0.49407806497078816,41,0.18864452010674518,2.0239716573111255,1,6,16,"{""1"": 11480, ""11"": 92, ""12"": 5, ""16"": 3, ""2"": 5386, ""3"": 1923, ""4"": 1152, ""5"": 608, ""6"": 591, ""7"": 367, ""8"": 58, ""9"": 69}",8188,865,10.564240351734245,6,0.027606515137572465,0,0.0,21734,21702,0,0.0,6,0.027606515137572465,4025,5144,3013,4263,922,8288,8393,1.9441707717569787,21.62796152943936,541,2208,1618,3292,336,3833,4406,1.164337788578372,10.206561360874849,8,37.834285799995996,303665152
train,stratum,cyrillic_african,am,sp_unigram,8192,observed,32,147317,147317,59501,46943,3.138210169780372,0.7889447236180904,0.31865297284088057,0,0.0,3.138210169780372,3,7,15,"{""1"": 7172, ""10"": 530, ""13"": 32, ""15"": 45, ""2"": 849, ""3"": 30857, ""4"": 3681, ""5"": 11, ""6"": 1870, ""7"": 1789, ""9"": 107}",8188,683,8.341475329750855,90,0.19172187546599068,0,0.0,46943,46911,0,0.0,0,0.0,0,4968,6238,11206,0,11206,11206,1.0,0.0,268,2047,326,2105,247,2373,2807,1.1273159144893112,11.73396674584323,10,37.834285799995996,303665152
train,stratum,cyrillic_african,bg,sp_unigram,8192,observed,32,102609,102609,58537,34323,2.989511406345599,0.586347096708065,0.33450282138993653,0,0.0,2.989511406345599,2,6,11,"{""1"": 7182, ""11"": 55, ""2"": 10569, ""3"": 1507, ""4"": 10137, ""5"": 2541, ""6"": 1235, ""7"": 457, ""8"": 459, ""9"": 181}",8188,672,8.20713238886175,1,0.0029134982373335665,0,0.0,34323,34291,0,0.0,0,0.0,0,4289,4684,8973,0,8973,8973,1.0,0.0,108,1975,109,1976,85,2084,2303,1.0546558704453441,4.301619433198381,8,37.834285799995996,303665152
train,stratum,cyrillic_african,ru,sp_unigram,8192,observed,32,106212,106212,58870,34146,3.1105253909681956,0.5800237812128418,0.3214890972771438,0,0.0,3.1105253909681956,3,6,11,"{""1"": 5850, ""10"": 47, ""11"": 6, ""2"": 11212, ""3"": 1394, ""4"": 10523, ""5"": 1759, ""6"": 1965, ""7"": 715, ""8"": 537, ""9"": 138}",8188,592,7.23009281875916,2,0.0058572014291571484,0,0.0,34146,34114,0,0.0,0,0.0,0,3804,4007,7811,0,7811,7811,1.0,0.0,89,1591,138,1640,74,1729,1917,1.0542682926829268,4.512195121951219,8,37.834285799995996,303665152
train,stratum,cyrillic_african,sw,sp_unigram,8192,observed,32,62449,62449,62216,32685,1.9106317882820867,0.5253471775749003,0.5233870838604301,0,0.0,1.9106317882820867,2,3,9,"{""1"": 12312, ""2"": 13256, ""3"": 5716, ""4"": 867, ""5"": 387, ""6"": 19, ""7"": 96, ""9"": 32}",8188,586,7.1568148510014655,3,0.009178522257916476,0,0.0,32685,32653,0,0.0,0,0.0,5,3911,5195,9101,5,9106,9106,1.0005493901769036,0.054939017690363696,88,1443,93,1448,82,1536,1753,1.0607734806629834,5.662983425414365,5,37.834285799995996,303665152
train,stratum,cyrillic_african,uk,sp_unigram,8192,observed,32,95676,95676,53182,32255,2.966237792590296,0.6065021999924787,0.33712738826874034,0,0.0,2.966237792590296,2,6,10,"{""1"": 5938, ""10"": 34, ""2"": 11513, ""3"": 1030, ""4"": 9772, ""5"": 1438, ""6"": 1359, ""7"": 609, ""8"": 471, ""9"": 91}",8188,577,7.046897899364924,14,0.04340412339172221,0,0.0,32255,32223,0,0.0,0,0.0,0,3847,3246,7093,0,7093,7093,1.0,0.0,102,1755,196,1849,97,1951,2167,1.055164954029205,5.246078961600865,8,37.834285799995996,303665152
train,stratum,cyrillic_african,yo,sp_unigram,8192,observed,32,69432,69432,59766,32169,2.1583512076844165,0.5382491717699026,0.46331662633944004,0,0.0,2.1583512076844165,2,5,7,"{""1"": 12927, ""2"": 9573, ""3"": 5765, ""4"": 1473, ""5"": 1384, ""6"": 77, ""7"": 970}",8188,579,7.071323888617489,10,0.031085827971028008,0,0.0,32169,32137,0,0.0,0,0.0,0,5189,6298,11487,0,11487,11487,1.0,0.0,49,1557,84,1592,49,1641,1859,1.0307788944723617,3.077889447236181,7,37.834285799995996,303665152
train,stratum,indic_cjk_arabic,ar,sp_unigram,8192,observed,32,97740,97740,54940,34248,2.853889278206027,0.6233709501274117,0.35039901780233274,0,0.0,2.853889278206027,2,7,10,"{""1"": 4450, ""10"": 30, ""2"": 16282, ""3"": 1755, ""4"": 7378, ""5"": 2304, ""6"": 350, ""7"": 1603, ""8"": 56, ""9"": 40}",8188,553,6.753786028334147,19,0.055477692128007475,0,0.0,34248,34216,0,0.0,0,0.0,0,3052,5786,8838,0,8838,8838,1.0,0.0,103,1309,220,1426,99,1529,1757,1.0722300140252454,6.9424964936886395,7,37.834285799995996,303665152
train,stratum,indic_cjk_arabic,bn,sp_unigram,8192,observed,32,152004,152004,58399,39237,3.8739964829115374,0.6718779431154643,0.2581313649640799,0,0.0,3.8739964829115374,3,9,25,"{""1"": 6332, ""10"": 728, ""12"": 378, ""13"": 362, ""15"": 34, ""16"": 82, ""2"": 486, ""25"": 41, ""3"": 20592, ""4"": 1569, ""5"": 18, ""6"": 6215, ""7"": 850, ""8"": 1, ""9"": 1549}",8188,513,6.265266243282853,18,0.04587506690113923,0,0.0,39237,39205,0,0.0,0,0.0,0,4900,3615,8515,0,8515,8515,1.0,0.0,47,1385,91,1429,43,1476,1661,1.032890132960112,3.009097270818754,13,37.834285799995996,303665152
train,stratum,indic_cjk_arabic,fa,sp_unigram,8192,observed,32,93798,93798,52677,31334,2.9934895002233994,0.5948326594149249,0.3340582954860445,0,0.0,2.9934895002233994,2,6,10,"{""1"": 5318, ""10"": 11, ""2"": 11949, ""3"": 1547, ""4"": 7087, ""5"": 3188, ""6"": 809, ""7"": 954, ""8"": 228, ""9"": 243}",8188,467,5.703468490473864,4,0.012765685836471564,0,0.0,31334,31302,0,0.0,0,0.0,0,4142,5788,9930,0,9930,9930,1.0,0.0,63,1129,103,1169,43,1232,1405,1.0538922155688624,3.6783575705731395,8,37.834285799995996,303665152
train,stratum,indic_cjk_arabic,gu,sp_unigram,8192,observed,32,146974,146974,58881,40431,3.635180925527442,0.6866561369541958,0.275089471607223,0,0.0,3.635180925527442,3,9,13,"{""1"": 7866, ""10"": 485, ""13"": 327, ""2"": 968, ""3"": 20050, ""4"": 1224, ""5"": 34, ""6"": 6253, ""7"": 1839, ""8"": 1, ""9"": 1384}",8188,581,7.095749877870054,28,0.06925379040835003,0,0.0,40431,40399,0,0.0,0,0.0,0,5652,4071,9723,0,9723,9723,1.0,0.0,70,1400,44,1374,45,1444,1630,1.0509461426491995,3.2751091703056767,10,37.834285799995996,303665152
train,stratum,indic_cjk_arabic,hi,sp_unigram,8192,observed,32,153237,153237,61359,37917,4.0413798560012655,0.6179533564758226,0.2474402396288103,0,0.0,4.0413798560012655,3,9,16,"{""1"": 6565, ""10"": 1157, ""12"": 44, ""13"": 247, ""15"": 16, ""16"": 80, ""2"": 673, ""3"": 16747, ""4"": 1300, ""5"": 15, ""6"": 6184, ""7"": 4062, ""9"": 827}",8188,578,7.059110893991207,0,0.0,0,0.0,37917,37885,0,0.0,0,0.0,0,4847,6963,11810,0,11810,11810,1.0,0.0,61,1402,106,1447,55,1508,1692,1.042156185210781,3.8009675190048378,12,37.834285799995996,303665152
train,stratum,indic_cjk_arabic,ja,sp_unigram,8192,observed,32,142468,142468,61333,51915,2.7442550322642782,0.8464448176348784,0.36439761911446783,0,0.0,2.7442550322642782,3,6,18,"{""1"": 11141, ""12"": 65, ""15"": 75, ""18"": 34, ""2"": 3198, ""3"": 34144, ""4"": 275, ""5"": 53, ""6"": 2582, ""7"": 3, ""8"": 1, ""9"": 344}",8188,2207,26.954079140205177,1119,2.155446402773765,0,0.0,51915,51883,0,0.0,0,0.0,0,3669,767,4436,0,4436,4436,1.0,0.0,358,4279,161,4082,306,4440,4644,1.0877021068103871,7.496325330720235,7,37.834285799995996,303665152
train,stratum,indic_cjk_arabic,kn,sp_unigram,8192,observed,32,153841,153841,60531,38745,3.9706026584075365,0.6400852455766467,0.2518509370063897,0,0.0,3.9706026584075365,3,9,21,"{""1"": 7300, ""10"": 317, ""12"": 654, ""13"": 275, ""15"": 294, ""18"": 142, ""2"": 1223, ""21"": 66, ""3"": 17518, ""4"": 2070, ""5"": 20, ""6"": 6335, ""7"": 286, ""8"": 1, ""9"": 2244}",8188,634,7.7430385930630194,39,0.10065814943863724,0,0.0,38745,38713,0,0.0,0,0.0,0,4099,3144,7243,0,7243,7243,1.0,0.0,49,1395,77,1423,36,1472,1662,1.034434293745608,2.52986647926915,15,37.834285799995996,303665152
train,stratum,indic_cjk_arabic,ko,sp_unigram,8192,observed,32,118352,118352,51206,46700,2.534304068522484,0.9120024997070656,0.3945856428281736,0,0.0,2.534304068522484,3,3,15,"{""1"": 13513, ""12"": 33, ""13"": 35, ""15"": 30, ""2"": 1236, ""3"": 29902, ""4"": 587, ""5"": 13, ""6"": 990, ""7"": 121, ""9"": 240}",8188,1454,17.757694186614557,926,1.9828693790149894,0,0.0,46700,46668,0,0.0,0,0.0,1,10061,992,11052,1,11053,11053,1.0000904813608396,0.009048136083966703,157,2380,220,2443,135,2600,2934,1.0642652476463366,5.525992632009824,6,37.834285799995996,303665152
train,stratum,indic_cjk_arabic,ml,sp_unigram,8192,observed,32,137273,137273,52226,33463,4.1022323162896335,0.6407345000574427,0.2437697143648059,0,0.0,4.1022323162896335,3,9,28,"{""1"": 5352, ""10"": 67, ""12"": 1220, ""13"": 60, ""15"": 176, ""18"": 51, ""2"": 853, ""24"": 39, ""28"": 36, ""3"": 17202, ""4"": 1200, ""5"": 40, ""6"": 4058, ""7"": 156, ""9"": 2953}",8188,546,6.668295065950171,15,0.04482562830589009,0,0.0,33463,33431,0,0.0,0,0.0,0,3528,1669,5197,0,5197,5197,1.0,0.0,42,1188,27,1173,37,1215,1378,1.0358056265984654,3.154305200341006,13,37.834285799995996,303665152
train,stratum,indic_cjk_arabic,mr,sp_unigram,8192,observed,32,145113,145113,56571,34811,4.1685961334061075,0.6153506213430909,0.23988891415655386,0,0.0,4.1685961334061075,3,10,24,"{""1"": 5672, ""10"": 415, ""12"": 638, ""13"": 401, ""15"": 105, ""16"": 108, ""19"": 63, ""2"": 829, ""24"": 33, ""3"": 15683, ""4"": 1125, ""5"": 28, ""6"": 6730, ""7"": 1713, ""9"": 1268}",8188,631,7.706399609184172,1,0.0028726551951969207,0,0.0,34811,34779,0,0.0,0,0.0,0,3766,4014,7780,0,7780,7780,1.0,0.0,53,1313,63,1323,39,1376,1551,1.0400604686318973,2.947845804988662,13,37.834285799995996,303665152
train,stratum,indic_cjk_arabic,ta,sp_unigram,8192,observed,32,140738,140738,53567,30593,4.600333409603504,0.5711165456344391,0.2173755488922679,0,0.0,4.600333409603504,3,12,19,"{""1"": 5247, ""10"": 108, ""12"": 990, ""13"": 156, ""15"": 351, ""16"": 31, ""18"": 143, ""19"": 39, ""2"": 760, ""3"": 11636, ""4"": 1521, ""5"": 29, ""6"": 5544, ""7"": 418, ""9"": 3620}",8188,500,6.106497313141182,12,0.03922465923577289,0,0.0,30593,30561,0,0.0,0,0.0,0,3321,2470,5791,0,5791,5791,1.0,0.0,111,1418,50,1357,71,1468,1788,1.081798084008843,5.232129697862933,15,37.834285799995996,303665152
train,stratum,indic_cjk_arabic,te,sp_unigram,8192,observed,32,158103,158103,60933,39825,3.969943502824859,0.6535867264044114,0.2518927534581886,0,0.0,3.969943502824859,3,9,21,"{""1"": 6676, ""10"": 307, ""12"": 297, ""13"": 36, ""15"": 127, ""16"": 31, ""18"": 39, ""2"": 935, ""21"": 33, ""3"": 17018, ""4"": 2376, ""5"": 24, ""6"": 9661, ""7"": 185, ""9"": 2080}",8188,561,6.851489985344406,22,0.05524168236032643,0,0.0,39825,39793,0,0.0,0,0.0,0,4346,3142,7488,0,7488,7488,1.0,0.0,143,1648,75,1580,130,1723,1939,1.090506329113924,8.227848101265822,12,37.834285799995996,303665152
train,stratum,indic_cjk_arabic,ur,sp_unigram,8192,observed,32,112341,112341,64366,36641,3.065991648699544,0.5692601684118945,0.3261587488094284,0,0.0,3.065991648699544,2,7,9,"{""1"": 5865, ""2"": 14979, ""3"": 1535, ""4"": 6094, ""5"": 4917, ""6"": 527, ""7"": 2328, ""8"": 70, ""9"": 326}",8188,632,7.718612603810454,15,0.04093774733222347,0,0.0,36641,36609,0,0.0,0,0.0,0,4448,9097,13545,0,13545,13545,1.0,0.0,175,1095,607,1527,168,1702,1777,1.114603798297315,11.00196463654224,8,37.834285799995996,303665152
train,stratum,indic_cjk_arabic,zh,sp_unigram,8192,observed,32,130086,130086,53452,46225,2.8141914548404543,0.8647945820549278,0.35534185077564073,0,0.0,2.8141914548404543,3,6,33,"{""1"": 8528, ""12"": 145, ""2"": 1665, ""3"": 33502, ""33"": 36, ""4"": 151, ""5"": 44, ""6"": 1576, ""7"": 344, ""9"": 234}",8188,3172,38.73961895456766,2814,6.087614926987561,0,0.0,46225,46193,0,0.0,0,0.0,0,3071,684,3755,0,3755,3755,1.0,0.0,239,3392,82,3235,215,3474,3602,1.0738794435857806,6.6460587326120555,7,37.834285799995996,303665152
train,stratum,latin_english,en,sp_unigram,8192,observed,32,59492,59492,59076,30436,1.954658956498883,0.5152007583451825,0.5115981980770524,0,0.0,1.954658956498883,2,4,12,"{""1"": 13917, ""10"": 3, ""12"": 1, ""2"": 8700, ""3"": 4728, ""4"": 2070, ""5"": 665, ""6"": 164, ""7"": 157, ""8"": 18, ""9"": 13}",8188,750,9.159745969711773,12,0.03942699434879748,0,0.0,30436,30404,0,0.0,0,0.0,3,4757,4544,9298,3,9301,9301,1.000322650032265,0.032265003226500326,126,1745,145,1764,105,1890,2096,1.0714285714285714,5.9523809523809526,6,37.834285799995996,303665152
train,language,,am,sp_unigram,8192,observed,32,147317,147317,59501,46943,3.138210169780372,0.7889447236180904,0.31865297284088057,0,0.0,3.138210169780372,3,7,15,"{""1"": 7172, ""10"": 530, ""13"": 32, ""15"": 45, ""2"": 849, ""3"": 30857, ""4"": 3681, ""5"": 11, ""6"": 1870, ""7"": 1789, ""9"": 107}",8188,683,8.341475329750855,90,0.19172187546599068,0,0.0,46943,46911,0,0.0,0,0.0,0,4968,6238,11206,0,11206,11206,1.0,0.0,268,2047,326,2105,247,2373,2807,1.1273159144893112,11.73396674584323,10,37.834285799995996,303665152
train,language,,ar,sp_unigram,8192,observed,32,97740,97740,54940,34248,2.853889278206027,0.6233709501274117,0.35039901780233274,0,0.0,2.853889278206027,2,7,10,"{""1"": 4450, ""10"": 30, ""2"": 16282, ""3"": 1755, ""4"": 7378, ""5"": 2304, ""6"": 350, ""7"": 1603, ""8"": 56, ""9"": 40}",8188,553,6.753786028334147,19,0.055477692128007475,0,0.0,34248,34216,0,0.0,0,0.0,0,3052,5786,8838,0,8838,8838,1.0,0.0,103,1309,220,1426,99,1529,1757,1.0722300140252454,6.9424964936886395,7,37.834285799995996,303665152
train,language,,bg,sp_unigram,8192,observed,32,102609,102609,58537,34323,2.989511406345599,0.586347096708065,0.33450282138993653,0,0.0,2.989511406345599,2,6,11,"{""1"": 7182, ""11"": 55, ""2"": 10569, ""3"": 1507, ""4"": 10137, ""5"": 2541, ""6"": 1235, ""7"": 457, ""8"": 459, ""9"": 181}",8188,672,8.20713238886175,1,0.0029134982373335665,0,0.0,34323,34291,0,0.0,0,0.0,0,4289,4684,8973,0,8973,8973,1.0,0.0,108,1975,109,1976,85,2084,2303,1.0546558704453441,4.301619433198381,8,37.834285799995996,303665152
train,language,,bn,sp_unigram,8192,observed,32,152004,152004,58399,39237,3.8739964829115374,0.6718779431154643,0.2581313649640799,0,0.0,3.8739964829115374,3,9,25,"{""1"": 6332, ""10"": 728, ""12"": 378, ""13"": 362, ""15"": 34, ""16"": 82, ""2"": 486, ""25"": 41, ""3"": 20592, ""4"": 1569, ""5"": 18, ""6"": 6215, ""7"": 850, ""8"": 1, ""9"": 1549}",8188,513,6.265266243282853,18,0.04587506690113923,0,0.0,39237,39205,0,0.0,0,0.0,0,4900,3615,8515,0,8515,8515,1.0,0.0,47,1385,91,1429,43,1476,1661,1.032890132960112,3.009097270818754,13,37.834285799995996,303665152
train,language,,c,sp_unigram,8192,observed,32,51063,51063,51060,26290,1.9422974515024725,0.5148844496670584,0.5148541997140786,49,0.18638265500190188,1.9422974515024725,1,5,16,"{""1"": 14443, ""10"": 16, ""11"": 14, ""12"": 24, ""14"": 45, ""16"": 24, ""2"": 6257, ""3"": 2566, ""4"": 1479, ""5"": 453, ""6"": 460, ""7"": 317, ""8"": 96, ""9"": 96}",8188,844,10.307767464582316,1,0.003803727653100038,0,0.0,26290,26258,0,0.0,108,0.4108025865348041,3536,5454,3859,5926,1001,9462,9740,1.5966925413432331,16.891663854201823,287,2682,1644,4093,124,4380,6116,1.0701197165892988,3.0295626679697043,8,37.834285799995996,303665152
train,language,,cpp,sp_unigram,8192,observed,32,54217,54217,54213,27674,1.9591313145913132,0.5104679689373397,0.5104303078370253,222,0.80219700802197,1.9591313145913132,1,5,16,"{""1"": 15316, ""10"": 4, ""11"": 7, ""12"": 23, ""16"": 30, ""2"": 6203, ""3"": 2792, ""4"": 1500, ""5"": 556, ""6"": 600, ""7"": 408, ""8"": 105, ""9"": 130}",8188,872,10.649731314118222,0,0.0,0,0.0,27674,27642,0,0.0,145,0.5239575052395751,3948,5798,3386,5352,871,9300,9575,1.7376681614349776,16.274289985052317,304,2994,1708,4478,241,4782,6268,1.0678874497543547,5.381866904868245,8,37.834285799995996,303665152
train,language,,en,sp_unigram,8192,observed,32,59492,59492,59076,30436,1.954658956498883,0.5152007583451825,0.5115981980770524,0,0.0,1.954658956498883,2,4,12,"{""1"": 13917, ""10"": 3, ""12"": 1, ""2"": 8700, ""3"": 4728, ""4"": 2070, ""5"": 665, ""6"": 164, ""7"": 157, ""8"": 18, ""9"": 13}",8188,750,9.159745969711773,12,0.03942699434879748,0,0.0,30436,30404,0,0.0,0,0.0,3,4757,4544,9298,3,9301,9301,1.000322650032265,0.032265003226500326,126,1745,145,1764,105,1890,2096,1.0714285714285714,5.9523809523809526,6,37.834285799995996,303665152
train,language,,fa,sp_unigram,8192,observed,32,93798,93798,52677,31334,2.9934895002233994,0.5948326594149249,0.3340582954860445,0,0.0,2.9934895002233994,2,6,10,"{""1"": 5318, ""10"": 11, ""2"": 11949, ""3"": 1547, ""4"": 7087, ""5"": 3188, ""6"": 809, ""7"": 954, ""8"": 228, ""9"": 243}",8188,467,5.703468490473864,4,0.012765685836471564,0,0.0,31334,31302,0,0.0,0,0.0,0,4142,5788,9930,0,9930,9930,1.0,0.0,63,1129,103,1169,43,1232,1405,1.0538922155688624,3.6783575705731395,8,37.834285799995996,303665152
train,language,,go,sp_unigram,8192,observed,32,56813,56813,56813,28066,2.024264234304853,0.4940066534067907,0.4940066534067907,1641,5.8469322311693865,2.024264234304853,1,6,12,"{""1"": 14736, ""10"": 4, ""11"": 9, ""12"": 12, ""2"": 6252, ""3"": 3368, ""4"": 1689, ""5"": 505, ""6"": 862, ""7"": 377, ""8"": 174, ""9"": 78}",8188,829,10.12457254518808,0,0.0,0,0.0,28066,28034,0,0.0,63,0.22447089004489418,2392,5142,3387,6386,1343,8778,9031,1.3745693704979642,21.03037895396179,303,3890,1754,5404,255,5707,6454,1.0560695780903036,4.718726868985937,7,37.834285799995996,303665152
train,language,,gu,sp_unigram,8192,observed,32,146974,146974,58881,40431,3.635180925527442,0.6866561369541958,0.275089471607223,0,0.0,3.635180925527442,3,9,13,"{""1"": 7866, ""10"": 485, ""13"": 327, ""2"": 968, ""3"": 20050, ""4"": 1224, ""5"": 34, ""6"": 6253, ""7"": 1839, ""8"": 1, ""9"": 1384}",8188,581,7.095749877870054,28,0.06925379040835003,0,0.0,40431,40399,0,0.0,0,0.0,0,5652,4071,9723,0,9723,9723,1.0,0.0,70,1400,44,1374,45,1444,1630,1.0509461426491995,3.2751091703056767,10,37.834285799995996,303665152
train,language,,hi,sp_unigram,8192,observed,32,153237,153237,61359,37917,4.0413798560012655,0.6179533564758226,0.2474402396288103,0,0.0,4.0413798560012655,3,9,16,"{""1"": 6565, ""10"": 1157, ""12"": 44, ""13"": 247, ""15"": 16, ""16"": 80, ""2"": 673, ""3"": 16747, ""4"": 1300, ""5"": 15, ""6"": 6184, ""7"": 4062, ""9"": 827}",8188,578,7.059110893991207,0,0.0,0,0.0,37917,37885,0,0.0,0,0.0,0,4847,6963,11810,0,11810,11810,1.0,0.0,61,1402,106,1447,55,1508,1692,1.042156185210781,3.8009675190048378,12,37.834285799995996,303665152
train,language,,ja,sp_unigram,8192,observed,32,142468,142468,61333,51915,2.7442550322642782,0.8464448176348784,0.36439761911446783,0,0.0,2.7442550322642782,3,6,18,"{""1"": 11141, ""12"": 65, ""15"": 75, ""18"": 34, ""2"": 3198, ""3"": 34144, ""4"": 275, ""5"": 53, ""6"": 2582, ""7"": 3, ""8"": 1, ""9"": 344}",8188,2207,26.954079140205177,1119,2.155446402773765,0,0.0,51915,51883,0,0.0,0,0.0,0,3669,767,4436,0,4436,4436,1.0,0.0,358,4279,161,4082,306,4440,4644,1.0877021068103871,7.496325330720235,7,37.834285799995996,303665152
train,language,,java,sp_unigram,8192,observed,32,43999,43999,43605,21524,2.044183237316484,0.49361311776172456,0.4891929362030955,171,0.7944619959115407,2.044183237316484,1,6,16,"{""1"": 11722, ""10"": 4, ""11"": 7, ""12"": 12, ""16"": 21, ""2"": 4347, ""3"": 2403, ""4"": 1282, ""5"": 451, ""6"": 809, ""7"": 268, ""8"": 118, ""9"": 80}",8188,877,10.710796287249634,9,0.04181378925850214,0,0.0,21524,21492,0,0.0,9,0.04181378925850214,3586,4953,2230,3775,765,7361,7594,1.9499337748344372,20.264900662251655,207,2293,1176,3273,173,3480,4145,1.0632447296058662,5.285670638557898,8,37.834285799995996,303665152
train,language,,javascript,sp_unigram,8192,observed,32,38980,38980,38152,21688,1.7973072666912577,0.5684629901446844,0.5563878912262699,103,0.4749170047952785,1.7973072666912577,1,5,11,"{""1"": 12346, ""11"": 1, ""2"": 5530, ""3"": 1876, ""4"": 804, ""5"": 504, ""6"": 324, ""7"": 192, ""8"": 88, ""9"": 23}",8188,858,10.478749389350268,19,0.08760604942825526,0,0.0,21688,21656,0,0.0,6,0.02766506824050166,3628,4922,2272,3702,664,7330,7448,1.9800108049702863,17.936250675310642,715,3489,1442,4230,581,4945,5941,1.16903073286052,13.735224586288416,7,37.834285799995996,303665152
train,language,,kn,sp_unigram,8192,observed,32,153841,153841,60531,38745,3.9706026584075365,0.6400852455766467,0.2518509370063897,0,0.0,3.9706026584075365,3,9,21,"{""1"": 7300, ""10"": 317, ""12"": 654, ""13"": 275, ""15"": 294, ""18"": 142, ""2"": 1223, ""21"": 66, ""3"": 17518, ""4"": 2070, ""5"": 20, ""6"": 6335, ""7"": 286, ""8"": 1, ""9"": 2244}",8188,634,7.7430385930630194,39,0.10065814943863724,0,0.0,38745,38713,0,0.0,0,0.0,0,4099,3144,7243,0,7243,7243,1.0,0.0,49,1395,77,1423,36,1472,1662,1.034434293745608,2.52986647926915,15,37.834285799995996,303665152
train,language,,ko,sp_unigram,8192,observed,32,118352,118352,51206,46700,2.534304068522484,0.9120024997070656,0.3945856428281736,0,0.0,2.534304068522484,3,3,15,"{""1"": 13513, ""12"": 33, ""13"": 35, ""15"": 30, ""2"": 1236, ""3"": 29902, ""4"": 587, ""5"": 13, ""6"": 990, ""7"": 121, ""9"": 240}",8188,1454,17.757694186614557,926,1.9828693790149894,0,0.0,46700,46668,0,0.0,0,0.0,1,10061,992,11052,1,11053,11053,1.0000904813608396,0.009048136083966703,157,2380,220,2443,135,2600,2934,1.0642652476463366,5.525992632009824,6,37.834285799995996,303665152
train,language,,ml,sp_unigram,8192,observed,32,137273,137273,52226,33463,4.1022323162896335,0.6407345000574427,0.2437697143648059,0,0.0,4.1022323162896335,3,9,28,"{""1"": 5352, ""10"": 67, ""12"": 1220, ""13"": 60, ""15"": 176, ""18"": 51, ""2"": 853, ""24"": 39, ""28"": 36, ""3"": 17202, ""4"": 1200, ""5"": 40, ""6"": 4058, ""7"": 156, ""9"": 2953}",8188,546,6.668295065950171,15,0.04482562830589009,0,0.0,33463,33431,0,0.0,0,0.0,0,3528,1669,5197,0,5197,5197,1.0,0.0,42,1188,27,1173,37,1215,1378,1.0358056265984654,3.154305200341006,13,37.834285799995996,303665152
train,language,,mr,sp_unigram,8192,observed,32,145113,145113,56571,34811,4.1685961334061075,0.6153506213430909,0.23988891415655386,0,0.0,4.1685961334061075,3,10,24,"{""1"": 5672, ""10"": 415, ""12"": 638, ""13"": 401, ""15"": 105, ""16"": 108, ""19"": 63, ""2"": 829, ""24"": 33, ""3"": 15683, ""4"": 1125, ""5"": 28, ""6"": 6730, ""7"": 1713, ""9"": 1268}",8188,631,7.706399609184172,1,0.0028726551951969207,0,0.0,34811,34779,0,0.0,0,0.0,0,3766,4014,7780,0,7780,7780,1.0,0.0,53,1313,63,1323,39,1376,1551,1.0400604686318973,2.947845804988662,13,37.834285799995996,303665152
train,language,,python,sp_unigram,8192,observed,32,48487,48487,48387,26542,1.8268028031045136,0.5485357637381941,0.5474044589271351,311,1.171727827594002,1.8268028031045136,1,5,16,"{""1"": 16023, ""10"": 4, ""11"": 6, ""12"": 10, ""16"": 10, ""2"": 5133, ""3"": 2441, ""4"": 1470, ""5"": 575, ""6"": 528, ""7"": 212, ""8"": 88, ""9"": 42}",8188,842,10.28334147532975,6,0.022605681561299072,0,0.0,26542,26510,0,0.0,0,0.0,5929,8202,2343,4625,800,10554,10776,2.281945945945946,17.2972972972973,804,3699,956,3862,407,4666,5228,1.2081822889694458,10.538581046090108,7,37.834285799995996,303665152
train,language,,ru,sp_unigram,8192,observed,32,106212,106212,58870,34146,3.1105253909681956,0.5800237812128418,0.3214890972771438,0,0.0,3.1105253909681956,3,6,11,"{""1"": 5850, ""10"": 47, ""11"": 6, ""2"": 11212, ""3"": 1394, ""4"": 10523, ""5"": 1759, ""6"": 1965, ""7"": 715, ""8"": 537, ""9"": 138}",8188,592,7.23009281875916,2,0.0058572014291571484,0,0.0,34146,34114,0,0.0,0,0.0,0,3804,4007,7811,0,7811,7811,1.0,0.0,89,1591,138,1640,74,1729,1917,1.0542682926829268,4.512195121951219,8,37.834285799995996,303665152
train,language,,rust,sp_unigram,8192,observed,32,56922,56922,56922,31796,1.7902251855579319,0.558588946277362,0.558588946277362,0,0.0,1.7902251855579319,1,4,12,"{""1"": 18598, ""10"": 1, ""11"": 1, ""12"": 3, ""2"": 6707, ""3"": 3445, ""4"": 1748, ""5"": 650, ""6"": 331, ""7"": 229, ""8"": 60, ""9"": 23}",8188,816,9.96580361504641,0,0.0,0,0.0,31796,31764,0,0.0,49,0.1541074348974714,6859,9233,3564,6228,1045,13087,13231,2.101316634553629,16.779062299293514,697,4402,2071,5827,571,6524,8582,1.1196155826325724,9.799210571477603,6,37.834285799995996,303665152
train,language,,sql,sp_unigram,8192,observed,32,36373,36373,36088,19902,1.827605265802432,0.5514852582575925,0.5471641052428999,135,0.6783237865541152,1.827605265802432,1,4,16,"{""1"": 11497, ""10"": 3, ""11"": 1, ""12"": 18, ""16"": 29, ""2"": 4704, ""3"": 1735, ""4"": 989, ""5"": 300, ""6"": 357, ""7"": 215, ""8"": 47, ""9"": 7}",8188,767,9.367366878358574,3,0.015073861923424782,0,0.0,19902,19870,0,0.0,0,0.0,2649,4254,2300,3925,557,6574,6655,1.674904458598726,14.19108280254777,228,2330,1001,3103,174,3331,4498,1.073477280051563,5.607476635514018,7,37.834285799995996,303665152
train,language,,sw,sp_unigram,8192,observed,32,62449,62449,62216,32685,1.9106317882820867,0.5253471775749003,0.5233870838604301,0,0.0,1.9106317882820867,2,3,9,"{""1"": 12312, ""2"": 13256, ""3"": 5716, ""4"": 867, ""5"": 387, ""6"": 19, ""7"": 96, ""9"": 32}",8188,586,7.1568148510014655,3,0.009178522257916476,0,0.0,32685,32653,0,0.0,0,0.0,5,3911,5195,9101,5,9106,9106,1.0005493901769036,0.054939017690363696,88,1443,93,1448,82,1536,1753,1.0607734806629834,5.662983425414365,5,37.834285799995996,303665152
train,language,,ta,sp_unigram,8192,observed,32,140738,140738,53567,30593,4.600333409603504,0.5711165456344391,0.2173755488922679,0,0.0,4.600333409603504,3,12,19,"{""1"": 5247, ""10"": 108, ""12"": 990, ""13"": 156, ""15"": 351, ""16"": 31, ""18"": 143, ""19"": 39, ""2"": 760, ""3"": 11636, ""4"": 1521, ""5"": 29, ""6"": 5544, ""7"": 418, ""9"": 3620}",8188,500,6.106497313141182,12,0.03922465923577289,0,0.0,30593,30561,0,0.0,0,0.0,0,3321,2470,5791,0,5791,5791,1.0,0.0,111,1418,50,1357,71,1468,1788,1.081798084008843,5.232129697862933,15,37.834285799995996,303665152
train,language,,te,sp_unigram,8192,observed,32,158103,158103,60933,39825,3.969943502824859,0.6535867264044114,0.2518927534581886,0,0.0,3.969943502824859,3,9,21,"{""1"": 6676, ""10"": 307, ""12"": 297, ""13"": 36, ""15"": 127, ""16"": 31, ""18"": 39, ""2"": 935, ""21"": 33, ""3"": 17018, ""4"": 2376, ""5"": 24, ""6"": 9661, ""7"": 185, ""9"": 2080}",8188,561,6.851489985344406,22,0.05524168236032643,0,0.0,39825,39793,0,0.0,0,0.0,0,4346,3142,7488,0,7488,7488,1.0,0.0,143,1648,75,1580,130,1723,1939,1.090506329113924,8.227848101265822,12,37.834285799995996,303665152
train,language,,typescript,sp_unigram,8192,observed,32,43989,43989,43698,21734,2.0239716573111255,0.4973683006087235,0.49407806497078816,41,0.18864452010674518,2.0239716573111255,1,6,16,"{""1"": 11480, ""11"": 92, ""12"": 5, ""16"": 3, ""2"": 5386, ""3"": 1923, ""4"": 1152, ""5"": 608, ""6"": 591, ""7"": 367, ""8"": 58, ""9"": 69}",8188,865,10.564240351734245,6,0.027606515137572465,0,0.0,21734,21702,0,0.0,6,0.027606515137572465,4025,5144,3013,4263,922,8288,8393,1.9441707717569787,21.62796152943936,541,2208,1618,3292,336,3833,4406,1.164337788578372,10.206561360874849,8,37.834285799995996,303665152
train,language,,uk,sp_unigram,8192,observed,32,95676,95676,53182,32255,2.966237792590296,0.6065021999924787,0.33712738826874034,0,0.0,2.966237792590296,2,6,10,"{""1"": 5938, ""10"": 34, ""2"": 11513, ""3"": 1030, ""4"": 9772, ""5"": 1438, ""6"": 1359, ""7"": 609, ""8"": 471, ""9"": 91}",8188,577,7.046897899364924,14,0.04340412339172221,0,0.0,32255,32223,0,0.0,0,0.0,0,3847,3246,7093,0,7093,7093,1.0,0.0,102,1755,196,1849,97,1951,2167,1.055164954029205,5.246078961600865,8,37.834285799995996,303665152
train,language,,ur,sp_unigram,8192,observed,32,112341,112341,64366,36641,3.065991648699544,0.5692601684118945,0.3261587488094284,0,0.0,3.065991648699544,2,7,9,"{""1"": 5865, ""2"": 14979, ""3"": 1535, ""4"": 6094, ""5"": 4917, ""6"": 527, ""7"": 2328, ""8"": 70, ""9"": 326}",8188,632,7.718612603810454,15,0.04093774733222347,0,0.0,36641,36609,0,0.0,0,0.0,0,4448,9097,13545,0,13545,13545,1.0,0.0,175,1095,607,1527,168,1702,1777,1.114603798297315,11.00196463654224,8,37.834285799995996,303665152
train,language,,yo,sp_unigram,8192,observed,32,69432,69432,59766,32169,2.1583512076844165,0.5382491717699026,0.46331662633944004,0,0.0,2.1583512076844165,2,5,7,"{""1"": 12927, ""2"": 9573, ""3"": 5765, ""4"": 1473, ""5"": 1384, ""6"": 77, ""7"": 970}",8188,579,7.071323888617489,10,0.031085827971028008,0,0.0,32169,32137,0,0.0,0,0.0,0,5189,6298,11487,0,11487,11487,1.0,0.0,49,1557,84,1592,49,1641,1859,1.0307788944723617,3.077889447236181,7,37.834285799995996,303665152
train,language,,zh,sp_unigram,8192,observed,32,130086,130086,53452,46225,2.8141914548404543,0.8647945820549278,0.35534185077564073,0,0.0,2.8141914548404543,3,6,33,"{""1"": 8528, ""12"": 145, ""2"": 1665, ""3"": 33502, ""33"": 36, ""4"": 151, ""5"": 44, ""6"": 1576, ""7"": 344, ""9"": 234}",8188,3172,38.73961895456766,2814,6.087614926987561,0,0.0,46225,46193,0,0.0,0,0.0,0,3071,684,3755,0,3755,3755,1.0,0.0,239,3392,82,3235,215,3474,3602,1.0738794435857806,6.6460587326120555,7,37.834285799995996,303665152
train,domain,code,,sp_unigram,8192,observed,288,430843,430843,428938,225216,1.9130212773515203,0.5250549030396001,0.5227333390585434,2673,1.1868606138107416,1.9130212773515203,1,5,16,"{""1"": 126161, ""10"": 36, ""11"": 138, ""12"": 107, ""14"": 45, ""16"": 117, ""2"": 50519, ""3"": 22549, ""4"": 12113, ""5"": 4602, ""6"": 4862, ""7"": 2585, ""8"": 834, ""9"": 548}",8188,1374,16.780654616511967,44,0.019536800227337312,0,0.0,225216,224928,0,0.0,386,0.1713910201761864,36552,53102,26354,44182,7968,80734,82443,1.8273052374270065,18.03449368521117,4086,27987,13370,37562,2862,41648,51638,1.1087801501517491,7.619402587721633,7,37.834285799995996,303665152
train,domain,cyrillic_african,,sp_unigram,8192,observed,192,583695,583695,352072,212521,2.746528578352257,0.6036293712649685,0.36409597478134986,0,0.0,2.746528578352257,2,6,15,"{""1"": 51381, ""10"": 611, ""11"": 61, ""13"": 32, ""15"": 45, ""2"": 56972, ""3"": 46269, ""4"": 36453, ""5"": 7520, ""6"": 6525, ""7"": 4636, ""8"": 1467, ""9"": 549}",8188,1447,17.672203224230582,120,0.0564650081638991,0,0.0,212521,212329,0,0.0,0,0.0,5,26008,29668,55671,5,55676,55676,1.0000898133678218,0.008981336782166657,704,10368,946,10610,634,11314,12806,1.0663524976437324,5.975494816211121,8,37.834285799995996,303665152
train,domain,indic_cjk_arabic,,sp_unigram,8192,observed,448,1882068,1882068,800441,542085,3.4719056974459725,0.6772329253499009,0.288026256224536,0,0.0,3.4719056974459725,3,9,33,"{""1"": 99825, ""10"": 3625, ""12"": 4464, ""13"": 1899, ""15"": 1208, ""16"": 332, ""18"": 409, ""19"": 102, ""2"": 56036, ""21"": 99, ""24"": 72, ""25"": 41, ""28"": 36, ""3"": 238831, ""33"": 36, ""4"": 33957, ""5"": 10727, ""6"": 57814, ""7"": 14862, ""8"": 358, ""9"": 17352}",8188,6884,84.07425500732779,5032,0.9282677070939059,0,0.0,542085,541637,0,0.0,0,0.0,1,62902,52202,115103,1,115104,115104,1.0000086878708634,0.0008687870863487486,1671,24733,1926,24988,1422,26659,29420,1.0668720986073315,5.690731551144549,12,37.834285799995996,303665152
train,domain,latin_english,,sp_unigram,8192,observed,32,59492,59492,59076,30436,1.954658956498883,0.5152007583451825,0.5115981980770524,0,0.0,1.954658956498883,2,4,12,"{""1"": 13917, ""10"": 3, ""12"": 1, ""2"": 8700, ""3"": 4728, ""4"": 2070, ""5"": 665, ""6"": 164, ""7"": 157, ""8"": 18, ""9"": 13}",8188,750,9.159745969711773,12,0.03942699434879748,0,0.0,30436,30404,0,0.0,0,0.0,3,4757,4544,9298,3,9301,9301,1.000322650032265,0.032265003226500326,126,1745,145,1764,105,1890,2096,1.0714285714285714,5.9523809523809526,6,37.834285799995996,303665152
train,aggregate,,,sp_unigram,8192,observed,960,2956098,2956098,1640527,1010258,2.9260822482969697,0.6158130893304408,0.34175389313886073,2673,0.26458587806283146,2.9260822482969697,3,7,33,"{""1"": 291284, ""10"": 4275, ""11"": 199, ""12"": 4572, ""13"": 1931, ""14"": 45, ""15"": 1253, ""16"": 449, ""18"": 409, ""19"": 102, ""2"": 172227, ""21"": 99, ""24"": 72, ""25"": 41, ""28"": 36, ""3"": 312377, ""33"": 36, ""4"": 84593, ""5"": 23514, ""6"": 69365, ""7"": 22240, ""8"": 2677, ""9"": 18462}",8188,7929,96.83683439179286,5208,0.5155118791437435,0,0.0,1010258,1009298,0,0.0,386,0.03820806170305011,36561,146769,112768,224254,7977,260815,262524,1.1630338812239693,3.557127186137148,6587,64833,16387,74924,5023,81511,95960,1.0879157546313598,6.704126848539854,10,37.834285799995996,303665152
validation,stratum,flores200,am,sp_unigram,8192,observed,32,6471,6471,2573,2050,3.1565853658536587,0.7967353284104158,0.3167980219440581,0,0.0,3.1565853658536587,3,6,13,"{""1"": 256, ""10"": 26, ""13"": 1, ""2"": 33, ""3"": 1413, ""4"": 184, ""6"": 64, ""7"": 70, ""9"": 3}",8188,272,3.321934538348803,9,0.43902439024390244,0,0.0,2050,2018,0,0.0,0,0.0,0,201,285,486,0,486,486,1.0,0.0,1,52,24,75,1,76,76,1.0133333333333334,1.3333333333333333,10,37.834285799995996,303665152
validation,stratum,flores200,ar,sp_unigram,8192,observed,32,6539,6539,3628,2295,2.8492374727668843,0.63257993384785,0.35097109649793545,10,0.4357298474945534,2.8492374727668843,2,6,9,"{""1"": 264, ""2"": 1145, ""3"": 110, ""4"": 478, ""5"": 169, ""6"": 16, ""7"": 105, ""8"": 5, ""9"": 3}",8188,224,2.7357107962872496,14,0.6100217864923747,10,0.4357298474945534,2295,2263,0,0.0,0,0.0,0,185,396,581,0,581,581,1.0,0.0,1,73,14,86,1,87,88,1.0116279069767442,1.1627906976744187,7,37.834285799995996,303665152
validation,stratum,flores200,bg,sp_unigram,8192,observed,32,7482,7482,4146,2398,3.1201000834028356,0.578388808490111,0.3205025394279604,0,0.0,3.1201000834028356,3,6,11,"{""1"": 417, ""11"": 3, ""2"": 723, ""3"": 109, ""4"": 762, ""5"": 202, ""6"": 114, ""7"": 34, ""8"": 27, ""9"": 7}",8188,282,3.444064484611627,0,0.0,0,0.0,2398,2366,0,0.0,0,0.0,0,281,336,617,0,617,617,1.0,0.0,3,119,5,121,3,124,124,1.024793388429752,2.479338842975207,8,37.834285799995996,303665152
validation,stratum,flores200,bn,sp_unigram,8192,observed,32,10772,10772,4028,2682,4.0164056674123785,0.6658391261171798,0.24897883401411067,0,0.0,4.0164056674123785,3,9,16,"{""1"": 376, ""10"": 62, ""12"": 30, ""13"": 21, ""15"": 5, ""16"": 6, ""2"": 15, ""3"": 1454, ""4"": 85, ""6"": 428, ""7"": 64, ""9"": 136}",8188,199,2.4303859306301905,0,0.0,0,0.0,2682,2650,0,0.0,0,0.0,2,318,242,558,2,560,560,1.003584229390681,0.35842293906810035,4,82,4,82,4,86,90,1.048780487804878,4.878048780487805,13,37.834285799995996,303665152
validation,stratum,flores200,fa,sp_unigram,8192,observed,32,6879,6879,3885,2320,2.965086206896552,0.5971685971685972,0.33725832243058584,0,0.0,2.965086206896552,2,6,10,"{""1"": 385, ""10"": 1, ""2"": 897, ""3"": 123, ""4"": 530, ""5"": 232, ""6"": 59, ""7"": 67, ""8"": 16, ""9"": 10}",8188,290,3.5417684416218855,1,0.04310344827586207,0,0.0,2320,2288,0,0.0,0,0.0,0,288,412,700,0,700,700,1.0,0.0,4,96,12,104,4,108,108,1.0384615384615385,3.8461538461538463,8,37.834285799995996,303665152
validation,stratum,flores200,gu,sp_unigram,8192,observed,32,9612,9612,3700,2610,3.682758620689655,0.7054054054054054,0.27153558052434457,0,0.0,3.682758620689655,3,9,13,"{""1"": 477, ""10"": 34, ""13"": 20, ""2"": 27, ""3"": 1371, ""4"": 48, ""6"": 445, ""7"": 93, ""9"": 95}",8188,182,2.2227650219833905,3,0.11494252873563218,0,0.0,2610,2578,0,0.0,0,0.0,2,369,201,568,2,570,570,1.0035211267605635,0.352112676056338,11,83,6,78,9,89,91,1.141025641025641,11.538461538461538,10,37.834285799995996,303665152
validation,stratum,flores200,hi,sp_unigram,8192,observed,32,10074,10074,3966,2567,3.9244253992987925,0.6472516389309128,0.25481437363510023,0,0.0,3.9244253992987925,3,9,16,"{""1"": 425, ""10"": 76, ""12"": 5, ""13"": 12, ""15"": 1, ""16"": 1, ""2"": 31, ""3"": 1255, ""4"": 72, ""6"": 396, ""7"": 243, ""9"": 50}",8188,237,2.89447972642892,0,0.0,0,0.0,2567,2535,0,0.0,0,0.0,0,335,412,747,0,747,747,1.0,0.0,1,75,6,80,1,81,81,1.0125,1.25,10,37.834285799995996,303665152
validation,stratum,flores200,ja,sp_unigram,8192,observed,32,5110,5110,1782,1655,3.0876132930513593,0.9287317620650954,0.3238747553816047,81,4.8942598187311175,3.0876132930513593,3,6,9,"{""1"": 139, ""2"": 22, ""3"": 1369, ""4"": 1, ""6"": 100, ""9"": 24}",8188,500,6.106497313141182,157,9.486404833836858,81,4.8942598187311175,1655,1623,0,0.0,0,0.0,0,1,1,2,0,2,2,1.0,0.0,2,113,0,111,2,113,113,1.018018018018018,1.8018018018018018,9,37.834285799995996,303665152
validation,stratum,flores200,kn,sp_unigram,8192,observed,32,11326,11326,4264,2746,4.124544792425346,0.6439962476547842,0.24245099770439696,0,0.0,4.124544792425346,3,10,21,"{""1"": 478, ""10"": 22, ""12"": 60, ""13"": 24, ""15"": 20, ""18"": 10, ""2"": 28, ""21"": 7, ""3"": 1279, ""4"": 121, ""6"": 549, ""7"": 17, ""9"": 131}",8188,210,2.5647288715192964,1,0.03641660597232338,0,0.0,2746,2714,0,0.0,0,0.0,46,360,189,503,42,549,549,1.091451292246521,8.34990059642147,0,85,5,90,0,90,90,1.0,0.0,15,37.834285799995996,303665152
validation,stratum,flores200,ko,sp_unigram,8192,observed,32,4735,4735,2037,1890,2.505291005291005,0.9278350515463918,0.3991552270327349,45,2.380952380952381,2.505291005291005,3,3,9,"{""1"": 577, ""2"": 49, ""3"": 1184, ""4"": 16, ""6"": 44, ""9"": 20}",8188,451,5.508060576453347,103,5.449735449735449,45,2.380952380952381,1890,1858,0,0.0,0,0.0,0,405,25,430,0,430,430,1.0,0.0,4,76,3,75,3,79,81,1.0533333333333332,4.0,9,37.834285799995996,303665152
validation,stratum,flores200,ml,sp_unigram,8192,observed,32,11894,11894,4384,2937,4.049710589036431,0.6699361313868614,0.24693122582814864,0,0.0,4.049710589036431,3,9,24,"{""1"": 438, ""10"": 8, ""12"": 86, ""13"": 5, ""15"": 14, ""18"": 9, ""2"": 31, ""24"": 6, ""3"": 1618, ""4"": 86, ""6"": 401, ""7"": 9, ""9"": 226}",8188,197,2.405959941377626,1,0.03404834865509023,0,0.0,2937,2905,0,0.0,0,0.0,5,330,117,442,5,447,447,1.01131221719457,1.1312217194570136,7,80,7,80,7,87,91,1.0875,8.75,13,37.834285799995996,303665152
validation,stratum,flores200,mr,sp_unigram,8192,observed,32,10965,10965,4109,2619,4.186712485681558,0.6373813579946459,0.23885088919288647,0,0.0,4.186712485681558,3,10,24,"{""1"": 377, ""10"": 31, ""12"": 59, ""13"": 24, ""15"": 17, ""16"": 2, ""19"": 2, ""2"": 16, ""24"": 3, ""3"": 1305, ""4"": 77, ""6"": 502, ""7"": 121, ""9"": 83}",8188,248,3.0288226673180265,0,0.0,0,0.0,2619,2587,0,0.0,0,0.0,1,280,264,543,1,544,544,1.0018416206261511,0.1841620626151013,6,77,7,78,6,84,88,1.0769230769230769,7.6923076923076925,13,37.834285799995996,303665152
validation,stratum,flores200,ru,sp_unigram,8192,observed,32,7654,7654,4261,2530,3.025296442687747,0.5937573339591645,0.3305461196759864,0,0.0,3.025296442687747,2,6,10,"{""1"": 435, ""10"": 4, ""2"": 904, ""3"": 111, ""4"": 718, ""5"": 126, ""6"": 138, ""7"": 56, ""8"": 26, ""9"": 12}",8188,330,4.03028822667318,0,0.0,0,0.0,2530,2498,0,0.0,0,0.0,5,268,308,571,5,576,576,1.0087565674255692,0.8756567425569177,3,118,9,124,3,127,130,1.0241935483870968,2.4193548387096775,8,37.834285799995996,303665152
validation,stratum,flores200,sw,sp_unigram,8192,observed,32,4405,4405,4397,2251,1.9569080408707242,0.5119399590629975,0.5110102156640182,0,0.0,1.9569080408707242,2,3,7,"{""1"": 811, ""2"": 896, ""3"": 446, ""4"": 56, ""5"": 27, ""7"": 15}",8188,302,3.688324377137274,0,0.0,0,0.0,2251,2219,0,0.0,0,0.0,0,292,368,660,0,660,660,1.0,0.0,1,71,6,76,1,77,77,1.013157894736842,1.3157894736842106,5,37.834285799995996,303665152
validation,stratum,flores200,ta,sp_unigram,8192,observed,32,12193,12193,4517,2643,4.61331819901627,0.5851228691609476,0.2167637168867383,0,0.0,4.61331819901627,3,9,19,"{""1"": 429, ""10"": 12, ""12"": 67, ""13"": 6, ""15"": 20, ""16"": 4, ""18"": 12, ""19"": 2, ""2"": 28, ""3"": 1046, ""4"": 119, ""6"": 516, ""7"": 30, ""9"": 352}",8188,197,2.405959941377626,7,0.26485054861899354,0,0.0,2643,2611,0,0.0,0,0.0,1,296,179,474,1,475,475,1.0021097046413503,0.2109704641350211,9,102,5,98,9,107,111,1.0918367346938775,9.183673469387756,15,37.834285799995996,303665152
validation,stratum,flores200,te,sp_unigram,8192,observed,32,10409,10409,3954,2576,4.040760869565218,0.6514921598381386,0.24747814391392065,0,0.0,4.040760869565218,3,9,21,"{""1"": 439, ""10"": 14, ""12"": 20, ""13"": 1, ""15"": 8, ""16"": 4, ""18"": 2, ""2"": 45, ""21"": 1, ""3"": 1061, ""4"": 133, ""6"": 697, ""7"": 5, ""9"": 146}",8188,241,2.94333170493405,0,0.0,0,0.0,2576,2544,0,0.0,0,0.0,6,314,172,480,6,486,486,1.0125,1.25,7,85,7,85,7,92,92,1.0823529411764705,8.235294117647058,12,37.834285799995996,303665152
validation,stratum,flores200,uk,sp_unigram,8192,observed,32,7446,7446,4118,2534,2.9384372533543806,0.61534725594949,0.3403169486972871,0,0.0,2.9384372533543806,2,6,10,"{""1"": 470, ""10"": 1, ""2"": 917, ""3"": 69, ""4"": 781, ""5"": 102, ""6"": 115, ""7"": 44, ""8"": 22, ""9"": 13}",8188,297,3.627259404005862,1,0.03946329913180742,0,0.0,2534,2502,0,0.0,0,0.0,0,321,234,555,0,555,555,1.0,0.0,1,117,8,124,1,125,126,1.0080645161290323,0.8064516129032258,8,37.834285799995996,303665152
validation,stratum,flores200,ur,sp_unigram,8192,observed,32,6879,6879,3892,2304,2.9856770833333335,0.591983556012333,0.3349324029655473,0,0.0,2.9856770833333335,2,7,9,"{""1"": 324, ""2"": 1029, ""3"": 89, ""4"": 397, ""5"": 298, ""6"": 32, ""7"": 125, ""8"": 5, ""9"": 5}",8188,255,3.114313629702003,0,0.0,0,0.0,2304,2272,0,0.0,0,0.0,0,274,519,793,0,793,793,1.0,0.0,1,63,9,71,1,72,72,1.0140845070422535,1.408450704225352,7,37.834285799995996,303665152
validation,stratum,flores200,yo,sp_unigram,8192,observed,32,5063,5063,3889,2887,1.7537235885001732,0.7423502185651839,0.5702152873790243,8,0.27710426047800485,1.7537235885001732,2,3,7,"{""1"": 1347, ""2"": 1119, ""3"": 277, ""4"": 87, ""5"": 49, ""6"": 2, ""7"": 6}",8188,298,3.6394723986321447,12,0.4156563907170073,8,0.27710426047800485,2887,2855,0,0.0,0,0.0,0,510,208,718,0,718,718,1.0,0.0,2,73,5,76,2,78,78,1.0263157894736843,2.6315789473684212,5,37.834285799995996,303665152
validation,stratum,flores200,zh,sp_unigram,8192,observed,32,3769,3769,1485,1444,2.6101108033241,0.9723905723905724,0.3831254974794375,78,5.401662049861496,2.6101108033241,3,3,6,"{""1"": 267, ""2"": 66, ""3"": 1098, ""4"": 1, ""6"": 12}",8188,607,7.413287738153395,181,12.534626038781163,78,5.401662049861496,1444,1412,0,0.0,0,0.0,0,51,12,63,0,63,63,1.0,0.0,6,132,6,132,6,138,138,1.0454545454545454,4.545454545454546,3,37.834285799995996,303665152
validation,language,,am,sp_unigram,8192,observed,32,6471,6471,2573,2050,3.1565853658536587,0.7967353284104158,0.3167980219440581,0,0.0,3.1565853658536587,3,6,13,"{""1"": 256, ""10"": 26, ""13"": 1, ""2"": 33, ""3"": 1413, ""4"": 184, ""6"": 64, ""7"": 70, ""9"": 3}",8188,272,3.321934538348803,9,0.43902439024390244,0,0.0,2050,2018,0,0.0,0,0.0,0,201,285,486,0,486,486,1.0,0.0,1,52,24,75,1,76,76,1.0133333333333334,1.3333333333333333,10,37.834285799995996,303665152
validation,language,,ar,sp_unigram,8192,observed,32,6539,6539,3628,2295,2.8492374727668843,0.63257993384785,0.35097109649793545,10,0.4357298474945534,2.8492374727668843,2,6,9,"{""1"": 264, ""2"": 1145, ""3"": 110, ""4"": 478, ""5"": 169, ""6"": 16, ""7"": 105, ""8"": 5, ""9"": 3}",8188,224,2.7357107962872496,14,0.6100217864923747,10,0.4357298474945534,2295,2263,0,0.0,0,0.0,0,185,396,581,0,581,581,1.0,0.0,1,73,14,86,1,87,88,1.0116279069767442,1.1627906976744187,7,37.834285799995996,303665152
validation,language,,bg,sp_unigram,8192,observed,32,7482,7482,4146,2398,3.1201000834028356,0.578388808490111,0.3205025394279604,0,0.0,3.1201000834028356,3,6,11,"{""1"": 417, ""11"": 3, ""2"": 723, ""3"": 109, ""4"": 762, ""5"": 202, ""6"": 114, ""7"": 34, ""8"": 27, ""9"": 7}",8188,282,3.444064484611627,0,0.0,0,0.0,2398,2366,0,0.0,0,0.0,0,281,336,617,0,617,617,1.0,0.0,3,119,5,121,3,124,124,1.024793388429752,2.479338842975207,8,37.834285799995996,303665152
validation,language,,bn,sp_unigram,8192,observed,32,10772,10772,4028,2682,4.0164056674123785,0.6658391261171798,0.24897883401411067,0,0.0,4.0164056674123785,3,9,16,"{""1"": 376, ""10"": 62, ""12"": 30, ""13"": 21, ""15"": 5, ""16"": 6, ""2"": 15, ""3"": 1454, ""4"": 85, ""6"": 428, ""7"": 64, ""9"": 136}",8188,199,2.4303859306301905,0,0.0,0,0.0,2682,2650,0,0.0,0,0.0,2,318,242,558,2,560,560,1.003584229390681,0.35842293906810035,4,82,4,82,4,86,90,1.048780487804878,4.878048780487805,13,37.834285799995996,303665152
validation,language,,fa,sp_unigram,8192,observed,32,6879,6879,3885,2320,2.965086206896552,0.5971685971685972,0.33725832243058584,0,0.0,2.965086206896552,2,6,10,"{""1"": 385, ""10"": 1, ""2"": 897, ""3"": 123, ""4"": 530, ""5"": 232, ""6"": 59, ""7"": 67, ""8"": 16, ""9"": 10}",8188,290,3.5417684416218855,1,0.04310344827586207,0,0.0,2320,2288,0,0.0,0,0.0,0,288,412,700,0,700,700,1.0,0.0,4,96,12,104,4,108,108,1.0384615384615385,3.8461538461538463,8,37.834285799995996,303665152
validation,language,,gu,sp_unigram,8192,observed,32,9612,9612,3700,2610,3.682758620689655,0.7054054054054054,0.27153558052434457,0,0.0,3.682758620689655,3,9,13,"{""1"": 477, ""10"": 34, ""13"": 20, ""2"": 27, ""3"": 1371, ""4"": 48, ""6"": 445, ""7"": 93, ""9"": 95}",8188,182,2.2227650219833905,3,0.11494252873563218,0,0.0,2610,2578,0,0.0,0,0.0,2,369,201,568,2,570,570,1.0035211267605635,0.352112676056338,11,83,6,78,9,89,91,1.141025641025641,11.538461538461538,10,37.834285799995996,303665152
validation,language,,hi,sp_unigram,8192,observed,32,10074,10074,3966,2567,3.9244253992987925,0.6472516389309128,0.25481437363510023,0,0.0,3.9244253992987925,3,9,16,"{""1"": 425, ""10"": 76, ""12"": 5, ""13"": 12, ""15"": 1, ""16"": 1, ""2"": 31, ""3"": 1255, ""4"": 72, ""6"": 396, ""7"": 243, ""9"": 50}",8188,237,2.89447972642892,0,0.0,0,0.0,2567,2535,0,0.0,0,0.0,0,335,412,747,0,747,747,1.0,0.0,1,75,6,80,1,81,81,1.0125,1.25,10,37.834285799995996,303665152
validation,language,,ja,sp_unigram,8192,observed,32,5110,5110,1782,1655,3.0876132930513593,0.9287317620650954,0.3238747553816047,81,4.8942598187311175,3.0876132930513593,3,6,9,"{""1"": 139, ""2"": 22, ""3"": 1369, ""4"": 1, ""6"": 100, ""9"": 24}",8188,500,6.106497313141182,157,9.486404833836858,81,4.8942598187311175,1655,1623,0,0.0,0,0.0,0,1,1,2,0,2,2,1.0,0.0,2,113,0,111,2,113,113,1.018018018018018,1.8018018018018018,9,37.834285799995996,303665152
validation,language,,kn,sp_unigram,8192,observed,32,11326,11326,4264,2746,4.124544792425346,0.6439962476547842,0.24245099770439696,0,0.0,4.124544792425346,3,10,21,"{""1"": 478, ""10"": 22, ""12"": 60, ""13"": 24, ""15"": 20, ""18"": 10, ""2"": 28, ""21"": 7, ""3"": 1279, ""4"": 121, ""6"": 549, ""7"": 17, ""9"": 131}",8188,210,2.5647288715192964,1,0.03641660597232338,0,0.0,2746,2714,0,0.0,0,0.0,46,360,189,503,42,549,549,1.091451292246521,8.34990059642147,0,85,5,90,0,90,90,1.0,0.0,15,37.834285799995996,303665152
validation,language,,ko,sp_unigram,8192,observed,32,4735,4735,2037,1890,2.505291005291005,0.9278350515463918,0.3991552270327349,45,2.380952380952381,2.505291005291005,3,3,9,"{""1"": 577, ""2"": 49, ""3"": 1184, ""4"": 16, ""6"": 44, ""9"": 20}",8188,451,5.508060576453347,103,5.449735449735449,45,2.380952380952381,1890,1858,0,0.0,0,0.0,0,405,25,430,0,430,430,1.0,0.0,4,76,3,75,3,79,81,1.0533333333333332,4.0,9,37.834285799995996,303665152
validation,language,,ml,sp_unigram,8192,observed,32,11894,11894,4384,2937,4.049710589036431,0.6699361313868614,0.24693122582814864,0,0.0,4.049710589036431,3,9,24,"{""1"": 438, ""10"": 8, ""12"": 86, ""13"": 5, ""15"": 14, ""18"": 9, ""2"": 31, ""24"": 6, ""3"": 1618, ""4"": 86, ""6"": 401, ""7"": 9, ""9"": 226}",8188,197,2.405959941377626,1,0.03404834865509023,0,0.0,2937,2905,0,0.0,0,0.0,5,330,117,442,5,447,447,1.01131221719457,1.1312217194570136,7,80,7,80,7,87,91,1.0875,8.75,13,37.834285799995996,303665152
validation,language,,mr,sp_unigram,8192,observed,32,10965,10965,4109,2619,4.186712485681558,0.6373813579946459,0.23885088919288647,0,0.0,4.186712485681558,3,10,24,"{""1"": 377, ""10"": 31, ""12"": 59, ""13"": 24, ""15"": 17, ""16"": 2, ""19"": 2, ""2"": 16, ""24"": 3, ""3"": 1305, ""4"": 77, ""6"": 502, ""7"": 121, ""9"": 83}",8188,248,3.0288226673180265,0,0.0,0,0.0,2619,2587,0,0.0,0,0.0,1,280,264,543,1,544,544,1.0018416206261511,0.1841620626151013,6,77,7,78,6,84,88,1.0769230769230769,7.6923076923076925,13,37.834285799995996,303665152
validation,language,,ru,sp_unigram,8192,observed,32,7654,7654,4261,2530,3.025296442687747,0.5937573339591645,0.3305461196759864,0,0.0,3.025296442687747,2,6,10,"{""1"": 435, ""10"": 4, ""2"": 904, ""3"": 111, ""4"": 718, ""5"": 126, ""6"": 138, ""7"": 56, ""8"": 26, ""9"": 12}",8188,330,4.03028822667318,0,0.0,0,0.0,2530,2498,0,0.0,0,0.0,5,268,308,571,5,576,576,1.0087565674255692,0.8756567425569177,3,118,9,124,3,127,130,1.0241935483870968,2.4193548387096775,8,37.834285799995996,303665152
validation,language,,sw,sp_unigram,8192,observed,32,4405,4405,4397,2251,1.9569080408707242,0.5119399590629975,0.5110102156640182,0,0.0,1.9569080408707242,2,3,7,"{""1"": 811, ""2"": 896, ""3"": 446, ""4"": 56, ""5"": 27, ""7"": 15}",8188,302,3.688324377137274,0,0.0,0,0.0,2251,2219,0,0.0,0,0.0,0,292,368,660,0,660,660,1.0,0.0,1,71,6,76,1,77,77,1.013157894736842,1.3157894736842106,5,37.834285799995996,303665152
validation,language,,ta,sp_unigram,8192,observed,32,12193,12193,4517,2643,4.61331819901627,0.5851228691609476,0.2167637168867383,0,0.0,4.61331819901627,3,9,19,"{""1"": 429, ""10"": 12, ""12"": 67, ""13"": 6, ""15"": 20, ""16"": 4, ""18"": 12, ""19"": 2, ""2"": 28, ""3"": 1046, ""4"": 119, ""6"": 516, ""7"": 30, ""9"": 352}",8188,197,2.405959941377626,7,0.26485054861899354,0,0.0,2643,2611,0,0.0,0,0.0,1,296,179,474,1,475,475,1.0021097046413503,0.2109704641350211,9,102,5,98,9,107,111,1.0918367346938775,9.183673469387756,15,37.834285799995996,303665152
validation,language,,te,sp_unigram,8192,observed,32,10409,10409,3954,2576,4.040760869565218,0.6514921598381386,0.24747814391392065,0,0.0,4.040760869565218,3,9,21,"{""1"": 439, ""10"": 14, ""12"": 20, ""13"": 1, ""15"": 8, ""16"": 4, ""18"": 2, ""2"": 45, ""21"": 1, ""3"": 1061, ""4"": 133, ""6"": 697, ""7"": 5, ""9"": 146}",8188,241,2.94333170493405,0,0.0,0,0.0,2576,2544,0,0.0,0,0.0,6,314,172,480,6,486,486,1.0125,1.25,7,85,7,85,7,92,92,1.0823529411764705,8.235294117647058,12,37.834285799995996,303665152
validation,language,,uk,sp_unigram,8192,observed,32,7446,7446,4118,2534,2.9384372533543806,0.61534725594949,0.3403169486972871,0,0.0,2.9384372533543806,2,6,10,"{""1"": 470, ""10"": 1, ""2"": 917, ""3"": 69, ""4"": 781, ""5"": 102, ""6"": 115, ""7"": 44, ""8"": 22, ""9"": 13}",8188,297,3.627259404005862,1,0.03946329913180742,0,0.0,2534,2502,0,0.0,0,0.0,0,321,234,555,0,555,555,1.0,0.0,1,117,8,124,1,125,126,1.0080645161290323,0.8064516129032258,8,37.834285799995996,303665152
validation,language,,ur,sp_unigram,8192,observed,32,6879,6879,3892,2304,2.9856770833333335,0.591983556012333,0.3349324029655473,0,0.0,2.9856770833333335,2,7,9,"{""1"": 324, ""2"": 1029, ""3"": 89, ""4"": 397, ""5"": 298, ""6"": 32, ""7"": 125, ""8"": 5, ""9"": 5}",8188,255,3.114313629702003,0,0.0,0,0.0,2304,2272,0,0.0,0,0.0,0,274,519,793,0,793,793,1.0,0.0,1,63,9,71,1,72,72,1.0140845070422535,1.408450704225352,7,37.834285799995996,303665152
validation,language,,yo,sp_unigram,8192,observed,32,5063,5063,3889,2887,1.7537235885001732,0.7423502185651839,0.5702152873790243,8,0.27710426047800485,1.7537235885001732,2,3,7,"{""1"": 1347, ""2"": 1119, ""3"": 277, ""4"": 87, ""5"": 49, ""6"": 2, ""7"": 6}",8188,298,3.6394723986321447,12,0.4156563907170073,8,0.27710426047800485,2887,2855,0,0.0,0,0.0,0,510,208,718,0,718,718,1.0,0.0,2,73,5,76,2,78,78,1.0263157894736843,2.6315789473684212,5,37.834285799995996,303665152
validation,language,,zh,sp_unigram,8192,observed,32,3769,3769,1485,1444,2.6101108033241,0.9723905723905724,0.3831254974794375,78,5.401662049861496,2.6101108033241,3,3,6,"{""1"": 267, ""2"": 66, ""3"": 1098, ""4"": 1, ""6"": 12}",8188,607,7.413287738153395,181,12.534626038781163,78,5.401662049861496,1444,1412,0,0.0,0,0.0,0,51,12,63,0,63,63,1.0,0.0,6,132,6,132,6,138,138,1.0454545454545454,4.545454545454546,3,37.834285799995996,303665152
validation,domain,flores200,,sp_unigram,8192,observed,640,159677,159677,73015,47938,3.3309065876757478,0.6565500239676779,0.30021856623057797,222,0.463098168467604,3.3309065876757478,3,7,24,"{""1"": 9131, ""10"": 291, ""11"": 3, ""12"": 327, ""13"": 114, ""15"": 85, ""16"": 17, ""18"": 33, ""19"": 4, ""2"": 8021, ""21"": 8, ""24"": 9, ""3"": 16787, ""4"": 4752, ""5"": 1205, ""6"": 4630, ""7"": 1104, ""8"": 101, ""9"": 1316}",8188,3599,43.95456765999023,490,1.022153615086153,222,0.463098168467604,47938,47298,0,0.0,0,0.0,68,5679,4880,10491,64,10559,10559,1.006481746258698,0.6100467067009818,74,1772,148,1846,71,1920,1945,1.0400866738894907,3.8461538461538463,12,37.834285799995996,303665152
validation,aggregate,,,sp_unigram,8192,observed,640,159677,159677,73015,47938,3.3309065876757478,0.6565500239676779,0.30021856623057797,222,0.463098168467604,3.3309065876757478,3,7,24,"{""1"": 9131, ""10"": 291, ""11"": 3, ""12"": 327, ""13"": 114, ""15"": 85, ""16"": 17, ""18"": 33, ""19"": 4, ""2"": 8021, ""21"": 8, ""24"": 9, ""3"": 16787, ""4"": 4752, ""5"": 1205, ""6"": 4630, ""7"": 1104, ""8"": 101, ""9"": 1316}",8188,3599,43.95456765999023,490,1.022153615086153,222,0.463098168467604,47938,47298,0,0.0,0,0.0,68,5679,4880,10491,64,10559,10559,1.006481746258698,0.6100467067009818,74,1772,148,1846,71,1920,1945,1.0400866738894907,3.8461538461538463,12,37.834285799995996,303665152
train,stratum,code,c,boundary_bpe,8192,observed,32,51063,51063,51060,29147,1.751912718290047,0.5708382295338817,0.5708046922429156,0,0.0,1.751912718290047,1,4,32,"{""1"": 17957, ""11"": 11, ""16"": 47, ""2"": 6173, ""3"": 2738, ""32"": 12, ""4"": 1168, ""5"": 347, ""6"": 262, ""7"": 197, ""8"": 184, ""9"": 51}",8188,930,11.358085002442598,4,0.013723539300785672,0,0.0,29147,29115,0,0.0,0,0.0,3814,9740,0,5926,1126,9740,9740,1.6436044549443132,19.001012487343907,200,3298,935,4093,86,4293,6116,1.0488639139995113,2.1011483019789887,8,53.92111880000448,1134673920
train,stratum,code,cpp,boundary_bpe,8192,observed,32,54217,54217,54213,29876,1.8147342348373277,0.5510855329902422,0.5510448752236383,0,0.0,1.8147342348373277,1,4,32,"{""1"": 17760, ""11"": 7, ""16"": 8, ""2"": 6310, ""3"": 3116, ""32"": 15, ""4"": 1272, ""5"": 535, ""6"": 370, ""7"": 150, ""8"": 226, ""9"": 107}",8188,957,11.687835857352223,1,0.003347168295621904,0,0.0,29876,29844,0,0.0,0,0.0,4223,9575,0,5352,1007,9575,9575,1.789050822122571,18.815396113602393,223,3488,1140,4478,196,4701,6268,1.0497990174184904,4.376953997320232,8,53.92111880000448,1134673920
train,stratum,code,go,boundary_bpe,8192,observed,32,56813,56813,56813,30816,1.8436201973001038,0.5424110678893915,0.5424110678893915,0,0.0,1.8436201973001038,1,4,12,"{""1"": 17671, ""11"": 17, ""12"": 117, ""2"": 6759, ""3"": 3476, ""4"": 1519, ""5"": 437, ""6"": 481, ""7"": 279, ""8"": 35, ""9"": 25}",8188,904,11.040547142159257,2,0.006490134994807892,0,0.0,30816,30784,0,0.0,0,0.0,2645,9031,0,6386,1489,9031,9031,1.414187284685249,23.316630128405887,214,4485,880,5404,184,5618,6454,1.0396002960769801,3.404885270170244,7,53.92111880000448,1134673920
train,stratum,code,java,boundary_bpe,8192,observed,32,43999,43999,43605,23024,1.9110059068797776,0.5280128425639261,0.5232846201050024,0,0.0,1.9110059068797776,1,5,32,"{""1"": 13104, ""11"": 10, ""16"": 13, ""2"": 4651, ""3"": 2556, ""32"": 4, ""4"": 1277, ""5"": 420, ""6"": 708, ""7"": 240, ""8"": 26, ""9"": 15}",8188,961,11.736687835857353,10,0.04343293954134816,0,0.0,23024,22992,0,0.0,0,0.0,3819,7594,0,3775,864,7594,7594,2.011655629139073,22.887417218543046,167,2661,774,3273,141,3440,4145,1.051023525817293,4.307974335472044,7,53.92111880000448,1134673920
train,stratum,code,javascript,boundary_bpe,8192,observed,32,38980,38980,38152,23129,1.6853301050629081,0.6062329628853009,0.5933555669574141,0,0.0,1.6853301050629081,1,4,11,"{""1"": 14181, ""11"": 2, ""2"": 5245, ""3"": 2099, ""4"": 803, ""5"": 265, ""6"": 356, ""7"": 110, ""8"": 65, ""9"": 3}",8188,947,11.565705911089399,23,0.09944225863634398,0,0.0,23129,23097,0,0.0,0,0.0,3746,7448,0,3702,730,7448,7448,2.011885467314965,19.719070772555376,474,3956,745,4230,415,4704,5941,1.1120567375886525,9.810874704491725,6,53.92111880000448,1134673920
train,stratum,code,python,boundary_bpe,8192,observed,32,48487,48487,48387,27767,1.7462095292973674,0.5738524810382954,0.5726689628147751,0,0.0,1.7462095292973674,1,4,16,"{""1"": 17133, ""11"": 13, ""16"": 10, ""2"": 5353, ""3"": 2764, ""4"": 1344, ""5"": 507, ""6"": 449, ""7"": 126, ""8"": 46, ""9"": 22}",8188,940,11.480214948705422,16,0.05762235747470018,0,0.0,27767,27735,0,0.0,0,0.0,6151,10776,0,4625,889,10776,10776,2.329945945945946,19.221621621621622,400,3410,846,3862,314,4262,5228,1.1035732780942518,8.130502330398757,6,53.92111880000448,1134673920
train,stratum,code,rust,boundary_bpe,8192,observed,32,56922,56922,56922,34714,1.6397418908797603,0.609852078282562,0.609852078282562,0,0.0,1.6397418908797603,1,4,11,"{""1"": 21999, ""11"": 3, ""2"": 6840, ""3"": 3708, ""4"": 1238, ""5"": 599, ""6"": 174, ""7"": 136, ""8"": 10, ""9"": 7}",8188,911,11.126038104543234,2,0.005761364291064124,0,0.0,34714,34682,0,0.0,0,0.0,7003,13231,0,6228,1138,13231,13231,2.1244380218368657,18.2723185613359,521,5526,812,5827,418,6348,8582,1.0894113609061267,7.17350266003089,5,53.92111880000448,1134673920
train,stratum,code,sql,boundary_bpe,8192,observed,32,36373,36373,36088,21220,1.714090480678605,0.5880070937707825,0.5833997745580513,0,0.0,1.714090480678605,1,4,32,"{""1"": 12879, ""16"": 21, ""2"": 4693, ""3"": 2065, ""32"": 7, ""4"": 927, ""5"": 276, ""6"": 219, ""7"": 115, ""8"": 16, ""9"": 2}",8188,869,10.613092330239375,3,0.01413760603204524,0,0.0,21220,21188,0,0.0,0,0.0,2730,6655,0,3925,609,6655,6655,1.6955414012738854,15.51592356687898,190,2707,586,3103,151,3293,4498,1.0612310667096359,4.866258459555269,6,53.92111880000448,1134673920
train,stratum,code,typescript,boundary_bpe,8192,observed,32,43989,43989,43698,23853,1.8441705445855867,0.5458602224358095,0.5422491986633022,0,0.0,1.8441705445855867,1,5,16,"{""1"": 14354, ""11"": 6, ""12"": 89, ""16"": 3, ""2"": 4760, ""3"": 2232, ""4"": 1184, ""5"": 391, ""6"": 447, ""7"": 251, ""8"": 117, ""9"": 19}",8188,927,11.321446018563751,7,0.02934641344904205,0,0.0,23853,23821,0,0.0,0,0.0,4130,8393,0,4263,984,8393,8393,1.9688013136288998,23.082336382828995,349,3098,535,3292,290,3641,4406,1.1060145808019441,8.809234507897935,7,53.92111880000448,1134673920
train,stratum,cyrillic_african,am,boundary_bpe,8192,observed,32,147317,147317,59501,52402,2.8112858287851608,0.8806910808221711,0.3557091170740648,0,0.0,2.8112858287851608,3,6,9,"{""1"": 12592, ""2"": 907, ""3"": 33915, ""4"": 47, ""5"": 85, ""6"": 4364, ""7"": 2, ""8"": 55, ""9"": 435}",8188,687,8.390327308255983,90,0.17174916987901226,0,0.0,52402,52370,0,0.0,0,0.0,0,11206,0,11206,0,11206,11206,1.0,0.0,109,1684,529,2105,93,2214,2807,1.0517814726840855,4.418052256532066,6,53.92111880000448,1134673920
train,stratum,cyrillic_african,bg,boundary_bpe,8192,observed,32,102609,102609,58537,37695,2.7220851571826503,0.6439516886755385,0.3673654357804871,0,0.0,2.7220851571826503,2,6,8,"{""1"": 11302, ""2"": 9733, ""3"": 530, ""4"": 13742, ""5"": 14, ""6"": 1889, ""7"": 1, ""8"": 484}",8188,656,8.01172447484123,1,0.002652871733651678,0,0.0,37695,37663,0,0.0,0,0.0,0,8973,0,8973,0,8973,8973,1.0,0.0,91,1648,418,1976,73,2067,2303,1.0460526315789473,3.694331983805668,8,53.92111880000448,1134673920
train,stratum,cyrillic_african,ru,boundary_bpe,8192,observed,32,106212,106212,58870,36833,2.8836098064235873,0.625666723288602,0.3467875569615486,0,0.0,2.8836098064235873,2,6,8,"{""1"": 9446, ""2"": 10006, ""3"": 329, ""4"": 13669, ""5"": 15, ""6"": 2963, ""7"": 2, ""8"": 403}",8188,575,7.022471910112359,2,0.005429913392881383,0,0.0,36833,36801,0,0.0,0,0.0,0,7811,0,7811,0,7811,7811,1.0,0.0,54,1372,322,1640,45,1694,1917,1.0329268292682927,2.7439024390243905,8,53.92111880000448,1134673920
train,stratum,cyrillic_african,sw,boundary_bpe,8192,observed,32,62449,62449,62216,38099,1.6391243864668363,0.6123665938022373,0.6100818267706448,0,0.0,1.6391243864668363,1,3,6,"{""1"": 19599, ""2"": 13416, ""3"": 4520, ""4"": 455, ""5"": 16, ""6"": 93}",8188,672,8.20713238886175,6,0.015748444841071945,0,0.0,38099,38067,0,0.0,0,0.0,5,9106,0,9101,5,9106,9106,1.0005493901769036,0.054939017690363696,67,923,591,1448,64,1515,1753,1.046270718232044,4.419889502762431,4,53.92111880000448,1134673920
train,stratum,cyrillic_african,uk,boundary_bpe,8192,observed,32,95676,95676,53182,34317,2.7880059445755747,0.6452747170095144,0.3586792926125674,0,0.0,2.7880059445755747,2,6,8,"{""1"": 8810, ""2"": 10065, ""3"": 401, ""4"": 12710, ""5"": 5, ""6"": 1970, ""8"": 356}",8188,552,6.741573033707865,14,0.04079610688580004,0,0.0,34317,34285,0,0.0,0,0.0,0,7093,0,7093,0,7093,7093,1.0,0.0,84,1561,372,1849,83,1933,2167,1.0454299621416983,4.488912925905895,8,53.92111880000448,1134673920
train,stratum,cyrillic_african,yo,boundary_bpe,8192,observed,32,69432,69432,59766,37997,1.8273021554333237,0.6357628082856474,0.5472548680723586,0,0.0,1.8273021554333237,1,4,7,"{""1"": 19557, ""2"": 10477, ""3"": 4950, ""4"": 1977, ""5"": 184, ""6"": 721, ""7"": 131}",8188,659,8.048363458720079,10,0.02631786720004211,0,0.0,37997,37965,0,0.0,0,0.0,0,11487,0,11487,0,11487,11487,1.0,0.0,26,1084,534,1592,26,1618,1859,1.0163316582914572,1.6331658291457287,6,53.92111880000448,1134673920
train,stratum,indic_cjk_arabic,ar,boundary_bpe,8192,observed,32,97740,97740,54940,38370,2.5473025801407347,0.6983982526392428,0.3925721301411909,0,0.0,2.5473025801407347,2,6,8,"{""1"": 9803, ""2"": 15393, ""3"": 354, ""4"": 10439, ""5"": 68, ""6"": 2255, ""7"": 1, ""8"": 57}",8188,557,6.802638006839277,19,0.04951785248892364,0,0.0,38370,38338,0,0.0,0,0.0,0,8838,0,8838,0,8838,8838,1.0,0.0,69,1148,347,1426,67,1495,1757,1.0483870967741935,4.698457223001403,6,53.92111880000448,1134673920
train,stratum,indic_cjk_arabic,bn,boundary_bpe,8192,observed,32,152004,152004,58399,40972,3.7099482573464804,0.7015873559478758,0.2695455382753085,0,0.0,3.7099482573464804,3,9,12,"{""1"": 9543, ""12"": 176, ""2"": 513, ""3"": 17176, ""4"": 45, ""5"": 144, ""6"": 11160, ""9"": 2215}",8188,517,6.314118221787982,21,0.05125451527872694,0,0.0,40972,40940,0,0.0,0,0.0,0,8515,0,8515,0,8515,8515,1.0,0.0,42,1155,314,1429,39,1471,1661,1.0293911826452065,2.7291812456263123,9,53.92111880000448,1134673920
train,stratum,indic_cjk_arabic,fa,boundary_bpe,8192,observed,32,93798,93798,52677,35845,2.616766634119124,0.6804677563262904,0.3821510053519265,0,0.0,2.616766634119124,2,6,8,"{""1"": 10648, ""2"": 11103, ""3"": 493, ""4"": 11178, ""5"": 104, ""6"": 2097, ""7"": 125, ""8"": 97}",8188,470,5.740107474352711,4,0.011159157483609988,0,0.0,35845,35813,0,0.0,0,0.0,0,9930,0,9930,0,9930,9930,1.0,0.0,41,816,394,1169,24,1210,1405,1.0350727117194183,2.0530367835757057,6,53.92111880000448,1134673920
train,stratum,indic_cjk_arabic,gu,boundary_bpe,8192,observed,32,146974,146974,58881,42107,3.4904885173486595,0.715120327440091,0.28649284907534667,0,0.0,3.4904885173486595,3,6,15,"{""1"": 11385, ""12"": 189, ""15"": 73, ""2"": 898, ""3"": 17239, ""4"": 81, ""5"": 9, ""6"": 10445, ""7"": 209, ""9"": 1579}",8188,593,7.2423058133854425,33,0.07837176716460446,0,0.0,42107,42075,0,0.0,0,0.0,0,9723,0,9723,0,9723,9723,1.0,0.0,57,916,514,1374,39,1431,1630,1.0414847161572052,2.8384279475982535,9,53.92111880000448,1134673920
train,stratum,indic_cjk_arabic,hi,boundary_bpe,8192,observed,32,153237,153237,61359,42672,3.5910433070866143,0.6954481005231506,0.27847060435795534,0,0.0,3.5910433070866143,3,6,12,"{""1"": 13036, ""12"": 193, ""2"": 629, ""3"": 13766, ""4"": 40, ""5"": 80, ""6"": 13101, ""7"": 140, ""9"": 1687}",8188,594,7.254518808011724,4,0.009373828271466067,0,0.0,42672,42640,0,0.0,0,0.0,0,11810,0,11810,0,11810,11810,1.0,0.0,48,974,521,1447,43,1495,1692,1.0331720801658604,2.9716655148583278,9,53.92111880000448,1134673920
train,stratum,indic_cjk_arabic,ja,boundary_bpe,8192,observed,32,142468,142468,61333,52430,2.7172992561510587,0.8548416024000131,0.3680124659572676,0,0.0,2.7172992561510587,3,6,15,"{""1"": 11134, ""15"": 75, ""2"": 3336, ""3"": 34677, ""4"": 264, ""5"": 28, ""6"": 2640, ""7"": 7, ""9"": 269}",8188,2294,28.016609672691743,1125,2.145718100324242,0,0.0,52430,52398,0,0.0,0,0.0,0,4436,0,4436,0,4436,4436,1.0,0.0,368,3667,783,4082,322,4450,4644,1.0901518863302302,7.888290053895149,6,53.92111880000448,1134673920
train,stratum,indic_cjk_arabic,kn,boundary_bpe,8192,observed,32,153841,153841,60531,41124,3.740905553934442,0.6793874213213065,0.26731495505099423,0,0.0,3.740905553934442,3,9,18,"{""1"": 9694, ""10"": 90, ""12"": 843, ""15"": 224, ""18"": 125, ""2"": 1188, ""3"": 17929, ""4"": 229, ""5"": 4, ""6"": 8920, ""9"": 1878}",8188,666,8.133854421104054,41,0.09969847291119541,0,0.0,41124,41092,0,0.0,0,0.0,0,7243,0,7243,0,7243,7243,1.0,0.0,41,899,565,1423,30,1464,1662,1.0288123682361208,2.1082220660576247,12,53.92111880000448,1134673920
train,stratum,indic_cjk_arabic,ko,boundary_bpe,8192,observed,32,118352,118352,51206,47285,2.50295019562229,0.9234269421552161,0.39952852507773423,0,0.0,2.50295019562229,3,3,9,"{""1"": 13425, ""2"": 1017, ""3"": 31298, ""4"": 331, ""5"": 17, ""6"": 951, ""7"": 165, ""9"": 81}",8188,1465,17.892037127503663,926,1.958337739240774,0,0.0,47285,47253,0,0.0,0,0.0,1,11053,0,11052,1,11053,11053,1.0000904813608396,0.009048136083966703,126,1682,884,2443,112,2569,2934,1.0515759312320916,4.584527220630372,6,53.92111880000448,1134673920
train,stratum,indic_cjk_arabic,ml,boundary_bpe,8192,observed,32,137273,137273,52226,33905,4.048753871110455,0.6491977176119175,0.24698957551739964,0,0.0,4.048753871110455,3,9,15,"{""1"": 6515, ""12"": 1174, ""15"": 62, ""2"": 848, ""3"": 15771, ""4"": 150, ""5"": 8, ""6"": 6058, ""7"": 64, ""9"": 3255}",8188,556,6.790425012212995,17,0.05014009733077717,0,0.0,33905,33873,0,0.0,0,0.0,0,5197,0,5197,0,5197,5197,1.0,0.0,22,761,434,1173,22,1195,1378,1.0187553282182438,1.8755328218243819,12,53.92111880000448,1134673920
train,stratum,indic_cjk_arabic,mr,boundary_bpe,8192,observed,32,145113,145113,56571,36885,3.9342008946726312,0.6520125152463276,0.2541812242872796,0,0.0,3.9342008946726312,3,9,15,"{""1"": 9111, ""10"": 114, ""12"": 836, ""15"": 79, ""2"": 775, ""3"": 12964, ""4"": 132, ""5"": 16, ""6"": 10999, ""7"": 65, ""9"": 1794}",8188,657,8.023937469467514,2,0.005422258370611359,0,0.0,36885,36853,0,0.0,0,0.0,0,7780,0,7780,0,7780,7780,1.0,0.0,49,848,522,1323,40,1372,1551,1.037037037037037,3.0234315948601664,12,53.92111880000448,1134673920
train,stratum,indic_cjk_arabic,ta,boundary_bpe,8192,observed,32,140738,140738,53567,32898,4.278010821326524,0.6141467694662759,0.23375349941025167,0,0.0,4.278010821326524,3,9,18,"{""1"": 7199, ""12"": 817, ""15"": 274, ""18"": 122, ""2"": 679, ""3"": 12494, ""4"": 57, ""5"": 6, ""6"": 7591, ""7"": 73, ""9"": 3586}",8188,494,6.033219345383488,12,0.036476381542950936,0,0.0,32898,32866,0,0.0,0,0.0,0,5791,0,5791,0,5791,5791,1.0,0.0,96,1040,413,1357,65,1453,1788,1.070744288872513,4.789977892409727,15,53.92111880000448,1134673920
train,stratum,indic_cjk_arabic,te,boundary_bpe,8192,observed,32,158103,158103,60933,40689,3.8856447688564475,0.6677662350450495,0.2573575453976205,0,0.0,3.8856447688564475,3,9,15,"{""1"": 8998, ""10"": 217, ""12"": 396, ""15"": 54, ""2"": 901, ""3"": 15562, ""4"": 54, ""5"": 18, ""6"": 12570, ""7"": 56, ""9"": 1863}",8188,579,7.071323888617489,22,0.05406866720735334,0,0.0,40689,40657,0,0.0,0,0.0,0,7488,0,7488,0,7488,7488,1.0,0.0,50,1059,571,1580,46,1630,1939,1.0316455696202531,2.911392405063291,12,53.92111880000448,1134673920
train,stratum,indic_cjk_arabic,ur,boundary_bpe,8192,observed,32,112341,112341,64366,44331,2.534140894633552,0.6887331821147811,0.39461105028440197,0,0.0,2.534140894633552,2,6,8,"{""1"": 14447, ""2"": 13602, ""3"": 236, ""4"": 13372, ""5"": 12, ""6"": 2431, ""8"": 231}",8188,630,7.694186614557889,16,0.03609212514944395,0,0.0,44331,44299,0,0.0,0,0.0,0,13545,0,13545,0,13545,13545,1.0,0.0,146,1143,528,1527,139,1673,1777,1.0956123117223313,9.102815979043877,6,53.92111880000448,1134673920
train,stratum,indic_cjk_arabic,zh,boundary_bpe,8192,observed,32,130086,130086,53452,47205,2.755767397521449,0.8831287884457083,0.36287532862875327,0,0.0,2.755767397521449,3,3,12,"{""1"": 8421, ""12"": 105, ""2"": 1668, ""3"": 35032, ""4"": 311, ""5"": 61, ""6"": 1287, ""7"": 89, ""9"": 231}",8188,3218,39.301416707376646,2799,5.929456625357483,0,0.0,47205,47173,0,0.0,0,0.0,0,3755,0,3755,0,3755,3755,1.0,0.0,174,3032,375,3235,160,3409,3602,1.0537867078825347,4.945904173106646,6,53.92111880000448,1134673920
train,stratum,latin_english,en,boundary_bpe,8192,observed,32,59492,59492,59076,33272,1.7880500120221208,0.5632067167716163,0.5592684730720097,0,0.0,1.7880500120221208,2,4,11,"{""1"": 16445, ""11"": 1, ""2"": 9862, ""3"": 5229, ""4"": 1263, ""5"": 300, ""6"": 137, ""7"": 30, ""8"": 4, ""9"": 1}",8188,885,10.808500244259893,12,0.03606636210627555,0,0.0,33272,33240,0,0.0,0,0.0,3,9301,0,9298,3,9301,9301,1.000322650032265,0.032265003226500326,81,1259,577,1764,69,1845,2096,1.0459183673469388,3.9115646258503403,5,53.92111880000448,1134673920
train,language,,am,boundary_bpe,8192,observed,32,147317,147317,59501,52402,2.8112858287851608,0.8806910808221711,0.3557091170740648,0,0.0,2.8112858287851608,3,6,9,"{""1"": 12592, ""2"": 907, ""3"": 33915, ""4"": 47, ""5"": 85, ""6"": 4364, ""7"": 2, ""8"": 55, ""9"": 435}",8188,687,8.390327308255983,90,0.17174916987901226,0,0.0,52402,52370,0,0.0,0,0.0,0,11206,0,11206,0,11206,11206,1.0,0.0,109,1684,529,2105,93,2214,2807,1.0517814726840855,4.418052256532066,6,53.92111880000448,1134673920
train,language,,ar,boundary_bpe,8192,observed,32,97740,97740,54940,38370,2.5473025801407347,0.6983982526392428,0.3925721301411909,0,0.0,2.5473025801407347,2,6,8,"{""1"": 9803, ""2"": 15393, ""3"": 354, ""4"": 10439, ""5"": 68, ""6"": 2255, ""7"": 1, ""8"": 57}",8188,557,6.802638006839277,19,0.04951785248892364,0,0.0,38370,38338,0,0.0,0,0.0,0,8838,0,8838,0,8838,8838,1.0,0.0,69,1148,347,1426,67,1495,1757,1.0483870967741935,4.698457223001403,6,53.92111880000448,1134673920
train,language,,bg,boundary_bpe,8192,observed,32,102609,102609,58537,37695,2.7220851571826503,0.6439516886755385,0.3673654357804871,0,0.0,2.7220851571826503,2,6,8,"{""1"": 11302, ""2"": 9733, ""3"": 530, ""4"": 13742, ""5"": 14, ""6"": 1889, ""7"": 1, ""8"": 484}",8188,656,8.01172447484123,1,0.002652871733651678,0,0.0,37695,37663,0,0.0,0,0.0,0,8973,0,8973,0,8973,8973,1.0,0.0,91,1648,418,1976,73,2067,2303,1.0460526315789473,3.694331983805668,8,53.92111880000448,1134673920
train,language,,bn,boundary_bpe,8192,observed,32,152004,152004,58399,40972,3.7099482573464804,0.7015873559478758,0.2695455382753085,0,0.0,3.7099482573464804,3,9,12,"{""1"": 9543, ""12"": 176, ""2"": 513, ""3"": 17176, ""4"": 45, ""5"": 144, ""6"": 11160, ""9"": 2215}",8188,517,6.314118221787982,21,0.05125451527872694,0,0.0,40972,40940,0,0.0,0,0.0,0,8515,0,8515,0,8515,8515,1.0,0.0,42,1155,314,1429,39,1471,1661,1.0293911826452065,2.7291812456263123,9,53.92111880000448,1134673920
train,language,,c,boundary_bpe,8192,observed,32,51063,51063,51060,29147,1.751912718290047,0.5708382295338817,0.5708046922429156,0,0.0,1.751912718290047,1,4,32,"{""1"": 17957, ""11"": 11, ""16"": 47, ""2"": 6173, ""3"": 2738, ""32"": 12, ""4"": 1168, ""5"": 347, ""6"": 262, ""7"": 197, ""8"": 184, ""9"": 51}",8188,930,11.358085002442598,4,0.013723539300785672,0,0.0,29147,29115,0,0.0,0,0.0,3814,9740,0,5926,1126,9740,9740,1.6436044549443132,19.001012487343907,200,3298,935,4093,86,4293,6116,1.0488639139995113,2.1011483019789887,8,53.92111880000448,1134673920
train,language,,cpp,boundary_bpe,8192,observed,32,54217,54217,54213,29876,1.8147342348373277,0.5510855329902422,0.5510448752236383,0,0.0,1.8147342348373277,1,4,32,"{""1"": 17760, ""11"": 7, ""16"": 8, ""2"": 6310, ""3"": 3116, ""32"": 15, ""4"": 1272, ""5"": 535, ""6"": 370, ""7"": 150, ""8"": 226, ""9"": 107}",8188,957,11.687835857352223,1,0.003347168295621904,0,0.0,29876,29844,0,0.0,0,0.0,4223,9575,0,5352,1007,9575,9575,1.789050822122571,18.815396113602393,223,3488,1140,4478,196,4701,6268,1.0497990174184904,4.376953997320232,8,53.92111880000448,1134673920
train,language,,en,boundary_bpe,8192,observed,32,59492,59492,59076,33272,1.7880500120221208,0.5632067167716163,0.5592684730720097,0,0.0,1.7880500120221208,2,4,11,"{""1"": 16445, ""11"": 1, ""2"": 9862, ""3"": 5229, ""4"": 1263, ""5"": 300, ""6"": 137, ""7"": 30, ""8"": 4, ""9"": 1}",8188,885,10.808500244259893,12,0.03606636210627555,0,0.0,33272,33240,0,0.0,0,0.0,3,9301,0,9298,3,9301,9301,1.000322650032265,0.032265003226500326,81,1259,577,1764,69,1845,2096,1.0459183673469388,3.9115646258503403,5,53.92111880000448,1134673920
train,language,,fa,boundary_bpe,8192,observed,32,93798,93798,52677,35845,2.616766634119124,0.6804677563262904,0.3821510053519265,0,0.0,2.616766634119124,2,6,8,"{""1"": 10648, ""2"": 11103, ""3"": 493, ""4"": 11178, ""5"": 104, ""6"": 2097, ""7"": 125, ""8"": 97}",8188,470,5.740107474352711,4,0.011159157483609988,0,0.0,35845,35813,0,0.0,0,0.0,0,9930,0,9930,0,9930,9930,1.0,0.0,41,816,394,1169,24,1210,1405,1.0350727117194183,2.0530367835757057,6,53.92111880000448,1134673920
train,language,,go,boundary_bpe,8192,observed,32,56813,56813,56813,30816,1.8436201973001038,0.5424110678893915,0.5424110678893915,0,0.0,1.8436201973001038,1,4,12,"{""1"": 17671, ""11"": 17, ""12"": 117, ""2"": 6759, ""3"": 3476, ""4"": 1519, ""5"": 437, ""6"": 481, ""7"": 279, ""8"": 35, ""9"": 25}",8188,904,11.040547142159257,2,0.006490134994807892,0,0.0,30816,30784,0,0.0,0,0.0,2645,9031,0,6386,1489,9031,9031,1.414187284685249,23.316630128405887,214,4485,880,5404,184,5618,6454,1.0396002960769801,3.404885270170244,7,53.92111880000448,1134673920
train,language,,gu,boundary_bpe,8192,observed,32,146974,146974,58881,42107,3.4904885173486595,0.715120327440091,0.28649284907534667,0,0.0,3.4904885173486595,3,6,15,"{""1"": 11385, ""12"": 189, ""15"": 73, ""2"": 898, ""3"": 17239, ""4"": 81, ""5"": 9, ""6"": 10445, ""7"": 209, ""9"": 1579}",8188,593,7.2423058133854425,33,0.07837176716460446,0,0.0,42107,42075,0,0.0,0,0.0,0,9723,0,9723,0,9723,9723,1.0,0.0,57,916,514,1374,39,1431,1630,1.0414847161572052,2.8384279475982535,9,53.92111880000448,1134673920
train,language,,hi,boundary_bpe,8192,observed,32,153237,153237,61359,42672,3.5910433070866143,0.6954481005231506,0.27847060435795534,0,0.0,3.5910433070866143,3,6,12,"{""1"": 13036, ""12"": 193, ""2"": 629, ""3"": 13766, ""4"": 40, ""5"": 80, ""6"": 13101, ""7"": 140, ""9"": 1687}",8188,594,7.254518808011724,4,0.009373828271466067,0,0.0,42672,42640,0,0.0,0,0.0,0,11810,0,11810,0,11810,11810,1.0,0.0,48,974,521,1447,43,1495,1692,1.0331720801658604,2.9716655148583278,9,53.92111880000448,1134673920
train,language,,ja,boundary_bpe,8192,observed,32,142468,142468,61333,52430,2.7172992561510587,0.8548416024000131,0.3680124659572676,0,0.0,2.7172992561510587,3,6,15,"{""1"": 11134, ""15"": 75, ""2"": 3336, ""3"": 34677, ""4"": 264, ""5"": 28, ""6"": 2640, ""7"": 7, ""9"": 269}",8188,2294,28.016609672691743,1125,2.145718100324242,0,0.0,52430,52398,0,0.0,0,0.0,0,4436,0,4436,0,4436,4436,1.0,0.0,368,3667,783,4082,322,4450,4644,1.0901518863302302,7.888290053895149,6,53.92111880000448,1134673920
train,language,,java,boundary_bpe,8192,observed,32,43999,43999,43605,23024,1.9110059068797776,0.5280128425639261,0.5232846201050024,0,0.0,1.9110059068797776,1,5,32,"{""1"": 13104, ""11"": 10, ""16"": 13, ""2"": 4651, ""3"": 2556, ""32"": 4, ""4"": 1277, ""5"": 420, ""6"": 708, ""7"": 240, ""8"": 26, ""9"": 15}",8188,961,11.736687835857353,10,0.04343293954134816,0,0.0,23024,22992,0,0.0,0,0.0,3819,7594,0,3775,864,7594,7594,2.011655629139073,22.887417218543046,167,2661,774,3273,141,3440,4145,1.051023525817293,4.307974335472044,7,53.92111880000448,1134673920
train,language,,javascript,boundary_bpe,8192,observed,32,38980,38980,38152,23129,1.6853301050629081,0.6062329628853009,0.5933555669574141,0,0.0,1.6853301050629081,1,4,11,"{""1"": 14181, ""11"": 2, ""2"": 5245, ""3"": 2099, ""4"": 803, ""5"": 265, ""6"": 356, ""7"": 110, ""8"": 65, ""9"": 3}",8188,947,11.565705911089399,23,0.09944225863634398,0,0.0,23129,23097,0,0.0,0,0.0,3746,7448,0,3702,730,7448,7448,2.011885467314965,19.719070772555376,474,3956,745,4230,415,4704,5941,1.1120567375886525,9.810874704491725,6,53.92111880000448,1134673920
train,language,,kn,boundary_bpe,8192,observed,32,153841,153841,60531,41124,3.740905553934442,0.6793874213213065,0.26731495505099423,0,0.0,3.740905553934442,3,9,18,"{""1"": 9694, ""10"": 90, ""12"": 843, ""15"": 224, ""18"": 125, ""2"": 1188, ""3"": 17929, ""4"": 229, ""5"": 4, ""6"": 8920, ""9"": 1878}",8188,666,8.133854421104054,41,0.09969847291119541,0,0.0,41124,41092,0,0.0,0,0.0,0,7243,0,7243,0,7243,7243,1.0,0.0,41,899,565,1423,30,1464,1662,1.0288123682361208,2.1082220660576247,12,53.92111880000448,1134673920
train,language,,ko,boundary_bpe,8192,observed,32,118352,118352,51206,47285,2.50295019562229,0.9234269421552161,0.39952852507773423,0,0.0,2.50295019562229,3,3,9,"{""1"": 13425, ""2"": 1017, ""3"": 31298, ""4"": 331, ""5"": 17, ""6"": 951, ""7"": 165, ""9"": 81}",8188,1465,17.892037127503663,926,1.958337739240774,0,0.0,47285,47253,0,0.0,0,0.0,1,11053,0,11052,1,11053,11053,1.0000904813608396,0.009048136083966703,126,1682,884,2443,112,2569,2934,1.0515759312320916,4.584527220630372,6,53.92111880000448,1134673920
train,language,,ml,boundary_bpe,8192,observed,32,137273,137273,52226,33905,4.048753871110455,0.6491977176119175,0.24698957551739964,0,0.0,4.048753871110455,3,9,15,"{""1"": 6515, ""12"": 1174, ""15"": 62, ""2"": 848, ""3"": 15771, ""4"": 150, ""5"": 8, ""6"": 6058, ""7"": 64, ""9"": 3255}",8188,556,6.790425012212995,17,0.05014009733077717,0,0.0,33905,33873,0,0.0,0,0.0,0,5197,0,5197,0,5197,5197,1.0,0.0,22,761,434,1173,22,1195,1378,1.0187553282182438,1.8755328218243819,12,53.92111880000448,1134673920
train,language,,mr,boundary_bpe,8192,observed,32,145113,145113,56571,36885,3.9342008946726312,0.6520125152463276,0.2541812242872796,0,0.0,3.9342008946726312,3,9,15,"{""1"": 9111, ""10"": 114, ""12"": 836, ""15"": 79, ""2"": 775, ""3"": 12964, ""4"": 132, ""5"": 16, ""6"": 10999, ""7"": 65, ""9"": 1794}",8188,657,8.023937469467514,2,0.005422258370611359,0,0.0,36885,36853,0,0.0,0,0.0,0,7780,0,7780,0,7780,7780,1.0,0.0,49,848,522,1323,40,1372,1551,1.037037037037037,3.0234315948601664,12,53.92111880000448,1134673920
train,language,,python,boundary_bpe,8192,observed,32,48487,48487,48387,27767,1.7462095292973674,0.5738524810382954,0.5726689628147751,0,0.0,1.7462095292973674,1,4,16,"{""1"": 17133, ""11"": 13, ""16"": 10, ""2"": 5353, ""3"": 2764, ""4"": 1344, ""5"": 507, ""6"": 449, ""7"": 126, ""8"": 46, ""9"": 22}",8188,940,11.480214948705422,16,0.05762235747470018,0,0.0,27767,27735,0,0.0,0,0.0,6151,10776,0,4625,889,10776,10776,2.329945945945946,19.221621621621622,400,3410,846,3862,314,4262,5228,1.1035732780942518,8.130502330398757,6,53.92111880000448,1134673920
train,language,,ru,boundary_bpe,8192,observed,32,106212,106212,58870,36833,2.8836098064235873,0.625666723288602,0.3467875569615486,0,0.0,2.8836098064235873,2,6,8,"{""1"": 9446, ""2"": 10006, ""3"": 329, ""4"": 13669, ""5"": 15, ""6"": 2963, ""7"": 2, ""8"": 403}",8188,575,7.022471910112359,2,0.005429913392881383,0,0.0,36833,36801,0,0.0,0,0.0,0,7811,0,7811,0,7811,7811,1.0,0.0,54,1372,322,1640,45,1694,1917,1.0329268292682927,2.7439024390243905,8,53.92111880000448,1134673920
train,language,,rust,boundary_bpe,8192,observed,32,56922,56922,56922,34714,1.6397418908797603,0.609852078282562,0.609852078282562,0,0.0,1.6397418908797603,1,4,11,"{""1"": 21999, ""11"": 3, ""2"": 6840, ""3"": 3708, ""4"": 1238, ""5"": 599, ""6"": 174, ""7"": 136, ""8"": 10, ""9"": 7}",8188,911,11.126038104543234,2,0.005761364291064124,0,0.0,34714,34682,0,0.0,0,0.0,7003,13231,0,6228,1138,13231,13231,2.1244380218368657,18.2723185613359,521,5526,812,5827,418,6348,8582,1.0894113609061267,7.17350266003089,5,53.92111880000448,1134673920
train,language,,sql,boundary_bpe,8192,observed,32,36373,36373,36088,21220,1.714090480678605,0.5880070937707825,0.5833997745580513,0,0.0,1.714090480678605,1,4,32,"{""1"": 12879, ""16"": 21, ""2"": 4693, ""3"": 2065, ""32"": 7, ""4"": 927, ""5"": 276, ""6"": 219, ""7"": 115, ""8"": 16, ""9"": 2}",8188,869,10.613092330239375,3,0.01413760603204524,0,0.0,21220,21188,0,0.0,0,0.0,2730,6655,0,3925,609,6655,6655,1.6955414012738854,15.51592356687898,190,2707,586,3103,151,3293,4498,1.0612310667096359,4.866258459555269,6,53.92111880000448,1134673920
train,language,,sw,boundary_bpe,8192,observed,32,62449,62449,62216,38099,1.6391243864668363,0.6123665938022373,0.6100818267706448,0,0.0,1.6391243864668363,1,3,6,"{""1"": 19599, ""2"": 13416, ""3"": 4520, ""4"": 455, ""5"": 16, ""6"": 93}",8188,672,8.20713238886175,6,0.015748444841071945,0,0.0,38099,38067,0,0.0,0,0.0,5,9106,0,9101,5,9106,9106,1.0005493901769036,0.054939017690363696,67,923,591,1448,64,1515,1753,1.046270718232044,4.419889502762431,4,53.92111880000448,1134673920
train,language,,ta,boundary_bpe,8192,observed,32,140738,140738,53567,32898,4.278010821326524,0.6141467694662759,0.23375349941025167,0,0.0,4.278010821326524,3,9,18,"{""1"": 7199, ""12"": 817, ""15"": 274, ""18"": 122, ""2"": 679, ""3"": 12494, ""4"": 57, ""5"": 6, ""6"": 7591, ""7"": 73, ""9"": 3586}",8188,494,6.033219345383488,12,0.036476381542950936,0,0.0,32898,32866,0,0.0,0,0.0,0,5791,0,5791,0,5791,5791,1.0,0.0,96,1040,413,1357,65,1453,1788,1.070744288872513,4.789977892409727,15,53.92111880000448,1134673920
train,language,,te,boundary_bpe,8192,observed,32,158103,158103,60933,40689,3.8856447688564475,0.6677662350450495,0.2573575453976205,0,0.0,3.8856447688564475,3,9,15,"{""1"": 8998, ""10"": 217, ""12"": 396, ""15"": 54, ""2"": 901, ""3"": 15562, ""4"": 54, ""5"": 18, ""6"": 12570, ""7"": 56, ""9"": 1863}",8188,579,7.071323888617489,22,0.05406866720735334,0,0.0,40689,40657,0,0.0,0,0.0,0,7488,0,7488,0,7488,7488,1.0,0.0,50,1059,571,1580,46,1630,1939,1.0316455696202531,2.911392405063291,12,53.92111880000448,1134673920
train,language,,typescript,boundary_bpe,8192,observed,32,43989,43989,43698,23853,1.8441705445855867,0.5458602224358095,0.5422491986633022,0,0.0,1.8441705445855867,1,5,16,"{""1"": 14354, ""11"": 6, ""12"": 89, ""16"": 3, ""2"": 4760, ""3"": 2232, ""4"": 1184, ""5"": 391, ""6"": 447, ""7"": 251, ""8"": 117, ""9"": 19}",8188,927,11.321446018563751,7,0.02934641344904205,0,0.0,23853,23821,0,0.0,0,0.0,4130,8393,0,4263,984,8393,8393,1.9688013136288998,23.082336382828995,349,3098,535,3292,290,3641,4406,1.1060145808019441,8.809234507897935,7,53.92111880000448,1134673920
train,language,,uk,boundary_bpe,8192,observed,32,95676,95676,53182,34317,2.7880059445755747,0.6452747170095144,0.3586792926125674,0,0.0,2.7880059445755747,2,6,8,"{""1"": 8810, ""2"": 10065, ""3"": 401, ""4"": 12710, ""5"": 5, ""6"": 1970, ""8"": 356}",8188,552,6.741573033707865,14,0.04079610688580004,0,0.0,34317,34285,0,0.0,0,0.0,0,7093,0,7093,0,7093,7093,1.0,0.0,84,1561,372,1849,83,1933,2167,1.0454299621416983,4.488912925905895,8,53.92111880000448,1134673920
train,language,,ur,boundary_bpe,8192,observed,32,112341,112341,64366,44331,2.534140894633552,0.6887331821147811,0.39461105028440197,0,0.0,2.534140894633552,2,6,8,"{""1"": 14447, ""2"": 13602, ""3"": 236, ""4"": 13372, ""5"": 12, ""6"": 2431, ""8"": 231}",8188,630,7.694186614557889,16,0.03609212514944395,0,0.0,44331,44299,0,0.0,0,0.0,0,13545,0,13545,0,13545,13545,1.0,0.0,146,1143,528,1527,139,1673,1777,1.0956123117223313,9.102815979043877,6,53.92111880000448,1134673920
train,language,,yo,boundary_bpe,8192,observed,32,69432,69432,59766,37997,1.8273021554333237,0.6357628082856474,0.5472548680723586,0,0.0,1.8273021554333237,1,4,7,"{""1"": 19557, ""2"": 10477, ""3"": 4950, ""4"": 1977, ""5"": 184, ""6"": 721, ""7"": 131}",8188,659,8.048363458720079,10,0.02631786720004211,0,0.0,37997,37965,0,0.0,0,0.0,0,11487,0,11487,0,11487,11487,1.0,0.0,26,1084,534,1592,26,1618,1859,1.0163316582914572,1.6331658291457287,6,53.92111880000448,1134673920
train,language,,zh,boundary_bpe,8192,observed,32,130086,130086,53452,47205,2.755767397521449,0.8831287884457083,0.36287532862875327,0,0.0,2.755767397521449,3,3,12,"{""1"": 8421, ""12"": 105, ""2"": 1668, ""3"": 35032, ""4"": 311, ""5"": 61, ""6"": 1287, ""7"": 89, ""9"": 231}",8188,3218,39.301416707376646,2799,5.929456625357483,0,0.0,47205,47173,0,0.0,0,0.0,0,3755,0,3755,0,3755,3755,1.0,0.0,174,3032,375,3235,160,3409,3602,1.0537867078825347,4.945904173106646,6,53.92111880000448,1134673920
train,domain,code,,boundary_bpe,8192,observed,288,430843,430843,428938,243546,1.7690415773611556,0.5677883516965155,0.5652778390272094,0,0.0,1.7690415773611556,1,4,32,"{""1"": 147038, ""11"": 69, ""12"": 206, ""16"": 102, ""2"": 50784, ""3"": 24754, ""32"": 38, ""4"": 10732, ""5"": 3777, ""6"": 3466, ""7"": 1604, ""8"": 725, ""9"": 251}",8188,1488,18.17293600390816,68,0.02792080346217963,0,0.0,243546,243258,0,0.0,0,0.0,38261,82443,0,44182,8836,82443,82443,1.8659861482051514,19.999094653931465,2738,32629,7253,37562,2195,40300,51638,1.0728928172088814,5.843671795964006,7,53.92111880000448,1134673920
train,domain,cyrillic_african,,boundary_bpe,8192,observed,192,583695,583695,352072,237343,2.459288877278875,0.6741319957281465,0.4066216088882036,0,0.0,2.459288877278875,2,6,9,"{""1"": 81306, ""2"": 54604, ""3"": 44645, ""4"": 42600, ""5"": 319, ""6"": 12000, ""7"": 136, ""8"": 1298, ""9"": 435}",8188,1546,18.881289692232535,123,0.051823731898560314,0,0.0,237343,237151,0,0.0,0,0.0,5,55676,0,55671,5,55676,55676,1.0000898133678218,0.008981336782166657,431,8272,2766,10610,384,11041,12806,1.04062205466541,3.6192271442035815,6,53.92111880000448,1134673920
train,domain,indic_cjk_arabic,,boundary_bpe,8192,observed,448,1882068,1882068,800441,576718,3.2634112339132817,0.7205003241962868,0.3064278230117084,0,0.0,3.2634112339132817,3,6,18,"{""1"": 143359, ""10"": 421, ""12"": 4729, ""15"": 841, ""18"": 247, ""2"": 52550, ""3"": 224991, ""4"": 36683, ""5"": 575, ""6"": 92505, ""7"": 994, ""8"": 385, ""9"": 18438}",8188,6994,85.41768441621886,5041,0.8740840410738003,0,0.0,576718,576270,0,0.0,0,0.0,1,115104,0,115103,1,115104,115104,1.0000086878708634,0.0008687870863487486,1329,19140,7165,24988,1148,26317,29420,1.0531855290539458,4.594205218504882,12,53.92111880000448,1134673920
train,domain,latin_english,,boundary_bpe,8192,observed,32,59492,59492,59076,33272,1.7880500120221208,0.5632067167716163,0.5592684730720097,0,0.0,1.7880500120221208,2,4,11,"{""1"": 16445, ""11"": 1, ""2"": 9862, ""3"": 5229, ""4"": 1263, ""5"": 300, ""6"": 137, ""7"": 30, ""8"": 4, ""9"": 1}",8188,885,10.808500244259893,12,0.03606636210627555,0,0.0,33272,33240,0,0.0,0,0.0,3,9301,0,9298,3,9301,9301,1.000322650032265,0.032265003226500326,81,1259,577,1764,69,1845,2096,1.0459183673469388,3.9115646258503403,5,53.92111880000448,1134673920
train,aggregate,,,boundary_bpe,8192,observed,960,2956098,2956098,1640527,1090879,2.7098312461785405,0.6649564438744379,0.3690266696165012,0,0.0,2.7098312461785405,2,6,32,"{""1"": 388148, ""10"": 421, ""11"": 70, ""12"": 4935, ""15"": 841, ""16"": 102, ""18"": 247, ""2"": 167800, ""3"": 299619, ""32"": 38, ""4"": 91278, ""5"": 4971, ""6"": 108108, ""7"": 2764, ""8"": 2412, ""9"": 19125}",8188,7926,96.80019540791402,5244,0.48071325967407935,0,0.0,1090879,1089919,0,0.0,0,0.0,38270,262524,0,224254,8845,262524,262524,1.1706547040409536,3.944188286496562,4579,61300,17761,74924,3796,79503,95960,1.0611152634669798,5.066467353584966,9,53.92111880000448,1134673920
validation,stratum,flores200,am,boundary_bpe,8192,observed,32,6471,6471,2573,2326,2.782029234737747,0.9040031092110377,0.3594498531911606,0,0.0,2.782029234737747,3,6,9,"{""1"": 539, ""2"": 33, ""3"": 1576, ""4"": 1, ""6"": 153, ""9"": 24}",8188,259,3.1631656082071324,9,0.3869303525365434,0,0.0,2326,2294,0,0.0,0,0.0,0,486,0,486,0,486,486,1.0,0.0,1,60,16,75,1,76,76,1.0133333333333334,1.3333333333333333,9,53.92111880000448,1134673920
validation,stratum,flores200,ar,boundary_bpe,8192,observed,32,6539,6539,3628,2584,2.5305727554179565,0.7122381477398015,0.3951674567976755,10,0.38699690402476783,2.5305727554179565,2,6,8,"{""1"": 671, ""2"": 1042, ""3"": 4, ""4"": 717, ""6"": 148, ""8"": 2}",8188,227,2.772349780166097,14,0.541795665634675,10,0.38699690402476783,2584,2552,0,0.0,0,0.0,0,581,0,581,0,581,581,1.0,0.0,1,83,4,86,1,87,88,1.0116279069767442,1.1627906976744187,6,53.92111880000448,1134673920
validation,stratum,flores200,bg,boundary_bpe,8192,observed,32,7482,7482,4146,2654,2.819140919366993,0.6401350699469368,0.35471798984228814,0,0.0,2.819140919366993,2,6,8,"{""1"": 747, ""2"": 641, ""3"": 29, ""4"": 1059, ""6"": 147, ""8"": 31}",8188,267,3.260869565217391,0,0.0,0,0.0,2654,2622,0,0.0,0,0.0,0,617,0,617,0,617,617,1.0,0.0,3,115,9,121,3,124,124,1.024793388429752,2.479338842975207,8,53.92111880000448,1134673920
validation,stratum,flores200,bn,boundary_bpe,8192,observed,32,10772,10772,4028,2780,3.874820143884892,0.6901688182720953,0.2580764946156703,0,0.0,3.874820143884892,3,9,12,"{""1"": 613, ""12"": 18, ""2"": 15, ""3"": 1147, ""4"": 1, ""6"": 802, ""9"": 184}",8188,194,2.3693209574987786,0,0.0,0,0.0,2780,2748,0,0.0,0,0.0,2,560,0,558,2,560,560,1.003584229390681,0.35842293906810035,2,83,1,82,2,84,90,1.024390243902439,2.4390243902439024,9,53.92111880000448,1134673920
validation,stratum,flores200,fa,boundary_bpe,8192,observed,32,6879,6879,3885,2676,2.570627802690583,0.6888030888030888,0.38901003052769295,0,0.0,2.570627802690583,2,6,8,"{""1"": 790, ""2"": 861, ""3"": 45, ""4"": 830, ""5"": 8, ""6"": 128, ""7"": 8, ""8"": 6}",8188,283,3.456277479237909,1,0.03736920777279522,0,0.0,2676,2644,0,0.0,0,0.0,0,700,0,700,0,700,700,1.0,0.0,4,93,15,104,4,108,108,1.0384615384615385,3.8461538461538463,6,53.92111880000448,1134673920
validation,stratum,flores200,gu,boundary_bpe,8192,observed,32,9612,9612,3700,2675,3.593271028037383,0.722972972972973,0.2782979608822305,0,0.0,3.593271028037383,3,9,15,"{""1"": 668, ""12"": 16, ""15"": 3, ""2"": 27, ""3"": 1159, ""4"": 1, ""6"": 675, ""7"": 6, ""9"": 120}",8188,186,2.27161700048852,3,0.11214953271028037,0,0.0,2675,2643,0,0.0,0,0.0,2,570,0,568,2,570,570,1.0035211267605635,0.352112676056338,5,75,8,78,4,83,91,1.064102564102564,5.128205128205129,9,53.92111880000448,1134673920
validation,stratum,flores200,hi,boundary_bpe,8192,observed,32,10074,10074,3966,2855,3.5285464098073556,0.7198688855269794,0.283402819138376,0,0.0,3.5285464098073556,3,6,12,"{""1"": 842, ""12"": 10, ""2"": 27, ""3"": 1020, ""4"": 1, ""6"": 865, ""7"": 3, ""9"": 87}",8188,243,2.9677576941866146,0,0.0,0,0.0,2855,2823,0,0.0,0,0.0,0,747,0,747,0,747,747,1.0,0.0,1,75,6,80,1,81,81,1.0125,1.25,9,53.92111880000448,1134673920
validation,stratum,flores200,ja,boundary_bpe,8192,observed,32,5110,5110,1782,1654,3.089480048367594,0.9281705948372615,0.32367906066536206,81,4.897218863361548,3.089480048367594,3,6,9,"{""1"": 137, ""2"": 23, ""3"": 1356, ""4"": 1, ""6"": 126, ""9"": 11}",8188,499,6.0942843185149,158,9.552599758162032,81,4.897218863361548,1654,1622,0,0.0,0,0.0,0,2,0,2,0,2,2,1.0,0.0,2,83,30,111,2,113,113,1.018018018018018,1.8018018018018018,6,53.92111880000448,1134673920
validation,stratum,flores200,kn,boundary_bpe,8192,observed,32,11326,11326,4264,2908,3.8947730398899587,0.6819887429643527,0.25675437047501326,0,0.0,3.8947730398899587,3,9,18,"{""1"": 658, ""10"": 3, ""12"": 64, ""15"": 18, ""18"": 16, ""2"": 25, ""3"": 1267, ""4"": 10, ""6"": 734, ""9"": 113}",8188,202,2.4670249145090377,1,0.0343878954607978,0,0.0,2908,2876,0,0.0,0,0.0,46,549,0,503,42,549,549,1.091451292246521,8.34990059642147,0,75,15,90,0,90,90,1.0,0.0,15,53.92111880000448,1134673920
validation,stratum,flores200,ko,boundary_bpe,8192,observed,32,4735,4735,2037,1912,2.4764644351464433,0.9386352479135984,0.4038014783526927,45,2.3535564853556483,2.4764644351464433,3,3,7,"{""1"": 574, ""2"": 42, ""3"": 1228, ""4"": 17, ""6"": 32, ""7"": 19}",8188,434,5.300439667806546,103,5.387029288702929,45,2.3535564853556483,1912,1880,0,0.0,0,0.0,0,430,0,430,0,430,430,1.0,0.0,3,42,36,75,3,78,81,1.04,4.0,6,53.92111880000448,1134673920
validation,stratum,flores200,ml,boundary_bpe,8192,observed,32,11894,11894,4384,2952,4.029132791327913,0.6733576642335767,0.2481923658987725,0,0.0,4.029132791327913,3,9,15,"{""1"": 536, ""12"": 95, ""15"": 11, ""2"": 27, ""3"": 1451, ""4"": 20, ""6"": 580, ""7"": 1, ""9"": 231}",8188,201,2.454811919882755,1,0.03387533875338753,0,0.0,2952,2920,0,0.0,0,0.0,5,447,0,442,5,447,447,1.01131221719457,1.1312217194570136,3,61,22,80,3,83,91,1.0375,3.75,12,53.92111880000448,1134673920
validation,stratum,flores200,mr,boundary_bpe,8192,observed,32,10965,10965,4109,2736,4.0076754385964914,0.6658554392796301,0.24952120383036935,0,0.0,4.0076754385964914,3,9,15,"{""1"": 629, ""10"": 5, ""12"": 76, ""15"": 5, ""2"": 12, ""3"": 1052, ""4"": 2, ""6"": 824, ""7"": 6, ""9"": 125}",8188,255,3.114313629702003,0,0.0,0,0.0,2736,2704,0,0.0,0,0.0,1,544,0,543,1,544,544,1.0018416206261511,0.1841620626151013,2,68,12,78,2,80,88,1.0256410256410255,2.5641025641025643,12,53.92111880000448,1134673920
validation,stratum,flores200,ru,boundary_bpe,8192,observed,32,7654,7654,4261,2762,2.771180304127444,0.6482046467965267,0.3608570681996342,0,0.0,2.771180304127444,2,6,8,"{""1"": 733, ""2"": 836, ""3"": 15, ""4"": 959, ""6"": 192, ""8"": 27}",8188,309,3.7738153395212506,0,0.0,0,0.0,2762,2730,0,0.0,0,0.0,5,576,0,571,5,576,576,1.0087565674255692,0.8756567425569177,3,120,7,124,3,127,130,1.0241935483870968,2.4193548387096775,6,53.92111880000448,1134673920
validation,stratum,flores200,sw,boundary_bpe,8192,observed,32,4405,4405,4397,2611,1.6870930677901188,0.593813964066409,0.5927355278093076,0,0.0,1.6870930677901188,1,3,6,"{""1"": 1307, ""2"": 907, ""3"": 335, ""4"": 46, ""5"": 1, ""6"": 15}",8188,341,4.164631167562287,0,0.0,0,0.0,2611,2579,0,0.0,0,0.0,0,660,0,660,0,660,660,1.0,0.0,1,55,22,76,1,77,77,1.013157894736842,1.3157894736842106,4,53.92111880000448,1134673920
validation,stratum,flores200,ta,boundary_bpe,8192,observed,32,12193,12193,4517,2820,4.323758865248227,0.6243081691388089,0.23128024276224063,0,0.0,4.323758865248227,3,9,18,"{""1"": 596, ""12"": 63, ""15"": 19, ""18"": 8, ""2"": 29, ""3"": 1095, ""4"": 1, ""6"": 668, ""7"": 6, ""9"": 335}",8188,184,2.247191011235955,7,0.24822695035460993,0,0.0,2820,2788,0,0.0,0,0.0,1,475,0,474,1,475,475,1.0021097046413503,0.2109704641350211,4,94,8,98,4,102,111,1.0408163265306123,4.081632653061225,12,53.92111880000448,1134673920
validation,stratum,flores200,te,boundary_bpe,8192,observed,32,10409,10409,3954,2664,3.9072822822822824,0.6737481031866465,0.25593236622153903,0,0.0,3.9072822822822824,3,9,15,"{""1"": 592, ""10"": 17, ""12"": 20, ""15"": 8, ""2"": 45, ""3"": 1022, ""4"": 1, ""6"": 834, ""7"": 1, ""9"": 124}",8188,244,2.9799706888128967,0,0.0,0,0.0,2664,2632,0,0.0,0,0.0,6,486,0,480,6,486,486,1.0125,1.25,4,68,21,85,4,89,92,1.0470588235294118,4.705882352941177,12,53.92111880000448,1134673920
validation,stratum,flores200,uk,boundary_bpe,8192,observed,32,7446,7446,4118,2718,2.739514348785872,0.6600291403593977,0.36502820306204675,0,0.0,2.739514348785872,2,6,8,"{""1"": 706, ""2"": 842, ""3"": 10, ""4"": 990, ""6"": 147, ""8"": 23}",8188,277,3.382999511480215,1,0.03679175864606328,0,0.0,2718,2686,0,0.0,0,0.0,0,555,0,555,0,555,555,1.0,0.0,1,119,6,124,1,125,126,1.0080645161290323,0.8064516129032258,6,53.92111880000448,1134673920
validation,stratum,flores200,ur,boundary_bpe,8192,observed,32,6879,6879,3892,2743,2.5078381334305506,0.7047790339157246,0.3987498182875418,0,0.0,2.5078381334305506,2,4,8,"{""1"": 847, ""2"": 915, ""3"": 4, ""4"": 844, ""6"": 125, ""8"": 8}",8188,245,2.9921836834391793,0,0.0,0,0.0,2743,2711,0,0.0,0,0.0,0,793,0,793,0,793,793,1.0,0.0,1,66,6,71,1,72,72,1.0140845070422535,1.408450704225352,6,53.92111880000448,1134673920
validation,stratum,flores200,yo,boundary_bpe,8192,observed,32,5063,5063,3889,3050,1.66,0.7842633067626639,0.6024096385542169,8,0.26229508196721313,1.66,1,3,7,"{""1"": 1554, ""2"": 1138, ""3"": 221, ""4"": 117, ""5"": 19, ""7"": 1}",8188,306,3.7371763556424034,12,0.39344262295081966,8,0.26229508196721313,3050,3018,0,0.0,0,0.0,0,718,0,718,0,718,718,1.0,0.0,2,65,13,76,2,78,78,1.0263157894736843,2.6315789473684212,4,53.92111880000448,1134673920
validation,stratum,flores200,zh,boundary_bpe,8192,observed,32,3769,3769,1485,1457,2.586822237474262,0.9811447811447811,0.38657468824621916,78,5.353466026080988,2.586822237474262,3,3,6,"{""1"": 273, ""2"": 60, ""3"": 1122, ""4"": 1, ""6"": 1}",8188,599,7.315583781143136,181,12.422786547700754,78,5.353466026080988,1457,1425,0,0.0,0,0.0,0,63,0,63,0,63,63,1.0,0.0,5,135,2,132,5,137,138,1.0378787878787878,3.787878787878788,3,53.92111880000448,1134673920
validation,language,,am,boundary_bpe,8192,observed,32,6471,6471,2573,2326,2.782029234737747,0.9040031092110377,0.3594498531911606,0,0.0,2.782029234737747,3,6,9,"{""1"": 539, ""2"": 33, ""3"": 1576, ""4"": 1, ""6"": 153, ""9"": 24}",8188,259,3.1631656082071324,9,0.3869303525365434,0,0.0,2326,2294,0,0.0,0,0.0,0,486,0,486,0,486,486,1.0,0.0,1,60,16,75,1,76,76,1.0133333333333334,1.3333333333333333,9,53.92111880000448,1134673920
validation,language,,ar,boundary_bpe,8192,observed,32,6539,6539,3628,2584,2.5305727554179565,0.7122381477398015,0.3951674567976755,10,0.38699690402476783,2.5305727554179565,2,6,8,"{""1"": 671, ""2"": 1042, ""3"": 4, ""4"": 717, ""6"": 148, ""8"": 2}",8188,227,2.772349780166097,14,0.541795665634675,10,0.38699690402476783,2584,2552,0,0.0,0,0.0,0,581,0,581,0,581,581,1.0,0.0,1,83,4,86,1,87,88,1.0116279069767442,1.1627906976744187,6,53.92111880000448,1134673920
validation,language,,bg,boundary_bpe,8192,observed,32,7482,7482,4146,2654,2.819140919366993,0.6401350699469368,0.35471798984228814,0,0.0,2.819140919366993,2,6,8,"{""1"": 747, ""2"": 641, ""3"": 29, ""4"": 1059, ""6"": 147, ""8"": 31}",8188,267,3.260869565217391,0,0.0,0,0.0,2654,2622,0,0.0,0,0.0,0,617,0,617,0,617,617,1.0,0.0,3,115,9,121,3,124,124,1.024793388429752,2.479338842975207,8,53.92111880000448,1134673920
validation,language,,bn,boundary_bpe,8192,observed,32,10772,10772,4028,2780,3.874820143884892,0.6901688182720953,0.2580764946156703,0,0.0,3.874820143884892,3,9,12,"{""1"": 613, ""12"": 18, ""2"": 15, ""3"": 1147, ""4"": 1, ""6"": 802, ""9"": 184}",8188,194,2.3693209574987786,0,0.0,0,0.0,2780,2748,0,0.0,0,0.0,2,560,0,558,2,560,560,1.003584229390681,0.35842293906810035,2,83,1,82,2,84,90,1.024390243902439,2.4390243902439024,9,53.92111880000448,1134673920
validation,language,,fa,boundary_bpe,8192,observed,32,6879,6879,3885,2676,2.570627802690583,0.6888030888030888,0.38901003052769295,0,0.0,2.570627802690583,2,6,8,"{""1"": 790, ""2"": 861, ""3"": 45, ""4"": 830, ""5"": 8, ""6"": 128, ""7"": 8, ""8"": 6}",8188,283,3.456277479237909,1,0.03736920777279522,0,0.0,2676,2644,0,0.0,0,0.0,0,700,0,700,0,700,700,1.0,0.0,4,93,15,104,4,108,108,1.0384615384615385,3.8461538461538463,6,53.92111880000448,1134673920
validation,language,,gu,boundary_bpe,8192,observed,32,9612,9612,3700,2675,3.593271028037383,0.722972972972973,0.2782979608822305,0,0.0,3.593271028037383,3,9,15,"{""1"": 668, ""12"": 16, ""15"": 3, ""2"": 27, ""3"": 1159, ""4"": 1, ""6"": 675, ""7"": 6, ""9"": 120}",8188,186,2.27161700048852,3,0.11214953271028037,0,0.0,2675,2643,0,0.0,0,0.0,2,570,0,568,2,570,570,1.0035211267605635,0.352112676056338,5,75,8,78,4,83,91,1.064102564102564,5.128205128205129,9,53.92111880000448,1134673920
validation,language,,hi,boundary_bpe,8192,observed,32,10074,10074,3966,2855,3.5285464098073556,0.7198688855269794,0.283402819138376,0,0.0,3.5285464098073556,3,6,12,"{""1"": 842, ""12"": 10, ""2"": 27, ""3"": 1020, ""4"": 1, ""6"": 865, ""7"": 3, ""9"": 87}",8188,243,2.9677576941866146,0,0.0,0,0.0,2855,2823,0,0.0,0,0.0,0,747,0,747,0,747,747,1.0,0.0,1,75,6,80,1,81,81,1.0125,1.25,9,53.92111880000448,1134673920
validation,language,,ja,boundary_bpe,8192,observed,32,5110,5110,1782,1654,3.089480048367594,0.9281705948372615,0.32367906066536206,81,4.897218863361548,3.089480048367594,3,6,9,"{""1"": 137, ""2"": 23, ""3"": 1356, ""4"": 1, ""6"": 126, ""9"": 11}",8188,499,6.0942843185149,158,9.552599758162032,81,4.897218863361548,1654,1622,0,0.0,0,0.0,0,2,0,2,0,2,2,1.0,0.0,2,83,30,111,2,113,113,1.018018018018018,1.8018018018018018,6,53.92111880000448,1134673920
validation,language,,kn,boundary_bpe,8192,observed,32,11326,11326,4264,2908,3.8947730398899587,0.6819887429643527,0.25675437047501326,0,0.0,3.8947730398899587,3,9,18,"{""1"": 658, ""10"": 3, ""12"": 64, ""15"": 18, ""18"": 16, ""2"": 25, ""3"": 1267, ""4"": 10, ""6"": 734, ""9"": 113}",8188,202,2.4670249145090377,1,0.0343878954607978,0,0.0,2908,2876,0,0.0,0,0.0,46,549,0,503,42,549,549,1.091451292246521,8.34990059642147,0,75,15,90,0,90,90,1.0,0.0,15,53.92111880000448,1134673920
validation,language,,ko,boundary_bpe,8192,observed,32,4735,4735,2037,1912,2.4764644351464433,0.9386352479135984,0.4038014783526927,45,2.3535564853556483,2.4764644351464433,3,3,7,"{""1"": 574, ""2"": 42, ""3"": 1228, ""4"": 17, ""6"": 32, ""7"": 19}",8188,434,5.300439667806546,103,5.387029288702929,45,2.3535564853556483,1912,1880,0,0.0,0,0.0,0,430,0,430,0,430,430,1.0,0.0,3,42,36,75,3,78,81,1.04,4.0,6,53.92111880000448,1134673920
validation,language,,ml,boundary_bpe,8192,observed,32,11894,11894,4384,2952,4.029132791327913,0.6733576642335767,0.2481923658987725,0,0.0,4.029132791327913,3,9,15,"{""1"": 536, ""12"": 95, ""15"": 11, ""2"": 27, ""3"": 1451, ""4"": 20, ""6"": 580, ""7"": 1, ""9"": 231}",8188,201,2.454811919882755,1,0.03387533875338753,0,0.0,2952,2920,0,0.0,0,0.0,5,447,0,442,5,447,447,1.01131221719457,1.1312217194570136,3,61,22,80,3,83,91,1.0375,3.75,12,53.92111880000448,1134673920
validation,language,,mr,boundary_bpe,8192,observed,32,10965,10965,4109,2736,4.0076754385964914,0.6658554392796301,0.24952120383036935,0,0.0,4.0076754385964914,3,9,15,"{""1"": 629, ""10"": 5, ""12"": 76, ""15"": 5, ""2"": 12, ""3"": 1052, ""4"": 2, ""6"": 824, ""7"": 6, ""9"": 125}",8188,255,3.114313629702003,0,0.0,0,0.0,2736,2704,0,0.0,0,0.0,1,544,0,543,1,544,544,1.0018416206261511,0.1841620626151013,2,68,12,78,2,80,88,1.0256410256410255,2.5641025641025643,12,53.92111880000448,1134673920
validation,language,,ru,boundary_bpe,8192,observed,32,7654,7654,4261,2762,2.771180304127444,0.6482046467965267,0.3608570681996342,0,0.0,2.771180304127444,2,6,8,"{""1"": 733, ""2"": 836, ""3"": 15, ""4"": 959, ""6"": 192, ""8"": 27}",8188,309,3.7738153395212506,0,0.0,0,0.0,2762,2730,0,0.0,0,0.0,5,576,0,571,5,576,576,1.0087565674255692,0.8756567425569177,3,120,7,124,3,127,130,1.0241935483870968,2.4193548387096775,6,53.92111880000448,1134673920
validation,language,,sw,boundary_bpe,8192,observed,32,4405,4405,4397,2611,1.6870930677901188,0.593813964066409,0.5927355278093076,0,0.0,1.6870930677901188,1,3,6,"{""1"": 1307, ""2"": 907, ""3"": 335, ""4"": 46, ""5"": 1, ""6"": 15}",8188,341,4.164631167562287,0,0.0,0,0.0,2611,2579,0,0.0,0,0.0,0,660,0,660,0,660,660,1.0,0.0,1,55,22,76,1,77,77,1.013157894736842,1.3157894736842106,4,53.92111880000448,1134673920
validation,language,,ta,boundary_bpe,8192,observed,32,12193,12193,4517,2820,4.323758865248227,0.6243081691388089,0.23128024276224063,0,0.0,4.323758865248227,3,9,18,"{""1"": 596, ""12"": 63, ""15"": 19, ""18"": 8, ""2"": 29, ""3"": 1095, ""4"": 1, ""6"": 668, ""7"": 6, ""9"": 335}",8188,184,2.247191011235955,7,0.24822695035460993,0,0.0,2820,2788,0,0.0,0,0.0,1,475,0,474,1,475,475,1.0021097046413503,0.2109704641350211,4,94,8,98,4,102,111,1.0408163265306123,4.081632653061225,12,53.92111880000448,1134673920
validation,language,,te,boundary_bpe,8192,observed,32,10409,10409,3954,2664,3.9072822822822824,0.6737481031866465,0.25593236622153903,0,0.0,3.9072822822822824,3,9,15,"{""1"": 592, ""10"": 17, ""12"": 20, ""15"": 8, ""2"": 45, ""3"": 1022, ""4"": 1, ""6"": 834, ""7"": 1, ""9"": 124}",8188,244,2.9799706888128967,0,0.0,0,0.0,2664,2632,0,0.0,0,0.0,6,486,0,480,6,486,486,1.0125,1.25,4,68,21,85,4,89,92,1.0470588235294118,4.705882352941177,12,53.92111880000448,1134673920
validation,language,,uk,boundary_bpe,8192,observed,32,7446,7446,4118,2718,2.739514348785872,0.6600291403593977,0.36502820306204675,0,0.0,2.739514348785872,2,6,8,"{""1"": 706, ""2"": 842, ""3"": 10, ""4"": 990, ""6"": 147, ""8"": 23}",8188,277,3.382999511480215,1,0.03679175864606328,0,0.0,2718,2686,0,0.0,0,0.0,0,555,0,555,0,555,555,1.0,0.0,1,119,6,124,1,125,126,1.0080645161290323,0.8064516129032258,6,53.92111880000448,1134673920
validation,language,,ur,boundary_bpe,8192,observed,32,6879,6879,3892,2743,2.5078381334305506,0.7047790339157246,0.3987498182875418,0,0.0,2.5078381334305506,2,4,8,"{""1"": 847, ""2"": 915, ""3"": 4, ""4"": 844, ""6"": 125, ""8"": 8}",8188,245,2.9921836834391793,0,0.0,0,0.0,2743,2711,0,0.0,0,0.0,0,793,0,793,0,793,793,1.0,0.0,1,66,6,71,1,72,72,1.0140845070422535,1.408450704225352,6,53.92111880000448,1134673920
validation,language,,yo,boundary_bpe,8192,observed,32,5063,5063,3889,3050,1.66,0.7842633067626639,0.6024096385542169,8,0.26229508196721313,1.66,1,3,7,"{""1"": 1554, ""2"": 1138, ""3"": 221, ""4"": 117, ""5"": 19, ""7"": 1}",8188,306,3.7371763556424034,12,0.39344262295081966,8,0.26229508196721313,3050,3018,0,0.0,0,0.0,0,718,0,718,0,718,718,1.0,0.0,2,65,13,76,2,78,78,1.0263157894736843,2.6315789473684212,4,53.92111880000448,1134673920
validation,language,,zh,boundary_bpe,8192,observed,32,3769,3769,1485,1457,2.586822237474262,0.9811447811447811,0.38657468824621916,78,5.353466026080988,2.586822237474262,3,3,6,"{""1"": 273, ""2"": 60, ""3"": 1122, ""4"": 1, ""6"": 1}",8188,599,7.315583781143136,181,12.422786547700754,78,5.353466026080988,1457,1425,0,0.0,0,0.0,0,63,0,63,0,63,63,1.0,0.0,5,135,2,132,5,137,138,1.0378787878787878,3.787878787878788,3,53.92111880000448,1134673920
validation,domain,flores200,,boundary_bpe,8192,observed,640,159677,159677,73015,51537,3.098298309952073,0.7058412654933918,0.32275781734376274,222,0.43075848419582047,3.098298309952073,3,6,18,"{""1"": 14012, ""10"": 25, ""12"": 362, ""15"": 64, ""18"": 24, ""2"": 7547, ""3"": 15158, ""4"": 5619, ""5"": 28, ""6"": 7196, ""7"": 51, ""8"": 97, ""9"": 1354}",8188,3585,43.783585735222275,491,0.9527135844150805,222,0.43075848419582047,51537,50897,0,0.0,0,0.0,68,10559,0,10491,64,10559,10559,1.006481746258698,0.6100467067009818,48,1635,259,1846,47,1894,1945,1.0260021668472372,2.5460455037919827,9,53.92111880000448,1134673920
validation,aggregate,,,boundary_bpe,8192,observed,640,159677,159677,73015,51537,3.098298309952073,0.7058412654933918,0.32275781734376274,222,0.43075848419582047,3.098298309952073,3,6,18,"{""1"": 14012, ""10"": 25, ""12"": 362, ""15"": 64, ""18"": 24, ""2"": 7547, ""3"": 15158, ""4"": 5619, ""5"": 28, ""6"": 7196, ""7"": 51, ""8"": 97, ""9"": 1354}",8188,3585,43.783585735222275,491,0.9527135844150805,222,0.43075848419582047,51537,50897,0,0.0,0,0.0,68,10559,0,10491,64,10559,10559,1.006481746258698,0.6100467067009818,48,1635,259,1846,47,1894,1945,1.0260021668472372,2.5460455037919827,9,53.92111880000448,1134673920
train,stratum,code,c,uniq_superbpe_r64,8192,observed,32,51063,51063,51060,26502,1.9267602445098484,0.5190364277320799,0.519005933846425,0,0.0,1.9267602445098484,1,5,16,"{""1"": 15351, ""10"": 151, ""11"": 4, ""12"": 70, ""13"": 17, ""16"": 34, ""2"": 5437, ""3"": 2786, ""4"": 1306, ""5"": 561, ""6"": 431, ""7"": 196, ""8"": 88, ""9"": 70}",8188,847,10.344406448461163,1,0.0037733001282922044,0,0.0,28400,28368,1898,6.69063733784546,264,0.996151233869142,360,2452,3652,5926,279,6286,9740,1.060749240634492,4.708066149173136,1981,5224,715,4093,584,6074,6116,1.48399706816516,14.268262887857317,10,157.98209089998272,620380160
train,stratum,code,cpp,uniq_superbpe_r64,8192,observed,32,54217,54217,54213,26855,2.0188791658908953,0.4953608912991349,0.4953243447627128,0,0.0,2.0188791658908953,1,5,16,"{""1"": 15060, ""10"": 201, ""11"": 5, ""12"": 89, ""13"": 38, ""16"": 42, ""2"": 5602, ""3"": 2927, ""4"": 1277, ""5"": 649, ""6"": 578, ""7"": 165, ""8"": 101, ""9"": 121}",8188,870,10.625305324865657,0,0.0,0,0.0,28601,28569,1746,6.111519479155728,293,1.091044498231242,311,2496,3001,5352,218,5663,9575,1.0581091180866966,4.073243647234679,1754,5423,655,4478,986,6232,6268,1.3916927199642697,22.01875837427423,10,157.98209089998272,620380160
train,stratum,code,go,uniq_superbpe_r64,8192,observed,32,56813,56813,56813,28245,2.0114356523278456,0.4971573407494764,0.4971573407494764,0,0.0,2.0114356523278456,1,5,16,"{""1"": 14653, ""10"": 36, ""12"": 22, ""16"": 9, ""2"": 6337, ""3"": 3777, ""4"": 1698, ""5"": 486, ""6"": 676, ""7"": 323, ""8"": 204, ""9"": 24}",8188,850,10.38104543234001,0,0.0,0,0.0,28975,28943,730,2.522198804546868,111,0.39298990971853426,119,3199,3191,6386,93,6505,9031,1.0186345129971814,1.4563106796116505,1030,6016,368,5404,868,6434,6454,1.19059955588453,16.06217616580311,8,157.98209089998272,620380160
train,stratum,code,java,uniq_superbpe_r64,8192,observed,32,43999,43999,43605,19634,2.2409595599470307,0.45026946451095057,0.4462374144866929,0,0.0,2.2409595599470307,2,6,16,"{""1"": 9656, ""10"": 156, ""12"": 13, ""13"": 30, ""16"": 34, ""2"": 4007, ""3"": 2860, ""4"": 1242, ""5"": 506, ""6"": 665, ""7"": 236, ""8"": 102, ""9"": 127}",8188,920,11.235955056179776,9,0.045838850972802284,0,0.0,21172,21140,1538,7.275307473982971,268,1.3649791178567792,209,1619,2231,3775,191,3984,7594,1.0553642384105961,5.059602649006623,842,3486,525,3273,493,4115,4145,1.2572563397494654,15.062633669416437,10,157.98209089998272,620380160
train,stratum,code,javascript,uniq_superbpe_r64,8192,observed,32,38980,38980,38152,20215,1.928271085827356,0.5298542671419585,0.5185992816829144,0,0.0,1.928271085827356,1,5,16,"{""1"": 11474, ""10"": 45, ""11"": 9, ""12"": 8, ""13"": 33, ""16"": 24, ""2"": 4387, ""3"": 2385, ""4"": 641, ""5"": 386, ""6"": 425, ""7"": 178, ""8"": 151, ""9"": 69}",8188,923,11.272594040058623,19,0.09398961167449914,0,0.0,21975,21943,1760,8.020781114706285,157,0.7766510017313876,220,1904,1890,3702,138,3922,7448,1.0594273365748244,3.727714748784441,1683,5192,610,4230,1254,5913,5941,1.397872340425532,29.645390070921987,8,157.98209089998272,620380160
train,stratum,code,python,uniq_superbpe_r64,8192,observed,32,48487,48487,48387,21881,2.2159407705315113,0.45220823774980884,0.45127559964526576,0,0.0,2.2159407705315113,2,6,16,"{""1"": 10934, ""10"": 15, ""11"": 3, ""12"": 20, ""13"": 59, ""16"": 81, ""2"": 4452, ""3"": 3170, ""4"": 1416, ""5"": 659, ""6"": 418, ""7"": 295, ""8"": 110, ""9"": 249}",8188,870,10.625305324865657,6,0.027421050226223664,0,0.0,23272,23240,1391,5.985370051635112,58,0.2650701521868288,268,2132,2543,4625,106,4893,10776,1.057945945945946,2.291891891891892,1339,4872,303,3862,748,5201,5228,1.3467115484205074,19.368203003625066,9,157.98209089998272,620380160
train,stratum,code,rust,uniq_superbpe_r64,8192,observed,32,56922,56922,56922,28765,1.9788632018077525,0.5053406415797056,0.5053406415797056,0,0.0,1.9788632018077525,1,5,16,"{""1"": 16491, ""10"": 108, ""12"": 14, ""13"": 136, ""16"": 71, ""2"": 5549, ""3"": 3417, ""4"": 1434, ""5"": 670, ""6"": 519, ""7"": 199, ""8"": 76, ""9"": 81}",8188,837,10.222276502198339,0,0.0,0,0.0,30695,30663,1930,6.294230831947298,58,0.20163393012341388,182,2715,3604,6228,159,6410,13231,1.0292228644829802,2.5529865125240847,2721,7687,828,5827,1956,8548,8582,1.4669641324866998,33.56787369143642,10,157.98209089998272,620380160
train,stratum,code,sql,uniq_superbpe_r64,8192,observed,32,36373,36373,36088,19955,1.8227511901779003,0.5529538904899135,0.5486212300332665,0,0.0,1.8227511901779003,1,5,16,"{""1"": 12315, ""10"": 10, ""12"": 5, ""13"": 13, ""16"": 50, ""2"": 3961, ""3"": 1777, ""4"": 871, ""5"": 267, ""6"": 298, ""7"": 172, ""8"": 79, ""9"": 137}",8188,818,9.990229604298975,3,0.015033826108744675,0,0.0,21135,21103,1180,5.59162204425911,233,1.167627161112503,142,1808,2115,3925,126,4067,6655,1.0361783439490446,3.210191082802548,1300,3934,352,3103,560,4403,4498,1.4189494038027715,18.047051240734774,9,157.98209089998272,620380160
train,stratum,code,typescript,uniq_superbpe_r64,8192,observed,32,43989,43989,43698,19055,2.308527945421149,0.43606114696324777,0.4331764759371661,0,0.0,2.308527945421149,2,7,16,"{""1"": 9450, ""10"": 50, ""11"": 191, ""12"": 5, ""13"": 9, ""16"": 11, ""2"": 3903, ""3"": 2345, ""4"": 1138, ""5"": 528, ""6"": 735, ""7"": 484, ""8"": 100, ""9"": 106}",8188,914,11.16267708842208,7,0.036735764891104694,0,0.0,21686,21654,2631,12.150180105292325,437,2.293361322487536,113,1590,2639,4263,80,4376,8393,1.0265071545859723,1.8766127140511377,1081,3536,780,3292,733,4373,4406,1.3283718104495748,22.26609963547995,11,157.98209089998272,620380160
train,stratum,cyrillic_african,am,uniq_superbpe_r64,8192,observed,32,147317,147317,59501,46836,3.145379622512597,0.7871464345137057,0.3179266479768119,0,0.0,3.145379622512597,3,6,10,"{""1"": 5884, ""10"": 405, ""2"": 746, ""3"": 31267, ""4"": 5351, ""5"": 4, ""6"": 1587, ""7"": 1592}",8188,707,8.634587200781631,90,0.1921598770176787,0,0.0,46935,46903,99,0.2110739185126751,2,0.004270219489281749,0,3418,7785,11206,0,11206,11206,1.0,0.0,702,2718,89,2105,543,2807,2807,1.3334916864608075,25.795724465558195,7,157.98209089998272,620380160
train,stratum,cyrillic_african,bg,uniq_superbpe_r64,8192,observed,32,102609,102609,58537,30633,3.349622955636079,0.5233100432205272,0.2985410636493875,0,0.0,3.349622955636079,4,6,9,"{""1"": 4538, ""2"": 6934, ""3"": 3152, ""4"": 9804, ""5"": 3480, ""6"": 1624, ""7"": 526, ""8"": 470, ""9"": 105}",8188,794,9.697117733268197,1,0.0032644533672836484,0,0.0,30854,30822,221,0.7170203101680618,78,0.2546273626481246,0,1449,7523,8973,0,8973,8973,1.0,0.0,325,2083,218,1976,258,2301,2303,1.1644736842105263,13.05668016194332,8,157.98209089998272,620380160
train,stratum,cyrillic_african,ru,uniq_superbpe_r64,8192,observed,32,106212,106212,58870,30626,3.468033696858878,0.5202310174961781,0.28834783263661357,0,0.0,3.468033696858878,4,6,9,"{""1"": 3653, ""2"": 7486, ""3"": 2707, ""4"": 10376, ""5"": 2433, ""6"": 2603, ""7"": 848, ""8"": 437, ""9"": 83}",8188,717,8.756717147044455,2,0.006530399007379351,0,0.0,30866,30834,240,0.7783615489394824,39,0.12734278064389734,0,1467,6344,7811,0,7811,7811,1.0,0.0,275,1678,237,1640,220,1915,1917,1.1676829268292683,13.414634146341463,8,157.98209089998272,620380160
train,stratum,cyrillic_african,sw,uniq_superbpe_r64,8192,observed,32,62449,62449,62216,30557,2.043688843800111,0.49114375723286613,0.48931127800285035,58,0.18980920901921,2.043688843800111,2,3,7,"{""1"": 9312, ""2"": 12011, ""3"": 8291, ""4"": 674, ""5"": 167, ""6"": 3, ""7"": 99}",8188,700,8.549096238397656,3,0.009817717707890172,0,0.0,30689,30657,132,0.43057050592034446,4,0.013090290277186896,5,1529,7575,9101,5,9106,9106,1.0005493901769036,0.054939017690363696,305,1624,127,1448,263,1753,1753,1.2106353591160222,18.162983425414364,4,157.98209089998272,620380160
train,stratum,cyrillic_african,uk,uniq_superbpe_r64,8192,observed,32,95676,95676,53182,28855,3.31575116964131,0.542570794629762,0.30159078556795854,0,0.0,3.31575116964131,4,6,10,"{""1"": 3858, ""10"": 49, ""2"": 7872, ""3"": 2406, ""4"": 9724, ""5"": 2104, ""6"": 1578, ""7"": 694, ""8"": 506, ""9"": 64}",8188,690,8.426966292134832,14,0.048518454340668864,0,0.0,29108,29076,253,0.8701334433897372,9,0.031190434933287124,0,1530,5563,7093,0,7093,7093,1.0,0.0,316,1916,249,1849,283,2165,2167,1.1709031909140075,15.305570578691185,8,157.98209089998272,620380160
train,stratum,cyrillic_african,yo,uniq_superbpe_r64,8192,observed,32,69432,69432,59766,30947,2.2435777296668498,0.5178027641133754,0.445716672427699,134,0.4329983520211975,2.2435777296668498,2,5,9,"{""1"": 9522, ""2"": 10693, ""3"": 7880, ""4"": 1161, ""5"": 688, ""6"": 395, ""7"": 520, ""8"": 2, ""9"": 86}",8188,696,8.500244259892526,10,0.03231330985232817,0,0.0,31438,31406,491,1.5633955295166528,297,0.9597053026141468,0,2397,8792,11487,0,11487,11487,1.0,0.0,267,1677,182,1592,237,1859,1859,1.1677135678391959,14.886934673366834,7,157.98209089998272,620380160
train,stratum,indic_cjk_arabic,ar,uniq_superbpe_r64,8192,observed,32,97740,97740,54940,31420,3.11075747931254,0.5718966144885329,0.3214651115203601,702,2.2342457033736474,3.11075747931254,3,7,9,"{""1"": 3630, ""2"": 11411, ""3"": 3340, ""4"": 8584, ""5"": 2095, ""6"": 163, ""7"": 2147, ""9"": 50}",8188,646,7.8895945285784075,15,0.047740292807129214,0,0.0,31489,31457,69,0.21934704517277553,1,0.003182686187141948,0,1102,7735,8838,0,8838,8838,1.0,0.0,331,1690,67,1426,269,1757,1757,1.2321178120617111,18.863955119214587,7,157.98209089998272,620380160
train,stratum,indic_cjk_arabic,bn,uniq_superbpe_r64,8192,observed,32,152004,152004,58399,49066,3.097949700403538,0.8401856196167743,0.3227941369963948,16773,34.18456772510496,3.097949700403538,3,7,13,"{""1"": 20523, ""10"": 531, ""12"": 87, ""13"": 160, ""2"": 540, ""3"": 13497, ""4"": 2784, ""5"": 6, ""6"": 7720, ""7"": 2486, ""9"": 732}",8188,554,6.76599902296043,16,0.032609138711123795,0,0.0,49821,49789,755,1.516399204643596,90,0.18342640525007134,0,2214,6300,8515,0,8515,8515,1.0,0.0,232,1517,143,1429,220,1661,1661,1.1623512946116166,15.395381385584324,10,157.98209089998272,620380160
train,stratum,indic_cjk_arabic,fa,uniq_superbpe_r64,8192,observed,32,93798,93798,52677,27785,3.3758502789274787,0.5274598021907094,0.29622166783939957,18,0.06478315637934137,3.3758502789274787,4,6,9,"{""1"": 2779, ""2"": 7462, ""3"": 3453, ""4"": 7978, ""5"": 4264, ""6"": 730, ""7"": 918, ""8"": 111, ""9"": 90}",8188,542,6.619443087445042,4,0.014396256973186972,0,0.0,27856,27824,71,0.25517538815411156,0,0.0,0,1297,8633,9930,0,9930,9930,1.0,0.0,236,1338,67,1169,191,1405,1405,1.2018819503849445,16.33875106928999,7,157.98209089998272,620380160
train,stratum,indic_cjk_arabic,gu,uniq_superbpe_r64,8192,observed,32,146974,146974,58881,46908,3.133239532702311,0.7966576654608447,0.3191584906173881,15750,33.57636224098235,3.133239532702311,3,7,13,"{""1"": 19819, ""10"": 453, ""13"": 61, ""2"": 956, ""3"": 10299, ""4"": 4197, ""5"": 8, ""6"": 7384, ""7"": 2844, ""9"": 887}",8188,641,7.828529555446996,24,0.05116398055768739,0,0.0,47033,47001,125,0.26595178825982424,0,0.0,0,1642,8081,9723,0,9723,9723,1.0,0.0,256,1509,121,1374,189,1630,1630,1.1863173216885008,13.755458515283843,10,157.98209089998272,620380160
train,stratum,indic_cjk_arabic,hi,uniq_superbpe_r64,8192,observed,32,153237,153237,61359,44940,3.4098130841121495,0.7324108932674913,0.29327120734548445,14460,32.176234979973295,3.4098130841121495,3,7,17,"{""1"": 18256, ""10"": 591, ""12"": 53, ""13"": 245, ""14"": 5, ""16"": 91, ""17"": 70, ""2"": 588, ""3"": 9895, ""4"": 3020, ""5"": 2, ""6"": 6199, ""7"": 5468, ""9"": 457}",8188,647,7.90180752320469,5,0.011125945705384957,0,0.0,45401,45369,461,1.016112323392625,274,0.6097018246550957,0,1879,9852,11810,0,11810,11810,1.0,0.0,245,1584,108,1447,222,1692,1692,1.1693158258465792,15.342087076710435,12,157.98209089998272,620380160
train,stratum,indic_cjk_arabic,ja,uniq_superbpe_r64,8192,observed,32,142468,142468,61333,52390,2.719373926321817,0.8541894249425268,0.3677317011539433,0,0.0,2.719373926321817,3,6,12,"{""1"": 10430, ""12"": 75, ""2"": 3264, ""3"": 35553, ""4"": 328, ""5"": 30, ""6"": 2633, ""7"": 1, ""9"": 76}",8188,2298,28.065461651196873,1119,2.135903798434816,0,0.0,52603,52571,213,0.40516634646478095,0,0.0,0,2640,1793,4436,0,4436,4436,1.0,0.0,562,4443,201,4082,425,4644,4644,1.1376776090151886,10.41156295933366,6,157.98209089998272,620380160
train,stratum,indic_cjk_arabic,kn,uniq_superbpe_r64,8192,observed,32,153841,153841,60531,46478,3.309974611644219,0.767837967322529,0.3021171209235509,12597,27.10314557425018,3.309974611644219,3,6,12,"{""1"": 17565, ""10"": 82, ""12"": 59, ""2"": 1348, ""3"": 9667, ""4"": 3274, ""5"": 8, ""6"": 12562, ""7"": 1337, ""9"": 576}",8188,734,8.964338055691256,45,0.09682000086062223,0,0.0,46686,46654,208,0.4458352981523556,0,0.0,0,1841,5402,7243,0,7243,7243,1.0,0.0,239,1458,204,1423,205,1662,1662,1.167955024595924,14.406184118060436,9,157.98209089998272,620380160
train,stratum,indic_cjk_arabic,ko,uniq_superbpe_r64,8192,observed,32,118352,118352,51206,42772,2.767043860469466,0.835292739132133,0.3613965120994998,7,0.016365846815673806,2.767043860469466,3,4,12,"{""1"": 8683, ""12"": 57, ""2"": 1529, ""3"": 26792, ""4"": 4574, ""5"": 3, ""6"": 842, ""7"": 220, ""9"": 72}",8188,1511,18.45383488031265,926,2.164967735901992,0,0.0,44433,44401,1661,3.7409067363347672,68,0.1589825119236884,1,5248,5805,11052,1,11053,11053,1.0000904813608396,0.009048136083966703,489,2372,560,2443,386,2932,2934,1.2001637331150226,15.800245599672534,6,157.98209089998272,620380160
train,stratum,indic_cjk_arabic,ml,uniq_superbpe_r64,8192,observed,32,137273,137273,52226,42365,3.2402454856603327,0.8111859993106881,0.3086185921484924,16398,38.70647940516936,3.2402454856603327,3,9,12,"{""1"": 19865, ""10"": 123, ""12"": 1354, ""2"": 827, ""3"": 8544, ""4"": 2694, ""5"": 2, ""6"": 5998, ""7"": 376, ""9"": 2582}",8188,611,7.462139716658525,18,0.04248790274991148,0,0.0,42540,42508,175,0.41168721181895174,2,0.004720878083323498,0,1460,3735,5197,0,5197,5197,1.0,0.0,205,1209,169,1173,171,1378,1378,1.174765558397272,14.578005115089514,12,157.98209089998272,620380160
train,stratum,indic_cjk_arabic,mr,uniq_superbpe_r64,8192,observed,32,145113,145113,56571,41925,3.461252236135957,0.7411040992734793,0.288912778317587,12657,30.189624329159212,3.461252236135957,3,7,16,"{""1"": 16125, ""10"": 578, ""12"": 627, ""13"": 75, ""16"": 60, ""2"": 757, ""3"": 9905, ""4"": 2540, ""5"": 11, ""6"": 7790, ""7"": 2774, ""9"": 683}",8188,698,8.52467024914509,1,0.002385211687537269,0,0.0,42088,42056,163,0.3875784668061632,4,0.009540846750149075,0,1345,6434,7780,0,7780,7780,1.0,0.0,227,1395,152,1323,187,1550,1551,1.1715797430083144,14.134542705971278,12,157.98209089998272,620380160
train,stratum,indic_cjk_arabic,ta,uniq_superbpe_r64,8192,observed,32,140738,140738,53567,36100,3.8985595567867035,0.6739223775832135,0.2565049950972729,5775,15.997229916897506,3.8985595567867035,3,7,10,"{""1"": 10363, ""10"": 388, ""2"": 902, ""3"": 8711, ""4"": 184, ""5"": 5, ""6"": 12698, ""7"": 2016, ""9"": 833}",8188,527,6.436248168050806,5,0.013850415512465374,0,0.0,37186,37154,1086,2.9229692630672335,3,0.008310249307479225,0,2505,3286,5791,0,5791,5791,1.0,0.0,431,1365,420,1357,296,1788,1788,1.3176123802505526,21.812822402358144,10,157.98209089998272,620380160
train,stratum,indic_cjk_arabic,te,uniq_superbpe_r64,8192,observed,32,158103,158103,60933,47160,3.3524809160305344,0.7739648466348285,0.29828656002732395,13704,29.05852417302799,3.3524809160305344,3,6,12,"{""1"": 18883, ""10"": 117, ""12"": 370, ""2"": 1107, ""3"": 8895, ""4"": 2371, ""5"": 12, ""6"": 13566, ""7"": 1390, ""9"": 449}",8188,626,7.64533463605276,24,0.05089058524173028,0,0.0,47557,47525,397,0.8353498158863756,1,0.0021204410517387615,0,2892,4596,7488,0,7488,7488,1.0,0.0,359,1554,384,1580,301,1939,1939,1.2272151898734178,19.050632911392405,10,157.98209089998272,620380160
train,stratum,indic_cjk_arabic,ur,uniq_superbpe_r64,8192,observed,32,112341,112341,64366,33571,3.34637037919633,0.5215641798465028,0.29883123703723485,403,1.2004408566917875,3.34637037919633,3,7,12,"{""1"": 3709, ""11"": 93, ""12"": 126, ""2"": 10556, ""3"": 3829, ""4"": 7469, ""5"": 5719, ""6"": 283, ""7"": 1377, ""9"": 410}",8188,715,8.73229115779189,11,0.032766375740966906,0,0.0,33969,33937,398,1.1727612929840587,363,1.0812903994519079,0,1779,11639,13545,0,13545,13545,1.0,0.0,248,1742,33,1527,229,1775,1777,1.1624099541584807,14.996725605762935,9,157.98209089998272,620380160
train,stratum,indic_cjk_arabic,zh,uniq_superbpe_r64,8192,observed,32,130086,130086,53452,46742,2.7830644816225236,0.8744668113447579,0.35931614470427253,4,0.008557614137178555,2.7830644816225236,3,3,12,"{""1"": 7419, ""12"": 154, ""2"": 2149, ""3"": 35401, ""4"": 202, ""5"": 24, ""6"": 820, ""7"": 343, ""8"": 1, ""9"": 229}",8188,3242,39.59452857840743,2795,5.979632878353515,0,0.0,47316,47284,574,1.2139412909229337,0,0.0,0,2024,1729,3755,0,3755,3755,1.0,0.0,365,3315,285,3235,285,3600,3602,1.1128284389489953,8.809891808346213,7,157.98209089998272,620380160
train,stratum,latin_english,en,uniq_superbpe_r64,8192,observed,32,59492,59492,59076,27079,2.196979208981129,0.4583756517028912,0.4551704430847845,0,0.0,2.196979208981129,2,4,12,"{""1"": 9098, ""12"": 1, ""2"": 8189, ""3"": 6726, ""4"": 2127, ""5"": 582, ""6"": 106, ""7"": 229, ""8"": 20, ""9"": 1}",8188,867,10.58866634098681,12,0.044314782672919974,0,0.0,27328,27296,249,0.912221570926143,110,0.4062188411684331,3,2003,7189,9298,3,9301,9301,1.000322650032265,0.032265003226500326,332,1956,139,1764,266,2096,2096,1.1882086167800454,15.079365079365079,6,157.98209089998272,620380160
train,language,,am,uniq_superbpe_r64,8192,observed,32,147317,147317,59501,46836,3.145379622512597,0.7871464345137057,0.3179266479768119,0,0.0,3.145379622512597,3,6,10,"{""1"": 5884, ""10"": 405, ""2"": 746, ""3"": 31267, ""4"": 5351, ""5"": 4, ""6"": 1587, ""7"": 1592}",8188,707,8.634587200781631,90,0.1921598770176787,0,0.0,46935,46903,99,0.2110739185126751,2,0.004270219489281749,0,3418,7785,11206,0,11206,11206,1.0,0.0,702,2718,89,2105,543,2807,2807,1.3334916864608075,25.795724465558195,7,157.98209089998272,620380160
train,language,,ar,uniq_superbpe_r64,8192,observed,32,97740,97740,54940,31420,3.11075747931254,0.5718966144885329,0.3214651115203601,702,2.2342457033736474,3.11075747931254,3,7,9,"{""1"": 3630, ""2"": 11411, ""3"": 3340, ""4"": 8584, ""5"": 2095, ""6"": 163, ""7"": 2147, ""9"": 50}",8188,646,7.8895945285784075,15,0.047740292807129214,0,0.0,31489,31457,69,0.21934704517277553,1,0.003182686187141948,0,1102,7735,8838,0,8838,8838,1.0,0.0,331,1690,67,1426,269,1757,1757,1.2321178120617111,18.863955119214587,7,157.98209089998272,620380160
train,language,,bg,uniq_superbpe_r64,8192,observed,32,102609,102609,58537,30633,3.349622955636079,0.5233100432205272,0.2985410636493875,0,0.0,3.349622955636079,4,6,9,"{""1"": 4538, ""2"": 6934, ""3"": 3152, ""4"": 9804, ""5"": 3480, ""6"": 1624, ""7"": 526, ""8"": 470, ""9"": 105}",8188,794,9.697117733268197,1,0.0032644533672836484,0,0.0,30854,30822,221,0.7170203101680618,78,0.2546273626481246,0,1449,7523,8973,0,8973,8973,1.0,0.0,325,2083,218,1976,258,2301,2303,1.1644736842105263,13.05668016194332,8,157.98209089998272,620380160
train,language,,bn,uniq_superbpe_r64,8192,observed,32,152004,152004,58399,49066,3.097949700403538,0.8401856196167743,0.3227941369963948,16773,34.18456772510496,3.097949700403538,3,7,13,"{""1"": 20523, ""10"": 531, ""12"": 87, ""13"": 160, ""2"": 540, ""3"": 13497, ""4"": 2784, ""5"": 6, ""6"": 7720, ""7"": 2486, ""9"": 732}",8188,554,6.76599902296043,16,0.032609138711123795,0,0.0,49821,49789,755,1.516399204643596,90,0.18342640525007134,0,2214,6300,8515,0,8515,8515,1.0,0.0,232,1517,143,1429,220,1661,1661,1.1623512946116166,15.395381385584324,10,157.98209089998272,620380160
train,language,,c,uniq_superbpe_r64,8192,observed,32,51063,51063,51060,26502,1.9267602445098484,0.5190364277320799,0.519005933846425,0,0.0,1.9267602445098484,1,5,16,"{""1"": 15351, ""10"": 151, ""11"": 4, ""12"": 70, ""13"": 17, ""16"": 34, ""2"": 5437, ""3"": 2786, ""4"": 1306, ""5"": 561, ""6"": 431, ""7"": 196, ""8"": 88, ""9"": 70}",8188,847,10.344406448461163,1,0.0037733001282922044,0,0.0,28400,28368,1898,6.69063733784546,264,0.996151233869142,360,2452,3652,5926,279,6286,9740,1.060749240634492,4.708066149173136,1981,5224,715,4093,584,6074,6116,1.48399706816516,14.268262887857317,10,157.98209089998272,620380160
train,language,,cpp,uniq_superbpe_r64,8192,observed,32,54217,54217,54213,26855,2.0188791658908953,0.4953608912991349,0.4953243447627128,0,0.0,2.0188791658908953,1,5,16,"{""1"": 15060, ""10"": 201, ""11"": 5, ""12"": 89, ""13"": 38, ""16"": 42, ""2"": 5602, ""3"": 2927, ""4"": 1277, ""5"": 649, ""6"": 578, ""7"": 165, ""8"": 101, ""9"": 121}",8188,870,10.625305324865657,0,0.0,0,0.0,28601,28569,1746,6.111519479155728,293,1.091044498231242,311,2496,3001,5352,218,5663,9575,1.0581091180866966,4.073243647234679,1754,5423,655,4478,986,6232,6268,1.3916927199642697,22.01875837427423,10,157.98209089998272,620380160
train,language,,en,uniq_superbpe_r64,8192,observed,32,59492,59492,59076,27079,2.196979208981129,0.4583756517028912,0.4551704430847845,0,0.0,2.196979208981129,2,4,12,"{""1"": 9098, ""12"": 1, ""2"": 8189, ""3"": 6726, ""4"": 2127, ""5"": 582, ""6"": 106, ""7"": 229, ""8"": 20, ""9"": 1}",8188,867,10.58866634098681,12,0.044314782672919974,0,0.0,27328,27296,249,0.912221570926143,110,0.4062188411684331,3,2003,7189,9298,3,9301,9301,1.000322650032265,0.032265003226500326,332,1956,139,1764,266,2096,2096,1.1882086167800454,15.079365079365079,6,157.98209089998272,620380160
train,language,,fa,uniq_superbpe_r64,8192,observed,32,93798,93798,52677,27785,3.3758502789274787,0.5274598021907094,0.29622166783939957,18,0.06478315637934137,3.3758502789274787,4,6,9,"{""1"": 2779, ""2"": 7462, ""3"": 3453, ""4"": 7978, ""5"": 4264, ""6"": 730, ""7"": 918, ""8"": 111, ""9"": 90}",8188,542,6.619443087445042,4,0.014396256973186972,0,0.0,27856,27824,71,0.25517538815411156,0,0.0,0,1297,8633,9930,0,9930,9930,1.0,0.0,236,1338,67,1169,191,1405,1405,1.2018819503849445,16.33875106928999,7,157.98209089998272,620380160
train,language,,go,uniq_superbpe_r64,8192,observed,32,56813,56813,56813,28245,2.0114356523278456,0.4971573407494764,0.4971573407494764,0,0.0,2.0114356523278456,1,5,16,"{""1"": 14653, ""10"": 36, ""12"": 22, ""16"": 9, ""2"": 6337, ""3"": 3777, ""4"": 1698, ""5"": 486, ""6"": 676, ""7"": 323, ""8"": 204, ""9"": 24}",8188,850,10.38104543234001,0,0.0,0,0.0,28975,28943,730,2.522198804546868,111,0.39298990971853426,119,3199,3191,6386,93,6505,9031,1.0186345129971814,1.4563106796116505,1030,6016,368,5404,868,6434,6454,1.19059955588453,16.06217616580311,8,157.98209089998272,620380160
train,language,,gu,uniq_superbpe_r64,8192,observed,32,146974,146974,58881,46908,3.133239532702311,0.7966576654608447,0.3191584906173881,15750,33.57636224098235,3.133239532702311,3,7,13,"{""1"": 19819, ""10"": 453, ""13"": 61, ""2"": 956, ""3"": 10299, ""4"": 4197, ""5"": 8, ""6"": 7384, ""7"": 2844, ""9"": 887}",8188,641,7.828529555446996,24,0.05116398055768739,0,0.0,47033,47001,125,0.26595178825982424,0,0.0,0,1642,8081,9723,0,9723,9723,1.0,0.0,256,1509,121,1374,189,1630,1630,1.1863173216885008,13.755458515283843,10,157.98209089998272,620380160
train,language,,hi,uniq_superbpe_r64,8192,observed,32,153237,153237,61359,44940,3.4098130841121495,0.7324108932674913,0.29327120734548445,14460,32.176234979973295,3.4098130841121495,3,7,17,"{""1"": 18256, ""10"": 591, ""12"": 53, ""13"": 245, ""14"": 5, ""16"": 91, ""17"": 70, ""2"": 588, ""3"": 9895, ""4"": 3020, ""5"": 2, ""6"": 6199, ""7"": 5468, ""9"": 457}",8188,647,7.90180752320469,5,0.011125945705384957,0,0.0,45401,45369,461,1.016112323392625,274,0.6097018246550957,0,1879,9852,11810,0,11810,11810,1.0,0.0,245,1584,108,1447,222,1692,1692,1.1693158258465792,15.342087076710435,12,157.98209089998272,620380160
train,language,,ja,uniq_superbpe_r64,8192,observed,32,142468,142468,61333,52390,2.719373926321817,0.8541894249425268,0.3677317011539433,0,0.0,2.719373926321817,3,6,12,"{""1"": 10430, ""12"": 75, ""2"": 3264, ""3"": 35553, ""4"": 328, ""5"": 30, ""6"": 2633, ""7"": 1, ""9"": 76}",8188,2298,28.065461651196873,1119,2.135903798434816,0,0.0,52603,52571,213,0.40516634646478095,0,0.0,0,2640,1793,4436,0,4436,4436,1.0,0.0,562,4443,201,4082,425,4644,4644,1.1376776090151886,10.41156295933366,6,157.98209089998272,620380160
train,language,,java,uniq_superbpe_r64,8192,observed,32,43999,43999,43605,19634,2.2409595599470307,0.45026946451095057,0.4462374144866929,0,0.0,2.2409595599470307,2,6,16,"{""1"": 9656, ""10"": 156, ""12"": 13, ""13"": 30, ""16"": 34, ""2"": 4007, ""3"": 2860, ""4"": 1242, ""5"": 506, ""6"": 665, ""7"": 236, ""8"": 102, ""9"": 127}",8188,920,11.235955056179776,9,0.045838850972802284,0,0.0,21172,21140,1538,7.275307473982971,268,1.3649791178567792,209,1619,2231,3775,191,3984,7594,1.0553642384105961,5.059602649006623,842,3486,525,3273,493,4115,4145,1.2572563397494654,15.062633669416437,10,157.98209089998272,620380160
train,language,,javascript,uniq_superbpe_r64,8192,observed,32,38980,38980,38152,20215,1.928271085827356,0.5298542671419585,0.5185992816829144,0,0.0,1.928271085827356,1,5,16,"{""1"": 11474, ""10"": 45, ""11"": 9, ""12"": 8, ""13"": 33, ""16"": 24, ""2"": 4387, ""3"": 2385, ""4"": 641, ""5"": 386, ""6"": 425, ""7"": 178, ""8"": 151, ""9"": 69}",8188,923,11.272594040058623,19,0.09398961167449914,0,0.0,21975,21943,1760,8.020781114706285,157,0.7766510017313876,220,1904,1890,3702,138,3922,7448,1.0594273365748244,3.727714748784441,1683,5192,610,4230,1254,5913,5941,1.397872340425532,29.645390070921987,8,157.98209089998272,620380160
train,language,,kn,uniq_superbpe_r64,8192,observed,32,153841,153841,60531,46478,3.309974611644219,0.767837967322529,0.3021171209235509,12597,27.10314557425018,3.309974611644219,3,6,12,"{""1"": 17565, ""10"": 82, ""12"": 59, ""2"": 1348, ""3"": 9667, ""4"": 3274, ""5"": 8, ""6"": 12562, ""7"": 1337, ""9"": 576}",8188,734,8.964338055691256,45,0.09682000086062223,0,0.0,46686,46654,208,0.4458352981523556,0,0.0,0,1841,5402,7243,0,7243,7243,1.0,0.0,239,1458,204,1423,205,1662,1662,1.167955024595924,14.406184118060436,9,157.98209089998272,620380160
train,language,,ko,uniq_superbpe_r64,8192,observed,32,118352,118352,51206,42772,2.767043860469466,0.835292739132133,0.3613965120994998,7,0.016365846815673806,2.767043860469466,3,4,12,"{""1"": 8683, ""12"": 57, ""2"": 1529, ""3"": 26792, ""4"": 4574, ""5"": 3, ""6"": 842, ""7"": 220, ""9"": 72}",8188,1511,18.45383488031265,926,2.164967735901992,0,0.0,44433,44401,1661,3.7409067363347672,68,0.1589825119236884,1,5248,5805,11052,1,11053,11053,1.0000904813608396,0.009048136083966703,489,2372,560,2443,386,2932,2934,1.2001637331150226,15.800245599672534,6,157.98209089998272,620380160
train,language,,ml,uniq_superbpe_r64,8192,observed,32,137273,137273,52226,42365,3.2402454856603327,0.8111859993106881,0.3086185921484924,16398,38.70647940516936,3.2402454856603327,3,9,12,"{""1"": 19865, ""10"": 123, ""12"": 1354, ""2"": 827, ""3"": 8544, ""4"": 2694, ""5"": 2, ""6"": 5998, ""7"": 376, ""9"": 2582}",8188,611,7.462139716658525,18,0.04248790274991148,0,0.0,42540,42508,175,0.41168721181895174,2,0.004720878083323498,0,1460,3735,5197,0,5197,5197,1.0,0.0,205,1209,169,1173,171,1378,1378,1.174765558397272,14.578005115089514,12,157.98209089998272,620380160
train,language,,mr,uniq_superbpe_r64,8192,observed,32,145113,145113,56571,41925,3.461252236135957,0.7411040992734793,0.288912778317587,12657,30.189624329159212,3.461252236135957,3,7,16,"{""1"": 16125, ""10"": 578, ""12"": 627, ""13"": 75, ""16"": 60, ""2"": 757, ""3"": 9905, ""4"": 2540, ""5"": 11, ""6"": 7790, ""7"": 2774, ""9"": 683}",8188,698,8.52467024914509,1,0.002385211687537269,0,0.0,42088,42056,163,0.3875784668061632,4,0.009540846750149075,0,1345,6434,7780,0,7780,7780,1.0,0.0,227,1395,152,1323,187,1550,1551,1.1715797430083144,14.134542705971278,12,157.98209089998272,620380160
train,language,,python,uniq_superbpe_r64,8192,observed,32,48487,48487,48387,21881,2.2159407705315113,0.45220823774980884,0.45127559964526576,0,0.0,2.2159407705315113,2,6,16,"{""1"": 10934, ""10"": 15, ""11"": 3, ""12"": 20, ""13"": 59, ""16"": 81, ""2"": 4452, ""3"": 3170, ""4"": 1416, ""5"": 659, ""6"": 418, ""7"": 295, ""8"": 110, ""9"": 249}",8188,870,10.625305324865657,6,0.027421050226223664,0,0.0,23272,23240,1391,5.985370051635112,58,0.2650701521868288,268,2132,2543,4625,106,4893,10776,1.057945945945946,2.291891891891892,1339,4872,303,3862,748,5201,5228,1.3467115484205074,19.368203003625066,9,157.98209089998272,620380160
train,language,,ru,uniq_superbpe_r64,8192,observed,32,106212,106212,58870,30626,3.468033696858878,0.5202310174961781,0.28834783263661357,0,0.0,3.468033696858878,4,6,9,"{""1"": 3653, ""2"": 7486, ""3"": 2707, ""4"": 10376, ""5"": 2433, ""6"": 2603, ""7"": 848, ""8"": 437, ""9"": 83}",8188,717,8.756717147044455,2,0.006530399007379351,0,0.0,30866,30834,240,0.7783615489394824,39,0.12734278064389734,0,1467,6344,7811,0,7811,7811,1.0,0.0,275,1678,237,1640,220,1915,1917,1.1676829268292683,13.414634146341463,8,157.98209089998272,620380160
train,language,,rust,uniq_superbpe_r64,8192,observed,32,56922,56922,56922,28765,1.9788632018077525,0.5053406415797056,0.5053406415797056,0,0.0,1.9788632018077525,1,5,16,"{""1"": 16491, ""10"": 108, ""12"": 14, ""13"": 136, ""16"": 71, ""2"": 5549, ""3"": 3417, ""4"": 1434, ""5"": 670, ""6"": 519, ""7"": 199, ""8"": 76, ""9"": 81}",8188,837,10.222276502198339,0,0.0,0,0.0,30695,30663,1930,6.294230831947298,58,0.20163393012341388,182,2715,3604,6228,159,6410,13231,1.0292228644829802,2.5529865125240847,2721,7687,828,5827,1956,8548,8582,1.4669641324866998,33.56787369143642,10,157.98209089998272,620380160
train,language,,sql,uniq_superbpe_r64,8192,observed,32,36373,36373,36088,19955,1.8227511901779003,0.5529538904899135,0.5486212300332665,0,0.0,1.8227511901779003,1,5,16,"{""1"": 12315, ""10"": 10, ""12"": 5, ""13"": 13, ""16"": 50, ""2"": 3961, ""3"": 1777, ""4"": 871, ""5"": 267, ""6"": 298, ""7"": 172, ""8"": 79, ""9"": 137}",8188,818,9.990229604298975,3,0.015033826108744675,0,0.0,21135,21103,1180,5.59162204425911,233,1.167627161112503,142,1808,2115,3925,126,4067,6655,1.0361783439490446,3.210191082802548,1300,3934,352,3103,560,4403,4498,1.4189494038027715,18.047051240734774,9,157.98209089998272,620380160
train,language,,sw,uniq_superbpe_r64,8192,observed,32,62449,62449,62216,30557,2.043688843800111,0.49114375723286613,0.48931127800285035,58,0.18980920901921,2.043688843800111,2,3,7,"{""1"": 9312, ""2"": 12011, ""3"": 8291, ""4"": 674, ""5"": 167, ""6"": 3, ""7"": 99}",8188,700,8.549096238397656,3,0.009817717707890172,0,0.0,30689,30657,132,0.43057050592034446,4,0.013090290277186896,5,1529,7575,9101,5,9106,9106,1.0005493901769036,0.054939017690363696,305,1624,127,1448,263,1753,1753,1.2106353591160222,18.162983425414364,4,157.98209089998272,620380160
train,language,,ta,uniq_superbpe_r64,8192,observed,32,140738,140738,53567,36100,3.8985595567867035,0.6739223775832135,0.2565049950972729,5775,15.997229916897506,3.8985595567867035,3,7,10,"{""1"": 10363, ""10"": 388, ""2"": 902, ""3"": 8711, ""4"": 184, ""5"": 5, ""6"": 12698, ""7"": 2016, ""9"": 833}",8188,527,6.436248168050806,5,0.013850415512465374,0,0.0,37186,37154,1086,2.9229692630672335,3,0.008310249307479225,0,2505,3286,5791,0,5791,5791,1.0,0.0,431,1365,420,1357,296,1788,1788,1.3176123802505526,21.812822402358144,10,157.98209089998272,620380160
train,language,,te,uniq_superbpe_r64,8192,observed,32,158103,158103,60933,47160,3.3524809160305344,0.7739648466348285,0.29828656002732395,13704,29.05852417302799,3.3524809160305344,3,6,12,"{""1"": 18883, ""10"": 117, ""12"": 370, ""2"": 1107, ""3"": 8895, ""4"": 2371, ""5"": 12, ""6"": 13566, ""7"": 1390, ""9"": 449}",8188,626,7.64533463605276,24,0.05089058524173028,0,0.0,47557,47525,397,0.8353498158863756,1,0.0021204410517387615,0,2892,4596,7488,0,7488,7488,1.0,0.0,359,1554,384,1580,301,1939,1939,1.2272151898734178,19.050632911392405,10,157.98209089998272,620380160
train,language,,typescript,uniq_superbpe_r64,8192,observed,32,43989,43989,43698,19055,2.308527945421149,0.43606114696324777,0.4331764759371661,0,0.0,2.308527945421149,2,7,16,"{""1"": 9450, ""10"": 50, ""11"": 191, ""12"": 5, ""13"": 9, ""16"": 11, ""2"": 3903, ""3"": 2345, ""4"": 1138, ""5"": 528, ""6"": 735, ""7"": 484, ""8"": 100, ""9"": 106}",8188,914,11.16267708842208,7,0.036735764891104694,0,0.0,21686,21654,2631,12.150180105292325,437,2.293361322487536,113,1590,2639,4263,80,4376,8393,1.0265071545859723,1.8766127140511377,1081,3536,780,3292,733,4373,4406,1.3283718104495748,22.26609963547995,11,157.98209089998272,620380160
train,language,,uk,uniq_superbpe_r64,8192,observed,32,95676,95676,53182,28855,3.31575116964131,0.542570794629762,0.30159078556795854,0,0.0,3.31575116964131,4,6,10,"{""1"": 3858, ""10"": 49, ""2"": 7872, ""3"": 2406, ""4"": 9724, ""5"": 2104, ""6"": 1578, ""7"": 694, ""8"": 506, ""9"": 64}",8188,690,8.426966292134832,14,0.048518454340668864,0,0.0,29108,29076,253,0.8701334433897372,9,0.031190434933287124,0,1530,5563,7093,0,7093,7093,1.0,0.0,316,1916,249,1849,283,2165,2167,1.1709031909140075,15.305570578691185,8,157.98209089998272,620380160
train,language,,ur,uniq_superbpe_r64,8192,observed,32,112341,112341,64366,33571,3.34637037919633,0.5215641798465028,0.29883123703723485,403,1.2004408566917875,3.34637037919633,3,7,12,"{""1"": 3709, ""11"": 93, ""12"": 126, ""2"": 10556, ""3"": 3829, ""4"": 7469, ""5"": 5719, ""6"": 283, ""7"": 1377, ""9"": 410}",8188,715,8.73229115779189,11,0.032766375740966906,0,0.0,33969,33937,398,1.1727612929840587,363,1.0812903994519079,0,1779,11639,13545,0,13545,13545,1.0,0.0,248,1742,33,1527,229,1775,1777,1.1624099541584807,14.996725605762935,9,157.98209089998272,620380160
train,language,,yo,uniq_superbpe_r64,8192,observed,32,69432,69432,59766,30947,2.2435777296668498,0.5178027641133754,0.445716672427699,134,0.4329983520211975,2.2435777296668498,2,5,9,"{""1"": 9522, ""2"": 10693, ""3"": 7880, ""4"": 1161, ""5"": 688, ""6"": 395, ""7"": 520, ""8"": 2, ""9"": 86}",8188,696,8.500244259892526,10,0.03231330985232817,0,0.0,31438,31406,491,1.5633955295166528,297,0.9597053026141468,0,2397,8792,11487,0,11487,11487,1.0,0.0,267,1677,182,1592,237,1859,1859,1.1677135678391959,14.886934673366834,7,157.98209089998272,620380160
train,language,,zh,uniq_superbpe_r64,8192,observed,32,130086,130086,53452,46742,2.7830644816225236,0.8744668113447579,0.35931614470427253,4,0.008557614137178555,2.7830644816225236,3,3,12,"{""1"": 7419, ""12"": 154, ""2"": 2149, ""3"": 35401, ""4"": 202, ""5"": 24, ""6"": 820, ""7"": 343, ""8"": 1, ""9"": 229}",8188,3242,39.59452857840743,2795,5.979632878353515,0,0.0,47316,47284,574,1.2139412909229337,0,0.0,0,2024,1729,3755,0,3755,3755,1.0,0.0,365,3315,285,3235,285,3600,3602,1.1128284389489953,8.809891808346213,7,157.98209089998272,620380160
train,domain,code,,uniq_superbpe_r64,8192,observed,288,430843,430843,428938,211107,2.040875006513285,0.4921620374040071,0.48998591134125424,0,0.0,2.040875006513285,1,6,16,"{""1"": 115384, ""10"": 772, ""11"": 212, ""12"": 246, ""13"": 335, ""16"": 356, ""2"": 43635, ""3"": 25444, ""4"": 11023, ""5"": 4712, ""6"": 4745, ""7"": 2248, ""8"": 1011, ""9"": 984}",8188,1347,16.450903761602344,45,0.021316204578720743,0,0.0,225911,225623,14804,6.5613878017755285,1879,0.8900699645203617,1924,19915,24866,44182,1390,46106,82443,1.0435471458965189,3.1460775881580734,13731,45370,5136,37562,8182,51293,51638,1.3655556147170012,21.78265268090091,9,157.98209089998272,620380160
train,domain,cyrillic_african,,uniq_superbpe_r64,8192,observed,192,583695,583695,352072,198454,2.941210557610328,0.56367447567543,0.3399960595859139,192,0.09674786096526147,2.941210557610328,3,6,10,"{""1"": 36767, ""10"": 454, ""2"": 45742, ""3"": 55703, ""4"": 37090, ""5"": 8876, ""6"": 7790, ""7"": 4279, ""8"": 1415, ""9"": 338}",8188,1647,20.114802149487055,120,0.06046741310328842,0,0.0,199890,199698,1436,0.7190858195875772,429,0.2161710018442561,5,11790,43582,55671,5,55676,55676,1.0000898133678218,0.008981336782166657,2190,11696,1102,10610,1804,12800,12806,1.2064090480678604,17.00282752120641,8,157.98209089998272,620380160
train,domain,indic_cjk_arabic,,uniq_superbpe_r64,8192,observed,448,1882068,1882068,800441,589622,3.1919908008859914,0.7366214374326153,0.3132841108822848,109248,18.528480958987284,3.1919908008859914,3,7,17,"{""1"": 178049, ""10"": 2863, ""11"": 93, ""12"": 2962, ""13"": 541, ""14"": 5, ""16"": 151, ""17"": 70, ""2"": 43396, ""3"": 187781, ""4"": 50199, ""5"": 12189, ""6"": 79388, ""7"": 23697, ""8"": 112, ""9"": 8126}",8188,7019,85.72300928187592,5008,0.8493577241012038,0,0.0,595978,595530,6356,1.0672846036303796,806,0.13669774872715063,1,29868,85020,115103,1,115104,115104,1.0000086878708634,0.0008687870863487486,4425,26491,2914,24988,3576,29413,29420,1.1770850008003841,14.310869217224267,10,157.98209089998272,620380160
train,domain,latin_english,,uniq_superbpe_r64,8192,observed,32,59492,59492,59076,27079,2.196979208981129,0.4583756517028912,0.4551704430847845,0,0.0,2.196979208981129,2,4,12,"{""1"": 9098, ""12"": 1, ""2"": 8189, ""3"": 6726, ""4"": 2127, ""5"": 582, ""6"": 106, ""7"": 229, ""8"": 20, ""9"": 1}",8188,867,10.58866634098681,12,0.044314782672919974,0,0.0,27328,27296,249,0.912221570926143,110,0.4062188411684331,3,2003,7189,9298,3,9301,9301,1.000322650032265,0.032265003226500326,332,1956,139,1764,266,2096,2096,1.1882086167800454,15.079365079365079,6,157.98209089998272,620380160
train,aggregate,,,uniq_superbpe_r64,8192,observed,960,2956098,2956098,1640527,1026262,2.8804515805905315,0.6255684911007255,0.3471677867242561,109440,10.663943515398602,2.8804515805905315,3,7,17,"{""1"": 339298, ""10"": 4089, ""11"": 305, ""12"": 3209, ""13"": 876, ""14"": 5, ""16"": 507, ""17"": 70, ""2"": 140962, ""3"": 275654, ""4"": 100439, ""5"": 26359, ""6"": 92029, ""7"": 30453, ""8"": 2558, ""9"": 9449}",8188,7968,97.31314118221788,5185,0.505231607523225,0,0.0,1049107,1048147,22845,2.17956069139157,3224,0.314149798004798,1933,63576,160657,224254,1399,226187,262524,1.0086196901727504,0.623846174427212,20678,85513,9291,74924,13828,95602,95960,1.2759863328172547,18.456035449255246,9,157.98209089998272,620380160
validation,stratum,flores200,am,uniq_superbpe_r64,8192,observed,32,6471,6471,2573,2026,3.193978282329714,0.7874076952973184,0.3130891670530057,0,0.0,3.193978282329714,3,6,10,"{""1"": 190, ""10"": 21, ""2"": 32, ""3"": 1418, ""4"": 250, ""6"": 52, ""7"": 63}",8188,276,3.3707865168539324,9,0.4442250740375123,0,0.0,2026,1994,0,0.0,0,0.0,0,133,353,486,0,486,486,1.0,0.0,1,76,0,75,1,76,76,1.0133333333333334,1.3333333333333333,10,157.98209089998272,620380160
validation,stratum,flores200,ar,uniq_superbpe_r64,8192,observed,32,6539,6539,3628,2057,3.1789013125911523,0.5669790518191842,0.31457409389814955,48,2.333495381623724,3.1789013125911523,3,7,9,"{""1"": 198, ""2"": 754, ""3"": 203, ""4"": 586, ""5"": 161, ""6"": 12, ""7"": 142, ""9"": 1}",8188,281,3.4318514899853443,9,0.4375303840544482,5,0.24307243558580457,2058,2026,1,0.049358341559723594,0,0.0,0,64,517,581,0,581,581,1.0,0.0,2,87,1,86,2,88,88,1.0232558139534884,2.3255813953488373,7,157.98209089998272,620380160
validation,stratum,flores200,bg,uniq_superbpe_r64,8192,observed,32,7482,7482,4146,2136,3.502808988764045,0.5151953690303908,0.2854851643945469,0,0.0,3.502808988764045,4,6,9,"{""1"": 217, ""2"": 480, ""3"": 217, ""4"": 775, ""5"": 253, ""6"": 113, ""7"": 42, ""8"": 34, ""9"": 5}",8188,354,4.323400097703957,0,0.0,0,0.0,2145,2113,9,0.4259346900141978,5,0.2340823970037453,0,92,525,617,0,617,617,1.0,0.0,3,115,9,121,3,124,124,1.024793388429752,2.479338842975207,8,157.98209089998272,620380160
validation,stratum,flores200,bn,uniq_superbpe_r64,8192,observed,32,10772,10772,4028,3441,3.130485324033711,0.8542701092353525,0.3194392870404753,1260,36.61726242371404,3.130485324033711,3,7,13,"{""1"": 1469, ""10"": 50, ""12"": 5, ""13"": 14, ""2"": 15, ""3"": 937, ""4"": 170, ""6"": 551, ""7"": 168, ""9"": 62}",8188,206,2.515876893014167,0,0.0,0,0.0,3484,3452,43,1.2456546929316339,4,0.11624527753560011,2,146,414,558,2,560,560,1.003584229390681,0.35842293906810035,8,83,7,82,5,90,90,1.0975609756097562,6.097560975609756,10,157.98209089998272,620380160
validation,stratum,flores200,fa,uniq_superbpe_r64,8192,observed,32,6879,6879,3885,2044,3.36545988258317,0.5261261261261261,0.2971362116586713,4,0.19569471624266144,3.36545988258317,3,6,9,"{""1"": 160, ""2"": 600, ""3"": 269, ""4"": 586, ""5"": 301, ""6"": 53, ""7"": 61, ""8"": 8, ""9"": 6}",8188,346,4.225696140693698,1,0.04892367906066536,0,0.0,2045,2013,1,0.04967709885742673,0,0.0,0,65,635,700,0,700,700,1.0,0.0,4,107,1,104,4,108,108,1.0384615384615385,3.8461538461538463,7,157.98209089998272,620380160
validation,stratum,flores200,gu,uniq_superbpe_r64,8192,observed,32,9612,9612,3700,3213,2.991596638655462,0.8683783783783784,0.3342696629213483,1227,38.18860877684407,2.991596638655462,3,7,13,"{""1"": 1459, ""10"": 42, ""13"": 2, ""2"": 34, ""3"": 749, ""4"": 241, ""6"": 492, ""7"": 135, ""9"": 59}",8188,213,2.6013678553981436,1,0.03112356053532524,0,0.0,3223,3191,10,0.31338138514572234,0,0.0,2,124,446,568,2,570,570,1.0035211267605635,0.352112676056338,13,81,10,78,10,91,91,1.1666666666666667,12.820512820512821,10,157.98209089998272,620380160
validation,stratum,flores200,hi,uniq_superbpe_r64,8192,observed,32,10074,10074,3966,3077,3.27396815079623,0.775844679778114,0.3054397458804844,1092,35.4891127721807,3.27396815079623,3,7,17,"{""1"": 1308, ""10"": 38, ""12"": 6, ""13"": 11, ""16"": 1, ""17"": 8, ""2"": 33, ""3"": 707, ""4"": 187, ""6"": 412, ""7"": 341, ""9"": 25}",8188,273,3.3341475329750856,0,0.0,0,0.0,3102,3070,25,0.8143322475570033,12,0.3899902502437439,0,127,612,747,0,747,747,1.0,0.0,1,76,5,80,1,81,81,1.0125,1.25,10,157.98209089998272,620380160
validation,stratum,flores200,ja,uniq_superbpe_r64,8192,observed,32,5110,5110,1782,1687,3.029045643153527,0.94668911335578,0.33013698630136984,81,4.801422643746295,3.029045643153527,3,6,6,"{""1"": 145, ""2"": 21, ""3"": 1401, ""6"": 120}",8188,499,6.0942843185149,135,8.002371072910492,57,3.3787788974510966,1687,1655,0,0.0,0,0.0,0,0,2,2,0,2,2,1.0,0.0,2,113,0,111,2,113,113,1.018018018018018,1.8018018018018018,6,157.98209089998272,620380160
validation,stratum,flores200,kn,uniq_superbpe_r64,8192,observed,32,11326,11326,4264,3370,3.360830860534125,0.7903377110694184,0.29754547059862263,1008,29.910979228486646,3.360830860534125,3,6,12,"{""1"": 1316, ""10"": 8, ""12"": 9, ""2"": 44, ""3"": 691, ""4"": 189, ""6"": 964, ""7"": 110, ""9"": 39}",8188,227,2.772349780166097,2,0.05934718100890208,0,0.0,3389,3357,19,0.5659815311289842,0,0.0,46,203,346,503,42,549,549,1.091451292246521,8.34990059642147,0,71,19,90,0,90,90,1.0,0.0,9,157.98209089998272,620380160
validation,stratum,flores200,ko,uniq_superbpe_r64,8192,observed,32,4735,4735,2037,1725,2.744927536231884,0.8468335787923417,0.36430834213305174,45,2.608695652173913,2.744927536231884,3,4,9,"{""1"": 371, ""2"": 63, ""3"": 1056, ""4"": 174, ""6"": 55, ""7"": 5, ""9"": 1}",8188,480,5.862237420615535,86,4.9855072463768115,27,1.565217391304348,1787,1755,62,3.532763532763533,3,0.17391304347826086,0,210,220,430,0,430,430,1.0,0.0,6,70,11,75,4,81,81,1.08,5.333333333333333,6,157.98209089998272,620380160
validation,stratum,flores200,ml,uniq_superbpe_r64,8192,observed,32,11894,11894,4384,3740,3.1802139037433155,0.8531021897810219,0.31444425760887845,1509,40.3475935828877,3.1802139037433155,3,9,12,"{""1"": 1779, ""10"": 16, ""12"": 123, ""2"": 37, ""3"": 807, ""4"": 205, ""6"": 571, ""7"": 40, ""9"": 162}",8188,223,2.7234978016609674,1,0.026737967914438502,0,0.0,3751,3719,11,0.295778435063189,0,0.0,5,159,288,442,5,447,447,1.01131221719457,1.1312217194570136,11,80,11,80,8,91,91,1.1375,10.0,12,157.98209089998272,620380160
validation,stratum,flores200,mr,uniq_superbpe_r64,8192,observed,32,10965,10965,4109,3382,3.2421643997634537,0.8230713068873206,0.3084359325125399,1254,37.07865168539326,3.2421643997634537,3,7,13,"{""1"": 1467, ""10"": 33, ""12"": 67, ""13"": 7, ""2"": 23, ""3"": 816, ""4"": 172, ""6"": 560, ""7"": 201, ""9"": 36}",8188,278,3.3952125061064975,0,0.0,0,0.0,3389,3357,7,0.20851951146857314,0,0.0,1,114,430,543,1,544,544,1.0018416206261511,0.1841620626151013,10,81,7,78,7,88,88,1.1282051282051282,8.974358974358974,12,157.98209089998272,620380160
validation,stratum,flores200,ru,uniq_superbpe_r64,8192,observed,32,7654,7654,4261,2276,3.3629173989455183,0.5341469138699836,0.29736085706819965,0,0.0,3.3629173989455183,4,6,9,"{""1"": 277, ""2"": 627, ""3"": 197, ""4"": 749, ""5"": 160, ""6"": 169, ""7"": 64, ""8"": 23, ""9"": 10}",8188,415,5.068392769907181,0,0.0,0,0.0,2288,2256,12,0.5319148936170213,4,0.1757469244288225,5,119,457,571,5,576,576,1.0087565674255692,0.8756567425569177,6,118,12,124,5,130,130,1.0483870967741935,4.032258064516129,8,157.98209089998272,620380160
validation,stratum,flores200,sw,uniq_superbpe_r64,8192,observed,32,4405,4405,4397,2036,2.163555992141454,0.46304298385262677,0.4622020431328036,0,0.0,2.163555992141454,2,4,7,"{""1"": 531, ""2"": 801, ""3"": 602, ""4"": 74, ""5"": 13, ""7"": 15}",8188,385,4.70200293111871,0,0.0,0,0.0,2039,2007,3,0.14947683109118087,0,0.0,0,88,572,660,0,660,660,1.0,0.0,1,74,3,76,1,77,77,1.013157894736842,1.3157894736842106,5,157.98209089998272,620380160
validation,stratum,flores200,ta,uniq_superbpe_r64,8192,observed,32,12193,12193,4517,3050,3.997704918032787,0.6752269205224707,0.25014352497334535,522,17.114754098360656,3.997704918032787,3,7,10,"{""1"": 854, ""10"": 25, ""2"": 53, ""3"": 697, ""4"": 17, ""6"": 1154, ""7"": 175, ""9"": 75}",8188,194,2.3693209574987786,2,0.06557377049180328,0,0.0,3128,3096,78,2.5193798449612403,0,0.0,1,213,262,474,1,475,475,1.0021097046413503,0.2109704641350211,13,84,27,98,10,111,111,1.1326530612244898,10.204081632653061,9,157.98209089998272,620380160
validation,stratum,flores200,te,uniq_superbpe_r64,8192,observed,32,10409,10409,3954,3097,3.3609945108169197,0.7832574607991907,0.2975309828033433,915,29.544720697449144,3.3609945108169197,3,6,12,"{""1"": 1261, ""10"": 11, ""12"": 19, ""2"": 60, ""3"": 565, ""4"": 132, ""6"": 950, ""7"": 62, ""9"": 37}",8188,262,3.1998045920859797,0,0.0,0,0.0,3115,3083,18,0.5838469023678236,0,0.0,6,235,251,480,6,486,486,1.0125,1.25,7,74,18,85,7,92,92,1.0823529411764705,8.235294117647058,9,157.98209089998272,620380160
validation,stratum,flores200,uk,uniq_superbpe_r64,8192,observed,32,7446,7446,4118,2234,3.333034914950761,0.5424963574550753,0.3000268600590921,0,0.0,3.333034914950761,4,6,10,"{""1"": 257, ""10"": 3, ""2"": 641, ""3"": 195, ""4"": 757, ""5"": 158, ""6"": 133, ""7"": 56, ""8"": 22, ""9"": 12}",8188,374,4.567659990229604,1,0.044762757385854966,0,0.0,2242,2210,8,0.36199095022624433,3,0.13428827215756492,0,111,444,555,0,555,555,1.0,0.0,2,118,8,124,2,126,126,1.0161290322580645,1.6129032258064515,8,157.98209089998272,620380160
validation,stratum,flores200,ur,uniq_superbpe_r64,8192,observed,32,6879,6879,3892,2071,3.3215837759536457,0.5321171634121274,0.30106120075592385,10,0.48285852245292127,3.3215837759536457,3,6,12,"{""1"": 140, ""11"": 1, ""12"": 2, ""2"": 719, ""3"": 262, ""4"": 487, ""5"": 346, ""6"": 20, ""7"": 82, ""9"": 12}",8188,306,3.7371763556424034,0,0.0,0,0.0,2077,2045,6,0.293398533007335,6,0.28971511347175277,0,73,718,793,0,793,793,1.0,0.0,1,72,0,71,1,72,72,1.0140845070422535,1.408450704225352,7,157.98209089998272,620380160
validation,stratum,flores200,yo,uniq_superbpe_r64,8192,observed,32,5063,5063,3889,2832,1.7877824858757063,0.7282077654924145,0.5593521627493581,292,10.310734463276836,1.7877824858757063,2,3,6,"{""1"": 1195, ""2"": 1160, ""3"": 401, ""4"": 43, ""5"": 25, ""6"": 8}",8188,357,4.360039081582804,11,0.3884180790960452,6,0.211864406779661,2853,2821,21,0.7444168734491315,4,0.14124293785310735,0,272,442,718,0,718,718,1.0,0.0,2,61,17,76,2,78,78,1.0263157894736843,2.6315789473684212,5,157.98209089998272,620380160
validation,stratum,flores200,zh,uniq_superbpe_r64,8192,observed,32,3769,3769,1485,1439,2.6191799861014595,0.969023569023569,0.38179888564605996,78,5.42043085476025,2.6191799861014595,3,3,6,"{""1"": 243, ""2"": 68, ""3"": 1124, ""4"": 3, ""6"": 1}",8188,609,7.43771372740596,155,10.771369006254343,46,3.1966643502432244,1443,1411,4,0.28348688873139616,0,0.0,0,34,29,63,0,63,63,1.0,0.0,6,134,4,132,6,138,138,1.0454545454545454,4.545454545454546,3,157.98209089998272,620380160
validation,language,,am,uniq_superbpe_r64,8192,observed,32,6471,6471,2573,2026,3.193978282329714,0.7874076952973184,0.3130891670530057,0,0.0,3.193978282329714,3,6,10,"{""1"": 190, ""10"": 21, ""2"": 32, ""3"": 1418, ""4"": 250, ""6"": 52, ""7"": 63}",8188,276,3.3707865168539324,9,0.4442250740375123,0,0.0,2026,1994,0,0.0,0,0.0,0,133,353,486,0,486,486,1.0,0.0,1,76,0,75,1,76,76,1.0133333333333334,1.3333333333333333,10,157.98209089998272,620380160
validation,language,,ar,uniq_superbpe_r64,8192,observed,32,6539,6539,3628,2057,3.1789013125911523,0.5669790518191842,0.31457409389814955,48,2.333495381623724,3.1789013125911523,3,7,9,"{""1"": 198, ""2"": 754, ""3"": 203, ""4"": 586, ""5"": 161, ""6"": 12, ""7"": 142, ""9"": 1}",8188,281,3.4318514899853443,9,0.4375303840544482,5,0.24307243558580457,2058,2026,1,0.049358341559723594,0,0.0,0,64,517,581,0,581,581,1.0,0.0,2,87,1,86,2,88,88,1.0232558139534884,2.3255813953488373,7,157.98209089998272,620380160
validation,language,,bg,uniq_superbpe_r64,8192,observed,32,7482,7482,4146,2136,3.502808988764045,0.5151953690303908,0.2854851643945469,0,0.0,3.502808988764045,4,6,9,"{""1"": 217, ""2"": 480, ""3"": 217, ""4"": 775, ""5"": 253, ""6"": 113, ""7"": 42, ""8"": 34, ""9"": 5}",8188,354,4.323400097703957,0,0.0,0,0.0,2145,2113,9,0.4259346900141978,5,0.2340823970037453,0,92,525,617,0,617,617,1.0,0.0,3,115,9,121,3,124,124,1.024793388429752,2.479338842975207,8,157.98209089998272,620380160
validation,language,,bn,uniq_superbpe_r64,8192,observed,32,10772,10772,4028,3441,3.130485324033711,0.8542701092353525,0.3194392870404753,1260,36.61726242371404,3.130485324033711,3,7,13,"{""1"": 1469, ""10"": 50, ""12"": 5, ""13"": 14, ""2"": 15, ""3"": 937, ""4"": 170, ""6"": 551, ""7"": 168, ""9"": 62}",8188,206,2.515876893014167,0,0.0,0,0.0,3484,3452,43,1.2456546929316339,4,0.11624527753560011,2,146,414,558,2,560,560,1.003584229390681,0.35842293906810035,8,83,7,82,5,90,90,1.0975609756097562,6.097560975609756,10,157.98209089998272,620380160
validation,language,,fa,uniq_superbpe_r64,8192,observed,32,6879,6879,3885,2044,3.36545988258317,0.5261261261261261,0.2971362116586713,4,0.19569471624266144,3.36545988258317,3,6,9,"{""1"": 160, ""2"": 600, ""3"": 269, ""4"": 586, ""5"": 301, ""6"": 53, ""7"": 61, ""8"": 8, ""9"": 6}",8188,346,4.225696140693698,1,0.04892367906066536,0,0.0,2045,2013,1,0.04967709885742673,0,0.0,0,65,635,700,0,700,700,1.0,0.0,4,107,1,104,4,108,108,1.0384615384615385,3.8461538461538463,7,157.98209089998272,620380160
validation,language,,gu,uniq_superbpe_r64,8192,observed,32,9612,9612,3700,3213,2.991596638655462,0.8683783783783784,0.3342696629213483,1227,38.18860877684407,2.991596638655462,3,7,13,"{""1"": 1459, ""10"": 42, ""13"": 2, ""2"": 34, ""3"": 749, ""4"": 241, ""6"": 492, ""7"": 135, ""9"": 59}",8188,213,2.6013678553981436,1,0.03112356053532524,0,0.0,3223,3191,10,0.31338138514572234,0,0.0,2,124,446,568,2,570,570,1.0035211267605635,0.352112676056338,13,81,10,78,10,91,91,1.1666666666666667,12.820512820512821,10,157.98209089998272,620380160
validation,language,,hi,uniq_superbpe_r64,8192,observed,32,10074,10074,3966,3077,3.27396815079623,0.775844679778114,0.3054397458804844,1092,35.4891127721807,3.27396815079623,3,7,17,"{""1"": 1308, ""10"": 38, ""12"": 6, ""13"": 11, ""16"": 1, ""17"": 8, ""2"": 33, ""3"": 707, ""4"": 187, ""6"": 412, ""7"": 341, ""9"": 25}",8188,273,3.3341475329750856,0,0.0,0,0.0,3102,3070,25,0.8143322475570033,12,0.3899902502437439,0,127,612,747,0,747,747,1.0,0.0,1,76,5,80,1,81,81,1.0125,1.25,10,157.98209089998272,620380160
validation,language,,ja,uniq_superbpe_r64,8192,observed,32,5110,5110,1782,1687,3.029045643153527,0.94668911335578,0.33013698630136984,81,4.801422643746295,3.029045643153527,3,6,6,"{""1"": 145, ""2"": 21, ""3"": 1401, ""6"": 120}",8188,499,6.0942843185149,135,8.002371072910492,57,3.3787788974510966,1687,1655,0,0.0,0,0.0,0,0,2,2,0,2,2,1.0,0.0,2,113,0,111,2,113,113,1.018018018018018,1.8018018018018018,6,157.98209089998272,620380160
validation,language,,kn,uniq_superbpe_r64,8192,observed,32,11326,11326,4264,3370,3.360830860534125,0.7903377110694184,0.29754547059862263,1008,29.910979228486646,3.360830860534125,3,6,12,"{""1"": 1316, ""10"": 8, ""12"": 9, ""2"": 44, ""3"": 691, ""4"": 189, ""6"": 964, ""7"": 110, ""9"": 39}",8188,227,2.772349780166097,2,0.05934718100890208,0,0.0,3389,3357,19,0.5659815311289842,0,0.0,46,203,346,503,42,549,549,1.091451292246521,8.34990059642147,0,71,19,90,0,90,90,1.0,0.0,9,157.98209089998272,620380160
validation,language,,ko,uniq_superbpe_r64,8192,observed,32,4735,4735,2037,1725,2.744927536231884,0.8468335787923417,0.36430834213305174,45,2.608695652173913,2.744927536231884,3,4,9,"{""1"": 371, ""2"": 63, ""3"": 1056, ""4"": 174, ""6"": 55, ""7"": 5, ""9"": 1}",8188,480,5.862237420615535,86,4.9855072463768115,27,1.565217391304348,1787,1755,62,3.532763532763533,3,0.17391304347826086,0,210,220,430,0,430,430,1.0,0.0,6,70,11,75,4,81,81,1.08,5.333333333333333,6,157.98209089998272,620380160
validation,language,,ml,uniq_superbpe_r64,8192,observed,32,11894,11894,4384,3740,3.1802139037433155,0.8531021897810219,0.31444425760887845,1509,40.3475935828877,3.1802139037433155,3,9,12,"{""1"": 1779, ""10"": 16, ""12"": 123, ""2"": 37, ""3"": 807, ""4"": 205, ""6"": 571, ""7"": 40, ""9"": 162}",8188,223,2.7234978016609674,1,0.026737967914438502,0,0.0,3751,3719,11,0.295778435063189,0,0.0,5,159,288,442,5,447,447,1.01131221719457,1.1312217194570136,11,80,11,80,8,91,91,1.1375,10.0,12,157.98209089998272,620380160
validation,language,,mr,uniq_superbpe_r64,8192,observed,32,10965,10965,4109,3382,3.2421643997634537,0.8230713068873206,0.3084359325125399,1254,37.07865168539326,3.2421643997634537,3,7,13,"{""1"": 1467, ""10"": 33, ""12"": 67, ""13"": 7, ""2"": 23, ""3"": 816, ""4"": 172, ""6"": 560, ""7"": 201, ""9"": 36}",8188,278,3.3952125061064975,0,0.0,0,0.0,3389,3357,7,0.20851951146857314,0,0.0,1,114,430,543,1,544,544,1.0018416206261511,0.1841620626151013,10,81,7,78,7,88,88,1.1282051282051282,8.974358974358974,12,157.98209089998272,620380160
validation,language,,ru,uniq_superbpe_r64,8192,observed,32,7654,7654,4261,2276,3.3629173989455183,0.5341469138699836,0.29736085706819965,0,0.0,3.3629173989455183,4,6,9,"{""1"": 277, ""2"": 627, ""3"": 197, ""4"": 749, ""5"": 160, ""6"": 169, ""7"": 64, ""8"": 23, ""9"": 10}",8188,415,5.068392769907181,0,0.0,0,0.0,2288,2256,12,0.5319148936170213,4,0.1757469244288225,5,119,457,571,5,576,576,1.0087565674255692,0.8756567425569177,6,118,12,124,5,130,130,1.0483870967741935,4.032258064516129,8,157.98209089998272,620380160
validation,language,,sw,uniq_superbpe_r64,8192,observed,32,4405,4405,4397,2036,2.163555992141454,0.46304298385262677,0.4622020431328036,0,0.0,2.163555992141454,2,4,7,"{""1"": 531, ""2"": 801, ""3"": 602, ""4"": 74, ""5"": 13, ""7"": 15}",8188,385,4.70200293111871,0,0.0,0,0.0,2039,2007,3,0.14947683109118087,0,0.0,0,88,572,660,0,660,660,1.0,0.0,1,74,3,76,1,77,77,1.013157894736842,1.3157894736842106,5,157.98209089998272,620380160
validation,language,,ta,uniq_superbpe_r64,8192,observed,32,12193,12193,4517,3050,3.997704918032787,0.6752269205224707,0.25014352497334535,522,17.114754098360656,3.997704918032787,3,7,10,"{""1"": 854, ""10"": 25, ""2"": 53, ""3"": 697, ""4"": 17, ""6"": 1154, ""7"": 175, ""9"": 75}",8188,194,2.3693209574987786,2,0.06557377049180328,0,0.0,3128,3096,78,2.5193798449612403,0,0.0,1,213,262,474,1,475,475,1.0021097046413503,0.2109704641350211,13,84,27,98,10,111,111,1.1326530612244898,10.204081632653061,9,157.98209089998272,620380160
validation,language,,te,uniq_superbpe_r64,8192,observed,32,10409,10409,3954,3097,3.3609945108169197,0.7832574607991907,0.2975309828033433,915,29.544720697449144,3.3609945108169197,3,6,12,"{""1"": 1261, ""10"": 11, ""12"": 19, ""2"": 60, ""3"": 565, ""4"": 132, ""6"": 950, ""7"": 62, ""9"": 37}",8188,262,3.1998045920859797,0,0.0,0,0.0,3115,3083,18,0.5838469023678236,0,0.0,6,235,251,480,6,486,486,1.0125,1.25,7,74,18,85,7,92,92,1.0823529411764705,8.235294117647058,9,157.98209089998272,620380160
validation,language,,uk,uniq_superbpe_r64,8192,observed,32,7446,7446,4118,2234,3.333034914950761,0.5424963574550753,0.3000268600590921,0,0.0,3.333034914950761,4,6,10,"{""1"": 257, ""10"": 3, ""2"": 641, ""3"": 195, ""4"": 757, ""5"": 158, ""6"": 133, ""7"": 56, ""8"": 22, ""9"": 12}",8188,374,4.567659990229604,1,0.044762757385854966,0,0.0,2242,2210,8,0.36199095022624433,3,0.13428827215756492,0,111,444,555,0,555,555,1.0,0.0,2,118,8,124,2,126,126,1.0161290322580645,1.6129032258064515,8,157.98209089998272,620380160
validation,language,,ur,uniq_superbpe_r64,8192,observed,32,6879,6879,3892,2071,3.3215837759536457,0.5321171634121274,0.30106120075592385,10,0.48285852245292127,3.3215837759536457,3,6,12,"{""1"": 140, ""11"": 1, ""12"": 2, ""2"": 719, ""3"": 262, ""4"": 487, ""5"": 346, ""6"": 20, ""7"": 82, ""9"": 12}",8188,306,3.7371763556424034,0,0.0,0,0.0,2077,2045,6,0.293398533007335,6,0.28971511347175277,0,73,718,793,0,793,793,1.0,0.0,1,72,0,71,1,72,72,1.0140845070422535,1.408450704225352,7,157.98209089998272,620380160
validation,language,,yo,uniq_superbpe_r64,8192,observed,32,5063,5063,3889,2832,1.7877824858757063,0.7282077654924145,0.5593521627493581,292,10.310734463276836,1.7877824858757063,2,3,6,"{""1"": 1195, ""2"": 1160, ""3"": 401, ""4"": 43, ""5"": 25, ""6"": 8}",8188,357,4.360039081582804,11,0.3884180790960452,6,0.211864406779661,2853,2821,21,0.7444168734491315,4,0.14124293785310735,0,272,442,718,0,718,718,1.0,0.0,2,61,17,76,2,78,78,1.0263157894736843,2.6315789473684212,5,157.98209089998272,620380160
validation,language,,zh,uniq_superbpe_r64,8192,observed,32,3769,3769,1485,1439,2.6191799861014595,0.969023569023569,0.38179888564605996,78,5.42043085476025,2.6191799861014595,3,3,6,"{""1"": 243, ""2"": 68, ""3"": 1124, ""4"": 3, ""6"": 1}",8188,609,7.43771372740596,155,10.771369006254343,46,3.1966643502432244,1443,1411,4,0.28348688873139616,0,0.0,0,34,29,63,0,63,63,1.0,0.0,6,134,4,132,6,138,138,1.0454545454545454,4.545454545454546,3,157.98209089998272,620380160
validation,domain,flores200,,uniq_superbpe_r64,8192,observed,640,159677,159677,73015,50933,3.135040150786327,0.6975689926727385,0.3189751811469404,9345,18.347633165138514,3.135040150786327,3,7,17,"{""1"": 14837, ""10"": 247, ""11"": 1, ""12"": 231, ""13"": 34, ""16"": 1, ""17"": 8, ""2"": 6265, ""3"": 13314, ""4"": 5797, ""5"": 1417, ""6"": 6390, ""7"": 1762, ""8"": 87, ""9"": 542}",8188,3847,46.98339032730826,413,0.810869181081028,141,0.2768342724756052,51271,50631,338,0.6675752009638364,41,0.08049790901772917,68,2582,7963,10491,64,10559,10559,1.006481746258698,0.6100467067009818,99,1775,170,1846,81,1945,1945,1.0536294691224268,4.387865655471289,10,157.98209089998272,620380160
validation,aggregate,,,uniq_superbpe_r64,8192,observed,640,159677,159677,73015,50933,3.135040150786327,0.6975689926727385,0.3189751811469404,9345,18.347633165138514,3.135040150786327,3,7,17,"{""1"": 14837, ""10"": 247, ""11"": 1, ""12"": 231, ""13"": 34, ""16"": 1, ""17"": 8, ""2"": 6265, ""3"": 13314, ""4"": 5797, ""5"": 1417, ""6"": 6390, ""7"": 1762, ""8"": 87, ""9"": 542}",8188,3847,46.98339032730826,413,0.810869181081028,141,0.2768342724756052,51271,50631,338,0.6675752009638364,41,0.08049790901772917,68,2582,7963,10491,64,10559,10559,1.006481746258698,0.6100467067009818,99,1775,170,1846,81,1945,1945,1.0536294691224268,4.387865655471289,10,157.98209089998272,620380160
train,stratum,code,c,sp_unigram,16384,observed,32,51063,51063,51060,19896,2.566495778045838,0.38965922444183315,0.38963633159038835,49,0.24628065942903096,2.566495778045838,2,7,16,"{""1"": 9520, ""10"": 139, ""11"": 85, ""12"": 27, ""13"": 56, ""14"": 55, ""16"": 87, ""2"": 3655, ""3"": 2210, ""4"": 1645, ""5"": 669, ""6"": 737, ""7"": 553, ""8"": 276, ""9"": 182}",16380,1537,9.383394383394384,49,0.24628065942903096,0,0.0,19896,19864,0,0.0,152,0.7639726578206675,3506,4556,4654,5926,981,9432,9740,1.5916301046236923,16.55416807289909,177,2460,1715,4093,96,4270,6116,1.0432445638895675,2.3454678719765454,12,35.15026740002213,303558656
train,stratum,code,cpp,sp_unigram,16384,observed,32,54217,54217,54213,21353,2.539081159556034,0.39387231844760484,0.3938432594942546,222,1.0396665573924038,2.539081159556034,2,7,16,"{""1"": 10441, ""10"": 125, ""11"": 52, ""12"": 32, ""13"": 40, ""14"": 22, ""15"": 35, ""16"": 65, ""2"": 3713, ""3"": 2316, ""4"": 1662, ""5"": 855, ""6"": 842, ""7"": 637, ""8"": 275, ""9"": 241}",16380,1647,10.054945054945055,26,0.12176274996487613,0,0.0,21353,21321,0,0.0,250,1.1707956727391935,3913,5118,3945,5352,843,9265,9575,1.7311285500747384,15.751121076233185,261,2803,1758,4478,214,4739,6268,1.0582849486377848,4.778919160339437,11,35.15026740002213,303558656
train,stratum,code,go,sp_unigram,16384,observed,32,56813,56813,56813,22107,2.5699099832632197,0.38911868762431134,0.38911868762431134,1641,7.422988193784774,2.5699099832632197,2,7,16,"{""1"": 10182, ""10"": 112, ""11"": 47, ""12"": 69, ""13"": 24, ""14"": 1, ""15"": 1, ""16"": 12, ""2"": 3728, ""3"": 2866, ""4"": 1947, ""5"": 802, ""6"": 1093, ""7"": 699, ""8"": 386, ""9"": 138}",16380,1477,9.017094017094017,40,0.18093816438232235,0,0.0,22107,22075,0,0.0,83,0.37544669109331885,2381,4294,4145,6386,1331,8767,9031,1.3728468524898214,20.84246789852803,223,3712,1812,5404,188,5627,6454,1.0412657290895633,3.4789045151739453,10,35.15026740002213,303558656
train,stratum,code,java,sp_unigram,16384,observed,32,43999,43999,43605,16143,2.7255776497553117,0.37020983832129345,0.3668947021523216,171,1.0592826612153874,2.7255776497553117,2,7,16,"{""1"": 7734, ""10"": 102, ""11"": 79, ""12"": 32, ""13"": 30, ""14"": 19, ""16"": 52, ""2"": 2265, ""3"": 1593, ""4"": 1538, ""5"": 736, ""6"": 967, ""7"": 563, ""8"": 277, ""9"": 156}",16380,1426,8.705738705738705,30,0.1858390633711206,0,0.0,16143,16111,0,0.0,22,0.13628197980548845,3567,4037,3053,3775,765,7342,7594,1.9449006622516556,20.264900662251655,170,2133,1279,3273,143,3443,4145,1.051940116101436,4.36908035441491,11,35.15026740002213,303558656
train,stratum,code,javascript,sp_unigram,16384,observed,32,38980,38980,38152,17407,2.239329005572471,0.4562539316418536,0.4465623396613648,103,0.591715976331361,2.239329005572471,1,6,14,"{""1"": 8766, ""10"": 68, ""11"": 30, ""13"": 14, ""14"": 6, ""2"": 3817, ""3"": 1750, ""4"": 1028, ""5"": 645, ""6"": 643, ""7"": 357, ""8"": 187, ""9"": 96}",16380,1393,8.504273504273504,55,0.3159648417303384,0,0.0,17407,17375,0,0.0,15,0.08617222956281956,3628,4578,2524,3702,668,7330,7448,1.9800108049702863,18.04430037817396,473,2917,1698,4230,378,4703,5941,1.1118203309692671,8.936170212765957,9,35.15026740002213,303558656
train,stratum,code,python,sp_unigram,16384,observed,32,48487,48487,48387,21591,2.245704228613774,0.44621489242978485,0.44529461505145707,311,1.4404149877263674,2.245704228613774,1,6,16,"{""1"": 12188, ""10"": 61, ""11"": 28, ""12"": 16, ""13"": 26, ""14"": 11, ""15"": 1, ""16"": 27, ""2"": 3002, ""3"": 2157, ""4"": 1574, ""5"": 875, ""6"": 823, ""7"": 410, ""8"": 232, ""9"": 160}",16380,1489,9.09035409035409,45,0.20842017507294705,0,0.0,21591,21559,0,0.0,0,0.0,5917,7591,2907,4625,777,10542,10776,2.2793513513513513,16.8,344,3082,1104,3862,267,4206,5228,1.0890730191610565,6.9135163127913,9,35.15026740002213,303558656
train,stratum,code,rust,sp_unigram,16384,observed,32,56922,56922,56922,25815,2.2049970947123767,0.45351533677664174,0.45351533677664174,0,0.0,2.2049970947123767,1,6,16,"{""1"": 13708, ""10"": 76, ""11"": 17, ""12"": 17, ""13"": 16, ""14"": 3, ""15"": 8, ""16"": 1, ""2"": 4106, ""3"": 3204, ""4"": 2066, ""5"": 1083, ""6"": 761, ""7"": 448, ""8"": 237, ""9"": 64}",16380,1491,9.102564102564102,19,0.07360061979469301,0,0.0,25815,25783,0,0.0,78,0.30214991284137127,6853,8220,4466,6228,1032,13081,13231,2.1003532434168273,16.570327552986512,289,3810,2211,5827,239,6116,8582,1.0495967049939934,4.1015960185344085,8,35.15026740002213,303558656
train,stratum,code,sql,sp_unigram,16384,observed,32,36373,36373,36088,15279,2.380587734799398,0.423381733540235,0.42006433343414074,135,0.8835656783820931,2.380587734799398,1,7,16,"{""1"": 7652, ""10"": 49, ""11"": 22, ""12"": 7, ""13"": 10, ""14"": 1, ""15"": 5, ""16"": 36, ""2"": 3041, ""3"": 1494, ""4"": 1052, ""5"": 532, ""6"": 590, ""7"": 319, ""8"": 316, ""9"": 153}",16380,1216,7.423687423687424,32,0.20943779043131094,0,0.0,15279,15247,0,0.0,42,0.2748870999410956,2622,3810,2650,3925,530,6547,6655,1.6680254777070063,13.503184713375797,183,2089,1091,3103,140,3286,4498,1.058975185304544,4.5117628101836935,9,35.15026740002213,303558656
train,stratum,code,typescript,sp_unigram,16384,observed,32,43989,43989,43698,16901,2.6027453996804923,0.3867682731475125,0.38420968878583284,41,0.2425891959055677,2.6027453996804923,2,7,16,"{""1"": 7964, ""10"": 55, ""11"": 179, ""12"": 29, ""13"": 22, ""14"": 11, ""15"": 2, ""16"": 23, ""2"": 3289, ""3"": 1562, ""4"": 1170, ""5"": 772, ""6"": 821, ""7"": 590, ""8"": 248, ""9"": 164}",16380,1455,8.882783882783883,45,0.26625643453050113,0,0.0,16901,16869,0,0.0,25,0.14792024140583399,4018,4536,3546,4263,920,8281,8393,1.9425287356321839,21.581046211588085,243,1752,1748,3292,187,3535,4406,1.0738153098420413,5.680437424058323,11,35.15026740002213,303558656
train,stratum,cyrillic_african,am,sp_unigram,16384,observed,32,147317,147317,59501,37220,3.958006448146158,0.6255357052822642,0.25265244337041887,0,0.0,3.958006448146158,3,10,24,"{""1"": 5302, ""10"": 1175, ""12"": 307, ""13"": 357, ""15"": 198, ""16"": 80, ""18"": 75, ""19"": 13, ""2"": 794, ""21"": 12, ""24"": 6, ""3"": 19135, ""4"": 3300, ""5"": 54, ""6"": 3189, ""7"": 2452, ""8"": 3, ""9"": 768}",16380,1144,6.984126984126984,230,0.6179473401397099,0,0.0,37220,37188,0,0.0,0,0.0,0,3530,7676,11206,0,11206,11206,1.0,0.0,236,1679,662,2105,224,2341,2807,1.1121140142517816,10.641330166270784,15,35.15026740002213,303558656
train,stratum,cyrillic_african,bg,sp_unigram,16384,observed,32,102609,102609,58537,26939,3.8089387133895096,0.4602046568836804,0.2625403229736183,0,0.0,3.8089387133895096,4,9,27,"{""1"": 5093, ""10"": 224, ""11"": 354, ""12"": 67, ""13"": 283, ""14"": 64, ""15"": 96, ""16"": 39, ""17"": 95, ""18"": 21, ""19"": 15, ""2"": 6550, ""20"": 10, ""21"": 44, ""23"": 10, ""27"": 5, ""3"": 1739, ""4"": 6317, ""5"": 2533, ""6"": 1516, ""7"": 614, ""8"": 722, ""9"": 528}",16380,1229,7.503052503052503,135,0.5011321875348008,0,0.0,26939,26907,0,0.0,0,0.0,0,2638,6335,8973,0,8973,8973,1.0,0.0,90,1897,158,1976,74,2066,2303,1.0455465587044535,3.7449392712550607,15,35.15026740002213,303558656
train,stratum,cyrillic_african,ru,sp_unigram,16384,observed,32,106212,106212,58870,25708,4.1314765831647735,0.4366910140988619,0.2420442134598727,0,0.0,4.1314765831647735,4,11,27,"{""1"": 3876, ""10"": 311, ""11"": 414, ""12"": 135, ""13"": 298, ""14"": 52, ""15"": 189, ""16"": 27, ""17"": 122, ""18"": 39, ""19"": 54, ""2"": 6616, ""20"": 14, ""21"": 65, ""22"": 6, ""23"": 15, ""25"": 12, ""27"": 23, ""3"": 1604, ""4"": 6519, ""5"": 1488, ""6"": 1731, ""7"": 868, ""8"": 754, ""9"": 476}",16380,1190,7.264957264957265,167,0.6496032363466625,0,0.0,25708,25676,0,0.0,0,0.0,0,2132,5679,7811,0,7811,7811,1.0,0.0,67,1541,166,1640,57,1707,1917,1.0408536585365853,3.475609756097561,17,35.15026740002213,303558656
train,stratum,cyrillic_african,sw,sp_unigram,16384,observed,32,62449,62449,62216,24997,2.498259791174941,0.4017776777677768,0.4002786273599257,0,0.0,2.498259791174941,2,6,11,"{""1"": 7374, ""10"": 45, ""11"": 14, ""2"": 7746, ""3"": 5481, ""4"": 1749, ""5"": 1163, ""6"": 623, ""7"": 541, ""8"": 149, ""9"": 112}",16380,1107,6.758241758241758,75,0.30003600432051847,0,0.0,24997,24965,0,0.0,0,0.0,5,2138,6968,9101,5,9106,9106,1.0005493901769036,0.054939017690363696,76,1418,106,1448,71,1524,1753,1.0524861878453038,4.903314917127072,8,35.15026740002213,303558656
train,stratum,cyrillic_african,uk,sp_unigram,16384,observed,32,95676,95676,53182,25555,3.7439248679319115,0.4805197247188899,0.2670993770642585,0,0.0,3.7439248679319115,3,10,21,"{""1"": 4175, ""10"": 230, ""11"": 328, ""12"": 71, ""13"": 203, ""14"": 56, ""15"": 157, ""16"": 30, ""17"": 88, ""18"": 32, ""19"": 95, ""2"": 7578, ""21"": 11, ""3"": 1433, ""4"": 6522, ""5"": 1350, ""6"": 1542, ""7"": 720, ""8"": 616, ""9"": 318}",16380,1059,6.465201465201465,111,0.4343572686362747,0,0.0,25555,25523,0,0.0,0,0.0,0,2290,4803,7093,0,7093,7093,1.0,0.0,74,1703,220,1849,72,1923,2167,1.0400216333153056,3.8939967550027044,16,35.15026740002213,303558656
train,stratum,cyrillic_african,yo,sp_unigram,16384,observed,32,69432,69432,59766,24209,2.8680242884877525,0.40506307934277014,0.34867208203710104,0,0.0,2.8680242884877525,2,7,17,"{""1"": 6913, ""10"": 108, ""11"": 36, ""12"": 21, ""13"": 7, ""14"": 21, ""15"": 27, ""17"": 5, ""2"": 6041, ""3"": 4978, ""4"": 2001, ""5"": 1553, ""6"": 821, ""7"": 1336, ""8"": 216, ""9"": 125}",16380,1027,6.26984126984127,66,0.27262588293609813,0,0.0,24209,24177,0,0.0,0,0.0,0,2645,8842,11487,0,11487,11487,1.0,0.0,31,1527,96,1592,31,1623,1859,1.0194723618090453,1.9472361809045227,9,35.15026740002213,303558656
train,stratum,indic_cjk_arabic,ar,sp_unigram,16384,observed,32,97740,97740,54940,26807,3.646062595590704,0.4879322897706589,0.27426846736239,0,0.0,3.646062595590704,3,8,23,"{""1"": 3560, ""10"": 221, ""11"": 136, ""12"": 64, ""13"": 86, ""14"": 42, ""15"": 165, ""16"": 34, ""17"": 47, ""18"": 9, ""19"": 24, ""2"": 8984, ""20"": 5, ""21"": 18, ""23"": 10, ""3"": 1580, ""4"": 5841, ""5"": 2558, ""6"": 1116, ""7"": 1467, ""8"": 531, ""9"": 309}",16380,1066,6.507936507936508,129,0.4812175924198903,0,0.0,26807,26775,0,0.0,0,0.0,0,2364,6474,8838,0,8838,8838,1.0,0.0,96,1292,230,1426,95,1522,1757,1.067321178120617,6.661991584852735,15,35.15026740002213,303558656
train,stratum,indic_cjk_arabic,bn,sp_unigram,16384,observed,32,152004,152004,58399,27613,5.504798464491363,0.4728334389287488,0.1816596931659693,0,0.0,5.504798464491363,3,16,46,"{""1"": 4114, ""10"": 1043, ""12"": 542, ""13"": 995, ""15"": 230, ""16"": 511, ""18"": 77, ""19"": 297, ""2"": 402, ""21"": 56, ""22"": 108, ""24"": 40, ""25"": 112, ""27"": 36, ""28"": 40, ""3"": 10634, ""30"": 5, ""31"": 16, ""33"": 26, ""34"": 29, ""39"": 20, ""4"": 1061, ""46"": 9, ""5"": 43, ""6"": 4214, ""7"": 1371, ""8"": 6, ""9"": 1576}",16380,950,5.7997557997558,266,0.9633143809075435,0,0.0,27613,27581,0,0.0,0,0.0,0,2900,5615,8515,0,8515,8515,1.0,0.0,40,1366,102,1429,37,1469,1661,1.0279916025192442,2.589223233030091,25,35.15026740002213,303558656
train,stratum,indic_cjk_arabic,fa,sp_unigram,16384,observed,32,93798,93798,52677,23025,4.073745928338762,0.4370977846118799,0.2454743171496194,0,0.0,4.073745928338762,4,9,24,"{""1"": 3549, ""10"": 96, ""11"": 509, ""12"": 74, ""13"": 142, ""14"": 62, ""15"": 121, ""16"": 41, ""17"": 5, ""2"": 6025, ""24"": 13, ""3"": 1334, ""4"": 3807, ""5"": 3022, ""6"": 1263, ""7"": 1465, ""8"": 476, ""9"": 1021}",16380,1003,6.123321123321123,78,0.33876221498371334,0,0.0,23025,22993,0,0.0,0,0.0,0,2489,7441,9930,0,9930,9930,1.0,0.0,56,1112,110,1169,42,1225,1405,1.0479041916167664,3.592814371257485,14,35.15026740002213,303558656
train,stratum,indic_cjk_arabic,gu,sp_unigram,16384,observed,32,146974,146974,58881,27363,5.371267770346819,0.4647169715188261,0.18617578619347638,0,0.0,5.371267770346819,3,13,34,"{""1"": 4611, ""10"": 1332, ""12"": 168, ""13"": 1112, ""15"": 181, ""16"": 457, ""18"": 160, ""19"": 285, ""2"": 774, ""21"": 50, ""22"": 72, ""24"": 21, ""25"": 36, ""27"": 24, ""28"": 11, ""3"": 8550, ""33"": 6, ""34"": 11, ""4"": 1421, ""5"": 70, ""6"": 4219, ""7"": 1991, ""8"": 9, ""9"": 1792}",16380,1117,6.819291819291819,170,0.6212769067719183,0,0.0,27363,27331,0,0.0,0,0.0,0,2779,6944,9723,0,9723,9723,1.0,0.0,59,1377,56,1374,42,1433,1630,1.0429403202328966,3.056768558951965,19,35.15026740002213,303558656
train,stratum,indic_cjk_arabic,hi,sp_unigram,16384,observed,32,153237,153237,61359,27558,5.56052688874374,0.4491272673935364,0.1798390728087864,0,0.0,5.56052688874374,6,13,31,"{""1"": 4282, ""10"": 1850, ""11"": 1, ""12"": 296, ""13"": 969, ""15"": 208, ""16"": 516, ""18"": 57, ""19"": 204, ""2"": 587, ""21"": 25, ""22"": 72, ""24"": 10, ""25"": 5, ""28"": 26, ""3"": 7570, ""30"": 5, ""31"": 2, ""4"": 989, ""5"": 39, ""6"": 4541, ""7"": 4207, ""9"": 1097}",16380,1155,7.051282051282051,82,0.29755424921982726,0,0.0,27558,27526,0,0.0,0,0.0,0,2777,9033,11810,0,11810,11810,1.0,0.0,51,1372,126,1447,47,1498,1692,1.0352453351762267,3.2480995162404978,19,35.15026740002213,303558656
train,stratum,indic_cjk_arabic,ja,sp_unigram,16384,observed,32,142468,142468,61333,42488,3.353135002824327,0.6927428953418225,0.29822837409102393,0,0.0,3.353135002824327,3,9,48,"{""1"": 8654, ""10"": 29, ""12"": 715, ""13"": 26, ""15"": 302, ""18"": 147, ""2"": 3039, ""21"": 43, ""22"": 7, ""24"": 19, ""27"": 41, ""3"": 24026, ""30"": 8, ""39"": 11, ""4"": 394, ""48"": 8, ""5"": 170, ""6"": 3447, ""7"": 52, ""8"": 21, ""9"": 1329}",16380,2916,17.802197802197803,1369,3.2220862361137264,0,0.0,42488,42456,0,0.0,0,0.0,0,3198,1238,4436,0,4436,4436,1.0,0.0,331,4167,244,4082,290,4413,4644,1.0810877021068104,7.1043606075453205,15,35.15026740002213,303558656
train,stratum,indic_cjk_arabic,kn,sp_unigram,16384,observed,32,153841,153841,60531,28367,5.423238269820566,0.4686359055690473,0.18439167712118357,0,0.0,5.423238269820566,3,16,36,"{""1"": 5475, ""10"": 767, ""12"": 1012, ""13"": 623, ""15"": 645, ""16"": 379, ""18"": 346, ""19"": 286, ""2"": 1035, ""21"": 172, ""22"": 121, ""24"": 89, ""25"": 60, ""27"": 34, ""28"": 23, ""3"": 9351, ""30"": 5, ""33"": 17, ""34"": 10, ""36"": 10, ""4"": 1579, ""5"": 60, ""6"": 4052, ""7"": 409, ""8"": 8, ""9"": 1799}",16380,1179,7.197802197802198,236,0.8319526210032785,0,0.0,28367,28335,0,0.0,0,0.0,0,2724,4519,7243,0,7243,7243,1.0,0.0,42,1372,88,1423,34,1465,1662,1.0295151089248067,2.3893183415319745,22,35.15026740002213,303558656
train,stratum,indic_cjk_arabic,ko,sp_unigram,16384,observed,32,118352,118352,51206,39388,3.004773027317965,0.7692067335859079,0.33280383939434904,0,0.0,3.004773027317965,3,7,21,"{""1"": 10283, ""10"": 284, ""12"": 102, ""13"": 185, ""15"": 59, ""16"": 14, ""2"": 1134, ""21"": 8, ""3"": 22199, ""4"": 1126, ""5"": 44, ""6"": 1848, ""7"": 1633, ""8"": 6, ""9"": 463}",16380,1816,11.086691086691086,1055,2.678480755560069,0,0.0,39388,39356,0,0.0,0,0.0,1,7444,3609,11052,1,11053,11053,1.0000904813608396,0.009048136083966703,122,2271,291,2443,109,2565,2934,1.0499386000818665,4.4617273843634875,10,35.15026740002213,303558656
train,stratum,indic_cjk_arabic,ml,sp_unigram,16384,observed,32,137273,137273,52226,24447,5.615126600400867,0.46810017998697967,0.17809037465488478,0,0.0,5.615126600400867,3,16,40,"{""1"": 3994, ""10"": 258, ""12"": 1286, ""13"": 174, ""15"": 575, ""16"": 200, ""18"": 240, ""19"": 214, ""2"": 647, ""21"": 143, ""22"": 107, ""24"": 88, ""25"": 82, ""27"": 52, ""28"": 72, ""3"": 9573, ""30"": 6, ""31"": 30, ""33"": 20, ""34"": 25, ""36"": 25, ""37"": 10, ""39"": 13, ""4"": 1027, ""40"": 12, ""5"": 97, ""6"": 2784, ""7"": 281, ""8"": 7, ""9"": 2405}",16380,943,5.757020757020757,170,0.6953818464433263,0,0.0,24447,24415,0,0.0,0,0.0,0,2419,2778,5197,0,5197,5197,1.0,0.0,33,1154,52,1173,33,1206,1378,1.0281329923273657,2.813299232736573,27,35.15026740002213,303558656
train,stratum,indic_cjk_arabic,mr,sp_unigram,16384,observed,32,145113,145113,56571,23888,6.074723710649699,0.42226582524615086,0.1646165402134888,0,0.0,6.074723710649699,4,16,42,"{""1"": 3958, ""10"": 978, ""11"": 2, ""12"": 760, ""13"": 840, ""15"": 417, ""16"": 506, ""18"": 176, ""19"": 444, ""2"": 625, ""21"": 44, ""22"": 250, ""24"": 73, ""25"": 49, ""27"": 27, ""28"": 41, ""3"": 6863, ""30"": 5, ""31"": 18, ""34"": 22, ""37"": 10, ""4"": 747, ""42"": 6, ""5"": 86, ""6"": 4344, ""7"": 1342, ""8"": 8, ""9"": 1247}",16380,1300,7.936507936507937,191,0.7995646349631614,0,0.0,23888,23856,0,0.0,0,0.0,0,2327,5453,7780,0,7780,7780,1.0,0.0,41,1292,72,1323,37,1364,1551,1.0309901738473166,2.796674225245654,24,35.15026740002213,303558656
train,stratum,indic_cjk_arabic,ta,sp_unigram,16384,observed,32,140738,140738,53567,22864,6.155440867739678,0.4268299512759722,0.162457900495957,0,0.0,6.155440867739678,4,16,48,"{""1"": 3845, ""10"": 327, ""12"": 1270, ""13"": 533, ""15"": 463, ""16"": 322, ""18"": 366, ""19"": 292, ""2"": 633, ""21"": 86, ""22"": 114, ""24"": 47, ""25"": 86, ""27"": 12, ""28"": 51, ""3"": 6060, ""30"": 6, ""31"": 33, ""37"": 17, ""39"": 6, ""4"": 1163, ""46"": 5, ""48"": 6, ""5"": 67, ""6"": 3938, ""7"": 405, ""8"": 2, ""9"": 2709}",16380,892,5.445665445665446,143,0.6254373687893632,0,0.0,22864,22832,0,0.0,0,0.0,0,2241,3550,5791,0,5791,5791,1.0,0.0,84,1375,66,1357,53,1441,1788,1.0619012527634488,3.905674281503316,24,35.15026740002213,303558656
train,stratum,indic_cjk_arabic,te,sp_unigram,16384,observed,32,158103,158103,60933,28629,5.522477208425023,0.46984392693614296,0.1810781579097171,0,0.0,5.522477208425023,4,16,36,"{""1"": 4972, ""10"": 424, ""12"": 772, ""13"": 562, ""15"": 352, ""16"": 482, ""18"": 294, ""19"": 335, ""2"": 749, ""21"": 143, ""22"": 164, ""24"": 29, ""25"": 81, ""27"": 43, ""28"": 51, ""3"": 8506, ""30"": 22, ""31"": 39, ""34"": 6, ""36"": 14, ""4"": 1645, ""5"": 53, ""6"": 6581, ""7"": 479, ""8"": 5, ""9"": 1826}",16380,1064,6.495726495726496,266,0.9291278074679521,0,0.0,28629,28597,0,0.0,0,0.0,0,2972,4516,7488,0,7488,7488,1.0,0.0,128,1601,107,1580,120,1708,1939,1.081012658227848,7.594936708860759,22,35.15026740002213,303558656
train,stratum,indic_cjk_arabic,ur,sp_unigram,16384,observed,32,112341,112341,64366,28409,3.9544158541307333,0.4413665599850853,0.252881850793566,0,0.0,3.9544158541307333,4,9,20,"{""1"": 3544, ""10"": 104, ""11"": 327, ""12"": 29, ""13"": 81, ""14"": 3, ""15"": 44, ""16"": 2, ""17"": 6, ""19"": 13, ""2"": 8197, ""20"": 13, ""3"": 1597, ""4"": 4189, ""5"": 4814, ""6"": 916, ""7"": 3274, ""8"": 313, ""9"": 943}",16380,1160,7.0818070818070815,56,0.19712063078601852,0,0.0,28409,28377,0,0.0,0,0.0,0,2416,11129,13545,0,13545,13545,1.0,0.0,158,1031,651,1527,154,1685,1777,1.1034708578912902,10.08513425016372,11,35.15026740002213,303558656
train,stratum,indic_cjk_arabic,zh,sp_unigram,16384,observed,32,130086,130086,53452,41129,3.162877774806098,0.7694567088228691,0.31616776593945545,0,0.0,3.162877774806098,3,6,36,"{""1"": 7206, ""10"": 3, ""12"": 212, ""13"": 124, ""15"": 49, ""16"": 93, ""18"": 52, ""2"": 1581, ""21"": 67, ""3"": 27109, ""33"": 18, ""36"": 18, ""4"": 292, ""5"": 115, ""6"": 3564, ""7"": 173, ""8"": 18, ""9"": 435}",16380,3661,22.35042735042735,2973,7.228476257628437,0,0.0,41129,41097,0,0.0,0,0.0,0,2738,1017,3755,0,3755,3755,1.0,0.0,207,3219,201,3235,189,3442,3602,1.0639876352395672,5.842349304482226,13,35.15026740002213,303558656
train,stratum,latin_english,en,sp_unigram,16384,observed,32,59492,59492,59076,23621,2.518606324880403,0.39984088293046244,0.3970449808377597,0,0.0,2.518606324880403,2,6,13,"{""1"": 8829, ""10"": 97, ""11"": 29, ""12"": 14, ""13"": 9, ""2"": 5224, ""3"": 4164, ""4"": 2684, ""5"": 1182, ""6"": 591, ""7"": 492, ""8"": 241, ""9"": 65}",16380,1563,9.542124542124542,87,0.36831632869057196,0,0.0,23621,23589,0,0.0,0,0.0,3,3361,5940,9298,3,9301,9301,1.000322650032265,0.032265003226500326,87,1679,170,1764,79,1851,2096,1.0493197278911566,4.478458049886621,8,35.15026740002213,303558656
train,language,,am,sp_unigram,16384,observed,32,147317,147317,59501,37220,3.958006448146158,0.6255357052822642,0.25265244337041887,0,0.0,3.958006448146158,3,10,24,"{""1"": 5302, ""10"": 1175, ""12"": 307, ""13"": 357, ""15"": 198, ""16"": 80, ""18"": 75, ""19"": 13, ""2"": 794, ""21"": 12, ""24"": 6, ""3"": 19135, ""4"": 3300, ""5"": 54, ""6"": 3189, ""7"": 2452, ""8"": 3, ""9"": 768}",16380,1144,6.984126984126984,230,0.6179473401397099,0,0.0,37220,37188,0,0.0,0,0.0,0,3530,7676,11206,0,11206,11206,1.0,0.0,236,1679,662,2105,224,2341,2807,1.1121140142517816,10.641330166270784,15,35.15026740002213,303558656
train,language,,ar,sp_unigram,16384,observed,32,97740,97740,54940,26807,3.646062595590704,0.4879322897706589,0.27426846736239,0,0.0,3.646062595590704,3,8,23,"{""1"": 3560, ""10"": 221, ""11"": 136, ""12"": 64, ""13"": 86, ""14"": 42, ""15"": 165, ""16"": 34, ""17"": 47, ""18"": 9, ""19"": 24, ""2"": 8984, ""20"": 5, ""21"": 18, ""23"": 10, ""3"": 1580, ""4"": 5841, ""5"": 2558, ""6"": 1116, ""7"": 1467, ""8"": 531, ""9"": 309}",16380,1066,6.507936507936508,129,0.4812175924198903,0,0.0,26807,26775,0,0.0,0,0.0,0,2364,6474,8838,0,8838,8838,1.0,0.0,96,1292,230,1426,95,1522,1757,1.067321178120617,6.661991584852735,15,35.15026740002213,303558656
train,language,,bg,sp_unigram,16384,observed,32,102609,102609,58537,26939,3.8089387133895096,0.4602046568836804,0.2625403229736183,0,0.0,3.8089387133895096,4,9,27,"{""1"": 5093, ""10"": 224, ""11"": 354, ""12"": 67, ""13"": 283, ""14"": 64, ""15"": 96, ""16"": 39, ""17"": 95, ""18"": 21, ""19"": 15, ""2"": 6550, ""20"": 10, ""21"": 44, ""23"": 10, ""27"": 5, ""3"": 1739, ""4"": 6317, ""5"": 2533, ""6"": 1516, ""7"": 614, ""8"": 722, ""9"": 528}",16380,1229,7.503052503052503,135,0.5011321875348008,0,0.0,26939,26907,0,0.0,0,0.0,0,2638,6335,8973,0,8973,8973,1.0,0.0,90,1897,158,1976,74,2066,2303,1.0455465587044535,3.7449392712550607,15,35.15026740002213,303558656
train,language,,bn,sp_unigram,16384,observed,32,152004,152004,58399,27613,5.504798464491363,0.4728334389287488,0.1816596931659693,0,0.0,5.504798464491363,3,16,46,"{""1"": 4114, ""10"": 1043, ""12"": 542, ""13"": 995, ""15"": 230, ""16"": 511, ""18"": 77, ""19"": 297, ""2"": 402, ""21"": 56, ""22"": 108, ""24"": 40, ""25"": 112, ""27"": 36, ""28"": 40, ""3"": 10634, ""30"": 5, ""31"": 16, ""33"": 26, ""34"": 29, ""39"": 20, ""4"": 1061, ""46"": 9, ""5"": 43, ""6"": 4214, ""7"": 1371, ""8"": 6, ""9"": 1576}",16380,950,5.7997557997558,266,0.9633143809075435,0,0.0,27613,27581,0,0.0,0,0.0,0,2900,5615,8515,0,8515,8515,1.0,0.0,40,1366,102,1429,37,1469,1661,1.0279916025192442,2.589223233030091,25,35.15026740002213,303558656
train,language,,c,sp_unigram,16384,observed,32,51063,51063,51060,19896,2.566495778045838,0.38965922444183315,0.38963633159038835,49,0.24628065942903096,2.566495778045838,2,7,16,"{""1"": 9520, ""10"": 139, ""11"": 85, ""12"": 27, ""13"": 56, ""14"": 55, ""16"": 87, ""2"": 3655, ""3"": 2210, ""4"": 1645, ""5"": 669, ""6"": 737, ""7"": 553, ""8"": 276, ""9"": 182}",16380,1537,9.383394383394384,49,0.24628065942903096,0,0.0,19896,19864,0,0.0,152,0.7639726578206675,3506,4556,4654,5926,981,9432,9740,1.5916301046236923,16.55416807289909,177,2460,1715,4093,96,4270,6116,1.0432445638895675,2.3454678719765454,12,35.15026740002213,303558656
train,language,,cpp,sp_unigram,16384,observed,32,54217,54217,54213,21353,2.539081159556034,0.39387231844760484,0.3938432594942546,222,1.0396665573924038,2.539081159556034,2,7,16,"{""1"": 10441, ""10"": 125, ""11"": 52, ""12"": 32, ""13"": 40, ""14"": 22, ""15"": 35, ""16"": 65, ""2"": 3713, ""3"": 2316, ""4"": 1662, ""5"": 855, ""6"": 842, ""7"": 637, ""8"": 275, ""9"": 241}",16380,1647,10.054945054945055,26,0.12176274996487613,0,0.0,21353,21321,0,0.0,250,1.1707956727391935,3913,5118,3945,5352,843,9265,9575,1.7311285500747384,15.751121076233185,261,2803,1758,4478,214,4739,6268,1.0582849486377848,4.778919160339437,11,35.15026740002213,303558656
train,language,,en,sp_unigram,16384,observed,32,59492,59492,59076,23621,2.518606324880403,0.39984088293046244,0.3970449808377597,0,0.0,2.518606324880403,2,6,13,"{""1"": 8829, ""10"": 97, ""11"": 29, ""12"": 14, ""13"": 9, ""2"": 5224, ""3"": 4164, ""4"": 2684, ""5"": 1182, ""6"": 591, ""7"": 492, ""8"": 241, ""9"": 65}",16380,1563,9.542124542124542,87,0.36831632869057196,0,0.0,23621,23589,0,0.0,0,0.0,3,3361,5940,9298,3,9301,9301,1.000322650032265,0.032265003226500326,87,1679,170,1764,79,1851,2096,1.0493197278911566,4.478458049886621,8,35.15026740002213,303558656
train,language,,fa,sp_unigram,16384,observed,32,93798,93798,52677,23025,4.073745928338762,0.4370977846118799,0.2454743171496194,0,0.0,4.073745928338762,4,9,24,"{""1"": 3549, ""10"": 96, ""11"": 509, ""12"": 74, ""13"": 142, ""14"": 62, ""15"": 121, ""16"": 41, ""17"": 5, ""2"": 6025, ""24"": 13, ""3"": 1334, ""4"": 3807, ""5"": 3022, ""6"": 1263, ""7"": 1465, ""8"": 476, ""9"": 1021}",16380,1003,6.123321123321123,78,0.33876221498371334,0,0.0,23025,22993,0,0.0,0,0.0,0,2489,7441,9930,0,9930,9930,1.0,0.0,56,1112,110,1169,42,1225,1405,1.0479041916167664,3.592814371257485,14,35.15026740002213,303558656
train,language,,go,sp_unigram,16384,observed,32,56813,56813,56813,22107,2.5699099832632197,0.38911868762431134,0.38911868762431134,1641,7.422988193784774,2.5699099832632197,2,7,16,"{""1"": 10182, ""10"": 112, ""11"": 47, ""12"": 69, ""13"": 24, ""14"": 1, ""15"": 1, ""16"": 12, ""2"": 3728, ""3"": 2866, ""4"": 1947, ""5"": 802, ""6"": 1093, ""7"": 699, ""8"": 386, ""9"": 138}",16380,1477,9.017094017094017,40,0.18093816438232235,0,0.0,22107,22075,0,0.0,83,0.37544669109331885,2381,4294,4145,6386,1331,8767,9031,1.3728468524898214,20.84246789852803,223,3712,1812,5404,188,5627,6454,1.0412657290895633,3.4789045151739453,10,35.15026740002213,303558656
train,language,,gu,sp_unigram,16384,observed,32,146974,146974,58881,27363,5.371267770346819,0.4647169715188261,0.18617578619347638,0,0.0,5.371267770346819,3,13,34,"{""1"": 4611, ""10"": 1332, ""12"": 168, ""13"": 1112, ""15"": 181, ""16"": 457, ""18"": 160, ""19"": 285, ""2"": 774, ""21"": 50, ""22"": 72, ""24"": 21, ""25"": 36, ""27"": 24, ""28"": 11, ""3"": 8550, ""33"": 6, ""34"": 11, ""4"": 1421, ""5"": 70, ""6"": 4219, ""7"": 1991, ""8"": 9, ""9"": 1792}",16380,1117,6.819291819291819,170,0.6212769067719183,0,0.0,27363,27331,0,0.0,0,0.0,0,2779,6944,9723,0,9723,9723,1.0,0.0,59,1377,56,1374,42,1433,1630,1.0429403202328966,3.056768558951965,19,35.15026740002213,303558656
train,language,,hi,sp_unigram,16384,observed,32,153237,153237,61359,27558,5.56052688874374,0.4491272673935364,0.1798390728087864,0,0.0,5.56052688874374,6,13,31,"{""1"": 4282, ""10"": 1850, ""11"": 1, ""12"": 296, ""13"": 969, ""15"": 208, ""16"": 516, ""18"": 57, ""19"": 204, ""2"": 587, ""21"": 25, ""22"": 72, ""24"": 10, ""25"": 5, ""28"": 26, ""3"": 7570, ""30"": 5, ""31"": 2, ""4"": 989, ""5"": 39, ""6"": 4541, ""7"": 4207, ""9"": 1097}",16380,1155,7.051282051282051,82,0.29755424921982726,0,0.0,27558,27526,0,0.0,0,0.0,0,2777,9033,11810,0,11810,11810,1.0,0.0,51,1372,126,1447,47,1498,1692,1.0352453351762267,3.2480995162404978,19,35.15026740002213,303558656
train,language,,ja,sp_unigram,16384,observed,32,142468,142468,61333,42488,3.353135002824327,0.6927428953418225,0.29822837409102393,0,0.0,3.353135002824327,3,9,48,"{""1"": 8654, ""10"": 29, ""12"": 715, ""13"": 26, ""15"": 302, ""18"": 147, ""2"": 3039, ""21"": 43, ""22"": 7, ""24"": 19, ""27"": 41, ""3"": 24026, ""30"": 8, ""39"": 11, ""4"": 394, ""48"": 8, ""5"": 170, ""6"": 3447, ""7"": 52, ""8"": 21, ""9"": 1329}",16380,2916,17.802197802197803,1369,3.2220862361137264,0,0.0,42488,42456,0,0.0,0,0.0,0,3198,1238,4436,0,4436,4436,1.0,0.0,331,4167,244,4082,290,4413,4644,1.0810877021068104,7.1043606075453205,15,35.15026740002213,303558656
train,language,,java,sp_unigram,16384,observed,32,43999,43999,43605,16143,2.7255776497553117,0.37020983832129345,0.3668947021523216,171,1.0592826612153874,2.7255776497553117,2,7,16,"{""1"": 7734, ""10"": 102, ""11"": 79, ""12"": 32, ""13"": 30, ""14"": 19, ""16"": 52, ""2"": 2265, ""3"": 1593, ""4"": 1538, ""5"": 736, ""6"": 967, ""7"": 563, ""8"": 277, ""9"": 156}",16380,1426,8.705738705738705,30,0.1858390633711206,0,0.0,16143,16111,0,0.0,22,0.13628197980548845,3567,4037,3053,3775,765,7342,7594,1.9449006622516556,20.264900662251655,170,2133,1279,3273,143,3443,4145,1.051940116101436,4.36908035441491,11,35.15026740002213,303558656
train,language,,javascript,sp_unigram,16384,observed,32,38980,38980,38152,17407,2.239329005572471,0.4562539316418536,0.4465623396613648,103,0.591715976331361,2.239329005572471,1,6,14,"{""1"": 8766, ""10"": 68, ""11"": 30, ""13"": 14, ""14"": 6, ""2"": 3817, ""3"": 1750, ""4"": 1028, ""5"": 645, ""6"": 643, ""7"": 357, ""8"": 187, ""9"": 96}",16380,1393,8.504273504273504,55,0.3159648417303384,0,0.0,17407,17375,0,0.0,15,0.08617222956281956,3628,4578,2524,3702,668,7330,7448,1.9800108049702863,18.04430037817396,473,2917,1698,4230,378,4703,5941,1.1118203309692671,8.936170212765957,9,35.15026740002213,303558656
train,language,,kn,sp_unigram,16384,observed,32,153841,153841,60531,28367,5.423238269820566,0.4686359055690473,0.18439167712118357,0,0.0,5.423238269820566,3,16,36,"{""1"": 5475, ""10"": 767, ""12"": 1012, ""13"": 623, ""15"": 645, ""16"": 379, ""18"": 346, ""19"": 286, ""2"": 1035, ""21"": 172, ""22"": 121, ""24"": 89, ""25"": 60, ""27"": 34, ""28"": 23, ""3"": 9351, ""30"": 5, ""33"": 17, ""34"": 10, ""36"": 10, ""4"": 1579, ""5"": 60, ""6"": 4052, ""7"": 409, ""8"": 8, ""9"": 1799}",16380,1179,7.197802197802198,236,0.8319526210032785,0,0.0,28367,28335,0,0.0,0,0.0,0,2724,4519,7243,0,7243,7243,1.0,0.0,42,1372,88,1423,34,1465,1662,1.0295151089248067,2.3893183415319745,22,35.15026740002213,303558656
train,language,,ko,sp_unigram,16384,observed,32,118352,118352,51206,39388,3.004773027317965,0.7692067335859079,0.33280383939434904,0,0.0,3.004773027317965,3,7,21,"{""1"": 10283, ""10"": 284, ""12"": 102, ""13"": 185, ""15"": 59, ""16"": 14, ""2"": 1134, ""21"": 8, ""3"": 22199, ""4"": 1126, ""5"": 44, ""6"": 1848, ""7"": 1633, ""8"": 6, ""9"": 463}",16380,1816,11.086691086691086,1055,2.678480755560069,0,0.0,39388,39356,0,0.0,0,0.0,1,7444,3609,11052,1,11053,11053,1.0000904813608396,0.009048136083966703,122,2271,291,2443,109,2565,2934,1.0499386000818665,4.4617273843634875,10,35.15026740002213,303558656
train,language,,ml,sp_unigram,16384,observed,32,137273,137273,52226,24447,5.615126600400867,0.46810017998697967,0.17809037465488478,0,0.0,5.615126600400867,3,16,40,"{""1"": 3994, ""10"": 258, ""12"": 1286, ""13"": 174, ""15"": 575, ""16"": 200, ""18"": 240, ""19"": 214, ""2"": 647, ""21"": 143, ""22"": 107, ""24"": 88, ""25"": 82, ""27"": 52, ""28"": 72, ""3"": 9573, ""30"": 6, ""31"": 30, ""33"": 20, ""34"": 25, ""36"": 25, ""37"": 10, ""39"": 13, ""4"": 1027, ""40"": 12, ""5"": 97, ""6"": 2784, ""7"": 281, ""8"": 7, ""9"": 2405}",16380,943,5.757020757020757,170,0.6953818464433263,0,0.0,24447,24415,0,0.0,0,0.0,0,2419,2778,5197,0,5197,5197,1.0,0.0,33,1154,52,1173,33,1206,1378,1.0281329923273657,2.813299232736573,27,35.15026740002213,303558656
train,language,,mr,sp_unigram,16384,observed,32,145113,145113,56571,23888,6.074723710649699,0.42226582524615086,0.1646165402134888,0,0.0,6.074723710649699,4,16,42,"{""1"": 3958, ""10"": 978, ""11"": 2, ""12"": 760, ""13"": 840, ""15"": 417, ""16"": 506, ""18"": 176, ""19"": 444, ""2"": 625, ""21"": 44, ""22"": 250, ""24"": 73, ""25"": 49, ""27"": 27, ""28"": 41, ""3"": 6863, ""30"": 5, ""31"": 18, ""34"": 22, ""37"": 10, ""4"": 747, ""42"": 6, ""5"": 86, ""6"": 4344, ""7"": 1342, ""8"": 8, ""9"": 1247}",16380,1300,7.936507936507937,191,0.7995646349631614,0,0.0,23888,23856,0,0.0,0,0.0,0,2327,5453,7780,0,7780,7780,1.0,0.0,41,1292,72,1323,37,1364,1551,1.0309901738473166,2.796674225245654,24,35.15026740002213,303558656
train,language,,python,sp_unigram,16384,observed,32,48487,48487,48387,21591,2.245704228613774,0.44621489242978485,0.44529461505145707,311,1.4404149877263674,2.245704228613774,1,6,16,"{""1"": 12188, ""10"": 61, ""11"": 28, ""12"": 16, ""13"": 26, ""14"": 11, ""15"": 1, ""16"": 27, ""2"": 3002, ""3"": 2157, ""4"": 1574, ""5"": 875, ""6"": 823, ""7"": 410, ""8"": 232, ""9"": 160}",16380,1489,9.09035409035409,45,0.20842017507294705,0,0.0,21591,21559,0,0.0,0,0.0,5917,7591,2907,4625,777,10542,10776,2.2793513513513513,16.8,344,3082,1104,3862,267,4206,5228,1.0890730191610565,6.9135163127913,9,35.15026740002213,303558656
train,language,,ru,sp_unigram,16384,observed,32,106212,106212,58870,25708,4.1314765831647735,0.4366910140988619,0.2420442134598727,0,0.0,4.1314765831647735,4,11,27,"{""1"": 3876, ""10"": 311, ""11"": 414, ""12"": 135, ""13"": 298, ""14"": 52, ""15"": 189, ""16"": 27, ""17"": 122, ""18"": 39, ""19"": 54, ""2"": 6616, ""20"": 14, ""21"": 65, ""22"": 6, ""23"": 15, ""25"": 12, ""27"": 23, ""3"": 1604, ""4"": 6519, ""5"": 1488, ""6"": 1731, ""7"": 868, ""8"": 754, ""9"": 476}",16380,1190,7.264957264957265,167,0.6496032363466625,0,0.0,25708,25676,0,0.0,0,0.0,0,2132,5679,7811,0,7811,7811,1.0,0.0,67,1541,166,1640,57,1707,1917,1.0408536585365853,3.475609756097561,17,35.15026740002213,303558656
train,language,,rust,sp_unigram,16384,observed,32,56922,56922,56922,25815,2.2049970947123767,0.45351533677664174,0.45351533677664174,0,0.0,2.2049970947123767,1,6,16,"{""1"": 13708, ""10"": 76, ""11"": 17, ""12"": 17, ""13"": 16, ""14"": 3, ""15"": 8, ""16"": 1, ""2"": 4106, ""3"": 3204, ""4"": 2066, ""5"": 1083, ""6"": 761, ""7"": 448, ""8"": 237, ""9"": 64}",16380,1491,9.102564102564102,19,0.07360061979469301,0,0.0,25815,25783,0,0.0,78,0.30214991284137127,6853,8220,4466,6228,1032,13081,13231,2.1003532434168273,16.570327552986512,289,3810,2211,5827,239,6116,8582,1.0495967049939934,4.1015960185344085,8,35.15026740002213,303558656
train,language,,sql,sp_unigram,16384,observed,32,36373,36373,36088,15279,2.380587734799398,0.423381733540235,0.42006433343414074,135,0.8835656783820931,2.380587734799398,1,7,16,"{""1"": 7652, ""10"": 49, ""11"": 22, ""12"": 7, ""13"": 10, ""14"": 1, ""15"": 5, ""16"": 36, ""2"": 3041, ""3"": 1494, ""4"": 1052, ""5"": 532, ""6"": 590, ""7"": 319, ""8"": 316, ""9"": 153}",16380,1216,7.423687423687424,32,0.20943779043131094,0,0.0,15279,15247,0,0.0,42,0.2748870999410956,2622,3810,2650,3925,530,6547,6655,1.6680254777070063,13.503184713375797,183,2089,1091,3103,140,3286,4498,1.058975185304544,4.5117628101836935,9,35.15026740002213,303558656
train,language,,sw,sp_unigram,16384,observed,32,62449,62449,62216,24997,2.498259791174941,0.4017776777677768,0.4002786273599257,0,0.0,2.498259791174941,2,6,11,"{""1"": 7374, ""10"": 45, ""11"": 14, ""2"": 7746, ""3"": 5481, ""4"": 1749, ""5"": 1163, ""6"": 623, ""7"": 541, ""8"": 149, ""9"": 112}",16380,1107,6.758241758241758,75,0.30003600432051847,0,0.0,24997,24965,0,0.0,0,0.0,5,2138,6968,9101,5,9106,9106,1.0005493901769036,0.054939017690363696,76,1418,106,1448,71,1524,1753,1.0524861878453038,4.903314917127072,8,35.15026740002213,303558656
train,language,,ta,sp_unigram,16384,observed,32,140738,140738,53567,22864,6.155440867739678,0.4268299512759722,0.162457900495957,0,0.0,6.155440867739678,4,16,48,"{""1"": 3845, ""10"": 327, ""12"": 1270, ""13"": 533, ""15"": 463, ""16"": 322, ""18"": 366, ""19"": 292, ""2"": 633, ""21"": 86, ""22"": 114, ""24"": 47, ""25"": 86, ""27"": 12, ""28"": 51, ""3"": 6060, ""30"": 6, ""31"": 33, ""37"": 17, ""39"": 6, ""4"": 1163, ""46"": 5, ""48"": 6, ""5"": 67, ""6"": 3938, ""7"": 405, ""8"": 2, ""9"": 2709}",16380,892,5.445665445665446,143,0.6254373687893632,0,0.0,22864,22832,0,0.0,0,0.0,0,2241,3550,5791,0,5791,5791,1.0,0.0,84,1375,66,1357,53,1441,1788,1.0619012527634488,3.905674281503316,24,35.15026740002213,303558656
train,language,,te,sp_unigram,16384,observed,32,158103,158103,60933,28629,5.522477208425023,0.46984392693614296,0.1810781579097171,0,0.0,5.522477208425023,4,16,36,"{""1"": 4972, ""10"": 424, ""12"": 772, ""13"": 562, ""15"": 352, ""16"": 482, ""18"": 294, ""19"": 335, ""2"": 749, ""21"": 143, ""22"": 164, ""24"": 29, ""25"": 81, ""27"": 43, ""28"": 51, ""3"": 8506, ""30"": 22, ""31"": 39, ""34"": 6, ""36"": 14, ""4"": 1645, ""5"": 53, ""6"": 6581, ""7"": 479, ""8"": 5, ""9"": 1826}",16380,1064,6.495726495726496,266,0.9291278074679521,0,0.0,28629,28597,0,0.0,0,0.0,0,2972,4516,7488,0,7488,7488,1.0,0.0,128,1601,107,1580,120,1708,1939,1.081012658227848,7.594936708860759,22,35.15026740002213,303558656
train,language,,typescript,sp_unigram,16384,observed,32,43989,43989,43698,16901,2.6027453996804923,0.3867682731475125,0.38420968878583284,41,0.2425891959055677,2.6027453996804923,2,7,16,"{""1"": 7964, ""10"": 55, ""11"": 179, ""12"": 29, ""13"": 22, ""14"": 11, ""15"": 2, ""16"": 23, ""2"": 3289, ""3"": 1562, ""4"": 1170, ""5"": 772, ""6"": 821, ""7"": 590, ""8"": 248, ""9"": 164}",16380,1455,8.882783882783883,45,0.26625643453050113,0,0.0,16901,16869,0,0.0,25,0.14792024140583399,4018,4536,3546,4263,920,8281,8393,1.9425287356321839,21.581046211588085,243,1752,1748,3292,187,3535,4406,1.0738153098420413,5.680437424058323,11,35.15026740002213,303558656
train,language,,uk,sp_unigram,16384,observed,32,95676,95676,53182,25555,3.7439248679319115,0.4805197247188899,0.2670993770642585,0,0.0,3.7439248679319115,3,10,21,"{""1"": 4175, ""10"": 230, ""11"": 328, ""12"": 71, ""13"": 203, ""14"": 56, ""15"": 157, ""16"": 30, ""17"": 88, ""18"": 32, ""19"": 95, ""2"": 7578, ""21"": 11, ""3"": 1433, ""4"": 6522, ""5"": 1350, ""6"": 1542, ""7"": 720, ""8"": 616, ""9"": 318}",16380,1059,6.465201465201465,111,0.4343572686362747,0,0.0,25555,25523,0,0.0,0,0.0,0,2290,4803,7093,0,7093,7093,1.0,0.0,74,1703,220,1849,72,1923,2167,1.0400216333153056,3.8939967550027044,16,35.15026740002213,303558656
train,language,,ur,sp_unigram,16384,observed,32,112341,112341,64366,28409,3.9544158541307333,0.4413665599850853,0.252881850793566,0,0.0,3.9544158541307333,4,9,20,"{""1"": 3544, ""10"": 104, ""11"": 327, ""12"": 29, ""13"": 81, ""14"": 3, ""15"": 44, ""16"": 2, ""17"": 6, ""19"": 13, ""2"": 8197, ""20"": 13, ""3"": 1597, ""4"": 4189, ""5"": 4814, ""6"": 916, ""7"": 3274, ""8"": 313, ""9"": 943}",16380,1160,7.0818070818070815,56,0.19712063078601852,0,0.0,28409,28377,0,0.0,0,0.0,0,2416,11129,13545,0,13545,13545,1.0,0.0,158,1031,651,1527,154,1685,1777,1.1034708578912902,10.08513425016372,11,35.15026740002213,303558656
train,language,,yo,sp_unigram,16384,observed,32,69432,69432,59766,24209,2.8680242884877525,0.40506307934277014,0.34867208203710104,0,0.0,2.8680242884877525,2,7,17,"{""1"": 6913, ""10"": 108, ""11"": 36, ""12"": 21, ""13"": 7, ""14"": 21, ""15"": 27, ""17"": 5, ""2"": 6041, ""3"": 4978, ""4"": 2001, ""5"": 1553, ""6"": 821, ""7"": 1336, ""8"": 216, ""9"": 125}",16380,1027,6.26984126984127,66,0.27262588293609813,0,0.0,24209,24177,0,0.0,0,0.0,0,2645,8842,11487,0,11487,11487,1.0,0.0,31,1527,96,1592,31,1623,1859,1.0194723618090453,1.9472361809045227,9,35.15026740002213,303558656
train,language,,zh,sp_unigram,16384,observed,32,130086,130086,53452,41129,3.162877774806098,0.7694567088228691,0.31616776593945545,0,0.0,3.162877774806098,3,6,36,"{""1"": 7206, ""10"": 3, ""12"": 212, ""13"": 124, ""15"": 49, ""16"": 93, ""18"": 52, ""2"": 1581, ""21"": 67, ""3"": 27109, ""33"": 18, ""36"": 18, ""4"": 292, ""5"": 115, ""6"": 3564, ""7"": 173, ""8"": 18, ""9"": 435}",16380,3661,22.35042735042735,2973,7.228476257628437,0,0.0,41129,41097,0,0.0,0,0.0,0,2738,1017,3755,0,3755,3755,1.0,0.0,207,3219,201,3235,189,3442,3602,1.0639876352395672,5.842349304482226,13,35.15026740002213,303558656
train,domain,code,,sp_unigram,16384,observed,288,430843,430843,428938,176492,2.441147474106475,0.41146272887923196,0.40964341999289766,2673,1.5145162386963715,2.441147474106475,2,7,16,"{""1"": 88155, ""10"": 787, ""11"": 539, ""12"": 229, ""13"": 238, ""14"": 129, ""15"": 52, ""16"": 303, ""2"": 30616, ""3"": 19152, ""4"": 13682, ""5"": 6969, ""6"": 7277, ""7"": 4576, ""8"": 2434, ""9"": 1354}",16380,3239,19.774114774114775,341,0.19320989053328197,0,0.0,176492,176204,0,0.0,667,0.3779208122747773,36405,46740,31890,44182,7847,80587,82443,1.8239780906251415,17.760626499479425,2363,24758,14416,37562,1852,39925,51638,1.062909323252223,4.930514882061658,10,35.15026740002213,303558656
train,domain,cyrillic_african,,sp_unigram,16384,observed,192,583695,583695,352072,164628,3.545539033457249,0.4675975368674589,0.2820445609436435,0,0.0,3.545539033457249,3,9,27,"{""1"": 32733, ""10"": 2093, ""11"": 1146, ""12"": 601, ""13"": 1148, ""14"": 193, ""15"": 667, ""16"": 176, ""17"": 310, ""18"": 167, ""19"": 177, ""2"": 35325, ""20"": 24, ""21"": 132, ""22"": 6, ""23"": 25, ""24"": 6, ""25"": 12, ""27"": 28, ""3"": 34370, ""4"": 26408, ""5"": 8141, ""6"": 9422, ""7"": 6531, ""8"": 2460, ""9"": 2327}",16380,3560,21.733821733821735,784,0.476225186481036,0,0.0,164628,164436,0,0.0,0,0.0,5,15373,40303,55671,5,55676,55676,1.0000898133678218,0.008981336782166657,574,9765,1408,10610,529,11184,12806,1.054099905749293,4.985862393967955,15,35.15026740002213,303558656
train,domain,indic_cjk_arabic,,sp_unigram,16384,observed,448,1882068,1882068,800441,411975,4.568403422537775,0.5146850298772802,0.21889485395851796,0,0.0,4.568403422537775,3,13,48,"{""1"": 72047, ""10"": 7716, ""11"": 975, ""12"": 7302, ""13"": 6452, ""14"": 107, ""15"": 3811, ""16"": 3557, ""17"": 58, ""18"": 1924, ""19"": 2394, ""2"": 34412, ""20"": 18, ""21"": 855, ""22"": 1015, ""23"": 10, ""24"": 429, ""25"": 511, ""27"": 269, ""28"": 315, ""3"": 144952, ""30"": 62, ""31"": 138, ""33"": 87, ""34"": 103, ""36"": 67, ""37"": 37, ""39"": 50, ""4"": 25281, ""40"": 12, ""42"": 6, ""46"": 14, ""48"": 14, ""5"": 11238, ""6"": 46827, ""7"": 18549, ""8"": 1410, ""9"": 18951}",16380,12266,74.88400488400488,7184,1.74379513319983,0,0.0,411975,411527,0,0.0,0,0.0,1,41788,73316,115103,1,115104,115104,1.0000086878708634,0.0008687870863487486,1448,24001,2396,24988,1282,26436,29420,1.0579478149511765,5.130462622058588,19,35.15026740002213,303558656
train,domain,latin_english,,sp_unigram,16384,observed,32,59492,59492,59076,23621,2.518606324880403,0.39984088293046244,0.3970449808377597,0,0.0,2.518606324880403,2,6,13,"{""1"": 8829, ""10"": 97, ""11"": 29, ""12"": 14, ""13"": 9, ""2"": 5224, ""3"": 4164, ""4"": 2684, ""5"": 1182, ""6"": 591, ""7"": 492, ""8"": 241, ""9"": 65}",16380,1563,9.542124542124542,87,0.36831632869057196,0,0.0,23621,23589,0,0.0,0,0.0,3,3361,5940,9298,3,9301,9301,1.000322650032265,0.032265003226500326,87,1679,170,1764,79,1851,2096,1.0493197278911566,4.478458049886621,8,35.15026740002213,303558656
train,aggregate,,,sp_unigram,16384,observed,960,2956098,2956098,1640527,776716,3.805893016237595,0.4734551762939592,0.2627504230238646,2673,0.34414123051411327,3.805893016237595,3,10,48,"{""1"": 201764, ""10"": 10693, ""11"": 2689, ""12"": 8146, ""13"": 7847, ""14"": 429, ""15"": 4530, ""16"": 4036, ""17"": 368, ""18"": 2091, ""19"": 2571, ""2"": 105577, ""20"": 42, ""21"": 987, ""22"": 1021, ""23"": 35, ""24"": 435, ""25"": 523, ""27"": 297, ""28"": 315, ""3"": 202638, ""30"": 62, ""31"": 138, ""33"": 87, ""34"": 103, ""36"": 67, ""37"": 37, ""39"": 50, ""4"": 68055, ""40"": 12, ""42"": 6, ""46"": 14, ""48"": 14, ""5"": 27530, ""6"": 64117, ""7"": 30148, ""8"": 6545, ""9"": 22697}",16380,16116,98.3882783882784,8396,1.0809613809938252,0,0.0,776716,775756,0,0.0,667,0.08587437364493586,36414,107262,151449,224254,7856,260668,262524,1.1623783745217477,3.503170512008704,4472,60203,18390,74924,3742,79396,95960,1.0596871496449736,4.994394319577172,18,35.15026740002213,303558656
validation,stratum,flores200,am,sp_unigram,16384,observed,32,6471,6471,2573,1753,3.6913861950941245,0.6813058686358336,0.2709009426672848,0,0.0,3.6913861950941245,3,7,18,"{""1"": 184, ""10"": 45, ""12"": 8, ""13"": 11, ""15"": 6, ""16"": 1, ""18"": 4, ""2"": 39, ""3"": 1059, ""4"": 169, ""6"": 124, ""7"": 91, ""9"": 12}",16380,369,2.2527472527472527,11,0.6274957216200798,0,0.0,1753,1721,0,0.0,0,0.0,0,157,329,486,0,486,486,1.0,0.0,1,48,28,75,1,76,76,1.0133333333333334,1.3333333333333333,13,35.15026740002213,303558656
validation,stratum,flores200,ar,sp_unigram,16384,observed,32,6539,6539,3628,1908,3.4271488469601676,0.525909592061742,0.29178773512769535,10,0.5241090146750524,3.4271488469601676,3,7,16,"{""1"": 195, ""10"": 5, ""11"": 2, ""12"": 1, ""13"": 3, ""14"": 2, ""15"": 2, ""16"": 1, ""2"": 710, ""3"": 120, ""4"": 438, ""5"": 189, ""6"": 73, ""7"": 117, ""8"": 37, ""9"": 13}",16380,364,2.2222222222222223,18,0.9433962264150944,10,0.5241090146750524,1908,1876,0,0.0,0,0.0,0,129,452,581,0,581,581,1.0,0.0,1,69,18,86,1,87,88,1.0116279069767442,1.1627906976744187,9,35.15026740002213,303558656
validation,stratum,flores200,bg,sp_unigram,16384,observed,32,7482,7482,4146,2039,3.6694458067680236,0.4917993246502653,0.27252071638599307,0,0.0,3.6694458067680236,4,8,17,"{""1"": 290, ""10"": 12, ""11"": 20, ""12"": 2, ""13"": 4, ""14"": 1, ""15"": 9, ""16"": 1, ""17"": 3, ""2"": 517, ""3"": 142, ""4"": 582, ""5"": 201, ""6"": 135, ""7"": 41, ""8"": 41, ""9"": 38}",16380,397,2.4236874236874235,1,0.04904364884747425,0,0.0,2039,2007,0,0.0,0,0.0,0,177,440,617,0,617,617,1.0,0.0,3,116,8,121,3,124,124,1.024793388429752,2.479338842975207,11,35.15026740002213,303558656
validation,stratum,flores200,bn,sp_unigram,16384,observed,32,10772,10772,4028,2229,4.832660385823239,0.5533763654419066,0.20692536204975864,0,0.0,4.832660385823239,3,12,39,"{""1"": 286, ""10"": 55, ""12"": 35, ""13"": 49, ""15"": 15, ""16"": 20, ""18"": 4, ""19"": 9, ""2"": 12, ""21"": 2, ""22"": 6, ""24"": 1, ""25"": 1, ""27"": 1, ""28"": 1, ""3"": 1025, ""34"": 1, ""39"": 1, ""4"": 75, ""6"": 379, ""7"": 96, ""9"": 155}",16380,313,1.910866910866911,3,0.13458950201884254,0,0.0,2229,2197,0,0.0,0,0.0,2,240,320,558,2,560,560,1.003584229390681,0.35842293906810035,4,79,7,82,4,86,90,1.048780487804878,4.878048780487805,19,35.15026740002213,303558656
validation,stratum,flores200,fa,sp_unigram,16384,observed,32,6879,6879,3885,1872,3.6746794871794872,0.48185328185328186,0.2721325774095072,0,0.0,3.6746794871794872,3,8,16,"{""1"": 267, ""10"": 8, ""11"": 13, ""12"": 7, ""13"": 7, ""15"": 3, ""16"": 3, ""2"": 542, ""3"": 129, ""4"": 399, ""5"": 220, ""6"": 90, ""7"": 108, ""8"": 26, ""9"": 50}",16380,435,2.6556776556776556,5,0.2670940170940171,0,0.0,1872,1840,0,0.0,0,0.0,0,190,510,700,0,700,700,1.0,0.0,4,94,14,104,4,108,108,1.0384615384615385,3.8461538461538463,12,35.15026740002213,303558656
validation,stratum,flores200,gu,sp_unigram,16384,observed,32,9612,9612,3700,2137,4.497894244267665,0.5775675675675676,0.22232625884311277,0,0.0,4.497894244267665,3,10,28,"{""1"": 346, ""10"": 78, ""12"": 5, ""13"": 40, ""15"": 10, ""16"": 10, ""19"": 2, ""2"": 29, ""28"": 1, ""3"": 878, ""4"": 79, ""6"": 407, ""7"": 94, ""9"": 158}",16380,320,1.9536019536019535,7,0.32756200280767434,0,0.0,2137,2105,0,0.0,0,0.0,2,254,316,568,2,570,570,1.0035211267605635,0.352112676056338,11,79,10,78,9,89,91,1.141025641025641,11.538461538461538,15,35.15026740002213,303558656
validation,stratum,flores200,hi,sp_unigram,16384,observed,32,10074,10074,3966,2024,4.9772727272727275,0.5103378719112456,0.2009132420091324,0,0.0,4.9772727272727275,3,10,34,"{""1"": 283, ""10"": 118, ""12"": 17, ""13"": 40, ""15"": 12, ""16"": 13, ""18"": 1, ""19"": 4, ""2"": 34, ""21"": 3, ""22"": 1, ""3"": 713, ""34"": 1, ""4"": 67, ""6"": 366, ""7"": 272, ""9"": 79}",16380,382,2.3321123321123323,5,0.24703557312252963,0,0.0,2024,1992,0,0.0,0,0.0,0,214,533,747,0,747,747,1.0,0.0,1,71,10,80,1,81,81,1.0125,1.25,16,35.15026740002213,303558656
validation,stratum,flores200,ja,sp_unigram,16384,observed,32,5110,5110,1782,1547,3.3031674208144794,0.8681257014590348,0.30273972602739724,81,5.235940530058177,3.3031674208144794,3,6,12,"{""1"": 121, ""12"": 13, ""2"": 26, ""3"": 1213, ""4"": 2, ""6"": 138, ""9"": 34}",16380,539,3.2905982905982905,168,10.85972850678733,81,5.235940530058177,1547,1515,0,0.0,0,0.0,0,2,0,2,0,2,2,1.0,0.0,2,110,3,111,2,113,113,1.018018018018018,1.8018018018018018,9,35.15026740002213,303558656
validation,stratum,flores200,kn,sp_unigram,16384,observed,32,11326,11326,4264,2277,4.974088713219148,0.5340056285178236,0.20104185060921773,0,0.0,4.974088713219148,3,13,28,"{""1"": 356, ""10"": 35, ""12"": 59, ""13"": 42, ""15"": 35, ""16"": 21, ""18"": 25, ""19"": 4, ""2"": 27, ""21"": 10, ""22"": 7, ""24"": 1, ""28"": 1, ""3"": 866, ""4"": 130, ""6"": 487, ""7"": 35, ""9"": 136}",16380,336,2.051282051282051,4,0.1756697408871322,0,0.0,2277,2245,0,0.0,0,0.0,46,259,290,503,42,549,549,1.091451292246521,8.34990059642147,0,82,8,90,0,90,90,1.0,0.0,19,35.15026740002213,303558656
validation,stratum,flores200,ko,sp_unigram,16384,observed,32,4735,4735,2037,1761,2.6888131743327657,0.8645066273932254,0.37191129883843715,45,2.5553662691652472,2.6888131743327657,3,6,13,"{""1"": 496, ""10"": 2, ""13"": 2, ""2"": 44, ""3"": 1070, ""4"": 37, ""6"": 63, ""7"": 27, ""9"": 20}",16380,478,2.918192918192918,111,6.303236797274276,45,2.5553662691652472,1761,1729,0,0.0,0,0.0,0,347,83,430,0,430,430,1.0,0.0,4,74,5,75,3,79,81,1.0533333333333332,4.0,9,35.15026740002213,303558656
validation,stratum,flores200,ml,sp_unigram,16384,observed,32,11894,11894,4384,2427,4.900700453234446,0.5536040145985401,0.20405246342693795,0,0.0,4.900700453234446,3,13,39,"{""1"": 352, ""10"": 19, ""12"": 101, ""13"": 9, ""15"": 51, ""16"": 16, ""18"": 11, ""19"": 9, ""2"": 34, ""21"": 5, ""22"": 4, ""24"": 8, ""25"": 1, ""27"": 7, ""3"": 1139, ""31"": 1, ""34"": 1, ""36"": 1, ""39"": 1, ""4"": 94, ""6"": 334, ""7"": 16, ""9"": 213}",16380,322,1.9658119658119657,5,0.20601565718994644,0,0.0,2427,2395,0,0.0,0,0.0,5,262,185,442,5,447,447,1.01131221719457,1.1312217194570136,7,77,10,80,7,87,91,1.0875,8.75,21,35.15026740002213,303558656
validation,stratum,flores200,mr,sp_unigram,16384,observed,32,10965,10965,4109,2070,5.297101449275362,0.5037722073497202,0.18878248974008208,0,0.0,5.297101449275362,3,13,34,"{""1"": 277, ""10"": 54, ""12"": 67, ""13"": 57, ""15"": 43, ""16"": 13, ""18"": 4, ""19"": 14, ""2"": 22, ""21"": 1, ""22"": 9, ""24"": 4, ""25"": 2, ""28"": 2, ""3"": 801, ""34"": 1, ""4"": 60, ""6"": 411, ""7"": 124, ""9"": 104}",16380,423,2.5824175824175826,13,0.6280193236714976,0,0.0,2070,2038,0,0.0,0,0.0,1,198,346,543,1,544,544,1.0018416206261511,0.1841620626151013,6,74,9,78,6,84,88,1.0769230769230769,7.6923076923076925,19,35.15026740002213,303558656
validation,stratum,flores200,ru,sp_unigram,16384,observed,32,7654,7654,4261,2122,3.606974552309142,0.4980051631072518,0.2772406584792265,0,0.0,3.606974552309142,3,8,21,"{""1"": 284, ""10"": 19, ""11"": 24, ""12"": 5, ""13"": 8, ""14"": 1, ""15"": 2, ""17"": 3, ""19"": 1, ""2"": 660, ""21"": 2, ""3"": 157, ""4"": 540, ""5"": 114, ""6"": 152, ""7"": 70, ""8"": 47, ""9"": 33}",16380,460,2.808302808302808,2,0.0942507068803016,0,0.0,2122,2090,0,0.0,0,0.0,5,152,424,571,5,576,576,1.0087565674255692,0.8756567425569177,3,111,16,124,3,127,130,1.0241935483870968,2.4193548387096775,12,35.15026740002213,303558656
validation,stratum,flores200,sw,sp_unigram,16384,observed,32,4405,4405,4397,1831,2.405789186237029,0.4164202865590175,0.4156640181611805,0,0.0,2.405789186237029,2,5,10,"{""1"": 535, ""10"": 2, ""2"": 568, ""3"": 460, ""4"": 124, ""5"": 62, ""6"": 38, ""7"": 37, ""8"": 4, ""9"": 1}",16380,435,2.6556776556776556,4,0.2184598580010923,0,0.0,1831,1799,0,0.0,0,0.0,0,151,509,660,0,660,660,1.0,0.0,1,69,8,76,1,77,77,1.013157894736842,1.3157894736842106,7,35.15026740002213,303558656
validation,stratum,flores200,ta,sp_unigram,16384,observed,32,12193,12193,4517,2216,5.502256317689531,0.4905911002878016,0.18174362339046995,0,0.0,5.502256317689531,4,13,31,"{""1"": 338, ""10"": 22, ""12"": 96, ""13"": 28, ""15"": 31, ""16"": 21, ""18"": 23, ""19"": 13, ""2"": 30, ""21"": 5, ""22"": 1, ""24"": 1, ""25"": 1, ""28"": 4, ""3"": 695, ""31"": 2, ""4"": 108, ""6"": 459, ""7"": 33, ""9"": 305}",16380,324,1.978021978021978,9,0.40613718411552346,0,0.0,2216,2184,0,0.0,0,0.0,1,228,247,474,1,475,475,1.0021097046413503,0.2109704641350211,9,98,9,98,9,107,111,1.0918367346938775,9.183673469387756,19,35.15026740002213,303558656
validation,stratum,flores200,te,sp_unigram,16384,observed,32,10409,10409,3954,2096,4.966125954198473,0.530096105209914,0.20136420405418387,0,0.0,4.966125954198473,4,13,28,"{""1"": 355, ""10"": 16, ""12"": 44, ""13"": 27, ""15"": 14, ""16"": 26, ""18"": 17, ""19"": 9, ""2"": 42, ""21"": 7, ""22"": 3, ""25"": 4, ""28"": 1, ""3"": 648, ""4"": 101, ""6"": 617, ""7"": 24, ""9"": 141}",16380,374,2.283272283272283,12,0.5725190839694656,0,0.0,2096,2064,0,0.0,0,0.0,6,252,234,480,6,486,486,1.0125,1.25,7,82,10,85,7,92,92,1.0823529411764705,8.235294117647058,19,35.15026740002213,303558656
validation,stratum,flores200,uk,sp_unigram,16384,observed,32,7446,7446,4118,2180,3.4155963302752292,0.5293831957260806,0.29277464410421705,0,0.0,3.4155963302752292,3,7,17,"{""1"": 314, ""10"": 14, ""11"": 21, ""12"": 1, ""13"": 3, ""15"": 6, ""17"": 3, ""2"": 697, ""3"": 136, ""4"": 615, ""5"": 112, ""6"": 143, ""7"": 55, ""8"": 36, ""9"": 24}",16380,410,2.503052503052503,1,0.045871559633027525,0,0.0,2180,2148,0,0.0,0,0.0,0,189,366,555,0,555,555,1.0,0.0,1,112,13,124,1,125,126,1.0080645161290323,0.8064516129032258,11,35.15026740002213,303558656
validation,stratum,flores200,ur,sp_unigram,16384,observed,32,6879,6879,3892,1951,3.5258841619682215,0.5012846865364851,0.2836168047681349,0,0.0,3.5258841619682215,3,7,19,"{""1"": 195, ""10"": 6, ""11"": 8, ""12"": 4, ""16"": 1, ""19"": 2, ""2"": 725, ""3"": 136, ""4"": 323, ""5"": 286, ""6"": 51, ""7"": 180, ""8"": 18, ""9"": 16}",16380,369,2.2527472527472527,1,0.051255766273705795,0,0.0,1951,1919,0,0.0,0,0.0,0,165,628,793,0,793,793,1.0,0.0,1,57,15,71,1,72,72,1.0140845070422535,1.408450704225352,10,35.15026740002213,303558656
validation,stratum,flores200,yo,sp_unigram,16384,observed,32,5063,5063,3889,2514,2.0139220365950674,0.6464386731807663,0.49654355125419714,8,0.31821797931583135,2.0139220365950674,2,4,10,"{""1"": 964, ""10"": 1, ""2"": 967, ""3"": 319, ""4"": 176, ""5"": 56, ""6"": 12, ""7"": 10, ""8"": 9}",16380,365,2.2283272283272284,13,0.5171042163882259,8,0.31821797931583135,2514,2482,0,0.0,0,0.0,0,350,368,718,0,718,718,1.0,0.0,2,71,7,76,2,78,78,1.0263157894736843,2.6315789473684212,6,35.15026740002213,303558656
validation,stratum,flores200,zh,sp_unigram,16384,observed,32,3769,3769,1485,1370,2.7510948905109487,0.9225589225589226,0.36349164234544973,78,5.693430656934306,2.7510948905109487,3,3,9,"{""1"": 228, ""2"": 66, ""3"": 1018, ""4"": 1, ""6"": 54, ""9"": 3}",16380,612,3.7362637362637363,184,13.430656934306569,78,5.693430656934306,1370,1338,0,0.0,0,0.0,0,42,21,63,0,63,63,1.0,0.0,4,126,10,132,4,136,138,1.0303030303030303,3.0303030303030303,6,35.15026740002213,303558656
validation,language,,am,sp_unigram,16384,observed,32,6471,6471,2573,1753,3.6913861950941245,0.6813058686358336,0.2709009426672848,0,0.0,3.6913861950941245,3,7,18,"{""1"": 184, ""10"": 45, ""12"": 8, ""13"": 11, ""15"": 6, ""16"": 1, ""18"": 4, ""2"": 39, ""3"": 1059, ""4"": 169, ""6"": 124, ""7"": 91, ""9"": 12}",16380,369,2.2527472527472527,11,0.6274957216200798,0,0.0,1753,1721,0,0.0,0,0.0,0,157,329,486,0,486,486,1.0,0.0,1,48,28,75,1,76,76,1.0133333333333334,1.3333333333333333,13,35.15026740002213,303558656
validation,language,,ar,sp_unigram,16384,observed,32,6539,6539,3628,1908,3.4271488469601676,0.525909592061742,0.29178773512769535,10,0.5241090146750524,3.4271488469601676,3,7,16,"{""1"": 195, ""10"": 5, ""11"": 2, ""12"": 1, ""13"": 3, ""14"": 2, ""15"": 2, ""16"": 1, ""2"": 710, ""3"": 120, ""4"": 438, ""5"": 189, ""6"": 73, ""7"": 117, ""8"": 37, ""9"": 13}",16380,364,2.2222222222222223,18,0.9433962264150944,10,0.5241090146750524,1908,1876,0,0.0,0,0.0,0,129,452,581,0,581,581,1.0,0.0,1,69,18,86,1,87,88,1.0116279069767442,1.1627906976744187,9,35.15026740002213,303558656
validation,language,,bg,sp_unigram,16384,observed,32,7482,7482,4146,2039,3.6694458067680236,0.4917993246502653,0.27252071638599307,0,0.0,3.6694458067680236,4,8,17,"{""1"": 290, ""10"": 12, ""11"": 20, ""12"": 2, ""13"": 4, ""14"": 1, ""15"": 9, ""16"": 1, ""17"": 3, ""2"": 517, ""3"": 142, ""4"": 582, ""5"": 201, ""6"": 135, ""7"": 41, ""8"": 41, ""9"": 38}",16380,397,2.4236874236874235,1,0.04904364884747425,0,0.0,2039,2007,0,0.0,0,0.0,0,177,440,617,0,617,617,1.0,0.0,3,116,8,121,3,124,124,1.024793388429752,2.479338842975207,11,35.15026740002213,303558656
validation,language,,bn,sp_unigram,16384,observed,32,10772,10772,4028,2229,4.832660385823239,0.5533763654419066,0.20692536204975864,0,0.0,4.832660385823239,3,12,39,"{""1"": 286, ""10"": 55, ""12"": 35, ""13"": 49, ""15"": 15, ""16"": 20, ""18"": 4, ""19"": 9, ""2"": 12, ""21"": 2, ""22"": 6, ""24"": 1, ""25"": 1, ""27"": 1, ""28"": 1, ""3"": 1025, ""34"": 1, ""39"": 1, ""4"": 75, ""6"": 379, ""7"": 96, ""9"": 155}",16380,313,1.910866910866911,3,0.13458950201884254,0,0.0,2229,2197,0,0.0,0,0.0,2,240,320,558,2,560,560,1.003584229390681,0.35842293906810035,4,79,7,82,4,86,90,1.048780487804878,4.878048780487805,19,35.15026740002213,303558656
validation,language,,fa,sp_unigram,16384,observed,32,6879,6879,3885,1872,3.6746794871794872,0.48185328185328186,0.2721325774095072,0,0.0,3.6746794871794872,3,8,16,"{""1"": 267, ""10"": 8, ""11"": 13, ""12"": 7, ""13"": 7, ""15"": 3, ""16"": 3, ""2"": 542, ""3"": 129, ""4"": 399, ""5"": 220, ""6"": 90, ""7"": 108, ""8"": 26, ""9"": 50}",16380,435,2.6556776556776556,5,0.2670940170940171,0,0.0,1872,1840,0,0.0,0,0.0,0,190,510,700,0,700,700,1.0,0.0,4,94,14,104,4,108,108,1.0384615384615385,3.8461538461538463,12,35.15026740002213,303558656
validation,language,,gu,sp_unigram,16384,observed,32,9612,9612,3700,2137,4.497894244267665,0.5775675675675676,0.22232625884311277,0,0.0,4.497894244267665,3,10,28,"{""1"": 346, ""10"": 78, ""12"": 5, ""13"": 40, ""15"": 10, ""16"": 10, ""19"": 2, ""2"": 29, ""28"": 1, ""3"": 878, ""4"": 79, ""6"": 407, ""7"": 94, ""9"": 158}",16380,320,1.9536019536019535,7,0.32756200280767434,0,0.0,2137,2105,0,0.0,0,0.0,2,254,316,568,2,570,570,1.0035211267605635,0.352112676056338,11,79,10,78,9,89,91,1.141025641025641,11.538461538461538,15,35.15026740002213,303558656
validation,language,,hi,sp_unigram,16384,observed,32,10074,10074,3966,2024,4.9772727272727275,0.5103378719112456,0.2009132420091324,0,0.0,4.9772727272727275,3,10,34,"{""1"": 283, ""10"": 118, ""12"": 17, ""13"": 40, ""15"": 12, ""16"": 13, ""18"": 1, ""19"": 4, ""2"": 34, ""21"": 3, ""22"": 1, ""3"": 713, ""34"": 1, ""4"": 67, ""6"": 366, ""7"": 272, ""9"": 79}",16380,382,2.3321123321123323,5,0.24703557312252963,0,0.0,2024,1992,0,0.0,0,0.0,0,214,533,747,0,747,747,1.0,0.0,1,71,10,80,1,81,81,1.0125,1.25,16,35.15026740002213,303558656
validation,language,,ja,sp_unigram,16384,observed,32,5110,5110,1782,1547,3.3031674208144794,0.8681257014590348,0.30273972602739724,81,5.235940530058177,3.3031674208144794,3,6,12,"{""1"": 121, ""12"": 13, ""2"": 26, ""3"": 1213, ""4"": 2, ""6"": 138, ""9"": 34}",16380,539,3.2905982905982905,168,10.85972850678733,81,5.235940530058177,1547,1515,0,0.0,0,0.0,0,2,0,2,0,2,2,1.0,0.0,2,110,3,111,2,113,113,1.018018018018018,1.8018018018018018,9,35.15026740002213,303558656
validation,language,,kn,sp_unigram,16384,observed,32,11326,11326,4264,2277,4.974088713219148,0.5340056285178236,0.20104185060921773,0,0.0,4.974088713219148,3,13,28,"{""1"": 356, ""10"": 35, ""12"": 59, ""13"": 42, ""15"": 35, ""16"": 21, ""18"": 25, ""19"": 4, ""2"": 27, ""21"": 10, ""22"": 7, ""24"": 1, ""28"": 1, ""3"": 866, ""4"": 130, ""6"": 487, ""7"": 35, ""9"": 136}",16380,336,2.051282051282051,4,0.1756697408871322,0,0.0,2277,2245,0,0.0,0,0.0,46,259,290,503,42,549,549,1.091451292246521,8.34990059642147,0,82,8,90,0,90,90,1.0,0.0,19,35.15026740002213,303558656
validation,language,,ko,sp_unigram,16384,observed,32,4735,4735,2037,1761,2.6888131743327657,0.8645066273932254,0.37191129883843715,45,2.5553662691652472,2.6888131743327657,3,6,13,"{""1"": 496, ""10"": 2, ""13"": 2, ""2"": 44, ""3"": 1070, ""4"": 37, ""6"": 63, ""7"": 27, ""9"": 20}",16380,478,2.918192918192918,111,6.303236797274276,45,2.5553662691652472,1761,1729,0,0.0,0,0.0,0,347,83,430,0,430,430,1.0,0.0,4,74,5,75,3,79,81,1.0533333333333332,4.0,9,35.15026740002213,303558656
validation,language,,ml,sp_unigram,16384,observed,32,11894,11894,4384,2427,4.900700453234446,0.5536040145985401,0.20405246342693795,0,0.0,4.900700453234446,3,13,39,"{""1"": 352, ""10"": 19, ""12"": 101, ""13"": 9, ""15"": 51, ""16"": 16, ""18"": 11, ""19"": 9, ""2"": 34, ""21"": 5, ""22"": 4, ""24"": 8, ""25"": 1, ""27"": 7, ""3"": 1139, ""31"": 1, ""34"": 1, ""36"": 1, ""39"": 1, ""4"": 94, ""6"": 334, ""7"": 16, ""9"": 213}",16380,322,1.9658119658119657,5,0.20601565718994644,0,0.0,2427,2395,0,0.0,0,0.0,5,262,185,442,5,447,447,1.01131221719457,1.1312217194570136,7,77,10,80,7,87,91,1.0875,8.75,21,35.15026740002213,303558656
validation,language,,mr,sp_unigram,16384,observed,32,10965,10965,4109,2070,5.297101449275362,0.5037722073497202,0.18878248974008208,0,0.0,5.297101449275362,3,13,34,"{""1"": 277, ""10"": 54, ""12"": 67, ""13"": 57, ""15"": 43, ""16"": 13, ""18"": 4, ""19"": 14, ""2"": 22, ""21"": 1, ""22"": 9, ""24"": 4, ""25"": 2, ""28"": 2, ""3"": 801, ""34"": 1, ""4"": 60, ""6"": 411, ""7"": 124, ""9"": 104}",16380,423,2.5824175824175826,13,0.6280193236714976,0,0.0,2070,2038,0,0.0,0,0.0,1,198,346,543,1,544,544,1.0018416206261511,0.1841620626151013,6,74,9,78,6,84,88,1.0769230769230769,7.6923076923076925,19,35.15026740002213,303558656
validation,language,,ru,sp_unigram,16384,observed,32,7654,7654,4261,2122,3.606974552309142,0.4980051631072518,0.2772406584792265,0,0.0,3.606974552309142,3,8,21,"{""1"": 284, ""10"": 19, ""11"": 24, ""12"": 5, ""13"": 8, ""14"": 1, ""15"": 2, ""17"": 3, ""19"": 1, ""2"": 660, ""21"": 2, ""3"": 157, ""4"": 540, ""5"": 114, ""6"": 152, ""7"": 70, ""8"": 47, ""9"": 33}",16380,460,2.808302808302808,2,0.0942507068803016,0,0.0,2122,2090,0,0.0,0,0.0,5,152,424,571,5,576,576,1.0087565674255692,0.8756567425569177,3,111,16,124,3,127,130,1.0241935483870968,2.4193548387096775,12,35.15026740002213,303558656
validation,language,,sw,sp_unigram,16384,observed,32,4405,4405,4397,1831,2.405789186237029,0.4164202865590175,0.4156640181611805,0,0.0,2.405789186237029,2,5,10,"{""1"": 535, ""10"": 2, ""2"": 568, ""3"": 460, ""4"": 124, ""5"": 62, ""6"": 38, ""7"": 37, ""8"": 4, ""9"": 1}",16380,435,2.6556776556776556,4,0.2184598580010923,0,0.0,1831,1799,0,0.0,0,0.0,0,151,509,660,0,660,660,1.0,0.0,1,69,8,76,1,77,77,1.013157894736842,1.3157894736842106,7,35.15026740002213,303558656
validation,language,,ta,sp_unigram,16384,observed,32,12193,12193,4517,2216,5.502256317689531,0.4905911002878016,0.18174362339046995,0,0.0,5.502256317689531,4,13,31,"{""1"": 338, ""10"": 22, ""12"": 96, ""13"": 28, ""15"": 31, ""16"": 21, ""18"": 23, ""19"": 13, ""2"": 30, ""21"": 5, ""22"": 1, ""24"": 1, ""25"": 1, ""28"": 4, ""3"": 695, ""31"": 2, ""4"": 108, ""6"": 459, ""7"": 33, ""9"": 305}",16380,324,1.978021978021978,9,0.40613718411552346,0,0.0,2216,2184,0,0.0,0,0.0,1,228,247,474,1,475,475,1.0021097046413503,0.2109704641350211,9,98,9,98,9,107,111,1.0918367346938775,9.183673469387756,19,35.15026740002213,303558656
validation,language,,te,sp_unigram,16384,observed,32,10409,10409,3954,2096,4.966125954198473,0.530096105209914,0.20136420405418387,0,0.0,4.966125954198473,4,13,28,"{""1"": 355, ""10"": 16, ""12"": 44, ""13"": 27, ""15"": 14, ""16"": 26, ""18"": 17, ""19"": 9, ""2"": 42, ""21"": 7, ""22"": 3, ""25"": 4, ""28"": 1, ""3"": 648, ""4"": 101, ""6"": 617, ""7"": 24, ""9"": 141}",16380,374,2.283272283272283,12,0.5725190839694656,0,0.0,2096,2064,0,0.0,0,0.0,6,252,234,480,6,486,486,1.0125,1.25,7,82,10,85,7,92,92,1.0823529411764705,8.235294117647058,19,35.15026740002213,303558656
validation,language,,uk,sp_unigram,16384,observed,32,7446,7446,4118,2180,3.4155963302752292,0.5293831957260806,0.29277464410421705,0,0.0,3.4155963302752292,3,7,17,"{""1"": 314, ""10"": 14, ""11"": 21, ""12"": 1, ""13"": 3, ""15"": 6, ""17"": 3, ""2"": 697, ""3"": 136, ""4"": 615, ""5"": 112, ""6"": 143, ""7"": 55, ""8"": 36, ""9"": 24}",16380,410,2.503052503052503,1,0.045871559633027525,0,0.0,2180,2148,0,0.0,0,0.0,0,189,366,555,0,555,555,1.0,0.0,1,112,13,124,1,125,126,1.0080645161290323,0.8064516129032258,11,35.15026740002213,303558656
validation,language,,ur,sp_unigram,16384,observed,32,6879,6879,3892,1951,3.5258841619682215,0.5012846865364851,0.2836168047681349,0,0.0,3.5258841619682215,3,7,19,"{""1"": 195, ""10"": 6, ""11"": 8, ""12"": 4, ""16"": 1, ""19"": 2, ""2"": 725, ""3"": 136, ""4"": 323, ""5"": 286, ""6"": 51, ""7"": 180, ""8"": 18, ""9"": 16}",16380,369,2.2527472527472527,1,0.051255766273705795,0,0.0,1951,1919,0,0.0,0,0.0,0,165,628,793,0,793,793,1.0,0.0,1,57,15,71,1,72,72,1.0140845070422535,1.408450704225352,10,35.15026740002213,303558656
validation,language,,yo,sp_unigram,16384,observed,32,5063,5063,3889,2514,2.0139220365950674,0.6464386731807663,0.49654355125419714,8,0.31821797931583135,2.0139220365950674,2,4,10,"{""1"": 964, ""10"": 1, ""2"": 967, ""3"": 319, ""4"": 176, ""5"": 56, ""6"": 12, ""7"": 10, ""8"": 9}",16380,365,2.2283272283272284,13,0.5171042163882259,8,0.31821797931583135,2514,2482,0,0.0,0,0.0,0,350,368,718,0,718,718,1.0,0.0,2,71,7,76,2,78,78,1.0263157894736843,2.6315789473684212,6,35.15026740002213,303558656
validation,language,,zh,sp_unigram,16384,observed,32,3769,3769,1485,1370,2.7510948905109487,0.9225589225589226,0.36349164234544973,78,5.693430656934306,2.7510948905109487,3,3,9,"{""1"": 228, ""2"": 66, ""3"": 1018, ""4"": 1, ""6"": 54, ""9"": 3}",16380,612,3.7362637362637363,184,13.430656934306569,78,5.693430656934306,1370,1338,0,0.0,0,0.0,0,42,21,63,0,63,63,1.0,0.0,4,126,10,132,4,136,138,1.0303030303030303,3.0303030303030303,6,35.15026740002213,303558656
validation,domain,flores200,,sp_unigram,16384,observed,640,159677,159677,73015,40324,3.959850213272493,0.5522700814901048,0.2525348046368607,222,0.5505406209701419,3.959850213272493,3,10,39,"{""1"": 6666, ""10"": 511, ""11"": 88, ""12"": 465, ""13"": 330, ""14"": 4, ""15"": 239, ""16"": 147, ""17"": 9, ""18"": 89, ""19"": 67, ""2"": 5791, ""21"": 35, ""22"": 31, ""24"": 15, ""25"": 9, ""27"": 8, ""28"": 10, ""3"": 12724, ""31"": 3, ""34"": 4, ""36"": 1, ""39"": 2, ""4"": 4120, ""5"": 1240, ""6"": 4533, ""7"": 1430, ""8"": 218, ""9"": 1535}",16380,5556,33.91941391941392,577,1.4309096319809542,222,0.5505406209701419,40324,39684,0,0.0,0,0.0,68,3958,6601,10491,64,10559,10559,1.006481746258698,0.6100467067009818,72,1699,218,1846,69,1918,1945,1.039003250270856,3.7378114842903574,16,35.15026740002213,303558656
validation,aggregate,,,sp_unigram,16384,observed,640,159677,159677,73015,40324,3.959850213272493,0.5522700814901048,0.2525348046368607,222,0.5505406209701419,3.959850213272493,3,10,39,"{""1"": 6666, ""10"": 511, ""11"": 88, ""12"": 465, ""13"": 330, ""14"": 4, ""15"": 239, ""16"": 147, ""17"": 9, ""18"": 89, ""19"": 67, ""2"": 5791, ""21"": 35, ""22"": 31, ""24"": 15, ""25"": 9, ""27"": 8, ""28"": 10, ""3"": 12724, ""31"": 3, ""34"": 4, ""36"": 1, ""39"": 2, ""4"": 4120, ""5"": 1240, ""6"": 4533, ""7"": 1430, ""8"": 218, ""9"": 1535}",16380,5556,33.91941391941392,577,1.4309096319809542,222,0.5505406209701419,40324,39684,0,0.0,0,0.0,68,3958,6601,10491,64,10559,10559,1.006481746258698,0.6100467067009818,72,1699,218,1846,69,1918,1945,1.039003250270856,3.7378114842903574,16,35.15026740002213,303558656
train,stratum,code,c,boundary_bpe,16384,observed,32,51063,51063,51060,23620,2.1618543607112617,0.4625930278104191,0.4625658500283963,0,0.0,2.1618543607112617,1,7,64,"{""1"": 13810, ""10"": 109, ""11"": 62, ""12"": 10, ""13"": 7, ""14"": 29, ""15"": 8, ""16"": 17, ""2"": 3851, ""3"": 2357, ""32"": 21, ""39"": 1, ""4"": 1190, ""42"": 1, ""5"": 606, ""6"": 607, ""64"": 6, ""7"": 427, ""8"": 368, ""9"": 133}",16380,1754,10.708180708180707,63,0.26672311600338694,0,0.0,23620,23588,0,0.0,0,0.0,3814,9740,0,5926,1126,9740,9740,1.6436044549443132,19.001012487343907,103,2460,1577,4093,55,4196,6116,1.0251649157097484,1.3437576349865625,10,81.80001249999623,1185681408
train,stratum,code,cpp,boundary_bpe,16384,observed,32,54217,54217,54213,24183,2.24194682214779,0.4460738199324885,0.4460409096777763,0,0.0,2.24194682214779,1,7,64,"{""1"": 13703, ""10"": 59, ""11"": 58, ""12"": 19, ""13"": 3, ""14"": 2, ""15"": 2, ""17"": 27, ""19"": 16, ""2"": 3930, ""23"": 13, ""3"": 2334, ""32"": 9, ""39"": 1, ""4"": 1329, ""42"": 2, ""5"": 838, ""6"": 779, ""64"": 5, ""7"": 473, ""8"": 414, ""9"": 167}",16380,1866,11.391941391941392,45,0.18608113137327875,0,0.0,24183,24151,0,0.0,0,0.0,4223,9575,0,5352,1007,9575,9575,1.789050822122571,18.815396113602393,156,2698,1757,4478,138,4634,6268,1.0348369807949978,3.0817329164805716,9,81.80001249999623,1185681408
train,stratum,code,go,boundary_bpe,16384,observed,32,56813,56813,56813,24780,2.2926957223567395,0.4361677785013993,0.4361677785013993,0,0.0,2.2926957223567395,1,6,42,"{""1"": 13517, ""10"": 51, ""11"": 60, ""12"": 93, ""13"": 18, ""2"": 4081, ""28"": 6, ""3"": 2648, ""32"": 9, ""33"": 21, ""4"": 1578, ""42"": 8, ""5"": 791, ""6"": 993, ""7"": 434, ""8"": 326, ""9"": 146}",16380,1701,10.384615384615385,52,0.20984665052461662,0,0.0,24780,24748,0,0.0,0,0.0,2645,9031,0,6386,1489,9031,9031,1.414187284685249,23.316630128405887,140,3415,1669,5404,122,5544,6454,1.0259067357512954,2.2575869726128794,10,81.80001249999623,1185681408
train,stratum,code,java,boundary_bpe,16384,observed,32,43999,43999,43605,18176,2.42071963028169,0.41683293200321064,0.4131002977340394,0,0.0,2.42071963028169,1,7,64,"{""1"": 10215, ""10"": 78, ""11"": 63, ""12"": 4, ""13"": 5, ""15"": 17, ""16"": 5, ""18"": 17, ""2"": 2293, ""20"": 29, ""22"": 14, ""3"": 1727, ""32"": 4, ""37"": 13, ""4"": 1352, ""42"": 4, ""5"": 659, ""6"": 931, ""64"": 2, ""7"": 392, ""8"": 204, ""9"": 148}",16380,1602,9.780219780219781,60,0.3301056338028169,0,0.0,18176,18144,0,0.0,0,0.0,3819,7594,0,3775,864,7594,7594,2.011655629139073,22.887417218543046,97,1944,1193,3273,87,3370,4145,1.02963641918729,2.6581118240146653,10,81.80001249999623,1185681408
train,stratum,code,javascript,boundary_bpe,16384,observed,32,38980,38980,38152,19242,2.0257769462633823,0.5043510169846928,0.4936377629553617,0,0.0,2.0257769462633823,1,6,16,"{""1"": 11019, ""10"": 38, ""11"": 15, ""16"": 18, ""2"": 3783, ""3"": 1655, ""4"": 948, ""5"": 668, ""6"": 606, ""7"": 219, ""8"": 161, ""9"": 112}",16380,1546,9.438339438339439,44,0.22866645878806777,0,0.0,19242,19210,0,0.0,0,0.0,3746,7448,0,3702,730,7448,7448,2.011885467314965,19.719070772555376,265,2916,1382,4230,222,4495,5941,1.0626477541371158,5.24822695035461,8,81.80001249999623,1185681408
train,stratum,code,python,boundary_bpe,16384,observed,32,48487,48487,48387,23726,2.043623029587794,0.49033831400996136,0.4893270361127725,0,0.0,2.043623029587794,1,6,42,"{""1"": 14405, ""10"": 49, ""11"": 22, ""12"": 1, ""13"": 19, ""15"": 2, ""16"": 18, ""2"": 3397, ""3"": 2142, ""32"": 4, ""4"": 1416, ""42"": 2, ""5"": 815, ""6"": 830, ""7"": 313, ""8"": 188, ""9"": 103}",16380,1716,10.476190476190476,48,0.202309702436146,0,0.0,23726,23694,0,0.0,0,0.0,6151,10776,0,4625,889,10776,10776,2.329945945945946,19.221621621621622,262,2605,1427,3862,204,4124,5228,1.0678404971517348,5.282237182806836,8,81.80001249999623,1185681408
train,stratum,code,rust,boundary_bpe,16384,observed,32,56922,56922,56922,29065,1.958437983829348,0.5106110115596781,0.5106110115596781,0,0.0,1.958437983829348,1,5,42,"{""1"": 17681, ""10"": 19, ""11"": 59, ""13"": 3, ""14"": 3, ""17"": 15, ""2"": 4236, ""3"": 3206, ""4"": 1539, ""42"": 3, ""5"": 1051, ""6"": 607, ""7"": 408, ""8"": 174, ""9"": 61}",16380,1743,10.64102564102564,64,0.22019611216239462,0,0.0,29065,29033,0,0.0,0,0.0,7003,13231,0,6228,1138,13231,13231,2.1244380218368657,18.2723185613359,187,4004,1788,5827,150,6014,8582,1.0320919855843487,2.574223442594817,8,81.80001249999623,1185681408
train,stratum,code,sql,boundary_bpe,16384,observed,32,36373,36373,36088,16831,2.161071831739053,0.4663877189093327,0.4627333461633629,0,0.0,2.161071831739053,1,6,64,"{""1"": 9481, ""10"": 64, ""11"": 18, ""12"": 6, ""13"": 1, ""14"": 8, ""15"": 14, ""16"": 18, ""17"": 1, ""2"": 3048, ""20"": 24, ""25"": 15, ""3"": 1733, ""32"": 7, ""4"": 865, ""5"": 539, ""6"": 479, ""64"": 1, ""7"": 268, ""8"": 170, ""9"": 71}",16380,1391,8.492063492063492,58,0.3446022220901907,0,0.0,16831,16799,0,0.0,0,0.0,2730,6655,0,3925,609,6655,6655,1.6955414012738854,15.51592356687898,116,1835,1273,3103,100,3219,4498,1.0373831775700935,3.222687721559781,10,81.80001249999623,1185681408
train,stratum,code,typescript,boundary_bpe,16384,observed,32,43989,43989,43698,19684,2.2347591952855113,0.4504553984164035,0.44747550523994634,0,0.0,2.2347591952855113,1,7,42,"{""1"": 11527, ""10"": 58, ""11"": 28, ""13"": 56, ""14"": 46, ""16"": 1, ""2"": 2877, ""3"": 1492, ""32"": 1, ""4"": 1263, ""42"": 2, ""5"": 718, ""6"": 746, ""7"": 452, ""8"": 195, ""9"": 222}",16380,1614,9.853479853479854,42,0.21337126600284495,0,0.0,19684,19652,0,0.0,0,0.0,4130,8393,0,4263,984,8393,8393,1.9688013136288998,23.082336382828995,140,2463,906,3292,127,3432,4406,1.0425273390036451,3.8578371810449577,9,81.80001249999623,1185681408
train,stratum,cyrillic_african,am,boundary_bpe,16384,observed,32,147317,147317,59501,43807,3.3628643824046387,0.7362397270634107,0.2973655450491118,0,0.0,3.3628643824046387,3,8,18,"{""1"": 12177, ""11"": 13, ""12"": 292, ""15"": 142, ""18"": 26, ""2"": 741, ""3"": 19979, ""4"": 105, ""5"": 127, ""6"": 8455, ""7"": 5, ""8"": 49, ""9"": 1696}",16380,1171,7.148962148962149,161,0.3675211724153674,0,0.0,43807,43775,0,0.0,0,0.0,0,11206,0,11206,0,11206,11206,1.0,0.0,98,1508,686,2105,89,2203,2807,1.0465558194774347,4.228028503562945,12,81.80001249999623,1185681408
train,stratum,cyrillic_african,bg,boundary_bpe,16384,observed,32,102609,102609,58537,32009,3.205629666656253,0.5468165433828177,0.3119511933651044,0,0.0,3.205629666656253,3,8,16,"{""1"": 10434, ""10"": 494, ""12"": 150, ""16"": 4, ""2"": 5373, ""3"": 719, ""4"": 9765, ""5"": 275, ""6"": 3140, ""7"": 47, ""8"": 1608}",16380,1322,8.07081807081807,32,0.09997188290793214,0,0.0,32009,31977,0,0.0,0,0.0,0,8973,0,8973,0,8973,8973,1.0,0.0,57,1149,873,1976,48,2033,2303,1.0288461538461537,2.42914979757085,10,81.80001249999623,1185681408
train,stratum,cyrillic_african,ru,boundary_bpe,16384,observed,32,106212,106212,58870,30519,3.4801926668632657,0.5184134533718362,0.2873404135125974,0,0.0,3.4801926668632657,4,8,16,"{""1"": 8908, ""10"": 690, ""11"": 2, ""12"": 198, ""13"": 14, ""14"": 48, ""16"": 44, ""2"": 5170, ""3"": 490, ""4"": 9026, ""5"": 182, ""6"": 4173, ""7"": 11, ""8"": 1558, ""9"": 5}",16380,1234,7.5335775335775335,36,0.11795930404010617,0,0.0,30519,30487,0,0.0,0,0.0,0,7811,0,7811,0,7811,7811,1.0,0.0,32,1027,635,1640,28,1672,1917,1.0195121951219512,1.7073170731707317,11,81.80001249999623,1185681408
train,stratum,cyrillic_african,sw,boundary_bpe,16384,observed,32,62449,62449,62216,32038,1.9492165553405332,0.5149479233637649,0.5130266297298596,0,0.0,1.9492165553405332,2,4,11,"{""1"": 14302, ""10"": 15, ""11"": 1, ""2"": 9460, ""3"": 5443, ""4"": 1959, ""5"": 376, ""6"": 402, ""7"": 43, ""8"": 25, ""9"": 12}",16380,1273,7.771672771672772,59,0.1841563143766777,0,0.0,32038,32006,0,0.0,0,0.0,5,9106,0,9101,5,9106,9106,1.0005493901769036,0.054939017690363696,52,702,780,1448,51,1500,1753,1.0359116022099448,3.522099447513812,6,81.80001249999623,1185681408
train,stratum,cyrillic_african,uk,boundary_bpe,16384,observed,32,95676,95676,53182,29177,3.279158241080303,0.5486254747847016,0.304956310882562,0,0.0,3.279158241080303,4,8,16,"{""1"": 8269, ""10"": 388, ""12"": 90, ""14"": 15, ""16"": 8, ""2"": 5554, ""3"": 496, ""4"": 9429, ""5"": 182, ""6"": 3537, ""7"": 17, ""8"": 1182, ""9"": 10}",16380,1151,7.026862026862027,34,0.11653014360626521,0,0.0,29177,29145,0,0.0,0,0.0,0,7093,0,7093,0,7093,7093,1.0,0.0,28,1168,679,1849,27,1877,2167,1.0151433207138993,1.460248783126014,10,81.80001249999623,1185681408
train,stratum,cyrillic_african,yo,boundary_bpe,16384,observed,32,69432,69432,59766,32184,2.157345264727815,0.5385001505872904,0.4635326650535776,0,0.0,2.157345264727815,2,6,15,"{""1"": 15572, ""10"": 34, ""11"": 70, ""14"": 2, ""15"": 34, ""2"": 7120, ""3"": 4435, ""4"": 2483, ""5"": 717, ""6"": 1143, ""7"": 357, ""8"": 160, ""9"": 57}",16380,1200,7.326007326007326,59,0.18332090479741486,0,0.0,32184,32152,0,0.0,0,0.0,0,11487,0,11487,0,11487,11487,1.0,0.0,15,855,730,1592,15,1607,1859,1.0094221105527639,0.9422110552763819,8,81.80001249999623,1185681408
train,stratum,indic_cjk_arabic,ar,boundary_bpe,16384,observed,32,97740,97740,54940,32478,3.0094217624237944,0.5911539861667273,0.33228974831184777,0,0.0,3.0094217624237944,2,6,14,"{""1"": 9581, ""10"": 164, ""12"": 95, ""14"": 29, ""2"": 7788, ""3"": 386, ""4"": 9865, ""5"": 79, ""6"": 3763, ""7"": 18, ""8"": 710}",16380,1048,6.398046398046398,58,0.17858242502617155,0,0.0,32478,32446,0,0.0,0,0.0,0,8838,0,8838,0,8838,8838,1.0,0.0,56,994,485,1426,56,1482,1757,1.0392706872370268,3.9270687237026647,8,81.80001249999623,1185681408
train,stratum,indic_cjk_arabic,bn,boundary_bpe,16384,observed,32,152004,152004,58399,32348,4.699023123531594,0.5539135944108632,0.21281018920554723,0,0.0,4.699023123531594,3,12,39,"{""1"": 9291, ""12"": 1539, ""13"": 16, ""15"": 538, ""18"": 126, ""2"": 405, ""21"": 84, ""24"": 43, ""3"": 7955, ""30"": 17, ""33"": 29, ""39"": 14, ""4"": 73, ""5"": 158, ""6"": 8465, ""7"": 4, ""8"": 4, ""9"": 3587}",16380,929,5.671550671550672,88,0.27204154816371956,0,0.0,32348,32316,0,0.0,0,0.0,0,8515,0,8515,0,8515,8515,1.0,0.0,27,1008,444,1429,25,1456,1661,1.01889433170049,1.7494751574527643,15,81.80001249999623,1185681408
train,stratum,indic_cjk_arabic,fa,boundary_bpe,16384,observed,32,93798,93798,52677,29773,3.150438316595573,0.5651992330618676,0.31741614959807246,0,0.0,3.150438316595573,2,8,15,"{""1"": 10414, ""10"": 364, ""11"": 55, ""12"": 78, ""13"": 23, ""14"": 101, ""15"": 13, ""2"": 5275, ""3"": 318, ""4"": 8237, ""5"": 130, ""6"": 3427, ""7"": 181, ""8"": 1049, ""9"": 108}",16380,970,5.921855921855922,25,0.083968696469956,0,0.0,29773,29741,0,0.0,0,0.0,0,9930,0,9930,0,9930,9930,1.0,0.0,36,665,538,1169,23,1205,1405,1.0307955517536356,1.9674935842600514,10,81.80001249999623,1185681408
train,stratum,indic_cjk_arabic,gu,boundary_bpe,16384,observed,32,146974,146974,58881,34059,4.315276432073754,0.578437866204718,0.23173486466994161,0,0.0,4.315276432073754,3,9,24,"{""1"": 10813, ""10"": 74, ""12"": 887, ""15"": 367, ""18"": 251, ""2"": 698, ""21"": 47, ""24"": 15, ""3"": 7791, ""4"": 118, ""5"": 46, ""6"": 9335, ""7"": 305, ""8"": 17, ""9"": 3295}",16380,1061,6.4774114774114775,85,0.24956692797792066,0,0.0,34059,34027,0,0.0,0,0.0,0,9723,0,9723,0,9723,9723,1.0,0.0,41,686,715,1374,37,1415,1630,1.029839883551674,2.692867540029112,15,81.80001249999623,1185681408
train,stratum,indic_cjk_arabic,hi,boundary_bpe,16384,observed,32,153237,153237,61359,35139,4.360881072312814,0.5726788246223048,0.22931145872080502,0,0.0,4.360881072312814,3,12,24,"{""1"": 12684, ""10"": 70, ""11"": 22, ""12"": 1478, ""15"": 474, ""18"": 148, ""2"": 541, ""24"": 12, ""3"": 5721, ""4"": 81, ""5"": 69, ""6"": 10454, ""7"": 144, ""8"": 2, ""9"": 3239}",16380,1173,7.1611721611721615,34,0.09675858732462506,0,0.0,35139,35107,0,0.0,0,0.0,0,11810,0,11810,0,11810,11810,1.0,0.0,23,784,684,1447,23,1470,1692,1.0158949550794747,1.5894955079474775,15,81.80001249999623,1185681408
train,stratum,indic_cjk_arabic,ja,boundary_bpe,16384,observed,32,142468,142468,61333,42969,3.3155996183294936,0.7005853292680938,0.3016045708509981,0,0.0,3.3155996183294936,3,7,37,"{""1"": 8611, ""10"": 46, ""12"": 445, ""15"": 175, ""18"": 109, ""2"": 3298, ""27"": 13, ""3"": 23019, ""30"": 25, ""37"": 13, ""4"": 433, ""5"": 120, ""6"": 5275, ""7"": 105, ""8"": 20, ""9"": 1262}",16380,3116,19.023199023199023,1260,2.9323465754381064,0,0.0,42969,42937,0,0.0,0,0.0,0,4436,0,4436,0,4436,4436,1.0,0.0,269,2874,1393,4082,230,4351,4644,1.0658990690837824,5.634492895639393,12,81.80001249999623,1185681408
train,stratum,indic_cjk_arabic,kn,boundary_bpe,16384,observed,32,153841,153841,60531,32613,4.717168000490602,0.5387817812360609,0.21199160171865758,0,0.0,4.717168000490602,3,12,27,"{""1"": 9002, ""10"": 106, ""12"": 1682, ""13"": 23, ""15"": 634, ""18"": 353, ""19"": 20, ""2"": 1013, ""21"": 15, ""22"": 35, ""24"": 52, ""27"": 13, ""3"": 8330, ""4"": 209, ""5"": 45, ""6"": 7725, ""7"": 126, ""8"": 11, ""9"": 3219}",16380,1214,7.411477411477412,100,0.30662619200932145,0,0.0,32613,32581,0,0.0,0,0.0,0,7243,0,7243,0,7243,7243,1.0,0.0,25,698,744,1423,22,1448,1662,1.017568517217147,1.5460295151089247,18,81.80001249999623,1185681408
train,stratum,indic_cjk_arabic,ko,boundary_bpe,16384,observed,32,118352,118352,51206,42213,2.803686068272807,0.8243760496816779,0.3566733135054752,0,0.0,2.803686068272807,3,6,15,"{""1"": 12849, ""10"": 105, ""12"": 156, ""13"": 34, ""15"": 64, ""2"": 848, ""3"": 23448, ""4"": 309, ""5"": 48, ""6"": 3699, ""7"": 199, ""8"": 10, ""9"": 444}",16380,1801,10.995115995115995,990,2.3452490938810318,0,0.0,42213,42181,0,0.0,0,0.0,1,11053,0,11052,1,11053,11053,1.0000904813608396,0.009048136083966703,93,1435,1067,2443,87,2536,2934,1.0380679492427343,3.5611952517396643,9,81.80001249999623,1185681408
train,stratum,indic_cjk_arabic,ml,boundary_bpe,16384,observed,32,137273,137273,52226,26365,5.20663758771098,0.5048251828591123,0.19206253232609471,0,0.0,5.20663758771098,3,12,33,"{""1"": 5958, ""10"": 22, ""12"": 1754, ""13"": 14, ""15"": 673, ""16"": 19, ""18"": 163, ""2"": 598, ""21"": 127, ""24"": 51, ""27"": 77, ""3"": 7452, ""30"": 13, ""33"": 14, ""4"": 234, ""5"": 68, ""6"": 5678, ""7"": 113, ""8"": 10, ""9"": 3327}",16380,996,6.08058608058608,68,0.25791769391238384,0,0.0,26365,26333,0,0.0,0,0.0,0,5197,0,5197,0,5197,5197,1.0,0.0,16,527,660,1173,16,1189,1378,1.0136402387041774,1.3640238704177323,21,81.80001249999623,1185681408
train,stratum,indic_cjk_arabic,mr,boundary_bpe,16384,observed,32,145113,145113,56571,29502,4.918751271100264,0.521503950787506,0.20330363234169233,0,0.0,4.918751271100264,3,12,33,"{""1"": 8742, ""10"": 140, ""11"": 1, ""12"": 1635, ""13"": 49, ""15"": 557, ""18"": 360, ""2"": 579, ""21"": 66, ""24"": 35, ""27"": 23, ""3"": 5683, ""33"": 13, ""4"": 150, ""5"": 42, ""6"": 8365, ""7"": 80, ""8"": 13, ""9"": 2969}",16380,1261,7.698412698412699,64,0.2169344451223646,0,0.0,29502,29470,0,0.0,0,0.0,0,7780,0,7780,0,7780,7780,1.0,0.0,29,725,618,1323,26,1352,1551,1.0219198790627362,1.965230536659108,18,81.80001249999623,1185681408
train,stratum,indic_cjk_arabic,ta,boundary_bpe,16384,observed,32,140738,140738,53567,25945,5.424474850645597,0.4843467059943622,0.18434964259830322,0,0.0,5.424474850645597,6,15,27,"{""1"": 6680, ""10"": 55, ""12"": 1944, ""15"": 805, ""16"": 35, ""18"": 328, ""2"": 492, ""21"": 106, ""24"": 17, ""25"": 13, ""27"": 16, ""3"": 5205, ""4"": 154, ""5"": 19, ""6"": 6518, ""7"": 94, ""8"": 2, ""9"": 3462}",16380,874,5.3357753357753355,24,0.09250337251878975,0,0.0,25945,25913,0,0.0,0,0.0,0,5791,0,5791,0,5791,5791,1.0,0.0,46,775,610,1357,38,1403,1788,1.0338983050847457,2.800294767870302,18,81.80001249999623,1185681408
train,stratum,indic_cjk_arabic,te,boundary_bpe,16384,observed,32,158103,158103,60933,32378,4.883037865217123,0.5313705217205783,0.2047905479339418,0,0.0,4.883037865217123,3,12,30,"{""1"": 8534, ""10"": 157, ""12"": 1586, ""13"": 13, ""15"": 584, ""18"": 215, ""19"": 25, ""2"": 697, ""21"": 89, ""22"": 23, ""24"": 31, ""27"": 26, ""3"": 7154, ""30"": 14, ""4"": 78, ""5"": 43, ""6"": 9845, ""7"": 187, ""8"": 3, ""9"": 3074}",16380,1040,6.349206349206349,65,0.20075359812218171,0,0.0,32378,32346,0,0.0,0,0.0,0,7488,0,7488,0,7488,7488,1.0,0.0,31,883,728,1580,29,1611,1939,1.019620253164557,1.8354430379746836,18,81.80001249999623,1185681408
train,stratum,indic_cjk_arabic,ur,boundary_bpe,16384,observed,32,112341,112341,64366,37637,2.9848553285330923,0.5847341764285492,0.3350246125635342,0,0.0,2.9848553285330923,2,8,20,"{""1"": 14178, ""10"": 296, ""12"": 135, ""14"": 66, ""2"": 6514, ""20"": 13, ""3"": 230, ""4"": 10660, ""5"": 60, ""6"": 4052, ""7"": 39, ""8"": 1390, ""9"": 4}",16380,1195,7.295482295482295,67,0.17801631373382576,0,0.0,37637,37605,0,0.0,0,0.0,0,13545,0,13545,0,13545,13545,1.0,0.0,28,955,595,1527,26,1555,1777,1.0183366077275704,1.7026850032743943,10,81.80001249999623,1185681408
train,stratum,indic_cjk_arabic,zh,boundary_bpe,16384,observed,32,130086,130086,53452,40738,3.193234817615003,0.762141734640425,0.3131620620205095,0,0.0,3.193234817615003,3,6,269,"{""1"": 6921, ""10"": 101, ""12"": 280, ""15"": 99, ""18"": 13, ""191"": 1, ""2"": 1644, ""21"": 38, ""269"": 17, ""3"": 27173, ""4"": 574, ""5"": 122, ""6"": 3279, ""7"": 36, ""8"": 85, ""9"": 355}",16380,3721,22.716727716727718,2941,7.219303844076784,0,0.0,40738,40706,0,0.0,0,0.0,0,3755,0,3755,0,3755,3755,1.0,0.0,135,2461,764,3235,127,3370,3602,1.0417310664605872,3.9258114374034,12,81.80001249999623,1185681408
train,stratum,latin_english,en,boundary_bpe,16384,observed,32,59492,59492,59076,28425,2.0929463500439756,0.48115986187284177,0.47779533382639683,0,0.0,2.0929463500439756,2,5,16,"{""1"": 13165, ""10"": 11, ""11"": 9, ""12"": 1, ""16"": 13, ""2"": 6379, ""3"": 5058, ""4"": 2228, ""5"": 811, ""6"": 410, ""7"": 228, ""8"": 65, ""9"": 47}",16380,1818,11.098901098901099,74,0.26033421284080915,0,0.0,28425,28393,0,0.0,0,0.0,3,9301,0,9298,3,9301,9301,1.000322650032265,0.032265003226500326,66,1000,803,1764,61,1830,2096,1.0374149659863945,3.4580498866213154,7,81.80001249999623,1185681408
train,language,,am,boundary_bpe,16384,observed,32,147317,147317,59501,43807,3.3628643824046387,0.7362397270634107,0.2973655450491118,0,0.0,3.3628643824046387,3,8,18,"{""1"": 12177, ""11"": 13, ""12"": 292, ""15"": 142, ""18"": 26, ""2"": 741, ""3"": 19979, ""4"": 105, ""5"": 127, ""6"": 8455, ""7"": 5, ""8"": 49, ""9"": 1696}",16380,1171,7.148962148962149,161,0.3675211724153674,0,0.0,43807,43775,0,0.0,0,0.0,0,11206,0,11206,0,11206,11206,1.0,0.0,98,1508,686,2105,89,2203,2807,1.0465558194774347,4.228028503562945,12,81.80001249999623,1185681408
train,language,,ar,boundary_bpe,16384,observed,32,97740,97740,54940,32478,3.0094217624237944,0.5911539861667273,0.33228974831184777,0,0.0,3.0094217624237944,2,6,14,"{""1"": 9581, ""10"": 164, ""12"": 95, ""14"": 29, ""2"": 7788, ""3"": 386, ""4"": 9865, ""5"": 79, ""6"": 3763, ""7"": 18, ""8"": 710}",16380,1048,6.398046398046398,58,0.17858242502617155,0,0.0,32478,32446,0,0.0,0,0.0,0,8838,0,8838,0,8838,8838,1.0,0.0,56,994,485,1426,56,1482,1757,1.0392706872370268,3.9270687237026647,8,81.80001249999623,1185681408
train,language,,bg,boundary_bpe,16384,observed,32,102609,102609,58537,32009,3.205629666656253,0.5468165433828177,0.3119511933651044,0,0.0,3.205629666656253,3,8,16,"{""1"": 10434, ""10"": 494, ""12"": 150, ""16"": 4, ""2"": 5373, ""3"": 719, ""4"": 9765, ""5"": 275, ""6"": 3140, ""7"": 47, ""8"": 1608}",16380,1322,8.07081807081807,32,0.09997188290793214,0,0.0,32009,31977,0,0.0,0,0.0,0,8973,0,8973,0,8973,8973,1.0,0.0,57,1149,873,1976,48,2033,2303,1.0288461538461537,2.42914979757085,10,81.80001249999623,1185681408
train,language,,bn,boundary_bpe,16384,observed,32,152004,152004,58399,32348,4.699023123531594,0.5539135944108632,0.21281018920554723,0,0.0,4.699023123531594,3,12,39,"{""1"": 9291, ""12"": 1539, ""13"": 16, ""15"": 538, ""18"": 126, ""2"": 405, ""21"": 84, ""24"": 43, ""3"": 7955, ""30"": 17, ""33"": 29, ""39"": 14, ""4"": 73, ""5"": 158, ""6"": 8465, ""7"": 4, ""8"": 4, ""9"": 3587}",16380,929,5.671550671550672,88,0.27204154816371956,0,0.0,32348,32316,0,0.0,0,0.0,0,8515,0,8515,0,8515,8515,1.0,0.0,27,1008,444,1429,25,1456,1661,1.01889433170049,1.7494751574527643,15,81.80001249999623,1185681408
train,language,,c,boundary_bpe,16384,observed,32,51063,51063,51060,23620,2.1618543607112617,0.4625930278104191,0.4625658500283963,0,0.0,2.1618543607112617,1,7,64,"{""1"": 13810, ""10"": 109, ""11"": 62, ""12"": 10, ""13"": 7, ""14"": 29, ""15"": 8, ""16"": 17, ""2"": 3851, ""3"": 2357, ""32"": 21, ""39"": 1, ""4"": 1190, ""42"": 1, ""5"": 606, ""6"": 607, ""64"": 6, ""7"": 427, ""8"": 368, ""9"": 133}",16380,1754,10.708180708180707,63,0.26672311600338694,0,0.0,23620,23588,0,0.0,0,0.0,3814,9740,0,5926,1126,9740,9740,1.6436044549443132,19.001012487343907,103,2460,1577,4093,55,4196,6116,1.0251649157097484,1.3437576349865625,10,81.80001249999623,1185681408
train,language,,cpp,boundary_bpe,16384,observed,32,54217,54217,54213,24183,2.24194682214779,0.4460738199324885,0.4460409096777763,0,0.0,2.24194682214779,1,7,64,"{""1"": 13703, ""10"": 59, ""11"": 58, ""12"": 19, ""13"": 3, ""14"": 2, ""15"": 2, ""17"": 27, ""19"": 16, ""2"": 3930, ""23"": 13, ""3"": 2334, ""32"": 9, ""39"": 1, ""4"": 1329, ""42"": 2, ""5"": 838, ""6"": 779, ""64"": 5, ""7"": 473, ""8"": 414, ""9"": 167}",16380,1866,11.391941391941392,45,0.18608113137327875,0,0.0,24183,24151,0,0.0,0,0.0,4223,9575,0,5352,1007,9575,9575,1.789050822122571,18.815396113602393,156,2698,1757,4478,138,4634,6268,1.0348369807949978,3.0817329164805716,9,81.80001249999623,1185681408
train,language,,en,boundary_bpe,16384,observed,32,59492,59492,59076,28425,2.0929463500439756,0.48115986187284177,0.47779533382639683,0,0.0,2.0929463500439756,2,5,16,"{""1"": 13165, ""10"": 11, ""11"": 9, ""12"": 1, ""16"": 13, ""2"": 6379, ""3"": 5058, ""4"": 2228, ""5"": 811, ""6"": 410, ""7"": 228, ""8"": 65, ""9"": 47}",16380,1818,11.098901098901099,74,0.26033421284080915,0,0.0,28425,28393,0,0.0,0,0.0,3,9301,0,9298,3,9301,9301,1.000322650032265,0.032265003226500326,66,1000,803,1764,61,1830,2096,1.0374149659863945,3.4580498866213154,7,81.80001249999623,1185681408
train,language,,fa,boundary_bpe,16384,observed,32,93798,93798,52677,29773,3.150438316595573,0.5651992330618676,0.31741614959807246,0,0.0,3.150438316595573,2,8,15,"{""1"": 10414, ""10"": 364, ""11"": 55, ""12"": 78, ""13"": 23, ""14"": 101, ""15"": 13, ""2"": 5275, ""3"": 318, ""4"": 8237, ""5"": 130, ""6"": 3427, ""7"": 181, ""8"": 1049, ""9"": 108}",16380,970,5.921855921855922,25,0.083968696469956,0,0.0,29773,29741,0,0.0,0,0.0,0,9930,0,9930,0,9930,9930,1.0,0.0,36,665,538,1169,23,1205,1405,1.0307955517536356,1.9674935842600514,10,81.80001249999623,1185681408
train,language,,go,boundary_bpe,16384,observed,32,56813,56813,56813,24780,2.2926957223567395,0.4361677785013993,0.4361677785013993,0,0.0,2.2926957223567395,1,6,42,"{""1"": 13517, ""10"": 51, ""11"": 60, ""12"": 93, ""13"": 18, ""2"": 4081, ""28"": 6, ""3"": 2648, ""32"": 9, ""33"": 21, ""4"": 1578, ""42"": 8, ""5"": 791, ""6"": 993, ""7"": 434, ""8"": 326, ""9"": 146}",16380,1701,10.384615384615385,52,0.20984665052461662,0,0.0,24780,24748,0,0.0,0,0.0,2645,9031,0,6386,1489,9031,9031,1.414187284685249,23.316630128405887,140,3415,1669,5404,122,5544,6454,1.0259067357512954,2.2575869726128794,10,81.80001249999623,1185681408
train,language,,gu,boundary_bpe,16384,observed,32,146974,146974,58881,34059,4.315276432073754,0.578437866204718,0.23173486466994161,0,0.0,4.315276432073754,3,9,24,"{""1"": 10813, ""10"": 74, ""12"": 887, ""15"": 367, ""18"": 251, ""2"": 698, ""21"": 47, ""24"": 15, ""3"": 7791, ""4"": 118, ""5"": 46, ""6"": 9335, ""7"": 305, ""8"": 17, ""9"": 3295}",16380,1061,6.4774114774114775,85,0.24956692797792066,0,0.0,34059,34027,0,0.0,0,0.0,0,9723,0,9723,0,9723,9723,1.0,0.0,41,686,715,1374,37,1415,1630,1.029839883551674,2.692867540029112,15,81.80001249999623,1185681408
train,language,,hi,boundary_bpe,16384,observed,32,153237,153237,61359,35139,4.360881072312814,0.5726788246223048,0.22931145872080502,0,0.0,4.360881072312814,3,12,24,"{""1"": 12684, ""10"": 70, ""11"": 22, ""12"": 1478, ""15"": 474, ""18"": 148, ""2"": 541, ""24"": 12, ""3"": 5721, ""4"": 81, ""5"": 69, ""6"": 10454, ""7"": 144, ""8"": 2, ""9"": 3239}",16380,1173,7.1611721611721615,34,0.09675858732462506,0,0.0,35139,35107,0,0.0,0,0.0,0,11810,0,11810,0,11810,11810,1.0,0.0,23,784,684,1447,23,1470,1692,1.0158949550794747,1.5894955079474775,15,81.80001249999623,1185681408
train,language,,ja,boundary_bpe,16384,observed,32,142468,142468,61333,42969,3.3155996183294936,0.7005853292680938,0.3016045708509981,0,0.0,3.3155996183294936,3,7,37,"{""1"": 8611, ""10"": 46, ""12"": 445, ""15"": 175, ""18"": 109, ""2"": 3298, ""27"": 13, ""3"": 23019, ""30"": 25, ""37"": 13, ""4"": 433, ""5"": 120, ""6"": 5275, ""7"": 105, ""8"": 20, ""9"": 1262}",16380,3116,19.023199023199023,1260,2.9323465754381064,0,0.0,42969,42937,0,0.0,0,0.0,0,4436,0,4436,0,4436,4436,1.0,0.0,269,2874,1393,4082,230,4351,4644,1.0658990690837824,5.634492895639393,12,81.80001249999623,1185681408
train,language,,java,boundary_bpe,16384,observed,32,43999,43999,43605,18176,2.42071963028169,0.41683293200321064,0.4131002977340394,0,0.0,2.42071963028169,1,7,64,"{""1"": 10215, ""10"": 78, ""11"": 63, ""12"": 4, ""13"": 5, ""15"": 17, ""16"": 5, ""18"": 17, ""2"": 2293, ""20"": 29, ""22"": 14, ""3"": 1727, ""32"": 4, ""37"": 13, ""4"": 1352, ""42"": 4, ""5"": 659, ""6"": 931, ""64"": 2, ""7"": 392, ""8"": 204, ""9"": 148}",16380,1602,9.780219780219781,60,0.3301056338028169,0,0.0,18176,18144,0,0.0,0,0.0,3819,7594,0,3775,864,7594,7594,2.011655629139073,22.887417218543046,97,1944,1193,3273,87,3370,4145,1.02963641918729,2.6581118240146653,10,81.80001249999623,1185681408
train,language,,javascript,boundary_bpe,16384,observed,32,38980,38980,38152,19242,2.0257769462633823,0.5043510169846928,0.4936377629553617,0,0.0,2.0257769462633823,1,6,16,"{""1"": 11019, ""10"": 38, ""11"": 15, ""16"": 18, ""2"": 3783, ""3"": 1655, ""4"": 948, ""5"": 668, ""6"": 606, ""7"": 219, ""8"": 161, ""9"": 112}",16380,1546,9.438339438339439,44,0.22866645878806777,0,0.0,19242,19210,0,0.0,0,0.0,3746,7448,0,3702,730,7448,7448,2.011885467314965,19.719070772555376,265,2916,1382,4230,222,4495,5941,1.0626477541371158,5.24822695035461,8,81.80001249999623,1185681408
train,language,,kn,boundary_bpe,16384,observed,32,153841,153841,60531,32613,4.717168000490602,0.5387817812360609,0.21199160171865758,0,0.0,4.717168000490602,3,12,27,"{""1"": 9002, ""10"": 106, ""12"": 1682, ""13"": 23, ""15"": 634, ""18"": 353, ""19"": 20, ""2"": 1013, ""21"": 15, ""22"": 35, ""24"": 52, ""27"": 13, ""3"": 8330, ""4"": 209, ""5"": 45, ""6"": 7725, ""7"": 126, ""8"": 11, ""9"": 3219}",16380,1214,7.411477411477412,100,0.30662619200932145,0,0.0,32613,32581,0,0.0,0,0.0,0,7243,0,7243,0,7243,7243,1.0,0.0,25,698,744,1423,22,1448,1662,1.017568517217147,1.5460295151089247,18,81.80001249999623,1185681408
train,language,,ko,boundary_bpe,16384,observed,32,118352,118352,51206,42213,2.803686068272807,0.8243760496816779,0.3566733135054752,0,0.0,2.803686068272807,3,6,15,"{""1"": 12849, ""10"": 105, ""12"": 156, ""13"": 34, ""15"": 64, ""2"": 848, ""3"": 23448, ""4"": 309, ""5"": 48, ""6"": 3699, ""7"": 199, ""8"": 10, ""9"": 444}",16380,1801,10.995115995115995,990,2.3452490938810318,0,0.0,42213,42181,0,0.0,0,0.0,1,11053,0,11052,1,11053,11053,1.0000904813608396,0.009048136083966703,93,1435,1067,2443,87,2536,2934,1.0380679492427343,3.5611952517396643,9,81.80001249999623,1185681408
train,language,,ml,boundary_bpe,16384,observed,32,137273,137273,52226,26365,5.20663758771098,0.5048251828591123,0.19206253232609471,0,0.0,5.20663758771098,3,12,33,"{""1"": 5958, ""10"": 22, ""12"": 1754, ""13"": 14, ""15"": 673, ""16"": 19, ""18"": 163, ""2"": 598, ""21"": 127, ""24"": 51, ""27"": 77, ""3"": 7452, ""30"": 13, ""33"": 14, ""4"": 234, ""5"": 68, ""6"": 5678, ""7"": 113, ""8"": 10, ""9"": 3327}",16380,996,6.08058608058608,68,0.25791769391238384,0,0.0,26365,26333,0,0.0,0,0.0,0,5197,0,5197,0,5197,5197,1.0,0.0,16,527,660,1173,16,1189,1378,1.0136402387041774,1.3640238704177323,21,81.80001249999623,1185681408
train,language,,mr,boundary_bpe,16384,observed,32,145113,145113,56571,29502,4.918751271100264,0.521503950787506,0.20330363234169233,0,0.0,4.918751271100264,3,12,33,"{""1"": 8742, ""10"": 140, ""11"": 1, ""12"": 1635, ""13"": 49, ""15"": 557, ""18"": 360, ""2"": 579, ""21"": 66, ""24"": 35, ""27"": 23, ""3"": 5683, ""33"": 13, ""4"": 150, ""5"": 42, ""6"": 8365, ""7"": 80, ""8"": 13, ""9"": 2969}",16380,1261,7.698412698412699,64,0.2169344451223646,0,0.0,29502,29470,0,0.0,0,0.0,0,7780,0,7780,0,7780,7780,1.0,0.0,29,725,618,1323,26,1352,1551,1.0219198790627362,1.965230536659108,18,81.80001249999623,1185681408
train,language,,python,boundary_bpe,16384,observed,32,48487,48487,48387,23726,2.043623029587794,0.49033831400996136,0.4893270361127725,0,0.0,2.043623029587794,1,6,42,"{""1"": 14405, ""10"": 49, ""11"": 22, ""12"": 1, ""13"": 19, ""15"": 2, ""16"": 18, ""2"": 3397, ""3"": 2142, ""32"": 4, ""4"": 1416, ""42"": 2, ""5"": 815, ""6"": 830, ""7"": 313, ""8"": 188, ""9"": 103}",16380,1716,10.476190476190476,48,0.202309702436146,0,0.0,23726,23694,0,0.0,0,0.0,6151,10776,0,4625,889,10776,10776,2.329945945945946,19.221621621621622,262,2605,1427,3862,204,4124,5228,1.0678404971517348,5.282237182806836,8,81.80001249999623,1185681408
train,language,,ru,boundary_bpe,16384,observed,32,106212,106212,58870,30519,3.4801926668632657,0.5184134533718362,0.2873404135125974,0,0.0,3.4801926668632657,4,8,16,"{""1"": 8908, ""10"": 690, ""11"": 2, ""12"": 198, ""13"": 14, ""14"": 48, ""16"": 44, ""2"": 5170, ""3"": 490, ""4"": 9026, ""5"": 182, ""6"": 4173, ""7"": 11, ""8"": 1558, ""9"": 5}",16380,1234,7.5335775335775335,36,0.11795930404010617,0,0.0,30519,30487,0,0.0,0,0.0,0,7811,0,7811,0,7811,7811,1.0,0.0,32,1027,635,1640,28,1672,1917,1.0195121951219512,1.7073170731707317,11,81.80001249999623,1185681408
train,language,,rust,boundary_bpe,16384,observed,32,56922,56922,56922,29065,1.958437983829348,0.5106110115596781,0.5106110115596781,0,0.0,1.958437983829348,1,5,42,"{""1"": 17681, ""10"": 19, ""11"": 59, ""13"": 3, ""14"": 3, ""17"": 15, ""2"": 4236, ""3"": 3206, ""4"": 1539, ""42"": 3, ""5"": 1051, ""6"": 607, ""7"": 408, ""8"": 174, ""9"": 61}",16380,1743,10.64102564102564,64,0.22019611216239462,0,0.0,29065,29033,0,0.0,0,0.0,7003,13231,0,6228,1138,13231,13231,2.1244380218368657,18.2723185613359,187,4004,1788,5827,150,6014,8582,1.0320919855843487,2.574223442594817,8,81.80001249999623,1185681408
train,language,,sql,boundary_bpe,16384,observed,32,36373,36373,36088,16831,2.161071831739053,0.4663877189093327,0.4627333461633629,0,0.0,2.161071831739053,1,6,64,"{""1"": 9481, ""10"": 64, ""11"": 18, ""12"": 6, ""13"": 1, ""14"": 8, ""15"": 14, ""16"": 18, ""17"": 1, ""2"": 3048, ""20"": 24, ""25"": 15, ""3"": 1733, ""32"": 7, ""4"": 865, ""5"": 539, ""6"": 479, ""64"": 1, ""7"": 268, ""8"": 170, ""9"": 71}",16380,1391,8.492063492063492,58,0.3446022220901907,0,0.0,16831,16799,0,0.0,0,0.0,2730,6655,0,3925,609,6655,6655,1.6955414012738854,15.51592356687898,116,1835,1273,3103,100,3219,4498,1.0373831775700935,3.222687721559781,10,81.80001249999623,1185681408
train,language,,sw,boundary_bpe,16384,observed,32,62449,62449,62216,32038,1.9492165553405332,0.5149479233637649,0.5130266297298596,0,0.0,1.9492165553405332,2,4,11,"{""1"": 14302, ""10"": 15, ""11"": 1, ""2"": 9460, ""3"": 5443, ""4"": 1959, ""5"": 376, ""6"": 402, ""7"": 43, ""8"": 25, ""9"": 12}",16380,1273,7.771672771672772,59,0.1841563143766777,0,0.0,32038,32006,0,0.0,0,0.0,5,9106,0,9101,5,9106,9106,1.0005493901769036,0.054939017690363696,52,702,780,1448,51,1500,1753,1.0359116022099448,3.522099447513812,6,81.80001249999623,1185681408
train,language,,ta,boundary_bpe,16384,observed,32,140738,140738,53567,25945,5.424474850645597,0.4843467059943622,0.18434964259830322,0,0.0,5.424474850645597,6,15,27,"{""1"": 6680, ""10"": 55, ""12"": 1944, ""15"": 805, ""16"": 35, ""18"": 328, ""2"": 492, ""21"": 106, ""24"": 17, ""25"": 13, ""27"": 16, ""3"": 5205, ""4"": 154, ""5"": 19, ""6"": 6518, ""7"": 94, ""8"": 2, ""9"": 3462}",16380,874,5.3357753357753355,24,0.09250337251878975,0,0.0,25945,25913,0,0.0,0,0.0,0,5791,0,5791,0,5791,5791,1.0,0.0,46,775,610,1357,38,1403,1788,1.0338983050847457,2.800294767870302,18,81.80001249999623,1185681408
train,language,,te,boundary_bpe,16384,observed,32,158103,158103,60933,32378,4.883037865217123,0.5313705217205783,0.2047905479339418,0,0.0,4.883037865217123,3,12,30,"{""1"": 8534, ""10"": 157, ""12"": 1586, ""13"": 13, ""15"": 584, ""18"": 215, ""19"": 25, ""2"": 697, ""21"": 89, ""22"": 23, ""24"": 31, ""27"": 26, ""3"": 7154, ""30"": 14, ""4"": 78, ""5"": 43, ""6"": 9845, ""7"": 187, ""8"": 3, ""9"": 3074}",16380,1040,6.349206349206349,65,0.20075359812218171,0,0.0,32378,32346,0,0.0,0,0.0,0,7488,0,7488,0,7488,7488,1.0,0.0,31,883,728,1580,29,1611,1939,1.019620253164557,1.8354430379746836,18,81.80001249999623,1185681408
train,language,,typescript,boundary_bpe,16384,observed,32,43989,43989,43698,19684,2.2347591952855113,0.4504553984164035,0.44747550523994634,0,0.0,2.2347591952855113,1,7,42,"{""1"": 11527, ""10"": 58, ""11"": 28, ""13"": 56, ""14"": 46, ""16"": 1, ""2"": 2877, ""3"": 1492, ""32"": 1, ""4"": 1263, ""42"": 2, ""5"": 718, ""6"": 746, ""7"": 452, ""8"": 195, ""9"": 222}",16380,1614,9.853479853479854,42,0.21337126600284495,0,0.0,19684,19652,0,0.0,0,0.0,4130,8393,0,4263,984,8393,8393,1.9688013136288998,23.082336382828995,140,2463,906,3292,127,3432,4406,1.0425273390036451,3.8578371810449577,9,81.80001249999623,1185681408
train,language,,uk,boundary_bpe,16384,observed,32,95676,95676,53182,29177,3.279158241080303,0.5486254747847016,0.304956310882562,0,0.0,3.279158241080303,4,8,16,"{""1"": 8269, ""10"": 388, ""12"": 90, ""14"": 15, ""16"": 8, ""2"": 5554, ""3"": 496, ""4"": 9429, ""5"": 182, ""6"": 3537, ""7"": 17, ""8"": 1182, ""9"": 10}",16380,1151,7.026862026862027,34,0.11653014360626521,0,0.0,29177,29145,0,0.0,0,0.0,0,7093,0,7093,0,7093,7093,1.0,0.0,28,1168,679,1849,27,1877,2167,1.0151433207138993,1.460248783126014,10,81.80001249999623,1185681408
train,language,,ur,boundary_bpe,16384,observed,32,112341,112341,64366,37637,2.9848553285330923,0.5847341764285492,0.3350246125635342,0,0.0,2.9848553285330923,2,8,20,"{""1"": 14178, ""10"": 296, ""12"": 135, ""14"": 66, ""2"": 6514, ""20"": 13, ""3"": 230, ""4"": 10660, ""5"": 60, ""6"": 4052, ""7"": 39, ""8"": 1390, ""9"": 4}",16380,1195,7.295482295482295,67,0.17801631373382576,0,0.0,37637,37605,0,0.0,0,0.0,0,13545,0,13545,0,13545,13545,1.0,0.0,28,955,595,1527,26,1555,1777,1.0183366077275704,1.7026850032743943,10,81.80001249999623,1185681408
train,language,,yo,boundary_bpe,16384,observed,32,69432,69432,59766,32184,2.157345264727815,0.5385001505872904,0.4635326650535776,0,0.0,2.157345264727815,2,6,15,"{""1"": 15572, ""10"": 34, ""11"": 70, ""14"": 2, ""15"": 34, ""2"": 7120, ""3"": 4435, ""4"": 2483, ""5"": 717, ""6"": 1143, ""7"": 357, ""8"": 160, ""9"": 57}",16380,1200,7.326007326007326,59,0.18332090479741486,0,0.0,32184,32152,0,0.0,0,0.0,0,11487,0,11487,0,11487,11487,1.0,0.0,15,855,730,1592,15,1607,1859,1.0094221105527639,0.9422110552763819,8,81.80001249999623,1185681408
train,language,,zh,boundary_bpe,16384,observed,32,130086,130086,53452,40738,3.193234817615003,0.762141734640425,0.3131620620205095,0,0.0,3.193234817615003,3,6,269,"{""1"": 6921, ""10"": 101, ""12"": 280, ""15"": 99, ""18"": 13, ""191"": 1, ""2"": 1644, ""21"": 38, ""269"": 17, ""3"": 27173, ""4"": 574, ""5"": 122, ""6"": 3279, ""7"": 36, ""8"": 85, ""9"": 355}",16380,3721,22.716727716727718,2941,7.219303844076784,0,0.0,40738,40706,0,0.0,0,0.0,0,3755,0,3755,0,3755,3755,1.0,0.0,135,2461,764,3235,127,3370,3602,1.0417310664605872,3.9258114374034,12,81.80001249999623,1185681408
train,domain,code,,boundary_bpe,16384,observed,288,430843,430843,428938,199307,2.161705308895322,0.46465223412241397,0.46259774442198204,0,0.0,2.161705308895322,1,6,64,"{""1"": 115358, ""10"": 525, ""11"": 385, ""12"": 133, ""13"": 112, ""14"": 88, ""15"": 43, ""16"": 77, ""17"": 43, ""18"": 17, ""19"": 16, ""2"": 31496, ""20"": 53, ""22"": 14, ""23"": 13, ""25"": 15, ""28"": 6, ""3"": 19294, ""32"": 55, ""33"": 21, ""37"": 13, ""39"": 2, ""4"": 11480, ""42"": 22, ""5"": 6685, ""6"": 6578, ""64"": 14, ""7"": 3386, ""8"": 2200, ""9"": 1163}",16380,3732,22.783882783882785,476,0.23882753741715043,0,0.0,199307,199019,0,0.0,0,0.0,38261,82443,0,44182,8836,82443,82443,1.8659861482051514,19.999094653931465,1466,24340,12972,37562,1205,39028,51638,1.0390288057078962,3.2080293914062086,9,81.80001249999623,1185681408
train,domain,cyrillic_african,,boundary_bpe,16384,observed,192,583695,583695,352072,199734,2.922361741115684,0.5673100956622509,0.3421889856860175,0,0.0,2.922361741115684,2,6,18,"{""1"": 69662, ""10"": 1621, ""11"": 86, ""12"": 730, ""13"": 14, ""14"": 65, ""15"": 176, ""16"": 56, ""18"": 26, ""2"": 33418, ""3"": 31562, ""4"": 32767, ""5"": 1859, ""6"": 20850, ""7"": 480, ""8"": 4582, ""9"": 1780}",16380,3782,23.08913308913309,381,0.1907537024242242,0,0.0,199734,199542,0,0.0,0,0.0,5,55676,0,55671,5,55676,55676,1.0000898133678218,0.008981336782166657,282,6409,4383,10610,258,10892,12806,1.026578699340245,2.4316682375117815,10,81.80001249999623,1185681408
train,domain,indic_cjk_arabic,,boundary_bpe,16384,observed,448,1882068,1882068,800441,474157,3.9692928713485194,0.5923697061994575,0.2519340427657237,0,0.0,3.9692928713485194,3,10,269,"{""1"": 134258, ""10"": 1700, ""11"": 78, ""12"": 13694, ""13"": 172, ""14"": 196, ""15"": 4983, ""16"": 54, ""18"": 2066, ""19"": 45, ""191"": 1, ""2"": 30390, ""20"": 13, ""21"": 572, ""22"": 58, ""24"": 256, ""25"": 13, ""269"": 17, ""27"": 168, ""3"": 129865, ""30"": 69, ""33"": 56, ""37"": 13, ""39"": 14, ""4"": 31175, ""5"": 1049, ""6"": 89880, ""7"": 1631, ""8"": 3326, ""9"": 28345}",16380,12141,74.12087912087912,5869,1.2377756734583694,0,0.0,474157,473709,0,0.0,0,0.0,1,115104,0,115103,1,115104,115104,1.0000086878708634,0.0008687870863487486,855,15470,10045,24988,765,25843,29420,1.0342164238834641,3.0614695053625742,15,81.80001249999623,1185681408
train,domain,latin_english,,boundary_bpe,16384,observed,32,59492,59492,59076,28425,2.0929463500439756,0.48115986187284177,0.47779533382639683,0,0.0,2.0929463500439756,2,5,16,"{""1"": 13165, ""10"": 11, ""11"": 9, ""12"": 1, ""16"": 13, ""2"": 6379, ""3"": 5058, ""4"": 2228, ""5"": 811, ""6"": 410, ""7"": 228, ""8"": 65, ""9"": 47}",16380,1818,11.098901098901099,74,0.26033421284080915,0,0.0,28425,28393,0,0.0,0,0.0,3,9301,0,9298,3,9301,9301,1.000322650032265,0.032265003226500326,66,1000,803,1764,61,1830,2096,1.0374149659863945,3.4580498866213154,7,81.80001249999623,1185681408
train,aggregate,,,boundary_bpe,16384,observed,960,2956098,2956098,1640527,901623,3.278640850998699,0.5495935147669011,0.30500443490033147,0,0.0,3.278640850998699,3,9,269,"{""1"": 332443, ""10"": 3857, ""11"": 558, ""12"": 14558, ""13"": 298, ""14"": 349, ""15"": 5202, ""16"": 200, ""17"": 43, ""18"": 2109, ""19"": 61, ""191"": 1, ""2"": 101683, ""20"": 66, ""21"": 572, ""22"": 72, ""23"": 13, ""24"": 256, ""25"": 28, ""269"": 17, ""27"": 168, ""28"": 6, ""3"": 185779, ""30"": 69, ""32"": 55, ""33"": 77, ""37"": 26, ""39"": 16, ""4"": 77650, ""42"": 22, ""5"": 10404, ""6"": 117718, ""64"": 14, ""7"": 5725, ""8"": 10173, ""9"": 31335}",16380,15822,96.5934065934066,6800,0.7541954896891494,0,0.0,901623,900663,0,0.0,0,0.0,38270,262524,0,224254,8845,262524,262524,1.1706547040409536,3.944188286496562,2669,47219,28203,74924,2289,77593,95960,1.0356227644012599,3.055095830441514,15,81.80001249999623,1185681408
validation,stratum,flores200,am,boundary_bpe,16384,observed,32,6471,6471,2573,2022,3.2002967359050447,0.7858530897784687,0.31247102457116366,0,0.0,3.2002967359050447,3,6,18,"{""1"": 519, ""12"": 10, ""15"": 2, ""18"": 3, ""2"": 38, ""3"": 1072, ""4"": 2, ""6"": 312, ""9"": 64}",16380,394,2.4053724053724053,9,0.44510385756676557,0,0.0,2022,1990,0,0.0,0,0.0,0,486,0,486,0,486,486,1.0,0.0,1,52,24,75,1,76,76,1.0133333333333334,1.3333333333333333,9,81.80001249999623,1185681408
validation,stratum,flores200,ar,boundary_bpe,16384,observed,32,6539,6539,3628,2267,2.8844287604764007,0.6248621830209482,0.34668909619207827,10,0.4411116012351125,2.8844287604764007,2,6,14,"{""1"": 654, ""10"": 1, ""12"": 3, ""14"": 1, ""2"": 613, ""3"": 10, ""4"": 703, ""5"": 3, ""6"": 245, ""8"": 34}",16380,394,2.4053724053724053,20,0.882223202470225,11,0.48522276135862374,2267,2235,0,0.0,0,0.0,0,581,0,581,0,581,581,1.0,0.0,1,71,16,86,1,87,88,1.0116279069767442,1.1627906976744187,8,81.80001249999623,1185681408
validation,stratum,flores200,bg,boundary_bpe,16384,observed,32,7482,7482,4146,2344,3.1919795221843,0.5653642064640617,0.3132852178561882,0,0.0,3.1919795221843,4,8,12,"{""1"": 705, ""10"": 25, ""12"": 7, ""2"": 382, ""3"": 48, ""4"": 855, ""5"": 8, ""6"": 217, ""7"": 3, ""8"": 94}",16380,422,2.5763125763125765,1,0.042662116040955635,0,0.0,2344,2312,0,0.0,0,0.0,0,617,0,617,0,617,617,1.0,0.0,3,86,38,121,3,124,124,1.024793388429752,2.479338842975207,10,81.80001249999623,1185681408
validation,stratum,flores200,bn,boundary_bpe,16384,observed,32,10772,10772,4028,2276,4.73286467486819,0.5650446871896723,0.21128852580764945,0,0.0,4.73286467486819,3,12,33,"{""1"": 607, ""12"": 104, ""15"": 34, ""18"": 5, ""2"": 12, ""21"": 5, ""3"": 604, ""33"": 1, ""4"": 1, ""6"": 596, ""9"": 307}",16380,380,2.31990231990232,5,0.21968365553602812,1,0.043936731107205626,2276,2244,0,0.0,0,0.0,2,560,0,558,2,560,560,1.003584229390681,0.35842293906810035,2,76,8,82,2,84,90,1.024390243902439,2.4390243902439024,15,81.80001249999623,1185681408
validation,stratum,flores200,fa,boundary_bpe,16384,observed,32,6879,6879,3885,2313,2.974059662775616,0.5953667953667954,0.3362407326646315,0,0.0,2.974059662775616,2,6,15,"{""1"": 752, ""10"": 7, ""11"": 3, ""12"": 2, ""14"": 4, ""15"": 1, ""2"": 491, ""3"": 42, ""4"": 676, ""5"": 8, ""6"": 264, ""7"": 18, ""8"": 38, ""9"": 7}",16380,449,2.741147741147741,6,0.2594033722438392,0,0.0,2313,2281,0,0.0,0,0.0,0,700,0,700,0,700,700,1.0,0.0,4,76,32,104,4,108,108,1.0384615384615385,3.8461538461538463,9,81.80001249999623,1185681408
validation,stratum,flores200,gu,boundary_bpe,16384,observed,32,9612,9612,3700,2266,4.241835834068843,0.6124324324324324,0.23574698293799418,0,0.0,4.241835834068843,3,9,21,"{""1"": 635, ""10"": 12, ""12"": 52, ""15"": 12, ""18"": 4, ""2"": 27, ""21"": 1, ""3"": 616, ""4"": 1, ""6"": 694, ""7"": 9, ""9"": 203}",16380,356,2.173382173382173,6,0.264783759929391,0,0.0,2266,2234,0,0.0,0,0.0,2,570,0,568,2,570,570,1.0035211267605635,0.352112676056338,5,55,28,78,4,83,91,1.064102564102564,5.128205128205129,12,81.80001249999623,1185681408
validation,stratum,flores200,hi,boundary_bpe,16384,observed,32,10074,10074,3966,2392,4.211538461538462,0.6031265758951084,0.2374429223744292,0,0.0,4.211538461538462,3,9,18,"{""1"": 818, ""10"": 3, ""12"": 74, ""15"": 16, ""18"": 7, ""2"": 26, ""3"": 467, ""4"": 2, ""6"": 764, ""7"": 4, ""9"": 211}",16380,432,2.6373626373626373,6,0.2508361204013378,0,0.0,2392,2360,0,0.0,0,0.0,0,747,0,747,0,747,747,1.0,0.0,1,66,15,80,1,81,81,1.0125,1.25,12,81.80001249999623,1185681408
validation,stratum,flores200,ja,boundary_bpe,16384,observed,32,5110,5110,1782,1466,3.485675306957708,0.8226711560044894,0.2868884540117417,81,5.525238744884038,3.485675306957708,3,6,12,"{""1"": 117, ""12"": 24, ""2"": 28, ""3"": 1067, ""4"": 1, ""6"": 205, ""7"": 1, ""9"": 23}",16380,563,3.437118437118437,164,11.186903137789905,81,5.525238744884038,1466,1434,0,0.0,0,0.0,0,2,0,2,0,2,2,1.0,0.0,2,50,63,111,2,113,113,1.018018018018018,1.8018018018018018,12,81.80001249999623,1185681408
validation,stratum,flores200,kn,boundary_bpe,16384,observed,32,11326,11326,4264,2384,4.750838926174497,0.5590994371482176,0.21048914003178526,0,0.0,4.750838926174497,3,12,22,"{""1"": 624, ""10"": 3, ""12"": 97, ""13"": 1, ""15"": 52, ""18"": 24, ""19"": 1, ""2"": 25, ""22"": 7, ""3"": 646, ""4"": 2, ""6"": 658, ""7"": 15, ""9"": 229}",16380,394,2.4053724053724053,5,0.20973154362416108,1,0.04194630872483222,2384,2352,0,0.0,0,0.0,46,549,0,503,42,549,549,1.091451292246521,8.34990059642147,0,55,35,90,0,90,90,1.0,0.0,18,81.80001249999623,1185681408
validation,stratum,flores200,ko,boundary_bpe,16384,observed,32,4735,4735,2037,1791,2.6437744276940256,0.8792341678939617,0.378247096092925,45,2.512562814070352,2.6437744276940256,3,6,10,"{""1"": 541, ""10"": 19, ""2"": 47, ""3"": 1062, ""4"": 11, ""6"": 101, ""7"": 8, ""9"": 2}",16380,479,2.924297924297924,104,5.8068118369625905,45,2.512562814070352,1791,1759,0,0.0,0,0.0,0,430,0,430,0,430,430,1.0,0.0,3,36,42,75,3,78,81,1.04,4.0,10,81.80001249999623,1185681408
validation,stratum,flores200,ml,boundary_bpe,16384,observed,32,11894,11894,4384,2400,4.9558333333333335,0.5474452554744526,0.20178241129981503,0,0.0,4.9558333333333335,3,12,27,"{""1"": 512, ""10"": 3, ""12"": 146, ""15"": 58, ""16"": 1, ""18"": 15, ""2"": 27, ""21"": 7, ""24"": 9, ""27"": 1, ""3"": 801, ""4"": 21, ""6"": 558, ""7"": 2, ""9"": 239}",16380,391,2.387057387057387,10,0.4166666666666667,1,0.041666666666666664,2400,2368,0,0.0,0,0.0,5,447,0,442,5,447,447,1.01131221719457,1.1312217194570136,3,51,32,80,3,83,91,1.0375,3.75,18,81.80001249999623,1185681408
validation,stratum,flores200,mr,boundary_bpe,16384,observed,32,10965,10965,4109,2289,4.790301441677588,0.5570698466780238,0.20875512995896034,0,0.0,4.790301441677588,3,12,24,"{""1"": 608, ""10"": 5, ""12"": 131, ""13"": 4, ""15"": 34, ""18"": 20, ""2"": 17, ""21"": 4, ""24"": 3, ""3"": 568, ""4"": 1, ""6"": 705, ""7"": 8, ""9"": 181}",16380,452,2.7594627594627594,4,0.17474879860200962,0,0.0,2289,2257,0,0.0,0,0.0,1,544,0,543,1,544,544,1.0018416206261511,0.1841620626151013,2,58,22,78,2,80,88,1.0256410256410255,2.5641025641025643,18,81.80001249999623,1185681408
validation,stratum,flores200,ru,boundary_bpe,16384,observed,32,7654,7654,4261,2395,3.1958246346555326,0.5620746303684581,0.31290828325058795,0,0.0,3.1958246346555326,3,8,12,"{""1"": 681, ""10"": 26, ""12"": 9, ""2"": 516, ""3"": 38, ""4"": 728, ""5"": 9, ""6"": 301, ""8"": 87}",16380,505,3.083028083028083,1,0.04175365344467641,0,0.0,2395,2363,0,0.0,0,0.0,5,576,0,571,5,576,576,1.0087565674255692,0.8756567425569177,2,87,39,124,2,126,130,1.0161290322580645,1.6129032258064515,10,81.80001249999623,1185681408
validation,stratum,flores200,sw,boundary_bpe,16384,observed,32,4405,4405,4397,2310,1.906926406926407,0.5253581987718899,0.5244040862656073,0,0.0,1.906926406926407,2,4,7,"{""1"": 1058, ""2"": 686, ""3"": 407, ""4"": 94, ""5"": 18, ""6"": 41, ""7"": 6}",16380,492,3.0036630036630036,1,0.04329004329004329,1,0.04329004329004329,2310,2278,0,0.0,0,0.0,0,660,0,660,0,660,660,1.0,0.0,1,47,29,76,1,77,77,1.013157894736842,1.3157894736842106,6,81.80001249999623,1185681408
validation,stratum,flores200,ta,boundary_bpe,16384,observed,32,12193,12193,4517,2315,5.26695464362851,0.5125083019703343,0.18986303616829328,0,0.0,5.26695464362851,6,12,27,"{""1"": 557, ""10"": 18, ""12"": 127, ""15"": 50, ""18"": 24, ""2"": 29, ""21"": 8, ""24"": 1, ""27"": 2, ""3"": 509, ""4"": 3, ""6"": 654, ""7"": 7, ""9"": 326}",16380,374,2.283272283272283,7,0.3023758099352052,0,0.0,2315,2283,0,0.0,0,0.0,1,475,0,474,1,475,475,1.0021097046413503,0.2109704641350211,4,68,34,98,4,102,111,1.0408163265306123,4.081632653061225,18,81.80001249999623,1185681408
validation,stratum,flores200,te,boundary_bpe,16384,observed,32,10409,10409,3954,2220,4.6887387387387385,0.5614567526555387,0.21327697185128255,0,0.0,4.6887387387387385,3,12,24,"{""1"": 563, ""10"": 15, ""12"": 75, ""15"": 34, ""18"": 9, ""19"": 2, ""2"": 43, ""21"": 2, ""24"": 1, ""3"": 522, ""4"": 1, ""6"": 731, ""7"": 10, ""9"": 212}",16380,422,2.5763125763125765,3,0.13513513513513514,0,0.0,2220,2188,0,0.0,0,0.0,6,486,0,480,6,486,486,1.0125,1.25,4,54,35,85,4,89,92,1.0470588235294118,4.705882352941177,15,81.80001249999623,1185681408
validation,stratum,flores200,uk,boundary_bpe,16384,observed,32,7446,7446,4118,2380,3.1285714285714286,0.5779504613890238,0.319634703196347,0,0.0,3.1285714285714286,3,6,12,"{""1"": 664, ""10"": 14, ""12"": 4, ""2"": 501, ""3"": 27, ""4"": 817, ""5"": 6, ""6"": 282, ""8"": 64, ""9"": 1}",16380,469,2.8632478632478633,3,0.12605042016806722,0,0.0,2380,2348,0,0.0,0,0.0,0,555,0,555,0,555,555,1.0,0.0,0,93,31,124,0,124,126,1.0,0.0,8,81.80001249999623,1185681408
validation,stratum,flores200,ur,boundary_bpe,16384,observed,32,6879,6879,3892,2442,2.8169533169533167,0.6274409044193217,0.3549934583515046,0,0.0,2.8169533169533167,2,6,14,"{""1"": 831, ""10"": 1, ""12"": 1, ""14"": 5, ""2"": 568, ""3"": 10, ""4"": 734, ""6"": 241, ""8"": 51}",16380,392,2.393162393162393,4,0.1638001638001638,1,0.04095004095004095,2442,2410,0,0.0,0,0.0,0,793,0,793,0,793,793,1.0,0.0,1,59,13,71,1,72,72,1.0140845070422535,1.408450704225352,8,81.80001249999623,1185681408
validation,stratum,flores200,yo,boundary_bpe,16384,observed,32,5063,5063,3889,2754,1.83841684822077,0.7081511956801234,0.5439462769109223,8,0.29048656499636893,1.83841684822077,2,4,8,"{""1"": 1283, ""2"": 944, ""3"": 317, ""4"": 163, ""5"": 17, ""6"": 7, ""7"": 22, ""8"": 1}",16380,401,2.4481074481074483,18,0.6535947712418301,9,0.32679738562091504,2754,2722,0,0.0,0,0.0,0,718,0,718,0,718,718,1.0,0.0,1,57,20,76,1,77,78,1.013157894736842,1.3157894736842106,6,81.80001249999623,1185681408
validation,stratum,flores200,zh,boundary_bpe,16384,observed,32,3769,3769,1485,1385,2.7212996389891697,0.9326599326599326,0.3674714778455824,78,5.631768953068592,2.7212996389891697,3,3,6,"{""1"": 234, ""2"": 62, ""3"": 1031, ""4"": 15, ""6"": 43}",16380,613,3.7423687423687424,186,13.429602888086643,80,5.776173285198556,1385,1353,0,0.0,0,0.0,0,63,0,63,0,63,63,1.0,0.0,5,118,19,132,5,137,138,1.0378787878787878,3.787878787878788,6,81.80001249999623,1185681408
validation,language,,am,boundary_bpe,16384,observed,32,6471,6471,2573,2022,3.2002967359050447,0.7858530897784687,0.31247102457116366,0,0.0,3.2002967359050447,3,6,18,"{""1"": 519, ""12"": 10, ""15"": 2, ""18"": 3, ""2"": 38, ""3"": 1072, ""4"": 2, ""6"": 312, ""9"": 64}",16380,394,2.4053724053724053,9,0.44510385756676557,0,0.0,2022,1990,0,0.0,0,0.0,0,486,0,486,0,486,486,1.0,0.0,1,52,24,75,1,76,76,1.0133333333333334,1.3333333333333333,9,81.80001249999623,1185681408
validation,language,,ar,boundary_bpe,16384,observed,32,6539,6539,3628,2267,2.8844287604764007,0.6248621830209482,0.34668909619207827,10,0.4411116012351125,2.8844287604764007,2,6,14,"{""1"": 654, ""10"": 1, ""12"": 3, ""14"": 1, ""2"": 613, ""3"": 10, ""4"": 703, ""5"": 3, ""6"": 245, ""8"": 34}",16380,394,2.4053724053724053,20,0.882223202470225,11,0.48522276135862374,2267,2235,0,0.0,0,0.0,0,581,0,581,0,581,581,1.0,0.0,1,71,16,86,1,87,88,1.0116279069767442,1.1627906976744187,8,81.80001249999623,1185681408
validation,language,,bg,boundary_bpe,16384,observed,32,7482,7482,4146,2344,3.1919795221843,0.5653642064640617,0.3132852178561882,0,0.0,3.1919795221843,4,8,12,"{""1"": 705, ""10"": 25, ""12"": 7, ""2"": 382, ""3"": 48, ""4"": 855, ""5"": 8, ""6"": 217, ""7"": 3, ""8"": 94}",16380,422,2.5763125763125765,1,0.042662116040955635,0,0.0,2344,2312,0,0.0,0,0.0,0,617,0,617,0,617,617,1.0,0.0,3,86,38,121,3,124,124,1.024793388429752,2.479338842975207,10,81.80001249999623,1185681408
validation,language,,bn,boundary_bpe,16384,observed,32,10772,10772,4028,2276,4.73286467486819,0.5650446871896723,0.21128852580764945,0,0.0,4.73286467486819,3,12,33,"{""1"": 607, ""12"": 104, ""15"": 34, ""18"": 5, ""2"": 12, ""21"": 5, ""3"": 604, ""33"": 1, ""4"": 1, ""6"": 596, ""9"": 307}",16380,380,2.31990231990232,5,0.21968365553602812,1,0.043936731107205626,2276,2244,0,0.0,0,0.0,2,560,0,558,2,560,560,1.003584229390681,0.35842293906810035,2,76,8,82,2,84,90,1.024390243902439,2.4390243902439024,15,81.80001249999623,1185681408
validation,language,,fa,boundary_bpe,16384,observed,32,6879,6879,3885,2313,2.974059662775616,0.5953667953667954,0.3362407326646315,0,0.0,2.974059662775616,2,6,15,"{""1"": 752, ""10"": 7, ""11"": 3, ""12"": 2, ""14"": 4, ""15"": 1, ""2"": 491, ""3"": 42, ""4"": 676, ""5"": 8, ""6"": 264, ""7"": 18, ""8"": 38, ""9"": 7}",16380,449,2.741147741147741,6,0.2594033722438392,0,0.0,2313,2281,0,0.0,0,0.0,0,700,0,700,0,700,700,1.0,0.0,4,76,32,104,4,108,108,1.0384615384615385,3.8461538461538463,9,81.80001249999623,1185681408
validation,language,,gu,boundary_bpe,16384,observed,32,9612,9612,3700,2266,4.241835834068843,0.6124324324324324,0.23574698293799418,0,0.0,4.241835834068843,3,9,21,"{""1"": 635, ""10"": 12, ""12"": 52, ""15"": 12, ""18"": 4, ""2"": 27, ""21"": 1, ""3"": 616, ""4"": 1, ""6"": 694, ""7"": 9, ""9"": 203}",16380,356,2.173382173382173,6,0.264783759929391,0,0.0,2266,2234,0,0.0,0,0.0,2,570,0,568,2,570,570,1.0035211267605635,0.352112676056338,5,55,28,78,4,83,91,1.064102564102564,5.128205128205129,12,81.80001249999623,1185681408
validation,language,,hi,boundary_bpe,16384,observed,32,10074,10074,3966,2392,4.211538461538462,0.6031265758951084,0.2374429223744292,0,0.0,4.211538461538462,3,9,18,"{""1"": 818, ""10"": 3, ""12"": 74, ""15"": 16, ""18"": 7, ""2"": 26, ""3"": 467, ""4"": 2, ""6"": 764, ""7"": 4, ""9"": 211}",16380,432,2.6373626373626373,6,0.2508361204013378,0,0.0,2392,2360,0,0.0,0,0.0,0,747,0,747,0,747,747,1.0,0.0,1,66,15,80,1,81,81,1.0125,1.25,12,81.80001249999623,1185681408
validation,language,,ja,boundary_bpe,16384,observed,32,5110,5110,1782,1466,3.485675306957708,0.8226711560044894,0.2868884540117417,81,5.525238744884038,3.485675306957708,3,6,12,"{""1"": 117, ""12"": 24, ""2"": 28, ""3"": 1067, ""4"": 1, ""6"": 205, ""7"": 1, ""9"": 23}",16380,563,3.437118437118437,164,11.186903137789905,81,5.525238744884038,1466,1434,0,0.0,0,0.0,0,2,0,2,0,2,2,1.0,0.0,2,50,63,111,2,113,113,1.018018018018018,1.8018018018018018,12,81.80001249999623,1185681408
validation,language,,kn,boundary_bpe,16384,observed,32,11326,11326,4264,2384,4.750838926174497,0.5590994371482176,0.21048914003178526,0,0.0,4.750838926174497,3,12,22,"{""1"": 624, ""10"": 3, ""12"": 97, ""13"": 1, ""15"": 52, ""18"": 24, ""19"": 1, ""2"": 25, ""22"": 7, ""3"": 646, ""4"": 2, ""6"": 658, ""7"": 15, ""9"": 229}",16380,394,2.4053724053724053,5,0.20973154362416108,1,0.04194630872483222,2384,2352,0,0.0,0,0.0,46,549,0,503,42,549,549,1.091451292246521,8.34990059642147,0,55,35,90,0,90,90,1.0,0.0,18,81.80001249999623,1185681408
validation,language,,ko,boundary_bpe,16384,observed,32,4735,4735,2037,1791,2.6437744276940256,0.8792341678939617,0.378247096092925,45,2.512562814070352,2.6437744276940256,3,6,10,"{""1"": 541, ""10"": 19, ""2"": 47, ""3"": 1062, ""4"": 11, ""6"": 101, ""7"": 8, ""9"": 2}",16380,479,2.924297924297924,104,5.8068118369625905,45,2.512562814070352,1791,1759,0,0.0,0,0.0,0,430,0,430,0,430,430,1.0,0.0,3,36,42,75,3,78,81,1.04,4.0,10,81.80001249999623,1185681408
validation,language,,ml,boundary_bpe,16384,observed,32,11894,11894,4384,2400,4.9558333333333335,0.5474452554744526,0.20178241129981503,0,0.0,4.9558333333333335,3,12,27,"{""1"": 512, ""10"": 3, ""12"": 146, ""15"": 58, ""16"": 1, ""18"": 15, ""2"": 27, ""21"": 7, ""24"": 9, ""27"": 1, ""3"": 801, ""4"": 21, ""6"": 558, ""7"": 2, ""9"": 239}",16380,391,2.387057387057387,10,0.4166666666666667,1,0.041666666666666664,2400,2368,0,0.0,0,0.0,5,447,0,442,5,447,447,1.01131221719457,1.1312217194570136,3,51,32,80,3,83,91,1.0375,3.75,18,81.80001249999623,1185681408
validation,language,,mr,boundary_bpe,16384,observed,32,10965,10965,4109,2289,4.790301441677588,0.5570698466780238,0.20875512995896034,0,0.0,4.790301441677588,3,12,24,"{""1"": 608, ""10"": 5, ""12"": 131, ""13"": 4, ""15"": 34, ""18"": 20, ""2"": 17, ""21"": 4, ""24"": 3, ""3"": 568, ""4"": 1, ""6"": 705, ""7"": 8, ""9"": 181}",16380,452,2.7594627594627594,4,0.17474879860200962,0,0.0,2289,2257,0,0.0,0,0.0,1,544,0,543,1,544,544,1.0018416206261511,0.1841620626151013,2,58,22,78,2,80,88,1.0256410256410255,2.5641025641025643,18,81.80001249999623,1185681408
validation,language,,ru,boundary_bpe,16384,observed,32,7654,7654,4261,2395,3.1958246346555326,0.5620746303684581,0.31290828325058795,0,0.0,3.1958246346555326,3,8,12,"{""1"": 681, ""10"": 26, ""12"": 9, ""2"": 516, ""3"": 38, ""4"": 728, ""5"": 9, ""6"": 301, ""8"": 87}",16380,505,3.083028083028083,1,0.04175365344467641,0,0.0,2395,2363,0,0.0,0,0.0,5,576,0,571,5,576,576,1.0087565674255692,0.8756567425569177,2,87,39,124,2,126,130,1.0161290322580645,1.6129032258064515,10,81.80001249999623,1185681408
validation,language,,sw,boundary_bpe,16384,observed,32,4405,4405,4397,2310,1.906926406926407,0.5253581987718899,0.5244040862656073,0,0.0,1.906926406926407,2,4,7,"{""1"": 1058, ""2"": 686, ""3"": 407, ""4"": 94, ""5"": 18, ""6"": 41, ""7"": 6}",16380,492,3.0036630036630036,1,0.04329004329004329,1,0.04329004329004329,2310,2278,0,0.0,0,0.0,0,660,0,660,0,660,660,1.0,0.0,1,47,29,76,1,77,77,1.013157894736842,1.3157894736842106,6,81.80001249999623,1185681408
validation,language,,ta,boundary_bpe,16384,observed,32,12193,12193,4517,2315,5.26695464362851,0.5125083019703343,0.18986303616829328,0,0.0,5.26695464362851,6,12,27,"{""1"": 557, ""10"": 18, ""12"": 127, ""15"": 50, ""18"": 24, ""2"": 29, ""21"": 8, ""24"": 1, ""27"": 2, ""3"": 509, ""4"": 3, ""6"": 654, ""7"": 7, ""9"": 326}",16380,374,2.283272283272283,7,0.3023758099352052,0,0.0,2315,2283,0,0.0,0,0.0,1,475,0,474,1,475,475,1.0021097046413503,0.2109704641350211,4,68,34,98,4,102,111,1.0408163265306123,4.081632653061225,18,81.80001249999623,1185681408
validation,language,,te,boundary_bpe,16384,observed,32,10409,10409,3954,2220,4.6887387387387385,0.5614567526555387,0.21327697185128255,0,0.0,4.6887387387387385,3,12,24,"{""1"": 563, ""10"": 15, ""12"": 75, ""15"": 34, ""18"": 9, ""19"": 2, ""2"": 43, ""21"": 2, ""24"": 1, ""3"": 522, ""4"": 1, ""6"": 731, ""7"": 10, ""9"": 212}",16380,422,2.5763125763125765,3,0.13513513513513514,0,0.0,2220,2188,0,0.0,0,0.0,6,486,0,480,6,486,486,1.0125,1.25,4,54,35,85,4,89,92,1.0470588235294118,4.705882352941177,15,81.80001249999623,1185681408
validation,language,,uk,boundary_bpe,16384,observed,32,7446,7446,4118,2380,3.1285714285714286,0.5779504613890238,0.319634703196347,0,0.0,3.1285714285714286,3,6,12,"{""1"": 664, ""10"": 14, ""12"": 4, ""2"": 501, ""3"": 27, ""4"": 817, ""5"": 6, ""6"": 282, ""8"": 64, ""9"": 1}",16380,469,2.8632478632478633,3,0.12605042016806722,0,0.0,2380,2348,0,0.0,0,0.0,0,555,0,555,0,555,555,1.0,0.0,0,93,31,124,0,124,126,1.0,0.0,8,81.80001249999623,1185681408
validation,language,,ur,boundary_bpe,16384,observed,32,6879,6879,3892,2442,2.8169533169533167,0.6274409044193217,0.3549934583515046,0,0.0,2.8169533169533167,2,6,14,"{""1"": 831, ""10"": 1, ""12"": 1, ""14"": 5, ""2"": 568, ""3"": 10, ""4"": 734, ""6"": 241, ""8"": 51}",16380,392,2.393162393162393,4,0.1638001638001638,1,0.04095004095004095,2442,2410,0,0.0,0,0.0,0,793,0,793,0,793,793,1.0,0.0,1,59,13,71,1,72,72,1.0140845070422535,1.408450704225352,8,81.80001249999623,1185681408
validation,language,,yo,boundary_bpe,16384,observed,32,5063,5063,3889,2754,1.83841684822077,0.7081511956801234,0.5439462769109223,8,0.29048656499636893,1.83841684822077,2,4,8,"{""1"": 1283, ""2"": 944, ""3"": 317, ""4"": 163, ""5"": 17, ""6"": 7, ""7"": 22, ""8"": 1}",16380,401,2.4481074481074483,18,0.6535947712418301,9,0.32679738562091504,2754,2722,0,0.0,0,0.0,0,718,0,718,0,718,718,1.0,0.0,1,57,20,76,1,77,78,1.013157894736842,1.3157894736842106,6,81.80001249999623,1185681408
validation,language,,zh,boundary_bpe,16384,observed,32,3769,3769,1485,1385,2.7212996389891697,0.9326599326599326,0.3674714778455824,78,5.631768953068592,2.7212996389891697,3,3,6,"{""1"": 234, ""2"": 62, ""3"": 1031, ""4"": 15, ""6"": 43}",16380,613,3.7423687423687424,186,13.429602888086643,80,5.776173285198556,1385,1353,0,0.0,0,0.0,0,63,0,63,0,63,63,1.0,0.0,5,118,19,132,5,137,138,1.0378787878787878,3.787878787878788,6,81.80001249999623,1185681408
validation,domain,flores200,,boundary_bpe,16384,observed,640,159677,159677,73015,44411,3.595438067145527,0.6082448811887968,0.27813022539251114,222,0.499876156807998,3.595438067145527,3,9,33,"{""1"": 12963, ""10"": 152, ""11"": 3, ""12"": 866, ""13"": 5, ""14"": 10, ""15"": 293, ""16"": 1, ""18"": 111, ""19"": 3, ""2"": 5082, ""21"": 27, ""22"": 7, ""24"": 14, ""27"": 3, ""3"": 9864, ""33"": 1, ""4"": 4831, ""5"": 69, ""6"": 7619, ""7"": 113, ""8"": 369, ""9"": 2005}",16380,6220,37.97313797313797,563,1.2677039472202833,231,0.5201414064083223,44411,43771,0,0.0,0,0.0,68,10559,0,10491,64,10559,10559,1.006481746258698,0.6100467067009818,45,1315,575,1846,44,1891,1945,1.024377031419285,2.38353196099675,15,81.80001249999623,1185681408
validation,aggregate,,,boundary_bpe,16384,observed,640,159677,159677,73015,44411,3.595438067145527,0.6082448811887968,0.27813022539251114,222,0.499876156807998,3.595438067145527,3,9,33,"{""1"": 12963, ""10"": 152, ""11"": 3, ""12"": 866, ""13"": 5, ""14"": 10, ""15"": 293, ""16"": 1, ""18"": 111, ""19"": 3, ""2"": 5082, ""21"": 27, ""22"": 7, ""24"": 14, ""27"": 3, ""3"": 9864, ""33"": 1, ""4"": 4831, ""5"": 69, ""6"": 7619, ""7"": 113, ""8"": 369, ""9"": 2005}",16380,6220,37.97313797313797,563,1.2677039472202833,231,0.5201414064083223,44411,43771,0,0.0,0,0.0,68,10559,0,10491,64,10559,10559,1.006481746258698,0.6100467067009818,45,1315,575,1846,44,1891,1945,1.024377031419285,2.38353196099675,15,81.80001249999623,1185681408
train,stratum,code,c,uniq_superbpe_r64,16384,observed,32,51063,51063,51060,22191,2.3010680005407598,0.4346063454759107,0.434580811938194,0,0.0,2.3010680005407598,1,7,16,"{""1"": 11747, ""10"": 160, ""11"": 107, ""12"": 82, ""13"": 66, ""14"": 14, ""15"": 12, ""16"": 42, ""2"": 4071, ""3"": 2553, ""4"": 1434, ""5"": 609, ""6"": 558, ""7"": 348, ""8"": 209, ""9"": 179}",16380,1392,8.498168498168498,3,0.0135189941868325,0,0.0,24259,24227,2068,8.5359309860899,299,1.3473930872876392,350,2344,3696,5926,275,6276,9740,1.0590617617279785,4.640566992912588,1956,5166,709,4093,567,6049,6116,1.477889078915221,13.85291961886147,11,164.34531380000408,642355200
train,stratum,code,cpp,uniq_superbpe_r64,16384,observed,32,54217,54217,54213,22438,2.41630270077547,0.4138859683101839,0.41385543279783094,0,0.0,2.41630270077547,1,7,16,"{""1"": 11675, ""10"": 173, ""11"": 73, ""12"": 100, ""13"": 109, ""14"": 5, ""15"": 11, ""16"": 82, ""2"": 3860, ""3"": 2532, ""4"": 1539, ""5"": 754, ""6"": 662, ""7"": 451, ""8"": 234, ""9"": 178}",16380,1496,9.133089133089133,0,0.0,0,0.0,24427,24395,1989,8.153310104529616,306,1.363757910687227,298,2315,3097,5352,218,5650,9575,1.055680119581465,4.073243647234679,1707,5290,669,4478,966,6185,6268,1.3811969629298795,21.572130415364,12,164.34531380000408,642355200
train,stratum,code,go,uniq_superbpe_r64,16384,observed,32,56813,56813,56813,24230,2.3447379281881964,0.4264868956048792,0.4264868956048792,0,0.0,2.3447379281881964,2,7,16,"{""1"": 12067, ""10"": 103, ""11"": 62, ""12"": 48, ""13"": 18, ""14"": 3, ""15"": 8, ""16"": 30, ""2"": 4241, ""3"": 3273, ""4"": 1934, ""5"": 636, ""6"": 824, ""7"": 574, ""8"": 278, ""9"": 131}",16380,1431,8.736263736263735,4,0.01650846058605035,0,0.0,24860,24828,630,2.5374577090381827,116,0.47874535699546017,110,3150,3246,6386,87,6496,9031,1.017225180081428,1.3623551518947699,1030,5993,359,5404,868,6434,6454,1.19059955588453,16.06217616580311,10,164.34531380000408,642355200
train,stratum,code,java,uniq_superbpe_r64,16384,observed,32,43999,43999,43605,16134,2.7270980537994296,0.3700034399724802,0.3666901520489102,0,0.0,2.7270980537994296,2,8,16,"{""1"": 7495, ""10"": 229, ""11"": 87, ""12"": 63, ""13"": 54, ""14"": 2, ""15"": 33, ""16"": 38, ""2"": 2299, ""3"": 2298, ""4"": 1379, ""5"": 578, ""6"": 793, ""7"": 443, ""8"": 176, ""9"": 167}",16380,1392,8.498168498168498,10,0.06198090987975703,0,0.0,17616,17584,1482,8.428116469517743,279,1.7292673856452212,190,1507,2332,3775,174,3965,7594,1.0503311258278145,4.6092715231788075,805,3490,475,3273,482,4078,4145,1.245951726245035,14.726550565230676,12,164.34531380000408,642355200
train,stratum,code,javascript,uniq_superbpe_r64,16384,observed,32,38980,38980,38152,17947,2.171950743856912,0.4704078423149507,0.460415597742432,0,0.0,2.171950743856912,1,6,16,"{""1"": 9938, ""10"": 50, ""11"": 26, ""12"": 21, ""13"": 33, ""14"": 3, ""15"": 1, ""16"": 23, ""2"": 3129, ""3"": 2028, ""4"": 880, ""5"": 632, ""6"": 544, ""7"": 345, ""8"": 197, ""9"": 97}",16380,1343,8.199023199023198,24,0.1337270853067365,0,0.0,19656,19624,1709,8.708724011414594,158,0.8803699782693486,150,1711,2004,3702,106,3852,7448,1.040518638573744,2.863317125877904,1658,5213,563,4230,1247,5888,5941,1.3919621749408984,29.479905437352247,9,164.34531380000408,642355200
train,stratum,code,python,uniq_superbpe_r64,16384,observed,32,48487,48487,48387,19038,2.546853661098855,0.39345278690557384,0.39264132654113476,0,0.0,2.546853661098855,2,7,16,"{""1"": 9070, ""10"": 29, ""11"": 27, ""12"": 39, ""13"": 63, ""15"": 14, ""16"": 75, ""2"": 2741, ""3"": 2875, ""4"": 1723, ""5"": 902, ""6"": 578, ""7"": 384, ""8"": 194, ""9"": 324}",16380,1430,8.73015873015873,13,0.06828448366425045,0,0.0,20390,20358,1352,6.641123882503193,65,0.34142241832125225,160,1998,2588,4625,95,4785,10776,1.0345945945945947,2.054054054054054,1339,4858,309,3862,748,5201,5228,1.3467115484205074,19.368203003625066,12,164.34531380000408,642355200
train,stratum,code,rust,uniq_superbpe_r64,16384,observed,32,56922,56922,56922,25423,2.2389961845572905,0.44662872000281084,0.44662872000281084,0,0.0,2.2389961845572905,1,6,16,"{""1"": 14014, ""10"": 116, ""11"": 38, ""12"": 31, ""13"": 139, ""15"": 5, ""16"": 69, ""2"": 4011, ""3"": 2964, ""4"": 1632, ""5"": 1006, ""6"": 713, ""7"": 383, ""8"": 177, ""9"": 125}",16380,1397,8.528693528693529,6,0.023600676552727844,0,0.0,27490,27458,2067,7.527860732755481,117,0.46021319277819295,172,2625,3668,6228,156,6400,13231,1.027617212588311,2.504816955684008,2693,7619,868,5827,1951,8520,8582,1.4621589153938561,33.48206624334992,11,164.34531380000408,642355200
train,stratum,code,sql,uniq_superbpe_r64,16384,observed,32,36373,36373,36088,16803,2.1646729750639766,0.46561183772999337,0.4619635443873203,0,0.0,2.1646729750639766,1,7,16,"{""1"": 9435, ""10"": 35, ""11"": 61, ""12"": 3, ""13"": 14, ""14"": 2, ""15"": 20, ""16"": 51, ""2"": 3099, ""3"": 1752, ""4"": 944, ""5"": 333, ""6"": 366, ""7"": 258, ""8"": 212, ""9"": 218}",16380,1196,7.301587301587301,8,0.0476105457358805,0,0.0,18027,17995,1224,6.801889413726035,283,1.6842230554067725,129,1769,2138,3925,119,4054,6655,1.0328662420382166,3.031847133757962,1298,3942,342,3103,558,4401,4498,1.4183048662584596,17.98259748630358,10,164.34531380000408,642355200
train,stratum,code,typescript,uniq_superbpe_r64,16384,observed,32,43989,43989,43698,16645,2.642775608290778,0.3809098814591057,0.37839005205846915,0,0.0,2.642775608290778,2,7,16,"{""1"": 8077, ""10"": 111, ""11"": 224, ""12"": 12, ""13"": 20, ""14"": 48, ""15"": 1, ""16"": 12, ""2"": 2495, ""3"": 2102, ""4"": 1125, ""5"": 637, ""6"": 869, ""7"": 574, ""8"": 200, ""9"": 138}",16380,1413,8.626373626373626,11,0.06608591168519075,0,0.0,19137,19105,2492,13.043705836168542,376,2.258936617602884,113,1682,2602,4263,80,4376,8393,1.0265071545859723,1.8766127140511377,1059,3565,723,3292,727,4351,4406,1.321688942891859,22.083839611178615,11,164.34531380000408,642355200
train,stratum,cyrillic_african,am,uniq_superbpe_r64,16384,observed,32,147317,147317,59501,35689,4.127798481324778,0.5998050452933564,0.24225988853967975,0,0.0,4.127798481324778,3,10,22,"{""1"": 4321, ""10"": 1349, ""12"": 39, ""13"": 350, ""15"": 55, ""16"": 179, ""18"": 13, ""19"": 54, ""2"": 584, ""21"": 12, ""22"": 8, ""3"": 17011, ""4"": 3703, ""5"": 18, ""6"": 4522, ""7"": 3181, ""8"": 1, ""9"": 289}",16380,1292,7.887667887667888,101,0.2830003642578946,0,0.0,35751,35719,62,0.17357708782440717,12,0.033623805654403316,0,1993,9210,11206,0,11206,11206,1.0,0.0,702,2754,53,2105,543,2807,2807,1.3334916864608075,25.795724465558195,13,164.34531380000408,642355200
train,stratum,cyrillic_african,bg,uniq_superbpe_r64,16384,observed,32,102609,102609,58537,24190,4.2417941298057045,0.4132429061960811,0.23574930074359948,0,0.0,4.2417941298057045,4,9,21,"{""1"": 4080, ""10"": 178, ""11"": 279, ""12"": 78, ""13"": 218, ""14"": 26, ""15"": 95, ""16"": 8, ""17"": 57, ""18"": 13, ""19"": 8, ""2"": 3692, ""21"": 34, ""3"": 2427, ""4"": 4286, ""5"": 3232, ""6"": 2710, ""7"": 999, ""8"": 1228, ""9"": 542}",16380,1723,10.518925518925519,24,0.09921455146754857,0,0.0,24259,24227,69,0.28480620794980804,5,0.02066969822240595,0,1059,7913,8973,0,8973,8973,1.0,0.0,325,2234,67,1976,258,2301,2303,1.1644736842105263,13.05668016194332,13,164.34531380000408,642355200
train,stratum,cyrillic_african,ru,uniq_superbpe_r64,16384,observed,32,106212,106212,58870,23171,4.583833239825644,0.3935960591133005,0.21815802357549052,0,0.0,4.583833239825644,4,11,31,"{""1"": 3199, ""10"": 364, ""11"": 512, ""12"": 171, ""13"": 156, ""14"": 76, ""15"": 168, ""16"": 8, ""17"": 68, ""18"": 15, ""19"": 59, ""2"": 3770, ""21"": 39, ""25"": 8, ""3"": 2041, ""31"": 8, ""4"": 4652, ""5"": 2046, ""6"": 2992, ""7"": 1240, ""8"": 1209, ""9"": 370}",16380,1677,10.238095238095237,22,0.09494626904320055,0,0.0,23252,23220,81,0.3488372093023256,3,0.012947218505890985,0,1023,6788,7811,0,7811,7811,1.0,0.0,275,1834,80,1640,220,1915,1917,1.1676829268292683,13.414634146341463,15,164.34531380000408,642355200
train,stratum,cyrillic_african,sw,uniq_superbpe_r64,16384,observed,32,62449,62449,62216,27645,2.2589618375836498,0.4443390767648193,0.4426812278819517,26,0.09404955688189547,2.2589618375836498,2,4,11,"{""1"": 7502, ""10"": 22, ""11"": 1, ""2"": 8818, ""3"": 9247, ""4"": 1427, ""5"": 361, ""6"": 64, ""7"": 192, ""8"": 1, ""9"": 10}",16380,1092,6.666666666666667,6,0.02170374389582203,0,0.0,27740,27708,95,0.34286126750396995,9,0.032555615843733045,5,1198,7906,9101,5,9106,9106,1.0005493901769036,0.054939017690363696,305,1660,91,1448,263,1753,1753,1.2106353591160222,18.162983425414364,6,164.34531380000408,642355200
train,stratum,cyrillic_african,uk,uniq_superbpe_r64,16384,observed,32,95676,95676,53182,23168,4.129661602209945,0.435636117483359,0.24215059157991556,0,0.0,4.129661602209945,4,9,21,"{""1"": 3422, ""10"": 276, ""11"": 189, ""12"": 80, ""13"": 85, ""14"": 45, ""15"": 159, ""16"": 8, ""17"": 50, ""18"": 13, ""19"": 48, ""2"": 4814, ""21"": 17, ""3"": 2016, ""4"": 4958, ""5"": 1890, ""6"": 2581, ""7"": 1080, ""8"": 1083, ""9"": 354}",16380,1553,9.481074481074481,45,0.19423342541436464,0,0.0,23300,23268,132,0.5673027333677153,2,0.008632596685082873,0,1091,6002,7093,0,7093,7093,1.0,0.0,316,2038,127,1849,283,2165,2167,1.1709031909140075,15.305570578691185,15,164.34531380000408,642355200
train,stratum,cyrillic_african,yo,uniq_superbpe_r64,16384,observed,32,69432,69432,59766,27160,2.55640648011782,0.45443897868353245,0.391174098398433,0,0.0,2.55640648011782,2,5,9,"{""1"": 7220, ""2"": 7235, ""3"": 7835, ""4"": 2303, ""5"": 1353, ""6"": 320, ""7"": 852, ""8"": 2, ""9"": 40}",16380,1062,6.483516483516484,14,0.05154639175257732,0,0.0,27453,27421,293,1.068524123846687,212,0.780559646539028,0,1818,9463,11487,0,11487,11487,1.0,0.0,267,1777,82,1592,237,1859,1859,1.1677135678391959,14.886934673366834,7,164.34531380000408,642355200
train,stratum,indic_cjk_arabic,ar,uniq_superbpe_r64,16384,observed,32,97740,97740,54940,24423,4.0019653605208205,0.4445394976337823,0.24987722529158993,702,2.874339761700037,4.0019653605208205,4,9,23,"{""1"": 3532, ""10"": 106, ""11"": 294, ""12"": 16, ""13"": 71, ""15"": 117, ""17"": 42, ""19"": 8, ""2"": 4966, ""21"": 8, ""23"": 10, ""3"": 1785, ""4"": 6014, ""5"": 2756, ""6"": 1683, ""7"": 2116, ""8"": 344, ""9"": 555}",16380,1414,8.632478632478632,29,0.11874053146624083,0,0.0,24450,24418,27,0.110574166598411,2,0.008189002170085575,0,1058,7779,8838,0,8838,8838,1.0,0.0,331,1731,26,1426,269,1757,1757,1.2321178120617111,18.863955119214587,13,164.34531380000408,642355200
train,stratum,indic_cjk_arabic,bn,uniq_superbpe_r64,16384,observed,32,152004,152004,58399,33503,4.53702653493717,0.5736913303309988,0.22040867345596168,5466,16.314956869534072,4.53702653493717,3,10,24,"{""1"": 8559, ""10"": 1100, ""11"": 9, ""12"": 696, ""13"": 554, ""15"": 43, ""16"": 199, ""19"": 40, ""2"": 398, ""22"": 29, ""24"": 14, ""3"": 8935, ""4"": 707, ""5"": 19, ""6"": 7071, ""7"": 3945, ""8"": 1, ""9"": 1184}",16380,935,5.708180708180708,21,0.06268095394442288,0,0.0,33960,33928,457,1.3469700542324923,8,0.023878458645494434,0,1632,6882,8515,0,8515,8515,1.0,0.0,232,1555,105,1429,220,1661,1661,1.1623512946116166,15.395381385584324,13,164.34531380000408,642355200
train,stratum,indic_cjk_arabic,fa,uniq_superbpe_r64,16384,observed,32,93798,93798,52677,20116,4.662855438456949,0.38187444235624657,0.21446086270496173,18,0.08948101014118115,4.662855438456949,4,11,17,"{""1"": 2254, ""10"": 92, ""11"": 624, ""12"": 29, ""13"": 176, ""15"": 169, ""16"": 13, ""17"": 18, ""2"": 3299, ""3"": 1557, ""4"": 3274, ""5"": 3850, ""6"": 1463, ""7"": 1777, ""8"": 446, ""9"": 1075}",16380,1378,8.412698412698413,23,0.11433684629150925,0,0.0,20145,20113,29,0.14418535275692337,2,0.00994233446013124,0,782,9148,9930,0,9930,9930,1.0,0.0,236,1376,29,1169,191,1405,1405,1.2018819503849445,16.33875106928999,13,164.34531380000408,642355200
train,stratum,indic_cjk_arabic,gu,uniq_superbpe_r64,16384,observed,32,146974,146974,58881,31435,4.675489104501352,0.5338734056826481,0.21388136677235428,5193,16.519802767615715,4.675489104501352,4,10,22,"{""1"": 8166, ""10"": 1537, ""12"": 281, ""13"": 447, ""15"": 47, ""16"": 128, ""19"": 71, ""2"": 672, ""22"": 9, ""3"": 5700, ""4"": 1977, ""5"": 48, ""6"": 6332, ""7"": 4404, ""8"": 1, ""9"": 1615}",16380,1136,6.9352869352869355,33,0.10497852711945284,0,0.0,31475,31443,40,0.12721432433291988,9,0.02863050739621441,0,716,9007,9723,0,9723,9723,1.0,0.0,256,1593,37,1374,189,1630,1630,1.1863173216885008,13.755458515283843,13,164.34531380000408,642355200
train,stratum,indic_cjk_arabic,hi,uniq_superbpe_r64,16384,observed,32,153237,153237,61359,29656,5.167149986512005,0.48331948043481804,0.1935302831561568,3888,13.110331804693823,5.167149986512005,6,10,25,"{""1"": 6618, ""10"": 1591, ""11"": 1, ""12"": 267, ""13"": 837, ""14"": 5, ""15"": 48, ""16"": 126, ""17"": 70, ""18"": 4, ""19"": 41, ""2"": 412, ""22"": 8, ""25"": 4, ""3"": 5217, ""4"": 967, ""5"": 13, ""6"": 5297, ""7"": 6935, ""9"": 1195}",16380,1270,7.753357753357753,7,0.023603992446722417,0,0.0,29924,29892,268,0.8965609527632812,148,0.4990558403021311,0,847,10885,11810,0,11810,11810,1.0,0.0,245,1643,49,1447,222,1692,1692,1.1693158258465792,15.342087076710435,15,164.34531380000408,642355200
train,stratum,indic_cjk_arabic,ja,uniq_superbpe_r64,16384,observed,32,142468,142468,61333,42731,3.3340666027006156,0.696704873396051,0.2999340202712188,0,0.0,3.3340666027006156,3,9,39,"{""1"": 9028, ""10"": 153, ""12"": 1080, ""15"": 107, ""18"": 61, ""2"": 2911, ""3"": 23081, ""39"": 11, ""4"": 606, ""5"": 68, ""6"": 4117, ""7"": 142, ""8"": 1, ""9"": 1365}",16380,3018,18.424908424908423,1196,2.7989047763918466,0,0.0,42842,42810,111,0.2592852137351086,3,0.0070206641548290465,0,2284,2150,4436,0,4436,4436,1.0,0.0,562,4443,201,4082,425,4644,4644,1.1376776090151886,10.41156295933366,12,164.34531380000408,642355200
train,stratum,indic_cjk_arabic,kn,uniq_superbpe_r64,16384,observed,32,153841,153841,60531,31850,4.8301726844583985,0.5261766698055542,0.2070319355698416,2250,7.06436420722135,4.8301726844583985,6,9,16,"{""1"": 6139, ""10"": 1055, ""12"": 237, ""13"": 116, ""16"": 17, ""2"": 1025, ""3"": 5088, ""4"": 1328, ""5"": 35, ""6"": 11733, ""7"": 3179, ""8"": 6, ""9"": 1892}",16380,1318,8.046398046398046,54,0.1695447409733124,0,0.0,31911,31879,61,0.19134853665422377,8,0.02511773940345369,0,950,6293,7243,0,7243,7243,1.0,0.0,239,1605,57,1423,205,1662,1662,1.167955024595924,14.406184118060436,12,164.34531380000408,642355200
train,stratum,indic_cjk_arabic,ko,uniq_superbpe_r64,16384,observed,32,118352,118352,51206,34638,3.416825451815925,0.6764441666992149,0.2926693254021901,5,0.014435013568912755,3.416825451815925,3,7,15,"{""1"": 6177, ""10"": 569, ""12"": 257, ""13"": 15, ""15"": 22, ""2"": 929, ""3"": 17327, ""4"": 5082, ""5"": 19, ""6"": 1651, ""7"": 2300, ""8"": 2, ""9"": 288}",16380,2017,12.313797313797314,1036,2.9909348114787226,0,0.0,34778,34746,140,0.4029240775916652,2,0.005774005427565102,1,2520,8533,11052,1,11053,11053,1.0000904813608396,0.009048136083966703,489,2795,137,2443,386,2932,2934,1.2001637331150226,15.800245599672534,10,164.34531380000408,642355200
train,stratum,indic_cjk_arabic,ml,uniq_superbpe_r64,16384,observed,32,137273,137273,52226,26326,5.214350831877232,0.5040784283690116,0.19177842693027763,4215,16.01078781432804,5.214350831877232,6,12,25,"{""1"": 6807, ""10"": 336, ""12"": 2080, ""13"": 183, ""15"": 409, ""16"": 140, ""18"": 59, ""19"": 75, ""2"": 530, ""21"": 15, ""22"": 8, ""25"": 10, ""3"": 4247, ""4"": 1510, ""5"": 42, ""6"": 5668, ""7"": 1875, ""8"": 8, ""9"": 2324}",16380,1045,6.37973137973138,18,0.06837347109321583,0,0.0,26377,26345,51,0.19358512051622698,27,0.10256020663982375,0,642,4553,5197,0,5197,5197,1.0,0.0,205,1330,48,1173,171,1378,1378,1.174765558397272,14.578005115089514,16,164.34531380000408,642355200
train,stratum,indic_cjk_arabic,mr,uniq_superbpe_r64,16384,observed,32,145113,145113,56571,28291,5.129299070375738,0.5000972229587598,0.19495841172052125,3624,12.809727475168781,5.129299070375738,6,12,25,"{""1"": 6370, ""10"": 1224, ""11"": 1, ""12"": 1010, ""13"": 424, ""15"": 171, ""16"": 258, ""18"": 16, ""19"": 110, ""2"": 531, ""21"": 9, ""22"": 22, ""25"": 14, ""3"": 5485, ""4"": 973, ""5"": 40, ""6"": 6693, ""7"": 3730, ""8"": 1, ""9"": 1209}",16380,1348,8.229548229548229,7,0.024742851083383408,0,0.0,28350,28318,59,0.20834804717847305,13,0.0459510091548549,0,720,7059,7780,0,7780,7780,1.0,0.0,227,1495,52,1323,187,1550,1551,1.1715797430083144,14.134542705971278,16,164.34531380000408,642355200
train,stratum,indic_cjk_arabic,ta,uniq_superbpe_r64,16384,observed,32,140738,140738,53567,26740,5.26320119670905,0.49918793286911717,0.18999843681166423,720,2.6925953627524306,5.26320119670905,6,10,15,"{""1"": 4439, ""10"": 1396, ""12"": 73, ""13"": 124, ""15"": 8, ""2"": 492, ""3"": 3920, ""4"": 63, ""5"": 23, ""6"": 11469, ""7"": 2395, ""8"": 1, ""9"": 2337}",16380,869,5.305250305250305,5,0.018698578908002993,0,0.0,26845,26813,105,0.3916010890239809,18,0.06731488406881077,0,1456,4335,5791,0,5791,5791,1.0,0.0,431,1686,99,1357,296,1788,1788,1.3176123802505526,21.812822402358144,10,164.34531380000408,642355200
train,stratum,indic_cjk_arabic,te,uniq_superbpe_r64,16384,observed,32,158103,158103,60933,31263,5.057192208041455,0.5130717345280882,0.19773818333617957,2895,9.260147778524134,5.057192208041455,6,10,25,"{""1"": 6724, ""10"": 662, ""12"": 854, ""13"": 225, ""15"": 138, ""16"": 247, ""18"": 39, ""19"": 28, ""2"": 617, ""22"": 8, ""25"": 8, ""3"": 4508, ""4"": 1167, ""5"": 22, ""6"": 11006, ""7"": 3352, ""8"": 4, ""9"": 1654}",16380,1102,6.727716727716728,25,0.07996673383872309,0,0.0,31355,31323,92,0.2937138843661207,2,0.006397338707097847,0,1388,6100,7488,0,7488,7488,1.0,0.0,359,1853,85,1580,301,1939,1939,1.2272151898734178,19.050632911392405,16,164.34531380000408,642355200
train,stratum,indic_cjk_arabic,ur,uniq_superbpe_r64,16384,observed,32,112341,112341,64366,25024,4.489330242966752,0.38877668334213716,0.22275037608709197,403,1.6104539641943734,4.489330242966752,4,9,21,"{""1"": 2865, ""10"": 101, ""11"": 456, ""12"": 134, ""13"": 192, ""15"": 90, ""19"": 13, ""2"": 4656, ""21"": 11, ""3"": 1570, ""4"": 3820, ""5"": 5675, ""6"": 1161, ""7"": 2732, ""8"": 181, ""9"": 1367}",16380,1572,9.597069597069597,37,0.14785805626598467,0,0.0,25230,25198,206,0.8175252004127311,189,0.7552749360613811,0,1081,12276,13545,0,13545,13545,1.0,0.0,248,1757,18,1527,229,1775,1777,1.1624099541584807,14.996725605762935,13,164.34531380000408,642355200
train,stratum,indic_cjk_arabic,zh,uniq_superbpe_r64,16384,observed,32,130086,130086,53452,41779,3.1136695469015536,0.7816171518371623,0.3211644604338668,4,0.009574187989181167,3.1136695469015536,3,6,12,"{""1"": 6879, ""10"": 99, ""12"": 763, ""2"": 1805, ""3"": 28387, ""4"": 371, ""5"": 45, ""6"": 2542, ""7"": 329, ""8"": 5, ""9"": 554}",16380,3653,22.3015873015873,2877,6.886234711218555,0,0.0,42239,42207,460,1.089866609804061,1,0.002393546997295292,0,1945,1808,3755,0,3755,3755,1.0,0.0,365,3418,182,3235,285,3600,3602,1.1128284389489953,8.809891808346213,12,164.34531380000408,642355200
train,stratum,latin_english,en,uniq_superbpe_r64,16384,observed,32,59492,59492,59076,23846,2.494841902205821,0.4036495361906696,0.400827001949842,0,0.0,2.494841902205821,2,5,12,"{""1"": 6900, ""10"": 16, ""11"": 52, ""12"": 1, ""2"": 5703, ""3"": 6926, ""4"": 2779, ""5"": 825, ""6"": 254, ""7"": 260, ""8"": 91, ""9"": 39}",16380,1610,9.82905982905983,32,0.13419441415751068,0,0.0,24100,24068,254,1.0553431942828653,164,0.6877463725572424,3,1599,7542,9298,3,9301,9301,1.000322650032265,0.032265003226500326,332,2003,92,1764,266,2096,2096,1.1882086167800454,15.079365079365079,7,164.34531380000408,642355200
train,language,,am,uniq_superbpe_r64,16384,observed,32,147317,147317,59501,35689,4.127798481324778,0.5998050452933564,0.24225988853967975,0,0.0,4.127798481324778,3,10,22,"{""1"": 4321, ""10"": 1349, ""12"": 39, ""13"": 350, ""15"": 55, ""16"": 179, ""18"": 13, ""19"": 54, ""2"": 584, ""21"": 12, ""22"": 8, ""3"": 17011, ""4"": 3703, ""5"": 18, ""6"": 4522, ""7"": 3181, ""8"": 1, ""9"": 289}",16380,1292,7.887667887667888,101,0.2830003642578946,0,0.0,35751,35719,62,0.17357708782440717,12,0.033623805654403316,0,1993,9210,11206,0,11206,11206,1.0,0.0,702,2754,53,2105,543,2807,2807,1.3334916864608075,25.795724465558195,13,164.34531380000408,642355200
train,language,,ar,uniq_superbpe_r64,16384,observed,32,97740,97740,54940,24423,4.0019653605208205,0.4445394976337823,0.24987722529158993,702,2.874339761700037,4.0019653605208205,4,9,23,"{""1"": 3532, ""10"": 106, ""11"": 294, ""12"": 16, ""13"": 71, ""15"": 117, ""17"": 42, ""19"": 8, ""2"": 4966, ""21"": 8, ""23"": 10, ""3"": 1785, ""4"": 6014, ""5"": 2756, ""6"": 1683, ""7"": 2116, ""8"": 344, ""9"": 555}",16380,1414,8.632478632478632,29,0.11874053146624083,0,0.0,24450,24418,27,0.110574166598411,2,0.008189002170085575,0,1058,7779,8838,0,8838,8838,1.0,0.0,331,1731,26,1426,269,1757,1757,1.2321178120617111,18.863955119214587,13,164.34531380000408,642355200
train,language,,bg,uniq_superbpe_r64,16384,observed,32,102609,102609,58537,24190,4.2417941298057045,0.4132429061960811,0.23574930074359948,0,0.0,4.2417941298057045,4,9,21,"{""1"": 4080, ""10"": 178, ""11"": 279, ""12"": 78, ""13"": 218, ""14"": 26, ""15"": 95, ""16"": 8, ""17"": 57, ""18"": 13, ""19"": 8, ""2"": 3692, ""21"": 34, ""3"": 2427, ""4"": 4286, ""5"": 3232, ""6"": 2710, ""7"": 999, ""8"": 1228, ""9"": 542}",16380,1723,10.518925518925519,24,0.09921455146754857,0,0.0,24259,24227,69,0.28480620794980804,5,0.02066969822240595,0,1059,7913,8973,0,8973,8973,1.0,0.0,325,2234,67,1976,258,2301,2303,1.1644736842105263,13.05668016194332,13,164.34531380000408,642355200
train,language,,bn,uniq_superbpe_r64,16384,observed,32,152004,152004,58399,33503,4.53702653493717,0.5736913303309988,0.22040867345596168,5466,16.314956869534072,4.53702653493717,3,10,24,"{""1"": 8559, ""10"": 1100, ""11"": 9, ""12"": 696, ""13"": 554, ""15"": 43, ""16"": 199, ""19"": 40, ""2"": 398, ""22"": 29, ""24"": 14, ""3"": 8935, ""4"": 707, ""5"": 19, ""6"": 7071, ""7"": 3945, ""8"": 1, ""9"": 1184}",16380,935,5.708180708180708,21,0.06268095394442288,0,0.0,33960,33928,457,1.3469700542324923,8,0.023878458645494434,0,1632,6882,8515,0,8515,8515,1.0,0.0,232,1555,105,1429,220,1661,1661,1.1623512946116166,15.395381385584324,13,164.34531380000408,642355200
train,language,,c,uniq_superbpe_r64,16384,observed,32,51063,51063,51060,22191,2.3010680005407598,0.4346063454759107,0.434580811938194,0,0.0,2.3010680005407598,1,7,16,"{""1"": 11747, ""10"": 160, ""11"": 107, ""12"": 82, ""13"": 66, ""14"": 14, ""15"": 12, ""16"": 42, ""2"": 4071, ""3"": 2553, ""4"": 1434, ""5"": 609, ""6"": 558, ""7"": 348, ""8"": 209, ""9"": 179}",16380,1392,8.498168498168498,3,0.0135189941868325,0,0.0,24259,24227,2068,8.5359309860899,299,1.3473930872876392,350,2344,3696,5926,275,6276,9740,1.0590617617279785,4.640566992912588,1956,5166,709,4093,567,6049,6116,1.477889078915221,13.85291961886147,11,164.34531380000408,642355200
train,language,,cpp,uniq_superbpe_r64,16384,observed,32,54217,54217,54213,22438,2.41630270077547,0.4138859683101839,0.41385543279783094,0,0.0,2.41630270077547,1,7,16,"{""1"": 11675, ""10"": 173, ""11"": 73, ""12"": 100, ""13"": 109, ""14"": 5, ""15"": 11, ""16"": 82, ""2"": 3860, ""3"": 2532, ""4"": 1539, ""5"": 754, ""6"": 662, ""7"": 451, ""8"": 234, ""9"": 178}",16380,1496,9.133089133089133,0,0.0,0,0.0,24427,24395,1989,8.153310104529616,306,1.363757910687227,298,2315,3097,5352,218,5650,9575,1.055680119581465,4.073243647234679,1707,5290,669,4478,966,6185,6268,1.3811969629298795,21.572130415364,12,164.34531380000408,642355200
train,language,,en,uniq_superbpe_r64,16384,observed,32,59492,59492,59076,23846,2.494841902205821,0.4036495361906696,0.400827001949842,0,0.0,2.494841902205821,2,5,12,"{""1"": 6900, ""10"": 16, ""11"": 52, ""12"": 1, ""2"": 5703, ""3"": 6926, ""4"": 2779, ""5"": 825, ""6"": 254, ""7"": 260, ""8"": 91, ""9"": 39}",16380,1610,9.82905982905983,32,0.13419441415751068,0,0.0,24100,24068,254,1.0553431942828653,164,0.6877463725572424,3,1599,7542,9298,3,9301,9301,1.000322650032265,0.032265003226500326,332,2003,92,1764,266,2096,2096,1.1882086167800454,15.079365079365079,7,164.34531380000408,642355200
train,language,,fa,uniq_superbpe_r64,16384,observed,32,93798,93798,52677,20116,4.662855438456949,0.38187444235624657,0.21446086270496173,18,0.08948101014118115,4.662855438456949,4,11,17,"{""1"": 2254, ""10"": 92, ""11"": 624, ""12"": 29, ""13"": 176, ""15"": 169, ""16"": 13, ""17"": 18, ""2"": 3299, ""3"": 1557, ""4"": 3274, ""5"": 3850, ""6"": 1463, ""7"": 1777, ""8"": 446, ""9"": 1075}",16380,1378,8.412698412698413,23,0.11433684629150925,0,0.0,20145,20113,29,0.14418535275692337,2,0.00994233446013124,0,782,9148,9930,0,9930,9930,1.0,0.0,236,1376,29,1169,191,1405,1405,1.2018819503849445,16.33875106928999,13,164.34531380000408,642355200
train,language,,go,uniq_superbpe_r64,16384,observed,32,56813,56813,56813,24230,2.3447379281881964,0.4264868956048792,0.4264868956048792,0,0.0,2.3447379281881964,2,7,16,"{""1"": 12067, ""10"": 103, ""11"": 62, ""12"": 48, ""13"": 18, ""14"": 3, ""15"": 8, ""16"": 30, ""2"": 4241, ""3"": 3273, ""4"": 1934, ""5"": 636, ""6"": 824, ""7"": 574, ""8"": 278, ""9"": 131}",16380,1431,8.736263736263735,4,0.01650846058605035,0,0.0,24860,24828,630,2.5374577090381827,116,0.47874535699546017,110,3150,3246,6386,87,6496,9031,1.017225180081428,1.3623551518947699,1030,5993,359,5404,868,6434,6454,1.19059955588453,16.06217616580311,10,164.34531380000408,642355200
train,language,,gu,uniq_superbpe_r64,16384,observed,32,146974,146974,58881,31435,4.675489104501352,0.5338734056826481,0.21388136677235428,5193,16.519802767615715,4.675489104501352,4,10,22,"{""1"": 8166, ""10"": 1537, ""12"": 281, ""13"": 447, ""15"": 47, ""16"": 128, ""19"": 71, ""2"": 672, ""22"": 9, ""3"": 5700, ""4"": 1977, ""5"": 48, ""6"": 6332, ""7"": 4404, ""8"": 1, ""9"": 1615}",16380,1136,6.9352869352869355,33,0.10497852711945284,0,0.0,31475,31443,40,0.12721432433291988,9,0.02863050739621441,0,716,9007,9723,0,9723,9723,1.0,0.0,256,1593,37,1374,189,1630,1630,1.1863173216885008,13.755458515283843,13,164.34531380000408,642355200
train,language,,hi,uniq_superbpe_r64,16384,observed,32,153237,153237,61359,29656,5.167149986512005,0.48331948043481804,0.1935302831561568,3888,13.110331804693823,5.167149986512005,6,10,25,"{""1"": 6618, ""10"": 1591, ""11"": 1, ""12"": 267, ""13"": 837, ""14"": 5, ""15"": 48, ""16"": 126, ""17"": 70, ""18"": 4, ""19"": 41, ""2"": 412, ""22"": 8, ""25"": 4, ""3"": 5217, ""4"": 967, ""5"": 13, ""6"": 5297, ""7"": 6935, ""9"": 1195}",16380,1270,7.753357753357753,7,0.023603992446722417,0,0.0,29924,29892,268,0.8965609527632812,148,0.4990558403021311,0,847,10885,11810,0,11810,11810,1.0,0.0,245,1643,49,1447,222,1692,1692,1.1693158258465792,15.342087076710435,15,164.34531380000408,642355200
train,language,,ja,uniq_superbpe_r64,16384,observed,32,142468,142468,61333,42731,3.3340666027006156,0.696704873396051,0.2999340202712188,0,0.0,3.3340666027006156,3,9,39,"{""1"": 9028, ""10"": 153, ""12"": 1080, ""15"": 107, ""18"": 61, ""2"": 2911, ""3"": 23081, ""39"": 11, ""4"": 606, ""5"": 68, ""6"": 4117, ""7"": 142, ""8"": 1, ""9"": 1365}",16380,3018,18.424908424908423,1196,2.7989047763918466,0,0.0,42842,42810,111,0.2592852137351086,3,0.0070206641548290465,0,2284,2150,4436,0,4436,4436,1.0,0.0,562,4443,201,4082,425,4644,4644,1.1376776090151886,10.41156295933366,12,164.34531380000408,642355200
train,language,,java,uniq_superbpe_r64,16384,observed,32,43999,43999,43605,16134,2.7270980537994296,0.3700034399724802,0.3666901520489102,0,0.0,2.7270980537994296,2,8,16,"{""1"": 7495, ""10"": 229, ""11"": 87, ""12"": 63, ""13"": 54, ""14"": 2, ""15"": 33, ""16"": 38, ""2"": 2299, ""3"": 2298, ""4"": 1379, ""5"": 578, ""6"": 793, ""7"": 443, ""8"": 176, ""9"": 167}",16380,1392,8.498168498168498,10,0.06198090987975703,0,0.0,17616,17584,1482,8.428116469517743,279,1.7292673856452212,190,1507,2332,3775,174,3965,7594,1.0503311258278145,4.6092715231788075,805,3490,475,3273,482,4078,4145,1.245951726245035,14.726550565230676,12,164.34531380000408,642355200
train,language,,javascript,uniq_superbpe_r64,16384,observed,32,38980,38980,38152,17947,2.171950743856912,0.4704078423149507,0.460415597742432,0,0.0,2.171950743856912,1,6,16,"{""1"": 9938, ""10"": 50, ""11"": 26, ""12"": 21, ""13"": 33, ""14"": 3, ""15"": 1, ""16"": 23, ""2"": 3129, ""3"": 2028, ""4"": 880, ""5"": 632, ""6"": 544, ""7"": 345, ""8"": 197, ""9"": 97}",16380,1343,8.199023199023198,24,0.1337270853067365,0,0.0,19656,19624,1709,8.708724011414594,158,0.8803699782693486,150,1711,2004,3702,106,3852,7448,1.040518638573744,2.863317125877904,1658,5213,563,4230,1247,5888,5941,1.3919621749408984,29.479905437352247,9,164.34531380000408,642355200
train,language,,kn,uniq_superbpe_r64,16384,observed,32,153841,153841,60531,31850,4.8301726844583985,0.5261766698055542,0.2070319355698416,2250,7.06436420722135,4.8301726844583985,6,9,16,"{""1"": 6139, ""10"": 1055, ""12"": 237, ""13"": 116, ""16"": 17, ""2"": 1025, ""3"": 5088, ""4"": 1328, ""5"": 35, ""6"": 11733, ""7"": 3179, ""8"": 6, ""9"": 1892}",16380,1318,8.046398046398046,54,0.1695447409733124,0,0.0,31911,31879,61,0.19134853665422377,8,0.02511773940345369,0,950,6293,7243,0,7243,7243,1.0,0.0,239,1605,57,1423,205,1662,1662,1.167955024595924,14.406184118060436,12,164.34531380000408,642355200
train,language,,ko,uniq_superbpe_r64,16384,observed,32,118352,118352,51206,34638,3.416825451815925,0.6764441666992149,0.2926693254021901,5,0.014435013568912755,3.416825451815925,3,7,15,"{""1"": 6177, ""10"": 569, ""12"": 257, ""13"": 15, ""15"": 22, ""2"": 929, ""3"": 17327, ""4"": 5082, ""5"": 19, ""6"": 1651, ""7"": 2300, ""8"": 2, ""9"": 288}",16380,2017,12.313797313797314,1036,2.9909348114787226,0,0.0,34778,34746,140,0.4029240775916652,2,0.005774005427565102,1,2520,8533,11052,1,11053,11053,1.0000904813608396,0.009048136083966703,489,2795,137,2443,386,2932,2934,1.2001637331150226,15.800245599672534,10,164.34531380000408,642355200
train,language,,ml,uniq_superbpe_r64,16384,observed,32,137273,137273,52226,26326,5.214350831877232,0.5040784283690116,0.19177842693027763,4215,16.01078781432804,5.214350831877232,6,12,25,"{""1"": 6807, ""10"": 336, ""12"": 2080, ""13"": 183, ""15"": 409, ""16"": 140, ""18"": 59, ""19"": 75, ""2"": 530, ""21"": 15, ""22"": 8, ""25"": 10, ""3"": 4247, ""4"": 1510, ""5"": 42, ""6"": 5668, ""7"": 1875, ""8"": 8, ""9"": 2324}",16380,1045,6.37973137973138,18,0.06837347109321583,0,0.0,26377,26345,51,0.19358512051622698,27,0.10256020663982375,0,642,4553,5197,0,5197,5197,1.0,0.0,205,1330,48,1173,171,1378,1378,1.174765558397272,14.578005115089514,16,164.34531380000408,642355200
train,language,,mr,uniq_superbpe_r64,16384,observed,32,145113,145113,56571,28291,5.129299070375738,0.5000972229587598,0.19495841172052125,3624,12.809727475168781,5.129299070375738,6,12,25,"{""1"": 6370, ""10"": 1224, ""11"": 1, ""12"": 1010, ""13"": 424, ""15"": 171, ""16"": 258, ""18"": 16, ""19"": 110, ""2"": 531, ""21"": 9, ""22"": 22, ""25"": 14, ""3"": 5485, ""4"": 973, ""5"": 40, ""6"": 6693, ""7"": 3730, ""8"": 1, ""9"": 1209}",16380,1348,8.229548229548229,7,0.024742851083383408,0,0.0,28350,28318,59,0.20834804717847305,13,0.0459510091548549,0,720,7059,7780,0,7780,7780,1.0,0.0,227,1495,52,1323,187,1550,1551,1.1715797430083144,14.134542705971278,16,164.34531380000408,642355200
train,language,,python,uniq_superbpe_r64,16384,observed,32,48487,48487,48387,19038,2.546853661098855,0.39345278690557384,0.39264132654113476,0,0.0,2.546853661098855,2,7,16,"{""1"": 9070, ""10"": 29, ""11"": 27, ""12"": 39, ""13"": 63, ""15"": 14, ""16"": 75, ""2"": 2741, ""3"": 2875, ""4"": 1723, ""5"": 902, ""6"": 578, ""7"": 384, ""8"": 194, ""9"": 324}",16380,1430,8.73015873015873,13,0.06828448366425045,0,0.0,20390,20358,1352,6.641123882503193,65,0.34142241832125225,160,1998,2588,4625,95,4785,10776,1.0345945945945947,2.054054054054054,1339,4858,309,3862,748,5201,5228,1.3467115484205074,19.368203003625066,12,164.34531380000408,642355200
train,language,,ru,uniq_superbpe_r64,16384,observed,32,106212,106212,58870,23171,4.583833239825644,0.3935960591133005,0.21815802357549052,0,0.0,4.583833239825644,4,11,31,"{""1"": 3199, ""10"": 364, ""11"": 512, ""12"": 171, ""13"": 156, ""14"": 76, ""15"": 168, ""16"": 8, ""17"": 68, ""18"": 15, ""19"": 59, ""2"": 3770, ""21"": 39, ""25"": 8, ""3"": 2041, ""31"": 8, ""4"": 4652, ""5"": 2046, ""6"": 2992, ""7"": 1240, ""8"": 1209, ""9"": 370}",16380,1677,10.238095238095237,22,0.09494626904320055,0,0.0,23252,23220,81,0.3488372093023256,3,0.012947218505890985,0,1023,6788,7811,0,7811,7811,1.0,0.0,275,1834,80,1640,220,1915,1917,1.1676829268292683,13.414634146341463,15,164.34531380000408,642355200
train,language,,rust,uniq_superbpe_r64,16384,observed,32,56922,56922,56922,25423,2.2389961845572905,0.44662872000281084,0.44662872000281084,0,0.0,2.2389961845572905,1,6,16,"{""1"": 14014, ""10"": 116, ""11"": 38, ""12"": 31, ""13"": 139, ""15"": 5, ""16"": 69, ""2"": 4011, ""3"": 2964, ""4"": 1632, ""5"": 1006, ""6"": 713, ""7"": 383, ""8"": 177, ""9"": 125}",16380,1397,8.528693528693529,6,0.023600676552727844,0,0.0,27490,27458,2067,7.527860732755481,117,0.46021319277819295,172,2625,3668,6228,156,6400,13231,1.027617212588311,2.504816955684008,2693,7619,868,5827,1951,8520,8582,1.4621589153938561,33.48206624334992,11,164.34531380000408,642355200
train,language,,sql,uniq_superbpe_r64,16384,observed,32,36373,36373,36088,16803,2.1646729750639766,0.46561183772999337,0.4619635443873203,0,0.0,2.1646729750639766,1,7,16,"{""1"": 9435, ""10"": 35, ""11"": 61, ""12"": 3, ""13"": 14, ""14"": 2, ""15"": 20, ""16"": 51, ""2"": 3099, ""3"": 1752, ""4"": 944, ""5"": 333, ""6"": 366, ""7"": 258, ""8"": 212, ""9"": 218}",16380,1196,7.301587301587301,8,0.0476105457358805,0,0.0,18027,17995,1224,6.801889413726035,283,1.6842230554067725,129,1769,2138,3925,119,4054,6655,1.0328662420382166,3.031847133757962,1298,3942,342,3103,558,4401,4498,1.4183048662584596,17.98259748630358,10,164.34531380000408,642355200
train,language,,sw,uniq_superbpe_r64,16384,observed,32,62449,62449,62216,27645,2.2589618375836498,0.4443390767648193,0.4426812278819517,26,0.09404955688189547,2.2589618375836498,2,4,11,"{""1"": 7502, ""10"": 22, ""11"": 1, ""2"": 8818, ""3"": 9247, ""4"": 1427, ""5"": 361, ""6"": 64, ""7"": 192, ""8"": 1, ""9"": 10}",16380,1092,6.666666666666667,6,0.02170374389582203,0,0.0,27740,27708,95,0.34286126750396995,9,0.032555615843733045,5,1198,7906,9101,5,9106,9106,1.0005493901769036,0.054939017690363696,305,1660,91,1448,263,1753,1753,1.2106353591160222,18.162983425414364,6,164.34531380000408,642355200
train,language,,ta,uniq_superbpe_r64,16384,observed,32,140738,140738,53567,26740,5.26320119670905,0.49918793286911717,0.18999843681166423,720,2.6925953627524306,5.26320119670905,6,10,15,"{""1"": 4439, ""10"": 1396, ""12"": 73, ""13"": 124, ""15"": 8, ""2"": 492, ""3"": 3920, ""4"": 63, ""5"": 23, ""6"": 11469, ""7"": 2395, ""8"": 1, ""9"": 2337}",16380,869,5.305250305250305,5,0.018698578908002993,0,0.0,26845,26813,105,0.3916010890239809,18,0.06731488406881077,0,1456,4335,5791,0,5791,5791,1.0,0.0,431,1686,99,1357,296,1788,1788,1.3176123802505526,21.812822402358144,10,164.34531380000408,642355200
train,language,,te,uniq_superbpe_r64,16384,observed,32,158103,158103,60933,31263,5.057192208041455,0.5130717345280882,0.19773818333617957,2895,9.260147778524134,5.057192208041455,6,10,25,"{""1"": 6724, ""10"": 662, ""12"": 854, ""13"": 225, ""15"": 138, ""16"": 247, ""18"": 39, ""19"": 28, ""2"": 617, ""22"": 8, ""25"": 8, ""3"": 4508, ""4"": 1167, ""5"": 22, ""6"": 11006, ""7"": 3352, ""8"": 4, ""9"": 1654}",16380,1102,6.727716727716728,25,0.07996673383872309,0,0.0,31355,31323,92,0.2937138843661207,2,0.006397338707097847,0,1388,6100,7488,0,7488,7488,1.0,0.0,359,1853,85,1580,301,1939,1939,1.2272151898734178,19.050632911392405,16,164.34531380000408,642355200
train,language,,typescript,uniq_superbpe_r64,16384,observed,32,43989,43989,43698,16645,2.642775608290778,0.3809098814591057,0.37839005205846915,0,0.0,2.642775608290778,2,7,16,"{""1"": 8077, ""10"": 111, ""11"": 224, ""12"": 12, ""13"": 20, ""14"": 48, ""15"": 1, ""16"": 12, ""2"": 2495, ""3"": 2102, ""4"": 1125, ""5"": 637, ""6"": 869, ""7"": 574, ""8"": 200, ""9"": 138}",16380,1413,8.626373626373626,11,0.06608591168519075,0,0.0,19137,19105,2492,13.043705836168542,376,2.258936617602884,113,1682,2602,4263,80,4376,8393,1.0265071545859723,1.8766127140511377,1059,3565,723,3292,727,4351,4406,1.321688942891859,22.083839611178615,11,164.34531380000408,642355200
train,language,,uk,uniq_superbpe_r64,16384,observed,32,95676,95676,53182,23168,4.129661602209945,0.435636117483359,0.24215059157991556,0,0.0,4.129661602209945,4,9,21,"{""1"": 3422, ""10"": 276, ""11"": 189, ""12"": 80, ""13"": 85, ""14"": 45, ""15"": 159, ""16"": 8, ""17"": 50, ""18"": 13, ""19"": 48, ""2"": 4814, ""21"": 17, ""3"": 2016, ""4"": 4958, ""5"": 1890, ""6"": 2581, ""7"": 1080, ""8"": 1083, ""9"": 354}",16380,1553,9.481074481074481,45,0.19423342541436464,0,0.0,23300,23268,132,0.5673027333677153,2,0.008632596685082873,0,1091,6002,7093,0,7093,7093,1.0,0.0,316,2038,127,1849,283,2165,2167,1.1709031909140075,15.305570578691185,15,164.34531380000408,642355200
train,language,,ur,uniq_superbpe_r64,16384,observed,32,112341,112341,64366,25024,4.489330242966752,0.38877668334213716,0.22275037608709197,403,1.6104539641943734,4.489330242966752,4,9,21,"{""1"": 2865, ""10"": 101, ""11"": 456, ""12"": 134, ""13"": 192, ""15"": 90, ""19"": 13, ""2"": 4656, ""21"": 11, ""3"": 1570, ""4"": 3820, ""5"": 5675, ""6"": 1161, ""7"": 2732, ""8"": 181, ""9"": 1367}",16380,1572,9.597069597069597,37,0.14785805626598467,0,0.0,25230,25198,206,0.8175252004127311,189,0.7552749360613811,0,1081,12276,13545,0,13545,13545,1.0,0.0,248,1757,18,1527,229,1775,1777,1.1624099541584807,14.996725605762935,13,164.34531380000408,642355200
train,language,,yo,uniq_superbpe_r64,16384,observed,32,69432,69432,59766,27160,2.55640648011782,0.45443897868353245,0.391174098398433,0,0.0,2.55640648011782,2,5,9,"{""1"": 7220, ""2"": 7235, ""3"": 7835, ""4"": 2303, ""5"": 1353, ""6"": 320, ""7"": 852, ""8"": 2, ""9"": 40}",16380,1062,6.483516483516484,14,0.05154639175257732,0,0.0,27453,27421,293,1.068524123846687,212,0.780559646539028,0,1818,9463,11487,0,11487,11487,1.0,0.0,267,1777,82,1592,237,1859,1859,1.1677135678391959,14.886934673366834,7,164.34531380000408,642355200
train,language,,zh,uniq_superbpe_r64,16384,observed,32,130086,130086,53452,41779,3.1136695469015536,0.7816171518371623,0.3211644604338668,4,0.009574187989181167,3.1136695469015536,3,6,12,"{""1"": 6879, ""10"": 99, ""12"": 763, ""2"": 1805, ""3"": 28387, ""4"": 371, ""5"": 45, ""6"": 2542, ""7"": 329, ""8"": 5, ""9"": 554}",16380,3653,22.3015873015873,2877,6.886234711218555,0,0.0,42239,42207,460,1.089866609804061,1,0.002393546997295292,0,1945,1808,3755,0,3755,3755,1.0,0.0,365,3418,182,3235,285,3600,3602,1.1128284389489953,8.809891808346213,12,164.34531380000408,642355200
train,domain,code,,uniq_superbpe_r64,16384,observed,288,430843,430843,428938,180849,2.3823355395938046,0.4216203740400711,0.41975615247317466,0,0.0,2.3823355395938046,1,7,16,"{""1"": 93518, ""10"": 1006, ""11"": 705, ""12"": 399, ""13"": 516, ""14"": 77, ""15"": 105, ""16"": 422, ""2"": 29946, ""3"": 22377, ""4"": 12590, ""5"": 6087, ""6"": 5907, ""7"": 3760, ""8"": 1877, ""9"": 1557}",16380,2607,15.915750915750916,79,0.04368285143959878,0,0.0,195862,195574,15013,7.676378250687719,1999,1.1053420256678224,1672,19101,25371,44182,1310,45854,82443,1.0378434656647504,2.9650083744511337,13545,45136,5017,37562,8114,51107,51638,1.3606038017144988,21.601618657153505,11,164.34531380000408,642355200
train,domain,cyrillic_african,,uniq_superbpe_r64,16384,observed,192,583695,583695,352072,161023,3.624916937331934,0.4573581540139517,0.27586839016952347,26,0.016146761642746688,3.624916937331934,3,8,31,"{""1"": 29744, ""10"": 2189, ""11"": 981, ""12"": 368, ""13"": 809, ""14"": 147, ""15"": 477, ""16"": 203, ""17"": 175, ""18"": 54, ""19"": 169, ""2"": 28913, ""21"": 102, ""22"": 8, ""25"": 8, ""3"": 40577, ""31"": 8, ""4"": 21329, ""5"": 8900, ""6"": 13189, ""7"": 7544, ""8"": 3524, ""9"": 1605}",16380,4017,24.523809523809526,212,0.1316582103177807,0,0.0,161755,161563,732,0.45307403303974303,243,0.15091011843028634,5,8182,47282,55671,5,55676,55676,1.0000898133678218,0.008981336782166657,2190,12297,500,10610,1804,12800,12806,1.2064090480678604,17.00282752120641,13,164.34531380000408,642355200
train,domain,indic_cjk_arabic,,uniq_superbpe_r64,16384,observed,448,1882068,1882068,800441,427775,4.399668049792531,0.5344241486880357,0.227289874754791,29383,6.868797849336684,4.399668049792531,3,10,39,"{""1"": 84557, ""10"": 10021, ""11"": 1385, ""12"": 7777, ""13"": 3364, ""14"": 5, ""15"": 1369, ""16"": 1128, ""17"": 130, ""18"": 179, ""19"": 386, ""2"": 23243, ""21"": 43, ""22"": 84, ""23"": 10, ""24"": 14, ""25"": 36, ""3"": 116807, ""39"": 11, ""4"": 27859, ""5"": 12655, ""6"": 77886, ""7"": 39211, ""8"": 1001, ""9"": 18614}",16380,12890,78.69352869352869,5368,1.2548652913330607,0,0.0,429881,429433,2106,0.4904141041792317,432,0.10098766875109579,1,18021,96808,115103,1,115104,115104,1.0000086878708634,0.0008687870863487486,4425,28280,1125,24988,3576,29413,29420,1.1770850008003841,14.310869217224267,13,164.34531380000408,642355200
train,domain,latin_english,,uniq_superbpe_r64,16384,observed,32,59492,59492,59076,23846,2.494841902205821,0.4036495361906696,0.400827001949842,0,0.0,2.494841902205821,2,5,12,"{""1"": 6900, ""10"": 16, ""11"": 52, ""12"": 1, ""2"": 5703, ""3"": 6926, ""4"": 2779, ""5"": 825, ""6"": 254, ""7"": 260, ""8"": 91, ""9"": 39}",16380,1610,9.82905982905983,32,0.13419441415751068,0,0.0,24100,24068,254,1.0553431942828653,164,0.6877463725572424,3,1599,7542,9298,3,9301,9301,1.000322650032265,0.032265003226500326,332,2003,92,1764,266,2096,2096,1.1882086167800454,15.079365079365079,7,164.34531380000408,642355200
train,aggregate,,,uniq_superbpe_r64,16384,observed,960,2956098,2956098,1640527,793493,3.7254241688332472,0.48368176811475827,0.2684258099697642,29409,3.706270880776516,3.7254241688332472,3,9,39,"{""1"": 214719, ""10"": 13232, ""11"": 3123, ""12"": 8545, ""13"": 4689, ""14"": 229, ""15"": 1951, ""16"": 1753, ""17"": 305, ""18"": 233, ""19"": 555, ""2"": 87805, ""21"": 145, ""22"": 92, ""23"": 10, ""24"": 14, ""25"": 44, ""3"": 186687, ""31"": 8, ""39"": 11, ""4"": 64557, ""5"": 28467, ""6"": 97236, ""7"": 50775, ""8"": 6493, ""9"": 21815}",16380,16117,98.3943833943834,5691,0.71720859541294,0,0.0,811598,810638,18105,2.23342601753187,2838,0.3576591097842073,1681,46903,177003,224254,1319,225935,262524,1.0074959643975134,0.5881723402927038,20492,87716,6734,74924,13760,95416,95960,1.2735038172014308,18.365276813838022,13,164.34531380000408,642355200
validation,stratum,flores200,am,uniq_superbpe_r64,16384,observed,32,6471,6471,2573,1620,3.9944444444444445,0.6296152351340847,0.25034770514603616,0,0.0,3.9944444444444445,3,7,19,"{""1"": 119, ""10"": 45, ""13"": 11, ""16"": 2, ""19"": 5, ""2"": 28, ""3"": 880, ""4"": 200, ""6"": 192, ""7"": 129, ""9"": 9}",16380,447,2.728937728937729,10,0.6172839506172839,0,0.0,1620,1588,0,0.0,0,0.0,0,80,406,486,0,486,486,1.0,0.0,1,76,0,75,1,76,76,1.0133333333333334,1.3333333333333333,13,164.34531380000408,642355200
validation,stratum,flores200,ar,uniq_superbpe_r64,16384,observed,32,6539,6539,3628,1683,3.885323826500297,0.4638919514884234,0.257378804098486,48,2.8520499108734403,3.885323826500297,4,7,15,"{""1"": 185, ""10"": 4, ""11"": 6, ""15"": 2, ""2"": 377, ""3"": 101, ""4"": 484, ""5"": 214, ""6"": 103, ""7"": 151, ""8"": 24, ""9"": 32}",16380,515,3.144078144078144,10,0.5941770647653001,5,0.29708853238265004,1685,1653,2,0.12099213551119177,0,0.0,0,64,517,581,0,581,581,1.0,0.0,2,86,2,86,2,88,88,1.0232558139534884,2.3255813953488373,9,164.34531380000408,642355200
validation,stratum,flores200,bg,uniq_superbpe_r64,16384,observed,32,7482,7482,4146,1734,4.314878892733564,0.4182344428364689,0.23175621491579793,0,0.0,4.314878892733564,4,8,17,"{""1"": 185, ""10"": 7, ""11"": 18, ""12"": 3, ""13"": 5, ""14"": 2, ""15"": 5, ""17"": 2, ""2"": 262, ""3"": 168, ""4"": 405, ""5"": 243, ""6"": 237, ""7"": 70, ""8"": 82, ""9"": 40}",16380,587,3.583638583638584,2,0.11534025374855825,0,0.0,1738,1706,4,0.23446658851113716,0,0.0,0,70,547,617,0,617,617,1.0,0.0,3,120,4,121,3,124,124,1.024793388429752,2.479338842975207,11,164.34531380000408,642355200
validation,stratum,flores200,bn,uniq_superbpe_r64,16384,observed,32,10772,10772,4028,2554,4.217697729052467,0.6340615690168818,0.23709617526921647,549,21.49569303054033,4.217697729052467,3,10,24,"{""1"": 752, ""10"": 45, ""12"": 32, ""13"": 37, ""15"": 1, ""16"": 11, ""19"": 2, ""2"": 14, ""22"": 1, ""24"": 1, ""3"": 685, ""4"": 48, ""6"": 548, ""7"": 263, ""9"": 114}",16380,363,2.2161172161172162,0,0.0,0,0.0,2592,2560,38,1.484375,0,0.0,2,145,415,558,2,560,560,1.003584229390681,0.35842293906810035,8,85,5,82,5,90,90,1.0975609756097562,6.097560975609756,13,164.34531380000408,642355200
validation,stratum,flores200,fa,uniq_superbpe_r64,16384,observed,32,6879,6879,3885,1621,4.243676742751388,0.4172458172458172,0.23564471580171537,4,0.24676125848241826,4.243676742751388,4,9,16,"{""1"": 146, ""10"": 3, ""11"": 17, ""13"": 10, ""15"": 6, ""16"": 3, ""2"": 317, ""3"": 138, ""4"": 342, ""5"": 308, ""6"": 147, ""7"": 108, ""8"": 30, ""9"": 46}",16380,579,3.5347985347985347,8,0.4935225169648365,0,0.0,1623,1591,2,0.1257071024512885,0,0.0,0,70,630,700,0,700,700,1.0,0.0,4,106,2,104,4,108,108,1.0384615384615385,3.8461538461538463,13,164.34531380000408,642355200
validation,stratum,flores200,gu,uniq_superbpe_r64,16384,observed,32,9612,9612,3700,2246,4.279608192341941,0.607027027027027,0.2336662505201831,501,22.30632235084595,4.279608192341941,3,10,16,"{""1"": 684, ""10"": 87, ""12"": 25, ""13"": 17, ""15"": 1, ""16"": 2, ""2"": 29, ""3"": 452, ""4"": 120, ""6"": 459, ""7"": 244, ""9"": 126}",16380,396,2.4175824175824174,1,0.04452359750667854,0,0.0,2253,2221,7,0.31517334533993696,0,0.0,2,84,486,568,2,570,570,1.0035211267605635,0.352112676056338,13,84,7,78,10,91,91,1.1666666666666667,12.820512820512821,12,164.34531380000408,642355200
validation,stratum,flores200,hi,uniq_superbpe_r64,16384,observed,32,10074,10074,3966,2131,4.727358047864852,0.5373171961674231,0.21153464363708557,402,18.864382918817455,4.727358047864852,4,10,22,"{""1"": 548, ""10"": 81, ""12"": 22, ""13"": 40, ""16"": 2, ""17"": 8, ""19"": 3, ""2"": 30, ""22"": 1, ""3"": 421, ""4"": 75, ""6"": 384, ""7"": 443, ""9"": 73}",16380,467,2.851037851037851,0,0.0,0,0.0,2150,2118,19,0.8970727101038716,8,0.37541060534960113,0,69,670,747,0,747,747,1.0,0.0,1,78,3,80,1,81,81,1.0125,1.25,13,164.34531380000408,642355200
validation,stratum,flores200,ja,uniq_superbpe_r64,16384,observed,32,5110,5110,1782,1506,3.3930942895086322,0.8451178451178452,0.29471624266144814,81,5.378486055776892,3.3930942895086322,3,6,12,"{""1"": 130, ""12"": 18, ""2"": 24, ""3"": 1126, ""6"": 178, ""9"": 30}",16380,562,3.431013431013431,144,9.56175298804781,57,3.7848605577689245,1506,1474,0,0.0,0,0.0,0,1,1,2,0,2,2,1.0,0.0,2,113,0,111,2,113,113,1.018018018018018,1.8018018018018018,12,164.34531380000408,642355200
validation,stratum,flores200,kn,uniq_superbpe_r64,16384,observed,32,11326,11326,4264,2408,4.703488372093023,0.5647279549718575,0.2126081582200247,270,11.212624584717608,4.703488372093023,6,9,13,"{""1"": 521, ""10"": 50, ""12"": 22, ""13"": 2, ""2"": 39, ""3"": 396, ""4"": 88, ""6"": 923, ""7"": 222, ""9"": 145}",16380,417,2.5457875457875456,2,0.08305647840531562,0,0.0,2424,2392,16,0.6688963210702341,0,0.0,46,158,391,503,42,549,549,1.091451292246521,8.34990059642147,0,74,16,90,0,90,90,1.0,0.0,10,164.34531380000408,642355200
validation,stratum,flores200,ko,uniq_superbpe_r64,16384,observed,32,4735,4735,2037,1524,3.106955380577428,0.748159057437408,0.3218585005279831,45,2.952755905511811,3.106955380577428,3,6,12,"{""1"": 271, ""10"": 4, ""12"": 2, ""2"": 42, ""3"": 839, ""4"": 247, ""6"": 64, ""7"": 34, ""9"": 21}",16380,550,3.357753357753358,90,5.905511811023622,27,1.7716535433070866,1527,1495,3,0.20066889632107024,0,0.0,0,118,312,430,0,430,430,1.0,0.0,6,78,3,75,4,81,81,1.08,5.333333333333333,9,164.34531380000408,642355200
validation,stratum,flores200,ml,uniq_superbpe_r64,16384,observed,32,11894,11894,4384,2486,4.78439259855189,0.5670620437956204,0.20901294770472506,516,20.75623491552695,4.78439259855189,4,12,25,"{""1"": 704, ""10"": 29, ""12"": 197, ""13"": 9, ""15"": 20, ""16"": 9, ""18"": 4, ""19"": 1, ""2"": 33, ""25"": 1, ""3"": 463, ""4"": 145, ""6"": 573, ""7"": 148, ""9"": 150}",16380,424,2.5885225885225887,2,0.08045052292839903,1,0.04022526146419952,2494,2462,8,0.3249390739236393,0,0.0,5,87,360,442,5,447,447,1.01131221719457,1.1312217194570136,11,83,8,80,8,91,91,1.1375,10.0,15,164.34531380000408,642355200
validation,stratum,flores200,mr,uniq_superbpe_r64,16384,observed,32,10965,10965,4109,2342,4.681895815542272,0.5699683621319056,0.21358869129046967,507,21.64816396242528,4.681895815542272,3,12,22,"{""1"": 681, ""10"": 56, ""12"": 88, ""13"": 34, ""15"": 14, ""16"": 17, ""19"": 6, ""2"": 19, ""22"": 1, ""3"": 474, ""4"": 77, ""6"": 499, ""7"": 269, ""9"": 107}",16380,491,2.9975579975579976,4,0.1707941929974381,0,0.0,2344,2312,2,0.08650519031141868,0,0.0,1,76,468,543,1,544,544,1.0018416206261511,0.1841620626151013,10,86,2,78,7,88,88,1.1282051282051282,8.974358974358974,16,164.34531380000408,642355200
validation,stratum,flores200,ru,uniq_superbpe_r64,16384,observed,32,7654,7654,4261,1855,4.126145552560647,0.4353438160056325,0.24235693754899398,0,0.0,4.126145552560647,4,8,18,"{""1"": 224, ""10"": 12, ""11"": 29, ""12"": 7, ""13"": 6, ""14"": 5, ""16"": 1, ""17"": 3, ""18"": 1, ""2"": 379, ""3"": 175, ""4"": 428, ""5"": 153, ""6"": 235, ""7"": 94, ""8"": 81, ""9"": 22}",16380,659,4.023199023199023,1,0.05390835579514825,0,0.0,1861,1829,6,0.3280481137233461,0,0.0,5,83,493,571,5,576,576,1.0087565674255692,0.8756567425569177,6,124,6,124,5,130,130,1.0483870967741935,4.032258064516129,12,164.34531380000408,642355200
validation,stratum,flores200,sw,uniq_superbpe_r64,16384,observed,32,4405,4405,4397,1839,2.3953235454051116,0.4182397088924267,0.4174801362088536,0,0.0,2.3953235454051116,2,4,7,"{""1"": 443, ""2"": 535, ""3"": 681, ""4"": 121, ""5"": 24, ""7"": 35}",16380,500,3.0525030525030523,1,0.054377379010331704,0,0.0,1842,1810,3,0.16574585635359115,0,0.0,0,81,579,660,0,660,660,1.0,0.0,1,74,3,76,1,77,77,1.013157894736842,1.3157894736842106,7,164.34531380000408,642355200
validation,stratum,flores200,ta,uniq_superbpe_r64,16384,observed,32,12193,12193,4517,2403,5.074074074074074,0.5319902590214745,0.19708029197080293,138,5.742821473158552,5.074074074074074,6,9,13,"{""1"": 411, ""10"": 77, ""12"": 6, ""13"": 8, ""2"": 39, ""3"": 385, ""4"": 5, ""6"": 1085, ""7"": 205, ""9"": 182}",16380,344,2.1001221001221,2,0.08322929671244278,0,0.0,2417,2385,14,0.5870020964360587,0,0.0,1,157,318,474,1,475,475,1.0021097046413503,0.2109704641350211,13,97,14,98,10,111,111,1.1326530612244898,10.204081632653061,10,164.34531380000408,642355200
validation,stratum,flores200,te,uniq_superbpe_r64,16384,observed,32,10409,10409,3954,2228,4.671903052064632,0.5634800202326757,0.21404553751561148,318,14.272890484739676,4.671903052064632,6,9,18,"{""1"": 552, ""10"": 32, ""12"": 46, ""13"": 16, ""15"": 4, ""16"": 8, ""18"": 2, ""2"": 49, ""3"": 337, ""4"": 76, ""5"": 1, ""6"": 814, ""7"": 184, ""9"": 107}",16380,447,2.728937728937729,0,0.0,0,0.0,2242,2210,14,0.6334841628959276,1,0.04488330341113106,6,135,351,480,6,486,486,1.0125,1.25,7,78,14,85,7,92,92,1.0823529411764705,8.235294117647058,13,164.34531380000408,642355200
validation,stratum,flores200,uk,uniq_superbpe_r64,16384,observed,32,7446,7446,4118,1880,3.9606382978723405,0.4565322972316659,0.252484555466022,0,0.0,3.9606382978723405,4,8,17,"{""1"": 200, ""10"": 14, ""11"": 8, ""12"": 2, ""13"": 4, ""14"": 2, ""15"": 1, ""17"": 2, ""2"": 411, ""3"": 167, ""4"": 501, ""5"": 166, ""6"": 221, ""7"": 92, ""8"": 63, ""9"": 26}",16380,600,3.663003663003663,5,0.26595744680851063,0,0.0,1888,1856,8,0.43103448275862066,0,0.0,0,71,484,555,0,555,555,1.0,0.0,2,118,8,124,2,126,126,1.0161290322580645,1.6129032258064515,11,164.34531380000408,642355200
validation,stratum,flores200,ur,uniq_superbpe_r64,16384,observed,32,6879,6879,3892,1648,4.174150485436893,0.4234326824254882,0.23956970489896787,10,0.6067961165048543,4.174150485436893,4,8,19,"{""1"": 110, ""10"": 5, ""11"": 15, ""12"": 2, ""13"": 2, ""15"": 3, ""19"": 2, ""2"": 391, ""3"": 120, ""4"": 320, ""5"": 375, ""6"": 93, ""7"": 156, ""8"": 12, ""9"": 42}",16380,510,3.1135531135531136,3,0.1820388349514563,0,0.0,1651,1619,3,0.1852995676343422,2,0.12135922330097088,0,61,730,793,0,793,793,1.0,0.0,1,71,1,71,1,72,72,1.0140845070422535,1.408450704225352,11,164.34531380000408,642355200
validation,stratum,flores200,yo,uniq_superbpe_r64,16384,observed,32,5063,5063,3889,2432,2.0818256578947367,0.6253535613268192,0.48034761998814934,10,0.41118421052631576,2.0818256578947367,2,5,6,"{""1"": 810, ""2"": 1054, ""3"": 319, ""4"": 63, ""5"": 180, ""6"": 6}",16380,421,2.5702075702075704,13,0.5345394736842105,6,0.24671052631578946,2447,2415,15,0.6211180124223602,4,0.16447368421052633,0,234,480,718,0,718,718,1.0,0.0,2,67,11,76,2,78,78,1.0263157894736843,2.6315789473684212,5,164.34531380000408,642355200
validation,stratum,flores200,zh,uniq_superbpe_r64,16384,observed,32,3769,3769,1485,1385,2.7212996389891697,0.9326599326599326,0.3674714778455824,78,5.631768953068592,2.7212996389891697,3,3,6,"{""1"": 225, ""2"": 57, ""3"": 1058, ""4"": 7, ""6"": 38}",16380,617,3.7667887667887667,158,11.407942238267148,46,3.32129963898917,1389,1357,4,0.2947678703021371,0,0.0,0,36,27,63,0,63,63,1.0,0.0,6,134,4,132,6,138,138,1.0454545454545454,4.545454545454546,6,164.34531380000408,642355200
validation,language,,am,uniq_superbpe_r64,16384,observed,32,6471,6471,2573,1620,3.9944444444444445,0.6296152351340847,0.25034770514603616,0,0.0,3.9944444444444445,3,7,19,"{""1"": 119, ""10"": 45, ""13"": 11, ""16"": 2, ""19"": 5, ""2"": 28, ""3"": 880, ""4"": 200, ""6"": 192, ""7"": 129, ""9"": 9}",16380,447,2.728937728937729,10,0.6172839506172839,0,0.0,1620,1588,0,0.0,0,0.0,0,80,406,486,0,486,486,1.0,0.0,1,76,0,75,1,76,76,1.0133333333333334,1.3333333333333333,13,164.34531380000408,642355200
validation,language,,ar,uniq_superbpe_r64,16384,observed,32,6539,6539,3628,1683,3.885323826500297,0.4638919514884234,0.257378804098486,48,2.8520499108734403,3.885323826500297,4,7,15,"{""1"": 185, ""10"": 4, ""11"": 6, ""15"": 2, ""2"": 377, ""3"": 101, ""4"": 484, ""5"": 214, ""6"": 103, ""7"": 151, ""8"": 24, ""9"": 32}",16380,515,3.144078144078144,10,0.5941770647653001,5,0.29708853238265004,1685,1653,2,0.12099213551119177,0,0.0,0,64,517,581,0,581,581,1.0,0.0,2,86,2,86,2,88,88,1.0232558139534884,2.3255813953488373,9,164.34531380000408,642355200
validation,language,,bg,uniq_superbpe_r64,16384,observed,32,7482,7482,4146,1734,4.314878892733564,0.4182344428364689,0.23175621491579793,0,0.0,4.314878892733564,4,8,17,"{""1"": 185, ""10"": 7, ""11"": 18, ""12"": 3, ""13"": 5, ""14"": 2, ""15"": 5, ""17"": 2, ""2"": 262, ""3"": 168, ""4"": 405, ""5"": 243, ""6"": 237, ""7"": 70, ""8"": 82, ""9"": 40}",16380,587,3.583638583638584,2,0.11534025374855825,0,0.0,1738,1706,4,0.23446658851113716,0,0.0,0,70,547,617,0,617,617,1.0,0.0,3,120,4,121,3,124,124,1.024793388429752,2.479338842975207,11,164.34531380000408,642355200
validation,language,,bn,uniq_superbpe_r64,16384,observed,32,10772,10772,4028,2554,4.217697729052467,0.6340615690168818,0.23709617526921647,549,21.49569303054033,4.217697729052467,3,10,24,"{""1"": 752, ""10"": 45, ""12"": 32, ""13"": 37, ""15"": 1, ""16"": 11, ""19"": 2, ""2"": 14, ""22"": 1, ""24"": 1, ""3"": 685, ""4"": 48, ""6"": 548, ""7"": 263, ""9"": 114}",16380,363,2.2161172161172162,0,0.0,0,0.0,2592,2560,38,1.484375,0,0.0,2,145,415,558,2,560,560,1.003584229390681,0.35842293906810035,8,85,5,82,5,90,90,1.0975609756097562,6.097560975609756,13,164.34531380000408,642355200
validation,language,,fa,uniq_superbpe_r64,16384,observed,32,6879,6879,3885,1621,4.243676742751388,0.4172458172458172,0.23564471580171537,4,0.24676125848241826,4.243676742751388,4,9,16,"{""1"": 146, ""10"": 3, ""11"": 17, ""13"": 10, ""15"": 6, ""16"": 3, ""2"": 317, ""3"": 138, ""4"": 342, ""5"": 308, ""6"": 147, ""7"": 108, ""8"": 30, ""9"": 46}",16380,579,3.5347985347985347,8,0.4935225169648365,0,0.0,1623,1591,2,0.1257071024512885,0,0.0,0,70,630,700,0,700,700,1.0,0.0,4,106,2,104,4,108,108,1.0384615384615385,3.8461538461538463,13,164.34531380000408,642355200
validation,language,,gu,uniq_superbpe_r64,16384,observed,32,9612,9612,3700,2246,4.279608192341941,0.607027027027027,0.2336662505201831,501,22.30632235084595,4.279608192341941,3,10,16,"{""1"": 684, ""10"": 87, ""12"": 25, ""13"": 17, ""15"": 1, ""16"": 2, ""2"": 29, ""3"": 452, ""4"": 120, ""6"": 459, ""7"": 244, ""9"": 126}",16380,396,2.4175824175824174,1,0.04452359750667854,0,0.0,2253,2221,7,0.31517334533993696,0,0.0,2,84,486,568,2,570,570,1.0035211267605635,0.352112676056338,13,84,7,78,10,91,91,1.1666666666666667,12.820512820512821,12,164.34531380000408,642355200
validation,language,,hi,uniq_superbpe_r64,16384,observed,32,10074,10074,3966,2131,4.727358047864852,0.5373171961674231,0.21153464363708557,402,18.864382918817455,4.727358047864852,4,10,22,"{""1"": 548, ""10"": 81, ""12"": 22, ""13"": 40, ""16"": 2, ""17"": 8, ""19"": 3, ""2"": 30, ""22"": 1, ""3"": 421, ""4"": 75, ""6"": 384, ""7"": 443, ""9"": 73}",16380,467,2.851037851037851,0,0.0,0,0.0,2150,2118,19,0.8970727101038716,8,0.37541060534960113,0,69,670,747,0,747,747,1.0,0.0,1,78,3,80,1,81,81,1.0125,1.25,13,164.34531380000408,642355200
validation,language,,ja,uniq_superbpe_r64,16384,observed,32,5110,5110,1782,1506,3.3930942895086322,0.8451178451178452,0.29471624266144814,81,5.378486055776892,3.3930942895086322,3,6,12,"{""1"": 130, ""12"": 18, ""2"": 24, ""3"": 1126, ""6"": 178, ""9"": 30}",16380,562,3.431013431013431,144,9.56175298804781,57,3.7848605577689245,1506,1474,0,0.0,0,0.0,0,1,1,2,0,2,2,1.0,0.0,2,113,0,111,2,113,113,1.018018018018018,1.8018018018018018,12,164.34531380000408,642355200
validation,language,,kn,uniq_superbpe_r64,16384,observed,32,11326,11326,4264,2408,4.703488372093023,0.5647279549718575,0.2126081582200247,270,11.212624584717608,4.703488372093023,6,9,13,"{""1"": 521, ""10"": 50, ""12"": 22, ""13"": 2, ""2"": 39, ""3"": 396, ""4"": 88, ""6"": 923, ""7"": 222, ""9"": 145}",16380,417,2.5457875457875456,2,0.08305647840531562,0,0.0,2424,2392,16,0.6688963210702341,0,0.0,46,158,391,503,42,549,549,1.091451292246521,8.34990059642147,0,74,16,90,0,90,90,1.0,0.0,10,164.34531380000408,642355200
validation,language,,ko,uniq_superbpe_r64,16384,observed,32,4735,4735,2037,1524,3.106955380577428,0.748159057437408,0.3218585005279831,45,2.952755905511811,3.106955380577428,3,6,12,"{""1"": 271, ""10"": 4, ""12"": 2, ""2"": 42, ""3"": 839, ""4"": 247, ""6"": 64, ""7"": 34, ""9"": 21}",16380,550,3.357753357753358,90,5.905511811023622,27,1.7716535433070866,1527,1495,3,0.20066889632107024,0,0.0,0,118,312,430,0,430,430,1.0,0.0,6,78,3,75,4,81,81,1.08,5.333333333333333,9,164.34531380000408,642355200
validation,language,,ml,uniq_superbpe_r64,16384,observed,32,11894,11894,4384,2486,4.78439259855189,0.5670620437956204,0.20901294770472506,516,20.75623491552695,4.78439259855189,4,12,25,"{""1"": 704, ""10"": 29, ""12"": 197, ""13"": 9, ""15"": 20, ""16"": 9, ""18"": 4, ""19"": 1, ""2"": 33, ""25"": 1, ""3"": 463, ""4"": 145, ""6"": 573, ""7"": 148, ""9"": 150}",16380,424,2.5885225885225887,2,0.08045052292839903,1,0.04022526146419952,2494,2462,8,0.3249390739236393,0,0.0,5,87,360,442,5,447,447,1.01131221719457,1.1312217194570136,11,83,8,80,8,91,91,1.1375,10.0,15,164.34531380000408,642355200
validation,language,,mr,uniq_superbpe_r64,16384,observed,32,10965,10965,4109,2342,4.681895815542272,0.5699683621319056,0.21358869129046967,507,21.64816396242528,4.681895815542272,3,12,22,"{""1"": 681, ""10"": 56, ""12"": 88, ""13"": 34, ""15"": 14, ""16"": 17, ""19"": 6, ""2"": 19, ""22"": 1, ""3"": 474, ""4"": 77, ""6"": 499, ""7"": 269, ""9"": 107}",16380,491,2.9975579975579976,4,0.1707941929974381,0,0.0,2344,2312,2,0.08650519031141868,0,0.0,1,76,468,543,1,544,544,1.0018416206261511,0.1841620626151013,10,86,2,78,7,88,88,1.1282051282051282,8.974358974358974,16,164.34531380000408,642355200
validation,language,,ru,uniq_superbpe_r64,16384,observed,32,7654,7654,4261,1855,4.126145552560647,0.4353438160056325,0.24235693754899398,0,0.0,4.126145552560647,4,8,18,"{""1"": 224, ""10"": 12, ""11"": 29, ""12"": 7, ""13"": 6, ""14"": 5, ""16"": 1, ""17"": 3, ""18"": 1, ""2"": 379, ""3"": 175, ""4"": 428, ""5"": 153, ""6"": 235, ""7"": 94, ""8"": 81, ""9"": 22}",16380,659,4.023199023199023,1,0.05390835579514825,0,0.0,1861,1829,6,0.3280481137233461,0,0.0,5,83,493,571,5,576,576,1.0087565674255692,0.8756567425569177,6,124,6,124,5,130,130,1.0483870967741935,4.032258064516129,12,164.34531380000408,642355200
validation,language,,sw,uniq_superbpe_r64,16384,observed,32,4405,4405,4397,1839,2.3953235454051116,0.4182397088924267,0.4174801362088536,0,0.0,2.3953235454051116,2,4,7,"{""1"": 443, ""2"": 535, ""3"": 681, ""4"": 121, ""5"": 24, ""7"": 35}",16380,500,3.0525030525030523,1,0.054377379010331704,0,0.0,1842,1810,3,0.16574585635359115,0,0.0,0,81,579,660,0,660,660,1.0,0.0,1,74,3,76,1,77,77,1.013157894736842,1.3157894736842106,7,164.34531380000408,642355200
validation,language,,ta,uniq_superbpe_r64,16384,observed,32,12193,12193,4517,2403,5.074074074074074,0.5319902590214745,0.19708029197080293,138,5.742821473158552,5.074074074074074,6,9,13,"{""1"": 411, ""10"": 77, ""12"": 6, ""13"": 8, ""2"": 39, ""3"": 385, ""4"": 5, ""6"": 1085, ""7"": 205, ""9"": 182}",16380,344,2.1001221001221,2,0.08322929671244278,0,0.0,2417,2385,14,0.5870020964360587,0,0.0,1,157,318,474,1,475,475,1.0021097046413503,0.2109704641350211,13,97,14,98,10,111,111,1.1326530612244898,10.204081632653061,10,164.34531380000408,642355200
validation,language,,te,uniq_superbpe_r64,16384,observed,32,10409,10409,3954,2228,4.671903052064632,0.5634800202326757,0.21404553751561148,318,14.272890484739676,4.671903052064632,6,9,18,"{""1"": 552, ""10"": 32, ""12"": 46, ""13"": 16, ""15"": 4, ""16"": 8, ""18"": 2, ""2"": 49, ""3"": 337, ""4"": 76, ""5"": 1, ""6"": 814, ""7"": 184, ""9"": 107}",16380,447,2.728937728937729,0,0.0,0,0.0,2242,2210,14,0.6334841628959276,1,0.04488330341113106,6,135,351,480,6,486,486,1.0125,1.25,7,78,14,85,7,92,92,1.0823529411764705,8.235294117647058,13,164.34531380000408,642355200
validation,language,,uk,uniq_superbpe_r64,16384,observed,32,7446,7446,4118,1880,3.9606382978723405,0.4565322972316659,0.252484555466022,0,0.0,3.9606382978723405,4,8,17,"{""1"": 200, ""10"": 14, ""11"": 8, ""12"": 2, ""13"": 4, ""14"": 2, ""15"": 1, ""17"": 2, ""2"": 411, ""3"": 167, ""4"": 501, ""5"": 166, ""6"": 221, ""7"": 92, ""8"": 63, ""9"": 26}",16380,600,3.663003663003663,5,0.26595744680851063,0,0.0,1888,1856,8,0.43103448275862066,0,0.0,0,71,484,555,0,555,555,1.0,0.0,2,118,8,124,2,126,126,1.0161290322580645,1.6129032258064515,11,164.34531380000408,642355200
validation,language,,ur,uniq_superbpe_r64,16384,observed,32,6879,6879,3892,1648,4.174150485436893,0.4234326824254882,0.23956970489896787,10,0.6067961165048543,4.174150485436893,4,8,19,"{""1"": 110, ""10"": 5, ""11"": 15, ""12"": 2, ""13"": 2, ""15"": 3, ""19"": 2, ""2"": 391, ""3"": 120, ""4"": 320, ""5"": 375, ""6"": 93, ""7"": 156, ""8"": 12, ""9"": 42}",16380,510,3.1135531135531136,3,0.1820388349514563,0,0.0,1651,1619,3,0.1852995676343422,2,0.12135922330097088,0,61,730,793,0,793,793,1.0,0.0,1,71,1,71,1,72,72,1.0140845070422535,1.408450704225352,11,164.34531380000408,642355200
validation,language,,yo,uniq_superbpe_r64,16384,observed,32,5063,5063,3889,2432,2.0818256578947367,0.6253535613268192,0.48034761998814934,10,0.41118421052631576,2.0818256578947367,2,5,6,"{""1"": 810, ""2"": 1054, ""3"": 319, ""4"": 63, ""5"": 180, ""6"": 6}",16380,421,2.5702075702075704,13,0.5345394736842105,6,0.24671052631578946,2447,2415,15,0.6211180124223602,4,0.16447368421052633,0,234,480,718,0,718,718,1.0,0.0,2,67,11,76,2,78,78,1.0263157894736843,2.6315789473684212,5,164.34531380000408,642355200
validation,language,,zh,uniq_superbpe_r64,16384,observed,32,3769,3769,1485,1385,2.7212996389891697,0.9326599326599326,0.3674714778455824,78,5.631768953068592,2.7212996389891697,3,3,6,"{""1"": 225, ""2"": 57, ""3"": 1058, ""4"": 7, ""6"": 38}",16380,617,3.7667887667887667,158,11.407942238267148,46,3.32129963898917,1389,1357,4,0.2947678703021371,0,0.0,0,36,27,63,0,63,63,1.0,0.0,6,134,4,132,6,138,138,1.0454545454545454,4.545454545454546,6,164.34531380000408,642355200
validation,domain,flores200,,uniq_superbpe_r64,16384,observed,640,159677,159677,73015,39525,4.039898798228969,0.5413271245634459,0.24753095311159404,3477,8.79696394686907,4.039898798228969,3,9,25,"{""1"": 7901, ""10"": 551, ""11"": 93, ""12"": 472, ""13"": 201, ""14"": 9, ""15"": 57, ""16"": 55, ""17"": 15, ""18"": 7, ""19"": 19, ""2"": 4129, ""22"": 3, ""24"": 1, ""25"": 1, ""3"": 9385, ""4"": 3752, ""5"": 1664, ""6"": 6799, ""7"": 2847, ""8"": 292, ""9"": 1272}",16380,6889,42.05738705738706,456,1.1537001897533208,142,0.3592662871600253,39693,39053,168,0.4301846208998028,15,0.03795066413662239,68,1880,8665,10491,64,10559,10559,1.006481746258698,0.6100467067009818,99,1832,113,1846,81,1945,1945,1.0536294691224268,4.387865655471289,12,164.34531380000408,642355200
validation,aggregate,,,uniq_superbpe_r64,16384,observed,640,159677,159677,73015,39525,4.039898798228969,0.5413271245634459,0.24753095311159404,3477,8.79696394686907,4.039898798228969,3,9,25,"{""1"": 7901, ""10"": 551, ""11"": 93, ""12"": 472, ""13"": 201, ""14"": 9, ""15"": 57, ""16"": 55, ""17"": 15, ""18"": 7, ""19"": 19, ""2"": 4129, ""22"": 3, ""24"": 1, ""25"": 1, ""3"": 9385, ""4"": 3752, ""5"": 1664, ""6"": 6799, ""7"": 2847, ""8"": 292, ""9"": 1272}",16380,6889,42.05738705738706,456,1.1537001897533208,142,0.3592662871600253,39693,39053,168,0.4301846208998028,15,0.03795066413662239,68,1880,8665,10491,64,10559,10559,1.006481746258698,0.6100467067009818,99,1832,113,1846,81,1945,1945,1.0536294691224268,4.387865655471289,12,164.34531380000408,642355200
train,stratum,code,c,sp_unigram,32768,observed,32,51063,51063,51060,17184,2.9715432960893855,0.336545240893067,0.3365254685388638,49,0.2851489757914339,2.9715432960893855,2,8,16,"{""1"": 7498, ""10"": 182, ""11"": 111, ""12"": 40, ""13"": 60, ""14"": 46, ""15"": 28, ""16"": 122, ""2"": 2516, ""3"": 2036, ""4"": 1675, ""5"": 869, ""6"": 765, ""7"": 640, ""8"": 371, ""9"": 225}",32764,2048,6.250763032596753,693,4.032821229050279,0,0.0,17184,17152,0,0.0,217,1.26280260707635,3472,3979,5172,5926,946,9398,9740,1.5858926763415457,15.963550455619306,160,2302,1784,4093,82,4253,6116,1.0390911311996092,2.0034204739799657,14,23.030076499999268,303321088
train,stratum,code,cpp,sp_unigram,32768,observed,32,54217,54217,54213,18500,2.9306486486486487,0.3412465644771549,0.3412213881254957,222,1.2,2.9306486486486487,2,8,16,"{""1"": 8187, ""10"": 211, ""11"": 102, ""12"": 46, ""13"": 64, ""14"": 38, ""15"": 44, ""16"": 100, ""2"": 2882, ""3"": 2092, ""4"": 1601, ""5"": 929, ""6"": 843, ""7"": 685, ""8"": 404, ""9"": 272}",32764,2170,6.623122939811989,677,3.6594594594594594,0,0.0,18500,18468,0,0.0,283,1.5297297297297296,3888,4546,4482,5352,827,9240,9575,1.7264573991031391,15.452167414050821,194,2620,1834,4478,154,4672,6268,1.0433229120142922,3.439035283608754,13,23.030076499999268,303321088
train,stratum,code,go,sp_unigram,32768,observed,32,56813,56813,56813,19325,2.93987063389392,0.34015102177318574,0.34015102177318574,1641,8.491591203104786,2.93987063389392,2,8,16,"{""1"": 8288, ""10"": 162, ""11"": 86, ""12"": 107, ""13"": 39, ""14"": 21, ""15"": 30, ""16"": 40, ""2"": 2787, ""3"": 2395, ""4"": 1897, ""5"": 860, ""6"": 1144, ""7"": 746, ""8"": 456, ""9"": 267}",32764,1947,5.942497863508729,791,4.093143596377749,0,0.0,19325,19293,0,0.0,101,0.5226390685640362,2377,3719,4711,6386,1327,8763,9031,1.3722204823050423,20.77983088005011,140,3555,1856,5404,118,5544,6454,1.0259067357512954,2.1835677276091783,12,23.030076499999268,303321088
train,stratum,code,java,sp_unigram,32768,observed,32,43999,43999,43605,14013,3.139870120602298,0.32136222910216716,0.3184845110116139,171,1.2202954399486192,3.139870120602298,2,9,16,"{""1"": 6302, ""10"": 160, ""11"": 102, ""12"": 56, ""13"": 41, ""14"": 47, ""15"": 32, ""16"": 98, ""2"": 1546, ""3"": 1363, ""4"": 1456, ""5"": 710, ""6"": 946, ""7"": 599, ""8"": 355, ""9"": 200}",32764,1706,5.206934440239287,556,3.967744237493756,0,0.0,14013,13981,0,0.0,29,0.20695068864625704,3560,3720,3348,3775,764,7335,7594,1.943046357615894,20.23841059602649,62,1979,1310,3273,52,3335,4145,1.0189428658722883,1.5887564925145128,14,23.030076499999268,303321088
train,stratum,code,javascript,sp_unigram,32768,observed,32,38980,38980,38152,15204,2.5637990002630886,0.3985112182847557,0.3900461775269369,103,0.677453301762694,2.5637990002630886,2,7,16,"{""1"": 7171, ""10"": 109, ""11"": 54, ""12"": 17, ""13"": 26, ""14"": 23, ""15"": 4, ""16"": 28, ""2"": 2922, ""3"": 1542, ""4"": 1124, ""5"": 686, ""6"": 673, ""7"": 427, ""8"": 252, ""9"": 146}",32764,1780,5.4327920888780366,667,4.387003420152592,0,0.0,15204,15172,0,0.0,28,0.1841620626151013,3618,4180,2893,3702,660,7320,7448,1.9773095623987034,17.828200972447327,382,2619,1817,4230,334,4612,5941,1.090307328605201,7.8959810874704495,10,23.030076499999268,303321088
train,stratum,code,python,sp_unigram,32768,observed,32,48487,48487,48387,19145,2.532619482893706,0.3956641246615827,0.39484810361540207,311,1.6244450248106554,2.532619482893706,1,7,16,"{""1"": 10335, ""10"": 98, ""11"": 49, ""12"": 21, ""13"": 38, ""14"": 24, ""15"": 7, ""16"": 26, ""2"": 2161, ""3"": 1733, ""4"": 1665, ""5"": 1015, ""6"": 853, ""7"": 556, ""8"": 312, ""9"": 252}",32764,1930,5.890611646929557,542,2.8310263776442937,0,0.0,19145,19113,0,0.0,20,0.10446591799425438,5914,6910,3574,4625,776,10539,10776,2.2787027027027027,16.778378378378378,267,2930,1143,3862,215,4129,5228,1.069135163127913,5.567063697566028,10,23.030076499999268,303321088
train,stratum,code,rust,sp_unigram,32768,observed,32,56922,56922,56922,23013,2.473471516099596,0.4042900811636977,0.4042900811636977,0,0.0,2.473471516099596,2,7,16,"{""1"": 11425, ""10"": 126, ""11"": 46, ""12"": 24, ""13"": 38, ""14"": 12, ""15"": 17, ""16"": 14, ""2"": 3311, ""3"": 2874, ""4"": 2014, ""5"": 1250, ""6"": 864, ""7"": 545, ""8"": 324, ""9"": 129}",32764,1996,6.092052252472226,626,2.720201625168383,0,0.0,23013,22981,0,0.0,176,0.7647851214530917,6826,7521,5075,6228,1008,13054,13231,2.0960179833012202,16.184971098265898,222,3540,2289,5827,199,6049,8582,1.0380985069504034,3.4151364338424575,10,23.030076499999268,303321088
train,stratum,code,sql,sp_unigram,32768,observed,32,36373,36373,36088,13200,2.755530303030303,0.3657725559742851,0.3629065515629725,135,1.0227272727272727,2.755530303030303,2,8,16,"{""1"": 5869, ""10"": 70, ""11"": 33, ""12"": 16, ""13"": 14, ""14"": 1, ""15"": 6, ""16"": 38, ""2"": 2232, ""3"": 1471, ""4"": 1141, ""5"": 716, ""6"": 635, ""7"": 345, ""8"": 408, ""9"": 205}",32764,1514,4.620925405933342,464,3.515151515151515,0,0.0,13200,13168,0,0.0,47,0.3560606060606061,2616,3242,3198,3925,526,6541,6655,1.6664968152866242,13.401273885350319,100,1796,1243,3103,87,3203,4498,1.0322268772155978,2.803738317757009,10,23.030076499999268,303321088
train,stratum,code,typescript,sp_unigram,32768,observed,32,43989,43989,43698,14611,3.010676887276709,0.3343631287473111,0.3321512196230876,41,0.2806104989391554,3.010676887276709,2,9,18,"{""1"": 6454, ""10"": 117, ""11"": 189, ""12"": 81, ""13"": 38, ""14"": 43, ""15"": 24, ""16"": 66, ""18"": 2, ""2"": 2461, ""3"": 1339, ""4"": 1007, ""5"": 832, ""6"": 839, ""7"": 547, ""8"": 372, ""9"": 200}",32764,1809,5.521303870101331,618,4.229689959619464,0,0.0,14611,14579,0,0.0,43,0.29429881596057766,4012,4124,3937,4263,917,8275,8393,1.9411212760966456,21.510673234811165,144,1614,1764,3292,129,3436,4406,1.0437424058323208,3.9185905224787363,13,23.030076499999268,303321088
train,stratum,cyrillic_african,am,sp_unigram,32768,observed,32,147317,147317,59501,30427,4.8416537943274065,0.5113695568141712,0.20654099662632283,0,0.0,4.8416537943274065,3,12,28,"{""1"": 4219, ""10"": 1680, ""11"": 3, ""12"": 486, ""13"": 711, ""15"": 238, ""16"": 140, ""18"": 105, ""19"": 93, ""2"": 632, ""21"": 18, ""22"": 11, ""24"": 6, ""25"": 3, ""28"": 3, ""3"": 11355, ""4"": 2742, ""5"": 76, ""6"": 3861, ""7"": 2720, ""8"": 8, ""9"": 1317}",32764,2076,6.336222683433037,2473,8.127649784730666,0,0.0,30427,30395,0,0.0,0,0.0,0,2736,8470,11206,0,11206,11206,1.0,0.0,229,1544,782,2105,220,2334,2807,1.1087885985748218,10.451306413301662,16,23.030076499999268,303321088
train,stratum,cyrillic_african,bg,sp_unigram,32768,observed,32,102609,102609,58537,21038,4.877317235478658,0.35939662094060165,0.20503074779015487,0,0.0,4.877317235478658,4,13,29,"{""1"": 3637, ""10"": 335, ""11"": 665, ""12"": 127, ""13"": 461, ""14"": 138, ""15"": 256, ""16"": 80, ""17"": 214, ""18"": 57, ""19"": 84, ""2"": 3879, ""20"": 22, ""21"": 87, ""22"": 4, ""23"": 19, ""25"": 12, ""26"": 3, ""27"": 14, ""28"": 2, ""29"": 1, ""3"": 1602, ""4"": 3482, ""5"": 2293, ""6"": 1345, ""7"": 709, ""8"": 735, ""9"": 775}",32764,2237,6.827615675741668,1975,9.387774503279779,0,0.0,21038,21006,0,0.0,0,0.0,0,1613,7360,8973,0,8973,8973,1.0,0.0,79,1730,311,1976,66,2055,2303,1.0399797570850202,3.340080971659919,19,23.030076499999268,303321088
train,stratum,cyrillic_african,ru,sp_unigram,32768,observed,32,106212,106212,58870,20206,5.256458477679897,0.343230847630372,0.19024215719504387,0,0.0,5.256458477679897,4,15,32,"{""1"": 2907, ""10"": 381, ""11"": 700, ""12"": 167, ""13"": 500, ""14"": 93, ""15"": 352, ""16"": 59, ""17"": 226, ""18"": 68, ""19"": 187, ""2"": 4104, ""20"": 21, ""21"": 114, ""22"": 12, ""23"": 57, ""24"": 2, ""25"": 40, ""27"": 38, ""29"": 2, ""3"": 1470, ""30"": 2, ""31"": 3, ""32"": 2, ""4"": 3725, ""5"": 1213, ""6"": 1474, ""7"": 900, ""8"": 802, ""9"": 585}",32764,2156,6.580393114393847,1958,9.690191032366624,0,0.0,20206,20174,0,0.0,0,0.0,0,1317,6494,7811,0,7811,7811,1.0,0.0,58,1471,224,1640,49,1698,1917,1.0353658536585366,2.9878048780487805,21,23.030076499999268,303321088
train,stratum,cyrillic_african,sw,sp_unigram,32768,observed,32,62449,62449,62216,20056,3.113731551655365,0.32236080750932233,0.3211580649810245,0,0.0,3.113731551655365,3,7,15,"{""1"": 4696, ""10"": 118, ""11"": 45, ""12"": 3, ""13"": 7, ""15"": 3, ""2"": 4196, ""3"": 4693, ""4"": 2280, ""5"": 1771, ""6"": 940, ""7"": 810, ""8"": 296, ""9"": 198}",32764,1937,5.911976559638628,1465,7.3045472676505785,0,0.0,20056,20024,0,0.0,0,0.0,5,1296,7810,9101,5,9106,9106,1.0005493901769036,0.054939017690363696,71,1365,152,1448,68,1519,1753,1.0490331491712708,4.696132596685083,9,23.030076499999268,303321088
train,stratum,cyrillic_african,uk,sp_unigram,32768,observed,32,95676,95676,53182,19322,4.951661318704068,0.36331841600541537,0.20195242276014883,0,0.0,4.951661318704068,4,15,32,"{""1"": 2842, ""10"": 346, ""11"": 540, ""12"": 186, ""13"": 389, ""14"": 99, ""15"": 345, ""16"": 70, ""17"": 220, ""18"": 39, ""19"": 140, ""2"": 4337, ""20"": 9, ""21"": 97, ""22"": 15, ""23"": 17, ""24"": 9, ""25"": 5, ""26"": 2, ""27"": 2, ""29"": 8, ""3"": 1455, ""31"": 3, ""32"": 2, ""4"": 3415, ""5"": 1267, ""6"": 1488, ""7"": 723, ""8"": 703, ""9"": 549}",32764,2038,6.220241728726651,2083,10.780457509574578,0,0.0,19322,19290,0,0.0,0,0.0,0,1176,5917,7093,0,7093,7093,1.0,0.0,64,1598,308,1849,62,1913,2167,1.034613304488913,3.3531638723634396,19,23.030076499999268,303321088
train,stratum,cyrillic_african,yo,sp_unigram,32768,observed,32,69432,69432,59766,20407,3.402361934630274,0.34144831509553925,0.29391346929369744,0,0.0,3.402361934630274,3,7,17,"{""1"": 4557, ""10"": 199, ""11"": 77, ""12"": 33, ""13"": 9, ""14"": 33, ""15"": 29, ""17"": 5, ""2"": 3729, ""3"": 4392, ""4"": 2491, ""5"": 1911, ""6"": 991, ""7"": 1344, ""8"": 427, ""9"": 180}",32764,1594,4.865095836894152,914,4.478855294751801,0,0.0,20407,20375,0,0.0,0,0.0,0,1632,9855,11487,0,11487,11487,1.0,0.0,27,1441,178,1592,27,1619,1859,1.0169597989949748,1.6959798994974875,10,23.030076499999268,303321088
train,stratum,indic_cjk_arabic,ar,sp_unigram,32768,observed,32,97740,97740,54940,21304,4.587870822380774,0.38776847469967235,0.21796603233067322,0,0.0,4.587870822380774,4,11,23,"{""1"": 2636, ""10"": 354, ""11"": 405, ""12"": 158, ""13"": 231, ""14"": 89, ""15"": 288, ""16"": 41, ""17"": 73, ""18"": 19, ""19"": 42, ""2"": 4942, ""20"": 5, ""21"": 14, ""23"": 14, ""3"": 1303, ""4"": 3651, ""5"": 2688, ""6"": 1562, ""7"": 1319, ""8"": 781, ""9"": 689}",32764,1949,5.94860212428275,1869,8.773000375516334,0,0.0,21304,21272,0,0.0,0,0.0,0,1622,7216,8838,0,8838,8838,1.0,0.0,93,1213,301,1426,92,1519,1757,1.065217391304348,6.451612903225806,15,23.030076499999268,303321088
train,stratum,indic_cjk_arabic,bn,sp_unigram,32768,observed,32,152004,152004,58399,21281,7.142709459141957,0.3644069247761092,0.14000289466066682,0,0.0,7.142709459141957,6,19,48,"{""1"": 2938, ""10"": 1296, ""11"": 2, ""12"": 645, ""13"": 1308, ""15"": 362, ""16"": 756, ""18"": 183, ""19"": 417, ""2"": 306, ""21"": 103, ""22"": 208, ""24"": 71, ""25"": 179, ""27"": 43, ""28"": 103, ""3"": 5636, ""30"": 8, ""31"": 28, ""33"": 19, ""34"": 49, ""36"": 2, ""37"": 8, ""39"": 6, ""4"": 944, ""40"": 16, ""46"": 9, ""48"": 2, ""5"": 47, ""6"": 2898, ""7"": 1314, ""8"": 11, ""9"": 1364}",32764,1608,4.907825662312294,2038,9.57661764014849,0,0.0,21281,21249,0,0.0,0,0.0,0,1819,6696,8515,0,8515,8515,1.0,0.0,39,1336,131,1429,36,1468,1661,1.027291812456263,2.5192442267319803,28,23.030076499999268,303321088
train,stratum,indic_cjk_arabic,fa,sp_unigram,32768,observed,32,93798,93798,52677,18724,5.009506515701773,0.35544924729958044,0.19962046099063946,0,0.0,5.009506515701773,5,11,24,"{""1"": 2520, ""10"": 150, ""11"": 783, ""12"": 108, ""13"": 270, ""14"": 70, ""15"": 163, ""16"": 47, ""17"": 32, ""18"": 10, ""19"": 8, ""2"": 3287, ""24"": 13, ""3"": 1093, ""4"": 2296, ""5"": 2724, ""6"": 1254, ""7"": 1862, ""8"": 527, ""9"": 1507}",32764,1714,5.231351483335368,1309,6.991027558214057,0,0.0,18724,18692,0,0.0,0,0.0,0,1565,8365,9930,0,9930,9930,1.0,0.0,51,1058,157,1169,42,1220,1405,1.0436270316509837,3.592814371257485,15,23.030076499999268,303321088
train,stratum,indic_cjk_arabic,gu,sp_unigram,32768,observed,32,146974,146974,58881,21851,6.726191021005904,0.37110443097094137,0.14867255432933715,0,0.0,6.726191021005904,6,16,34,"{""1"": 3077, ""10"": 1795, ""11"": 2, ""12"": 394, ""13"": 1342, ""15"": 194, ""16"": 712, ""18"": 143, ""19"": 467, ""2"": 578, ""21"": 59, ""22"": 144, ""24"": 19, ""25"": 80, ""27"": 24, ""28"": 30, ""3"": 4542, ""31"": 15, ""33"": 6, ""34"": 20, ""4"": 1279, ""5"": 103, ""6"": 3152, ""7"": 2031, ""8"": 21, ""9"": 1622}",32764,1784,5.445000610426077,1804,8.255915061095601,0,0.0,21851,21819,0,0.0,0,0.0,0,1508,8215,9723,0,9723,9723,1.0,0.0,44,1315,103,1374,37,1418,1630,1.032023289665211,2.692867540029112,22,23.030076499999268,303321088
train,stratum,indic_cjk_arabic,hi,sp_unigram,32768,observed,32,153237,153237,61359,22885,6.695958051125191,0.37296892061474274,0.14934382688254141,0,0.0,6.695958051125191,6,16,34,"{""1"": 3008, ""10"": 2398, ""11"": 1, ""12"": 496, ""13"": 1389, ""15"": 222, ""16"": 653, ""18"": 79, ""19"": 263, ""2"": 525, ""21"": 40, ""22"": 113, ""24"": 14, ""25"": 37, ""27"": 6, ""28"": 38, ""3"": 4360, ""30"": 5, ""31"": 7, ""33"": 2, ""34"": 3, ""4"": 725, ""5"": 55, ""6"": 3067, ""7"": 4212, ""8"": 10, ""9"": 1157}",32764,1894,5.780734952997192,1447,6.322918942538781,0,0.0,22885,22853,0,0.0,0,0.0,0,1687,10123,11810,0,11810,11810,1.0,0.0,43,1295,193,1447,41,1490,1692,1.0297166551485832,2.8334485141672427,21,23.030076499999268,303321088
train,stratum,indic_cjk_arabic,ja,sp_unigram,32768,observed,32,142468,142468,61333,35181,4.04957221227367,0.5736063782955342,0.24693966364376563,0,0.0,4.04957221227367,3,12,48,"{""1"": 6648, ""10"": 98, ""11"": 2, ""12"": 1015, ""13"": 45, ""15"": 479, ""16"": 43, ""18"": 244, ""19"": 17, ""2"": 2638, ""21"": 93, ""22"": 7, ""24"": 56, ""25"": 3, ""27"": 66, ""3"": 16701, ""30"": 23, ""31"": 3, ""33"": 13, ""36"": 2, ""39"": 13, ""4"": 645, ""48"": 12, ""5"": 263, ""6"": 3873, ""7"": 145, ""8"": 43, ""9"": 1991}",32764,4173,12.736540104993285,4075,11.582956709587561,0,0.0,35181,35149,0,0.0,0,0.0,0,2603,1833,4436,0,4436,4436,1.0,0.0,284,3851,491,4082,256,4366,4644,1.0695737383635473,6.271435570798628,18,23.030076499999268,303321088
train,stratum,indic_cjk_arabic,kn,sp_unigram,32768,observed,32,153841,153841,60531,21936,7.013174690007294,0.36239282351191954,0.14258877672402026,0,0.0,7.013174690007294,4,19,46,"{""1"": 4059, ""10"": 875, ""11"": 4, ""12"": 1145, ""13"": 968, ""15"": 710, ""16"": 567, ""18"": 328, ""19"": 465, ""2"": 936, ""21"": 205, ""22"": 262, ""24"": 115, ""25"": 156, ""27"": 71, ""28"": 98, ""3"": 5224, ""30"": 22, ""31"": 24, ""33"": 24, ""34"": 25, ""36"": 15, ""37"": 3, ""4"": 938, ""40"": 7, ""42"": 8, ""43"": 5, ""46"": 3, ""5"": 107, ""6"": 2525, ""7"": 595, ""8"": 22, ""9"": 1425}",32764,2066,6.305701379562935,2401,10.945477753464624,0,0.0,21936,21904,0,0.0,0,0.0,0,1817,5426,7243,0,7243,7243,1.0,0.0,34,1307,141,1423,33,1457,1662,1.0238931834153198,2.3190442726633873,28,23.030076499999268,303321088
train,stratum,indic_cjk_arabic,ko,sp_unigram,32768,observed,32,118352,118352,51206,32808,3.607412826139966,0.6407061672460258,0.2772069758010004,0,0.0,3.607412826139966,3,9,21,"{""1"": 7018, ""10"": 627, ""11"": 7, ""12"": 113, ""13"": 274, ""15"": 66, ""16"": 41, ""18"": 6, ""19"": 3, ""2"": 1006, ""21"": 11, ""3"": 15425, ""4"": 2137, ""5"": 80, ""6"": 2379, ""7"": 3003, ""8"": 11, ""9"": 601}",32764,2550,7.782932486875839,3004,9.156303340648622,0,0.0,32808,32776,0,0.0,0,0.0,1,4565,6488,11052,1,11053,11053,1.0000904813608396,0.009048136083966703,104,2170,367,2443,99,2547,2934,1.0425706099058534,4.052394596807204,13,23.030076499999268,303321088
train,stratum,indic_cjk_arabic,ml,sp_unigram,32768,observed,32,137273,137273,52226,17567,7.814253998975351,0.33636502891280207,0.12797126893125377,0,0.0,7.814253998975351,5,22,48,"{""1"": 2693, ""10"": 352, ""12"": 1146, ""13"": 381, ""15"": 631, ""16"": 382, ""18"": 323, ""19"": 441, ""2"": 503, ""21"": 204, ""22"": 232, ""24"": 143, ""25"": 143, ""27"": 94, ""28"": 135, ""3"": 4603, ""30"": 30, ""31"": 83, ""33"": 23, ""34"": 57, ""36"": 36, ""37"": 51, ""39"": 17, ""4"": 902, ""40"": 29, ""42"": 4, ""43"": 12, ""45"": 2, ""46"": 4, ""48"": 13, ""5"": 122, ""6"": 1755, ""7"": 311, ""8"": 16, ""9"": 1694}",32764,1757,5.362593089976804,2351,13.383047760004555,0,0.0,17567,17535,0,0.0,0,0.0,0,1326,3871,5197,0,5197,5197,1.0,0.0,34,1064,139,1173,34,1207,1378,1.0289855072463767,2.898550724637681,34,23.030076499999268,303321088
train,stratum,indic_cjk_arabic,mr,sp_unigram,32768,observed,32,145113,145113,56571,19025,7.627490144546649,0.33630305280090506,0.13110472528305528,0,0.0,7.627490144546649,6,19,42,"{""1"": 2941, ""10"": 1260, ""11"": 2, ""12"": 830, ""13"": 1114, ""15"": 420, ""16"": 665, ""18"": 228, ""19"": 534, ""2"": 497, ""21"": 91, ""22"": 407, ""24"": 75, ""25"": 130, ""27"": 35, ""28"": 83, ""3"": 3658, ""30"": 8, ""31"": 43, ""34"": 27, ""37"": 7, ""39"": 3, ""4"": 621, ""40"": 14, ""42"": 6, ""5"": 87, ""6"": 2893, ""7"": 1140, ""8"": 24, ""9"": 1182}",32764,2121,6.473568550848492,1841,9.676741130091985,0,0.0,19025,18993,0,0.0,0,0.0,0,1485,6295,7780,0,7780,7780,1.0,0.0,33,1238,118,1323,31,1356,1551,1.0249433106575965,2.3431594860166287,28,23.030076499999268,303321088
train,stratum,indic_cjk_arabic,ta,sp_unigram,32768,observed,32,140738,140738,53567,17396,8.09025063232927,0.32475217951350643,0.12360556495047535,0,0.0,8.09025063232927,6,22,48,"{""1"": 2837, ""10"": 468, ""11"": 3, ""12"": 1006, ""13"": 704, ""15"": 529, ""16"": 541, ""18"": 424, ""19"": 516, ""2"": 515, ""21"": 154, ""22"": 259, ""24"": 89, ""25"": 202, ""27"": 56, ""28"": 107, ""3"": 3203, ""30"": 32, ""31"": 93, ""33"": 12, ""34"": 36, ""36"": 6, ""37"": 30, ""39"": 6, ""4"": 710, ""40"": 11, ""42"": 2, ""43"": 5, ""46"": 8, ""48"": 13, ""5"": 94, ""6"": 2353, ""7"": 427, ""8"": 4, ""9"": 1941}",32764,1599,4.880356488829203,2182,12.543113359392963,0,0.0,17396,17364,0,0.0,0,0.0,0,1439,4352,5791,0,5791,5791,1.0,0.0,44,1242,153,1357,42,1401,1788,1.032424465733235,3.0950626381724393,31,23.030076499999268,303321088
train,stratum,indic_cjk_arabic,te,sp_unigram,32768,observed,32,158103,158103,60933,21680,7.292573800738007,0.3558006334826777,0.13712579773944833,0,0.0,7.292573800738007,6,21,48,"{""1"": 3648, ""10"": 636, ""11"": 4, ""12"": 872, ""13"": 857, ""15"": 426, ""16"": 733, ""18"": 355, ""19"": 538, ""2"": 575, ""21"": 170, ""22"": 318, ""24"": 68, ""25"": 200, ""27"": 32, ""28"": 175, ""3"": 4388, ""30"": 27, ""31"": 88, ""33"": 8, ""34"": 31, ""36"": 2, ""37"": 18, ""39"": 2, ""4"": 1071, ""40"": 2, ""43"": 8, ""48"": 5, ""5"": 93, ""6"": 4120, ""7"": 623, ""8"": 9, ""9"": 1578}",32764,1900,5.799047735319252,2561,11.812730627306273,0,0.0,21680,21648,0,0.0,0,0.0,0,1882,5606,7488,0,7488,7488,1.0,0.0,126,1532,174,1580,118,1706,1939,1.079746835443038,7.468354430379747,28,23.030076499999268,303321088
train,stratum,indic_cjk_arabic,ur,sp_unigram,32768,observed,32,112341,112341,64366,23877,4.7049880638271135,0.37095671627878074,0.2125403904184581,0,0.0,4.7049880638271135,5,9,21,"{""1"": 2308, ""10"": 123, ""11"": 613, ""12"": 49, ""13"": 161, ""14"": 15, ""15"": 56, ""16"": 6, ""17"": 9, ""19"": 15, ""2"": 5058, ""20"": 13, ""21"": 1, ""3"": 1273, ""4"": 2687, ""5"": 4879, ""6"": 1107, ""7"": 3667, ""8"": 408, ""9"": 1429}",32764,1866,5.695275302160908,1121,4.694894668509444,0,0.0,23877,23845,0,0.0,0,0.0,0,1386,12159,13545,0,13545,13545,1.0,0.0,156,894,770,1527,153,1683,1777,1.1021611001964637,10.019646365422396,13,23.030076499999268,303321088
train,stratum,indic_cjk_arabic,zh,sp_unigram,32768,observed,32,130086,130086,53452,35973,3.6162121591193395,0.6729963331587219,0.2765324477653245,0,0.0,3.6162121591193395,3,9,36,"{""1"": 6268, ""10"": 58, ""11"": 1, ""12"": 413, ""13"": 147, ""15"": 81, ""16"": 88, ""18"": 89, ""19"": 29, ""2"": 1394, ""21"": 63, ""22"": 37, ""24"": 14, ""25"": 24, ""27"": 2, ""28"": 6, ""3"": 20344, ""31"": 3, ""33"": 21, ""34"": 2, ""36"": 20, ""4"": 321, ""5"": 159, ""6"": 5412, ""7"": 207, ""8"": 35, ""9"": 735}",32764,4690,14.314491515077524,5693,15.825758207544547,0,0.0,35973,35941,0,0.0,0,0.0,0,2369,1386,3755,0,3755,3755,1.0,0.0,202,3094,300,3235,185,3437,3602,1.0624420401854715,5.7187017001545595,16,23.030076499999268,303321088
train,stratum,latin_english,en,sp_unigram,32768,observed,32,59492,59492,59076,18842,3.157414287230655,0.3189450876836617,0.3167148524171317,0,0.0,3.157414287230655,3,8,16,"{""1"": 5519, ""10"": 195, ""11"": 66, ""12"": 39, ""13"": 14, ""15"": 1, ""16"": 5, ""2"": 3039, ""3"": 3464, ""4"": 2744, ""5"": 1597, ""6"": 857, ""7"": 635, ""8"": 469, ""9"": 198}",32764,2490,7.599804663655231,1228,6.517354845557796,0,0.0,18842,18810,0,0.0,0,0.0,3,2056,7245,9298,3,9301,9301,1.000322650032265,0.032265003226500326,81,1601,241,1764,75,1845,2096,1.0459183673469388,4.2517006802721085,10,23.030076499999268,303321088
train,language,,am,sp_unigram,32768,observed,32,147317,147317,59501,30427,4.8416537943274065,0.5113695568141712,0.20654099662632283,0,0.0,4.8416537943274065,3,12,28,"{""1"": 4219, ""10"": 1680, ""11"": 3, ""12"": 486, ""13"": 711, ""15"": 238, ""16"": 140, ""18"": 105, ""19"": 93, ""2"": 632, ""21"": 18, ""22"": 11, ""24"": 6, ""25"": 3, ""28"": 3, ""3"": 11355, ""4"": 2742, ""5"": 76, ""6"": 3861, ""7"": 2720, ""8"": 8, ""9"": 1317}",32764,2076,6.336222683433037,2473,8.127649784730666,0,0.0,30427,30395,0,0.0,0,0.0,0,2736,8470,11206,0,11206,11206,1.0,0.0,229,1544,782,2105,220,2334,2807,1.1087885985748218,10.451306413301662,16,23.030076499999268,303321088
train,language,,ar,sp_unigram,32768,observed,32,97740,97740,54940,21304,4.587870822380774,0.38776847469967235,0.21796603233067322,0,0.0,4.587870822380774,4,11,23,"{""1"": 2636, ""10"": 354, ""11"": 405, ""12"": 158, ""13"": 231, ""14"": 89, ""15"": 288, ""16"": 41, ""17"": 73, ""18"": 19, ""19"": 42, ""2"": 4942, ""20"": 5, ""21"": 14, ""23"": 14, ""3"": 1303, ""4"": 3651, ""5"": 2688, ""6"": 1562, ""7"": 1319, ""8"": 781, ""9"": 689}",32764,1949,5.94860212428275,1869,8.773000375516334,0,0.0,21304,21272,0,0.0,0,0.0,0,1622,7216,8838,0,8838,8838,1.0,0.0,93,1213,301,1426,92,1519,1757,1.065217391304348,6.451612903225806,15,23.030076499999268,303321088
train,language,,bg,sp_unigram,32768,observed,32,102609,102609,58537,21038,4.877317235478658,0.35939662094060165,0.20503074779015487,0,0.0,4.877317235478658,4,13,29,"{""1"": 3637, ""10"": 335, ""11"": 665, ""12"": 127, ""13"": 461, ""14"": 138, ""15"": 256, ""16"": 80, ""17"": 214, ""18"": 57, ""19"": 84, ""2"": 3879, ""20"": 22, ""21"": 87, ""22"": 4, ""23"": 19, ""25"": 12, ""26"": 3, ""27"": 14, ""28"": 2, ""29"": 1, ""3"": 1602, ""4"": 3482, ""5"": 2293, ""6"": 1345, ""7"": 709, ""8"": 735, ""9"": 775}",32764,2237,6.827615675741668,1975,9.387774503279779,0,0.0,21038,21006,0,0.0,0,0.0,0,1613,7360,8973,0,8973,8973,1.0,0.0,79,1730,311,1976,66,2055,2303,1.0399797570850202,3.340080971659919,19,23.030076499999268,303321088
train,language,,bn,sp_unigram,32768,observed,32,152004,152004,58399,21281,7.142709459141957,0.3644069247761092,0.14000289466066682,0,0.0,7.142709459141957,6,19,48,"{""1"": 2938, ""10"": 1296, ""11"": 2, ""12"": 645, ""13"": 1308, ""15"": 362, ""16"": 756, ""18"": 183, ""19"": 417, ""2"": 306, ""21"": 103, ""22"": 208, ""24"": 71, ""25"": 179, ""27"": 43, ""28"": 103, ""3"": 5636, ""30"": 8, ""31"": 28, ""33"": 19, ""34"": 49, ""36"": 2, ""37"": 8, ""39"": 6, ""4"": 944, ""40"": 16, ""46"": 9, ""48"": 2, ""5"": 47, ""6"": 2898, ""7"": 1314, ""8"": 11, ""9"": 1364}",32764,1608,4.907825662312294,2038,9.57661764014849,0,0.0,21281,21249,0,0.0,0,0.0,0,1819,6696,8515,0,8515,8515,1.0,0.0,39,1336,131,1429,36,1468,1661,1.027291812456263,2.5192442267319803,28,23.030076499999268,303321088
train,language,,c,sp_unigram,32768,observed,32,51063,51063,51060,17184,2.9715432960893855,0.336545240893067,0.3365254685388638,49,0.2851489757914339,2.9715432960893855,2,8,16,"{""1"": 7498, ""10"": 182, ""11"": 111, ""12"": 40, ""13"": 60, ""14"": 46, ""15"": 28, ""16"": 122, ""2"": 2516, ""3"": 2036, ""4"": 1675, ""5"": 869, ""6"": 765, ""7"": 640, ""8"": 371, ""9"": 225}",32764,2048,6.250763032596753,693,4.032821229050279,0,0.0,17184,17152,0,0.0,217,1.26280260707635,3472,3979,5172,5926,946,9398,9740,1.5858926763415457,15.963550455619306,160,2302,1784,4093,82,4253,6116,1.0390911311996092,2.0034204739799657,14,23.030076499999268,303321088
train,language,,cpp,sp_unigram,32768,observed,32,54217,54217,54213,18500,2.9306486486486487,0.3412465644771549,0.3412213881254957,222,1.2,2.9306486486486487,2,8,16,"{""1"": 8187, ""10"": 211, ""11"": 102, ""12"": 46, ""13"": 64, ""14"": 38, ""15"": 44, ""16"": 100, ""2"": 2882, ""3"": 2092, ""4"": 1601, ""5"": 929, ""6"": 843, ""7"": 685, ""8"": 404, ""9"": 272}",32764,2170,6.623122939811989,677,3.6594594594594594,0,0.0,18500,18468,0,0.0,283,1.5297297297297296,3888,4546,4482,5352,827,9240,9575,1.7264573991031391,15.452167414050821,194,2620,1834,4478,154,4672,6268,1.0433229120142922,3.439035283608754,13,23.030076499999268,303321088
train,language,,en,sp_unigram,32768,observed,32,59492,59492,59076,18842,3.157414287230655,0.3189450876836617,0.3167148524171317,0,0.0,3.157414287230655,3,8,16,"{""1"": 5519, ""10"": 195, ""11"": 66, ""12"": 39, ""13"": 14, ""15"": 1, ""16"": 5, ""2"": 3039, ""3"": 3464, ""4"": 2744, ""5"": 1597, ""6"": 857, ""7"": 635, ""8"": 469, ""9"": 198}",32764,2490,7.599804663655231,1228,6.517354845557796,0,0.0,18842,18810,0,0.0,0,0.0,3,2056,7245,9298,3,9301,9301,1.000322650032265,0.032265003226500326,81,1601,241,1764,75,1845,2096,1.0459183673469388,4.2517006802721085,10,23.030076499999268,303321088
train,language,,fa,sp_unigram,32768,observed,32,93798,93798,52677,18724,5.009506515701773,0.35544924729958044,0.19962046099063946,0,0.0,5.009506515701773,5,11,24,"{""1"": 2520, ""10"": 150, ""11"": 783, ""12"": 108, ""13"": 270, ""14"": 70, ""15"": 163, ""16"": 47, ""17"": 32, ""18"": 10, ""19"": 8, ""2"": 3287, ""24"": 13, ""3"": 1093, ""4"": 2296, ""5"": 2724, ""6"": 1254, ""7"": 1862, ""8"": 527, ""9"": 1507}",32764,1714,5.231351483335368,1309,6.991027558214057,0,0.0,18724,18692,0,0.0,0,0.0,0,1565,8365,9930,0,9930,9930,1.0,0.0,51,1058,157,1169,42,1220,1405,1.0436270316509837,3.592814371257485,15,23.030076499999268,303321088
train,language,,go,sp_unigram,32768,observed,32,56813,56813,56813,19325,2.93987063389392,0.34015102177318574,0.34015102177318574,1641,8.491591203104786,2.93987063389392,2,8,16,"{""1"": 8288, ""10"": 162, ""11"": 86, ""12"": 107, ""13"": 39, ""14"": 21, ""15"": 30, ""16"": 40, ""2"": 2787, ""3"": 2395, ""4"": 1897, ""5"": 860, ""6"": 1144, ""7"": 746, ""8"": 456, ""9"": 267}",32764,1947,5.942497863508729,791,4.093143596377749,0,0.0,19325,19293,0,0.0,101,0.5226390685640362,2377,3719,4711,6386,1327,8763,9031,1.3722204823050423,20.77983088005011,140,3555,1856,5404,118,5544,6454,1.0259067357512954,2.1835677276091783,12,23.030076499999268,303321088
train,language,,gu,sp_unigram,32768,observed,32,146974,146974,58881,21851,6.726191021005904,0.37110443097094137,0.14867255432933715,0,0.0,6.726191021005904,6,16,34,"{""1"": 3077, ""10"": 1795, ""11"": 2, ""12"": 394, ""13"": 1342, ""15"": 194, ""16"": 712, ""18"": 143, ""19"": 467, ""2"": 578, ""21"": 59, ""22"": 144, ""24"": 19, ""25"": 80, ""27"": 24, ""28"": 30, ""3"": 4542, ""31"": 15, ""33"": 6, ""34"": 20, ""4"": 1279, ""5"": 103, ""6"": 3152, ""7"": 2031, ""8"": 21, ""9"": 1622}",32764,1784,5.445000610426077,1804,8.255915061095601,0,0.0,21851,21819,0,0.0,0,0.0,0,1508,8215,9723,0,9723,9723,1.0,0.0,44,1315,103,1374,37,1418,1630,1.032023289665211,2.692867540029112,22,23.030076499999268,303321088
train,language,,hi,sp_unigram,32768,observed,32,153237,153237,61359,22885,6.695958051125191,0.37296892061474274,0.14934382688254141,0,0.0,6.695958051125191,6,16,34,"{""1"": 3008, ""10"": 2398, ""11"": 1, ""12"": 496, ""13"": 1389, ""15"": 222, ""16"": 653, ""18"": 79, ""19"": 263, ""2"": 525, ""21"": 40, ""22"": 113, ""24"": 14, ""25"": 37, ""27"": 6, ""28"": 38, ""3"": 4360, ""30"": 5, ""31"": 7, ""33"": 2, ""34"": 3, ""4"": 725, ""5"": 55, ""6"": 3067, ""7"": 4212, ""8"": 10, ""9"": 1157}",32764,1894,5.780734952997192,1447,6.322918942538781,0,0.0,22885,22853,0,0.0,0,0.0,0,1687,10123,11810,0,11810,11810,1.0,0.0,43,1295,193,1447,41,1490,1692,1.0297166551485832,2.8334485141672427,21,23.030076499999268,303321088
train,language,,ja,sp_unigram,32768,observed,32,142468,142468,61333,35181,4.04957221227367,0.5736063782955342,0.24693966364376563,0,0.0,4.04957221227367,3,12,48,"{""1"": 6648, ""10"": 98, ""11"": 2, ""12"": 1015, ""13"": 45, ""15"": 479, ""16"": 43, ""18"": 244, ""19"": 17, ""2"": 2638, ""21"": 93, ""22"": 7, ""24"": 56, ""25"": 3, ""27"": 66, ""3"": 16701, ""30"": 23, ""31"": 3, ""33"": 13, ""36"": 2, ""39"": 13, ""4"": 645, ""48"": 12, ""5"": 263, ""6"": 3873, ""7"": 145, ""8"": 43, ""9"": 1991}",32764,4173,12.736540104993285,4075,11.582956709587561,0,0.0,35181,35149,0,0.0,0,0.0,0,2603,1833,4436,0,4436,4436,1.0,0.0,284,3851,491,4082,256,4366,4644,1.0695737383635473,6.271435570798628,18,23.030076499999268,303321088
train,language,,java,sp_unigram,32768,observed,32,43999,43999,43605,14013,3.139870120602298,0.32136222910216716,0.3184845110116139,171,1.2202954399486192,3.139870120602298,2,9,16,"{""1"": 6302, ""10"": 160, ""11"": 102, ""12"": 56, ""13"": 41, ""14"": 47, ""15"": 32, ""16"": 98, ""2"": 1546, ""3"": 1363, ""4"": 1456, ""5"": 710, ""6"": 946, ""7"": 599, ""8"": 355, ""9"": 200}",32764,1706,5.206934440239287,556,3.967744237493756,0,0.0,14013,13981,0,0.0,29,0.20695068864625704,3560,3720,3348,3775,764,7335,7594,1.943046357615894,20.23841059602649,62,1979,1310,3273,52,3335,4145,1.0189428658722883,1.5887564925145128,14,23.030076499999268,303321088
train,language,,javascript,sp_unigram,32768,observed,32,38980,38980,38152,15204,2.5637990002630886,0.3985112182847557,0.3900461775269369,103,0.677453301762694,2.5637990002630886,2,7,16,"{""1"": 7171, ""10"": 109, ""11"": 54, ""12"": 17, ""13"": 26, ""14"": 23, ""15"": 4, ""16"": 28, ""2"": 2922, ""3"": 1542, ""4"": 1124, ""5"": 686, ""6"": 673, ""7"": 427, ""8"": 252, ""9"": 146}",32764,1780,5.4327920888780366,667,4.387003420152592,0,0.0,15204,15172,0,0.0,28,0.1841620626151013,3618,4180,2893,3702,660,7320,7448,1.9773095623987034,17.828200972447327,382,2619,1817,4230,334,4612,5941,1.090307328605201,7.8959810874704495,10,23.030076499999268,303321088
train,language,,kn,sp_unigram,32768,observed,32,153841,153841,60531,21936,7.013174690007294,0.36239282351191954,0.14258877672402026,0,0.0,7.013174690007294,4,19,46,"{""1"": 4059, ""10"": 875, ""11"": 4, ""12"": 1145, ""13"": 968, ""15"": 710, ""16"": 567, ""18"": 328, ""19"": 465, ""2"": 936, ""21"": 205, ""22"": 262, ""24"": 115, ""25"": 156, ""27"": 71, ""28"": 98, ""3"": 5224, ""30"": 22, ""31"": 24, ""33"": 24, ""34"": 25, ""36"": 15, ""37"": 3, ""4"": 938, ""40"": 7, ""42"": 8, ""43"": 5, ""46"": 3, ""5"": 107, ""6"": 2525, ""7"": 595, ""8"": 22, ""9"": 1425}",32764,2066,6.305701379562935,2401,10.945477753464624,0,0.0,21936,21904,0,0.0,0,0.0,0,1817,5426,7243,0,7243,7243,1.0,0.0,34,1307,141,1423,33,1457,1662,1.0238931834153198,2.3190442726633873,28,23.030076499999268,303321088
train,language,,ko,sp_unigram,32768,observed,32,118352,118352,51206,32808,3.607412826139966,0.6407061672460258,0.2772069758010004,0,0.0,3.607412826139966,3,9,21,"{""1"": 7018, ""10"": 627, ""11"": 7, ""12"": 113, ""13"": 274, ""15"": 66, ""16"": 41, ""18"": 6, ""19"": 3, ""2"": 1006, ""21"": 11, ""3"": 15425, ""4"": 2137, ""5"": 80, ""6"": 2379, ""7"": 3003, ""8"": 11, ""9"": 601}",32764,2550,7.782932486875839,3004,9.156303340648622,0,0.0,32808,32776,0,0.0,0,0.0,1,4565,6488,11052,1,11053,11053,1.0000904813608396,0.009048136083966703,104,2170,367,2443,99,2547,2934,1.0425706099058534,4.052394596807204,13,23.030076499999268,303321088
train,language,,ml,sp_unigram,32768,observed,32,137273,137273,52226,17567,7.814253998975351,0.33636502891280207,0.12797126893125377,0,0.0,7.814253998975351,5,22,48,"{""1"": 2693, ""10"": 352, ""12"": 1146, ""13"": 381, ""15"": 631, ""16"": 382, ""18"": 323, ""19"": 441, ""2"": 503, ""21"": 204, ""22"": 232, ""24"": 143, ""25"": 143, ""27"": 94, ""28"": 135, ""3"": 4603, ""30"": 30, ""31"": 83, ""33"": 23, ""34"": 57, ""36"": 36, ""37"": 51, ""39"": 17, ""4"": 902, ""40"": 29, ""42"": 4, ""43"": 12, ""45"": 2, ""46"": 4, ""48"": 13, ""5"": 122, ""6"": 1755, ""7"": 311, ""8"": 16, ""9"": 1694}",32764,1757,5.362593089976804,2351,13.383047760004555,0,0.0,17567,17535,0,0.0,0,0.0,0,1326,3871,5197,0,5197,5197,1.0,0.0,34,1064,139,1173,34,1207,1378,1.0289855072463767,2.898550724637681,34,23.030076499999268,303321088
train,language,,mr,sp_unigram,32768,observed,32,145113,145113,56571,19025,7.627490144546649,0.33630305280090506,0.13110472528305528,0,0.0,7.627490144546649,6,19,42,"{""1"": 2941, ""10"": 1260, ""11"": 2, ""12"": 830, ""13"": 1114, ""15"": 420, ""16"": 665, ""18"": 228, ""19"": 534, ""2"": 497, ""21"": 91, ""22"": 407, ""24"": 75, ""25"": 130, ""27"": 35, ""28"": 83, ""3"": 3658, ""30"": 8, ""31"": 43, ""34"": 27, ""37"": 7, ""39"": 3, ""4"": 621, ""40"": 14, ""42"": 6, ""5"": 87, ""6"": 2893, ""7"": 1140, ""8"": 24, ""9"": 1182}",32764,2121,6.473568550848492,1841,9.676741130091985,0,0.0,19025,18993,0,0.0,0,0.0,0,1485,6295,7780,0,7780,7780,1.0,0.0,33,1238,118,1323,31,1356,1551,1.0249433106575965,2.3431594860166287,28,23.030076499999268,303321088
train,language,,python,sp_unigram,32768,observed,32,48487,48487,48387,19145,2.532619482893706,0.3956641246615827,0.39484810361540207,311,1.6244450248106554,2.532619482893706,1,7,16,"{""1"": 10335, ""10"": 98, ""11"": 49, ""12"": 21, ""13"": 38, ""14"": 24, ""15"": 7, ""16"": 26, ""2"": 2161, ""3"": 1733, ""4"": 1665, ""5"": 1015, ""6"": 853, ""7"": 556, ""8"": 312, ""9"": 252}",32764,1930,5.890611646929557,542,2.8310263776442937,0,0.0,19145,19113,0,0.0,20,0.10446591799425438,5914,6910,3574,4625,776,10539,10776,2.2787027027027027,16.778378378378378,267,2930,1143,3862,215,4129,5228,1.069135163127913,5.567063697566028,10,23.030076499999268,303321088
train,language,,ru,sp_unigram,32768,observed,32,106212,106212,58870,20206,5.256458477679897,0.343230847630372,0.19024215719504387,0,0.0,5.256458477679897,4,15,32,"{""1"": 2907, ""10"": 381, ""11"": 700, ""12"": 167, ""13"": 500, ""14"": 93, ""15"": 352, ""16"": 59, ""17"": 226, ""18"": 68, ""19"": 187, ""2"": 4104, ""20"": 21, ""21"": 114, ""22"": 12, ""23"": 57, ""24"": 2, ""25"": 40, ""27"": 38, ""29"": 2, ""3"": 1470, ""30"": 2, ""31"": 3, ""32"": 2, ""4"": 3725, ""5"": 1213, ""6"": 1474, ""7"": 900, ""8"": 802, ""9"": 585}",32764,2156,6.580393114393847,1958,9.690191032366624,0,0.0,20206,20174,0,0.0,0,0.0,0,1317,6494,7811,0,7811,7811,1.0,0.0,58,1471,224,1640,49,1698,1917,1.0353658536585366,2.9878048780487805,21,23.030076499999268,303321088
train,language,,rust,sp_unigram,32768,observed,32,56922,56922,56922,23013,2.473471516099596,0.4042900811636977,0.4042900811636977,0,0.0,2.473471516099596,2,7,16,"{""1"": 11425, ""10"": 126, ""11"": 46, ""12"": 24, ""13"": 38, ""14"": 12, ""15"": 17, ""16"": 14, ""2"": 3311, ""3"": 2874, ""4"": 2014, ""5"": 1250, ""6"": 864, ""7"": 545, ""8"": 324, ""9"": 129}",32764,1996,6.092052252472226,626,2.720201625168383,0,0.0,23013,22981,0,0.0,176,0.7647851214530917,6826,7521,5075,6228,1008,13054,13231,2.0960179833012202,16.184971098265898,222,3540,2289,5827,199,6049,8582,1.0380985069504034,3.4151364338424575,10,23.030076499999268,303321088
train,language,,sql,sp_unigram,32768,observed,32,36373,36373,36088,13200,2.755530303030303,0.3657725559742851,0.3629065515629725,135,1.0227272727272727,2.755530303030303,2,8,16,"{""1"": 5869, ""10"": 70, ""11"": 33, ""12"": 16, ""13"": 14, ""14"": 1, ""15"": 6, ""16"": 38, ""2"": 2232, ""3"": 1471, ""4"": 1141, ""5"": 716, ""6"": 635, ""7"": 345, ""8"": 408, ""9"": 205}",32764,1514,4.620925405933342,464,3.515151515151515,0,0.0,13200,13168,0,0.0,47,0.3560606060606061,2616,3242,3198,3925,526,6541,6655,1.6664968152866242,13.401273885350319,100,1796,1243,3103,87,3203,4498,1.0322268772155978,2.803738317757009,10,23.030076499999268,303321088
train,language,,sw,sp_unigram,32768,observed,32,62449,62449,62216,20056,3.113731551655365,0.32236080750932233,0.3211580649810245,0,0.0,3.113731551655365,3,7,15,"{""1"": 4696, ""10"": 118, ""11"": 45, ""12"": 3, ""13"": 7, ""15"": 3, ""2"": 4196, ""3"": 4693, ""4"": 2280, ""5"": 1771, ""6"": 940, ""7"": 810, ""8"": 296, ""9"": 198}",32764,1937,5.911976559638628,1465,7.3045472676505785,0,0.0,20056,20024,0,0.0,0,0.0,5,1296,7810,9101,5,9106,9106,1.0005493901769036,0.054939017690363696,71,1365,152,1448,68,1519,1753,1.0490331491712708,4.696132596685083,9,23.030076499999268,303321088
train,language,,ta,sp_unigram,32768,observed,32,140738,140738,53567,17396,8.09025063232927,0.32475217951350643,0.12360556495047535,0,0.0,8.09025063232927,6,22,48,"{""1"": 2837, ""10"": 468, ""11"": 3, ""12"": 1006, ""13"": 704, ""15"": 529, ""16"": 541, ""18"": 424, ""19"": 516, ""2"": 515, ""21"": 154, ""22"": 259, ""24"": 89, ""25"": 202, ""27"": 56, ""28"": 107, ""3"": 3203, ""30"": 32, ""31"": 93, ""33"": 12, ""34"": 36, ""36"": 6, ""37"": 30, ""39"": 6, ""4"": 710, ""40"": 11, ""42"": 2, ""43"": 5, ""46"": 8, ""48"": 13, ""5"": 94, ""6"": 2353, ""7"": 427, ""8"": 4, ""9"": 1941}",32764,1599,4.880356488829203,2182,12.543113359392963,0,0.0,17396,17364,0,0.0,0,0.0,0,1439,4352,5791,0,5791,5791,1.0,0.0,44,1242,153,1357,42,1401,1788,1.032424465733235,3.0950626381724393,31,23.030076499999268,303321088
train,language,,te,sp_unigram,32768,observed,32,158103,158103,60933,21680,7.292573800738007,0.3558006334826777,0.13712579773944833,0,0.0,7.292573800738007,6,21,48,"{""1"": 3648, ""10"": 636, ""11"": 4, ""12"": 872, ""13"": 857, ""15"": 426, ""16"": 733, ""18"": 355, ""19"": 538, ""2"": 575, ""21"": 170, ""22"": 318, ""24"": 68, ""25"": 200, ""27"": 32, ""28"": 175, ""3"": 4388, ""30"": 27, ""31"": 88, ""33"": 8, ""34"": 31, ""36"": 2, ""37"": 18, ""39"": 2, ""4"": 1071, ""40"": 2, ""43"": 8, ""48"": 5, ""5"": 93, ""6"": 4120, ""7"": 623, ""8"": 9, ""9"": 1578}",32764,1900,5.799047735319252,2561,11.812730627306273,0,0.0,21680,21648,0,0.0,0,0.0,0,1882,5606,7488,0,7488,7488,1.0,0.0,126,1532,174,1580,118,1706,1939,1.079746835443038,7.468354430379747,28,23.030076499999268,303321088
train,language,,typescript,sp_unigram,32768,observed,32,43989,43989,43698,14611,3.010676887276709,0.3343631287473111,0.3321512196230876,41,0.2806104989391554,3.010676887276709,2,9,18,"{""1"": 6454, ""10"": 117, ""11"": 189, ""12"": 81, ""13"": 38, ""14"": 43, ""15"": 24, ""16"": 66, ""18"": 2, ""2"": 2461, ""3"": 1339, ""4"": 1007, ""5"": 832, ""6"": 839, ""7"": 547, ""8"": 372, ""9"": 200}",32764,1809,5.521303870101331,618,4.229689959619464,0,0.0,14611,14579,0,0.0,43,0.29429881596057766,4012,4124,3937,4263,917,8275,8393,1.9411212760966456,21.510673234811165,144,1614,1764,3292,129,3436,4406,1.0437424058323208,3.9185905224787363,13,23.030076499999268,303321088
train,language,,uk,sp_unigram,32768,observed,32,95676,95676,53182,19322,4.951661318704068,0.36331841600541537,0.20195242276014883,0,0.0,4.951661318704068,4,15,32,"{""1"": 2842, ""10"": 346, ""11"": 540, ""12"": 186, ""13"": 389, ""14"": 99, ""15"": 345, ""16"": 70, ""17"": 220, ""18"": 39, ""19"": 140, ""2"": 4337, ""20"": 9, ""21"": 97, ""22"": 15, ""23"": 17, ""24"": 9, ""25"": 5, ""26"": 2, ""27"": 2, ""29"": 8, ""3"": 1455, ""31"": 3, ""32"": 2, ""4"": 3415, ""5"": 1267, ""6"": 1488, ""7"": 723, ""8"": 703, ""9"": 549}",32764,2038,6.220241728726651,2083,10.780457509574578,0,0.0,19322,19290,0,0.0,0,0.0,0,1176,5917,7093,0,7093,7093,1.0,0.0,64,1598,308,1849,62,1913,2167,1.034613304488913,3.3531638723634396,19,23.030076499999268,303321088
train,language,,ur,sp_unigram,32768,observed,32,112341,112341,64366,23877,4.7049880638271135,0.37095671627878074,0.2125403904184581,0,0.0,4.7049880638271135,5,9,21,"{""1"": 2308, ""10"": 123, ""11"": 613, ""12"": 49, ""13"": 161, ""14"": 15, ""15"": 56, ""16"": 6, ""17"": 9, ""19"": 15, ""2"": 5058, ""20"": 13, ""21"": 1, ""3"": 1273, ""4"": 2687, ""5"": 4879, ""6"": 1107, ""7"": 3667, ""8"": 408, ""9"": 1429}",32764,1866,5.695275302160908,1121,4.694894668509444,0,0.0,23877,23845,0,0.0,0,0.0,0,1386,12159,13545,0,13545,13545,1.0,0.0,156,894,770,1527,153,1683,1777,1.1021611001964637,10.019646365422396,13,23.030076499999268,303321088
train,language,,yo,sp_unigram,32768,observed,32,69432,69432,59766,20407,3.402361934630274,0.34144831509553925,0.29391346929369744,0,0.0,3.402361934630274,3,7,17,"{""1"": 4557, ""10"": 199, ""11"": 77, ""12"": 33, ""13"": 9, ""14"": 33, ""15"": 29, ""17"": 5, ""2"": 3729, ""3"": 4392, ""4"": 2491, ""5"": 1911, ""6"": 991, ""7"": 1344, ""8"": 427, ""9"": 180}",32764,1594,4.865095836894152,914,4.478855294751801,0,0.0,20407,20375,0,0.0,0,0.0,0,1632,9855,11487,0,11487,11487,1.0,0.0,27,1441,178,1592,27,1619,1859,1.0169597989949748,1.6959798994974875,10,23.030076499999268,303321088
train,language,,zh,sp_unigram,32768,observed,32,130086,130086,53452,35973,3.6162121591193395,0.6729963331587219,0.2765324477653245,0,0.0,3.6162121591193395,3,9,36,"{""1"": 6268, ""10"": 58, ""11"": 1, ""12"": 413, ""13"": 147, ""15"": 81, ""16"": 88, ""18"": 89, ""19"": 29, ""2"": 1394, ""21"": 63, ""22"": 37, ""24"": 14, ""25"": 24, ""27"": 2, ""28"": 6, ""3"": 20344, ""31"": 3, ""33"": 21, ""34"": 2, ""36"": 20, ""4"": 321, ""5"": 159, ""6"": 5412, ""7"": 207, ""8"": 35, ""9"": 735}",32764,4690,14.314491515077524,5693,15.825758207544547,0,0.0,35973,35941,0,0.0,0,0.0,0,2369,1386,3755,0,3755,3755,1.0,0.0,202,3094,300,3235,185,3437,3602,1.0624420401854715,5.7187017001545595,16,23.030076499999268,303321088
train,domain,code,,sp_unigram,32768,observed,288,430843,430843,428938,154195,2.79414377898116,0.3594808573733267,0.3578913896709474,2673,1.7335192451117092,2.79414377898116,2,8,18,"{""1"": 71529, ""10"": 1235, ""11"": 772, ""12"": 408, ""13"": 358, ""14"": 255, ""15"": 192, ""16"": 532, ""18"": 2, ""2"": 22818, ""3"": 16845, ""4"": 13580, ""5"": 7867, ""6"": 7562, ""7"": 5090, ""8"": 3254, ""9"": 1896}",32764,6046,18.453180319863264,5634,3.653814974545219,0,0.0,154195,153907,0,0.0,944,0.6122118097214566,36283,41941,36390,44182,7751,80465,82443,1.8212167851161107,17.543343443031098,1671,22955,15040,37562,1370,39233,51638,1.0444864490708694,3.6473031254991746,12,23.030076499999268,303321088
train,domain,cyrillic_african,,sp_unigram,32768,observed,192,583695,583695,352072,131456,4.440230951801364,0.37337817264650414,0.22521351048064486,0,0.0,4.440230951801364,3,12,32,"{""1"": 22858, ""10"": 3059, ""11"": 2030, ""12"": 1002, ""13"": 2077, ""14"": 363, ""15"": 1223, ""16"": 349, ""17"": 665, ""18"": 269, ""19"": 504, ""2"": 20877, ""20"": 52, ""21"": 316, ""22"": 42, ""23"": 93, ""24"": 17, ""25"": 60, ""26"": 5, ""27"": 54, ""28"": 5, ""29"": 11, ""3"": 24967, ""30"": 2, ""31"": 6, ""32"": 4, ""4"": 18135, ""5"": 8531, ""6"": 10099, ""7"": 7206, ""8"": 2971, ""9"": 3604}",32764,7967,24.31632279330973,10868,8.26740506329114,0,0.0,131456,131264,0,0.0,0,0.0,5,9770,45906,55671,5,55676,55676,1.0000898133678218,0.008981336782166657,528,9149,1955,10610,492,11138,12806,1.0497643732327993,4.6371347785108386,18,23.030076499999268,303321088
train,domain,indic_cjk_arabic,,sp_unigram,32768,observed,448,1882068,1882068,800441,331488,5.677635389516363,0.41413170989492043,0.17612966162752886,0,0.0,5.677635389516363,3,16,48,"{""1"": 52599, ""10"": 10490, ""11"": 1829, ""12"": 8390, ""13"": 9191, ""14"": 174, ""15"": 4627, ""16"": 5275, ""17"": 114, ""18"": 2431, ""19"": 3755, ""2"": 22760, ""20"": 18, ""21"": 1208, ""22"": 1987, ""23"": 14, ""24"": 677, ""25"": 1154, ""27"": 429, ""28"": 775, ""3"": 91753, ""30"": 155, ""31"": 387, ""33"": 128, ""34"": 250, ""36"": 83, ""37"": 117, ""39"": 47, ""4"": 18927, ""40"": 79, ""42"": 20, ""43"": 30, ""45"": 2, ""46"": 24, ""48"": 45, ""5"": 11501, ""6"": 38350, ""7"": 20856, ""8"": 1922, ""9"": 18915}",32764,22584,68.92931266023685,33696,10.165073848827108,0,0.0,331488,331040,0,0.0,0,0.0,1,27073,88031,115103,1,115104,115104,1.0000086878708634,0.0008687870863487486,1287,22609,3538,24988,1199,26275,29420,1.051504722266688,4.798303185529054,25,23.030076499999268,303321088
train,domain,latin_english,,sp_unigram,32768,observed,32,59492,59492,59076,18842,3.157414287230655,0.3189450876836617,0.3167148524171317,0,0.0,3.157414287230655,3,8,16,"{""1"": 5519, ""10"": 195, ""11"": 66, ""12"": 39, ""13"": 14, ""15"": 1, ""16"": 5, ""2"": 3039, ""3"": 3464, ""4"": 2744, ""5"": 1597, ""6"": 857, ""7"": 635, ""8"": 469, ""9"": 198}",32764,2490,7.599804663655231,1228,6.517354845557796,0,0.0,18842,18810,0,0.0,0,0.0,3,2056,7245,9298,3,9301,9301,1.000322650032265,0.032265003226500326,81,1601,241,1764,75,1845,2096,1.0459183673469388,4.2517006802721085,10,23.030076499999268,303321088
train,aggregate,,,sp_unigram,32768,observed,960,2956098,2956098,1640527,635981,4.6480916882737064,0.38766871864955593,0.21514205550695545,2673,0.42029557486780267,4.6480916882737064,3,13,48,"{""1"": 152505, ""10"": 14979, ""11"": 4697, ""12"": 9839, ""13"": 11640, ""14"": 792, ""15"": 6043, ""16"": 6161, ""17"": 779, ""18"": 2702, ""19"": 4259, ""2"": 69494, ""20"": 70, ""21"": 1524, ""22"": 2029, ""23"": 107, ""24"": 694, ""25"": 1214, ""26"": 5, ""27"": 483, ""28"": 780, ""29"": 11, ""3"": 137029, ""30"": 157, ""31"": 393, ""32"": 4, ""33"": 128, ""34"": 250, ""36"": 83, ""37"": 117, ""39"": 47, ""4"": 53386, ""40"": 79, ""42"": 20, ""43"": 30, ""45"": 2, ""46"": 24, ""48"": 45, ""5"": 29496, ""6"": 56868, ""7"": 33787, ""8"": 8616, ""9"": 24613}",32764,32472,99.10877792699304,51426,8.086090622204123,0,0.0,635981,635021,0,0.0,944,0.148432107248487,36292,80840,177572,224254,7760,260546,262524,1.1618343485511964,3.4603619110472947,3567,56314,20774,74924,3136,78491,95960,1.0476082430195932,4.185574715711922,22,23.030076499999268,303321088
validation,stratum,flores200,am,sp_unigram,32768,observed,32,6471,6471,2573,1546,4.185640362225097,0.6008550330353672,0.23891206923195796,0,0.0,4.185640362225097,3,10,21,"{""1"": 151, ""10"": 53, ""12"": 10, ""13"": 18, ""15"": 6, ""16"": 1, ""18"": 4, ""19"": 1, ""2"": 38, ""21"": 1, ""3"": 777, ""4"": 167, ""5"": 1, ""6"": 176, ""7"": 98, ""9"": 44}",32764,463,1.4131363691856915,83,5.3686934023285895,0,0.0,1546,1514,0,0.0,0,0.0,0,131,355,486,0,486,486,1.0,0.0,1,49,27,75,1,76,76,1.0133333333333334,1.3333333333333333,13,23.030076499999268,303321088
validation,stratum,flores200,ar,sp_unigram,32768,observed,32,6539,6539,3628,1662,3.934416365824308,0.45810363836824697,0.25416730386909314,10,0.601684717208183,3.934416365824308,4,8,16,"{""1"": 153, ""10"": 6, ""11"": 12, ""12"": 5, ""13"": 9, ""14"": 2, ""15"": 3, ""16"": 1, ""2"": 501, ""3"": 98, ""4"": 353, ""5"": 207, ""6"": 118, ""7"": 112, ""8"": 45, ""9"": 37}",32764,482,1.471126846538884,90,5.415162454873646,10,0.601684717208183,1662,1630,0,0.0,0,0.0,0,91,490,581,0,581,581,1.0,0.0,1,70,17,86,1,87,88,1.0116279069767442,1.1627906976744187,12,23.030076499999268,303321088
validation,stratum,flores200,bg,sp_unigram,32768,observed,32,7482,7482,4146,1753,4.268111808328579,0.42281717317896766,0.2342956428762363,0,0.0,4.268111808328579,4,10,18,"{""1"": 225, ""10"": 33, ""11"": 33, ""12"": 2, ""13"": 14, ""14"": 4, ""15"": 15, ""16"": 4, ""17"": 5, ""18"": 1, ""2"": 373, ""3"": 139, ""4"": 409, ""5"": 180, ""6"": 151, ""7"": 61, ""8"": 58, ""9"": 46}",32764,514,1.5687950189232085,106,6.046776953793497,0,0.0,1753,1721,0,0.0,0,0.0,0,120,497,617,0,617,617,1.0,0.0,3,107,17,121,3,124,124,1.024793388429752,2.479338842975207,15,23.030076499999268,303321088
validation,stratum,flores200,bn,sp_unigram,32768,observed,32,10772,10772,4028,1890,5.699470899470899,0.4692154915590864,0.17545488303007797,0,0.0,5.699470899470899,3,15,40,"{""1"": 216, ""10"": 76, ""12"": 46, ""13"": 64, ""15"": 22, ""16"": 29, ""18"": 13, ""19"": 16, ""2"": 12, ""21"": 3, ""22"": 7, ""24"": 2, ""25"": 5, ""28"": 1, ""3"": 724, ""31"": 1, ""34"": 1, ""37"": 2, ""4"": 68, ""40"": 1, ""5"": 2, ""6"": 330, ""7"": 108, ""9"": 141}",32764,430,1.3124160664143572,79,4.1798941798941796,0,0.0,1890,1858,0,0.0,0,0.0,2,171,389,558,2,560,560,1.003584229390681,0.35842293906810035,4,79,7,82,4,86,90,1.048780487804878,4.878048780487805,22,23.030076499999268,303321088
validation,stratum,flores200,fa,sp_unigram,32768,observed,32,6879,6879,3885,1608,4.277985074626866,0.4138996138996139,0.23375490623637157,0,0.0,4.277985074626866,4,9,16,"{""1"": 209, ""10"": 5, ""11"": 28, ""12"": 9, ""13"": 16, ""14"": 2, ""15"": 4, ""16"": 3, ""2"": 368, ""3"": 100, ""4"": 279, ""5"": 222, ""6"": 134, ""7"": 120, ""8"": 27, ""9"": 82}",32764,549,1.6756195824685631,80,4.975124378109452,0,0.0,1608,1576,0,0.0,0,0.0,0,142,558,700,0,700,700,1.0,0.0,4,94,14,104,4,108,108,1.0384615384615385,3.8461538461538463,13,23.030076499999268,303321088
validation,stratum,flores200,gu,sp_unigram,32768,observed,32,9612,9612,3700,1825,5.266849315068493,0.49324324324324326,0.1898668331252601,0,0.0,5.266849315068493,4,13,28,"{""1"": 254, ""10"": 111, ""12"": 25, ""13"": 55, ""15"": 12, ""16"": 16, ""18"": 1, ""19"": 7, ""2"": 30, ""21"": 1, ""22"": 2, ""28"": 1, ""3"": 605, ""4"": 84, ""5"": 3, ""6"": 339, ""7"": 109, ""9"": 170}",32764,432,1.3185203271883774,93,5.095890410958904,0,0.0,1825,1793,0,0.0,0,0.0,2,167,403,568,2,570,570,1.0035211267605635,0.352112676056338,11,80,9,78,9,89,91,1.141025641025641,11.538461538461538,16,23.030076499999268,303321088
validation,stratum,flores200,hi,sp_unigram,32768,observed,32,10074,10074,3966,1744,5.776376146788991,0.43973777105395867,0.17311891999205878,0,0.0,5.776376146788991,6,13,34,"{""1"": 205, ""10"": 141, ""12"": 22, ""13"": 59, ""15"": 11, ""16"": 18, ""18"": 5, ""19"": 5, ""2"": 33, ""21"": 3, ""22"": 1, ""25"": 3, ""28"": 1, ""3"": 464, ""34"": 1, ""4"": 61, ""5"": 4, ""6"": 309, ""7"": 295, ""9"": 103}",32764,493,1.5047002807959957,76,4.3577981651376145,0,0.0,1744,1712,0,0.0,0,0.0,0,139,608,747,0,747,747,1.0,0.0,1,71,10,80,1,81,81,1.0125,1.25,18,23.030076499999268,303321088
validation,stratum,flores200,ja,sp_unigram,32768,observed,32,5110,5110,1782,1432,3.5684357541899443,0.8035914702581369,0.2802348336594912,81,5.656424581005586,3.5684357541899443,3,9,21,"{""1"": 113, ""12"": 24, ""15"": 7, ""18"": 1, ""2"": 28, ""21"": 1, ""3"": 1053, ""4"": 3, ""6"": 160, ""9"": 42}",32764,578,1.764131363691857,249,17.38826815642458,81,5.656424581005586,1432,1400,0,0.0,0,0.0,0,2,0,2,0,2,2,1.0,0.0,1,109,3,111,1,112,113,1.009009009009009,0.9009009009009009,12,23.030076499999268,303321088
validation,stratum,flores200,kn,sp_unigram,32768,observed,32,11326,11326,4264,2002,5.6573426573426575,0.4695121951219512,0.17676143386897405,0,0.0,5.6573426573426575,4,15,31,"{""1"": 314, ""10"": 53, ""12"": 84, ""13"": 56, ""15"": 43, ""16"": 29, ""18"": 23, ""19"": 12, ""2"": 31, ""21"": 10, ""22"": 7, ""24"": 1, ""25"": 1, ""27"": 1, ""28"": 2, ""3"": 642, ""31"": 1, ""4"": 83, ""5"": 3, ""6"": 403, ""7"": 56, ""9"": 147}",32764,449,1.3704065437675497,102,5.094905094905095,0,0.0,2002,1970,0,0.0,0,0.0,46,226,323,503,42,549,549,1.091451292246521,8.34990059642147,0,81,9,90,0,90,90,1.0,0.0,21,23.030076499999268,303321088
validation,stratum,flores200,ko,sp_unigram,32768,observed,32,4735,4735,2037,1588,2.9817380352644838,0.7795778105056456,0.3353748680042239,45,2.8337531486146097,2.9817380352644838,3,7,13,"{""1"": 381, ""10"": 6, ""13"": 2, ""2"": 42, ""3"": 890, ""4"": 100, ""5"": 5, ""6"": 87, ""7"": 54, ""9"": 21}",32764,524,1.5993163227933098,156,9.82367758186398,45,2.8337531486146097,1588,1556,0,0.0,0,0.0,0,242,188,430,0,430,430,1.0,0.0,3,74,4,75,2,78,81,1.04,2.6666666666666665,9,23.030076499999268,303321088
validation,stratum,flores200,ml,sp_unigram,32768,observed,32,11894,11894,4384,2051,5.799122379327158,0.4678375912408759,0.1724398856566336,0,0.0,5.799122379327158,3,16,39,"{""1"": 254, ""10"": 28, ""12"": 115, ""13"": 15, ""15"": 46, ""16"": 30, ""18"": 19, ""19"": 19, ""2"": 36, ""21"": 13, ""22"": 10, ""24"": 10, ""25"": 4, ""27"": 6, ""28"": 3, ""3"": 824, ""31"": 2, ""34"": 2, ""36"": 3, ""37"": 1, ""39"": 1, ""4"": 125, ""5"": 2, ""6"": 280, ""7"": 21, ""9"": 182}",32764,457,1.3948235868636307,128,6.240858117991224,0,0.0,2051,2019,0,0.0,0,0.0,5,168,279,442,5,447,447,1.01131221719457,1.1312217194570136,7,77,10,80,7,87,91,1.0875,8.75,25,23.030076499999268,303321088
validation,stratum,flores200,mr,sp_unigram,32768,observed,32,10965,10965,4109,1746,6.280068728522337,0.42492090532976395,0.15923392612859097,0,0.0,6.280068728522337,6,16,34,"{""1"": 211, ""10"": 82, ""12"": 70, ""13"": 71, ""15"": 40, ""16"": 23, ""18"": 17, ""19"": 18, ""2"": 24, ""21"": 6, ""22"": 10, ""24"": 2, ""25"": 3, ""28"": 5, ""3"": 523, ""31"": 2, ""34"": 2, ""4"": 64, ""5"": 2, ""6"": 326, ""7"": 114, ""9"": 131}",32764,544,1.6603589305335125,106,6.0710194730813285,0,0.0,1746,1714,0,0.0,0,0.0,1,136,408,543,1,544,544,1.0018416206261511,0.1841620626151013,6,74,9,78,6,84,88,1.0769230769230769,7.6923076923076925,22,23.030076499999268,303321088
validation,stratum,flores200,ru,sp_unigram,32768,observed,32,7654,7654,4261,1847,4.144017325392529,0.43346632245951655,0.2413117324274889,0,0.0,4.144017325392529,4,11,21,"{""1"": 241, ""10"": 29, ""11"": 45, ""12"": 13, ""13"": 19, ""14"": 4, ""15"": 7, ""17"": 5, ""18"": 2, ""19"": 4, ""2"": 496, ""21"": 2, ""3"": 146, ""4"": 400, ""5"": 107, ""6"": 159, ""7"": 74, ""8"": 58, ""9"": 36}",32764,577,1.7610792333048468,105,5.68489442338928,0,0.0,1847,1815,0,0.0,0,0.0,5,118,458,571,5,576,576,1.0087565674255692,0.8756567425569177,2,110,16,124,2,126,130,1.0161290322580645,1.6129032258064515,15,23.030076499999268,303321088
validation,stratum,flores200,sw,sp_unigram,32768,observed,32,4405,4405,4397,1582,2.7844500632111253,0.35979076643165797,0.3591373439273553,0,0.0,2.7844500632111253,3,6,10,"{""1"": 394, ""10"": 3, ""2"": 382, ""3"": 434, ""4"": 148, ""5"": 94, ""6"": 57, ""7"": 55, ""8"": 9, ""9"": 6}",32764,545,1.6634110609205226,68,4.298356510745891,0,0.0,1582,1550,0,0.0,0,0.0,0,91,569,660,0,660,660,1.0,0.0,0,69,7,76,0,76,77,1.0,0.0,8,23.030076499999268,303321088
validation,stratum,flores200,ta,sp_unigram,32768,observed,32,12193,12193,4517,1915,6.36710182767624,0.42395395173787914,0.15705732797506766,0,0.0,6.36710182767624,6,16,34,"{""1"": 262, ""10"": 40, ""12"": 95, ""13"": 49, ""15"": 31, ""16"": 39, ""18"": 26, ""19"": 20, ""2"": 31, ""21"": 12, ""22"": 6, ""24"": 5, ""25"": 2, ""27"": 2, ""28"": 6, ""3"": 520, ""31"": 5, ""34"": 1, ""4"": 85, ""5"": 2, ""6"": 370, ""7"": 47, ""9"": 259}",32764,437,1.333780979123428,115,6.005221932114883,3,0.1566579634464752,1915,1883,0,0.0,0,0.0,1,156,319,474,1,475,475,1.0021097046413503,0.2109704641350211,9,99,8,98,9,107,111,1.0918367346938775,9.183673469387756,24,23.030076499999268,303321088
validation,stratum,flores200,te,sp_unigram,32768,observed,32,10409,10409,3954,1855,5.611320754716981,0.4691451694486596,0.17821116341627438,0,0.0,5.611320754716981,6,16,31,"{""1"": 305, ""10"": 33, ""12"": 61, ""13"": 36, ""15"": 19, ""16"": 34, ""18"": 18, ""19"": 18, ""2"": 41, ""21"": 8, ""22"": 7, ""25"": 5, ""28"": 2, ""3"": 491, ""31"": 2, ""4"": 79, ""5"": 2, ""6"": 515, ""7"": 34, ""9"": 145}",32764,477,1.4558661946038334,110,5.929919137466308,0,0.0,1855,1823,0,0.0,0,0.0,6,208,278,480,6,486,486,1.0125,1.25,6,82,9,85,6,91,92,1.0705882352941176,7.0588235294117645,21,23.030076499999268,303321088
validation,stratum,flores200,uk,sp_unigram,32768,observed,32,7446,7446,4118,1872,3.9775641025641026,0.45458960660514813,0.25141015310233683,0,0.0,3.9775641025641026,4,9,25,"{""1"": 245, ""10"": 24, ""11"": 30, ""12"": 3, ""13"": 11, ""14"": 1, ""15"": 11, ""17"": 5, ""2"": 491, ""22"": 2, ""25"": 1, ""3"": 133, ""4"": 447, ""5"": 128, ""6"": 189, ""7"": 66, ""8"": 51, ""9"": 34}",32764,546,1.6664631913075327,87,4.647435897435898,0,0.0,1872,1840,0,0.0,0,0.0,0,124,431,555,0,555,555,1.0,0.0,1,112,13,124,1,125,126,1.0080645161290323,0.8064516129032258,15,23.030076499999268,303321088
validation,stratum,flores200,ur,sp_unigram,32768,observed,32,6879,6879,3892,1655,4.156495468277946,0.42523124357656733,0.24058729466492224,0,0.0,4.156495468277946,4,9,19,"{""1"": 135, ""10"": 6, ""11"": 25, ""12"": 4, ""13"": 5, ""15"": 1, ""16"": 1, ""19"": 2, ""2"": 480, ""3"": 107, ""4"": 244, ""5"": 299, ""6"": 85, ""7"": 180, ""8"": 24, ""9"": 57}",32764,482,1.471126846538884,77,4.652567975830816,0,0.0,1655,1623,0,0.0,0,0.0,0,110,683,793,0,793,793,1.0,0.0,1,45,27,71,1,72,72,1.0140845070422535,1.408450704225352,11,23.030076499999268,303321088
validation,stratum,flores200,yo,sp_unigram,32768,observed,32,5063,5063,3889,2245,2.2552338530066813,0.5772692208794035,0.4434129962472842,8,0.35634743875278396,2.2552338530066813,2,5,10,"{""1"": 729, ""10"": 3, ""2"": 803, ""3"": 359, ""4"": 215, ""5"": 87, ""6"": 28, ""7"": 10, ""8"": 11}",32764,432,1.3185203271883774,67,2.9844097995545655,8,0.35634743875278396,2245,2213,0,0.0,0,0.0,0,254,464,718,0,718,718,1.0,0.0,1,70,7,76,1,77,78,1.013157894736842,1.3157894736842106,7,23.030076499999268,303321088
validation,stratum,flores200,zh,sp_unigram,32768,observed,32,3769,3769,1485,1304,2.8903374233128836,0.8781144781144781,0.345980366144866,78,5.9815950920245395,2.8903374233128836,3,6,12,"{""1"": 211, ""12"": 1, ""2"": 62, ""3"": 921, ""4"": 1, ""5"": 5, ""6"": 99, ""9"": 4}",32764,611,1.8648516664631913,256,19.631901840490798,78,5.9815950920245395,1304,1272,0,0.0,0,0.0,0,36,27,63,0,63,63,1.0,0.0,5,127,10,132,5,137,138,1.0378787878787878,3.787878787878788,6,23.030076499999268,303321088
validation,language,,am,sp_unigram,32768,observed,32,6471,6471,2573,1546,4.185640362225097,0.6008550330353672,0.23891206923195796,0,0.0,4.185640362225097,3,10,21,"{""1"": 151, ""10"": 53, ""12"": 10, ""13"": 18, ""15"": 6, ""16"": 1, ""18"": 4, ""19"": 1, ""2"": 38, ""21"": 1, ""3"": 777, ""4"": 167, ""5"": 1, ""6"": 176, ""7"": 98, ""9"": 44}",32764,463,1.4131363691856915,83,5.3686934023285895,0,0.0,1546,1514,0,0.0,0,0.0,0,131,355,486,0,486,486,1.0,0.0,1,49,27,75,1,76,76,1.0133333333333334,1.3333333333333333,13,23.030076499999268,303321088
validation,language,,ar,sp_unigram,32768,observed,32,6539,6539,3628,1662,3.934416365824308,0.45810363836824697,0.25416730386909314,10,0.601684717208183,3.934416365824308,4,8,16,"{""1"": 153, ""10"": 6, ""11"": 12, ""12"": 5, ""13"": 9, ""14"": 2, ""15"": 3, ""16"": 1, ""2"": 501, ""3"": 98, ""4"": 353, ""5"": 207, ""6"": 118, ""7"": 112, ""8"": 45, ""9"": 37}",32764,482,1.471126846538884,90,5.415162454873646,10,0.601684717208183,1662,1630,0,0.0,0,0.0,0,91,490,581,0,581,581,1.0,0.0,1,70,17,86,1,87,88,1.0116279069767442,1.1627906976744187,12,23.030076499999268,303321088
validation,language,,bg,sp_unigram,32768,observed,32,7482,7482,4146,1753,4.268111808328579,0.42281717317896766,0.2342956428762363,0,0.0,4.268111808328579,4,10,18,"{""1"": 225, ""10"": 33, ""11"": 33, ""12"": 2, ""13"": 14, ""14"": 4, ""15"": 15, ""16"": 4, ""17"": 5, ""18"": 1, ""2"": 373, ""3"": 139, ""4"": 409, ""5"": 180, ""6"": 151, ""7"": 61, ""8"": 58, ""9"": 46}",32764,514,1.5687950189232085,106,6.046776953793497,0,0.0,1753,1721,0,0.0,0,0.0,0,120,497,617,0,617,617,1.0,0.0,3,107,17,121,3,124,124,1.024793388429752,2.479338842975207,15,23.030076499999268,303321088
validation,language,,bn,sp_unigram,32768,observed,32,10772,10772,4028,1890,5.699470899470899,0.4692154915590864,0.17545488303007797,0,0.0,5.699470899470899,3,15,40,"{""1"": 216, ""10"": 76, ""12"": 46, ""13"": 64, ""15"": 22, ""16"": 29, ""18"": 13, ""19"": 16, ""2"": 12, ""21"": 3, ""22"": 7, ""24"": 2, ""25"": 5, ""28"": 1, ""3"": 724, ""31"": 1, ""34"": 1, ""37"": 2, ""4"": 68, ""40"": 1, ""5"": 2, ""6"": 330, ""7"": 108, ""9"": 141}",32764,430,1.3124160664143572,79,4.1798941798941796,0,0.0,1890,1858,0,0.0,0,0.0,2,171,389,558,2,560,560,1.003584229390681,0.35842293906810035,4,79,7,82,4,86,90,1.048780487804878,4.878048780487805,22,23.030076499999268,303321088
validation,language,,fa,sp_unigram,32768,observed,32,6879,6879,3885,1608,4.277985074626866,0.4138996138996139,0.23375490623637157,0,0.0,4.277985074626866,4,9,16,"{""1"": 209, ""10"": 5, ""11"": 28, ""12"": 9, ""13"": 16, ""14"": 2, ""15"": 4, ""16"": 3, ""2"": 368, ""3"": 100, ""4"": 279, ""5"": 222, ""6"": 134, ""7"": 120, ""8"": 27, ""9"": 82}",32764,549,1.6756195824685631,80,4.975124378109452,0,0.0,1608,1576,0,0.0,0,0.0,0,142,558,700,0,700,700,1.0,0.0,4,94,14,104,4,108,108,1.0384615384615385,3.8461538461538463,13,23.030076499999268,303321088
validation,language,,gu,sp_unigram,32768,observed,32,9612,9612,3700,1825,5.266849315068493,0.49324324324324326,0.1898668331252601,0,0.0,5.266849315068493,4,13,28,"{""1"": 254, ""10"": 111, ""12"": 25, ""13"": 55, ""15"": 12, ""16"": 16, ""18"": 1, ""19"": 7, ""2"": 30, ""21"": 1, ""22"": 2, ""28"": 1, ""3"": 605, ""4"": 84, ""5"": 3, ""6"": 339, ""7"": 109, ""9"": 170}",32764,432,1.3185203271883774,93,5.095890410958904,0,0.0,1825,1793,0,0.0,0,0.0,2,167,403,568,2,570,570,1.0035211267605635,0.352112676056338,11,80,9,78,9,89,91,1.141025641025641,11.538461538461538,16,23.030076499999268,303321088
validation,language,,hi,sp_unigram,32768,observed,32,10074,10074,3966,1744,5.776376146788991,0.43973777105395867,0.17311891999205878,0,0.0,5.776376146788991,6,13,34,"{""1"": 205, ""10"": 141, ""12"": 22, ""13"": 59, ""15"": 11, ""16"": 18, ""18"": 5, ""19"": 5, ""2"": 33, ""21"": 3, ""22"": 1, ""25"": 3, ""28"": 1, ""3"": 464, ""34"": 1, ""4"": 61, ""5"": 4, ""6"": 309, ""7"": 295, ""9"": 103}",32764,493,1.5047002807959957,76,4.3577981651376145,0,0.0,1744,1712,0,0.0,0,0.0,0,139,608,747,0,747,747,1.0,0.0,1,71,10,80,1,81,81,1.0125,1.25,18,23.030076499999268,303321088
validation,language,,ja,sp_unigram,32768,observed,32,5110,5110,1782,1432,3.5684357541899443,0.8035914702581369,0.2802348336594912,81,5.656424581005586,3.5684357541899443,3,9,21,"{""1"": 113, ""12"": 24, ""15"": 7, ""18"": 1, ""2"": 28, ""21"": 1, ""3"": 1053, ""4"": 3, ""6"": 160, ""9"": 42}",32764,578,1.764131363691857,249,17.38826815642458,81,5.656424581005586,1432,1400,0,0.0,0,0.0,0,2,0,2,0,2,2,1.0,0.0,1,109,3,111,1,112,113,1.009009009009009,0.9009009009009009,12,23.030076499999268,303321088
validation,language,,kn,sp_unigram,32768,observed,32,11326,11326,4264,2002,5.6573426573426575,0.4695121951219512,0.17676143386897405,0,0.0,5.6573426573426575,4,15,31,"{""1"": 314, ""10"": 53, ""12"": 84, ""13"": 56, ""15"": 43, ""16"": 29, ""18"": 23, ""19"": 12, ""2"": 31, ""21"": 10, ""22"": 7, ""24"": 1, ""25"": 1, ""27"": 1, ""28"": 2, ""3"": 642, ""31"": 1, ""4"": 83, ""5"": 3, ""6"": 403, ""7"": 56, ""9"": 147}",32764,449,1.3704065437675497,102,5.094905094905095,0,0.0,2002,1970,0,0.0,0,0.0,46,226,323,503,42,549,549,1.091451292246521,8.34990059642147,0,81,9,90,0,90,90,1.0,0.0,21,23.030076499999268,303321088
validation,language,,ko,sp_unigram,32768,observed,32,4735,4735,2037,1588,2.9817380352644838,0.7795778105056456,0.3353748680042239,45,2.8337531486146097,2.9817380352644838,3,7,13,"{""1"": 381, ""10"": 6, ""13"": 2, ""2"": 42, ""3"": 890, ""4"": 100, ""5"": 5, ""6"": 87, ""7"": 54, ""9"": 21}",32764,524,1.5993163227933098,156,9.82367758186398,45,2.8337531486146097,1588,1556,0,0.0,0,0.0,0,242,188,430,0,430,430,1.0,0.0,3,74,4,75,2,78,81,1.04,2.6666666666666665,9,23.030076499999268,303321088
validation,language,,ml,sp_unigram,32768,observed,32,11894,11894,4384,2051,5.799122379327158,0.4678375912408759,0.1724398856566336,0,0.0,5.799122379327158,3,16,39,"{""1"": 254, ""10"": 28, ""12"": 115, ""13"": 15, ""15"": 46, ""16"": 30, ""18"": 19, ""19"": 19, ""2"": 36, ""21"": 13, ""22"": 10, ""24"": 10, ""25"": 4, ""27"": 6, ""28"": 3, ""3"": 824, ""31"": 2, ""34"": 2, ""36"": 3, ""37"": 1, ""39"": 1, ""4"": 125, ""5"": 2, ""6"": 280, ""7"": 21, ""9"": 182}",32764,457,1.3948235868636307,128,6.240858117991224,0,0.0,2051,2019,0,0.0,0,0.0,5,168,279,442,5,447,447,1.01131221719457,1.1312217194570136,7,77,10,80,7,87,91,1.0875,8.75,25,23.030076499999268,303321088
validation,language,,mr,sp_unigram,32768,observed,32,10965,10965,4109,1746,6.280068728522337,0.42492090532976395,0.15923392612859097,0,0.0,6.280068728522337,6,16,34,"{""1"": 211, ""10"": 82, ""12"": 70, ""13"": 71, ""15"": 40, ""16"": 23, ""18"": 17, ""19"": 18, ""2"": 24, ""21"": 6, ""22"": 10, ""24"": 2, ""25"": 3, ""28"": 5, ""3"": 523, ""31"": 2, ""34"": 2, ""4"": 64, ""5"": 2, ""6"": 326, ""7"": 114, ""9"": 131}",32764,544,1.6603589305335125,106,6.0710194730813285,0,0.0,1746,1714,0,0.0,0,0.0,1,136,408,543,1,544,544,1.0018416206261511,0.1841620626151013,6,74,9,78,6,84,88,1.0769230769230769,7.6923076923076925,22,23.030076499999268,303321088
validation,language,,ru,sp_unigram,32768,observed,32,7654,7654,4261,1847,4.144017325392529,0.43346632245951655,0.2413117324274889,0,0.0,4.144017325392529,4,11,21,"{""1"": 241, ""10"": 29, ""11"": 45, ""12"": 13, ""13"": 19, ""14"": 4, ""15"": 7, ""17"": 5, ""18"": 2, ""19"": 4, ""2"": 496, ""21"": 2, ""3"": 146, ""4"": 400, ""5"": 107, ""6"": 159, ""7"": 74, ""8"": 58, ""9"": 36}",32764,577,1.7610792333048468,105,5.68489442338928,0,0.0,1847,1815,0,0.0,0,0.0,5,118,458,571,5,576,576,1.0087565674255692,0.8756567425569177,2,110,16,124,2,126,130,1.0161290322580645,1.6129032258064515,15,23.030076499999268,303321088
validation,language,,sw,sp_unigram,32768,observed,32,4405,4405,4397,1582,2.7844500632111253,0.35979076643165797,0.3591373439273553,0,0.0,2.7844500632111253,3,6,10,"{""1"": 394, ""10"": 3, ""2"": 382, ""3"": 434, ""4"": 148, ""5"": 94, ""6"": 57, ""7"": 55, ""8"": 9, ""9"": 6}",32764,545,1.6634110609205226,68,4.298356510745891,0,0.0,1582,1550,0,0.0,0,0.0,0,91,569,660,0,660,660,1.0,0.0,0,69,7,76,0,76,77,1.0,0.0,8,23.030076499999268,303321088
validation,language,,ta,sp_unigram,32768,observed,32,12193,12193,4517,1915,6.36710182767624,0.42395395173787914,0.15705732797506766,0,0.0,6.36710182767624,6,16,34,"{""1"": 262, ""10"": 40, ""12"": 95, ""13"": 49, ""15"": 31, ""16"": 39, ""18"": 26, ""19"": 20, ""2"": 31, ""21"": 12, ""22"": 6, ""24"": 5, ""25"": 2, ""27"": 2, ""28"": 6, ""3"": 520, ""31"": 5, ""34"": 1, ""4"": 85, ""5"": 2, ""6"": 370, ""7"": 47, ""9"": 259}",32764,437,1.333780979123428,115,6.005221932114883,3,0.1566579634464752,1915,1883,0,0.0,0,0.0,1,156,319,474,1,475,475,1.0021097046413503,0.2109704641350211,9,99,8,98,9,107,111,1.0918367346938775,9.183673469387756,24,23.030076499999268,303321088
validation,language,,te,sp_unigram,32768,observed,32,10409,10409,3954,1855,5.611320754716981,0.4691451694486596,0.17821116341627438,0,0.0,5.611320754716981,6,16,31,"{""1"": 305, ""10"": 33, ""12"": 61, ""13"": 36, ""15"": 19, ""16"": 34, ""18"": 18, ""19"": 18, ""2"": 41, ""21"": 8, ""22"": 7, ""25"": 5, ""28"": 2, ""3"": 491, ""31"": 2, ""4"": 79, ""5"": 2, ""6"": 515, ""7"": 34, ""9"": 145}",32764,477,1.4558661946038334,110,5.929919137466308,0,0.0,1855,1823,0,0.0,0,0.0,6,208,278,480,6,486,486,1.0125,1.25,6,82,9,85,6,91,92,1.0705882352941176,7.0588235294117645,21,23.030076499999268,303321088
validation,language,,uk,sp_unigram,32768,observed,32,7446,7446,4118,1872,3.9775641025641026,0.45458960660514813,0.25141015310233683,0,0.0,3.9775641025641026,4,9,25,"{""1"": 245, ""10"": 24, ""11"": 30, ""12"": 3, ""13"": 11, ""14"": 1, ""15"": 11, ""17"": 5, ""2"": 491, ""22"": 2, ""25"": 1, ""3"": 133, ""4"": 447, ""5"": 128, ""6"": 189, ""7"": 66, ""8"": 51, ""9"": 34}",32764,546,1.6664631913075327,87,4.647435897435898,0,0.0,1872,1840,0,0.0,0,0.0,0,124,431,555,0,555,555,1.0,0.0,1,112,13,124,1,125,126,1.0080645161290323,0.8064516129032258,15,23.030076499999268,303321088
validation,language,,ur,sp_unigram,32768,observed,32,6879,6879,3892,1655,4.156495468277946,0.42523124357656733,0.24058729466492224,0,0.0,4.156495468277946,4,9,19,"{""1"": 135, ""10"": 6, ""11"": 25, ""12"": 4, ""13"": 5, ""15"": 1, ""16"": 1, ""19"": 2, ""2"": 480, ""3"": 107, ""4"": 244, ""5"": 299, ""6"": 85, ""7"": 180, ""8"": 24, ""9"": 57}",32764,482,1.471126846538884,77,4.652567975830816,0,0.0,1655,1623,0,0.0,0,0.0,0,110,683,793,0,793,793,1.0,0.0,1,45,27,71,1,72,72,1.0140845070422535,1.408450704225352,11,23.030076499999268,303321088
validation,language,,yo,sp_unigram,32768,observed,32,5063,5063,3889,2245,2.2552338530066813,0.5772692208794035,0.4434129962472842,8,0.35634743875278396,2.2552338530066813,2,5,10,"{""1"": 729, ""10"": 3, ""2"": 803, ""3"": 359, ""4"": 215, ""5"": 87, ""6"": 28, ""7"": 10, ""8"": 11}",32764,432,1.3185203271883774,67,2.9844097995545655,8,0.35634743875278396,2245,2213,0,0.0,0,0.0,0,254,464,718,0,718,718,1.0,0.0,1,70,7,76,1,77,78,1.013157894736842,1.3157894736842106,7,23.030076499999268,303321088
validation,language,,zh,sp_unigram,32768,observed,32,3769,3769,1485,1304,2.8903374233128836,0.8781144781144781,0.345980366144866,78,5.9815950920245395,2.8903374233128836,3,6,12,"{""1"": 211, ""12"": 1, ""2"": 62, ""3"": 921, ""4"": 1, ""5"": 5, ""6"": 99, ""9"": 4}",32764,611,1.8648516664631913,256,19.631901840490798,78,5.9815950920245395,1304,1272,0,0.0,0,0.0,0,36,27,63,0,63,63,1.0,0.0,5,127,10,132,5,137,138,1.0378787878787878,3.787878787878788,6,23.030076499999268,303321088
validation,domain,flores200,,sp_unigram,32768,observed,640,159677,159677,73015,35122,4.546352713399009,0.4810244470314319,0.2199565372595928,222,0.6320824554410341,4.546352713399009,3,12,40,"{""1"": 5208, ""10"": 732, ""11"": 173, ""12"": 589, ""13"": 499, ""14"": 13, ""15"": 278, ""16"": 228, ""17"": 15, ""18"": 130, ""19"": 122, ""2"": 4302, ""21"": 60, ""22"": 52, ""24"": 20, ""25"": 24, ""27"": 9, ""28"": 21, ""3"": 9950, ""31"": 13, ""34"": 7, ""36"": 3, ""37"": 3, ""39"": 1, ""4"": 3415, ""40"": 1, ""5"": 1355, ""6"": 4315, ""7"": 1614, ""8"": 283, ""9"": 1687}",32764,7456,22.75668416554755,2233,6.357838391891122,225,0.6406241102442913,35122,34482,0,0.0,0,0.0,68,2832,7727,10491,64,10559,10559,1.006481746258698,0.6100467067009818,67,1679,233,1846,64,1913,1945,1.0362946912242688,3.466955579631636,18,23.030076499999268,303321088
validation,aggregate,,,sp_unigram,32768,observed,640,159677,159677,73015,35122,4.546352713399009,0.4810244470314319,0.2199565372595928,222,0.6320824554410341,4.546352713399009,3,12,40,"{""1"": 5208, ""10"": 732, ""11"": 173, ""12"": 589, ""13"": 499, ""14"": 13, ""15"": 278, ""16"": 228, ""17"": 15, ""18"": 130, ""19"": 122, ""2"": 4302, ""21"": 60, ""22"": 52, ""24"": 20, ""25"": 24, ""27"": 9, ""28"": 21, ""3"": 9950, ""31"": 13, ""34"": 7, ""36"": 3, ""37"": 3, ""39"": 1, ""4"": 3415, ""40"": 1, ""5"": 1355, ""6"": 4315, ""7"": 1614, ""8"": 283, ""9"": 1687}",32764,7456,22.75668416554755,2233,6.357838391891122,225,0.6406241102442913,35122,34482,0,0.0,0,0.0,68,2832,7727,10491,64,10559,10559,1.006481746258698,0.6100467067009818,67,1679,233,1846,64,1913,1945,1.0362946912242688,3.466955579631636,18,23.030076499999268,303321088
train,stratum,code,c,boundary_bpe,32768,observed,32,51063,51063,51060,20612,2.4773432951678633,0.40368194281237757,0.403658226112841,0,0.0,2.4773432951678633,1,8,76,"{""1"": 12196, ""10"": 167, ""11"": 130, ""12"": 47, ""13"": 29, ""14"": 32, ""15"": 36, ""16"": 10, ""17"": 13, ""19"": 6, ""2"": 2482, ""20"": 7, ""21"": 8, ""22"": 7, ""23"": 6, ""3"": 1835, ""32"": 6, ""39"": 1, ""4"": 1080, ""42"": 1, ""5"": 633, ""51"": 2, ""52"": 5, ""6"": 669, ""64"": 10, ""7"": 529, ""72"": 2, ""76"": 2, ""8"": 448, ""9"": 213}",32764,2240,6.836772066902698,770,3.735687948767708,0,0.0,20612,20580,0,0.0,0,0.0,3814,9740,0,5926,1126,9740,9740,1.6436044549443132,19.001012487343907,72,1869,1977,4093,48,4165,6116,1.0175910090398241,1.1727339359882727,12,111.00910029999795,1209618432
train,stratum,code,cpp,boundary_bpe,32768,observed,32,54217,54217,54213,20758,2.6118604875228826,0.3828970911036098,0.3828688418761643,0,0.0,2.6118604875228826,1,8,76,"{""1"": 12032, ""10"": 122, ""11"": 123, ""12"": 33, ""13"": 38, ""14"": 24, ""15"": 24, ""16"": 16, ""17"": 23, ""18"": 23, ""19"": 15, ""2"": 2434, ""20"": 10, ""21"": 20, ""22"": 10, ""23"": 21, ""24"": 8, ""25"": 2, ""27"": 8, ""28"": 10, ""29"": 6, ""3"": 1661, ""32"": 5, ""38"": 5, ""39"": 1, ""4"": 1140, ""42"": 2, ""5"": 862, ""51"": 2, ""6"": 815, ""64"": 2, ""7"": 524, ""72"": 2, ""76"": 3, ""8"": 497, ""9"": 235}",32764,2369,7.230496886827005,844,4.065902302726659,0,0.0,20758,20726,0,0.0,0,0.0,4223,9575,0,5352,1007,9575,9575,1.789050822122571,18.815396113602393,110,1984,2200,4478,98,4588,6268,1.0245645377400625,2.188476998660116,15,111.00910029999795,1209618432
train,stratum,code,go,boundary_bpe,32768,observed,32,56813,56813,56813,21499,2.6425880273501092,0.37841691162234,0.37841691162234,0,0.0,2.6425880273501092,1,8,42,"{""1"": 11739, ""10"": 117, ""11"": 130, ""12"": 99, ""13"": 33, ""14"": 3, ""15"": 17, ""16"": 13, ""18"": 6, ""19"": 8, ""2"": 2775, ""20"": 10, ""21"": 5, ""22"": 6, ""24"": 7, ""25"": 7, ""26"": 5, ""28"": 7, ""29"": 6, ""3"": 1927, ""31"": 1, ""33"": 26, ""34"": 6, ""35"": 8, ""4"": 1409, ""42"": 8, ""5"": 795, ""6"": 1008, ""7"": 654, ""8"": 441, ""9"": 223}",32764,2187,6.675009156391161,774,3.6001674496488207,0,0.0,21499,21467,0,0.0,0,0.0,2645,9031,0,6386,1489,9031,9031,1.414187284685249,23.316630128405887,82,2425,2246,5404,75,5486,6454,1.0151739452257587,1.3878608438193931,12,111.00910029999795,1209618432
train,stratum,code,java,boundary_bpe,32768,observed,32,43999,43999,43605,15694,2.8035554989167837,0.3599128540305011,0.3566899247710175,0,0.0,2.8035554989167837,1,8,76,"{""1"": 9171, ""10"": 157, ""11"": 116, ""12"": 35, ""13"": 31, ""14"": 35, ""15"": 30, ""16"": 6, ""17"": 20, ""18"": 28, ""19"": 7, ""2"": 1285, ""20"": 41, ""21"": 12, ""22"": 7, ""24"": 8, ""25"": 12, ""27"": 7, ""28"": 6, ""3"": 1163, ""31"": 6, ""32"": 2, ""37"": 13, ""4"": 981, ""42"": 4, ""48"": 2, ""5"": 607, ""6"": 990, ""7"": 463, ""76"": 2, ""8"": 298, ""9"": 149}",32764,1889,5.765474301062142,584,3.721167325092392,0,0.0,15694,15662,0,0.0,0,0.0,3819,7594,0,3775,864,7594,7594,2.011655629139073,22.887417218543046,51,1466,1412,3273,47,3324,4145,1.0155820348304307,1.435991445157348,18,111.00910029999795,1209618432
train,stratum,code,javascript,boundary_bpe,32768,observed,32,38980,38980,38152,16748,2.3274420826367326,0.438980918431537,0.4296562339661365,0,0.0,2.3274420826367326,1,7,30,"{""1"": 9774, ""10"": 49, ""11"": 71, ""12"": 18, ""13"": 28, ""14"": 12, ""15"": 6, ""16"": 15, ""17"": 9, ""18"": 7, ""19"": 21, ""2"": 2535, ""20"": 6, ""21"": 12, ""23"": 18, ""24"": 8, ""27"": 1, ""28"": 8, ""3"": 1296, ""30"": 6, ""4"": 908, ""5"": 626, ""6"": 581, ""7"": 413, ""8"": 207, ""9"": 113}",32764,1919,5.857038212672445,643,3.8392643897778838,0,0.0,16748,16716,0,0.0,0,0.0,3746,7448,0,3702,730,7448,7448,2.011885467314965,19.719070772555376,177,2218,1737,4230,151,4407,5941,1.0418439716312056,3.569739952718676,12,111.00910029999795,1209618432
train,stratum,code,python,boundary_bpe,32768,observed,32,48487,48487,48387,20911,2.3187317679690116,0.43216153098972865,0.4312702373832161,0,0.0,2.3187317679690116,1,7,72,"{""1"": 13027, ""10"": 95, ""11"": 74, ""12"": 28, ""13"": 35, ""14"": 23, ""15"": 21, ""16"": 9, ""17"": 10, ""18"": 5, ""2"": 2112, ""20"": 7, ""22"": 17, ""28"": 6, ""3"": 1495, ""32"": 8, ""4"": 1266, ""42"": 2, ""43"": 6, ""48"": 2, ""5"": 852, ""6"": 887, ""7"": 499, ""72"": 1, ""8"": 248, ""9"": 176}",32764,2189,6.681113417165181,677,3.2375304863468988,0,0.0,20911,20879,0,0.0,0,0.0,6151,10776,0,4625,889,10776,10776,2.329945945945946,19.221621621621622,186,1864,1869,3862,155,4048,5228,1.048161574313827,4.013464526152252,11,111.00910029999795,1209618432
train,stratum,code,rust,boundary_bpe,32768,observed,32,56922,56922,56922,25772,2.208676082570231,0.4527599170795123,0.4527599170795123,0,0.0,2.208676082570231,1,7,42,"{""1"": 16010, ""10"": 100, ""11"": 82, ""12"": 34, ""13"": 47, ""14"": 26, ""15"": 11, ""16"": 13, ""17"": 29, ""18"": 6, ""19"": 5, ""2"": 2856, ""20"": 10, ""23"": 10, ""24"": 8, ""25"": 5, ""3"": 2425, ""30"": 5, ""4"": 1297, ""42"": 3, ""5"": 1011, ""6"": 771, ""7"": 556, ""8"": 281, ""9"": 171}",32764,2288,6.983274325479185,903,3.5038025764395466,0,0.0,25772,25740,0,0.0,0,0.0,7003,13231,0,6228,1138,13231,13231,2.1244380218368657,18.2723185613359,129,2900,2438,5827,104,5956,8582,1.0221383216063153,1.7847949201990734,11,111.00910029999795,1209618432
train,stratum,code,sql,boundary_bpe,32768,observed,32,36373,36373,36088,14256,2.5514169472502806,0.3950343604522279,0.39193907568801034,0,0.0,2.5514169472502806,1,8,64,"{""1"": 8171, ""10"": 103, ""11"": 59, ""12"": 18, ""13"": 26, ""14"": 18, ""15"": 19, ""16"": 12, ""17"": 6, ""18"": 7, ""19"": 8, ""2"": 1833, ""20"": 19, ""23"": 5, ""24"": 1, ""25"": 15, ""26"": 3, ""27"": 1, ""28"": 20, ""3"": 1270, ""38"": 9, ""4"": 766, ""43"": 5, ""48"": 2, ""5"": 593, ""56"": 5, ""6"": 535, ""64"": 1, ""7"": 354, ""8"": 237, ""9"": 135}",32764,1659,5.063484312049811,495,3.4722222222222223,0,0.0,14256,14224,0,0.0,0,0.0,2730,6655,0,3925,609,6655,6655,1.6955414012738854,15.51592356687898,35,1226,1467,3103,33,3138,4498,1.0112794070254592,1.0634869481147278,14,111.00910029999795,1209618432
train,stratum,code,typescript,boundary_bpe,32768,observed,32,43989,43989,43698,17390,2.5295572167912592,0.39795871664607074,0.3953261042533361,0,0.0,2.5295572167912592,1,8,51,"{""1"": 10392, ""10"": 115, ""11"": 71, ""12"": 43, ""13"": 78, ""14"": 69, ""15"": 5, ""16"": 7, ""17"": 18, ""18"": 11, ""19"": 8, ""2"": 1989, ""20"": 5, ""21"": 5, ""23"": 13, ""3"": 1061, ""31"": 6, ""4"": 962, ""42"": 2, ""48"": 1, ""5"": 713, ""51"": 2, ""6"": 726, ""7"": 494, ""8"": 331, ""9"": 263}",32764,1983,6.052374557441094,554,3.1857389304197814,0,0.0,17390,17358,0,0.0,0,0.0,4130,8393,0,4263,984,8393,8393,1.9688013136288998,23.082336382828995,89,1926,1290,3292,81,3381,4406,1.0270352369380316,2.4605103280680436,13,111.00910029999795,1209618432
train,stratum,cyrillic_african,am,boundary_bpe,32768,observed,32,147317,147317,59501,38442,3.832188751885958,0.6460731752407523,0.2609474806030533,0,0.0,3.832188751885958,3,9,21,"{""1"": 11916, ""11"": 24, ""12"": 786, ""15"": 317, ""18"": 109, ""2"": 597, ""21"": 24, ""3"": 12904, ""4"": 131, ""5"": 142, ""6"": 8655, ""7"": 21, ""8"": 77, ""9"": 2739}",32764,1835,5.600659260163594,522,1.3578898080224755,0,0.0,38442,38410,0,0.0,0,0.0,0,11206,0,11206,0,11206,11206,1.0,0.0,61,1326,808,2105,58,2166,2807,1.028978622327791,2.7553444180522564,15,111.00910029999795,1209618432
train,stratum,cyrillic_african,bg,boundary_bpe,32768,observed,32,102609,102609,58537,27786,3.692830922047074,0.4746741377248578,0.27079495950647603,0,0.0,3.692830922047074,3,10,26,"{""1"": 9916, ""10"": 970, ""11"": 4, ""12"": 430, ""13"": 11, ""14"": 158, ""16"": 116, ""18"": 27, ""2"": 3362, ""20"": 31, ""21"": 5, ""26"": 16, ""3"": 759, ""4"": 6514, ""5"": 395, ""6"": 2795, ""7"": 87, ""8"": 2170, ""9"": 20}",32764,2267,6.919179587351971,1179,4.243144029367307,0,0.0,27786,27754,0,0.0,0,0.0,0,8973,0,8973,0,8973,8973,1.0,0.0,38,852,1115,1976,33,2014,2303,1.0192307692307692,1.6700404858299596,14,111.00910029999795,1209618432
train,stratum,cyrillic_african,ru,boundary_bpe,32768,observed,32,106212,106212,58870,25847,4.109258327852362,0.4390521488024461,0.24335291680789364,0,0.0,4.109258327852362,4,10,30,"{""1"": 8602, ""10"": 1158, ""11"": 5, ""12"": 550, ""13"": 14, ""14"": 298, ""16"": 143, ""17"": 7, ""18"": 95, ""2"": 3131, ""20"": 79, ""22"": 16, ""24"": 15, ""26"": 10, ""27"": 8, ""3"": 510, ""30"": 8, ""4"": 5404, ""5"": 281, ""6"": 3485, ""7"": 71, ""8"": 1937, ""9"": 20}",32764,2239,6.8337199365156875,1260,4.874840407010485,0,0.0,25847,25815,0,0.0,0,0.0,0,7811,0,7811,0,7811,7811,1.0,0.0,23,807,841,1640,23,1663,1917,1.0140243902439023,1.4024390243902438,16,111.00910029999795,1209618432
train,stratum,cyrillic_african,sw,boundary_bpe,32768,observed,32,62449,62449,62216,27154,2.2998084996685573,0.43644721615018645,0.434818812150715,0,0.0,2.2998084996685573,2,6,13,"{""1"": 11786, ""10"": 49, ""11"": 18, ""12"": 6, ""13"": 6, ""2"": 6189, ""3"": 4086, ""4"": 2372, ""5"": 1004, ""6"": 1065, ""7"": 371, ""8"": 124, ""9"": 78}",32764,2080,6.348431204981077,1345,4.953229726743758,0,0.0,27154,27122,0,0.0,0,0.0,5,9106,0,9101,5,9106,9106,1.0005493901769036,0.054939017690363696,43,599,854,1448,43,1491,1753,1.0296961325966851,2.9696132596685083,8,111.00910029999795,1209618432
train,stratum,cyrillic_african,uk,boundary_bpe,32768,observed,32,95676,95676,53182,24556,3.8962371721778792,0.4617351735549622,0.2566578870354112,0,0.0,3.8962371721778792,4,10,22,"{""1"": 7867, ""10"": 876, ""11"": 20, ""12"": 420, ""14"": 211, ""15"": 5, ""16"": 132, ""17"": 10, ""18"": 44, ""19"": 6, ""2"": 3225, ""20"": 19, ""21"": 5, ""22"": 16, ""3"": 524, ""4"": 5829, ""5"": 316, ""6"": 3194, ""7"": 81, ""8"": 1718, ""9"": 38}",32764,2104,6.42168233426932,1181,4.809415214204268,0,0.0,24556,24524,0,0.0,0,0.0,0,7093,0,7093,0,7093,7093,1.0,0.0,14,833,988,1849,14,1863,2167,1.0075716603569498,0.7571660356949702,14,111.00910029999795,1209618432
train,stratum,cyrillic_african,yo,boundary_bpe,32768,observed,32,69432,69432,59766,28614,2.4265045082826586,0.47876719204899104,0.4121154510888351,0,0.0,2.4265045082826586,2,6,16,"{""1"": 14073, ""10"": 104, ""11"": 107, ""12"": 23, ""13"": 31, ""14"": 25, ""15"": 34, ""16"": 5, ""2"": 4727, ""3"": 3476, ""4"": 2490, ""5"": 1006, ""6"": 1481, ""7"": 643, ""8"": 237, ""9"": 152}",32764,1770,5.402270785007936,859,3.002026979800098,0,0.0,28614,28582,0,0.0,0,0.0,0,11487,0,11487,0,11487,11487,1.0,0.0,11,704,865,1592,11,1603,1859,1.0069095477386936,0.6909547738693468,10,111.00910029999795,1209618432
train,stratum,indic_cjk_arabic,ar,boundary_bpe,32768,observed,32,97740,97740,54940,27826,3.5125422266944586,0.5064797961412449,0.2846940863515449,0,0.0,3.5125422266944586,3,8,22,"{""1"": 9444, ""10"": 590, ""11"": 5, ""12"": 282, ""13"": 7, ""14"": 244, ""16"": 113, ""18"": 23, ""2"": 4254, ""20"": 13, ""22"": 10, ""3"": 352, ""4"": 7163, ""5"": 115, ""6"": 3853, ""7"": 35, ""8"": 1313, ""9"": 10}",32764,1834,5.597607129776584,1268,4.556889240278876,0,0.0,27826,27794,0,0.0,0,0.0,0,8838,0,8838,0,8838,8838,1.0,0.0,39,905,555,1426,39,1465,1757,1.0273492286115007,2.73492286115007,14,111.00910029999795,1209618432
train,stratum,indic_cjk_arabic,bn,boundary_bpe,32768,observed,32,152004,152004,58399,26872,5.656594224471569,0.46014486549427214,0.17678482145206706,0,0.0,5.656594224471569,3,15,45,"{""1"": 9114, ""10"": 26, ""11"": 28, ""12"": 1998, ""13"": 30, ""14"": 8, ""15"": 988, ""16"": 5, ""18"": 475, ""2"": 314, ""20"": 9, ""21"": 321, ""24"": 164, ""27"": 80, ""3"": 4174, ""30"": 35, ""33"": 50, ""36"": 6, ""37"": 7, ""39"": 24, ""4"": 92, ""45"": 5, ""5"": 125, ""6"": 5384, ""7"": 40, ""8"": 16, ""9"": 3354}",32764,1590,4.852887315346112,1226,4.56236975290265,0,0.0,26872,26840,0,0.0,0,0.0,0,8515,0,8515,0,8515,8515,1.0,0.0,14,818,616,1429,13,1443,1661,1.0097970608817355,0.9097270818754374,24,111.00910029999795,1209618432
train,stratum,indic_cjk_arabic,fa,boundary_bpe,32768,observed,32,93798,93798,52677,25657,3.6558444089332345,0.4870626649201739,0.27353461694279196,0,0.0,3.6558444089332345,2,10,25,"{""1"": 10274, ""10"": 952, ""11"": 45, ""12"": 342, ""13"": 24, ""14"": 237, ""15"": 6, ""16"": 43, ""17"": 24, ""18"": 5, ""19"": 13, ""2"": 2758, ""21"": 6, ""22"": 5, ""25"": 12, ""3"": 269, ""4"": 5351, ""5"": 89, ""6"": 3026, ""7"": 199, ""8"": 1798, ""9"": 179}",32764,1643,5.014650225857649,943,3.675410219433293,0,0.0,25657,25625,0,0.0,0,0.0,0,9930,0,9930,0,9930,9930,1.0,0.0,21,566,613,1169,16,1190,1405,1.0179640718562875,1.3686911890504705,14,111.00910029999795,1209618432
train,stratum,indic_cjk_arabic,gu,boundary_bpe,32768,observed,32,146974,146974,58881,29566,4.971047825204627,0.5021314176049999,0.2011648318750255,0,0.0,4.971047825204627,3,15,33,"{""1"": 10513, ""10"": 107, ""12"": 1516, ""13"": 33, ""15"": 685, ""18"": 548, ""2"": 556, ""21"": 180, ""24"": 106, ""27"": 21, ""3"": 4622, ""30"": 13, ""33"": 17, ""4"": 140, ""5"": 52, ""6"": 6822, ""7"": 315, ""8"": 26, ""9"": 3294}",32764,1599,4.880356488829203,388,1.3123182033416763,0,0.0,29566,29534,0,0.0,0,0.0,0,9723,0,9723,0,9723,9723,1.0,0.0,27,574,808,1374,25,1401,1630,1.019650655021834,1.819505094614265,21,111.00910029999795,1209618432
train,stratum,indic_cjk_arabic,hi,boundary_bpe,32768,observed,32,153237,153237,61359,30578,5.011348027993983,0.4983458009419971,0.19954710676925286,0,0.0,5.011348027993983,3,15,36,"{""1"": 12484, ""10"": 98, ""11"": 22, ""12"": 2201, ""13"": 1, ""14"": 12, ""15"": 809, ""18"": 449, ""2"": 448, ""21"": 176, ""24"": 104, ""27"": 42, ""3"": 2710, ""30"": 25, ""33"": 6, ""36"": 1, ""4"": 105, ""5"": 75, ""6"": 7440, ""7"": 188, ""8"": 4, ""9"": 3178}",32764,1917,5.850933951898425,1158,3.787036431421283,0,0.0,30578,30546,0,0.0,0,0.0,0,11810,0,11810,0,11810,11810,1.0,0.0,12,662,791,1447,12,1459,1692,1.008293020041465,0.82930200414651,21,111.00910029999795,1209618432
train,stratum,indic_cjk_arabic,ja,boundary_bpe,32768,observed,32,142468,142468,61333,35297,4.0362637051307475,0.5754976929222442,0.24775388157340597,0,0.0,4.0362637051307475,3,9,175,"{""1"": 7172, ""10"": 26, ""105"": 11, ""11"": 56, ""12"": 669, ""126"": 1, ""13"": 21, ""14"": 24, ""144"": 1, ""15"": 357, ""153"": 5, ""16"": 12, ""175"": 10, ""18"": 174, ""19"": 12, ""2"": 2542, ""20"": 14, ""21"": 44, ""22"": 9, ""23"": 9, ""24"": 23, ""25"": 6, ""27"": 26, ""3"": 15739, ""30"": 39, ""31"": 7, ""32"": 8, ""36"": 11, ""37"": 1, ""39"": 5, ""4"": 489, ""40"": 8, ""5"": 265, ""50"": 2, ""51"": 8, ""54"": 6, ""6"": 5618, ""62"": 1, ""64"": 1, ""66"": 1, ""7"": 134, ""75"": 8, ""8"": 18, ""9"": 1704}",32764,4054,12.373336588939079,2141,6.065671303510213,0,0.0,35297,35265,0,0.0,0,0.0,0,4436,0,4436,0,4436,4436,1.0,0.0,211,2267,1751,4082,192,4293,4644,1.0516903478686919,4.703576678098971,18,111.00910029999795,1209618432
train,stratum,indic_cjk_arabic,kn,boundary_bpe,32768,observed,32,153841,153841,60531,27233,5.649065472037601,0.44990170325948686,0.1770204301844112,0,0.0,5.649065472037601,3,15,42,"{""1"": 8518, ""10"": 117, ""12"": 2200, ""13"": 42, ""15"": 1081, ""16"": 30, ""18"": 659, ""19"": 35, ""2"": 949, ""21"": 183, ""22"": 34, ""24"": 131, ""25"": 15, ""27"": 80, ""28"": 8, ""3"": 4500, ""30"": 35, ""31"": 6, ""33"": 8, ""4"": 198, ""42"": 9, ""5"": 56, ""6"": 5200, ""7"": 147, ""8"": 14, ""9"": 2978}",32764,1931,5.893663777316567,598,2.1958653104689163,0,0.0,27233,27201,0,0.0,0,0.0,0,7243,0,7243,0,7243,7243,1.0,0.0,14,542,870,1423,13,1437,1662,1.0098383696416022,0.9135628952916374,24,111.00910029999795,1209618432
train,stratum,indic_cjk_arabic,ko,boundary_bpe,32768,observed,32,118352,118352,51206,37779,3.1327457052860055,0.7377846346131313,0.31920880086521564,0,0.0,3.1327457052860055,3,6,21,"{""1"": 12407, ""10"": 161, ""12"": 313, ""13"": 34, ""15"": 90, ""16"": 13, ""18"": 7, ""2"": 680, ""21"": 8, ""3"": 16611, ""4"": 388, ""5"": 81, ""6"": 5745, ""7"": 240, ""8"": 24, ""9"": 977}",32764,2359,7.199975582956904,1284,3.3987135710315255,0,0.0,37779,37747,0,0.0,0,0.0,1,11053,0,11052,1,11053,11053,1.0000904813608396,0.009048136083966703,68,1206,1242,2443,63,2511,2934,1.0278346295538272,2.5787965616045847,12,111.00910029999795,1209618432
train,stratum,indic_cjk_arabic,ml,boundary_bpe,32768,observed,32,137273,137273,52226,22146,6.198546012823987,0.4240416650710374,0.1613281563016762,0,0.0,6.198546012823987,6,18,39,"{""1"": 5747, ""10"": 26, ""12"": 1908, ""13"": 21, ""14"": 6, ""15"": 1038, ""16"": 30, ""18"": 443, ""19"": 12, ""2"": 496, ""21"": 343, ""22"": 10, ""24"": 178, ""27"": 100, ""28"": 3, ""3"": 4441, ""30"": 34, ""33"": 20, ""36"": 18, ""37"": 6, ""39"": 25, ""4"": 198, ""5"": 83, ""6"": 4019, ""7"": 168, ""8"": 12, ""9"": 2761}",32764,1521,4.642290318642412,389,1.7565248803395648,0,0.0,22146,22114,0,0.0,0,0.0,0,5197,0,5197,0,5197,5197,1.0,0.0,10,423,747,1173,10,1183,1378,1.0085251491901108,0.8525149190110827,24,111.00910029999795,1209618432
train,stratum,indic_cjk_arabic,mr,boundary_bpe,32768,observed,32,145113,145113,56571,24125,6.015046632124353,0.42645525092361813,0.16624975019467586,0,0.0,6.015046632124353,6,18,39,"{""1"": 8439, ""10"": 134, ""11"": 4, ""12"": 1898, ""13"": 105, ""14"": 6, ""15"": 992, ""16"": 22, ""18"": 808, ""2"": 417, ""21"": 339, ""22"": 5, ""24"": 231, ""25"": 5, ""27"": 64, ""3"": 2793, ""30"": 46, ""33"": 39, ""36"": 19, ""39"": 10, ""4"": 160, ""5"": 68, ""6"": 4914, ""7"": 101, ""8"": 16, ""9"": 2490}",32764,2102,6.4155780734953,1340,5.55440414507772,0,0.0,24125,24093,0,0.0,0,0.0,0,7780,0,7780,0,7780,7780,1.0,0.0,21,556,744,1323,20,1344,1551,1.0158730158730158,1.5117157974300832,24,111.00910029999795,1209618432
train,stratum,indic_cjk_arabic,ta,boundary_bpe,32768,observed,32,140738,140738,53567,22149,6.3541469140819,0.4134821811936453,0.15737753840469526,0,0.0,6.3541469140819,6,18,39,"{""1"": 6479, ""10"": 106, ""11"": 5, ""12"": 2082, ""13"": 20, ""15"": 1015, ""16"": 22, ""18"": 669, ""19"": 7, ""2"": 352, ""21"": 312, ""24"": 164, ""25"": 19, ""27"": 82, ""3"": 2919, ""30"": 35, ""39"": 12, ""4"": 158, ""5"": 58, ""6"": 4461, ""7"": 119, ""8"": 6, ""9"": 3047}",32764,1322,4.034916371627396,248,1.119689376495553,0,0.0,22149,22117,0,0.0,0,0.0,0,5791,0,5791,0,5791,5791,1.0,0.0,29,644,715,1357,21,1386,1788,1.021370670596905,1.5475313190862197,24,111.00910029999795,1209618432
train,stratum,indic_cjk_arabic,te,boundary_bpe,32768,observed,32,158103,158103,60933,27347,5.781365414853549,0.44880442453186287,0.1729695198699582,0,0.0,5.781365414853549,6,15,48,"{""1"": 8317, ""10"": 122, ""11"": 6, ""12"": 2293, ""13"": 31, ""15"": 964, ""16"": 29, ""18"": 616, ""19"": 50, ""2"": 531, ""21"": 253, ""22"": 42, ""24"": 92, ""25"": 16, ""27"": 94, ""3"": 4062, ""30"": 30, ""33"": 19, ""37"": 10, ""4"": 115, ""48"": 6, ""5"": 52, ""6"": 6641, ""7"": 170, ""8"": 27, ""9"": 2759}",32764,1644,5.0177023562446585,465,1.7003693275313563,0,0.0,27347,27315,0,0.0,0,0.0,0,7488,0,7488,0,7488,7488,1.0,0.0,19,792,806,1580,19,1599,1939,1.0120253164556963,1.2025316455696202,22,111.00910029999795,1209618432
train,stratum,indic_cjk_arabic,ur,boundary_bpe,32768,observed,32,112341,112341,64366,33547,3.348764420067368,0.5211913121834509,0.29861760176605157,0,0.0,3.348764420067368,2,8,20,"{""1"": 13989, ""10"": 818, ""12"": 316, ""14"": 111, ""16"": 20, ""18"": 12, ""2"": 3436, ""20"": 13, ""3"": 211, ""4"": 7888, ""5"": 66, ""6"": 4326, ""7"": 51, ""8"": 2280, ""9"": 10}",32764,1889,5.765474301062142,846,2.5218350374102005,0,0.0,33547,33515,0,0.0,0,0.0,0,13545,0,13545,0,13545,13545,1.0,0.0,26,841,696,1527,24,1553,1777,1.017026850032744,1.5717092337917484,12,111.00910029999795,1209618432
train,stratum,indic_cjk_arabic,zh,boundary_bpe,32768,observed,32,130086,130086,53452,36827,3.5323539794172754,0.6889732844421163,0.2830973356087511,0,0.0,3.5323539794172754,3,6,269,"{""1"": 6141, ""10"": 150, ""11"": 12, ""12"": 371, ""13"": 28, ""14"": 6, ""15"": 155, ""17"": 6, ""18"": 30, ""19"": 27, ""191"": 1, ""2"": 1361, ""21"": 53, ""24"": 8, ""269"": 17, ""3"": 21988, ""30"": 6, ""4"": 746, ""5"": 199, ""6"": 4778, ""7"": 116, ""8"": 113, ""9"": 515}",32764,4336,13.234037358075938,3435,9.327395660792353,0,0.0,36827,36795,0,0.0,0,0.0,0,3755,0,3755,0,3755,3755,1.0,0.0,96,2123,1031,3235,92,3331,3602,1.02967542503864,2.8438948995363216,12,111.00910029999795,1209618432
train,stratum,latin_english,en,boundary_bpe,32768,observed,32,59492,59492,59076,25179,2.3627626196433535,0.42621369083891936,0.42323337591608956,0,0.0,2.3627626196433535,2,6,16,"{""1"": 11649, ""10"": 59, ""11"": 33, ""12"": 8, ""13"": 5, ""14"": 12, ""16"": 13, ""2"": 4239, ""3"": 4147, ""4"": 2465, ""5"": 1031, ""6"": 719, ""7"": 423, ""8"": 240, ""9"": 136}",32764,2689,8.207178610670248,1067,4.237658366098733,0,0.0,25179,25147,0,0.0,0,0.0,3,9301,0,9298,3,9301,9301,1.000322650032265,0.032265003226500326,42,828,948,1764,38,1806,2096,1.0238095238095237,2.1541950113378685,9,111.00910029999795,1209618432
train,language,,am,boundary_bpe,32768,observed,32,147317,147317,59501,38442,3.832188751885958,0.6460731752407523,0.2609474806030533,0,0.0,3.832188751885958,3,9,21,"{""1"": 11916, ""11"": 24, ""12"": 786, ""15"": 317, ""18"": 109, ""2"": 597, ""21"": 24, ""3"": 12904, ""4"": 131, ""5"": 142, ""6"": 8655, ""7"": 21, ""8"": 77, ""9"": 2739}",32764,1835,5.600659260163594,522,1.3578898080224755,0,0.0,38442,38410,0,0.0,0,0.0,0,11206,0,11206,0,11206,11206,1.0,0.0,61,1326,808,2105,58,2166,2807,1.028978622327791,2.7553444180522564,15,111.00910029999795,1209618432
train,language,,ar,boundary_bpe,32768,observed,32,97740,97740,54940,27826,3.5125422266944586,0.5064797961412449,0.2846940863515449,0,0.0,3.5125422266944586,3,8,22,"{""1"": 9444, ""10"": 590, ""11"": 5, ""12"": 282, ""13"": 7, ""14"": 244, ""16"": 113, ""18"": 23, ""2"": 4254, ""20"": 13, ""22"": 10, ""3"": 352, ""4"": 7163, ""5"": 115, ""6"": 3853, ""7"": 35, ""8"": 1313, ""9"": 10}",32764,1834,5.597607129776584,1268,4.556889240278876,0,0.0,27826,27794,0,0.0,0,0.0,0,8838,0,8838,0,8838,8838,1.0,0.0,39,905,555,1426,39,1465,1757,1.0273492286115007,2.73492286115007,14,111.00910029999795,1209618432
train,language,,bg,boundary_bpe,32768,observed,32,102609,102609,58537,27786,3.692830922047074,0.4746741377248578,0.27079495950647603,0,0.0,3.692830922047074,3,10,26,"{""1"": 9916, ""10"": 970, ""11"": 4, ""12"": 430, ""13"": 11, ""14"": 158, ""16"": 116, ""18"": 27, ""2"": 3362, ""20"": 31, ""21"": 5, ""26"": 16, ""3"": 759, ""4"": 6514, ""5"": 395, ""6"": 2795, ""7"": 87, ""8"": 2170, ""9"": 20}",32764,2267,6.919179587351971,1179,4.243144029367307,0,0.0,27786,27754,0,0.0,0,0.0,0,8973,0,8973,0,8973,8973,1.0,0.0,38,852,1115,1976,33,2014,2303,1.0192307692307692,1.6700404858299596,14,111.00910029999795,1209618432
train,language,,bn,boundary_bpe,32768,observed,32,152004,152004,58399,26872,5.656594224471569,0.46014486549427214,0.17678482145206706,0,0.0,5.656594224471569,3,15,45,"{""1"": 9114, ""10"": 26, ""11"": 28, ""12"": 1998, ""13"": 30, ""14"": 8, ""15"": 988, ""16"": 5, ""18"": 475, ""2"": 314, ""20"": 9, ""21"": 321, ""24"": 164, ""27"": 80, ""3"": 4174, ""30"": 35, ""33"": 50, ""36"": 6, ""37"": 7, ""39"": 24, ""4"": 92, ""45"": 5, ""5"": 125, ""6"": 5384, ""7"": 40, ""8"": 16, ""9"": 3354}",32764,1590,4.852887315346112,1226,4.56236975290265,0,0.0,26872,26840,0,0.0,0,0.0,0,8515,0,8515,0,8515,8515,1.0,0.0,14,818,616,1429,13,1443,1661,1.0097970608817355,0.9097270818754374,24,111.00910029999795,1209618432
train,language,,c,boundary_bpe,32768,observed,32,51063,51063,51060,20612,2.4773432951678633,0.40368194281237757,0.403658226112841,0,0.0,2.4773432951678633,1,8,76,"{""1"": 12196, ""10"": 167, ""11"": 130, ""12"": 47, ""13"": 29, ""14"": 32, ""15"": 36, ""16"": 10, ""17"": 13, ""19"": 6, ""2"": 2482, ""20"": 7, ""21"": 8, ""22"": 7, ""23"": 6, ""3"": 1835, ""32"": 6, ""39"": 1, ""4"": 1080, ""42"": 1, ""5"": 633, ""51"": 2, ""52"": 5, ""6"": 669, ""64"": 10, ""7"": 529, ""72"": 2, ""76"": 2, ""8"": 448, ""9"": 213}",32764,2240,6.836772066902698,770,3.735687948767708,0,0.0,20612,20580,0,0.0,0,0.0,3814,9740,0,5926,1126,9740,9740,1.6436044549443132,19.001012487343907,72,1869,1977,4093,48,4165,6116,1.0175910090398241,1.1727339359882727,12,111.00910029999795,1209618432
train,language,,cpp,boundary_bpe,32768,observed,32,54217,54217,54213,20758,2.6118604875228826,0.3828970911036098,0.3828688418761643,0,0.0,2.6118604875228826,1,8,76,"{""1"": 12032, ""10"": 122, ""11"": 123, ""12"": 33, ""13"": 38, ""14"": 24, ""15"": 24, ""16"": 16, ""17"": 23, ""18"": 23, ""19"": 15, ""2"": 2434, ""20"": 10, ""21"": 20, ""22"": 10, ""23"": 21, ""24"": 8, ""25"": 2, ""27"": 8, ""28"": 10, ""29"": 6, ""3"": 1661, ""32"": 5, ""38"": 5, ""39"": 1, ""4"": 1140, ""42"": 2, ""5"": 862, ""51"": 2, ""6"": 815, ""64"": 2, ""7"": 524, ""72"": 2, ""76"": 3, ""8"": 497, ""9"": 235}",32764,2369,7.230496886827005,844,4.065902302726659,0,0.0,20758,20726,0,0.0,0,0.0,4223,9575,0,5352,1007,9575,9575,1.789050822122571,18.815396113602393,110,1984,2200,4478,98,4588,6268,1.0245645377400625,2.188476998660116,15,111.00910029999795,1209618432
train,language,,en,boundary_bpe,32768,observed,32,59492,59492,59076,25179,2.3627626196433535,0.42621369083891936,0.42323337591608956,0,0.0,2.3627626196433535,2,6,16,"{""1"": 11649, ""10"": 59, ""11"": 33, ""12"": 8, ""13"": 5, ""14"": 12, ""16"": 13, ""2"": 4239, ""3"": 4147, ""4"": 2465, ""5"": 1031, ""6"": 719, ""7"": 423, ""8"": 240, ""9"": 136}",32764,2689,8.207178610670248,1067,4.237658366098733,0,0.0,25179,25147,0,0.0,0,0.0,3,9301,0,9298,3,9301,9301,1.000322650032265,0.032265003226500326,42,828,948,1764,38,1806,2096,1.0238095238095237,2.1541950113378685,9,111.00910029999795,1209618432
train,language,,fa,boundary_bpe,32768,observed,32,93798,93798,52677,25657,3.6558444089332345,0.4870626649201739,0.27353461694279196,0,0.0,3.6558444089332345,2,10,25,"{""1"": 10274, ""10"": 952, ""11"": 45, ""12"": 342, ""13"": 24, ""14"": 237, ""15"": 6, ""16"": 43, ""17"": 24, ""18"": 5, ""19"": 13, ""2"": 2758, ""21"": 6, ""22"": 5, ""25"": 12, ""3"": 269, ""4"": 5351, ""5"": 89, ""6"": 3026, ""7"": 199, ""8"": 1798, ""9"": 179}",32764,1643,5.014650225857649,943,3.675410219433293,0,0.0,25657,25625,0,0.0,0,0.0,0,9930,0,9930,0,9930,9930,1.0,0.0,21,566,613,1169,16,1190,1405,1.0179640718562875,1.3686911890504705,14,111.00910029999795,1209618432
train,language,,go,boundary_bpe,32768,observed,32,56813,56813,56813,21499,2.6425880273501092,0.37841691162234,0.37841691162234,0,0.0,2.6425880273501092,1,8,42,"{""1"": 11739, ""10"": 117, ""11"": 130, ""12"": 99, ""13"": 33, ""14"": 3, ""15"": 17, ""16"": 13, ""18"": 6, ""19"": 8, ""2"": 2775, ""20"": 10, ""21"": 5, ""22"": 6, ""24"": 7, ""25"": 7, ""26"": 5, ""28"": 7, ""29"": 6, ""3"": 1927, ""31"": 1, ""33"": 26, ""34"": 6, ""35"": 8, ""4"": 1409, ""42"": 8, ""5"": 795, ""6"": 1008, ""7"": 654, ""8"": 441, ""9"": 223}",32764,2187,6.675009156391161,774,3.6001674496488207,0,0.0,21499,21467,0,0.0,0,0.0,2645,9031,0,6386,1489,9031,9031,1.414187284685249,23.316630128405887,82,2425,2246,5404,75,5486,6454,1.0151739452257587,1.3878608438193931,12,111.00910029999795,1209618432
train,language,,gu,boundary_bpe,32768,observed,32,146974,146974,58881,29566,4.971047825204627,0.5021314176049999,0.2011648318750255,0,0.0,4.971047825204627,3,15,33,"{""1"": 10513, ""10"": 107, ""12"": 1516, ""13"": 33, ""15"": 685, ""18"": 548, ""2"": 556, ""21"": 180, ""24"": 106, ""27"": 21, ""3"": 4622, ""30"": 13, ""33"": 17, ""4"": 140, ""5"": 52, ""6"": 6822, ""7"": 315, ""8"": 26, ""9"": 3294}",32764,1599,4.880356488829203,388,1.3123182033416763,0,0.0,29566,29534,0,0.0,0,0.0,0,9723,0,9723,0,9723,9723,1.0,0.0,27,574,808,1374,25,1401,1630,1.019650655021834,1.819505094614265,21,111.00910029999795,1209618432
train,language,,hi,boundary_bpe,32768,observed,32,153237,153237,61359,30578,5.011348027993983,0.4983458009419971,0.19954710676925286,0,0.0,5.011348027993983,3,15,36,"{""1"": 12484, ""10"": 98, ""11"": 22, ""12"": 2201, ""13"": 1, ""14"": 12, ""15"": 809, ""18"": 449, ""2"": 448, ""21"": 176, ""24"": 104, ""27"": 42, ""3"": 2710, ""30"": 25, ""33"": 6, ""36"": 1, ""4"": 105, ""5"": 75, ""6"": 7440, ""7"": 188, ""8"": 4, ""9"": 3178}",32764,1917,5.850933951898425,1158,3.787036431421283,0,0.0,30578,30546,0,0.0,0,0.0,0,11810,0,11810,0,11810,11810,1.0,0.0,12,662,791,1447,12,1459,1692,1.008293020041465,0.82930200414651,21,111.00910029999795,1209618432
train,language,,ja,boundary_bpe,32768,observed,32,142468,142468,61333,35297,4.0362637051307475,0.5754976929222442,0.24775388157340597,0,0.0,4.0362637051307475,3,9,175,"{""1"": 7172, ""10"": 26, ""105"": 11, ""11"": 56, ""12"": 669, ""126"": 1, ""13"": 21, ""14"": 24, ""144"": 1, ""15"": 357, ""153"": 5, ""16"": 12, ""175"": 10, ""18"": 174, ""19"": 12, ""2"": 2542, ""20"": 14, ""21"": 44, ""22"": 9, ""23"": 9, ""24"": 23, ""25"": 6, ""27"": 26, ""3"": 15739, ""30"": 39, ""31"": 7, ""32"": 8, ""36"": 11, ""37"": 1, ""39"": 5, ""4"": 489, ""40"": 8, ""5"": 265, ""50"": 2, ""51"": 8, ""54"": 6, ""6"": 5618, ""62"": 1, ""64"": 1, ""66"": 1, ""7"": 134, ""75"": 8, ""8"": 18, ""9"": 1704}",32764,4054,12.373336588939079,2141,6.065671303510213,0,0.0,35297,35265,0,0.0,0,0.0,0,4436,0,4436,0,4436,4436,1.0,0.0,211,2267,1751,4082,192,4293,4644,1.0516903478686919,4.703576678098971,18,111.00910029999795,1209618432
train,language,,java,boundary_bpe,32768,observed,32,43999,43999,43605,15694,2.8035554989167837,0.3599128540305011,0.3566899247710175,0,0.0,2.8035554989167837,1,8,76,"{""1"": 9171, ""10"": 157, ""11"": 116, ""12"": 35, ""13"": 31, ""14"": 35, ""15"": 30, ""16"": 6, ""17"": 20, ""18"": 28, ""19"": 7, ""2"": 1285, ""20"": 41, ""21"": 12, ""22"": 7, ""24"": 8, ""25"": 12, ""27"": 7, ""28"": 6, ""3"": 1163, ""31"": 6, ""32"": 2, ""37"": 13, ""4"": 981, ""42"": 4, ""48"": 2, ""5"": 607, ""6"": 990, ""7"": 463, ""76"": 2, ""8"": 298, ""9"": 149}",32764,1889,5.765474301062142,584,3.721167325092392,0,0.0,15694,15662,0,0.0,0,0.0,3819,7594,0,3775,864,7594,7594,2.011655629139073,22.887417218543046,51,1466,1412,3273,47,3324,4145,1.0155820348304307,1.435991445157348,18,111.00910029999795,1209618432
train,language,,javascript,boundary_bpe,32768,observed,32,38980,38980,38152,16748,2.3274420826367326,0.438980918431537,0.4296562339661365,0,0.0,2.3274420826367326,1,7,30,"{""1"": 9774, ""10"": 49, ""11"": 71, ""12"": 18, ""13"": 28, ""14"": 12, ""15"": 6, ""16"": 15, ""17"": 9, ""18"": 7, ""19"": 21, ""2"": 2535, ""20"": 6, ""21"": 12, ""23"": 18, ""24"": 8, ""27"": 1, ""28"": 8, ""3"": 1296, ""30"": 6, ""4"": 908, ""5"": 626, ""6"": 581, ""7"": 413, ""8"": 207, ""9"": 113}",32764,1919,5.857038212672445,643,3.8392643897778838,0,0.0,16748,16716,0,0.0,0,0.0,3746,7448,0,3702,730,7448,7448,2.011885467314965,19.719070772555376,177,2218,1737,4230,151,4407,5941,1.0418439716312056,3.569739952718676,12,111.00910029999795,1209618432
train,language,,kn,boundary_bpe,32768,observed,32,153841,153841,60531,27233,5.649065472037601,0.44990170325948686,0.1770204301844112,0,0.0,5.649065472037601,3,15,42,"{""1"": 8518, ""10"": 117, ""12"": 2200, ""13"": 42, ""15"": 1081, ""16"": 30, ""18"": 659, ""19"": 35, ""2"": 949, ""21"": 183, ""22"": 34, ""24"": 131, ""25"": 15, ""27"": 80, ""28"": 8, ""3"": 4500, ""30"": 35, ""31"": 6, ""33"": 8, ""4"": 198, ""42"": 9, ""5"": 56, ""6"": 5200, ""7"": 147, ""8"": 14, ""9"": 2978}",32764,1931,5.893663777316567,598,2.1958653104689163,0,0.0,27233,27201,0,0.0,0,0.0,0,7243,0,7243,0,7243,7243,1.0,0.0,14,542,870,1423,13,1437,1662,1.0098383696416022,0.9135628952916374,24,111.00910029999795,1209618432
train,language,,ko,boundary_bpe,32768,observed,32,118352,118352,51206,37779,3.1327457052860055,0.7377846346131313,0.31920880086521564,0,0.0,3.1327457052860055,3,6,21,"{""1"": 12407, ""10"": 161, ""12"": 313, ""13"": 34, ""15"": 90, ""16"": 13, ""18"": 7, ""2"": 680, ""21"": 8, ""3"": 16611, ""4"": 388, ""5"": 81, ""6"": 5745, ""7"": 240, ""8"": 24, ""9"": 977}",32764,2359,7.199975582956904,1284,3.3987135710315255,0,0.0,37779,37747,0,0.0,0,0.0,1,11053,0,11052,1,11053,11053,1.0000904813608396,0.009048136083966703,68,1206,1242,2443,63,2511,2934,1.0278346295538272,2.5787965616045847,12,111.00910029999795,1209618432
train,language,,ml,boundary_bpe,32768,observed,32,137273,137273,52226,22146,6.198546012823987,0.4240416650710374,0.1613281563016762,0,0.0,6.198546012823987,6,18,39,"{""1"": 5747, ""10"": 26, ""12"": 1908, ""13"": 21, ""14"": 6, ""15"": 1038, ""16"": 30, ""18"": 443, ""19"": 12, ""2"": 496, ""21"": 343, ""22"": 10, ""24"": 178, ""27"": 100, ""28"": 3, ""3"": 4441, ""30"": 34, ""33"": 20, ""36"": 18, ""37"": 6, ""39"": 25, ""4"": 198, ""5"": 83, ""6"": 4019, ""7"": 168, ""8"": 12, ""9"": 2761}",32764,1521,4.642290318642412,389,1.7565248803395648,0,0.0,22146,22114,0,0.0,0,0.0,0,5197,0,5197,0,5197,5197,1.0,0.0,10,423,747,1173,10,1183,1378,1.0085251491901108,0.8525149190110827,24,111.00910029999795,1209618432
train,language,,mr,boundary_bpe,32768,observed,32,145113,145113,56571,24125,6.015046632124353,0.42645525092361813,0.16624975019467586,0,0.0,6.015046632124353,6,18,39,"{""1"": 8439, ""10"": 134, ""11"": 4, ""12"": 1898, ""13"": 105, ""14"": 6, ""15"": 992, ""16"": 22, ""18"": 808, ""2"": 417, ""21"": 339, ""22"": 5, ""24"": 231, ""25"": 5, ""27"": 64, ""3"": 2793, ""30"": 46, ""33"": 39, ""36"": 19, ""39"": 10, ""4"": 160, ""5"": 68, ""6"": 4914, ""7"": 101, ""8"": 16, ""9"": 2490}",32764,2102,6.4155780734953,1340,5.55440414507772,0,0.0,24125,24093,0,0.0,0,0.0,0,7780,0,7780,0,7780,7780,1.0,0.0,21,556,744,1323,20,1344,1551,1.0158730158730158,1.5117157974300832,24,111.00910029999795,1209618432
train,language,,python,boundary_bpe,32768,observed,32,48487,48487,48387,20911,2.3187317679690116,0.43216153098972865,0.4312702373832161,0,0.0,2.3187317679690116,1,7,72,"{""1"": 13027, ""10"": 95, ""11"": 74, ""12"": 28, ""13"": 35, ""14"": 23, ""15"": 21, ""16"": 9, ""17"": 10, ""18"": 5, ""2"": 2112, ""20"": 7, ""22"": 17, ""28"": 6, ""3"": 1495, ""32"": 8, ""4"": 1266, ""42"": 2, ""43"": 6, ""48"": 2, ""5"": 852, ""6"": 887, ""7"": 499, ""72"": 1, ""8"": 248, ""9"": 176}",32764,2189,6.681113417165181,677,3.2375304863468988,0,0.0,20911,20879,0,0.0,0,0.0,6151,10776,0,4625,889,10776,10776,2.329945945945946,19.221621621621622,186,1864,1869,3862,155,4048,5228,1.048161574313827,4.013464526152252,11,111.00910029999795,1209618432
train,language,,ru,boundary_bpe,32768,observed,32,106212,106212,58870,25847,4.109258327852362,0.4390521488024461,0.24335291680789364,0,0.0,4.109258327852362,4,10,30,"{""1"": 8602, ""10"": 1158, ""11"": 5, ""12"": 550, ""13"": 14, ""14"": 298, ""16"": 143, ""17"": 7, ""18"": 95, ""2"": 3131, ""20"": 79, ""22"": 16, ""24"": 15, ""26"": 10, ""27"": 8, ""3"": 510, ""30"": 8, ""4"": 5404, ""5"": 281, ""6"": 3485, ""7"": 71, ""8"": 1937, ""9"": 20}",32764,2239,6.8337199365156875,1260,4.874840407010485,0,0.0,25847,25815,0,0.0,0,0.0,0,7811,0,7811,0,7811,7811,1.0,0.0,23,807,841,1640,23,1663,1917,1.0140243902439023,1.4024390243902438,16,111.00910029999795,1209618432
train,language,,rust,boundary_bpe,32768,observed,32,56922,56922,56922,25772,2.208676082570231,0.4527599170795123,0.4527599170795123,0,0.0,2.208676082570231,1,7,42,"{""1"": 16010, ""10"": 100, ""11"": 82, ""12"": 34, ""13"": 47, ""14"": 26, ""15"": 11, ""16"": 13, ""17"": 29, ""18"": 6, ""19"": 5, ""2"": 2856, ""20"": 10, ""23"": 10, ""24"": 8, ""25"": 5, ""3"": 2425, ""30"": 5, ""4"": 1297, ""42"": 3, ""5"": 1011, ""6"": 771, ""7"": 556, ""8"": 281, ""9"": 171}",32764,2288,6.983274325479185,903,3.5038025764395466,0,0.0,25772,25740,0,0.0,0,0.0,7003,13231,0,6228,1138,13231,13231,2.1244380218368657,18.2723185613359,129,2900,2438,5827,104,5956,8582,1.0221383216063153,1.7847949201990734,11,111.00910029999795,1209618432
train,language,,sql,boundary_bpe,32768,observed,32,36373,36373,36088,14256,2.5514169472502806,0.3950343604522279,0.39193907568801034,0,0.0,2.5514169472502806,1,8,64,"{""1"": 8171, ""10"": 103, ""11"": 59, ""12"": 18, ""13"": 26, ""14"": 18, ""15"": 19, ""16"": 12, ""17"": 6, ""18"": 7, ""19"": 8, ""2"": 1833, ""20"": 19, ""23"": 5, ""24"": 1, ""25"": 15, ""26"": 3, ""27"": 1, ""28"": 20, ""3"": 1270, ""38"": 9, ""4"": 766, ""43"": 5, ""48"": 2, ""5"": 593, ""56"": 5, ""6"": 535, ""64"": 1, ""7"": 354, ""8"": 237, ""9"": 135}",32764,1659,5.063484312049811,495,3.4722222222222223,0,0.0,14256,14224,0,0.0,0,0.0,2730,6655,0,3925,609,6655,6655,1.6955414012738854,15.51592356687898,35,1226,1467,3103,33,3138,4498,1.0112794070254592,1.0634869481147278,14,111.00910029999795,1209618432
train,language,,sw,boundary_bpe,32768,observed,32,62449,62449,62216,27154,2.2998084996685573,0.43644721615018645,0.434818812150715,0,0.0,2.2998084996685573,2,6,13,"{""1"": 11786, ""10"": 49, ""11"": 18, ""12"": 6, ""13"": 6, ""2"": 6189, ""3"": 4086, ""4"": 2372, ""5"": 1004, ""6"": 1065, ""7"": 371, ""8"": 124, ""9"": 78}",32764,2080,6.348431204981077,1345,4.953229726743758,0,0.0,27154,27122,0,0.0,0,0.0,5,9106,0,9101,5,9106,9106,1.0005493901769036,0.054939017690363696,43,599,854,1448,43,1491,1753,1.0296961325966851,2.9696132596685083,8,111.00910029999795,1209618432
train,language,,ta,boundary_bpe,32768,observed,32,140738,140738,53567,22149,6.3541469140819,0.4134821811936453,0.15737753840469526,0,0.0,6.3541469140819,6,18,39,"{""1"": 6479, ""10"": 106, ""11"": 5, ""12"": 2082, ""13"": 20, ""15"": 1015, ""16"": 22, ""18"": 669, ""19"": 7, ""2"": 352, ""21"": 312, ""24"": 164, ""25"": 19, ""27"": 82, ""3"": 2919, ""30"": 35, ""39"": 12, ""4"": 158, ""5"": 58, ""6"": 4461, ""7"": 119, ""8"": 6, ""9"": 3047}",32764,1322,4.034916371627396,248,1.119689376495553,0,0.0,22149,22117,0,0.0,0,0.0,0,5791,0,5791,0,5791,5791,1.0,0.0,29,644,715,1357,21,1386,1788,1.021370670596905,1.5475313190862197,24,111.00910029999795,1209618432
train,language,,te,boundary_bpe,32768,observed,32,158103,158103,60933,27347,5.781365414853549,0.44880442453186287,0.1729695198699582,0,0.0,5.781365414853549,6,15,48,"{""1"": 8317, ""10"": 122, ""11"": 6, ""12"": 2293, ""13"": 31, ""15"": 964, ""16"": 29, ""18"": 616, ""19"": 50, ""2"": 531, ""21"": 253, ""22"": 42, ""24"": 92, ""25"": 16, ""27"": 94, ""3"": 4062, ""30"": 30, ""33"": 19, ""37"": 10, ""4"": 115, ""48"": 6, ""5"": 52, ""6"": 6641, ""7"": 170, ""8"": 27, ""9"": 2759}",32764,1644,5.0177023562446585,465,1.7003693275313563,0,0.0,27347,27315,0,0.0,0,0.0,0,7488,0,7488,0,7488,7488,1.0,0.0,19,792,806,1580,19,1599,1939,1.0120253164556963,1.2025316455696202,22,111.00910029999795,1209618432
train,language,,typescript,boundary_bpe,32768,observed,32,43989,43989,43698,17390,2.5295572167912592,0.39795871664607074,0.3953261042533361,0,0.0,2.5295572167912592,1,8,51,"{""1"": 10392, ""10"": 115, ""11"": 71, ""12"": 43, ""13"": 78, ""14"": 69, ""15"": 5, ""16"": 7, ""17"": 18, ""18"": 11, ""19"": 8, ""2"": 1989, ""20"": 5, ""21"": 5, ""23"": 13, ""3"": 1061, ""31"": 6, ""4"": 962, ""42"": 2, ""48"": 1, ""5"": 713, ""51"": 2, ""6"": 726, ""7"": 494, ""8"": 331, ""9"": 263}",32764,1983,6.052374557441094,554,3.1857389304197814,0,0.0,17390,17358,0,0.0,0,0.0,4130,8393,0,4263,984,8393,8393,1.9688013136288998,23.082336382828995,89,1926,1290,3292,81,3381,4406,1.0270352369380316,2.4605103280680436,13,111.00910029999795,1209618432
train,language,,uk,boundary_bpe,32768,observed,32,95676,95676,53182,24556,3.8962371721778792,0.4617351735549622,0.2566578870354112,0,0.0,3.8962371721778792,4,10,22,"{""1"": 7867, ""10"": 876, ""11"": 20, ""12"": 420, ""14"": 211, ""15"": 5, ""16"": 132, ""17"": 10, ""18"": 44, ""19"": 6, ""2"": 3225, ""20"": 19, ""21"": 5, ""22"": 16, ""3"": 524, ""4"": 5829, ""5"": 316, ""6"": 3194, ""7"": 81, ""8"": 1718, ""9"": 38}",32764,2104,6.42168233426932,1181,4.809415214204268,0,0.0,24556,24524,0,0.0,0,0.0,0,7093,0,7093,0,7093,7093,1.0,0.0,14,833,988,1849,14,1863,2167,1.0075716603569498,0.7571660356949702,14,111.00910029999795,1209618432
train,language,,ur,boundary_bpe,32768,observed,32,112341,112341,64366,33547,3.348764420067368,0.5211913121834509,0.29861760176605157,0,0.0,3.348764420067368,2,8,20,"{""1"": 13989, ""10"": 818, ""12"": 316, ""14"": 111, ""16"": 20, ""18"": 12, ""2"": 3436, ""20"": 13, ""3"": 211, ""4"": 7888, ""5"": 66, ""6"": 4326, ""7"": 51, ""8"": 2280, ""9"": 10}",32764,1889,5.765474301062142,846,2.5218350374102005,0,0.0,33547,33515,0,0.0,0,0.0,0,13545,0,13545,0,13545,13545,1.0,0.0,26,841,696,1527,24,1553,1777,1.017026850032744,1.5717092337917484,12,111.00910029999795,1209618432
train,language,,yo,boundary_bpe,32768,observed,32,69432,69432,59766,28614,2.4265045082826586,0.47876719204899104,0.4121154510888351,0,0.0,2.4265045082826586,2,6,16,"{""1"": 14073, ""10"": 104, ""11"": 107, ""12"": 23, ""13"": 31, ""14"": 25, ""15"": 34, ""16"": 5, ""2"": 4727, ""3"": 3476, ""4"": 2490, ""5"": 1006, ""6"": 1481, ""7"": 643, ""8"": 237, ""9"": 152}",32764,1770,5.402270785007936,859,3.002026979800098,0,0.0,28614,28582,0,0.0,0,0.0,0,11487,0,11487,0,11487,11487,1.0,0.0,11,704,865,1592,11,1603,1859,1.0069095477386936,0.6909547738693468,10,111.00910029999795,1209618432
train,language,,zh,boundary_bpe,32768,observed,32,130086,130086,53452,36827,3.5323539794172754,0.6889732844421163,0.2830973356087511,0,0.0,3.5323539794172754,3,6,269,"{""1"": 6141, ""10"": 150, ""11"": 12, ""12"": 371, ""13"": 28, ""14"": 6, ""15"": 155, ""17"": 6, ""18"": 30, ""19"": 27, ""191"": 1, ""2"": 1361, ""21"": 53, ""24"": 8, ""269"": 17, ""3"": 21988, ""30"": 6, ""4"": 746, ""5"": 199, ""6"": 4778, ""7"": 116, ""8"": 113, ""9"": 515}",32764,4336,13.234037358075938,3435,9.327395660792353,0,0.0,36827,36795,0,0.0,0,0.0,0,3755,0,3755,0,3755,3755,1.0,0.0,96,2123,1031,3235,92,3331,3602,1.02967542503864,2.8438948995363216,12,111.00910029999795,1209618432
train,domain,code,,boundary_bpe,32768,observed,288,430843,430843,428938,173640,2.481242801197881,0.40481374930642655,0.4030238393103752,0,0.0,2.481242801197881,1,8,76,"{""1"": 102512, ""10"": 1025, ""11"": 856, ""12"": 355, ""13"": 345, ""14"": 242, ""15"": 169, ""16"": 101, ""17"": 128, ""18"": 93, ""19"": 78, ""2"": 20301, ""20"": 115, ""21"": 62, ""22"": 47, ""23"": 73, ""24"": 40, ""25"": 41, ""26"": 8, ""27"": 17, ""28"": 57, ""29"": 12, ""3"": 14133, ""30"": 11, ""31"": 13, ""32"": 21, ""33"": 26, ""34"": 6, ""35"": 8, ""37"": 13, ""38"": 14, ""39"": 2, ""4"": 9809, ""42"": 22, ""43"": 11, ""48"": 7, ""5"": 6692, ""51"": 6, ""52"": 5, ""56"": 5, ""6"": 6982, ""64"": 13, ""7"": 4486, ""72"": 5, ""76"": 7, ""8"": 2988, ""9"": 1678}",32764,7040,21.486997924551336,6244,3.595945634646395,0,0.0,173640,173352,0,0.0,0,0.0,38261,82443,0,44182,8836,82443,82443,1.8659861482051514,19.999094653931465,931,17878,16636,37562,792,38493,51638,1.0247856876630637,2.108513923646238,13,111.00910029999795,1209618432
train,domain,cyrillic_african,,boundary_bpe,32768,observed,192,583695,583695,352072,172399,3.3857214949042627,0.48966972664682223,0.29535802088419466,0,0.0,3.3857214949042627,3,9,30,"{""1"": 64160, ""10"": 3157, ""11"": 178, ""12"": 2215, ""13"": 62, ""14"": 692, ""15"": 356, ""16"": 396, ""17"": 17, ""18"": 275, ""19"": 6, ""2"": 21231, ""20"": 129, ""21"": 34, ""22"": 32, ""24"": 15, ""26"": 26, ""27"": 8, ""3"": 22259, ""30"": 8, ""4"": 22740, ""5"": 3144, ""6"": 20675, ""7"": 1274, ""8"": 6263, ""9"": 3047}",32764,7666,23.39763154681968,6346,3.6809958294421663,0,0.0,172399,172207,0,0.0,0,0.0,5,55676,0,55671,5,55676,55676,1.0000898133678218,0.008981336782166657,190,5121,5471,10610,182,10800,12806,1.0179076343072573,1.7153628652214892,14,111.00910029999795,1209618432
train,domain,indic_cjk_arabic,,boundary_bpe,32768,observed,448,1882068,1882068,800441,406949,4.624825223799543,0.5084059911973524,0.2162243872166149,0,0.0,4.624825223799543,3,12,269,"{""1"": 129038, ""10"": 3433, ""105"": 11, ""11"": 183, ""12"": 18389, ""126"": 1, ""13"": 397, ""14"": 654, ""144"": 1, ""15"": 8180, ""153"": 5, ""16"": 339, ""17"": 30, ""175"": 10, ""18"": 4918, ""19"": 156, ""191"": 1, ""2"": 19094, ""20"": 49, ""21"": 2218, ""22"": 115, ""23"": 9, ""24"": 1201, ""25"": 73, ""269"": 17, ""27"": 589, ""28"": 11, ""3"": 85391, ""30"": 298, ""31"": 13, ""32"": 8, ""33"": 159, ""36"": 55, ""37"": 24, ""39"": 76, ""4"": 23191, ""40"": 8, ""42"": 9, ""45"": 5, ""48"": 6, ""5"": 1384, ""50"": 2, ""51"": 8, ""54"": 6, ""6"": 72227, ""62"": 1, ""64"": 1, ""66"": 1, ""7"": 2023, ""75"": 8, ""8"": 5667, ""9"": 27256}",32764,20643,63.005127579050175,15729,3.865103489626464,0,0.0,406949,406501,0,0.0,0,0.0,1,115104,0,115103,1,115104,115104,1.0000086878708634,0.0008687870863487486,607,12919,11985,24988,559,25595,29420,1.0242916599967984,2.2370737954218023,21,111.00910029999795,1209618432
train,domain,latin_english,,boundary_bpe,32768,observed,32,59492,59492,59076,25179,2.3627626196433535,0.42621369083891936,0.42323337591608956,0,0.0,2.3627626196433535,2,6,16,"{""1"": 11649, ""10"": 59, ""11"": 33, ""12"": 8, ""13"": 5, ""14"": 12, ""16"": 13, ""2"": 4239, ""3"": 4147, ""4"": 2465, ""5"": 1031, ""6"": 719, ""7"": 423, ""8"": 240, ""9"": 136}",32764,2689,8.207178610670248,1067,4.237658366098733,0,0.0,25179,25147,0,0.0,0,0.0,3,9301,0,9298,3,9301,9301,1.000322650032265,0.032265003226500326,42,828,948,1764,38,1806,2096,1.0238095238095237,2.1541950113378685,9,111.00910029999795,1209618432
train,aggregate,,,boundary_bpe,32768,observed,960,2956098,2956098,1640527,778167,3.7987964023146703,0.4743396481740319,0.2632412727859496,0,0.0,3.7987964023146703,3,12,269,"{""1"": 307359, ""10"": 7674, ""105"": 11, ""11"": 1250, ""12"": 20967, ""126"": 1, ""13"": 809, ""14"": 1600, ""144"": 1, ""15"": 8705, ""153"": 5, ""16"": 849, ""17"": 175, ""175"": 10, ""18"": 5286, ""19"": 240, ""191"": 1, ""2"": 64865, ""20"": 293, ""21"": 2314, ""22"": 194, ""23"": 82, ""24"": 1256, ""25"": 114, ""26"": 34, ""269"": 17, ""27"": 614, ""28"": 68, ""29"": 12, ""3"": 125930, ""30"": 317, ""31"": 26, ""32"": 29, ""33"": 185, ""34"": 6, ""35"": 8, ""36"": 55, ""37"": 37, ""38"": 14, ""39"": 78, ""4"": 58205, ""40"": 8, ""42"": 31, ""43"": 11, ""45"": 5, ""48"": 13, ""5"": 12251, ""50"": 2, ""51"": 14, ""52"": 5, ""54"": 6, ""56"": 5, ""6"": 100603, ""62"": 1, ""64"": 14, ""66"": 1, ""7"": 8206, ""72"": 5, ""75"": 8, ""76"": 7, ""8"": 15158, ""9"": 32117}",32764,30601,93.39824197289708,29386,3.7763102264680977,0,0.0,778167,777207,0,0.0,0,0.0,38270,262524,0,224254,8845,262524,262524,1.1706547040409536,3.944188286496562,1770,36746,35040,74924,1571,76694,95960,1.0236239389247772,2.0967914153008382,18,111.00910029999795,1209618432
validation,stratum,flores200,am,boundary_bpe,32768,observed,32,6471,6471,2573,1862,3.475295381310419,0.723668869024485,0.2877453252974811,0,0.0,3.475295381310419,3,9,18,"{""1"": 508, ""12"": 26, ""15"": 6, ""18"": 5, ""2"": 38, ""3"": 841, ""4"": 7, ""6"": 345, ""9"": 86}",32764,469,1.4314491515077523,26,1.3963480128893662,2,0.10741138560687433,1862,1830,0,0.0,0,0.0,0,486,0,486,0,486,486,1.0,0.0,1,47,29,75,1,76,76,1.0133333333333334,1.3333333333333333,12,111.00910029999795,1209618432
validation,stratum,flores200,ar,boundary_bpe,32768,observed,32,6539,6539,3628,2061,3.1727316836487143,0.5680815876515987,0.3151858082275577,10,0.485201358563804,3.1727316836487143,2,6,14,"{""1"": 646, ""10"": 17, ""12"": 8, ""14"": 4, ""2"": 427, ""3"": 8, ""4"": 572, ""5"": 3, ""6"": 309, ""8"": 67}",32764,509,1.5535343669881578,101,4.90053372149442,12,0.5822416302765647,2061,2029,0,0.0,0,0.0,0,581,0,581,0,581,581,1.0,0.0,0,67,19,86,0,86,88,1.0,0.0,10,111.00910029999795,1209618432
validation,stratum,flores200,bg,boundary_bpe,32768,observed,32,7482,7482,4146,2118,3.5325779036827196,0.5108538350217077,0.2830793905372895,0,0.0,3.5325779036827196,4,8,16,"{""1"": 674, ""10"": 53, ""11"": 2, ""12"": 18, ""14"": 4, ""16"": 2, ""2"": 284, ""3"": 50, ""4"": 622, ""5"": 20, ""6"": 231, ""7"": 4, ""8"": 154}",32764,548,1.672567452081553,76,3.5882908404154863,3,0.141643059490085,2118,2086,0,0.0,0,0.0,0,617,0,617,0,617,617,1.0,0.0,3,64,60,121,3,124,124,1.024793388429752,2.479338842975207,12,111.00910029999795,1209618432
validation,stratum,flores200,bn,boundary_bpe,32768,observed,32,10772,10772,4028,2045,5.267481662591687,0.5076961271102284,0.18984404010397327,0,0.0,5.267481662591687,4,12,33,"{""1"": 599, ""12"": 142, ""15"": 54, ""16"": 1, ""18"": 17, ""2"": 11, ""21"": 13, ""24"": 7, ""3"": 409, ""33"": 1, ""4"": 4, ""6"": 495, ""9"": 292}",32764,484,1.4772311073129043,74,3.6185819070904643,6,0.293398533007335,2045,2013,0,0.0,0,0.0,2,560,0,558,2,560,560,1.003584229390681,0.35842293906810035,2,54,30,82,2,84,90,1.024390243902439,2.4390243902439024,21,111.00910029999795,1209618432
validation,stratum,flores200,fa,boundary_bpe,32768,observed,32,6879,6879,3885,2086,3.297698945349952,0.5369369369369369,0.3032417502543974,0,0.0,3.297698945349952,2,8,17,"{""1"": 735, ""10"": 30, ""11"": 1, ""12"": 13, ""14"": 8, ""15"": 1, ""17"": 2, ""2"": 321, ""3"": 35, ""4"": 546, ""5"": 9, ""6"": 263, ""7"": 24, ""8"": 88, ""9"": 10}",32764,543,1.6573068001465023,64,3.068072866730585,2,0.09587727708533078,2086,2054,0,0.0,0,0.0,0,700,0,700,0,700,700,1.0,0.0,1,66,39,104,1,105,108,1.0096153846153846,0.9615384615384616,12,111.00910029999795,1209618432
validation,stratum,flores200,gu,boundary_bpe,32768,observed,32,9612,9612,3700,2100,4.577142857142857,0.5675675675675675,0.2184769038701623,0,0.0,4.577142857142857,3,12,27,"{""1"": 621, ""10"": 12, ""12"": 81, ""13"": 1, ""15"": 27, ""18"": 8, ""2"": 30, ""21"": 1, ""27"": 1, ""3"": 457, ""4"": 5, ""6"": 616, ""7"": 9, ""9"": 231}",32764,448,1.3673544133805395,42,2.0,2,0.09523809523809523,2100,2068,0,0.0,0,0.0,2,570,0,568,2,570,570,1.0035211267605635,0.352112676056338,2,48,32,78,2,80,91,1.0256410256410255,2.5641025641025643,15,111.00910029999795,1209618432
validation,stratum,flores200,hi,boundary_bpe,32768,observed,32,10074,10074,3966,2199,4.581173260572988,0.5544629349470499,0.21828469326980346,0,0.0,4.581173260572988,3,12,30,"{""1"": 802, ""10"": 3, ""12"": 107, ""15"": 26, ""18"": 14, ""2"": 27, ""21"": 4, ""24"": 4, ""3"": 316, ""30"": 2, ""4"": 5, ""6"": 641, ""7"": 12, ""9"": 236}",32764,507,1.5474301062141376,76,3.4561164165529785,6,0.2728512960436562,2199,2167,0,0.0,0,0.0,0,747,0,747,0,747,747,1.0,0.0,1,52,29,80,1,81,81,1.0125,1.25,18,111.00910029999795,1209618432
validation,stratum,flores200,ja,boundary_bpe,32768,observed,32,5110,5110,1782,1363,3.7490829053558326,0.7648709315375982,0.26673189823874754,81,5.9427732942039615,3.7490829053558326,3,9,15,"{""1"": 110, ""12"": 34, ""15"": 3, ""2"": 23, ""3"": 920, ""4"": 6, ""6"": 228, ""7"": 1, ""9"": 38}",32764,603,1.8404346233671103,203,14.893617021276595,89,6.5297138664710195,1363,1331,0,0.0,0,0.0,0,2,0,2,0,2,2,1.0,0.0,2,39,74,111,2,113,113,1.018018018018018,1.8018018018018018,12,111.00910029999795,1209618432
validation,stratum,flores200,kn,boundary_bpe,32768,observed,32,11326,11326,4264,2162,5.238667900092507,0.5070356472795498,0.19088822179057036,0,0.0,5.238667900092507,6,15,30,"{""1"": 608, ""10"": 2, ""12"": 138, ""13"": 1, ""15"": 60, ""16"": 1, ""18"": 31, ""19"": 5, ""2"": 25, ""21"": 5, ""22"": 7, ""24"": 1, ""25"": 1, ""3"": 433, ""30"": 1, ""4"": 8, ""6"": 582, ""7"": 14, ""9"": 239}",32764,500,1.5260651935050666,29,1.341350601295097,2,0.09250693802035152,2162,2130,0,0.0,0,0.0,46,549,0,503,42,549,549,1.091451292246521,8.34990059642147,0,45,45,90,0,90,90,1.0,0.0,18,111.00910029999795,1209618432
validation,stratum,flores200,ko,boundary_bpe,32768,observed,32,4735,4735,2037,1712,2.765771028037383,0.8404516445753559,0.36156282998944034,45,2.628504672897196,2.765771028037383,3,6,16,"{""1"": 529, ""10"": 19, ""16"": 2, ""2"": 46, ""3"": 934, ""4"": 17, ""6"": 149, ""7"": 8, ""9"": 8}",32764,514,1.5687950189232085,128,7.4766355140186915,48,2.803738317757009,1712,1680,0,0.0,0,0.0,0,430,0,430,0,430,430,1.0,0.0,3,30,48,75,3,78,81,1.04,4.0,10,111.00910029999795,1209618432
validation,stratum,flores200,ml,boundary_bpe,32768,observed,32,11894,11894,4384,2138,5.563143124415341,0.4876824817518248,0.1797544980662519,0,0.0,5.563143124415341,3,15,37,"{""1"": 503, ""10"": 3, ""12"": 169, ""13"": 1, ""15"": 72, ""16"": 4, ""18"": 23, ""2"": 28, ""21"": 19, ""22"": 1, ""24"": 7, ""27"": 5, ""28"": 3, ""3"": 548, ""37"": 1, ""4"": 13, ""5"": 1, ""6"": 489, ""7"": 3, ""9"": 245}",32764,520,1.5871078012452693,37,1.7305893358278766,4,0.18709073900841908,2138,2106,0,0.0,0,0.0,5,447,0,442,5,447,447,1.01131221719457,1.1312217194570136,3,47,36,80,3,83,91,1.0375,3.75,21,111.00910029999795,1209618432
validation,stratum,flores200,mr,boundary_bpe,32768,observed,32,10965,10965,4109,2017,5.436291522062469,0.4908736918958384,0.18394892840857274,0,0.0,5.436291522062469,6,15,30,"{""1"": 588, ""10"": 7, ""12"": 142, ""13"": 12, ""15"": 46, ""18"": 40, ""2"": 17, ""21"": 13, ""24"": 9, ""27"": 1, ""3"": 350, ""30"": 2, ""4"": 3, ""6"": 566, ""7"": 10, ""9"": 211}",32764,566,1.7275057990477354,115,5.701536936043629,3,0.1487357461576599,2017,1985,0,0.0,0,0.0,1,544,0,543,1,544,544,1.0018416206261511,0.1841620626151013,1,42,36,78,1,79,88,1.0128205128205128,1.2820512820512822,21,111.00910029999795,1209618432
validation,stratum,flores200,ru,boundary_bpe,32768,observed,32,7654,7654,4261,2166,3.533702677746999,0.5083313776108894,0.28298928664750456,0,0.0,3.533702677746999,4,8,20,"{""1"": 657, ""10"": 62, ""12"": 18, ""14"": 7, ""16"": 2, ""18"": 1, ""2"": 390, ""20"": 1, ""3"": 34, ""4"": 544, ""5"": 13, ""6"": 311, ""7"": 5, ""8"": 120, ""9"": 1}",32764,623,1.901477231107313,59,2.723915050784857,3,0.13850415512465375,2166,2134,0,0.0,0,0.0,5,576,0,571,5,576,576,1.0087565674255692,0.8756567425569177,0,71,53,124,0,124,130,1.0,0.0,12,111.00910029999795,1209618432
validation,stratum,flores200,sw,boundary_bpe,32768,observed,32,4405,4405,4397,2081,2.1167707832772704,0.4732772344780532,0.4724177071509648,0,0.0,2.1167707832772704,2,5,9,"{""1"": 929, ""2"": 543, ""3"": 337, ""4"": 119, ""5"": 50, ""6"": 74, ""7"": 25, ""8"": 2, ""9"": 2}",32764,585,1.785496276400928,83,3.9884670831331093,4,0.19221528111484862,2081,2049,0,0.0,0,0.0,0,660,0,660,0,660,660,1.0,0.0,1,38,38,76,1,77,77,1.013157894736842,1.3157894736842106,7,111.00910029999795,1209618432
validation,stratum,flores200,ta,boundary_bpe,32768,observed,32,12193,12193,4517,2092,5.828393881453155,0.46313925171574055,0.17157385385057,0,0.0,5.828393881453155,6,15,39,"{""1"": 538, ""10"": 23, ""12"": 151, ""13"": 1, ""15"": 77, ""18"": 28, ""2"": 29, ""21"": 16, ""24"": 6, ""27"": 7, ""3"": 351, ""39"": 1, ""4"": 6, ""5"": 1, ""6"": 534, ""7"": 9, ""9"": 314}",32764,493,1.5047002807959957,30,1.4340344168260037,4,0.19120458891013384,2092,2060,0,0.0,0,0.0,1,475,0,474,1,475,475,1.0021097046413503,0.2109704641350211,4,55,47,98,4,102,111,1.0408163265306123,4.081632653061225,21,111.00910029999795,1209618432
validation,stratum,flores200,te,boundary_bpe,32768,observed,32,10409,10409,3954,2012,5.173459244532803,0.5088517956499747,0.19329426457872995,0,0.0,5.173459244532803,6,12,24,"{""1"": 545, ""10"": 9, ""12"": 128, ""15"": 52, ""16"": 3, ""18"": 26, ""19"": 5, ""2"": 40, ""21"": 5, ""22"": 1, ""24"": 1, ""3"": 371, ""4"": 6, ""5"": 1, ""6"": 625, ""7"": 11, ""9"": 183}",32764,523,1.5962641924062997,41,2.0377733598409544,5,0.2485089463220676,2012,1980,0,0.0,0,0.0,6,486,0,480,6,486,486,1.0125,1.25,2,46,41,85,2,87,92,1.0235294117647058,2.3529411764705883,18,111.00910029999795,1209618432
validation,stratum,flores200,uk,boundary_bpe,32768,observed,32,7446,7446,4118,2135,3.4875878220140515,0.5184555609519184,0.2867311308084878,0,0.0,3.4875878220140515,4,8,22,"{""1"": 628, ""10"": 50, ""12"": 15, ""14"": 2, ""16"": 3, ""18"": 1, ""2"": 357, ""22"": 1, ""3"": 35, ""4"": 625, ""5"": 18, ""6"": 293, ""7"": 2, ""8"": 104, ""9"": 1}",32764,604,1.8434867537541204,68,3.1850117096018735,3,0.1405152224824356,2135,2103,0,0.0,0,0.0,0,555,0,555,0,555,555,1.0,0.0,0,65,59,124,0,124,126,1.0,0.0,12,111.00910029999795,1209618432
validation,stratum,flores200,ur,boundary_bpe,32768,observed,32,6879,6879,3892,2242,3.068242640499554,0.5760534429599178,0.32591946503852304,0,0.0,3.068242640499554,2,8,18,"{""1"": 821, ""10"": 21, ""12"": 10, ""14"": 3, ""18"": 2, ""2"": 389, ""3"": 8, ""4"": 635, ""6"": 258, ""8"": 95}",32764,476,1.4528140642168232,52,2.31935771632471,3,0.13380909901873328,2242,2210,0,0.0,0,0.0,0,793,0,793,0,793,793,1.0,0.0,1,42,30,71,1,72,72,1.0140845070422535,1.408450704225352,10,111.00910029999795,1209618432
validation,stratum,flores200,yo,boundary_bpe,32768,observed,32,5063,5063,3889,2560,1.977734375,0.6582669066598097,0.5056290736717362,8,0.3125,1.977734375,2,4,9,"{""1"": 1120, ""2"": 807, ""3"": 375, ""4"": 180, ""5"": 26, ""6"": 17, ""7"": 30, ""8"": 3, ""9"": 2}",32764,460,1.4039799780246611,117,4.5703125,21,0.8203125,2560,2528,0,0.0,0,0.0,0,718,0,718,0,718,718,1.0,0.0,0,47,29,76,0,76,78,1.0,0.0,7,111.00910029999795,1209618432
validation,stratum,flores200,zh,boundary_bpe,32768,observed,32,3769,3769,1485,1327,2.840241145440844,0.8936026936026936,0.35208278057840275,78,5.87792012057272,2.840241145440844,3,6,9,"{""1"": 217, ""2"": 61, ""3"": 941, ""4"": 22, ""6"": 85, ""9"": 1}",32764,618,1.8862165791722623,197,14.845516201959306,82,6.179351921627732,1327,1295,0,0.0,0,0.0,0,63,0,63,0,63,63,1.0,0.0,4,109,27,132,4,136,138,1.0303030303030303,3.0303030303030303,6,111.00910029999795,1209618432
validation,language,,am,boundary_bpe,32768,observed,32,6471,6471,2573,1862,3.475295381310419,0.723668869024485,0.2877453252974811,0,0.0,3.475295381310419,3,9,18,"{""1"": 508, ""12"": 26, ""15"": 6, ""18"": 5, ""2"": 38, ""3"": 841, ""4"": 7, ""6"": 345, ""9"": 86}",32764,469,1.4314491515077523,26,1.3963480128893662,2,0.10741138560687433,1862,1830,0,0.0,0,0.0,0,486,0,486,0,486,486,1.0,0.0,1,47,29,75,1,76,76,1.0133333333333334,1.3333333333333333,12,111.00910029999795,1209618432
validation,language,,ar,boundary_bpe,32768,observed,32,6539,6539,3628,2061,3.1727316836487143,0.5680815876515987,0.3151858082275577,10,0.485201358563804,3.1727316836487143,2,6,14,"{""1"": 646, ""10"": 17, ""12"": 8, ""14"": 4, ""2"": 427, ""3"": 8, ""4"": 572, ""5"": 3, ""6"": 309, ""8"": 67}",32764,509,1.5535343669881578,101,4.90053372149442,12,0.5822416302765647,2061,2029,0,0.0,0,0.0,0,581,0,581,0,581,581,1.0,0.0,0,67,19,86,0,86,88,1.0,0.0,10,111.00910029999795,1209618432
validation,language,,bg,boundary_bpe,32768,observed,32,7482,7482,4146,2118,3.5325779036827196,0.5108538350217077,0.2830793905372895,0,0.0,3.5325779036827196,4,8,16,"{""1"": 674, ""10"": 53, ""11"": 2, ""12"": 18, ""14"": 4, ""16"": 2, ""2"": 284, ""3"": 50, ""4"": 622, ""5"": 20, ""6"": 231, ""7"": 4, ""8"": 154}",32764,548,1.672567452081553,76,3.5882908404154863,3,0.141643059490085,2118,2086,0,0.0,0,0.0,0,617,0,617,0,617,617,1.0,0.0,3,64,60,121,3,124,124,1.024793388429752,2.479338842975207,12,111.00910029999795,1209618432
validation,language,,bn,boundary_bpe,32768,observed,32,10772,10772,4028,2045,5.267481662591687,0.5076961271102284,0.18984404010397327,0,0.0,5.267481662591687,4,12,33,"{""1"": 599, ""12"": 142, ""15"": 54, ""16"": 1, ""18"": 17, ""2"": 11, ""21"": 13, ""24"": 7, ""3"": 409, ""33"": 1, ""4"": 4, ""6"": 495, ""9"": 292}",32764,484,1.4772311073129043,74,3.6185819070904643,6,0.293398533007335,2045,2013,0,0.0,0,0.0,2,560,0,558,2,560,560,1.003584229390681,0.35842293906810035,2,54,30,82,2,84,90,1.024390243902439,2.4390243902439024,21,111.00910029999795,1209618432
validation,language,,fa,boundary_bpe,32768,observed,32,6879,6879,3885,2086,3.297698945349952,0.5369369369369369,0.3032417502543974,0,0.0,3.297698945349952,2,8,17,"{""1"": 735, ""10"": 30, ""11"": 1, ""12"": 13, ""14"": 8, ""15"": 1, ""17"": 2, ""2"": 321, ""3"": 35, ""4"": 546, ""5"": 9, ""6"": 263, ""7"": 24, ""8"": 88, ""9"": 10}",32764,543,1.6573068001465023,64,3.068072866730585,2,0.09587727708533078,2086,2054,0,0.0,0,0.0,0,700,0,700,0,700,700,1.0,0.0,1,66,39,104,1,105,108,1.0096153846153846,0.9615384615384616,12,111.00910029999795,1209618432
validation,language,,gu,boundary_bpe,32768,observed,32,9612,9612,3700,2100,4.577142857142857,0.5675675675675675,0.2184769038701623,0,0.0,4.577142857142857,3,12,27,"{""1"": 621, ""10"": 12, ""12"": 81, ""13"": 1, ""15"": 27, ""18"": 8, ""2"": 30, ""21"": 1, ""27"": 1, ""3"": 457, ""4"": 5, ""6"": 616, ""7"": 9, ""9"": 231}",32764,448,1.3673544133805395,42,2.0,2,0.09523809523809523,2100,2068,0,0.0,0,0.0,2,570,0,568,2,570,570,1.0035211267605635,0.352112676056338,2,48,32,78,2,80,91,1.0256410256410255,2.5641025641025643,15,111.00910029999795,1209618432
validation,language,,hi,boundary_bpe,32768,observed,32,10074,10074,3966,2199,4.581173260572988,0.5544629349470499,0.21828469326980346,0,0.0,4.581173260572988,3,12,30,"{""1"": 802, ""10"": 3, ""12"": 107, ""15"": 26, ""18"": 14, ""2"": 27, ""21"": 4, ""24"": 4, ""3"": 316, ""30"": 2, ""4"": 5, ""6"": 641, ""7"": 12, ""9"": 236}",32764,507,1.5474301062141376,76,3.4561164165529785,6,0.2728512960436562,2199,2167,0,0.0,0,0.0,0,747,0,747,0,747,747,1.0,0.0,1,52,29,80,1,81,81,1.0125,1.25,18,111.00910029999795,1209618432
validation,language,,ja,boundary_bpe,32768,observed,32,5110,5110,1782,1363,3.7490829053558326,0.7648709315375982,0.26673189823874754,81,5.9427732942039615,3.7490829053558326,3,9,15,"{""1"": 110, ""12"": 34, ""15"": 3, ""2"": 23, ""3"": 920, ""4"": 6, ""6"": 228, ""7"": 1, ""9"": 38}",32764,603,1.8404346233671103,203,14.893617021276595,89,6.5297138664710195,1363,1331,0,0.0,0,0.0,0,2,0,2,0,2,2,1.0,0.0,2,39,74,111,2,113,113,1.018018018018018,1.8018018018018018,12,111.00910029999795,1209618432
validation,language,,kn,boundary_bpe,32768,observed,32,11326,11326,4264,2162,5.238667900092507,0.5070356472795498,0.19088822179057036,0,0.0,5.238667900092507,6,15,30,"{""1"": 608, ""10"": 2, ""12"": 138, ""13"": 1, ""15"": 60, ""16"": 1, ""18"": 31, ""19"": 5, ""2"": 25, ""21"": 5, ""22"": 7, ""24"": 1, ""25"": 1, ""3"": 433, ""30"": 1, ""4"": 8, ""6"": 582, ""7"": 14, ""9"": 239}",32764,500,1.5260651935050666,29,1.341350601295097,2,0.09250693802035152,2162,2130,0,0.0,0,0.0,46,549,0,503,42,549,549,1.091451292246521,8.34990059642147,0,45,45,90,0,90,90,1.0,0.0,18,111.00910029999795,1209618432
validation,language,,ko,boundary_bpe,32768,observed,32,4735,4735,2037,1712,2.765771028037383,0.8404516445753559,0.36156282998944034,45,2.628504672897196,2.765771028037383,3,6,16,"{""1"": 529, ""10"": 19, ""16"": 2, ""2"": 46, ""3"": 934, ""4"": 17, ""6"": 149, ""7"": 8, ""9"": 8}",32764,514,1.5687950189232085,128,7.4766355140186915,48,2.803738317757009,1712,1680,0,0.0,0,0.0,0,430,0,430,0,430,430,1.0,0.0,3,30,48,75,3,78,81,1.04,4.0,10,111.00910029999795,1209618432
validation,language,,ml,boundary_bpe,32768,observed,32,11894,11894,4384,2138,5.563143124415341,0.4876824817518248,0.1797544980662519,0,0.0,5.563143124415341,3,15,37,"{""1"": 503, ""10"": 3, ""12"": 169, ""13"": 1, ""15"": 72, ""16"": 4, ""18"": 23, ""2"": 28, ""21"": 19, ""22"": 1, ""24"": 7, ""27"": 5, ""28"": 3, ""3"": 548, ""37"": 1, ""4"": 13, ""5"": 1, ""6"": 489, ""7"": 3, ""9"": 245}",32764,520,1.5871078012452693,37,1.7305893358278766,4,0.18709073900841908,2138,2106,0,0.0,0,0.0,5,447,0,442,5,447,447,1.01131221719457,1.1312217194570136,3,47,36,80,3,83,91,1.0375,3.75,21,111.00910029999795,1209618432
validation,language,,mr,boundary_bpe,32768,observed,32,10965,10965,4109,2017,5.436291522062469,0.4908736918958384,0.18394892840857274,0,0.0,5.436291522062469,6,15,30,"{""1"": 588, ""10"": 7, ""12"": 142, ""13"": 12, ""15"": 46, ""18"": 40, ""2"": 17, ""21"": 13, ""24"": 9, ""27"": 1, ""3"": 350, ""30"": 2, ""4"": 3, ""6"": 566, ""7"": 10, ""9"": 211}",32764,566,1.7275057990477354,115,5.701536936043629,3,0.1487357461576599,2017,1985,0,0.0,0,0.0,1,544,0,543,1,544,544,1.0018416206261511,0.1841620626151013,1,42,36,78,1,79,88,1.0128205128205128,1.2820512820512822,21,111.00910029999795,1209618432
validation,language,,ru,boundary_bpe,32768,observed,32,7654,7654,4261,2166,3.533702677746999,0.5083313776108894,0.28298928664750456,0,0.0,3.533702677746999,4,8,20,"{""1"": 657, ""10"": 62, ""12"": 18, ""14"": 7, ""16"": 2, ""18"": 1, ""2"": 390, ""20"": 1, ""3"": 34, ""4"": 544, ""5"": 13, ""6"": 311, ""7"": 5, ""8"": 120, ""9"": 1}",32764,623,1.901477231107313,59,2.723915050784857,3,0.13850415512465375,2166,2134,0,0.0,0,0.0,5,576,0,571,5,576,576,1.0087565674255692,0.8756567425569177,0,71,53,124,0,124,130,1.0,0.0,12,111.00910029999795,1209618432
validation,language,,sw,boundary_bpe,32768,observed,32,4405,4405,4397,2081,2.1167707832772704,0.4732772344780532,0.4724177071509648,0,0.0,2.1167707832772704,2,5,9,"{""1"": 929, ""2"": 543, ""3"": 337, ""4"": 119, ""5"": 50, ""6"": 74, ""7"": 25, ""8"": 2, ""9"": 2}",32764,585,1.785496276400928,83,3.9884670831331093,4,0.19221528111484862,2081,2049,0,0.0,0,0.0,0,660,0,660,0,660,660,1.0,0.0,1,38,38,76,1,77,77,1.013157894736842,1.3157894736842106,7,111.00910029999795,1209618432
validation,language,,ta,boundary_bpe,32768,observed,32,12193,12193,4517,2092,5.828393881453155,0.46313925171574055,0.17157385385057,0,0.0,5.828393881453155,6,15,39,"{""1"": 538, ""10"": 23, ""12"": 151, ""13"": 1, ""15"": 77, ""18"": 28, ""2"": 29, ""21"": 16, ""24"": 6, ""27"": 7, ""3"": 351, ""39"": 1, ""4"": 6, ""5"": 1, ""6"": 534, ""7"": 9, ""9"": 314}",32764,493,1.5047002807959957,30,1.4340344168260037,4,0.19120458891013384,2092,2060,0,0.0,0,0.0,1,475,0,474,1,475,475,1.0021097046413503,0.2109704641350211,4,55,47,98,4,102,111,1.0408163265306123,4.081632653061225,21,111.00910029999795,1209618432
validation,language,,te,boundary_bpe,32768,observed,32,10409,10409,3954,2012,5.173459244532803,0.5088517956499747,0.19329426457872995,0,0.0,5.173459244532803,6,12,24,"{""1"": 545, ""10"": 9, ""12"": 128, ""15"": 52, ""16"": 3, ""18"": 26, ""19"": 5, ""2"": 40, ""21"": 5, ""22"": 1, ""24"": 1, ""3"": 371, ""4"": 6, ""5"": 1, ""6"": 625, ""7"": 11, ""9"": 183}",32764,523,1.5962641924062997,41,2.0377733598409544,5,0.2485089463220676,2012,1980,0,0.0,0,0.0,6,486,0,480,6,486,486,1.0125,1.25,2,46,41,85,2,87,92,1.0235294117647058,2.3529411764705883,18,111.00910029999795,1209618432
validation,language,,uk,boundary_bpe,32768,observed,32,7446,7446,4118,2135,3.4875878220140515,0.5184555609519184,0.2867311308084878,0,0.0,3.4875878220140515,4,8,22,"{""1"": 628, ""10"": 50, ""12"": 15, ""14"": 2, ""16"": 3, ""18"": 1, ""2"": 357, ""22"": 1, ""3"": 35, ""4"": 625, ""5"": 18, ""6"": 293, ""7"": 2, ""8"": 104, ""9"": 1}",32764,604,1.8434867537541204,68,3.1850117096018735,3,0.1405152224824356,2135,2103,0,0.0,0,0.0,0,555,0,555,0,555,555,1.0,0.0,0,65,59,124,0,124,126,1.0,0.0,12,111.00910029999795,1209618432
validation,language,,ur,boundary_bpe,32768,observed,32,6879,6879,3892,2242,3.068242640499554,0.5760534429599178,0.32591946503852304,0,0.0,3.068242640499554,2,8,18,"{""1"": 821, ""10"": 21, ""12"": 10, ""14"": 3, ""18"": 2, ""2"": 389, ""3"": 8, ""4"": 635, ""6"": 258, ""8"": 95}",32764,476,1.4528140642168232,52,2.31935771632471,3,0.13380909901873328,2242,2210,0,0.0,0,0.0,0,793,0,793,0,793,793,1.0,0.0,1,42,30,71,1,72,72,1.0140845070422535,1.408450704225352,10,111.00910029999795,1209618432
validation,language,,yo,boundary_bpe,32768,observed,32,5063,5063,3889,2560,1.977734375,0.6582669066598097,0.5056290736717362,8,0.3125,1.977734375,2,4,9,"{""1"": 1120, ""2"": 807, ""3"": 375, ""4"": 180, ""5"": 26, ""6"": 17, ""7"": 30, ""8"": 3, ""9"": 2}",32764,460,1.4039799780246611,117,4.5703125,21,0.8203125,2560,2528,0,0.0,0,0.0,0,718,0,718,0,718,718,1.0,0.0,0,47,29,76,0,76,78,1.0,0.0,7,111.00910029999795,1209618432
validation,language,,zh,boundary_bpe,32768,observed,32,3769,3769,1485,1327,2.840241145440844,0.8936026936026936,0.35208278057840275,78,5.87792012057272,2.840241145440844,3,6,9,"{""1"": 217, ""2"": 61, ""3"": 941, ""4"": 22, ""6"": 85, ""9"": 1}",32764,618,1.8862165791722623,197,14.845516201959306,82,6.179351921627732,1327,1295,0,0.0,0,0.0,0,63,0,63,0,63,63,1.0,0.0,4,109,27,132,4,136,138,1.0303030303030303,3.0303030303030303,6,111.00910029999795,1209618432
validation,domain,flores200,,boundary_bpe,32768,observed,640,159677,159677,73015,40478,3.944784821384456,0.5543792371430528,0.2534992516141962,222,0.5484460694698354,3.944784821384456,3,12,39,"{""1"": 12378, ""10"": 311, ""11"": 3, ""12"": 1200, ""13"": 16, ""14"": 28, ""15"": 424, ""16"": 18, ""17"": 2, ""18"": 196, ""19"": 10, ""2"": 3893, ""20"": 1, ""21"": 76, ""22"": 10, ""24"": 35, ""25"": 1, ""27"": 14, ""28"": 3, ""3"": 7753, ""30"": 5, ""33"": 1, ""37"": 1, ""39"": 1, ""4"": 3945, ""5"": 142, ""6"": 7111, ""7"": 167, ""8"": 633, ""9"": 2100}",32764,8027,24.49945061653034,1618,3.997233064874747,304,0.751025248283018,40478,39838,0,0.0,0,0.0,68,10559,0,10491,64,10559,10559,1.006481746258698,0.6100467067009818,31,1074,801,1846,31,1877,1945,1.0167930660888407,1.6793066088840736,15,111.00910029999795,1209618432
validation,aggregate,,,boundary_bpe,32768,observed,640,159677,159677,73015,40478,3.944784821384456,0.5543792371430528,0.2534992516141962,222,0.5484460694698354,3.944784821384456,3,12,39,"{""1"": 12378, ""10"": 311, ""11"": 3, ""12"": 1200, ""13"": 16, ""14"": 28, ""15"": 424, ""16"": 18, ""17"": 2, ""18"": 196, ""19"": 10, ""2"": 3893, ""20"": 1, ""21"": 76, ""22"": 10, ""24"": 35, ""25"": 1, ""27"": 14, ""28"": 3, ""3"": 7753, ""30"": 5, ""33"": 1, ""37"": 1, ""39"": 1, ""4"": 3945, ""5"": 142, ""6"": 7111, ""7"": 167, ""8"": 633, ""9"": 2100}",32764,8027,24.49945061653034,1618,3.997233064874747,304,0.751025248283018,40478,39838,0,0.0,0,0.0,68,10559,0,10491,64,10559,10559,1.006481746258698,0.6100467067009818,31,1074,801,1846,31,1877,1945,1.0167930660888407,1.6793066088840736,15,111.00910029999795,1209618432
train,stratum,code,c,uniq_superbpe_r64,32768,observed,32,51063,51063,51060,19190,2.6609171443460133,0.3758323540932237,0.3758102735836124,0,0.0,2.6609171443460133,1,8,16,"{""1"": 9832, ""10"": 228, ""11"": 156, ""12"": 95, ""13"": 88, ""14"": 17, ""15"": 34, ""16"": 69, ""2"": 2716, ""3"": 2071, ""4"": 1428, ""5"": 747, ""6"": 694, ""7"": 482, ""8"": 328, ""9"": 205}",32764,1820,5.554877304358442,191,0.9953100573215217,0,0.0,21206,21174,2016,9.521110796259563,299,1.5581031787389266,344,2252,3791,5926,273,6270,9740,1.0580492743840701,4.6068174147823155,1956,5159,715,4093,567,6049,6116,1.477889078915221,13.85291961886147,13,177.08818469999824,677281792
train,stratum,code,cpp,uniq_superbpe_r64,32768,observed,32,54217,54217,54213,19588,2.7678680824994895,0.36131555162046003,0.3612888946271465,0,0.0,2.7678680824994895,1,9,16,"{""1"": 9946, ""10"": 252, ""11"": 95, ""12"": 123, ""13"": 119, ""14"": 23, ""15"": 29, ""16"": 100, ""2"": 2604, ""3"": 1987, ""4"": 1390, ""5"": 984, ""6"": 796, ""7"": 520, ""8"": 319, ""9"": 301}",32764,1946,5.939445733121719,195,0.9955074535429855,0,0.0,21566,21534,1978,9.185474133927743,306,1.5621809270982234,290,2167,3237,5352,211,5642,9575,1.054185351270553,3.9424514200298955,1707,5271,686,4478,966,6185,6268,1.3811969629298795,21.572130415364,13,177.08818469999824,677281792
train,stratum,code,go,uniq_superbpe_r64,32768,observed,32,56813,56813,56813,21774,2.6092128226324975,0.38325735307060005,0.38325735307060005,0,0.0,2.6092128226324975,2,7,16,"{""1"": 10504, ""10"": 159, ""11"": 81, ""12"": 72, ""13"": 6, ""14"": 27, ""15"": 21, ""16"": 27, ""2"": 3106, ""3"": 2822, ""4"": 1854, ""5"": 879, ""6"": 991, ""7"": 647, ""8"": 405, ""9"": 173}",32764,1848,5.6403369551947256,291,1.3364563240562137,0,0.0,22403,22371,629,2.8116758303160343,115,0.5281528428400845,102,3032,3343,6386,85,6488,9031,1.0159724397118697,1.3310366426558096,1030,6011,341,5404,868,6434,6454,1.19059955588453,16.06217616580311,11,177.08818469999824,677281792
train,stratum,code,java,uniq_superbpe_r64,32768,observed,32,43999,43999,43605,13928,3.1590321654221714,0.31941291136337574,0.31655264892383916,0,0.0,3.1590321654221714,2,9,16,"{""1"": 6288, ""10"": 254, ""11"": 155, ""12"": 66, ""13"": 75, ""14"": 29, ""15"": 43, ""16"": 69, ""2"": 1403, ""3"": 1645, ""4"": 1353, ""5"": 694, ""6"": 818, ""7"": 510, ""8"": 291, ""9"": 235}",32764,1653,5.04517152972775,168,1.2062033314187248,0,0.0,15371,15339,1443,9.407392920007823,279,2.0031591039632395,186,1419,2428,3775,170,3961,7594,1.049271523178808,4.503311258278146,805,3468,497,3273,482,4078,4145,1.245951726245035,14.726550565230676,14,177.08818469999824,677281792
train,stratum,code,javascript,uniq_superbpe_r64,32768,observed,32,38980,38980,38152,15990,2.437773608505316,0.41911302159781927,0.4102103642893792,0,0.0,2.437773608505316,1,7,16,"{""1"": 8651, ""10"": 106, ""11"": 69, ""12"": 25, ""13"": 62, ""14"": 3, ""15"": 5, ""16"": 23, ""2"": 2266, ""3"": 1688, ""4"": 908, ""5"": 737, ""6"": 666, ""7"": 387, ""8"": 245, ""9"": 149}",32764,1640,5.005493834696618,287,1.794871794871795,0,0.0,17650,17618,1660,9.422181859461913,154,0.9631019387116948,143,1678,2040,3702,102,3845,7448,1.0386277687736358,2.755267423014587,1650,5200,567,4230,1247,5880,5941,1.3900709219858156,29.479905437352247,11,177.08818469999824,677281792
train,stratum,code,python,uniq_superbpe_r64,32768,observed,32,48487,48487,48387,17038,2.8458152365301093,0.35211937090540846,0.3513931569286613,0,0.0,2.8458152365301093,2,8,16,"{""1"": 8029, ""10"": 78, ""11"": 35, ""12"": 56, ""13"": 88, ""14"": 15, ""15"": 15, ""16"": 77, ""2"": 1892, ""3"": 2149, ""4"": 1651, ""5"": 1019, ""6"": 739, ""7"": 523, ""8"": 263, ""9"": 409}",32764,1837,5.606763520937615,187,1.097546660406151,0,0.0,18250,18218,1212,6.652761005598858,64,0.37563094259889657,148,1904,2707,4625,85,4773,10776,1.032,1.837837837837838,1339,4904,262,3862,748,5201,5228,1.3467115484205074,19.368203003625066,13,177.08818469999824,677281792
train,stratum,code,rust,uniq_superbpe_r64,32768,observed,32,56922,56922,56922,22910,2.4845918812745524,0.40248058747057375,0.40248058747057375,0,0.0,2.4845918812745524,1,7,16,"{""1"": 12453, ""10"": 138, ""11"": 102, ""12"": 28, ""13"": 142, ""14"": 3, ""15"": 14, ""16"": 74, ""2"": 2739, ""3"": 2446, ""4"": 1734, ""5"": 1104, ""6"": 1047, ""7"": 469, ""8"": 241, ""9"": 176}",32764,1841,5.618972042485655,219,0.9559144478393714,0,0.0,24983,24951,2073,8.308284237104726,114,0.49759930161501525,170,2519,3735,6228,156,6398,13231,1.027296082209377,2.504816955684008,2693,7639,847,5827,1951,8520,8582,1.4621589153938561,33.48206624334992,13,177.08818469999824,677281792
train,stratum,code,sql,uniq_superbpe_r64,32768,observed,32,36373,36373,36088,14465,2.514552367784307,0.40082575925515407,0.39768509608775743,0,0.0,2.514552367784307,1,8,16,"{""1"": 7751, ""10"": 52, ""11"": 104, ""12"": 8, ""13"": 16, ""14"": 11, ""15"": 20, ""16"": 57, ""2"": 2098, ""3"": 1471, ""4"": 954, ""5"": 532, ""6"": 449, ""7"": 320, ""8"": 329, ""9"": 293}",32764,1438,4.388963496520572,181,1.2512962322848253,0,0.0,15653,15621,1188,7.6051469176109086,283,1.956446595229865,128,1713,2194,3925,119,4053,6655,1.0326114649681528,3.031847133757962,1298,3960,316,3103,558,4401,4498,1.4183048662584596,17.98259748630358,11,177.08818469999824,677281792
train,stratum,code,typescript,uniq_superbpe_r64,32768,observed,32,43989,43989,43698,14576,3.0179061470911086,0.33356217675866173,0.33135556616426837,0,0.0,3.0179061470911086,2,9,16,"{""1"": 6824, ""10"": 103, ""11"": 292, ""12"": 14, ""13"": 34, ""14"": 67, ""15"": 17, ""16"": 19, ""2"": 1626, ""3"": 1471, ""4"": 1213, ""5"": 828, ""6"": 974, ""7"": 635, ""8"": 261, ""9"": 198}",32764,1760,5.371749481137834,189,1.2966520307354557,0,0.0,17051,17019,2475,14.542570068746695,376,2.579582875960483,114,1595,2691,4263,80,4377,8393,1.0267417311752287,1.8766127140511377,1059,3559,726,3292,727,4351,4406,1.321688942891859,22.083839611178615,12,177.08818469999824,677281792
train,stratum,cyrillic_african,am,uniq_superbpe_r64,32768,observed,32,147317,147317,59501,25522,5.772157354439307,0.4289339674963446,0.17324545028747532,0,0.0,5.772157354439307,4,16,28,"{""1"": 3407, ""10"": 2376, ""12"": 313, ""13"": 1486, ""15"": 161, ""16"": 778, ""18"": 54, ""19"": 321, ""2"": 520, ""21"": 10, ""22"": 80, ""24"": 6, ""25"": 26, ""28"": 3, ""3"": 8419, ""4"": 1873, ""5"": 31, ""6"": 2412, ""7"": 2667, ""8"": 2, ""9"": 577}",32764,3072,9.376144548895128,5287,20.715461170754644,0,0.0,25564,25532,42,0.16449945166849445,12,0.0470182587571507,0,1233,9970,11206,0,11206,11206,1.0,0.0,702,2774,33,2105,543,2807,2807,1.3334916864608075,25.795724465558195,19,177.08818469999824,677281792
train,stratum,cyrillic_african,bg,uniq_superbpe_r64,32768,observed,32,102609,102609,58537,20401,5.029606391843537,0.348514614688146,0.19882271535635276,0,0.0,5.029606391843537,4,13,32,"{""1"": 3699, ""10"": 252, ""11"": 635, ""12"": 162, ""13"": 410, ""14"": 55, ""15"": 177, ""16"": 21, ""17"": 208, ""18"": 26, ""19"": 64, ""2"": 2423, ""21"": 108, ""22"": 7, ""23"": 28, ""24"": 3, ""25"": 24, ""26"": 3, ""27"": 20, ""29"": 1, ""3"": 2101, ""31"": 2, ""32"": 2, ""4"": 2447, ""5"": 2713, ""6"": 2071, ""7"": 951, ""8"": 1038, ""9"": 750}",32764,2770,8.454401172018068,2034,9.97009950492623,0,0.0,20469,20437,68,0.3327298527181093,5,0.02450860251948434,0,807,8165,8973,0,8973,8973,1.0,0.0,325,2232,68,1976,258,2301,2303,1.1644736842105263,13.05668016194332,19,177.08818469999824,677281792
train,stratum,cyrillic_african,ru,uniq_superbpe_r64,32768,observed,32,106212,106212,58870,18828,5.6411727214786485,0.31982333956174624,0.1772681052988363,0,0.0,5.6411727214786485,4,15,32,"{""1"": 2866, ""10"": 400, ""11"": 663, ""12"": 183, ""13"": 425, ""14"": 115, ""15"": 312, ""16"": 30, ""17"": 202, ""18"": 33, ""19"": 143, ""2"": 2469, ""20"": 14, ""21"": 165, ""22"": 9, ""23"": 79, ""24"": 8, ""25"": 51, ""27"": 33, ""29"": 9, ""3"": 1651, ""31"": 13, ""32"": 2, ""4"": 2591, ""5"": 1497, ""6"": 2047, ""7"": 1198, ""8"": 1017, ""9"": 603}",32764,2835,8.652789647173726,2399,12.741661355428086,0,0.0,18889,18857,61,0.32348729914620566,3,0.015933715742511154,0,743,7068,7811,0,7811,7811,1.0,0.0,275,1852,62,1640,220,1915,1917,1.1676829268292683,13.414634146341463,23,177.08818469999824,677281792
train,stratum,cyrillic_african,sw,uniq_superbpe_r64,32768,observed,32,62449,62449,62216,23905,2.6123823467893748,0.38422592259225924,0.3827923585645887,26,0.10876385693369588,2.6123823467893748,3,5,11,"{""1"": 5583, ""10"": 24, ""11"": 31, ""2"": 5863, ""3"": 8194, ""4"": 2433, ""5"": 1068, ""6"": 227, ""7"": 372, ""8"": 51, ""9"": 59}",32764,1634,4.987181052374558,306,1.280066931604267,0,0.0,23971,23939,66,0.2757007393792556,9,0.0376490274001255,1,911,8189,9101,1,9102,9106,1.0001098780353808,0.01098780353807274,305,1689,62,1448,263,1753,1753,1.2106353591160222,18.162983425414364,7,177.08818469999824,677281792
train,stratum,cyrillic_african,uk,uniq_superbpe_r64,32768,observed,32,95676,95676,53182,19094,5.010788729443805,0.3590312511752097,0.1995693799908023,0,0.0,5.010788729443805,4,13,31,"{""1"": 3132, ""10"": 343, ""11"": 427, ""12"": 150, ""13"": 346, ""14"": 53, ""15"": 242, ""16"": 20, ""17"": 188, ""18"": 22, ""19"": 87, ""2"": 3274, ""20"": 17, ""21"": 146, ""22"": 9, ""23"": 43, ""24"": 4, ""25"": 22, ""27"": 2, ""29"": 13, ""3"": 1605, ""31"": 13, ""4"": 2829, ""5"": 1551, ""6"": 2135, ""7"": 1011, ""8"": 902, ""9"": 508}",32764,2564,7.825662312293981,2123,11.118676023881848,0,0.0,19201,19169,107,0.5581929156450519,2,0.010474494605635279,0,814,6279,7093,0,7093,7093,1.0,0.0,316,2057,108,1849,283,2165,2167,1.1709031909140075,15.305570578691185,21,177.08818469999824,677281792
train,stratum,cyrillic_african,yo,uniq_superbpe_r64,32768,observed,32,69432,69432,59766,23008,3.017732962447844,0.38496804203058593,0.33137458232515266,0,0.0,3.017732962447844,3,7,16,"{""1"": 5381, ""10"": 68, ""11"": 33, ""12"": 42, ""13"": 10, ""14"": 10, ""15"": 11, ""16"": 34, ""2"": 4647, ""3"": 6492, ""4"": 2556, ""5"": 1700, ""6"": 514, ""7"": 1207, ""8"": 229, ""9"": 74}",32764,1481,4.520205103162007,326,1.4168984700973575,0,0.0,23267,23235,259,1.1146976544006886,208,0.9040333796940194,0,1407,9877,11487,0,11487,11487,1.0,0.0,267,1807,52,1592,237,1859,1859,1.1677135678391959,14.886934673366834,9,177.08818469999824,677281792
train,stratum,indic_cjk_arabic,ar,uniq_superbpe_r64,32768,observed,32,97740,97740,54940,19318,5.059529972046795,0.35161994903531124,0.19764681808880705,580,3.002381198881872,5.059529972046795,4,13,23,"{""1"": 3192, ""10"": 330, ""11"": 564, ""12"": 75, ""13"": 415, ""14"": 54, ""15"": 420, ""16"": 21, ""17"": 168, ""19"": 67, ""2"": 2713, ""21"": 36, ""23"": 21, ""3"": 1339, ""4"": 3012, ""5"": 2316, ""6"": 1561, ""7"": 1577, ""8"": 420, ""9"": 1017}",32764,2550,7.782932486875839,3464,17.93146288435656,0,0.0,19344,19312,26,0.13463131731565867,2,0.01035303861683404,0,932,7905,8838,0,8838,8838,1.0,0.0,331,1733,24,1426,269,1757,1757,1.2321178120617111,18.863955119214587,17,177.08818469999824,677281792
train,stratum,indic_cjk_arabic,bn,uniq_superbpe_r64,32768,observed,32,152004,152004,58399,25444,5.97406068228266,0.4356923919930136,0.16739033183337282,1641,6.449457632447729,5.97406068228266,6,13,36,"{""1"": 3839, ""10"": 1527, ""11"": 8, ""12"": 888, ""13"": 908, ""15"": 150, ""16"": 458, ""18"": 44, ""19"": 147, ""2"": 224, ""21"": 15, ""22"": 70, ""24"": 22, ""25"": 26, ""27"": 4, ""28"": 9, ""3"": 5728, ""31"": 5, ""36"": 2, ""4"": 284, ""5"": 30, ""6"": 5537, ""7"": 4120, ""8"": 7, ""9"": 1392}",32764,1718,5.243560004883409,2125,8.351674265052665,0,0.0,25497,25465,53,0.20812880424111527,8,0.03144159723313945,0,759,7755,8515,0,8515,8515,1.0,0.0,232,1606,54,1429,220,1661,1661,1.1623512946116166,15.395381385584324,19,177.08818469999824,677281792
train,stratum,indic_cjk_arabic,fa,uniq_superbpe_r64,32768,observed,32,93798,93798,52677,16487,5.689209680354218,0.3129828957609583,0.1757713384080684,14,0.08491538788136108,5.689209680354218,5,13,23,"{""1"": 2020, ""10"": 176, ""11"": 1012, ""12"": 57, ""13"": 487, ""14"": 15, ""15"": 304, ""16"": 22, ""17"": 61, ""18"": 5, ""19"": 14, ""2"": 1868, ""20"": 3, ""21"": 3, ""23"": 13, ""3"": 1111, ""4"": 1392, ""5"": 2890, ""6"": 1141, ""7"": 1816, ""8"": 404, ""9"": 1673}",32764,2199,6.711634721035282,2310,14.011039000424576,0,0.0,16511,16479,24,0.14563990533406154,2,0.012130769697337297,0,588,9342,9930,0,9930,9930,1.0,0.0,236,1381,24,1169,191,1405,1405,1.2018819503849445,16.33875106928999,15,177.08818469999824,677281792
train,stratum,indic_cjk_arabic,gu,uniq_superbpe_r64,32768,observed,32,146974,146974,58881,24439,6.013912189533123,0.41505748883340976,0.16628111094479295,1530,6.260485289905479,6.013912189533123,6,13,31,"{""1"": 4154, ""10"": 2021, ""12"": 594, ""13"": 827, ""15"": 146, ""16"": 379, ""18"": 67, ""19"": 128, ""2"": 460, ""21"": 12, ""22"": 36, ""24"": 7, ""25"": 9, ""3"": 3441, ""31"": 2, ""4"": 879, ""5"": 76, ""6"": 5171, ""7"": 4543, ""8"": 9, ""9"": 1478}",32764,1963,5.991331949700891,2204,9.018372273824625,0,0.0,24471,24439,32,0.13093825442939563,9,0.036826384058267526,0,505,9218,9723,0,9723,9723,1.0,0.0,256,1601,29,1374,189,1630,1630,1.1863173216885008,13.755458515283843,18,177.08818469999824,677281792
train,stratum,indic_cjk_arabic,hi,uniq_superbpe_r64,32768,observed,32,153237,153237,61359,24368,6.2884520682862775,0.39713815414201664,0.15902164620816123,1047,4.296618516086671,6.2884520682862775,7,13,27,"{""1"": 3526, ""10"": 1910, ""12"": 482, ""13"": 1248, ""14"": 5, ""15"": 129, ""16"": 298, ""17"": 70, ""18"": 22, ""19"": 91, ""2"": 309, ""21"": 12, ""22"": 32, ""24"": 7, ""25"": 15, ""27"": 2, ""3"": 3672, ""4"": 184, ""5"": 24, ""6"": 4206, ""7"": 6939, ""8"": 2, ""9"": 1183}",32764,2051,6.259919423757783,1875,7.694517399868681,0,0.0,24612,24580,244,0.9926769731489016,138,0.5663164806303349,0,660,11073,11810,0,11810,11810,1.0,0.0,245,1652,40,1447,222,1692,1692,1.1693158258465792,15.342087076710435,17,177.08818469999824,677281792
train,stratum,indic_cjk_arabic,ja,uniq_superbpe_r64,32768,observed,32,142468,142468,61333,37009,3.849550109432841,0.6034108881026528,0.25977061515568406,0,0.0,3.849550109432841,3,12,48,"{""1"": 7761, ""10"": 293, ""11"": 1, ""12"": 2089, ""14"": 4, ""15"": 106, ""18"": 139, ""2"": 2562, ""20"": 13, ""21"": 6, ""25"": 10, ""3"": 17656, ""30"": 5, ""33"": 10, ""37"": 3, ""39"": 6, ""4"": 735, ""40"": 11, ""45"": 2, ""48"": 4, ""5"": 111, ""6"": 3349, ""7"": 247, ""8"": 17, ""9"": 1869}",32764,4072,12.428274935905263,3573,9.654408387149072,0,0.0,37106,37074,97,0.2616388843933754,3,0.008106136345213327,0,1950,2483,4436,0,4436,4436,1.0,0.0,550,4376,256,4082,420,4632,4644,1.1347378735913767,10.289073983341499,12,177.08818469999824,677281792
train,stratum,indic_cjk_arabic,kn,uniq_superbpe_r64,32768,observed,32,153841,153841,60531,27236,5.648443236892349,0.4499512646412582,0.17703993083768307,321,1.178587164047584,5.648443236892349,6,10,19,"{""1"": 3686, ""10"": 1730, ""11"": 1, ""12"": 447, ""13"": 309, ""15"": 44, ""16"": 40, ""18"": 4, ""19"": 2, ""2"": 822, ""3"": 3354, ""4"": 505, ""5"": 47, ""6"": 10409, ""7"": 3438, ""8"": 10, ""9"": 2388}",32764,2114,6.452203638139421,2054,7.541489205463357,0,0.0,27269,27237,33,0.12115871792047582,8,0.029372888823615804,0,665,6578,7243,0,7243,7243,1.0,0.0,239,1630,32,1423,205,1662,1662,1.167955024595924,14.406184118060436,13,177.08818469999824,677281792
train,stratum,indic_cjk_arabic,ko,uniq_superbpe_r64,32768,observed,32,118352,118352,51206,30656,3.8606471816283925,0.5986798422059915,0.2590239286197107,5,0.016310020876826724,3.8606471816283925,3,10,27,"{""1"": 5616, ""10"": 1231, ""12"": 497, ""13"": 15, ""15"": 40, ""2"": 730, ""27"": 2, ""3"": 13070, ""4"": 4067, ""5"": 24, ""6"": 1811, ""7"": 3142, ""8"": 4, ""9"": 407}",32764,2695,8.225491392992309,2910,9.492432150313153,0,0.0,30770,30738,114,0.37087643958618,2,0.006524008350730689,1,2090,8963,11052,1,11053,11053,1.0000904813608396,0.009048136083966703,489,2819,113,2443,386,2932,2934,1.2001637331150226,15.800245599672534,12,177.08818469999824,677281792
train,stratum,indic_cjk_arabic,ml,uniq_superbpe_r64,32768,observed,32,137273,137273,52226,19944,6.882922182109907,0.3818787577068893,0.14528712856861875,834,4.1817087845968715,6.882922182109907,6,16,43,"{""1"": 3072, ""10"": 515, ""12"": 1836, ""13"": 352, ""15"": 686, ""16"": 405, ""18"": 169, ""19"": 209, ""2"": 361, ""21"": 107, ""22"": 62, ""24"": 48, ""25"": 53, ""27"": 23, ""28"": 23, ""3"": 2673, ""30"": 3, ""31"": 13, ""34"": 5, ""4"": 625, ""43"": 2, ""5"": 54, ""6"": 4842, ""7"": 2126, ""8"": 7, ""9"": 1673}",32764,1830,5.585398608228544,2210,11.081026875250702,0,0.0,19986,19954,42,0.21048411346096021,26,0.13036502206177297,0,414,4782,5197,0,5197,5197,1.0,0.0,205,1337,41,1173,171,1378,1378,1.174765558397272,14.578005115089514,22,177.08818469999824,677281792
train,stratum,indic_cjk_arabic,mr,uniq_superbpe_r64,32768,observed,32,145113,145113,56571,22637,6.410434244820427,0.40015202135369715,0.15599567233810893,810,3.5782126606882536,6.410434244820427,6,15,34,"{""1"": 3289, ""10"": 1491, ""11"": 1, ""12"": 1104, ""13"": 643, ""15"": 332, ""16"": 449, ""18"": 85, ""19"": 213, ""2"": 365, ""21"": 36, ""22"": 80, ""24"": 6, ""25"": 35, ""27"": 2, ""3"": 3698, ""30"": 2, ""33"": 3, ""34"": 3, ""4"": 269, ""5"": 52, ""6"": 5397, ""7"": 3786, ""8"": 3, ""9"": 1293}",32764,2166,6.610914418263948,1868,8.251976852056368,0,0.0,22693,22661,56,0.24712060368033184,13,0.05742810443079913,0,556,7223,7780,0,7780,7780,1.0,0.0,227,1492,55,1323,187,1550,1551,1.1715797430083144,14.134542705971278,19,177.08818469999824,677281792
train,stratum,indic_cjk_arabic,ta,uniq_superbpe_r64,32768,observed,32,140738,140738,53567,23262,6.050124666838621,0.4342598988183023,0.16528585030340065,84,0.3611039463502708,6.050124666838621,6,10,19,"{""1"": 2888, ""10"": 1921, ""12"": 237, ""13"": 390, ""15"": 18, ""16"": 36, ""19"": 2, ""2"": 309, ""3"": 1866, ""4"": 123, ""5"": 43, ""6"": 10322, ""7"": 2487, ""8"": 2, ""9"": 2618}",32764,1369,4.178366499816872,1407,6.048491101367036,0,0.0,23314,23282,52,0.22334850957821492,18,0.07737941707505804,0,563,5228,5791,0,5791,5791,1.0,0.0,431,1738,47,1357,296,1788,1788,1.3176123802505526,21.812822402358144,13,177.08818469999824,677281792
train,stratum,indic_cjk_arabic,te,uniq_superbpe_r64,32768,observed,32,158103,158103,60933,24949,6.337047577057197,0.40944972346675856,0.15780219224176645,513,2.0561946370596016,6.337047577057197,6,15,28,"{""1"": 3783, ""10"": 1032, ""11"": 9, ""12"": 1114, ""13"": 510, ""15"": 336, ""16"": 553, ""18"": 131, ""19"": 124, ""2"": 373, ""21"": 24, ""22"": 70, ""24"": 12, ""25"": 28, ""27"": 2, ""28"": 2, ""3"": 2597, ""4"": 365, ""5"": 32, ""6"": 8502, ""7"": 3578, ""8"": 4, ""9"": 1768}",32764,1927,5.881455255768526,2217,8.886127700509038,0,0.0,25005,24973,56,0.22424218155608056,2,0.008016353360856146,0,908,6580,7488,0,7488,7488,1.0,0.0,359,1884,54,1580,301,1939,1939,1.2272151898734178,19.050632911392405,19,177.08818469999824,677281792
train,stratum,indic_cjk_arabic,ur,uniq_superbpe_r64,32768,observed,32,112341,112341,64366,20904,5.3741389207807115,0.3247677345182239,0.18607632120063022,312,1.492537313432836,5.3741389207807115,5,11,21,"{""1"": 2433, ""10"": 165, ""11"": 918, ""12"": 138, ""13"": 470, ""14"": 6, ""15"": 164, ""16"": 6, ""17"": 36, ""19"": 25, ""2"": 2772, ""20"": 2, ""21"": 11, ""3"": 895, ""4"": 1851, ""5"": 4873, ""6"": 1000, ""7"": 2852, ""8"": 149, ""9"": 2138}",32764,2457,7.499084360883897,2318,11.088786835055492,0,0.0,21109,21077,205,0.9726241875029653,189,0.9041331802525833,0,825,12532,13545,0,13545,13545,1.0,0.0,248,1757,18,1527,229,1775,1777,1.1624099541584807,14.996725605762935,15,177.08818469999824,677281792
train,stratum,indic_cjk_arabic,zh,uniq_superbpe_r64,32768,observed,32,130086,130086,53452,39101,3.3269225851001254,0.7315161266182744,0.3005780791168919,4,0.010229917393417049,3.3269225851001254,3,9,39,"{""1"": 6169, ""10"": 166, ""12"": 1066, ""15"": 3, ""16"": 2, ""18"": 4, ""2"": 1669, ""21"": 2, ""3"": 25281, ""39"": 2, ""4"": 514, ""5"": 68, ""6"": 2997, ""7"": 389, ""8"": 7, ""9"": 762}",32764,4099,12.510682456354536,3734,9.549627886754815,0,0.0,39528,39496,427,1.08112213895078,1,0.002557479348354262,0,1729,2024,3755,0,3755,3755,1.0,0.0,365,3426,170,3235,285,3600,3602,1.1128284389489953,8.809891808346213,12,177.08818469999824,677281792
train,stratum,latin_english,en,uniq_superbpe_r64,32768,observed,32,59492,59492,59076,20630,2.88376151236064,0.34921118559144154,0.3467693135211457,0,0.0,2.88376151236064,3,6,15,"{""1"": 5483, ""10"": 83, ""11"": 85, ""12"": 14, ""13"": 3, ""15"": 6, ""2"": 3647, ""3"": 5593, ""4"": 3101, ""5"": 1334, ""6"": 562, ""7"": 403, ""8"": 237, ""9"": 79}",32764,2378,7.257966060310096,511,2.4769752787203103,0,0.0,20867,20835,237,1.1375089992800576,158,0.7658749394086282,3,1384,7763,9298,3,9301,9301,1.000322650032265,0.032265003226500326,332,2015,80,1764,266,2096,2096,1.1882086167800454,15.079365079365079,9,177.08818469999824,677281792
train,language,,am,uniq_superbpe_r64,32768,observed,32,147317,147317,59501,25522,5.772157354439307,0.4289339674963446,0.17324545028747532,0,0.0,5.772157354439307,4,16,28,"{""1"": 3407, ""10"": 2376, ""12"": 313, ""13"": 1486, ""15"": 161, ""16"": 778, ""18"": 54, ""19"": 321, ""2"": 520, ""21"": 10, ""22"": 80, ""24"": 6, ""25"": 26, ""28"": 3, ""3"": 8419, ""4"": 1873, ""5"": 31, ""6"": 2412, ""7"": 2667, ""8"": 2, ""9"": 577}",32764,3072,9.376144548895128,5287,20.715461170754644,0,0.0,25564,25532,42,0.16449945166849445,12,0.0470182587571507,0,1233,9970,11206,0,11206,11206,1.0,0.0,702,2774,33,2105,543,2807,2807,1.3334916864608075,25.795724465558195,19,177.08818469999824,677281792
train,language,,ar,uniq_superbpe_r64,32768,observed,32,97740,97740,54940,19318,5.059529972046795,0.35161994903531124,0.19764681808880705,580,3.002381198881872,5.059529972046795,4,13,23,"{""1"": 3192, ""10"": 330, ""11"": 564, ""12"": 75, ""13"": 415, ""14"": 54, ""15"": 420, ""16"": 21, ""17"": 168, ""19"": 67, ""2"": 2713, ""21"": 36, ""23"": 21, ""3"": 1339, ""4"": 3012, ""5"": 2316, ""6"": 1561, ""7"": 1577, ""8"": 420, ""9"": 1017}",32764,2550,7.782932486875839,3464,17.93146288435656,0,0.0,19344,19312,26,0.13463131731565867,2,0.01035303861683404,0,932,7905,8838,0,8838,8838,1.0,0.0,331,1733,24,1426,269,1757,1757,1.2321178120617111,18.863955119214587,17,177.08818469999824,677281792
train,language,,bg,uniq_superbpe_r64,32768,observed,32,102609,102609,58537,20401,5.029606391843537,0.348514614688146,0.19882271535635276,0,0.0,5.029606391843537,4,13,32,"{""1"": 3699, ""10"": 252, ""11"": 635, ""12"": 162, ""13"": 410, ""14"": 55, ""15"": 177, ""16"": 21, ""17"": 208, ""18"": 26, ""19"": 64, ""2"": 2423, ""21"": 108, ""22"": 7, ""23"": 28, ""24"": 3, ""25"": 24, ""26"": 3, ""27"": 20, ""29"": 1, ""3"": 2101, ""31"": 2, ""32"": 2, ""4"": 2447, ""5"": 2713, ""6"": 2071, ""7"": 951, ""8"": 1038, ""9"": 750}",32764,2770,8.454401172018068,2034,9.97009950492623,0,0.0,20469,20437,68,0.3327298527181093,5,0.02450860251948434,0,807,8165,8973,0,8973,8973,1.0,0.0,325,2232,68,1976,258,2301,2303,1.1644736842105263,13.05668016194332,19,177.08818469999824,677281792
train,language,,bn,uniq_superbpe_r64,32768,observed,32,152004,152004,58399,25444,5.97406068228266,0.4356923919930136,0.16739033183337282,1641,6.449457632447729,5.97406068228266,6,13,36,"{""1"": 3839, ""10"": 1527, ""11"": 8, ""12"": 888, ""13"": 908, ""15"": 150, ""16"": 458, ""18"": 44, ""19"": 147, ""2"": 224, ""21"": 15, ""22"": 70, ""24"": 22, ""25"": 26, ""27"": 4, ""28"": 9, ""3"": 5728, ""31"": 5, ""36"": 2, ""4"": 284, ""5"": 30, ""6"": 5537, ""7"": 4120, ""8"": 7, ""9"": 1392}",32764,1718,5.243560004883409,2125,8.351674265052665,0,0.0,25497,25465,53,0.20812880424111527,8,0.03144159723313945,0,759,7755,8515,0,8515,8515,1.0,0.0,232,1606,54,1429,220,1661,1661,1.1623512946116166,15.395381385584324,19,177.08818469999824,677281792
train,language,,c,uniq_superbpe_r64,32768,observed,32,51063,51063,51060,19190,2.6609171443460133,0.3758323540932237,0.3758102735836124,0,0.0,2.6609171443460133,1,8,16,"{""1"": 9832, ""10"": 228, ""11"": 156, ""12"": 95, ""13"": 88, ""14"": 17, ""15"": 34, ""16"": 69, ""2"": 2716, ""3"": 2071, ""4"": 1428, ""5"": 747, ""6"": 694, ""7"": 482, ""8"": 328, ""9"": 205}",32764,1820,5.554877304358442,191,0.9953100573215217,0,0.0,21206,21174,2016,9.521110796259563,299,1.5581031787389266,344,2252,3791,5926,273,6270,9740,1.0580492743840701,4.6068174147823155,1956,5159,715,4093,567,6049,6116,1.477889078915221,13.85291961886147,13,177.08818469999824,677281792
train,language,,cpp,uniq_superbpe_r64,32768,observed,32,54217,54217,54213,19588,2.7678680824994895,0.36131555162046003,0.3612888946271465,0,0.0,2.7678680824994895,1,9,16,"{""1"": 9946, ""10"": 252, ""11"": 95, ""12"": 123, ""13"": 119, ""14"": 23, ""15"": 29, ""16"": 100, ""2"": 2604, ""3"": 1987, ""4"": 1390, ""5"": 984, ""6"": 796, ""7"": 520, ""8"": 319, ""9"": 301}",32764,1946,5.939445733121719,195,0.9955074535429855,0,0.0,21566,21534,1978,9.185474133927743,306,1.5621809270982234,290,2167,3237,5352,211,5642,9575,1.054185351270553,3.9424514200298955,1707,5271,686,4478,966,6185,6268,1.3811969629298795,21.572130415364,13,177.08818469999824,677281792
train,language,,en,uniq_superbpe_r64,32768,observed,32,59492,59492,59076,20630,2.88376151236064,0.34921118559144154,0.3467693135211457,0,0.0,2.88376151236064,3,6,15,"{""1"": 5483, ""10"": 83, ""11"": 85, ""12"": 14, ""13"": 3, ""15"": 6, ""2"": 3647, ""3"": 5593, ""4"": 3101, ""5"": 1334, ""6"": 562, ""7"": 403, ""8"": 237, ""9"": 79}",32764,2378,7.257966060310096,511,2.4769752787203103,0,0.0,20867,20835,237,1.1375089992800576,158,0.7658749394086282,3,1384,7763,9298,3,9301,9301,1.000322650032265,0.032265003226500326,332,2015,80,1764,266,2096,2096,1.1882086167800454,15.079365079365079,9,177.08818469999824,677281792
train,language,,fa,uniq_superbpe_r64,32768,observed,32,93798,93798,52677,16487,5.689209680354218,0.3129828957609583,0.1757713384080684,14,0.08491538788136108,5.689209680354218,5,13,23,"{""1"": 2020, ""10"": 176, ""11"": 1012, ""12"": 57, ""13"": 487, ""14"": 15, ""15"": 304, ""16"": 22, ""17"": 61, ""18"": 5, ""19"": 14, ""2"": 1868, ""20"": 3, ""21"": 3, ""23"": 13, ""3"": 1111, ""4"": 1392, ""5"": 2890, ""6"": 1141, ""7"": 1816, ""8"": 404, ""9"": 1673}",32764,2199,6.711634721035282,2310,14.011039000424576,0,0.0,16511,16479,24,0.14563990533406154,2,0.012130769697337297,0,588,9342,9930,0,9930,9930,1.0,0.0,236,1381,24,1169,191,1405,1405,1.2018819503849445,16.33875106928999,15,177.08818469999824,677281792
train,language,,go,uniq_superbpe_r64,32768,observed,32,56813,56813,56813,21774,2.6092128226324975,0.38325735307060005,0.38325735307060005,0,0.0,2.6092128226324975,2,7,16,"{""1"": 10504, ""10"": 159, ""11"": 81, ""12"": 72, ""13"": 6, ""14"": 27, ""15"": 21, ""16"": 27, ""2"": 3106, ""3"": 2822, ""4"": 1854, ""5"": 879, ""6"": 991, ""7"": 647, ""8"": 405, ""9"": 173}",32764,1848,5.6403369551947256,291,1.3364563240562137,0,0.0,22403,22371,629,2.8116758303160343,115,0.5281528428400845,102,3032,3343,6386,85,6488,9031,1.0159724397118697,1.3310366426558096,1030,6011,341,5404,868,6434,6454,1.19059955588453,16.06217616580311,11,177.08818469999824,677281792
train,language,,gu,uniq_superbpe_r64,32768,observed,32,146974,146974,58881,24439,6.013912189533123,0.41505748883340976,0.16628111094479295,1530,6.260485289905479,6.013912189533123,6,13,31,"{""1"": 4154, ""10"": 2021, ""12"": 594, ""13"": 827, ""15"": 146, ""16"": 379, ""18"": 67, ""19"": 128, ""2"": 460, ""21"": 12, ""22"": 36, ""24"": 7, ""25"": 9, ""3"": 3441, ""31"": 2, ""4"": 879, ""5"": 76, ""6"": 5171, ""7"": 4543, ""8"": 9, ""9"": 1478}",32764,1963,5.991331949700891,2204,9.018372273824625,0,0.0,24471,24439,32,0.13093825442939563,9,0.036826384058267526,0,505,9218,9723,0,9723,9723,1.0,0.0,256,1601,29,1374,189,1630,1630,1.1863173216885008,13.755458515283843,18,177.08818469999824,677281792
train,language,,hi,uniq_superbpe_r64,32768,observed,32,153237,153237,61359,24368,6.2884520682862775,0.39713815414201664,0.15902164620816123,1047,4.296618516086671,6.2884520682862775,7,13,27,"{""1"": 3526, ""10"": 1910, ""12"": 482, ""13"": 1248, ""14"": 5, ""15"": 129, ""16"": 298, ""17"": 70, ""18"": 22, ""19"": 91, ""2"": 309, ""21"": 12, ""22"": 32, ""24"": 7, ""25"": 15, ""27"": 2, ""3"": 3672, ""4"": 184, ""5"": 24, ""6"": 4206, ""7"": 6939, ""8"": 2, ""9"": 1183}",32764,2051,6.259919423757783,1875,7.694517399868681,0,0.0,24612,24580,244,0.9926769731489016,138,0.5663164806303349,0,660,11073,11810,0,11810,11810,1.0,0.0,245,1652,40,1447,222,1692,1692,1.1693158258465792,15.342087076710435,17,177.08818469999824,677281792
train,language,,ja,uniq_superbpe_r64,32768,observed,32,142468,142468,61333,37009,3.849550109432841,0.6034108881026528,0.25977061515568406,0,0.0,3.849550109432841,3,12,48,"{""1"": 7761, ""10"": 293, ""11"": 1, ""12"": 2089, ""14"": 4, ""15"": 106, ""18"": 139, ""2"": 2562, ""20"": 13, ""21"": 6, ""25"": 10, ""3"": 17656, ""30"": 5, ""33"": 10, ""37"": 3, ""39"": 6, ""4"": 735, ""40"": 11, ""45"": 2, ""48"": 4, ""5"": 111, ""6"": 3349, ""7"": 247, ""8"": 17, ""9"": 1869}",32764,4072,12.428274935905263,3573,9.654408387149072,0,0.0,37106,37074,97,0.2616388843933754,3,0.008106136345213327,0,1950,2483,4436,0,4436,4436,1.0,0.0,550,4376,256,4082,420,4632,4644,1.1347378735913767,10.289073983341499,12,177.08818469999824,677281792
train,language,,java,uniq_superbpe_r64,32768,observed,32,43999,43999,43605,13928,3.1590321654221714,0.31941291136337574,0.31655264892383916,0,0.0,3.1590321654221714,2,9,16,"{""1"": 6288, ""10"": 254, ""11"": 155, ""12"": 66, ""13"": 75, ""14"": 29, ""15"": 43, ""16"": 69, ""2"": 1403, ""3"": 1645, ""4"": 1353, ""5"": 694, ""6"": 818, ""7"": 510, ""8"": 291, ""9"": 235}",32764,1653,5.04517152972775,168,1.2062033314187248,0,0.0,15371,15339,1443,9.407392920007823,279,2.0031591039632395,186,1419,2428,3775,170,3961,7594,1.049271523178808,4.503311258278146,805,3468,497,3273,482,4078,4145,1.245951726245035,14.726550565230676,14,177.08818469999824,677281792
train,language,,javascript,uniq_superbpe_r64,32768,observed,32,38980,38980,38152,15990,2.437773608505316,0.41911302159781927,0.4102103642893792,0,0.0,2.437773608505316,1,7,16,"{""1"": 8651, ""10"": 106, ""11"": 69, ""12"": 25, ""13"": 62, ""14"": 3, ""15"": 5, ""16"": 23, ""2"": 2266, ""3"": 1688, ""4"": 908, ""5"": 737, ""6"": 666, ""7"": 387, ""8"": 245, ""9"": 149}",32764,1640,5.005493834696618,287,1.794871794871795,0,0.0,17650,17618,1660,9.422181859461913,154,0.9631019387116948,143,1678,2040,3702,102,3845,7448,1.0386277687736358,2.755267423014587,1650,5200,567,4230,1247,5880,5941,1.3900709219858156,29.479905437352247,11,177.08818469999824,677281792
train,language,,kn,uniq_superbpe_r64,32768,observed,32,153841,153841,60531,27236,5.648443236892349,0.4499512646412582,0.17703993083768307,321,1.178587164047584,5.648443236892349,6,10,19,"{""1"": 3686, ""10"": 1730, ""11"": 1, ""12"": 447, ""13"": 309, ""15"": 44, ""16"": 40, ""18"": 4, ""19"": 2, ""2"": 822, ""3"": 3354, ""4"": 505, ""5"": 47, ""6"": 10409, ""7"": 3438, ""8"": 10, ""9"": 2388}",32764,2114,6.452203638139421,2054,7.541489205463357,0,0.0,27269,27237,33,0.12115871792047582,8,0.029372888823615804,0,665,6578,7243,0,7243,7243,1.0,0.0,239,1630,32,1423,205,1662,1662,1.167955024595924,14.406184118060436,13,177.08818469999824,677281792
train,language,,ko,uniq_superbpe_r64,32768,observed,32,118352,118352,51206,30656,3.8606471816283925,0.5986798422059915,0.2590239286197107,5,0.016310020876826724,3.8606471816283925,3,10,27,"{""1"": 5616, ""10"": 1231, ""12"": 497, ""13"": 15, ""15"": 40, ""2"": 730, ""27"": 2, ""3"": 13070, ""4"": 4067, ""5"": 24, ""6"": 1811, ""7"": 3142, ""8"": 4, ""9"": 407}",32764,2695,8.225491392992309,2910,9.492432150313153,0,0.0,30770,30738,114,0.37087643958618,2,0.006524008350730689,1,2090,8963,11052,1,11053,11053,1.0000904813608396,0.009048136083966703,489,2819,113,2443,386,2932,2934,1.2001637331150226,15.800245599672534,12,177.08818469999824,677281792
train,language,,ml,uniq_superbpe_r64,32768,observed,32,137273,137273,52226,19944,6.882922182109907,0.3818787577068893,0.14528712856861875,834,4.1817087845968715,6.882922182109907,6,16,43,"{""1"": 3072, ""10"": 515, ""12"": 1836, ""13"": 352, ""15"": 686, ""16"": 405, ""18"": 169, ""19"": 209, ""2"": 361, ""21"": 107, ""22"": 62, ""24"": 48, ""25"": 53, ""27"": 23, ""28"": 23, ""3"": 2673, ""30"": 3, ""31"": 13, ""34"": 5, ""4"": 625, ""43"": 2, ""5"": 54, ""6"": 4842, ""7"": 2126, ""8"": 7, ""9"": 1673}",32764,1830,5.585398608228544,2210,11.081026875250702,0,0.0,19986,19954,42,0.21048411346096021,26,0.13036502206177297,0,414,4782,5197,0,5197,5197,1.0,0.0,205,1337,41,1173,171,1378,1378,1.174765558397272,14.578005115089514,22,177.08818469999824,677281792
train,language,,mr,uniq_superbpe_r64,32768,observed,32,145113,145113,56571,22637,6.410434244820427,0.40015202135369715,0.15599567233810893,810,3.5782126606882536,6.410434244820427,6,15,34,"{""1"": 3289, ""10"": 1491, ""11"": 1, ""12"": 1104, ""13"": 643, ""15"": 332, ""16"": 449, ""18"": 85, ""19"": 213, ""2"": 365, ""21"": 36, ""22"": 80, ""24"": 6, ""25"": 35, ""27"": 2, ""3"": 3698, ""30"": 2, ""33"": 3, ""34"": 3, ""4"": 269, ""5"": 52, ""6"": 5397, ""7"": 3786, ""8"": 3, ""9"": 1293}",32764,2166,6.610914418263948,1868,8.251976852056368,0,0.0,22693,22661,56,0.24712060368033184,13,0.05742810443079913,0,556,7223,7780,0,7780,7780,1.0,0.0,227,1492,55,1323,187,1550,1551,1.1715797430083144,14.134542705971278,19,177.08818469999824,677281792
train,language,,python,uniq_superbpe_r64,32768,observed,32,48487,48487,48387,17038,2.8458152365301093,0.35211937090540846,0.3513931569286613,0,0.0,2.8458152365301093,2,8,16,"{""1"": 8029, ""10"": 78, ""11"": 35, ""12"": 56, ""13"": 88, ""14"": 15, ""15"": 15, ""16"": 77, ""2"": 1892, ""3"": 2149, ""4"": 1651, ""5"": 1019, ""6"": 739, ""7"": 523, ""8"": 263, ""9"": 409}",32764,1837,5.606763520937615,187,1.097546660406151,0,0.0,18250,18218,1212,6.652761005598858,64,0.37563094259889657,148,1904,2707,4625,85,4773,10776,1.032,1.837837837837838,1339,4904,262,3862,748,5201,5228,1.3467115484205074,19.368203003625066,13,177.08818469999824,677281792
train,language,,ru,uniq_superbpe_r64,32768,observed,32,106212,106212,58870,18828,5.6411727214786485,0.31982333956174624,0.1772681052988363,0,0.0,5.6411727214786485,4,15,32,"{""1"": 2866, ""10"": 400, ""11"": 663, ""12"": 183, ""13"": 425, ""14"": 115, ""15"": 312, ""16"": 30, ""17"": 202, ""18"": 33, ""19"": 143, ""2"": 2469, ""20"": 14, ""21"": 165, ""22"": 9, ""23"": 79, ""24"": 8, ""25"": 51, ""27"": 33, ""29"": 9, ""3"": 1651, ""31"": 13, ""32"": 2, ""4"": 2591, ""5"": 1497, ""6"": 2047, ""7"": 1198, ""8"": 1017, ""9"": 603}",32764,2835,8.652789647173726,2399,12.741661355428086,0,0.0,18889,18857,61,0.32348729914620566,3,0.015933715742511154,0,743,7068,7811,0,7811,7811,1.0,0.0,275,1852,62,1640,220,1915,1917,1.1676829268292683,13.414634146341463,23,177.08818469999824,677281792
train,language,,rust,uniq_superbpe_r64,32768,observed,32,56922,56922,56922,22910,2.4845918812745524,0.40248058747057375,0.40248058747057375,0,0.0,2.4845918812745524,1,7,16,"{""1"": 12453, ""10"": 138, ""11"": 102, ""12"": 28, ""13"": 142, ""14"": 3, ""15"": 14, ""16"": 74, ""2"": 2739, ""3"": 2446, ""4"": 1734, ""5"": 1104, ""6"": 1047, ""7"": 469, ""8"": 241, ""9"": 176}",32764,1841,5.618972042485655,219,0.9559144478393714,0,0.0,24983,24951,2073,8.308284237104726,114,0.49759930161501525,170,2519,3735,6228,156,6398,13231,1.027296082209377,2.504816955684008,2693,7639,847,5827,1951,8520,8582,1.4621589153938561,33.48206624334992,13,177.08818469999824,677281792
train,language,,sql,uniq_superbpe_r64,32768,observed,32,36373,36373,36088,14465,2.514552367784307,0.40082575925515407,0.39768509608775743,0,0.0,2.514552367784307,1,8,16,"{""1"": 7751, ""10"": 52, ""11"": 104, ""12"": 8, ""13"": 16, ""14"": 11, ""15"": 20, ""16"": 57, ""2"": 2098, ""3"": 1471, ""4"": 954, ""5"": 532, ""6"": 449, ""7"": 320, ""8"": 329, ""9"": 293}",32764,1438,4.388963496520572,181,1.2512962322848253,0,0.0,15653,15621,1188,7.6051469176109086,283,1.956446595229865,128,1713,2194,3925,119,4053,6655,1.0326114649681528,3.031847133757962,1298,3960,316,3103,558,4401,4498,1.4183048662584596,17.98259748630358,11,177.08818469999824,677281792
train,language,,sw,uniq_superbpe_r64,32768,observed,32,62449,62449,62216,23905,2.6123823467893748,0.38422592259225924,0.3827923585645887,26,0.10876385693369588,2.6123823467893748,3,5,11,"{""1"": 5583, ""10"": 24, ""11"": 31, ""2"": 5863, ""3"": 8194, ""4"": 2433, ""5"": 1068, ""6"": 227, ""7"": 372, ""8"": 51, ""9"": 59}",32764,1634,4.987181052374558,306,1.280066931604267,0,0.0,23971,23939,66,0.2757007393792556,9,0.0376490274001255,1,911,8189,9101,1,9102,9106,1.0001098780353808,0.01098780353807274,305,1689,62,1448,263,1753,1753,1.2106353591160222,18.162983425414364,7,177.08818469999824,677281792
train,language,,ta,uniq_superbpe_r64,32768,observed,32,140738,140738,53567,23262,6.050124666838621,0.4342598988183023,0.16528585030340065,84,0.3611039463502708,6.050124666838621,6,10,19,"{""1"": 2888, ""10"": 1921, ""12"": 237, ""13"": 390, ""15"": 18, ""16"": 36, ""19"": 2, ""2"": 309, ""3"": 1866, ""4"": 123, ""5"": 43, ""6"": 10322, ""7"": 2487, ""8"": 2, ""9"": 2618}",32764,1369,4.178366499816872,1407,6.048491101367036,0,0.0,23314,23282,52,0.22334850957821492,18,0.07737941707505804,0,563,5228,5791,0,5791,5791,1.0,0.0,431,1738,47,1357,296,1788,1788,1.3176123802505526,21.812822402358144,13,177.08818469999824,677281792
train,language,,te,uniq_superbpe_r64,32768,observed,32,158103,158103,60933,24949,6.337047577057197,0.40944972346675856,0.15780219224176645,513,2.0561946370596016,6.337047577057197,6,15,28,"{""1"": 3783, ""10"": 1032, ""11"": 9, ""12"": 1114, ""13"": 510, ""15"": 336, ""16"": 553, ""18"": 131, ""19"": 124, ""2"": 373, ""21"": 24, ""22"": 70, ""24"": 12, ""25"": 28, ""27"": 2, ""28"": 2, ""3"": 2597, ""4"": 365, ""5"": 32, ""6"": 8502, ""7"": 3578, ""8"": 4, ""9"": 1768}",32764,1927,5.881455255768526,2217,8.886127700509038,0,0.0,25005,24973,56,0.22424218155608056,2,0.008016353360856146,0,908,6580,7488,0,7488,7488,1.0,0.0,359,1884,54,1580,301,1939,1939,1.2272151898734178,19.050632911392405,19,177.08818469999824,677281792
train,language,,typescript,uniq_superbpe_r64,32768,observed,32,43989,43989,43698,14576,3.0179061470911086,0.33356217675866173,0.33135556616426837,0,0.0,3.0179061470911086,2,9,16,"{""1"": 6824, ""10"": 103, ""11"": 292, ""12"": 14, ""13"": 34, ""14"": 67, ""15"": 17, ""16"": 19, ""2"": 1626, ""3"": 1471, ""4"": 1213, ""5"": 828, ""6"": 974, ""7"": 635, ""8"": 261, ""9"": 198}",32764,1760,5.371749481137834,189,1.2966520307354557,0,0.0,17051,17019,2475,14.542570068746695,376,2.579582875960483,114,1595,2691,4263,80,4377,8393,1.0267417311752287,1.8766127140511377,1059,3559,726,3292,727,4351,4406,1.321688942891859,22.083839611178615,12,177.08818469999824,677281792
train,language,,uk,uniq_superbpe_r64,32768,observed,32,95676,95676,53182,19094,5.010788729443805,0.3590312511752097,0.1995693799908023,0,0.0,5.010788729443805,4,13,31,"{""1"": 3132, ""10"": 343, ""11"": 427, ""12"": 150, ""13"": 346, ""14"": 53, ""15"": 242, ""16"": 20, ""17"": 188, ""18"": 22, ""19"": 87, ""2"": 3274, ""20"": 17, ""21"": 146, ""22"": 9, ""23"": 43, ""24"": 4, ""25"": 22, ""27"": 2, ""29"": 13, ""3"": 1605, ""31"": 13, ""4"": 2829, ""5"": 1551, ""6"": 2135, ""7"": 1011, ""8"": 902, ""9"": 508}",32764,2564,7.825662312293981,2123,11.118676023881848,0,0.0,19201,19169,107,0.5581929156450519,2,0.010474494605635279,0,814,6279,7093,0,7093,7093,1.0,0.0,316,2057,108,1849,283,2165,2167,1.1709031909140075,15.305570578691185,21,177.08818469999824,677281792
train,language,,ur,uniq_superbpe_r64,32768,observed,32,112341,112341,64366,20904,5.3741389207807115,0.3247677345182239,0.18607632120063022,312,1.492537313432836,5.3741389207807115,5,11,21,"{""1"": 2433, ""10"": 165, ""11"": 918, ""12"": 138, ""13"": 470, ""14"": 6, ""15"": 164, ""16"": 6, ""17"": 36, ""19"": 25, ""2"": 2772, ""20"": 2, ""21"": 11, ""3"": 895, ""4"": 1851, ""5"": 4873, ""6"": 1000, ""7"": 2852, ""8"": 149, ""9"": 2138}",32764,2457,7.499084360883897,2318,11.088786835055492,0,0.0,21109,21077,205,0.9726241875029653,189,0.9041331802525833,0,825,12532,13545,0,13545,13545,1.0,0.0,248,1757,18,1527,229,1775,1777,1.1624099541584807,14.996725605762935,15,177.08818469999824,677281792
train,language,,yo,uniq_superbpe_r64,32768,observed,32,69432,69432,59766,23008,3.017732962447844,0.38496804203058593,0.33137458232515266,0,0.0,3.017732962447844,3,7,16,"{""1"": 5381, ""10"": 68, ""11"": 33, ""12"": 42, ""13"": 10, ""14"": 10, ""15"": 11, ""16"": 34, ""2"": 4647, ""3"": 6492, ""4"": 2556, ""5"": 1700, ""6"": 514, ""7"": 1207, ""8"": 229, ""9"": 74}",32764,1481,4.520205103162007,326,1.4168984700973575,0,0.0,23267,23235,259,1.1146976544006886,208,0.9040333796940194,0,1407,9877,11487,0,11487,11487,1.0,0.0,267,1807,52,1592,237,1859,1859,1.1677135678391959,14.886934673366834,9,177.08818469999824,677281792
train,language,,zh,uniq_superbpe_r64,32768,observed,32,130086,130086,53452,39101,3.3269225851001254,0.7315161266182744,0.3005780791168919,4,0.010229917393417049,3.3269225851001254,3,9,39,"{""1"": 6169, ""10"": 166, ""12"": 1066, ""15"": 3, ""16"": 2, ""18"": 4, ""2"": 1669, ""21"": 2, ""3"": 25281, ""39"": 2, ""4"": 514, ""5"": 68, ""6"": 2997, ""7"": 389, ""8"": 7, ""9"": 762}",32764,4099,12.510682456354536,3734,9.549627886754815,0,0.0,39528,39496,427,1.08112213895078,1,0.002557479348354262,0,1729,2024,3755,0,3755,3755,1.0,0.0,365,3426,170,3235,285,3600,3602,1.1128284389489953,8.809891808346213,12,177.08818469999824,677281792
train,domain,code,,uniq_superbpe_r64,32768,observed,288,430843,430843,428938,159459,2.701904564809763,0.3717530272440306,0.37010929735425663,0,0.0,2.701904564809763,1,8,16,"{""1"": 80278, ""10"": 1370, ""11"": 1089, ""12"": 487, ""13"": 630, ""14"": 195, ""15"": 198, ""16"": 515, ""2"": 20450, ""3"": 17750, ""4"": 12485, ""5"": 7524, ""6"": 7174, ""7"": 4493, ""8"": 2682, ""9"": 2139}",32764,4552,13.893297521670126,1908,1.1965458205557542,0,0.0,174133,173845,14674,8.440852483534183,1990,1.2479696975398065,1625,18279,26166,44182,1281,45807,82443,1.036779684034222,2.899370784482368,13537,45171,4957,37562,8114,51099,51638,1.36039082051009,21.601618657153505,12,177.08818469999824,677281792
train,domain,cyrillic_african,,uniq_superbpe_r64,32768,observed,192,583695,583695,352072,130758,4.4639333731014545,0.3713956236224409,0.22401768046668208,26,0.019884060631089495,4.4639333731014545,3,13,32,"{""1"": 24068, ""10"": 3463, ""11"": 1789, ""12"": 850, ""13"": 2677, ""14"": 233, ""15"": 903, ""16"": 883, ""17"": 598, ""18"": 135, ""19"": 615, ""2"": 19196, ""20"": 31, ""21"": 429, ""22"": 105, ""23"": 150, ""24"": 21, ""25"": 123, ""26"": 3, ""27"": 55, ""28"": 3, ""29"": 23, ""3"": 28462, ""31"": 28, ""32"": 4, ""4"": 14729, ""5"": 8560, ""6"": 9406, ""7"": 7406, ""8"": 3239, ""9"": 2571}",32764,9019,27.52716396044439,12475,9.540525245109286,0,0.0,131361,131169,603,0.459712279578254,239,0.1827804034934765,1,5915,49548,55671,1,55672,55676,1.0000179626735644,0.0017962673564333315,2190,12411,385,10610,1804,12800,12806,1.2064090480678604,17.00282752120641,19,177.08818469999824,677281792
train,domain,indic_cjk_arabic,,uniq_superbpe_r64,32768,observed,448,1882068,1882068,800441,355754,5.290363565834818,0.444447498316553,0.18902292584539984,7695,2.163011519195849,5.290363565834818,5,12,48,"{""1"": 55428, ""10"": 14508, ""11"": 2514, ""12"": 10624, ""13"": 6574, ""14"": 84, ""15"": 2878, ""16"": 2669, ""17"": 335, ""18"": 670, ""19"": 1022, ""2"": 15537, ""20"": 18, ""21"": 264, ""22"": 350, ""23"": 34, ""24"": 102, ""25"": 176, ""27"": 35, ""28"": 34, ""3"": 86381, ""30"": 10, ""31"": 20, ""33"": 13, ""34"": 8, ""36"": 2, ""37"": 3, ""39"": 8, ""4"": 14805, ""40"": 11, ""43"": 2, ""45"": 2, ""48"": 4, ""5"": 10640, ""6"": 66245, ""7"": 41040, ""8"": 1045, ""9"": 21659}",32764,23412,71.45647662068123,34269,9.63277995468779,0,0.0,357215,356767,1461,0.4095109693441378,421,0.11834020137510752,1,13144,101686,115103,1,115104,115104,1.0000086878708634,0.0008687870863487486,4413,28432,957,24988,3571,29401,29420,1.176604770289739,14.290859612614055,16,177.08818469999824,677281792
train,domain,latin_english,,uniq_superbpe_r64,32768,observed,32,59492,59492,59076,20630,2.88376151236064,0.34921118559144154,0.3467693135211457,0,0.0,2.88376151236064,3,6,15,"{""1"": 5483, ""10"": 83, ""11"": 85, ""12"": 14, ""13"": 3, ""15"": 6, ""2"": 3647, ""3"": 5593, ""4"": 3101, ""5"": 1334, ""6"": 562, ""7"": 403, ""8"": 237, ""9"": 79}",32764,2378,7.257966060310096,511,2.4769752787203103,0,0.0,20867,20835,237,1.1375089992800576,158,0.7658749394086282,3,1384,7763,9298,3,9301,9301,1.000322650032265,0.032265003226500326,332,2015,80,1764,266,2096,2096,1.1882086167800454,15.079365079365079,9,177.08818469999824,677281792
train,aggregate,,,uniq_superbpe_r64,32768,observed,960,2956098,2956098,1640527,666601,4.434583806504941,0.4063334526039498,0.2255003047936841,7721,1.1582640890127678,4.434583806504941,3,12,48,"{""1"": 165257, ""10"": 19424, ""11"": 5477, ""12"": 11975, ""13"": 9884, ""14"": 512, ""15"": 3985, ""16"": 4067, ""17"": 933, ""18"": 805, ""19"": 1637, ""2"": 58830, ""20"": 49, ""21"": 693, ""22"": 455, ""23"": 184, ""24"": 123, ""25"": 299, ""26"": 3, ""27"": 90, ""28"": 37, ""29"": 23, ""3"": 138186, ""30"": 10, ""31"": 48, ""32"": 4, ""33"": 13, ""34"": 8, ""36"": 2, ""37"": 3, ""39"": 8, ""4"": 45120, ""40"": 11, ""43"": 2, ""45"": 2, ""48"": 4, ""5"": 28058, ""6"": 83387, ""7"": 53342, ""8"": 7203, ""9"": 26448}",32764,32364,98.77914784519595,49163,7.375176454880806,0,0.0,683576,682616,16975,2.4867568296084475,2808,0.42124149228699026,1630,38722,185163,224254,1286,225884,262524,1.007268543704906,0.5734568837122191,20472,88029,6379,74924,13755,95396,95960,1.273236880038439,18.358603384763228,16,177.08818469999824,677281792
validation,stratum,flores200,am,uniq_superbpe_r64,32768,observed,32,6471,6471,2573,1400,4.622142857142857,0.5441119315973572,0.2163498686447226,0,0.0,4.622142857142857,3,10,22,"{""1"": 86, ""10"": 76, ""12"": 12, ""13"": 30, ""15"": 2, ""16"": 10, ""19"": 6, ""2"": 25, ""22"": 1, ""3"": 671, ""4"": 179, ""6"": 166, ""7"": 117, ""9"": 19}",32764,522,1.5932120620192896,175,12.5,0,0.0,1400,1368,0,0.0,0,0.0,0,51,435,486,0,486,486,1.0,0.0,1,76,0,75,1,76,76,1.0133333333333334,1.3333333333333333,16,177.08818469999824,677281792
validation,stratum,flores200,ar,uniq_superbpe_r64,32768,observed,32,6539,6539,3628,1466,4.46043656207367,0.40407938257993387,0.224193301728093,48,3.2742155525238745,4.46043656207367,4,9,21,"{""1"": 184, ""10"": 10, ""11"": 21, ""12"": 5, ""13"": 17, ""14"": 1, ""15"": 3, ""17"": 1, ""2"": 260, ""21"": 1, ""3"": 84, ""4"": 325, ""5"": 179, ""6"": 139, ""7"": 122, ""8"": 35, ""9"": 79}",32764,612,1.8679037968502015,234,15.961800818553888,5,0.34106412005457026,1468,1436,2,0.1392757660167131,0,0.0,0,63,518,581,0,581,581,1.0,0.0,2,86,2,86,2,88,88,1.0232558139534884,2.3255813953488373,13,177.08818469999824,677281792
validation,stratum,flores200,bg,uniq_superbpe_r64,32768,observed,32,7482,7482,4146,1555,4.811575562700964,0.37506029908345395,0.2078321304464047,0,0.0,4.811575562700964,4,10,18,"{""1"": 169, ""10"": 15, ""11"": 35, ""12"": 6, ""13"": 8, ""14"": 1, ""15"": 12, ""16"": 2, ""17"": 6, ""18"": 2, ""2"": 194, ""3"": 151, ""4"": 274, ""5"": 218, ""6"": 232, ""7"": 77, ""8"": 97, ""9"": 56}",32764,657,2.0052496642656576,146,9.389067524115756,0,0.0,1560,1528,5,0.32722513089005234,0,0.0,0,56,561,617,0,617,617,1.0,0.0,3,119,5,121,3,124,124,1.024793388429752,2.479338842975207,15,177.08818469999824,677281792
validation,stratum,flores200,bn,uniq_superbpe_r64,32768,observed,32,10772,10772,4028,2168,4.968634686346864,0.5382323733862959,0.201262532491645,336,15.498154981549815,4.968634686346864,4,12,25,"{""1"": 497, ""10"": 67, ""12"": 40, ""13"": 63, ""15"": 7, ""16"": 23, ""18"": 2, ""19"": 3, ""2"": 11, ""21"": 1, ""22"": 3, ""24"": 1, ""25"": 1, ""3"": 564, ""4"": 19, ""6"": 480, ""7"": 270, ""9"": 116}",32764,450,1.3734586741545598,114,5.25830258302583,0,0.0,2172,2140,4,0.18691588785046728,0,0.0,2,103,457,558,2,560,560,1.003584229390681,0.35842293906810035,8,86,4,82,5,90,90,1.0975609756097562,6.097560975609756,16,177.08818469999824,677281792
validation,stratum,flores200,fa,uniq_superbpe_r64,32768,observed,32,6879,6879,3885,1425,4.827368421052632,0.3667953667953668,0.20715220235499346,8,0.5614035087719298,4.827368421052632,5,10,19,"{""1"": 123, ""10"": 7, ""11"": 33, ""12"": 2, ""13"": 19, ""14"": 1, ""15"": 8, ""16"": 3, ""17"": 1, ""19"": 1, ""2"": 238, ""3"": 102, ""4"": 234, ""5"": 258, ""6"": 137, ""7"": 146, ""8"": 26, ""9"": 86}",32764,636,1.9411549261384446,214,15.017543859649123,0,0.0,1426,1394,1,0.07173601147776183,0,0.0,0,45,655,700,0,700,700,1.0,0.0,4,107,1,104,4,108,108,1.0384615384615385,3.8461538461538463,13,177.08818469999824,677281792
validation,stratum,flores200,gu,uniq_superbpe_r64,32768,observed,32,9612,9612,3700,1959,4.906584992343032,0.5294594594594595,0.20380774032459426,342,17.457886676875958,4.906584992343032,6,12,19,"{""1"": 513, ""10"": 98, ""12"": 42, ""13"": 39, ""15"": 10, ""16"": 9, ""18"": 2, ""19"": 1, ""2"": 25, ""3"": 356, ""4"": 76, ""6"": 411, ""7"": 261, ""9"": 116}",32764,486,1.4833353680869246,142,7.248596222562532,0,0.0,1964,1932,5,0.2587991718426501,0,0.0,2,70,500,568,2,570,570,1.0035211267605635,0.352112676056338,13,86,5,78,10,91,91,1.1666666666666667,12.820512820512821,15,177.08818469999824,677281792
validation,stratum,flores200,hi,uniq_superbpe_r64,32768,observed,32,10074,10074,3966,1904,5.290966386554622,0.4800806858295512,0.18900138971610086,264,13.865546218487395,5.290966386554622,6,12,25,"{""1"": 407, ""10"": 92, ""12"": 25, ""13"": 59, ""15"": 4, ""16"": 7, ""17"": 8, ""18"": 1, ""19"": 3, ""2"": 33, ""22"": 1, ""25"": 3, ""3"": 356, ""4"": 27, ""6"": 350, ""7"": 447, ""9"": 81}",32764,526,1.60542058356733,98,5.147058823529412,0,0.0,1927,1895,23,1.2137203166226913,8,0.42016806722689076,0,70,669,747,0,747,747,1.0,0.0,1,74,7,80,1,81,81,1.0125,1.25,16,177.08818469999824,677281792
validation,stratum,flores200,ja,uniq_superbpe_r64,32768,observed,32,5110,5110,1782,1425,3.585964912280702,0.7996632996632996,0.2788649706457926,81,5.684210526315789,3.585964912280702,3,9,12,"{""1"": 128, ""12"": 36, ""2"": 22, ""3"": 1017, ""6"": 181, ""9"": 41}",32764,606,1.8495910145281407,220,15.43859649122807,60,4.2105263157894735,1425,1393,0,0.0,0,0.0,0,1,1,2,0,2,2,1.0,0.0,2,111,2,111,2,113,113,1.018018018018018,1.8018018018018018,12,177.08818469999824,677281792
validation,stratum,flores200,kn,uniq_superbpe_r64,32768,observed,32,11326,11326,4264,2138,5.2974742750233865,0.5014071294559099,0.18876920360233093,102,4.770813844714687,5.2974742750233865,6,10,16,"{""1"": 350, ""10"": 81, ""12"": 29, ""13"": 8, ""15"": 1, ""16"": 1, ""2"": 34, ""3"": 294, ""4"": 42, ""6"": 881, ""7"": 237, ""9"": 180}",32764,521,1.5901599316322794,138,6.454630495790458,0,0.0,2151,2119,13,0.6134969325153374,0,0.0,46,152,397,503,42,549,549,1.091451292246521,8.34990059642147,0,77,13,90,0,90,90,1.0,0.0,12,177.08818469999824,677281792
validation,stratum,flores200,ko,uniq_superbpe_r64,32768,observed,32,4735,4735,2037,1450,3.2655172413793103,0.7118311242022582,0.30623020063357975,45,3.103448275862069,3.2655172413793103,3,7,12,"{""1"": 252, ""10"": 10, ""12"": 4, ""2"": 38, ""3"": 760, ""4"": 229, ""6"": 76, ""7"": 61, ""9"": 20}",32764,577,1.7610792333048468,143,9.862068965517242,28,1.9310344827586208,1454,1422,4,0.2812939521800281,0,0.0,0,102,328,430,0,430,430,1.0,0.0,6,77,4,75,4,81,81,1.08,5.333333333333333,9,177.08818469999824,677281792
validation,stratum,flores200,ml,uniq_superbpe_r64,32768,observed,32,11894,11894,4384,2037,5.838978890525282,0.4646441605839416,0.171262821590718,192,9.425625920471282,5.838978890525282,6,12,27,"{""1"": 357, ""10"": 47, ""12"": 197, ""13"": 25, ""15"": 37, ""16"": 19, ""18"": 6, ""19"": 6, ""2"": 30, ""22"": 3, ""24"": 2, ""25"": 1, ""27"": 1, ""3"": 368, ""4"": 89, ""6"": 562, ""7"": 172, ""9"": 115}",32764,534,1.6298376266634111,150,7.363770250368188,0,0.0,2045,2013,8,0.39741679085941384,0,0.0,5,65,382,442,5,447,447,1.01131221719457,1.1312217194570136,11,83,8,80,8,91,91,1.1375,10.0,16,177.08818469999824,677281792
validation,stratum,flores200,mr,uniq_superbpe_r64,32768,observed,32,10965,10965,4109,2083,5.264042246759481,0.5069359941591628,0.18996808025535797,327,15.698511761881901,5.264042246759481,6,13,25,"{""1"": 513, ""10"": 69, ""12"": 87, ""13"": 44, ""15"": 30, ""16"": 21, ""18"": 4, ""19"": 6, ""2"": 20, ""22"": 1, ""25"": 2, ""3"": 405, ""4"": 16, ""6"": 478, ""7"": 284, ""9"": 103}",32764,566,1.7275057990477354,128,6.14498319731157,0,0.0,2087,2055,4,0.19464720194647203,0,0.0,1,90,454,543,1,544,544,1.0018416206261511,0.1841620626151013,10,84,4,78,7,88,88,1.1282051282051282,8.974358974358974,16,177.08818469999824,677281792
validation,stratum,flores200,ru,uniq_superbpe_r64,32768,observed,32,7654,7654,4261,1651,4.635978195033313,0.38746773057967615,0.21570420695061407,0,0.0,4.635978195033313,4,11,21,"{""1"": 207, ""10"": 25, ""11"": 46, ""12"": 11, ""13"": 12, ""14"": 5, ""15"": 7, ""17"": 2, ""18"": 2, ""19"": 4, ""2"": 285, ""21"": 1, ""3"": 155, ""4"": 293, ""5"": 130, ""6"": 228, ""7"": 106, ""8"": 94, ""9"": 38}",32764,751,2.29214992064461,177,10.720775287704422,0,0.0,1655,1623,4,0.24645717806531114,0,0.0,5,66,510,571,5,576,576,1.0087565674255692,0.8756567425569177,6,126,4,124,5,130,130,1.0483870967741935,4.032258064516129,14,177.08818469999824,677281792
validation,stratum,flores200,sw,uniq_superbpe_r64,32768,observed,32,4405,4405,4397,1633,2.6974892835272506,0.3713895838071412,0.37071509648127127,0,0.0,2.6974892835272506,3,5,8,"{""1"": 335, ""2"": 365, ""3"": 629, ""4"": 184, ""5"": 55, ""6"": 19, ""7"": 40, ""8"": 6}",32764,600,1.8312782322060799,26,1.5921616656460502,0,0.0,1636,1604,3,0.18703241895261846,0,0.0,0,66,594,660,0,660,660,1.0,0.0,1,74,3,76,1,77,77,1.013157894736842,1.3157894736842106,7,177.08818469999824,677281792
validation,stratum,flores200,ta,uniq_superbpe_r64,32768,observed,32,12193,12193,4517,2128,5.729793233082707,0.4711091432366615,0.1745263675879603,57,2.6785714285714284,5.729793233082707,6,10,16,"{""1"": 269, ""10"": 118, ""12"": 18, ""13"": 23, ""16"": 1, ""2"": 31, ""3"": 227, ""4"": 8, ""6"": 1011, ""7"": 213, ""9"": 209}",32764,436,1.330728848736418,141,6.62593984962406,4,0.18796992481203006,2137,2105,9,0.42755344418052255,0,0.0,1,91,384,474,1,475,475,1.0021097046413503,0.2109704641350211,13,102,9,98,10,111,111,1.1326530612244898,10.204081632653061,13,177.08818469999824,677281792
validation,stratum,flores200,te,uniq_superbpe_r64,32768,observed,32,10409,10409,3954,1926,5.404465212876428,0.48710166919575115,0.18503218368719376,156,8.09968847352025,5.404465212876428,6,12,28,"{""1"": 386, ""10"": 50, ""12"": 66, ""13"": 38, ""15"": 14, ""16"": 18, ""18"": 1, ""2"": 40, ""22"": 1, ""24"": 1, ""28"": 1, ""3"": 281, ""4"": 17, ""5"": 1, ""6"": 680, ""7"": 204, ""9"": 127}",32764,543,1.6573068001465023,125,6.490134994807892,0,0.0,1934,1902,8,0.4206098843322818,1,0.05192107995846314,6,127,359,480,6,486,486,1.0125,1.25,7,84,8,85,7,92,92,1.0823529411764705,8.235294117647058,16,177.08818469999824,677281792
validation,stratum,flores200,uk,uniq_superbpe_r64,32768,observed,32,7446,7446,4118,1669,4.4613541042540446,0.4052938319572608,0.22414719312382486,0,0.0,4.4613541042540446,4,10,25,"{""1"": 191, ""10"": 21, ""11"": 31, ""12"": 6, ""13"": 15, ""14"": 1, ""15"": 4, ""17"": 4, ""18"": 1, ""19"": 1, ""2"": 309, ""22"": 2, ""23"": 1, ""25"": 1, ""3"": 153, ""4"": 342, ""5"": 150, ""6"": 234, ""7"": 86, ""8"": 79, ""9"": 37}",32764,715,2.1822732267122453,160,9.586578789694428,0,0.0,1673,1641,4,0.2437538086532602,0,0.0,0,59,496,555,0,555,555,1.0,0.0,2,122,4,124,2,126,126,1.0161290322580645,1.6129032258064515,13,177.08818469999824,677281792
validation,stratum,flores200,ur,uniq_superbpe_r64,32768,observed,32,6879,6879,3892,1458,4.7181069958847734,0.37461459403905445,0.2119494112516354,10,0.6858710562414266,4.7181069958847734,5,9,19,"{""1"": 101, ""10"": 4, ""11"": 32, ""12"": 2, ""13"": 14, ""15"": 4, ""19"": 3, ""2"": 282, ""3"": 73, ""4"": 231, ""5"": 348, ""6"": 104, ""7"": 169, ""8"": 10, ""9"": 81}",32764,572,1.7458185813697962,198,13.580246913580247,0,0.0,1461,1429,3,0.2099370188943317,2,0.13717421124828533,0,52,739,793,0,793,793,1.0,0.0,1,71,1,71,1,72,72,1.0140845070422535,1.408450704225352,13,177.08818469999824,677281792
validation,stratum,flores200,yo,uniq_superbpe_r64,32768,observed,32,5063,5063,3889,2345,2.1590618336886993,0.6029827719208023,0.46316413193758643,10,0.42643923240938164,2.1590618336886993,2,5,7,"{""1"": 778, ""2"": 935, ""3"": 334, ""4"": 94, ""5"": 192, ""6"": 7, ""7"": 5}",32764,445,1.3581980222195091,28,1.1940298507462686,6,0.255863539445629,2361,2329,16,0.6869901245169601,4,0.17057569296375266,0,230,484,718,0,718,718,1.0,0.0,2,66,12,76,2,78,78,1.0263157894736843,2.6315789473684212,5,177.08818469999824,677281792
validation,stratum,flores200,zh,uniq_superbpe_r64,32768,observed,32,3769,3769,1485,1355,2.781549815498155,0.9124579124579124,0.3595118068453171,78,5.756457564575646,2.781549815498155,3,4,9,"{""1"": 222, ""2"": 47, ""3"": 1018, ""4"": 9, ""6"": 56, ""9"": 3}",32764,611,1.8648516664631913,169,12.472324723247233,47,3.4686346863468636,1359,1327,4,0.30143180105501133,0,0.0,0,33,30,63,0,63,63,1.0,0.0,6,134,4,132,6,138,138,1.0454545454545454,4.545454545454546,6,177.08818469999824,677281792
validation,language,,am,uniq_superbpe_r64,32768,observed,32,6471,6471,2573,1400,4.622142857142857,0.5441119315973572,0.2163498686447226,0,0.0,4.622142857142857,3,10,22,"{""1"": 86, ""10"": 76, ""12"": 12, ""13"": 30, ""15"": 2, ""16"": 10, ""19"": 6, ""2"": 25, ""22"": 1, ""3"": 671, ""4"": 179, ""6"": 166, ""7"": 117, ""9"": 19}",32764,522,1.5932120620192896,175,12.5,0,0.0,1400,1368,0,0.0,0,0.0,0,51,435,486,0,486,486,1.0,0.0,1,76,0,75,1,76,76,1.0133333333333334,1.3333333333333333,16,177.08818469999824,677281792
validation,language,,ar,uniq_superbpe_r64,32768,observed,32,6539,6539,3628,1466,4.46043656207367,0.40407938257993387,0.224193301728093,48,3.2742155525238745,4.46043656207367,4,9,21,"{""1"": 184, ""10"": 10, ""11"": 21, ""12"": 5, ""13"": 17, ""14"": 1, ""15"": 3, ""17"": 1, ""2"": 260, ""21"": 1, ""3"": 84, ""4"": 325, ""5"": 179, ""6"": 139, ""7"": 122, ""8"": 35, ""9"": 79}",32764,612,1.8679037968502015,234,15.961800818553888,5,0.34106412005457026,1468,1436,2,0.1392757660167131,0,0.0,0,63,518,581,0,581,581,1.0,0.0,2,86,2,86,2,88,88,1.0232558139534884,2.3255813953488373,13,177.08818469999824,677281792
validation,language,,bg,uniq_superbpe_r64,32768,observed,32,7482,7482,4146,1555,4.811575562700964,0.37506029908345395,0.2078321304464047,0,0.0,4.811575562700964,4,10,18,"{""1"": 169, ""10"": 15, ""11"": 35, ""12"": 6, ""13"": 8, ""14"": 1, ""15"": 12, ""16"": 2, ""17"": 6, ""18"": 2, ""2"": 194, ""3"": 151, ""4"": 274, ""5"": 218, ""6"": 232, ""7"": 77, ""8"": 97, ""9"": 56}",32764,657,2.0052496642656576,146,9.389067524115756,0,0.0,1560,1528,5,0.32722513089005234,0,0.0,0,56,561,617,0,617,617,1.0,0.0,3,119,5,121,3,124,124,1.024793388429752,2.479338842975207,15,177.08818469999824,677281792
validation,language,,bn,uniq_superbpe_r64,32768,observed,32,10772,10772,4028,2168,4.968634686346864,0.5382323733862959,0.201262532491645,336,15.498154981549815,4.968634686346864,4,12,25,"{""1"": 497, ""10"": 67, ""12"": 40, ""13"": 63, ""15"": 7, ""16"": 23, ""18"": 2, ""19"": 3, ""2"": 11, ""21"": 1, ""22"": 3, ""24"": 1, ""25"": 1, ""3"": 564, ""4"": 19, ""6"": 480, ""7"": 270, ""9"": 116}",32764,450,1.3734586741545598,114,5.25830258302583,0,0.0,2172,2140,4,0.18691588785046728,0,0.0,2,103,457,558,2,560,560,1.003584229390681,0.35842293906810035,8,86,4,82,5,90,90,1.0975609756097562,6.097560975609756,16,177.08818469999824,677281792
validation,language,,fa,uniq_superbpe_r64,32768,observed,32,6879,6879,3885,1425,4.827368421052632,0.3667953667953668,0.20715220235499346,8,0.5614035087719298,4.827368421052632,5,10,19,"{""1"": 123, ""10"": 7, ""11"": 33, ""12"": 2, ""13"": 19, ""14"": 1, ""15"": 8, ""16"": 3, ""17"": 1, ""19"": 1, ""2"": 238, ""3"": 102, ""4"": 234, ""5"": 258, ""6"": 137, ""7"": 146, ""8"": 26, ""9"": 86}",32764,636,1.9411549261384446,214,15.017543859649123,0,0.0,1426,1394,1,0.07173601147776183,0,0.0,0,45,655,700,0,700,700,1.0,0.0,4,107,1,104,4,108,108,1.0384615384615385,3.8461538461538463,13,177.08818469999824,677281792
validation,language,,gu,uniq_superbpe_r64,32768,observed,32,9612,9612,3700,1959,4.906584992343032,0.5294594594594595,0.20380774032459426,342,17.457886676875958,4.906584992343032,6,12,19,"{""1"": 513, ""10"": 98, ""12"": 42, ""13"": 39, ""15"": 10, ""16"": 9, ""18"": 2, ""19"": 1, ""2"": 25, ""3"": 356, ""4"": 76, ""6"": 411, ""7"": 261, ""9"": 116}",32764,486,1.4833353680869246,142,7.248596222562532,0,0.0,1964,1932,5,0.2587991718426501,0,0.0,2,70,500,568,2,570,570,1.0035211267605635,0.352112676056338,13,86,5,78,10,91,91,1.1666666666666667,12.820512820512821,15,177.08818469999824,677281792
validation,language,,hi,uniq_superbpe_r64,32768,observed,32,10074,10074,3966,1904,5.290966386554622,0.4800806858295512,0.18900138971610086,264,13.865546218487395,5.290966386554622,6,12,25,"{""1"": 407, ""10"": 92, ""12"": 25, ""13"": 59, ""15"": 4, ""16"": 7, ""17"": 8, ""18"": 1, ""19"": 3, ""2"": 33, ""22"": 1, ""25"": 3, ""3"": 356, ""4"": 27, ""6"": 350, ""7"": 447, ""9"": 81}",32764,526,1.60542058356733,98,5.147058823529412,0,0.0,1927,1895,23,1.2137203166226913,8,0.42016806722689076,0,70,669,747,0,747,747,1.0,0.0,1,74,7,80,1,81,81,1.0125,1.25,16,177.08818469999824,677281792
validation,language,,ja,uniq_superbpe_r64,32768,observed,32,5110,5110,1782,1425,3.585964912280702,0.7996632996632996,0.2788649706457926,81,5.684210526315789,3.585964912280702,3,9,12,"{""1"": 128, ""12"": 36, ""2"": 22, ""3"": 1017, ""6"": 181, ""9"": 41}",32764,606,1.8495910145281407,220,15.43859649122807,60,4.2105263157894735,1425,1393,0,0.0,0,0.0,0,1,1,2,0,2,2,1.0,0.0,2,111,2,111,2,113,113,1.018018018018018,1.8018018018018018,12,177.08818469999824,677281792
validation,language,,kn,uniq_superbpe_r64,32768,observed,32,11326,11326,4264,2138,5.2974742750233865,0.5014071294559099,0.18876920360233093,102,4.770813844714687,5.2974742750233865,6,10,16,"{""1"": 350, ""10"": 81, ""12"": 29, ""13"": 8, ""15"": 1, ""16"": 1, ""2"": 34, ""3"": 294, ""4"": 42, ""6"": 881, ""7"": 237, ""9"": 180}",32764,521,1.5901599316322794,138,6.454630495790458,0,0.0,2151,2119,13,0.6134969325153374,0,0.0,46,152,397,503,42,549,549,1.091451292246521,8.34990059642147,0,77,13,90,0,90,90,1.0,0.0,12,177.08818469999824,677281792
validation,language,,ko,uniq_superbpe_r64,32768,observed,32,4735,4735,2037,1450,3.2655172413793103,0.7118311242022582,0.30623020063357975,45,3.103448275862069,3.2655172413793103,3,7,12,"{""1"": 252, ""10"": 10, ""12"": 4, ""2"": 38, ""3"": 760, ""4"": 229, ""6"": 76, ""7"": 61, ""9"": 20}",32764,577,1.7610792333048468,143,9.862068965517242,28,1.9310344827586208,1454,1422,4,0.2812939521800281,0,0.0,0,102,328,430,0,430,430,1.0,0.0,6,77,4,75,4,81,81,1.08,5.333333333333333,9,177.08818469999824,677281792
validation,language,,ml,uniq_superbpe_r64,32768,observed,32,11894,11894,4384,2037,5.838978890525282,0.4646441605839416,0.171262821590718,192,9.425625920471282,5.838978890525282,6,12,27,"{""1"": 357, ""10"": 47, ""12"": 197, ""13"": 25, ""15"": 37, ""16"": 19, ""18"": 6, ""19"": 6, ""2"": 30, ""22"": 3, ""24"": 2, ""25"": 1, ""27"": 1, ""3"": 368, ""4"": 89, ""6"": 562, ""7"": 172, ""9"": 115}",32764,534,1.6298376266634111,150,7.363770250368188,0,0.0,2045,2013,8,0.39741679085941384,0,0.0,5,65,382,442,5,447,447,1.01131221719457,1.1312217194570136,11,83,8,80,8,91,91,1.1375,10.0,16,177.08818469999824,677281792
validation,language,,mr,uniq_superbpe_r64,32768,observed,32,10965,10965,4109,2083,5.264042246759481,0.5069359941591628,0.18996808025535797,327,15.698511761881901,5.264042246759481,6,13,25,"{""1"": 513, ""10"": 69, ""12"": 87, ""13"": 44, ""15"": 30, ""16"": 21, ""18"": 4, ""19"": 6, ""2"": 20, ""22"": 1, ""25"": 2, ""3"": 405, ""4"": 16, ""6"": 478, ""7"": 284, ""9"": 103}",32764,566,1.7275057990477354,128,6.14498319731157,0,0.0,2087,2055,4,0.19464720194647203,0,0.0,1,90,454,543,1,544,544,1.0018416206261511,0.1841620626151013,10,84,4,78,7,88,88,1.1282051282051282,8.974358974358974,16,177.08818469999824,677281792
validation,language,,ru,uniq_superbpe_r64,32768,observed,32,7654,7654,4261,1651,4.635978195033313,0.38746773057967615,0.21570420695061407,0,0.0,4.635978195033313,4,11,21,"{""1"": 207, ""10"": 25, ""11"": 46, ""12"": 11, ""13"": 12, ""14"": 5, ""15"": 7, ""17"": 2, ""18"": 2, ""19"": 4, ""2"": 285, ""21"": 1, ""3"": 155, ""4"": 293, ""5"": 130, ""6"": 228, ""7"": 106, ""8"": 94, ""9"": 38}",32764,751,2.29214992064461,177,10.720775287704422,0,0.0,1655,1623,4,0.24645717806531114,0,0.0,5,66,510,571,5,576,576,1.0087565674255692,0.8756567425569177,6,126,4,124,5,130,130,1.0483870967741935,4.032258064516129,14,177.08818469999824,677281792
validation,language,,sw,uniq_superbpe_r64,32768,observed,32,4405,4405,4397,1633,2.6974892835272506,0.3713895838071412,0.37071509648127127,0,0.0,2.6974892835272506,3,5,8,"{""1"": 335, ""2"": 365, ""3"": 629, ""4"": 184, ""5"": 55, ""6"": 19, ""7"": 40, ""8"": 6}",32764,600,1.8312782322060799,26,1.5921616656460502,0,0.0,1636,1604,3,0.18703241895261846,0,0.0,0,66,594,660,0,660,660,1.0,0.0,1,74,3,76,1,77,77,1.013157894736842,1.3157894736842106,7,177.08818469999824,677281792
validation,language,,ta,uniq_superbpe_r64,32768,observed,32,12193,12193,4517,2128,5.729793233082707,0.4711091432366615,0.1745263675879603,57,2.6785714285714284,5.729793233082707,6,10,16,"{""1"": 269, ""10"": 118, ""12"": 18, ""13"": 23, ""16"": 1, ""2"": 31, ""3"": 227, ""4"": 8, ""6"": 1011, ""7"": 213, ""9"": 209}",32764,436,1.330728848736418,141,6.62593984962406,4,0.18796992481203006,2137,2105,9,0.42755344418052255,0,0.0,1,91,384,474,1,475,475,1.0021097046413503,0.2109704641350211,13,102,9,98,10,111,111,1.1326530612244898,10.204081632653061,13,177.08818469999824,677281792
validation,language,,te,uniq_superbpe_r64,32768,observed,32,10409,10409,3954,1926,5.404465212876428,0.48710166919575115,0.18503218368719376,156,8.09968847352025,5.404465212876428,6,12,28,"{""1"": 386, ""10"": 50, ""12"": 66, ""13"": 38, ""15"": 14, ""16"": 18, ""18"": 1, ""2"": 40, ""22"": 1, ""24"": 1, ""28"": 1, ""3"": 281, ""4"": 17, ""5"": 1, ""6"": 680, ""7"": 204, ""9"": 127}",32764,543,1.6573068001465023,125,6.490134994807892,0,0.0,1934,1902,8,0.4206098843322818,1,0.05192107995846314,6,127,359,480,6,486,486,1.0125,1.25,7,84,8,85,7,92,92,1.0823529411764705,8.235294117647058,16,177.08818469999824,677281792
validation,language,,uk,uniq_superbpe_r64,32768,observed,32,7446,7446,4118,1669,4.4613541042540446,0.4052938319572608,0.22414719312382486,0,0.0,4.4613541042540446,4,10,25,"{""1"": 191, ""10"": 21, ""11"": 31, ""12"": 6, ""13"": 15, ""14"": 1, ""15"": 4, ""17"": 4, ""18"": 1, ""19"": 1, ""2"": 309, ""22"": 2, ""23"": 1, ""25"": 1, ""3"": 153, ""4"": 342, ""5"": 150, ""6"": 234, ""7"": 86, ""8"": 79, ""9"": 37}",32764,715,2.1822732267122453,160,9.586578789694428,0,0.0,1673,1641,4,0.2437538086532602,0,0.0,0,59,496,555,0,555,555,1.0,0.0,2,122,4,124,2,126,126,1.0161290322580645,1.6129032258064515,13,177.08818469999824,677281792
validation,language,,ur,uniq_superbpe_r64,32768,observed,32,6879,6879,3892,1458,4.7181069958847734,0.37461459403905445,0.2119494112516354,10,0.6858710562414266,4.7181069958847734,5,9,19,"{""1"": 101, ""10"": 4, ""11"": 32, ""12"": 2, ""13"": 14, ""15"": 4, ""19"": 3, ""2"": 282, ""3"": 73, ""4"": 231, ""5"": 348, ""6"": 104, ""7"": 169, ""8"": 10, ""9"": 81}",32764,572,1.7458185813697962,198,13.580246913580247,0,0.0,1461,1429,3,0.2099370188943317,2,0.13717421124828533,0,52,739,793,0,793,793,1.0,0.0,1,71,1,71,1,72,72,1.0140845070422535,1.408450704225352,13,177.08818469999824,677281792
validation,language,,yo,uniq_superbpe_r64,32768,observed,32,5063,5063,3889,2345,2.1590618336886993,0.6029827719208023,0.46316413193758643,10,0.42643923240938164,2.1590618336886993,2,5,7,"{""1"": 778, ""2"": 935, ""3"": 334, ""4"": 94, ""5"": 192, ""6"": 7, ""7"": 5}",32764,445,1.3581980222195091,28,1.1940298507462686,6,0.255863539445629,2361,2329,16,0.6869901245169601,4,0.17057569296375266,0,230,484,718,0,718,718,1.0,0.0,2,66,12,76,2,78,78,1.0263157894736843,2.6315789473684212,5,177.08818469999824,677281792
validation,language,,zh,uniq_superbpe_r64,32768,observed,32,3769,3769,1485,1355,2.781549815498155,0.9124579124579124,0.3595118068453171,78,5.756457564575646,2.781549815498155,3,4,9,"{""1"": 222, ""2"": 47, ""3"": 1018, ""4"": 9, ""6"": 56, ""9"": 3}",32764,611,1.8648516664631913,169,12.472324723247233,47,3.4686346863468636,1359,1327,4,0.30143180105501133,0,0.0,0,33,30,63,0,63,63,1.0,0.0,6,134,4,132,6,138,138,1.0454545454545454,4.545454545454546,6,177.08818469999824,677281792
validation,domain,flores200,,uniq_superbpe_r64,32768,observed,640,159677,159677,73015,35175,4.539502487562189,0.4817503252756283,0.22028845732322125,2056,5.8450604122245915,4.539502487562189,4,10,28,"{""1"": 6068, ""10"": 790, ""11"": 198, ""12"": 588, ""13"": 414, ""14"": 9, ""15"": 143, ""16"": 114, ""17"": 22, ""18"": 21, ""19"": 34, ""2"": 3224, ""21"": 3, ""22"": 12, ""23"": 1, ""24"": 4, ""25"": 8, ""27"": 1, ""28"": 1, ""3"": 7998, ""4"": 2688, ""5"": 1531, ""6"": 6432, ""7"": 3017, ""8"": 347, ""9"": 1507}",32764,8518,25.998046636552314,2926,8.318407960199005,150,0.42643923240938164,35295,34655,120,0.34627037945462413,15,0.042643923240938165,68,1592,8953,10491,64,10559,10559,1.006481746258698,0.6100467067009818,99,1845,100,1846,81,1945,1945,1.0536294691224268,4.387865655471289,15,177.08818469999824,677281792
validation,aggregate,,,uniq_superbpe_r64,32768,observed,640,159677,159677,73015,35175,4.539502487562189,0.4817503252756283,0.22028845732322125,2056,5.8450604122245915,4.539502487562189,4,10,28,"{""1"": 6068, ""10"": 790, ""11"": 198, ""12"": 588, ""13"": 414, ""14"": 9, ""15"": 143, ""16"": 114, ""17"": 22, ""18"": 21, ""19"": 34, ""2"": 3224, ""21"": 3, ""22"": 12, ""23"": 1, ""24"": 4, ""25"": 8, ""27"": 1, ""28"": 1, ""3"": 7998, ""4"": 2688, ""5"": 1531, ""6"": 6432, ""7"": 3017, ""8"": 347, ""9"": 1507}",32764,8518,25.998046636552314,2926,8.318407960199005,150,0.42643923240938164,35295,34655,120,0.34627037945462413,15,0.042643923240938165,68,1592,8953,10491,64,10559,10559,1.006481746258698,0.6100467067009818,99,1845,100,1846,81,1945,1945,1.0536294691224268,4.387865655471289,15,177.08818469999824,677281792
train,stratum,code,c,sp_unigram,65536,observed,32,51063,51063,51060,15820,3.2277496839443742,0.3098315707011359,0.30981336780056007,49,0.30973451327433627,3.2277496839443742,2,9,16,"{""1"": 6288, ""10"": 185, ""11"": 121, ""12"": 73, ""13"": 53, ""14"": 49, ""15"": 38, ""16"": 127, ""2"": 2091, ""3"": 2060, ""4"": 1683, ""5"": 928, ""6"": 776, ""7"": 684, ""8"": 413, ""9"": 251}",65532,2421,3.6943783189891963,1536,9.709228824273072,0,0.0,15820,15788,0,0.0,253,1.5992414664981036,3432,3386,5702,5926,921,9358,9740,1.579142760715491,15.541680728990888,132,2160,1856,4093,63,4225,6116,1.0322501832396775,1.539213290984608,15,12.838991500000702,303030272
train,stratum,code,cpp,sp_unigram,65536,observed,32,54217,54217,54213,16972,3.1944968182889464,0.31306144282736614,0.31303834590626556,222,1.3080367664388404,3.1944968182889464,2,9,16,"{""1"": 6951, ""10"": 237, ""11"": 133, ""12"": 70, ""13"": 68, ""14"": 49, ""15"": 45, ""16"": 109, ""2"": 2416, ""3"": 1993, ""4"": 1619, ""5"": 958, ""6"": 818, ""7"": 750, ""8"": 435, ""9"": 321}",65532,2597,3.9629493987670146,1716,10.110770681121847,0,0.0,16972,16940,0,0.0,315,1.855998114541598,3870,3950,5038,5352,822,9222,9575,1.7230941704035874,15.358744394618833,137,2482,1879,4478,104,4615,6268,1.0305940151853505,2.3224653863331843,14,12.838991500000702,303030272
train,stratum,code,go,sp_unigram,65536,observed,32,56813,56813,56813,17777,3.1958710693592844,0.3129037368207981,0.3129037368207981,1641,9.231028857512516,3.1958710693592844,2,9,16,"{""1"": 7081, ""10"": 192, ""11"": 110, ""12"": 123, ""13"": 61, ""14"": 27, ""15"": 37, ""16"": 66, ""2"": 2383, ""3"": 2225, ""4"": 1844, ""5"": 927, ""6"": 1088, ""7"": 834, ""8"": 485, ""9"": 294}",65532,2386,3.6409692974424708,1860,10.462957754401755,0,0.0,17777,17745,0,0.0,118,0.6637790403330146,2367,3172,5238,6386,1321,8753,9031,1.3706545568430943,20.68587535233323,75,3405,1912,5404,68,5479,6454,1.0138786084381939,1.2583271650629164,13,12.838991500000702,303030272
train,stratum,code,java,sp_unigram,65536,observed,32,43999,43999,43605,13002,3.3840178434087065,0.29817681458548334,0.2955067160617287,171,1.3151822796492847,3.3840178434087065,2,9,19,"{""1"": 5614, ""10"": 164, ""11"": 119, ""12"": 87, ""13"": 51, ""14"": 56, ""15"": 34, ""16"": 120, ""19"": 2, ""2"": 1276, ""3"": 1226, ""4"": 1360, ""5"": 701, ""6"": 913, ""7"": 647, ""8"": 393, ""9"": 239}",65532,1929,2.943600073246658,1280,9.844639286263652,0,0.0,13002,12970,0,0.0,39,0.2999538532533456,3551,3397,3656,3775,758,7326,7594,1.9406622516556291,20.079470198675498,40,1929,1327,3273,32,3313,4145,1.0122212037885732,0.977696303085854,15,12.838991500000702,303030272
train,stratum,code,javascript,sp_unigram,65536,observed,32,38980,38980,38152,13688,2.847749853886616,0.3587754246173202,0.3511544381734223,103,0.7524839275277615,2.847749853886616,2,8,16,"{""1"": 5911, ""10"": 144, ""11"": 66, ""12"": 39, ""13"": 26, ""14"": 34, ""15"": 14, ""16"": 30, ""2"": 2425, ""3"": 1441, ""4"": 1176, ""5"": 777, ""6"": 697, ""7"": 439, ""8"": 307, ""9"": 162}",65532,2157,3.2915216993224683,1640,11.981297486849796,0,0.0,13688,13656,0,0.0,44,0.32144944476914084,3606,3645,3393,3702,659,7308,7448,1.9740680713128038,17.801188546731495,261,2306,1923,4230,242,4491,5941,1.0617021276595744,5.721040189125295,12,12.838991500000702,303030272
train,stratum,code,python,sp_unigram,65536,observed,32,48487,48487,48387,17468,2.775761392260133,0.361006055345444,0.36026151339534307,311,1.7803984428669568,2.775761392260133,1,8,16,"{""1"": 8966, ""10"": 149, ""11"": 69, ""12"": 34, ""13"": 29, ""14"": 36, ""15"": 15, ""16"": 33, ""2"": 1715, ""3"": 1548, ""4"": 1683, ""5"": 1049, ""6"": 755, ""7"": 721, ""8"": 392, ""9"": 274}",65532,2282,3.4822682048464872,1525,8.730249599267232,0,0.0,17468,17436,0,0.0,24,0.13739409205404168,5893,6066,4380,4625,763,10518,10776,2.2741621621621624,16.497297297297298,185,2781,1200,3862,156,4047,5228,1.0479026411185914,4.0393578456758155,11,12.838991500000702,303030272
train,stratum,code,rust,sp_unigram,65536,observed,32,56922,56922,56922,21258,2.677674287327124,0.373458416780858,0.373458416780858,0,0.0,2.677674287327124,2,7,16,"{""1"": 9931, ""10"": 146, ""11"": 70, ""12"": 33, ""13"": 40, ""14"": 16, ""15"": 11, ""16"": 27, ""2"": 2853, ""3"": 2728, ""4"": 1988, ""5"": 1305, ""6"": 868, ""7"": 675, ""8"": 379, ""9"": 188}",65532,2455,3.746261368491729,1764,8.29805249788315,0,0.0,21258,21226,0,0.0,187,0.8796688305579076,6813,6732,5825,6228,997,13041,13231,2.0939306358381504,16.00834938985228,168,3373,2377,5827,151,5995,8582,1.028831302557062,2.591384932212116,10,12.838991500000702,303030272
train,stratum,code,sql,sp_unigram,65536,observed,32,36373,36373,36088,12246,2.970194349175241,0.3393371757925072,0.3366783053363759,135,1.1024007839294463,2.970194349175241,2,8,16,"{""1"": 5089, ""10"": 77, ""11"": 35, ""12"": 27, ""13"": 16, ""14"": 2, ""16"": 44, ""2"": 1839, ""3"": 1413, ""4"": 1199, ""5"": 804, ""6"": 670, ""7"": 373, ""8"": 421, ""9"": 237}",65532,1731,2.641457608496612,1172,9.570471990854157,0,0.0,12246,12214,0,0.0,67,0.5471174260983178,2602,2845,3547,3925,521,6527,6655,1.6629299363057324,13.273885350318471,89,1666,1331,3103,77,3192,4498,1.028681920721882,2.481469545601031,11,12.838991500000702,303030272
train,stratum,code,typescript,sp_unigram,65536,observed,32,43989,43989,43698,13222,3.326955074875208,0.30257677696919766,0.30057514378594646,41,0.3100892451973983,3.326955074875208,2,10,18,"{""1"": 5449, ""10"": 139, ""11"": 198, ""12"": 102, ""13"": 61, ""14"": 49, ""15"": 49, ""16"": 96, ""18"": 2, ""2"": 2089, ""3"": 1216, ""4"": 885, ""5"": 857, ""6"": 814, ""7"": 553, ""8"": 411, ""9"": 252}",65532,2142,3.2686321186595864,1539,11.639691423385267,0,0.0,13222,13190,0,0.0,57,0.4310996823476025,4014,3618,4418,4263,918,8277,8393,1.9415904292751582,21.534130893736805,81,1519,1771,3292,75,3373,4406,1.0246051032806804,2.2782503037667072,15,12.838991500000702,303030272
train,stratum,cyrillic_african,am,sp_unigram,65536,observed,32,147317,147317,59501,24552,6.000203649397198,0.4126317204752861,0.1666610099309652,0,0.0,6.000203649397198,6,13,28,"{""1"": 2473, ""10"": 2342, ""11"": 1, ""12"": 455, ""13"": 1106, ""15"": 153, ""16"": 408, ""18"": 57, ""19"": 202, ""2"": 514, ""21"": 13, ""22"": 26, ""24"": 8, ""25"": 7, ""28"": 5, ""3"": 6024, ""4"": 2204, ""5"": 93, ""6"": 3777, ""7"": 3327, ""8"": 9, ""9"": 1348}",65532,4082,6.229017884392358,6944,28.282828282828284,0,0.0,24552,24520,0,0.0,0,0.0,0,1168,10038,11206,0,11206,11206,1.0,0.0,210,1458,844,2105,204,2315,2807,1.0997624703087887,9.691211401425178,19,12.838991500000702,303030272
train,stratum,cyrillic_african,bg,sp_unigram,65536,observed,32,102609,102609,58537,16927,6.0618538429727655,0.2891675350632933,0.16496603611768948,0,0.0,6.0618538429727655,5,15,29,"{""1"": 2457, ""10"": 373, ""11"": 841, ""12"": 155, ""13"": 626, ""14"": 116, ""15"": 400, ""16"": 71, ""17"": 331, ""18"": 54, ""19"": 145, ""2"": 1937, ""20"": 23, ""21"": 126, ""22"": 5, ""23"": 28, ""24"": 1, ""25"": 20, ""26"": 3, ""27"": 21, ""28"": 2, ""29"": 1, ""3"": 1500, ""4"": 1797, ""5"": 2296, ""6"": 1038, ""7"": 805, ""8"": 755, ""9"": 1000}",65532,3751,5.723921137764756,4873,28.788326342529686,0,0.0,16927,16895,0,0.0,0,0.0,0,613,8360,8973,0,8973,8973,1.0,0.0,62,1654,367,1976,60,2038,2303,1.0313765182186234,3.0364372469635628,21,12.838991500000702,303030272
train,stratum,cyrillic_african,ru,sp_unigram,65536,observed,32,106212,106212,58870,15948,6.659894657637321,0.2709019874299304,0.15015252513840244,0,0.0,6.659894657637321,5,17,32,"{""1"": 2092, ""10"": 408, ""11"": 894, ""12"": 207, ""13"": 733, ""14"": 107, ""15"": 476, ""16"": 62, ""17"": 336, ""18"": 55, ""19"": 293, ""2"": 2318, ""20"": 15, ""21"": 162, ""22"": 14, ""23"": 99, ""24"": 7, ""25"": 68, ""27"": 44, ""29"": 7, ""3"": 1173, ""30"": 2, ""31"": 3, ""32"": 2, ""4"": 1727, ""5"": 1094, ""6"": 1072, ""7"": 986, ""8"": 764, ""9"": 728}",65532,3805,5.806323628151132,4978,31.213945322297466,0,0.0,15948,15916,0,0.0,0,0.0,0,598,7213,7811,0,7811,7811,1.0,0.0,55,1438,249,1640,47,1695,1917,1.0335365853658536,2.8658536585365852,23,12.838991500000702,303030272
train,stratum,cyrillic_african,sw,sp_unigram,65536,observed,32,62449,62449,62216,17428,3.583256828092724,0.28012086922978013,0.2790757257922465,0,0.0,3.583256828092724,3,7,15,"{""1"": 3272, ""10"": 133, ""11"": 47, ""12"": 12, ""13"": 7, ""14"": 2, ""15"": 5, ""2"": 2435, ""3"": 4053, ""4"": 2574, ""5"": 2142, ""6"": 1097, ""7"": 1063, ""8"": 340, ""9"": 246}",65532,3060,4.66947445522798,3918,22.48106495294928,0,0.0,17428,17396,0,0.0,0,0.0,5,758,8348,9101,5,9106,9106,1.0005493901769036,0.054939017690363696,60,1334,169,1448,59,1508,1753,1.0414364640883977,4.074585635359116,10,12.838991500000702,303030272
train,stratum,cyrillic_african,uk,sp_unigram,65536,observed,32,95676,95676,53182,15491,6.1762313601446,0.2912827648452484,0.1619110330699444,0,0.0,6.1762313601446,5,17,32,"{""1"": 2092, ""10"": 388, ""11"": 737, ""12"": 222, ""13"": 565, ""14"": 98, ""15"": 496, ""16"": 70, ""17"": 314, ""18"": 39, ""19"": 225, ""2"": 2512, ""20"": 12, ""21"": 117, ""22"": 11, ""23"": 38, ""24"": 10, ""25"": 15, ""26"": 4, ""27"": 4, ""29"": 9, ""3"": 1209, ""31"": 7, ""32"": 2, ""4"": 1775, ""5"": 1090, ""6"": 1164, ""7"": 842, ""8"": 736, ""9"": 688}",65532,3606,5.502655191356895,5032,32.48337744496805,0,0.0,15491,15459,0,0.0,0,0.0,0,570,6523,7093,0,7093,7093,1.0,0.0,60,1544,356,1849,57,1909,2167,1.0324499729583558,3.0827474310438077,21,12.838991500000702,303030272
train,stratum,cyrillic_african,yo,sp_unigram,65536,observed,32,69432,69432,59766,17991,3.8592629648157413,0.30102399357494225,0.2591168337366056,0,0.0,3.8592629648157413,3,8,17,"{""1"": 2980, ""10"": 189, ""11"": 93, ""12"": 49, ""13"": 18, ""14"": 37, ""15"": 32, ""17"": 5, ""2"": 2436, ""3"": 3768, ""4"": 2795, ""5"": 2300, ""6"": 1147, ""7"": 1454, ""8"": 474, ""9"": 214}",65532,2348,3.582982359763169,2545,14.1459618698238,0,0.0,17991,17959,0,0.0,0,0.0,0,836,10651,11487,0,11487,11487,1.0,0.0,24,1408,206,1592,24,1616,1859,1.015075376884422,1.5075376884422111,11,12.838991500000702,303030272
train,stratum,indic_cjk_arabic,ar,sp_unigram,65536,observed,32,97740,97740,54940,17795,5.49255408822703,0.3238987986894794,0.1820646613464293,0,0.0,5.49255408822703,5,13,27,"{""1"": 1770, ""10"": 329, ""11"": 665, ""12"": 144, ""13"": 383, ""14"": 67, ""15"": 422, ""16"": 31, ""17"": 140, ""18"": 20, ""19"": 52, ""2"": 3015, ""20"": 5, ""21"": 11, ""23"": 21, ""27"": 2, ""3"": 1074, ""4"": 2204, ""5"": 2570, ""6"": 1611, ""7"": 1415, ""8"": 787, ""9"": 1057}",65532,3425,5.226454251358115,4985,28.01348693453217,0,0.0,17795,17763,0,0.0,0,0.0,0,851,7987,8838,0,8838,8838,1.0,0.0,90,1176,334,1426,89,1516,1757,1.0631136044880785,6.241234221598878,17,12.838991500000702,303030272
train,stratum,indic_cjk_arabic,bn,sp_unigram,65536,observed,32,152004,152004,58399,16766,9.066205415722296,0.2870939570883063,0.1102997289545012,0,0.0,9.066205415722296,7,22,48,"{""1"": 1605, ""10"": 1629, ""11"": 4, ""12"": 671, ""13"": 1595, ""15"": 319, ""16"": 982, ""18"": 147, ""19"": 592, ""2"": 244, ""21"": 51, ""22"": 337, ""24"": 36, ""25"": 256, ""27"": 17, ""28"": 140, ""3"": 2455, ""30"": 4, ""31"": 53, ""33"": 9, ""34"": 65, ""36"": 4, ""37"": 15, ""39"": 2, ""4"": 830, ""40"": 21, ""42"": 3, ""43"": 2, ""46"": 11, ""48"": 2, ""5"": 70, ""6"": 2035, ""7"": 1350, ""8"": 15, ""9"": 1195}",65532,2871,4.381065738875664,4745,28.301324108314446,0,0.0,16766,16734,0,0.0,0,0.0,0,555,7960,8515,0,8515,8515,1.0,0.0,34,1315,147,1429,32,1463,1661,1.0237928621413577,2.239328201539538,31,12.838991500000702,303030272
train,stratum,indic_cjk_arabic,fa,sp_unigram,65536,observed,32,93798,93798,52677,16314,5.749540272158882,0.30969872999601344,0.17392694940190623,0,0.0,5.749540272158882,5,12,24,"{""1"": 1677, ""10"": 154, ""11"": 967, ""12"": 89, ""13"": 343, ""14"": 65, ""15"": 208, ""16"": 64, ""17"": 37, ""18"": 24, ""19"": 12, ""2"": 2053, ""20"": 7, ""22"": 4, ""24"": 13, ""3"": 968, ""4"": 1399, ""5"": 2713, ""6"": 1173, ""7"": 2129, ""8"": 513, ""9"": 1702}",65532,2555,3.898858572910944,3056,18.732377099423807,0,0.0,16314,16282,0,0.0,0,0.0,0,784,9146,9930,0,9930,9930,1.0,0.0,49,1034,178,1169,41,1218,1405,1.0419161676646707,3.507271171941831,15,12.838991500000702,303030272
train,stratum,indic_cjk_arabic,gu,sp_unigram,65536,observed,32,146974,146974,58881,18323,8.02128472411723,0.3111869703299876,0.12466830868044688,0,0.0,8.02128472411723,7,19,34,"{""1"": 1927, ""10"": 2047, ""11"": 2, ""12"": 467, ""13"": 1591, ""15"": 143, ""16"": 885, ""18"": 88, ""19"": 617, ""2"": 381, ""21"": 26, ""22"": 214, ""24"": 12, ""25"": 118, ""27"": 10, ""28"": 56, ""3"": 2244, ""31"": 18, ""33"": 2, ""34"": 30, ""4"": 1036, ""5"": 148, ""6"": 2523, ""7"": 2217, ""8"": 42, ""9"": 1479}",65532,2920,4.455838369041079,4521,24.673907111280904,0,0.0,18323,18291,0,0.0,0,0.0,0,523,9200,9723,0,9723,9723,1.0,0.0,36,1279,128,1374,31,1410,1630,1.0262008733624455,2.2561863173216885,25,12.838991500000702,303030272
train,stratum,indic_cjk_arabic,hi,sp_unigram,65536,observed,32,153237,153237,61359,19958,7.6779737448642145,0.325266057139132,0.13024269595463236,0,0.0,7.6779737448642145,7,16,34,"{""1"": 1948, ""10"": 2724, ""12"": 513, ""13"": 1636, ""14"": 1, ""15"": 179, ""16"": 835, ""18"": 64, ""19"": 336, ""2"": 398, ""21"": 18, ""22"": 150, ""24"": 3, ""25"": 59, ""27"": 7, ""28"": 39, ""3"": 2558, ""30"": 2, ""31"": 12, ""33"": 2, ""34"": 7, ""4"": 629, ""5"": 80, ""6"": 2224, ""7"": 4366, ""8"": 16, ""9"": 1152}",65532,2947,4.497039614234267,3643,18.253331997194106,0,0.0,19958,19926,0,0.0,0,0.0,0,733,11077,11810,0,11810,11810,1.0,0.0,40,1270,215,1447,38,1487,1692,1.027643400138217,2.626123013130615,22,12.838991500000702,303030272
train,stratum,indic_cjk_arabic,ja,sp_unigram,65536,observed,32,142468,142468,61333,28570,4.986629331466573,0.4658177490095055,0.20053626077434933,0,0.0,4.986629331466573,3,15,48,"{""1"": 4616, ""10"": 198, ""11"": 6, ""12"": 1267, ""13"": 139, ""15"": 613, ""16"": 91, ""18"": 283, ""19"": 55, ""2"": 2018, ""21"": 138, ""22"": 19, ""24"": 63, ""25"": 15, ""27"": 66, ""28"": 8, ""3"": 10532, ""30"": 36, ""31"": 6, ""33"": 16, ""34"": 2, ""36"": 11, ""39"": 15, ""4"": 1046, ""42"": 6, ""48"": 16, ""5"": 353, ""6"": 4082, ""7"": 388, ""8"": 50, ""9"": 2416}",65532,6579,10.039370078740157,9171,32.10010500525026,0,0.0,28570,28538,0,0.0,0,0.0,0,1603,2833,4436,0,4436,4436,1.0,0.0,205,3585,663,4082,194,4287,4644,1.0502204801567858,4.752572268495835,21,12.838991500000702,303030272
train,stratum,indic_cjk_arabic,kn,sp_unigram,65536,observed,32,153841,153841,60531,16810,9.15175490779298,0.2777089425253176,0.10926866050012675,0,0.0,9.15175490779298,7,22,48,"{""1"": 2331, ""10"": 1015, ""11"": 5, ""12"": 1121, ""13"": 1242, ""15"": 601, ""16"": 900, ""18"": 274, ""19"": 616, ""2"": 839, ""21"": 195, ""22"": 374, ""24"": 104, ""25"": 255, ""27"": 49, ""28"": 175, ""3"": 2314, ""30"": 29, ""31"": 57, ""33"": 17, ""34"": 57, ""36"": 11, ""37"": 22, ""4"": 738, ""40"": 15, ""42"": 3, ""43"": 12, ""46"": 7, ""48"": 2, ""5"": 135, ""6"": 1458, ""7"": 627, ""8"": 41, ""9"": 1169}",65532,3793,5.788011963620827,5898,35.08625817965497,0,0.0,16810,16778,0,0.0,0,0.0,0,612,6631,7243,0,7243,7243,1.0,0.0,33,1269,177,1423,32,1456,1662,1.0231904427266338,2.2487702037947996,31,12.838991500000702,303030272
train,stratum,indic_cjk_arabic,ko,sp_unigram,65536,observed,32,118352,118352,51206,26702,4.432327166504382,0.5214623286333633,0.22561511423550087,0,0.0,4.432327166504382,3,10,30,"{""1"": 3887, ""10"": 1133, ""11"": 6, ""12"": 107, ""13"": 397, ""15"": 58, ""16"": 84, ""18"": 11, ""19"": 20, ""2"": 853, ""21"": 9, ""22"": 8, ""3"": 9631, ""30"": 2, ""4"": 3052, ""5"": 102, ""6"": 2485, ""7"": 4258, ""8"": 17, ""9"": 582}",65532,4030,6.149667338094366,6381,23.897086360572242,0,0.0,26702,26670,0,0.0,0,0.0,1,1660,9393,11052,1,11053,11053,1.0000904813608396,0.009048136083966703,86,2092,420,2443,82,2529,2934,1.0352026197298403,3.3565288579615227,13,12.838991500000702,303030272
train,stratum,indic_cjk_arabic,ml,sp_unigram,65536,observed,32,137273,137273,52226,13210,10.391597274791824,0.2529391490828323,0.0962315968908671,0,0.0,10.391597274791824,9,28,48,"{""1"": 1611, ""10"": 483, ""11"": 2, ""12"": 972, ""13"": 533, ""15"": 567, ""16"": 611, ""18"": 282, ""19"": 584, ""2"": 334, ""21"": 211, ""22"": 331, ""24"": 131, ""25"": 238, ""27"": 78, ""28"": 219, ""3"": 1901, ""30"": 40, ""31"": 131, ""33"": 25, ""34"": 87, ""36"": 38, ""37"": 81, ""39"": 9, ""4"": 627, ""40"": 43, ""42"": 4, ""43"": 22, ""45"": 11, ""46"": 6, ""48"": 13, ""5"": 125, ""6"": 1179, ""7"": 475, ""8"": 27, ""9"": 1179}",65532,3181,4.854117072575231,5400,40.878122634367905,0,0.0,13210,13178,0,0.0,0,0.0,0,398,4799,5197,0,5197,5197,1.0,0.0,26,1011,183,1173,26,1199,1378,1.0221653878942882,2.216538789428815,37,12.838991500000702,303030272
train,stratum,indic_cjk_arabic,mr,sp_unigram,65536,observed,32,145113,145113,56571,15783,9.194259646455047,0.27899453783740785,0.10876351532943293,0,0.0,9.194259646455047,9,22,43,"{""1"": 1827, ""10"": 1509, ""11"": 1, ""12"": 779, ""13"": 1339, ""15"": 364, ""16"": 848, ""18"": 167, ""19"": 697, ""2"": 380, ""21"": 64, ""22"": 497, ""24"": 50, ""25"": 203, ""27"": 12, ""28"": 109, ""3"": 2021, ""30"": 8, ""31"": 78, ""34"": 31, ""36"": 2, ""37"": 12, ""39"": 3, ""4"": 522, ""40"": 21, ""42"": 3, ""43"": 4, ""5"": 107, ""6"": 1828, ""7"": 1161, ""8"": 24, ""9"": 1112}",65532,3304,5.041811634010865,4217,26.71862130140024,0,0.0,15783,15751,0,0.0,0,0.0,0,480,7300,7780,0,7780,7780,1.0,0.0,27,1211,138,1323,26,1350,1551,1.0204081632653061,1.965230536659108,30,12.838991500000702,303030272
train,stratum,indic_cjk_arabic,ta,sp_unigram,65536,observed,32,140738,140738,53567,13286,10.592954990215263,0.248025836802509,0.09440236467762793,0,0.0,10.592954990215263,9,25,48,"{""1"": 1683, ""10"": 694, ""11"": 3, ""12"": 844, ""13"": 924, ""15"": 508, ""16"": 768, ""18"": 350, ""19"": 711, ""2"": 412, ""21"": 166, ""22"": 387, ""24"": 78, ""25"": 295, ""27"": 52, ""28"": 163, ""3"": 1202, ""30"": 38, ""31"": 117, ""33"": 15, ""34"": 73, ""36"": 6, ""37"": 49, ""39"": 1, ""4"": 383, ""40"": 26, ""42"": 4, ""43"": 12, ""45"": 3, ""46"": 10, ""48"": 13, ""5"": 112, ""6"": 1270, ""7"": 549, ""8"": 15, ""9"": 1350}",65532,2979,4.545870719648416,5137,38.66475989763661,0,0.0,13286,13254,0,0.0,0,0.0,0,371,5420,5791,0,5791,5791,1.0,0.0,38,1207,182,1357,38,1395,1788,1.028002947678703,2.800294767870302,34,12.838991500000702,303030272
train,stratum,indic_cjk_arabic,te,sp_unigram,65536,observed,32,158103,158103,60933,16862,9.376289882576208,0.2767301790491195,0.10665199268831078,0,0.0,9.376289882576208,7,24,48,"{""1"": 2322, ""10"": 773, ""11"": 5, ""12"": 850, ""13"": 1134, ""15"": 467, ""16"": 939, ""18"": 322, ""19"": 755, ""2"": 418, ""21"": 107, ""22"": 480, ""24"": 61, ""25"": 311, ""27"": 26, ""28"": 223, ""3"": 1784, ""30"": 17, ""31"": 112, ""33"": 18, ""34"": 47, ""36"": 4, ""37"": 36, ""39"": 3, ""4"": 765, ""40"": 9, ""43"": 10, ""48"": 5, ""5"": 120, ""6"": 2546, ""7"": 876, ""8"": 14, ""9"": 1303}",65532,3406,5.197460782518465,5729,33.97580358201874,0,0.0,16862,16830,0,0.0,0,0.0,0,694,6794,7488,0,7488,7488,1.0,0.0,108,1490,194,1580,106,1688,1939,1.0683544303797468,6.708860759493671,31,12.838991500000702,303030272
train,stratum,indic_cjk_arabic,ur,sp_unigram,65536,observed,32,112341,112341,64366,21205,5.297854279651026,0.32944411645900007,0.18875566356005377,0,0.0,5.297854279651026,5,11,21,"{""1"": 1443, ""10"": 121, ""11"": 749, ""12"": 29, ""13"": 237, ""14"": 18, ""15"": 77, ""16"": 8, ""17"": 13, ""19"": 15, ""2"": 3351, ""20"": 2, ""21"": 12, ""3"": 1091, ""4"": 1847, ""5"": 4847, ""6"": 1147, ""7"": 4069, ""8"": 437, ""9"": 1692}",65532,2822,4.306293108710248,3152,14.864418769158217,0,0.0,21205,21173,0,0.0,0,0.0,0,638,12907,13545,0,13545,13545,1.0,0.0,143,805,840,1527,140,1670,1777,1.0936476751800916,9.1683038637852,13,12.838991500000702,303030272
train,stratum,indic_cjk_arabic,zh,sp_unigram,65536,observed,32,130086,130086,53452,30624,4.247844827586207,0.5729252413380229,0.23541349568746828,0,0.0,4.247844827586207,3,10,45,"{""1"": 4946, ""10"": 132, ""11"": 5, ""12"": 541, ""13"": 184, ""15"": 130, ""16"": 114, ""18"": 110, ""19"": 50, ""2"": 1056, ""21"": 59, ""22"": 77, ""24"": 23, ""25"": 22, ""27"": 13, ""28"": 12, ""3"": 13892, ""30"": 2, ""31"": 6, ""33"": 21, ""34"": 4, ""36"": 22, ""4"": 733, ""40"": 4, ""42"": 2, ""45"": 2, ""5"": 230, ""6"": 6612, ""7"": 414, ""8"": 40, ""9"": 1166}",65532,6621,10.103460904596227,10069,32.879440961337515,0,0.0,30624,30592,0,0.0,0,0.0,0,1545,2210,3755,0,3755,3755,1.0,0.0,135,2904,415,3235,129,3370,3602,1.0417310664605872,3.987635239567233,19,12.838991500000702,303030272
train,stratum,latin_english,en,sp_unigram,65536,observed,32,59492,59492,59076,15610,3.8111467008327993,0.2642358995192633,0.26238822026490954,0,0.0,3.8111467008327993,3,8,16,"{""1"": 3176, ""10"": 230, ""11"": 120, ""12"": 48, ""13"": 30, ""14"": 1, ""15"": 2, ""16"": 5, ""2"": 1795, ""3"": 2924, ""4"": 2720, ""5"": 1866, ""6"": 1019, ""7"": 786, ""8"": 574, ""9"": 314}",65532,3531,5.388207288042483,3234,20.717488789237667,0,0.0,15610,15578,0,0.0,0,0.0,3,832,8469,9298,3,9301,9301,1.000322650032265,0.032265003226500326,67,1540,286,1764,63,1831,2096,1.0379818594104309,3.5714285714285716,11,12.838991500000702,303030272
train,language,,am,sp_unigram,65536,observed,32,147317,147317,59501,24552,6.000203649397198,0.4126317204752861,0.1666610099309652,0,0.0,6.000203649397198,6,13,28,"{""1"": 2473, ""10"": 2342, ""11"": 1, ""12"": 455, ""13"": 1106, ""15"": 153, ""16"": 408, ""18"": 57, ""19"": 202, ""2"": 514, ""21"": 13, ""22"": 26, ""24"": 8, ""25"": 7, ""28"": 5, ""3"": 6024, ""4"": 2204, ""5"": 93, ""6"": 3777, ""7"": 3327, ""8"": 9, ""9"": 1348}",65532,4082,6.229017884392358,6944,28.282828282828284,0,0.0,24552,24520,0,0.0,0,0.0,0,1168,10038,11206,0,11206,11206,1.0,0.0,210,1458,844,2105,204,2315,2807,1.0997624703087887,9.691211401425178,19,12.838991500000702,303030272
train,language,,ar,sp_unigram,65536,observed,32,97740,97740,54940,17795,5.49255408822703,0.3238987986894794,0.1820646613464293,0,0.0,5.49255408822703,5,13,27,"{""1"": 1770, ""10"": 329, ""11"": 665, ""12"": 144, ""13"": 383, ""14"": 67, ""15"": 422, ""16"": 31, ""17"": 140, ""18"": 20, ""19"": 52, ""2"": 3015, ""20"": 5, ""21"": 11, ""23"": 21, ""27"": 2, ""3"": 1074, ""4"": 2204, ""5"": 2570, ""6"": 1611, ""7"": 1415, ""8"": 787, ""9"": 1057}",65532,3425,5.226454251358115,4985,28.01348693453217,0,0.0,17795,17763,0,0.0,0,0.0,0,851,7987,8838,0,8838,8838,1.0,0.0,90,1176,334,1426,89,1516,1757,1.0631136044880785,6.241234221598878,17,12.838991500000702,303030272
train,language,,bg,sp_unigram,65536,observed,32,102609,102609,58537,16927,6.0618538429727655,0.2891675350632933,0.16496603611768948,0,0.0,6.0618538429727655,5,15,29,"{""1"": 2457, ""10"": 373, ""11"": 841, ""12"": 155, ""13"": 626, ""14"": 116, ""15"": 400, ""16"": 71, ""17"": 331, ""18"": 54, ""19"": 145, ""2"": 1937, ""20"": 23, ""21"": 126, ""22"": 5, ""23"": 28, ""24"": 1, ""25"": 20, ""26"": 3, ""27"": 21, ""28"": 2, ""29"": 1, ""3"": 1500, ""4"": 1797, ""5"": 2296, ""6"": 1038, ""7"": 805, ""8"": 755, ""9"": 1000}",65532,3751,5.723921137764756,4873,28.788326342529686,0,0.0,16927,16895,0,0.0,0,0.0,0,613,8360,8973,0,8973,8973,1.0,0.0,62,1654,367,1976,60,2038,2303,1.0313765182186234,3.0364372469635628,21,12.838991500000702,303030272
train,language,,bn,sp_unigram,65536,observed,32,152004,152004,58399,16766,9.066205415722296,0.2870939570883063,0.1102997289545012,0,0.0,9.066205415722296,7,22,48,"{""1"": 1605, ""10"": 1629, ""11"": 4, ""12"": 671, ""13"": 1595, ""15"": 319, ""16"": 982, ""18"": 147, ""19"": 592, ""2"": 244, ""21"": 51, ""22"": 337, ""24"": 36, ""25"": 256, ""27"": 17, ""28"": 140, ""3"": 2455, ""30"": 4, ""31"": 53, ""33"": 9, ""34"": 65, ""36"": 4, ""37"": 15, ""39"": 2, ""4"": 830, ""40"": 21, ""42"": 3, ""43"": 2, ""46"": 11, ""48"": 2, ""5"": 70, ""6"": 2035, ""7"": 1350, ""8"": 15, ""9"": 1195}",65532,2871,4.381065738875664,4745,28.301324108314446,0,0.0,16766,16734,0,0.0,0,0.0,0,555,7960,8515,0,8515,8515,1.0,0.0,34,1315,147,1429,32,1463,1661,1.0237928621413577,2.239328201539538,31,12.838991500000702,303030272
train,language,,c,sp_unigram,65536,observed,32,51063,51063,51060,15820,3.2277496839443742,0.3098315707011359,0.30981336780056007,49,0.30973451327433627,3.2277496839443742,2,9,16,"{""1"": 6288, ""10"": 185, ""11"": 121, ""12"": 73, ""13"": 53, ""14"": 49, ""15"": 38, ""16"": 127, ""2"": 2091, ""3"": 2060, ""4"": 1683, ""5"": 928, ""6"": 776, ""7"": 684, ""8"": 413, ""9"": 251}",65532,2421,3.6943783189891963,1536,9.709228824273072,0,0.0,15820,15788,0,0.0,253,1.5992414664981036,3432,3386,5702,5926,921,9358,9740,1.579142760715491,15.541680728990888,132,2160,1856,4093,63,4225,6116,1.0322501832396775,1.539213290984608,15,12.838991500000702,303030272
train,language,,cpp,sp_unigram,65536,observed,32,54217,54217,54213,16972,3.1944968182889464,0.31306144282736614,0.31303834590626556,222,1.3080367664388404,3.1944968182889464,2,9,16,"{""1"": 6951, ""10"": 237, ""11"": 133, ""12"": 70, ""13"": 68, ""14"": 49, ""15"": 45, ""16"": 109, ""2"": 2416, ""3"": 1993, ""4"": 1619, ""5"": 958, ""6"": 818, ""7"": 750, ""8"": 435, ""9"": 321}",65532,2597,3.9629493987670146,1716,10.110770681121847,0,0.0,16972,16940,0,0.0,315,1.855998114541598,3870,3950,5038,5352,822,9222,9575,1.7230941704035874,15.358744394618833,137,2482,1879,4478,104,4615,6268,1.0305940151853505,2.3224653863331843,14,12.838991500000702,303030272
train,language,,en,sp_unigram,65536,observed,32,59492,59492,59076,15610,3.8111467008327993,0.2642358995192633,0.26238822026490954,0,0.0,3.8111467008327993,3,8,16,"{""1"": 3176, ""10"": 230, ""11"": 120, ""12"": 48, ""13"": 30, ""14"": 1, ""15"": 2, ""16"": 5, ""2"": 1795, ""3"": 2924, ""4"": 2720, ""5"": 1866, ""6"": 1019, ""7"": 786, ""8"": 574, ""9"": 314}",65532,3531,5.388207288042483,3234,20.717488789237667,0,0.0,15610,15578,0,0.0,0,0.0,3,832,8469,9298,3,9301,9301,1.000322650032265,0.032265003226500326,67,1540,286,1764,63,1831,2096,1.0379818594104309,3.5714285714285716,11,12.838991500000702,303030272
train,language,,fa,sp_unigram,65536,observed,32,93798,93798,52677,16314,5.749540272158882,0.30969872999601344,0.17392694940190623,0,0.0,5.749540272158882,5,12,24,"{""1"": 1677, ""10"": 154, ""11"": 967, ""12"": 89, ""13"": 343, ""14"": 65, ""15"": 208, ""16"": 64, ""17"": 37, ""18"": 24, ""19"": 12, ""2"": 2053, ""20"": 7, ""22"": 4, ""24"": 13, ""3"": 968, ""4"": 1399, ""5"": 2713, ""6"": 1173, ""7"": 2129, ""8"": 513, ""9"": 1702}",65532,2555,3.898858572910944,3056,18.732377099423807,0,0.0,16314,16282,0,0.0,0,0.0,0,784,9146,9930,0,9930,9930,1.0,0.0,49,1034,178,1169,41,1218,1405,1.0419161676646707,3.507271171941831,15,12.838991500000702,303030272
train,language,,go,sp_unigram,65536,observed,32,56813,56813,56813,17777,3.1958710693592844,0.3129037368207981,0.3129037368207981,1641,9.231028857512516,3.1958710693592844,2,9,16,"{""1"": 7081, ""10"": 192, ""11"": 110, ""12"": 123, ""13"": 61, ""14"": 27, ""15"": 37, ""16"": 66, ""2"": 2383, ""3"": 2225, ""4"": 1844, ""5"": 927, ""6"": 1088, ""7"": 834, ""8"": 485, ""9"": 294}",65532,2386,3.6409692974424708,1860,10.462957754401755,0,0.0,17777,17745,0,0.0,118,0.6637790403330146,2367,3172,5238,6386,1321,8753,9031,1.3706545568430943,20.68587535233323,75,3405,1912,5404,68,5479,6454,1.0138786084381939,1.2583271650629164,13,12.838991500000702,303030272
train,language,,gu,sp_unigram,65536,observed,32,146974,146974,58881,18323,8.02128472411723,0.3111869703299876,0.12466830868044688,0,0.0,8.02128472411723,7,19,34,"{""1"": 1927, ""10"": 2047, ""11"": 2, ""12"": 467, ""13"": 1591, ""15"": 143, ""16"": 885, ""18"": 88, ""19"": 617, ""2"": 381, ""21"": 26, ""22"": 214, ""24"": 12, ""25"": 118, ""27"": 10, ""28"": 56, ""3"": 2244, ""31"": 18, ""33"": 2, ""34"": 30, ""4"": 1036, ""5"": 148, ""6"": 2523, ""7"": 2217, ""8"": 42, ""9"": 1479}",65532,2920,4.455838369041079,4521,24.673907111280904,0,0.0,18323,18291,0,0.0,0,0.0,0,523,9200,9723,0,9723,9723,1.0,0.0,36,1279,128,1374,31,1410,1630,1.0262008733624455,2.2561863173216885,25,12.838991500000702,303030272
train,language,,hi,sp_unigram,65536,observed,32,153237,153237,61359,19958,7.6779737448642145,0.325266057139132,0.13024269595463236,0,0.0,7.6779737448642145,7,16,34,"{""1"": 1948, ""10"": 2724, ""12"": 513, ""13"": 1636, ""14"": 1, ""15"": 179, ""16"": 835, ""18"": 64, ""19"": 336, ""2"": 398, ""21"": 18, ""22"": 150, ""24"": 3, ""25"": 59, ""27"": 7, ""28"": 39, ""3"": 2558, ""30"": 2, ""31"": 12, ""33"": 2, ""34"": 7, ""4"": 629, ""5"": 80, ""6"": 2224, ""7"": 4366, ""8"": 16, ""9"": 1152}",65532,2947,4.497039614234267,3643,18.253331997194106,0,0.0,19958,19926,0,0.0,0,0.0,0,733,11077,11810,0,11810,11810,1.0,0.0,40,1270,215,1447,38,1487,1692,1.027643400138217,2.626123013130615,22,12.838991500000702,303030272
train,language,,ja,sp_unigram,65536,observed,32,142468,142468,61333,28570,4.986629331466573,0.4658177490095055,0.20053626077434933,0,0.0,4.986629331466573,3,15,48,"{""1"": 4616, ""10"": 198, ""11"": 6, ""12"": 1267, ""13"": 139, ""15"": 613, ""16"": 91, ""18"": 283, ""19"": 55, ""2"": 2018, ""21"": 138, ""22"": 19, ""24"": 63, ""25"": 15, ""27"": 66, ""28"": 8, ""3"": 10532, ""30"": 36, ""31"": 6, ""33"": 16, ""34"": 2, ""36"": 11, ""39"": 15, ""4"": 1046, ""42"": 6, ""48"": 16, ""5"": 353, ""6"": 4082, ""7"": 388, ""8"": 50, ""9"": 2416}",65532,6579,10.039370078740157,9171,32.10010500525026,0,0.0,28570,28538,0,0.0,0,0.0,0,1603,2833,4436,0,4436,4436,1.0,0.0,205,3585,663,4082,194,4287,4644,1.0502204801567858,4.752572268495835,21,12.838991500000702,303030272
train,language,,java,sp_unigram,65536,observed,32,43999,43999,43605,13002,3.3840178434087065,0.29817681458548334,0.2955067160617287,171,1.3151822796492847,3.3840178434087065,2,9,19,"{""1"": 5614, ""10"": 164, ""11"": 119, ""12"": 87, ""13"": 51, ""14"": 56, ""15"": 34, ""16"": 120, ""19"": 2, ""2"": 1276, ""3"": 1226, ""4"": 1360, ""5"": 701, ""6"": 913, ""7"": 647, ""8"": 393, ""9"": 239}",65532,1929,2.943600073246658,1280,9.844639286263652,0,0.0,13002,12970,0,0.0,39,0.2999538532533456,3551,3397,3656,3775,758,7326,7594,1.9406622516556291,20.079470198675498,40,1929,1327,3273,32,3313,4145,1.0122212037885732,0.977696303085854,15,12.838991500000702,303030272
train,language,,javascript,sp_unigram,65536,observed,32,38980,38980,38152,13688,2.847749853886616,0.3587754246173202,0.3511544381734223,103,0.7524839275277615,2.847749853886616,2,8,16,"{""1"": 5911, ""10"": 144, ""11"": 66, ""12"": 39, ""13"": 26, ""14"": 34, ""15"": 14, ""16"": 30, ""2"": 2425, ""3"": 1441, ""4"": 1176, ""5"": 777, ""6"": 697, ""7"": 439, ""8"": 307, ""9"": 162}",65532,2157,3.2915216993224683,1640,11.981297486849796,0,0.0,13688,13656,0,0.0,44,0.32144944476914084,3606,3645,3393,3702,659,7308,7448,1.9740680713128038,17.801188546731495,261,2306,1923,4230,242,4491,5941,1.0617021276595744,5.721040189125295,12,12.838991500000702,303030272
train,language,,kn,sp_unigram,65536,observed,32,153841,153841,60531,16810,9.15175490779298,0.2777089425253176,0.10926866050012675,0,0.0,9.15175490779298,7,22,48,"{""1"": 2331, ""10"": 1015, ""11"": 5, ""12"": 1121, ""13"": 1242, ""15"": 601, ""16"": 900, ""18"": 274, ""19"": 616, ""2"": 839, ""21"": 195, ""22"": 374, ""24"": 104, ""25"": 255, ""27"": 49, ""28"": 175, ""3"": 2314, ""30"": 29, ""31"": 57, ""33"": 17, ""34"": 57, ""36"": 11, ""37"": 22, ""4"": 738, ""40"": 15, ""42"": 3, ""43"": 12, ""46"": 7, ""48"": 2, ""5"": 135, ""6"": 1458, ""7"": 627, ""8"": 41, ""9"": 1169}",65532,3793,5.788011963620827,5898,35.08625817965497,0,0.0,16810,16778,0,0.0,0,0.0,0,612,6631,7243,0,7243,7243,1.0,0.0,33,1269,177,1423,32,1456,1662,1.0231904427266338,2.2487702037947996,31,12.838991500000702,303030272
train,language,,ko,sp_unigram,65536,observed,32,118352,118352,51206,26702,4.432327166504382,0.5214623286333633,0.22561511423550087,0,0.0,4.432327166504382,3,10,30,"{""1"": 3887, ""10"": 1133, ""11"": 6, ""12"": 107, ""13"": 397, ""15"": 58, ""16"": 84, ""18"": 11, ""19"": 20, ""2"": 853, ""21"": 9, ""22"": 8, ""3"": 9631, ""30"": 2, ""4"": 3052, ""5"": 102, ""6"": 2485, ""7"": 4258, ""8"": 17, ""9"": 582}",65532,4030,6.149667338094366,6381,23.897086360572242,0,0.0,26702,26670,0,0.0,0,0.0,1,1660,9393,11052,1,11053,11053,1.0000904813608396,0.009048136083966703,86,2092,420,2443,82,2529,2934,1.0352026197298403,3.3565288579615227,13,12.838991500000702,303030272
train,language,,ml,sp_unigram,65536,observed,32,137273,137273,52226,13210,10.391597274791824,0.2529391490828323,0.0962315968908671,0,0.0,10.391597274791824,9,28,48,"{""1"": 1611, ""10"": 483, ""11"": 2, ""12"": 972, ""13"": 533, ""15"": 567, ""16"": 611, ""18"": 282, ""19"": 584, ""2"": 334, ""21"": 211, ""22"": 331, ""24"": 131, ""25"": 238, ""27"": 78, ""28"": 219, ""3"": 1901, ""30"": 40, ""31"": 131, ""33"": 25, ""34"": 87, ""36"": 38, ""37"": 81, ""39"": 9, ""4"": 627, ""40"": 43, ""42"": 4, ""43"": 22, ""45"": 11, ""46"": 6, ""48"": 13, ""5"": 125, ""6"": 1179, ""7"": 475, ""8"": 27, ""9"": 1179}",65532,3181,4.854117072575231,5400,40.878122634367905,0,0.0,13210,13178,0,0.0,0,0.0,0,398,4799,5197,0,5197,5197,1.0,0.0,26,1011,183,1173,26,1199,1378,1.0221653878942882,2.216538789428815,37,12.838991500000702,303030272
train,language,,mr,sp_unigram,65536,observed,32,145113,145113,56571,15783,9.194259646455047,0.27899453783740785,0.10876351532943293,0,0.0,9.194259646455047,9,22,43,"{""1"": 1827, ""10"": 1509, ""11"": 1, ""12"": 779, ""13"": 1339, ""15"": 364, ""16"": 848, ""18"": 167, ""19"": 697, ""2"": 380, ""21"": 64, ""22"": 497, ""24"": 50, ""25"": 203, ""27"": 12, ""28"": 109, ""3"": 2021, ""30"": 8, ""31"": 78, ""34"": 31, ""36"": 2, ""37"": 12, ""39"": 3, ""4"": 522, ""40"": 21, ""42"": 3, ""43"": 4, ""5"": 107, ""6"": 1828, ""7"": 1161, ""8"": 24, ""9"": 1112}",65532,3304,5.041811634010865,4217,26.71862130140024,0,0.0,15783,15751,0,0.0,0,0.0,0,480,7300,7780,0,7780,7780,1.0,0.0,27,1211,138,1323,26,1350,1551,1.0204081632653061,1.965230536659108,30,12.838991500000702,303030272
train,language,,python,sp_unigram,65536,observed,32,48487,48487,48387,17468,2.775761392260133,0.361006055345444,0.36026151339534307,311,1.7803984428669568,2.775761392260133,1,8,16,"{""1"": 8966, ""10"": 149, ""11"": 69, ""12"": 34, ""13"": 29, ""14"": 36, ""15"": 15, ""16"": 33, ""2"": 1715, ""3"": 1548, ""4"": 1683, ""5"": 1049, ""6"": 755, ""7"": 721, ""8"": 392, ""9"": 274}",65532,2282,3.4822682048464872,1525,8.730249599267232,0,0.0,17468,17436,0,0.0,24,0.13739409205404168,5893,6066,4380,4625,763,10518,10776,2.2741621621621624,16.497297297297298,185,2781,1200,3862,156,4047,5228,1.0479026411185914,4.0393578456758155,11,12.838991500000702,303030272
train,language,,ru,sp_unigram,65536,observed,32,106212,106212,58870,15948,6.659894657637321,0.2709019874299304,0.15015252513840244,0,0.0,6.659894657637321,5,17,32,"{""1"": 2092, ""10"": 408, ""11"": 894, ""12"": 207, ""13"": 733, ""14"": 107, ""15"": 476, ""16"": 62, ""17"": 336, ""18"": 55, ""19"": 293, ""2"": 2318, ""20"": 15, ""21"": 162, ""22"": 14, ""23"": 99, ""24"": 7, ""25"": 68, ""27"": 44, ""29"": 7, ""3"": 1173, ""30"": 2, ""31"": 3, ""32"": 2, ""4"": 1727, ""5"": 1094, ""6"": 1072, ""7"": 986, ""8"": 764, ""9"": 728}",65532,3805,5.806323628151132,4978,31.213945322297466,0,0.0,15948,15916,0,0.0,0,0.0,0,598,7213,7811,0,7811,7811,1.0,0.0,55,1438,249,1640,47,1695,1917,1.0335365853658536,2.8658536585365852,23,12.838991500000702,303030272
train,language,,rust,sp_unigram,65536,observed,32,56922,56922,56922,21258,2.677674287327124,0.373458416780858,0.373458416780858,0,0.0,2.677674287327124,2,7,16,"{""1"": 9931, ""10"": 146, ""11"": 70, ""12"": 33, ""13"": 40, ""14"": 16, ""15"": 11, ""16"": 27, ""2"": 2853, ""3"": 2728, ""4"": 1988, ""5"": 1305, ""6"": 868, ""7"": 675, ""8"": 379, ""9"": 188}",65532,2455,3.746261368491729,1764,8.29805249788315,0,0.0,21258,21226,0,0.0,187,0.8796688305579076,6813,6732,5825,6228,997,13041,13231,2.0939306358381504,16.00834938985228,168,3373,2377,5827,151,5995,8582,1.028831302557062,2.591384932212116,10,12.838991500000702,303030272
train,language,,sql,sp_unigram,65536,observed,32,36373,36373,36088,12246,2.970194349175241,0.3393371757925072,0.3366783053363759,135,1.1024007839294463,2.970194349175241,2,8,16,"{""1"": 5089, ""10"": 77, ""11"": 35, ""12"": 27, ""13"": 16, ""14"": 2, ""16"": 44, ""2"": 1839, ""3"": 1413, ""4"": 1199, ""5"": 804, ""6"": 670, ""7"": 373, ""8"": 421, ""9"": 237}",65532,1731,2.641457608496612,1172,9.570471990854157,0,0.0,12246,12214,0,0.0,67,0.5471174260983178,2602,2845,3547,3925,521,6527,6655,1.6629299363057324,13.273885350318471,89,1666,1331,3103,77,3192,4498,1.028681920721882,2.481469545601031,11,12.838991500000702,303030272
train,language,,sw,sp_unigram,65536,observed,32,62449,62449,62216,17428,3.583256828092724,0.28012086922978013,0.2790757257922465,0,0.0,3.583256828092724,3,7,15,"{""1"": 3272, ""10"": 133, ""11"": 47, ""12"": 12, ""13"": 7, ""14"": 2, ""15"": 5, ""2"": 2435, ""3"": 4053, ""4"": 2574, ""5"": 2142, ""6"": 1097, ""7"": 1063, ""8"": 340, ""9"": 246}",65532,3060,4.66947445522798,3918,22.48106495294928,0,0.0,17428,17396,0,0.0,0,0.0,5,758,8348,9101,5,9106,9106,1.0005493901769036,0.054939017690363696,60,1334,169,1448,59,1508,1753,1.0414364640883977,4.074585635359116,10,12.838991500000702,303030272
train,language,,ta,sp_unigram,65536,observed,32,140738,140738,53567,13286,10.592954990215263,0.248025836802509,0.09440236467762793,0,0.0,10.592954990215263,9,25,48,"{""1"": 1683, ""10"": 694, ""11"": 3, ""12"": 844, ""13"": 924, ""15"": 508, ""16"": 768, ""18"": 350, ""19"": 711, ""2"": 412, ""21"": 166, ""22"": 387, ""24"": 78, ""25"": 295, ""27"": 52, ""28"": 163, ""3"": 1202, ""30"": 38, ""31"": 117, ""33"": 15, ""34"": 73, ""36"": 6, ""37"": 49, ""39"": 1, ""4"": 383, ""40"": 26, ""42"": 4, ""43"": 12, ""45"": 3, ""46"": 10, ""48"": 13, ""5"": 112, ""6"": 1270, ""7"": 549, ""8"": 15, ""9"": 1350}",65532,2979,4.545870719648416,5137,38.66475989763661,0,0.0,13286,13254,0,0.0,0,0.0,0,371,5420,5791,0,5791,5791,1.0,0.0,38,1207,182,1357,38,1395,1788,1.028002947678703,2.800294767870302,34,12.838991500000702,303030272
train,language,,te,sp_unigram,65536,observed,32,158103,158103,60933,16862,9.376289882576208,0.2767301790491195,0.10665199268831078,0,0.0,9.376289882576208,7,24,48,"{""1"": 2322, ""10"": 773, ""11"": 5, ""12"": 850, ""13"": 1134, ""15"": 467, ""16"": 939, ""18"": 322, ""19"": 755, ""2"": 418, ""21"": 107, ""22"": 480, ""24"": 61, ""25"": 311, ""27"": 26, ""28"": 223, ""3"": 1784, ""30"": 17, ""31"": 112, ""33"": 18, ""34"": 47, ""36"": 4, ""37"": 36, ""39"": 3, ""4"": 765, ""40"": 9, ""43"": 10, ""48"": 5, ""5"": 120, ""6"": 2546, ""7"": 876, ""8"": 14, ""9"": 1303}",65532,3406,5.197460782518465,5729,33.97580358201874,0,0.0,16862,16830,0,0.0,0,0.0,0,694,6794,7488,0,7488,7488,1.0,0.0,108,1490,194,1580,106,1688,1939,1.0683544303797468,6.708860759493671,31,12.838991500000702,303030272
train,language,,typescript,sp_unigram,65536,observed,32,43989,43989,43698,13222,3.326955074875208,0.30257677696919766,0.30057514378594646,41,0.3100892451973983,3.326955074875208,2,10,18,"{""1"": 5449, ""10"": 139, ""11"": 198, ""12"": 102, ""13"": 61, ""14"": 49, ""15"": 49, ""16"": 96, ""18"": 2, ""2"": 2089, ""3"": 1216, ""4"": 885, ""5"": 857, ""6"": 814, ""7"": 553, ""8"": 411, ""9"": 252}",65532,2142,3.2686321186595864,1539,11.639691423385267,0,0.0,13222,13190,0,0.0,57,0.4310996823476025,4014,3618,4418,4263,918,8277,8393,1.9415904292751582,21.534130893736805,81,1519,1771,3292,75,3373,4406,1.0246051032806804,2.2782503037667072,15,12.838991500000702,303030272
train,language,,uk,sp_unigram,65536,observed,32,95676,95676,53182,15491,6.1762313601446,0.2912827648452484,0.1619110330699444,0,0.0,6.1762313601446,5,17,32,"{""1"": 2092, ""10"": 388, ""11"": 737, ""12"": 222, ""13"": 565, ""14"": 98, ""15"": 496, ""16"": 70, ""17"": 314, ""18"": 39, ""19"": 225, ""2"": 2512, ""20"": 12, ""21"": 117, ""22"": 11, ""23"": 38, ""24"": 10, ""25"": 15, ""26"": 4, ""27"": 4, ""29"": 9, ""3"": 1209, ""31"": 7, ""32"": 2, ""4"": 1775, ""5"": 1090, ""6"": 1164, ""7"": 842, ""8"": 736, ""9"": 688}",65532,3606,5.502655191356895,5032,32.48337744496805,0,0.0,15491,15459,0,0.0,0,0.0,0,570,6523,7093,0,7093,7093,1.0,0.0,60,1544,356,1849,57,1909,2167,1.0324499729583558,3.0827474310438077,21,12.838991500000702,303030272
train,language,,ur,sp_unigram,65536,observed,32,112341,112341,64366,21205,5.297854279651026,0.32944411645900007,0.18875566356005377,0,0.0,5.297854279651026,5,11,21,"{""1"": 1443, ""10"": 121, ""11"": 749, ""12"": 29, ""13"": 237, ""14"": 18, ""15"": 77, ""16"": 8, ""17"": 13, ""19"": 15, ""2"": 3351, ""20"": 2, ""21"": 12, ""3"": 1091, ""4"": 1847, ""5"": 4847, ""6"": 1147, ""7"": 4069, ""8"": 437, ""9"": 1692}",65532,2822,4.306293108710248,3152,14.864418769158217,0,0.0,21205,21173,0,0.0,0,0.0,0,638,12907,13545,0,13545,13545,1.0,0.0,143,805,840,1527,140,1670,1777,1.0936476751800916,9.1683038637852,13,12.838991500000702,303030272
train,language,,yo,sp_unigram,65536,observed,32,69432,69432,59766,17991,3.8592629648157413,0.30102399357494225,0.2591168337366056,0,0.0,3.8592629648157413,3,8,17,"{""1"": 2980, ""10"": 189, ""11"": 93, ""12"": 49, ""13"": 18, ""14"": 37, ""15"": 32, ""17"": 5, ""2"": 2436, ""3"": 3768, ""4"": 2795, ""5"": 2300, ""6"": 1147, ""7"": 1454, ""8"": 474, ""9"": 214}",65532,2348,3.582982359763169,2545,14.1459618698238,0,0.0,17991,17959,0,0.0,0,0.0,0,836,10651,11487,0,11487,11487,1.0,0.0,24,1408,206,1592,24,1616,1859,1.015075376884422,1.5075376884422111,11,12.838991500000702,303030272
train,language,,zh,sp_unigram,65536,observed,32,130086,130086,53452,30624,4.247844827586207,0.5729252413380229,0.23541349568746828,0,0.0,4.247844827586207,3,10,45,"{""1"": 4946, ""10"": 132, ""11"": 5, ""12"": 541, ""13"": 184, ""15"": 130, ""16"": 114, ""18"": 110, ""19"": 50, ""2"": 1056, ""21"": 59, ""22"": 77, ""24"": 23, ""25"": 22, ""27"": 13, ""28"": 12, ""3"": 13892, ""30"": 2, ""31"": 6, ""33"": 21, ""34"": 4, ""36"": 22, ""4"": 733, ""40"": 4, ""42"": 2, ""45"": 2, ""5"": 230, ""6"": 6612, ""7"": 414, ""8"": 40, ""9"": 1166}",65532,6621,10.103460904596227,10069,32.879440961337515,0,0.0,30624,30592,0,0.0,0,0.0,0,1545,2210,3755,0,3755,3755,1.0,0.0,135,2904,415,3235,129,3370,3602,1.0417310664605872,3.987635239567233,19,12.838991500000702,303030272
train,domain,code,,sp_unigram,65536,observed,288,430843,430843,428938,141453,3.0458385470792417,0.3297749325077284,0.32831681146032315,2673,1.8896736018324107,3.0458385470792417,2,8,19,"{""1"": 61280, ""10"": 1433, ""11"": 921, ""12"": 588, ""13"": 405, ""14"": 318, ""15"": 243, ""16"": 652, ""18"": 2, ""19"": 2, ""2"": 19087, ""3"": 15850, ""4"": 13437, ""5"": 8306, ""6"": 7399, ""7"": 5676, ""8"": 3636, ""9"": 2218}",65532,10057,15.346700848440456,14032,9.919902723872948,0,0.0,141453,141165,0,0.0,1104,0.7804712519352718,36148,36811,41197,44182,7680,80330,82443,1.8181612421348061,17.38264451586619,1168,21621,15576,37562,968,38730,51638,1.031095255843672,2.577072573345402,13,12.838991500000702,303030272
train,domain,cyrillic_african,,sp_unigram,65536,observed,192,583695,583695,352072,108337,5.3877714908110805,0.3077126269626667,0.18560549602103837,0,0.0,5.3877714908110805,4,14,32,"{""1"": 15366, ""10"": 3833, ""11"": 2613, ""12"": 1100, ""13"": 3055, ""14"": 360, ""15"": 1562, ""16"": 611, ""17"": 986, ""18"": 205, ""19"": 865, ""2"": 12152, ""20"": 50, ""21"": 418, ""22"": 56, ""23"": 165, ""24"": 26, ""25"": 110, ""26"": 7, ""27"": 69, ""28"": 7, ""29"": 17, ""3"": 17727, ""30"": 2, ""31"": 10, ""32"": 4, ""4"": 12872, ""5"": 9015, ""6"": 9295, ""7"": 8477, ""8"": 3078, ""9"": 4224}",65532,16390,25.010681804309346,28290,26.112962330505738,0,0.0,108337,108145,0,0.0,0,0.0,5,4543,51133,55671,5,55676,55676,1.0000898133678218,0.008981336782166657,471,8836,2191,10610,451,11081,12806,1.0443920829406221,4.250706880301602,19,12.838991500000702,303030272
train,domain,indic_cjk_arabic,,sp_unigram,65536,observed,448,1882068,1882068,800441,272208,6.914080409098925,0.34007253501507295,0.14463239372860068,0,0.0,6.914080409098925,6,19,48,"{""1"": 33593, ""10"": 12941, ""11"": 2420, ""12"": 8394, ""13"": 11677, ""14"": 151, ""15"": 4656, ""16"": 7160, ""17"": 190, ""18"": 2142, ""19"": 5112, ""2"": 15752, ""20"": 14, ""21"": 1067, ""22"": 2878, ""23"": 21, ""24"": 574, ""25"": 1772, ""27"": 332, ""28"": 1144, ""3"": 53667, ""30"": 178, ""31"": 590, ""33"": 125, ""34"": 403, ""36"": 98, ""37"": 215, ""39"": 33, ""4"": 15811, ""40"": 139, ""42"": 25, ""43"": 62, ""45"": 16, ""46"": 34, ""48"": 51, ""5"": 11712, ""6"": 32173, ""7"": 24294, ""8"": 2038, ""9"": 18554}",65532,42689,65.1422205945187,76104,27.958032093105274,0,0.0,272208,271760,0,0.0,0,0.0,1,11447,103657,115103,1,115104,115104,1.0000086878708634,0.0008687870863487486,1050,21648,4214,24988,1004,26038,29420,1.042020169681447,4.01792860573075,28,12.838991500000702,303030272
train,domain,latin_english,,sp_unigram,65536,observed,32,59492,59492,59076,15610,3.8111467008327993,0.2642358995192633,0.26238822026490954,0,0.0,3.8111467008327993,3,8,16,"{""1"": 3176, ""10"": 230, ""11"": 120, ""12"": 48, ""13"": 30, ""14"": 1, ""15"": 2, ""16"": 5, ""2"": 1795, ""3"": 2924, ""4"": 2720, ""5"": 1866, ""6"": 1019, ""7"": 786, ""8"": 574, ""9"": 314}",65532,3531,5.388207288042483,3234,20.717488789237667,0,0.0,15610,15578,0,0.0,0,0.0,3,832,8469,9298,3,9301,9301,1.000322650032265,0.032265003226500326,67,1540,286,1764,63,1831,2096,1.0379818594104309,3.5714285714285716,11,12.838991500000702,303030272
train,aggregate,,,sp_unigram,65536,observed,960,2956098,2956098,1640527,537608,5.498612371839704,0.32770445106968676,0.18186406539972627,2673,0.4972024225829973,5.498612371839704,4,16,48,"{""1"": 113415, ""10"": 18437, ""11"": 6074, ""12"": 10130, ""13"": 15167, ""14"": 830, ""15"": 6463, ""16"": 8428, ""17"": 1176, ""18"": 2349, ""19"": 5979, ""2"": 48786, ""20"": 64, ""21"": 1485, ""22"": 2934, ""23"": 186, ""24"": 600, ""25"": 1882, ""26"": 7, ""27"": 401, ""28"": 1151, ""29"": 17, ""3"": 90168, ""30"": 180, ""31"": 600, ""32"": 4, ""33"": 125, ""34"": 403, ""36"": 98, ""37"": 215, ""39"": 33, ""4"": 44840, ""40"": 139, ""42"": 25, ""43"": 62, ""45"": 16, ""46"": 34, ""48"": 51, ""5"": 30899, ""6"": 49886, ""7"": 39233, ""8"": 9326, ""9"": 25310}",65532,64698,98.72733931514375,121660,22.629871579291976,0,0.0,537608,536648,0,0.0,1104,0.2053540869927531,36157,53633,204456,224254,7689,260411,262524,1.1612323526001767,3.4287013832529185,2756,53645,22267,74924,2486,77680,95960,1.0367839410602744,3.3180289359884685,25,12.838991500000702,303030272
validation,stratum,flores200,am,sp_unigram,65536,observed,32,6471,6471,2573,1324,4.887462235649547,0.5145744267392149,0.20460516148972338,0,0.0,4.887462235649547,4,10,22,"{""1"": 88, ""10"": 78, ""12"": 12, ""13"": 22, ""15"": 4, ""16"": 4, ""19"": 5, ""2"": 24, ""22"": 1, ""3"": 529, ""4"": 152, ""5"": 3, ""6"": 224, ""7"": 136, ""9"": 42}",65532,574,0.8759079533662943,308,23.26283987915408,4,0.3021148036253776,1324,1292,0,0.0,0,0.0,0,73,413,486,0,486,486,1.0,0.0,1,45,31,75,1,76,76,1.0133333333333334,1.3333333333333333,15,12.838991500000702,303030272
validation,stratum,flores200,ar,sp_unigram,65536,observed,32,6539,6539,3628,1420,4.604929577464789,0.3914002205071665,0.21715858693989906,10,0.704225352112676,4.604929577464789,4,9,17,"{""1"": 119, ""10"": 14, ""11"": 17, ""12"": 7, ""13"": 16, ""14"": 2, ""15"": 8, ""16"": 1, ""17"": 2, ""2"": 300, ""3"": 85, ""4"": 273, ""5"": 204, ""6"": 154, ""7"": 105, ""8"": 40, ""9"": 73}",65532,612,0.9338948910455961,376,26.47887323943662,12,0.8450704225352113,1420,1388,0,0.0,0,0.0,0,62,519,581,0,581,581,1.0,0.0,1,69,18,86,1,87,88,1.0116279069767442,1.1627906976744187,13,12.838991500000702,303030272
validation,stratum,flores200,bg,sp_unigram,65536,observed,32,7482,7482,4146,1502,4.981358189081225,0.36227689339122043,0.20074846297781343,0,0.0,4.981358189081225,4,11,21,"{""1"": 162, ""10"": 30, ""11"": 57, ""12"": 4, ""13"": 21, ""14"": 2, ""15"": 15, ""16"": 2, ""17"": 10, ""18"": 3, ""19"": 1, ""2"": 235, ""21"": 1, ""3"": 133, ""4"": 280, ""5"": 175, ""6"": 149, ""7"": 78, ""8"": 77, ""9"": 67}",65532,616,0.9399987792223646,368,24.500665778961384,0,0.0,1502,1470,0,0.0,0,0.0,0,61,556,617,0,617,617,1.0,0.0,3,106,18,121,3,124,124,1.024793388429752,2.479338842975207,16,12.838991500000702,303030272
validation,stratum,flores200,bn,sp_unigram,65536,observed,32,10772,10772,4028,1491,7.224681421864521,0.3701588877855015,0.13841440772372818,0,0.0,7.224681421864521,6,16,40,"{""1"": 117, ""10"": 107, ""12"": 59, ""13"": 72, ""15"": 25, ""16"": 44, ""18"": 14, ""19"": 23, ""2"": 7, ""21"": 2, ""22"": 13, ""24"": 2, ""25"": 6, ""28"": 3, ""3"": 357, ""31"": 2, ""34"": 1, ""37"": 2, ""39"": 1, ""4"": 75, ""40"": 1, ""5"": 1, ""6"": 279, ""7"": 126, ""9"": 152}",65532,589,0.8987975340291766,419,28.101945003353453,2,0.1341381623071764,1491,1459,0,0.0,0,0.0,2,76,484,558,2,560,560,1.003584229390681,0.35842293906810035,3,77,8,82,3,85,90,1.0365853658536586,3.658536585365854,25,12.838991500000702,303030272
validation,stratum,flores200,fa,sp_unigram,65536,observed,32,6879,6879,3885,1393,4.938262742282843,0.35855855855855856,0.20250036342491642,0,0.0,4.938262742282843,5,11,20,"{""1"": 138, ""10"": 11, ""11"": 44, ""12"": 6, ""13"": 16, ""14"": 2, ""15"": 6, ""16"": 4, ""17"": 2, ""19"": 1, ""2"": 236, ""20"": 1, ""3"": 102, ""4"": 182, ""5"": 223, ""6"": 153, ""7"": 146, ""8"": 29, ""9"": 91}",65532,622,0.9491546114875176,308,22.110552763819097,1,0.07178750897343862,1393,1361,0,0.0,0,0.0,0,79,621,700,0,700,700,1.0,0.0,4,93,15,104,4,108,108,1.0384615384615385,3.8461538461538463,15,12.838991500000702,303030272
validation,stratum,flores200,gu,sp_unigram,65536,observed,32,9612,9612,3700,1513,6.352941176470588,0.4089189189189189,0.1574074074074074,0,0.0,6.352941176470588,6,13,34,"{""1"": 171, ""10"": 143, ""12"": 45, ""13"": 64, ""15"": 9, ""16"": 23, ""18"": 2, ""19"": 9, ""2"": 16, ""22"": 2, ""25"": 1, ""28"": 3, ""3"": 332, ""34"": 3, ""4"": 75, ""5"": 3, ""6"": 301, ""7"": 137, ""9"": 174}",65532,570,0.8698040651895257,451,29.808327825512226,11,0.7270323859881032,1513,1481,0,0.0,0,0.0,2,92,478,568,2,570,570,1.0035211267605635,0.352112676056338,8,75,11,78,6,86,91,1.1025641025641026,7.6923076923076925,19,12.838991500000702,303030272
validation,stratum,flores200,hi,sp_unigram,65536,observed,32,10074,10074,3966,1517,6.640738299274885,0.38250126071608676,0.15058566607107404,0,0.0,6.640738299274885,7,13,34,"{""1"": 125, ""10"": 173, ""12"": 25, ""13"": 70, ""15"": 7, ""16"": 24, ""18"": 8, ""19"": 8, ""2"": 18, ""21"": 1, ""22"": 4, ""25"": 3, ""28"": 1, ""3"": 303, ""34"": 1, ""4"": 57, ""5"": 3, ""6"": 248, ""7"": 320, ""9"": 118}",65532,593,0.9049014222059452,330,21.75346077785102,0,0.0,1517,1485,0,0.0,0,0.0,0,65,682,747,0,747,747,1.0,0.0,1,69,12,80,1,81,81,1.0125,1.25,19,12.838991500000702,303030272
validation,stratum,flores200,ja,sp_unigram,65536,observed,32,5110,5110,1782,1338,3.819133034379671,0.7508417508417509,0.26183953033268104,81,6.053811659192825,3.819133034379671,3,9,21,"{""1"": 109, ""12"": 29, ""15"": 11, ""18"": 1, ""2"": 23, ""21"": 1, ""3"": 909, ""4"": 5, ""6"": 198, ""9"": 52}",65532,612,0.9338948910455961,439,32.8101644245142,84,6.278026905829597,1338,1306,0,0.0,0,0.0,0,2,0,2,0,2,2,1.0,0.0,1,106,6,111,1,112,113,1.009009009009009,0.9009009009009009,12,12.838991500000702,303030272
validation,stratum,flores200,kn,sp_unigram,65536,observed,32,11326,11326,4264,1652,6.8559322033898304,0.3874296435272045,0.14585908529048208,0,0.0,6.8559322033898304,6,16,31,"{""1"": 232, ""10"": 56, ""12"": 100, ""13"": 77, ""15"": 40, ""16"": 42, ""18"": 21, ""19"": 17, ""2"": 23, ""21"": 16, ""22"": 15, ""24"": 2, ""25"": 2, ""27"": 1, ""28"": 3, ""3"": 341, ""31"": 1, ""4"": 85, ""5"": 3, ""6"": 329, ""7"": 79, ""9"": 167}",65532,605,0.923213086736251,507,30.690072639225182,1,0.06053268765133172,1652,1620,0,0.0,0,0.0,46,148,401,503,42,549,549,1.091451292246521,8.34990059642147,0,80,10,90,0,90,90,1.0,0.0,22,12.838991500000702,303030272
validation,stratum,flores200,ko,sp_unigram,65536,observed,32,4735,4735,2037,1396,3.391833810888252,0.6853215513009328,0.2948257655755016,45,3.2234957020057307,3.391833810888252,3,7,13,"{""1"": 245, ""10"": 8, ""11"": 1, ""13"": 2, ""2"": 29, ""3"": 708, ""4"": 194, ""5"": 5, ""6"": 92, ""7"": 85, ""9"": 27}",65532,575,0.8774339254104865,317,22.707736389684815,46,3.2951289398280803,1396,1364,0,0.0,0,0.0,0,112,318,430,0,430,430,1.0,0.0,3,73,5,75,2,78,81,1.04,2.6666666666666665,9,12.838991500000702,303030272
validation,stratum,flores200,ml,sp_unigram,65536,observed,32,11894,11894,4384,1600,7.43375,0.36496350364963503,0.13452160753321002,0,0.0,7.43375,6,19,39,"{""1"": 136, ""10"": 59, ""12"": 110, ""13"": 31, ""15"": 52, ""16"": 40, ""18"": 23, ""19"": 28, ""2"": 18, ""21"": 16, ""22"": 13, ""24"": 14, ""25"": 5, ""27"": 8, ""28"": 6, ""3"": 438, ""31"": 2, ""34"": 1, ""36"": 2, ""37"": 3, ""39"": 1, ""4"": 98, ""5"": 1, ""6"": 246, ""7"": 85, ""9"": 164}",65532,630,0.9613623878410548,563,35.1875,0,0.0,1600,1568,0,0.0,0,0.0,5,58,389,442,5,447,447,1.01131221719457,1.1312217194570136,4,72,12,80,4,84,91,1.05,5.0,27,12.838991500000702,303030272
validation,stratum,flores200,mr,sp_unigram,65536,observed,32,10965,10965,4109,1478,7.418809201623816,0.3596982234120224,0.13479252165982672,0,0.0,7.418809201623816,6,18,40,"{""1"": 139, ""10"": 116, ""12"": 70, ""13"": 85, ""15"": 33, ""16"": 34, ""18"": 22, ""19"": 25, ""2"": 15, ""21"": 4, ""22"": 17, ""25"": 4, ""27"": 1, ""28"": 5, ""3"": 319, ""31"": 3, ""34"": 1, ""4"": 47, ""40"": 1, ""5"": 2, ""6"": 277, ""7"": 125, ""9"": 133}",65532,659,1.0056155771226272,406,27.46955345060893,5,0.3382949932341001,1478,1446,0,0.0,0,0.0,1,67,477,543,1,544,544,1.0018416206261511,0.1841620626151013,4,71,10,78,4,82,88,1.0512820512820513,5.128205128205129,25,12.838991500000702,303030272
validation,stratum,flores200,ru,sp_unigram,65536,observed,32,7654,7654,4261,1548,4.944444444444445,0.36329500117343344,0.20224719101123595,0,0.0,4.944444444444445,4,11,21,"{""1"": 183, ""10"": 26, ""11"": 73, ""12"": 15, ""13"": 24, ""14"": 6, ""15"": 9, ""16"": 1, ""17"": 7, ""18"": 2, ""19"": 7, ""2"": 286, ""21"": 3, ""3"": 130, ""4"": 281, ""5"": 99, ""6"": 178, ""7"": 104, ""8"": 73, ""9"": 41}",65532,700,1.0681804309345053,429,27.713178294573645,2,0.12919896640826872,1548,1516,0,0.0,0,0.0,5,72,504,571,5,576,576,1.0087565674255692,0.8756567425569177,2,107,19,124,2,126,130,1.0161290322580645,1.6129032258064515,17,12.838991500000702,303030272
validation,stratum,flores200,sw,sp_unigram,65536,observed,32,4405,4405,4397,1361,3.236590742101396,0.3095292244712304,0.30896708286038593,0,0.0,3.236590742101396,3,7,12,"{""1"": 265, ""10"": 2, ""11"": 2, ""12"": 1, ""2"": 207, ""3"": 396, ""4"": 215, ""5"": 124, ""6"": 64, ""7"": 67, ""8"": 11, ""9"": 7}",65532,620,0.9461026673991333,291,21.381337252020572,0,0.0,1361,1329,0,0.0,0,0.0,0,49,611,660,0,660,660,1.0,0.0,0,65,11,76,0,76,77,1.0,0.0,8,12.838991500000702,303030272
validation,stratum,flores200,ta,sp_unigram,65536,observed,32,12193,12193,4517,1553,7.851255634256278,0.3438122647775072,0.12736816206019846,0,0.0,7.851255634256278,6,19,34,"{""1"": 164, ""10"": 59, ""12"": 117, ""13"": 69, ""15"": 33, ""16"": 55, ""18"": 27, ""19"": 29, ""2"": 17, ""21"": 13, ""22"": 8, ""24"": 7, ""25"": 4, ""27"": 3, ""28"": 7, ""3"": 273, ""31"": 6, ""34"": 3, ""4"": 59, ""5"": 2, ""6"": 283, ""7"": 94, ""9"": 221}",65532,593,0.9049014222059452,532,34.256278171281394,4,0.25756600128783,1553,1521,0,0.0,0,0.0,1,65,410,474,1,475,475,1.0021097046413503,0.2109704641350211,7,95,10,98,7,105,111,1.0714285714285714,7.142857142857143,28,12.838991500000702,303030272
validation,stratum,flores200,te,sp_unigram,65536,observed,32,10409,10409,3954,1520,6.848026315789474,0.3844208396560445,0.14602747622249976,0,0.0,6.848026315789474,6,16,33,"{""1"": 216, ""10"": 53, ""12"": 78, ""13"": 64, ""15"": 26, ""16"": 44, ""18"": 16, ""19"": 23, ""2"": 24, ""21"": 7, ""22"": 9, ""24"": 1, ""25"": 6, ""28"": 3, ""3"": 268, ""30"": 1, ""31"": 2, ""33"": 1, ""4"": 55, ""5"": 3, ""6"": 391, ""7"": 73, ""9"": 156}",65532,626,0.9552584996642861,452,29.736842105263158,6,0.39473684210526316,1520,1488,0,0.0,0,0.0,6,126,360,480,6,486,486,1.0125,1.25,5,79,11,85,5,90,92,1.0588235294117647,5.882352941176471,22,12.838991500000702,303030272
validation,stratum,flores200,uk,sp_unigram,65536,observed,32,7446,7446,4118,1569,4.745697896749522,0.3810101991257892,0.21071716357775988,0,0.0,4.745697896749522,4,11,27,"{""1"": 174, ""10"": 23, ""11"": 46, ""12"": 7, ""13"": 22, ""14"": 2, ""15"": 18, ""17"": 7, ""18"": 1, ""2"": 308, ""21"": 1, ""22"": 1, ""25"": 2, ""27"": 1, ""3"": 130, ""4"": 295, ""5"": 120, ""6"": 203, ""7"": 98, ""8"": 69, ""9"": 41}",65532,673,1.0269791857413173,417,26.577437858508603,1,0.06373486297004462,1569,1537,0,0.0,0,0.0,0,63,492,555,0,555,555,1.0,0.0,1,109,16,124,1,125,126,1.0080645161290323,0.8064516129032258,15,12.838991500000702,303030272
validation,stratum,flores200,ur,sp_unigram,65536,observed,32,6879,6879,3892,1448,4.750690607734807,0.3720452209660843,0.21049571158598634,0,0.0,4.750690607734807,5,9,19,"{""1"": 83, ""10"": 9, ""11"": 30, ""12"": 4, ""13"": 7, ""15"": 2, ""16"": 1, ""17"": 1, ""19"": 2, ""2"": 307, ""3"": 81, ""4"": 196, ""5"": 329, ""6"": 91, ""7"": 206, ""8"": 29, ""9"": 70}",65532,565,0.862174204968565,301,20.787292817679557,1,0.06906077348066299,1448,1416,0,0.0,0,0.0,0,64,729,793,0,793,793,1.0,0.0,1,40,32,71,1,72,72,1.0140845070422535,1.408450704225352,12,12.838991500000702,303030272
validation,stratum,flores200,yo,sp_unigram,65536,observed,32,5063,5063,3889,1947,2.600410888546482,0.500642838776035,0.3845546118901837,8,0.4108885464817668,2.600410888546482,2,5,11,"{""1"": 497, ""10"": 2, ""11"": 4, ""2"": 607, ""3"": 383, ""4"": 256, ""5"": 121, ""6"": 45, ""7"": 17, ""8"": 14, ""9"": 1}",65532,525,0.801135323200879,359,18.438623523369287,9,0.4622496147919877,1947,1915,0,0.0,0,0.0,0,135,583,718,0,718,718,1.0,0.0,0,69,7,76,0,76,78,1.0,0.0,8,12.838991500000702,303030272
validation,stratum,flores200,zh,sp_unigram,65536,observed,32,3769,3769,1485,1227,3.071719641401793,0.8262626262626263,0.3255505439108517,78,6.356968215158925,3.071719641401793,3,6,12,"{""1"": 197, ""12"": 1, ""2"": 47, ""3"": 811, ""4"": 6, ""5"": 5, ""6"": 152, ""9"": 8}",65532,622,0.9491546114875176,388,31.621841890790545,83,6.764466177669112,1227,1195,0,0.0,0,0.0,0,36,27,63,0,63,63,1.0,0.0,2,121,13,132,2,134,138,1.0151515151515151,1.5151515151515151,6,12.838991500000702,303030272
validation,language,,am,sp_unigram,65536,observed,32,6471,6471,2573,1324,4.887462235649547,0.5145744267392149,0.20460516148972338,0,0.0,4.887462235649547,4,10,22,"{""1"": 88, ""10"": 78, ""12"": 12, ""13"": 22, ""15"": 4, ""16"": 4, ""19"": 5, ""2"": 24, ""22"": 1, ""3"": 529, ""4"": 152, ""5"": 3, ""6"": 224, ""7"": 136, ""9"": 42}",65532,574,0.8759079533662943,308,23.26283987915408,4,0.3021148036253776,1324,1292,0,0.0,0,0.0,0,73,413,486,0,486,486,1.0,0.0,1,45,31,75,1,76,76,1.0133333333333334,1.3333333333333333,15,12.838991500000702,303030272
validation,language,,ar,sp_unigram,65536,observed,32,6539,6539,3628,1420,4.604929577464789,0.3914002205071665,0.21715858693989906,10,0.704225352112676,4.604929577464789,4,9,17,"{""1"": 119, ""10"": 14, ""11"": 17, ""12"": 7, ""13"": 16, ""14"": 2, ""15"": 8, ""16"": 1, ""17"": 2, ""2"": 300, ""3"": 85, ""4"": 273, ""5"": 204, ""6"": 154, ""7"": 105, ""8"": 40, ""9"": 73}",65532,612,0.9338948910455961,376,26.47887323943662,12,0.8450704225352113,1420,1388,0,0.0,0,0.0,0,62,519,581,0,581,581,1.0,0.0,1,69,18,86,1,87,88,1.0116279069767442,1.1627906976744187,13,12.838991500000702,303030272
validation,language,,bg,sp_unigram,65536,observed,32,7482,7482,4146,1502,4.981358189081225,0.36227689339122043,0.20074846297781343,0,0.0,4.981358189081225,4,11,21,"{""1"": 162, ""10"": 30, ""11"": 57, ""12"": 4, ""13"": 21, ""14"": 2, ""15"": 15, ""16"": 2, ""17"": 10, ""18"": 3, ""19"": 1, ""2"": 235, ""21"": 1, ""3"": 133, ""4"": 280, ""5"": 175, ""6"": 149, ""7"": 78, ""8"": 77, ""9"": 67}",65532,616,0.9399987792223646,368,24.500665778961384,0,0.0,1502,1470,0,0.0,0,0.0,0,61,556,617,0,617,617,1.0,0.0,3,106,18,121,3,124,124,1.024793388429752,2.479338842975207,16,12.838991500000702,303030272
validation,language,,bn,sp_unigram,65536,observed,32,10772,10772,4028,1491,7.224681421864521,0.3701588877855015,0.13841440772372818,0,0.0,7.224681421864521,6,16,40,"{""1"": 117, ""10"": 107, ""12"": 59, ""13"": 72, ""15"": 25, ""16"": 44, ""18"": 14, ""19"": 23, ""2"": 7, ""21"": 2, ""22"": 13, ""24"": 2, ""25"": 6, ""28"": 3, ""3"": 357, ""31"": 2, ""34"": 1, ""37"": 2, ""39"": 1, ""4"": 75, ""40"": 1, ""5"": 1, ""6"": 279, ""7"": 126, ""9"": 152}",65532,589,0.8987975340291766,419,28.101945003353453,2,0.1341381623071764,1491,1459,0,0.0,0,0.0,2,76,484,558,2,560,560,1.003584229390681,0.35842293906810035,3,77,8,82,3,85,90,1.0365853658536586,3.658536585365854,25,12.838991500000702,303030272
validation,language,,fa,sp_unigram,65536,observed,32,6879,6879,3885,1393,4.938262742282843,0.35855855855855856,0.20250036342491642,0,0.0,4.938262742282843,5,11,20,"{""1"": 138, ""10"": 11, ""11"": 44, ""12"": 6, ""13"": 16, ""14"": 2, ""15"": 6, ""16"": 4, ""17"": 2, ""19"": 1, ""2"": 236, ""20"": 1, ""3"": 102, ""4"": 182, ""5"": 223, ""6"": 153, ""7"": 146, ""8"": 29, ""9"": 91}",65532,622,0.9491546114875176,308,22.110552763819097,1,0.07178750897343862,1393,1361,0,0.0,0,0.0,0,79,621,700,0,700,700,1.0,0.0,4,93,15,104,4,108,108,1.0384615384615385,3.8461538461538463,15,12.838991500000702,303030272
validation,language,,gu,sp_unigram,65536,observed,32,9612,9612,3700,1513,6.352941176470588,0.4089189189189189,0.1574074074074074,0,0.0,6.352941176470588,6,13,34,"{""1"": 171, ""10"": 143, ""12"": 45, ""13"": 64, ""15"": 9, ""16"": 23, ""18"": 2, ""19"": 9, ""2"": 16, ""22"": 2, ""25"": 1, ""28"": 3, ""3"": 332, ""34"": 3, ""4"": 75, ""5"": 3, ""6"": 301, ""7"": 137, ""9"": 174}",65532,570,0.8698040651895257,451,29.808327825512226,11,0.7270323859881032,1513,1481,0,0.0,0,0.0,2,92,478,568,2,570,570,1.0035211267605635,0.352112676056338,8,75,11,78,6,86,91,1.1025641025641026,7.6923076923076925,19,12.838991500000702,303030272
validation,language,,hi,sp_unigram,65536,observed,32,10074,10074,3966,1517,6.640738299274885,0.38250126071608676,0.15058566607107404,0,0.0,6.640738299274885,7,13,34,"{""1"": 125, ""10"": 173, ""12"": 25, ""13"": 70, ""15"": 7, ""16"": 24, ""18"": 8, ""19"": 8, ""2"": 18, ""21"": 1, ""22"": 4, ""25"": 3, ""28"": 1, ""3"": 303, ""34"": 1, ""4"": 57, ""5"": 3, ""6"": 248, ""7"": 320, ""9"": 118}",65532,593,0.9049014222059452,330,21.75346077785102,0,0.0,1517,1485,0,0.0,0,0.0,0,65,682,747,0,747,747,1.0,0.0,1,69,12,80,1,81,81,1.0125,1.25,19,12.838991500000702,303030272
validation,language,,ja,sp_unigram,65536,observed,32,5110,5110,1782,1338,3.819133034379671,0.7508417508417509,0.26183953033268104,81,6.053811659192825,3.819133034379671,3,9,21,"{""1"": 109, ""12"": 29, ""15"": 11, ""18"": 1, ""2"": 23, ""21"": 1, ""3"": 909, ""4"": 5, ""6"": 198, ""9"": 52}",65532,612,0.9338948910455961,439,32.8101644245142,84,6.278026905829597,1338,1306,0,0.0,0,0.0,0,2,0,2,0,2,2,1.0,0.0,1,106,6,111,1,112,113,1.009009009009009,0.9009009009009009,12,12.838991500000702,303030272
validation,language,,kn,sp_unigram,65536,observed,32,11326,11326,4264,1652,6.8559322033898304,0.3874296435272045,0.14585908529048208,0,0.0,6.8559322033898304,6,16,31,"{""1"": 232, ""10"": 56, ""12"": 100, ""13"": 77, ""15"": 40, ""16"": 42, ""18"": 21, ""19"": 17, ""2"": 23, ""21"": 16, ""22"": 15, ""24"": 2, ""25"": 2, ""27"": 1, ""28"": 3, ""3"": 341, ""31"": 1, ""4"": 85, ""5"": 3, ""6"": 329, ""7"": 79, ""9"": 167}",65532,605,0.923213086736251,507,30.690072639225182,1,0.06053268765133172,1652,1620,0,0.0,0,0.0,46,148,401,503,42,549,549,1.091451292246521,8.34990059642147,0,80,10,90,0,90,90,1.0,0.0,22,12.838991500000702,303030272
validation,language,,ko,sp_unigram,65536,observed,32,4735,4735,2037,1396,3.391833810888252,0.6853215513009328,0.2948257655755016,45,3.2234957020057307,3.391833810888252,3,7,13,"{""1"": 245, ""10"": 8, ""11"": 1, ""13"": 2, ""2"": 29, ""3"": 708, ""4"": 194, ""5"": 5, ""6"": 92, ""7"": 85, ""9"": 27}",65532,575,0.8774339254104865,317,22.707736389684815,46,3.2951289398280803,1396,1364,0,0.0,0,0.0,0,112,318,430,0,430,430,1.0,0.0,3,73,5,75,2,78,81,1.04,2.6666666666666665,9,12.838991500000702,303030272
validation,language,,ml,sp_unigram,65536,observed,32,11894,11894,4384,1600,7.43375,0.36496350364963503,0.13452160753321002,0,0.0,7.43375,6,19,39,"{""1"": 136, ""10"": 59, ""12"": 110, ""13"": 31, ""15"": 52, ""16"": 40, ""18"": 23, ""19"": 28, ""2"": 18, ""21"": 16, ""22"": 13, ""24"": 14, ""25"": 5, ""27"": 8, ""28"": 6, ""3"": 438, ""31"": 2, ""34"": 1, ""36"": 2, ""37"": 3, ""39"": 1, ""4"": 98, ""5"": 1, ""6"": 246, ""7"": 85, ""9"": 164}",65532,630,0.9613623878410548,563,35.1875,0,0.0,1600,1568,0,0.0,0,0.0,5,58,389,442,5,447,447,1.01131221719457,1.1312217194570136,4,72,12,80,4,84,91,1.05,5.0,27,12.838991500000702,303030272
validation,language,,mr,sp_unigram,65536,observed,32,10965,10965,4109,1478,7.418809201623816,0.3596982234120224,0.13479252165982672,0,0.0,7.418809201623816,6,18,40,"{""1"": 139, ""10"": 116, ""12"": 70, ""13"": 85, ""15"": 33, ""16"": 34, ""18"": 22, ""19"": 25, ""2"": 15, ""21"": 4, ""22"": 17, ""25"": 4, ""27"": 1, ""28"": 5, ""3"": 319, ""31"": 3, ""34"": 1, ""4"": 47, ""40"": 1, ""5"": 2, ""6"": 277, ""7"": 125, ""9"": 133}",65532,659,1.0056155771226272,406,27.46955345060893,5,0.3382949932341001,1478,1446,0,0.0,0,0.0,1,67,477,543,1,544,544,1.0018416206261511,0.1841620626151013,4,71,10,78,4,82,88,1.0512820512820513,5.128205128205129,25,12.838991500000702,303030272
validation,language,,ru,sp_unigram,65536,observed,32,7654,7654,4261,1548,4.944444444444445,0.36329500117343344,0.20224719101123595,0,0.0,4.944444444444445,4,11,21,"{""1"": 183, ""10"": 26, ""11"": 73, ""12"": 15, ""13"": 24, ""14"": 6, ""15"": 9, ""16"": 1, ""17"": 7, ""18"": 2, ""19"": 7, ""2"": 286, ""21"": 3, ""3"": 130, ""4"": 281, ""5"": 99, ""6"": 178, ""7"": 104, ""8"": 73, ""9"": 41}",65532,700,1.0681804309345053,429,27.713178294573645,2,0.12919896640826872,1548,1516,0,0.0,0,0.0,5,72,504,571,5,576,576,1.0087565674255692,0.8756567425569177,2,107,19,124,2,126,130,1.0161290322580645,1.6129032258064515,17,12.838991500000702,303030272
validation,language,,sw,sp_unigram,65536,observed,32,4405,4405,4397,1361,3.236590742101396,0.3095292244712304,0.30896708286038593,0,0.0,3.236590742101396,3,7,12,"{""1"": 265, ""10"": 2, ""11"": 2, ""12"": 1, ""2"": 207, ""3"": 396, ""4"": 215, ""5"": 124, ""6"": 64, ""7"": 67, ""8"": 11, ""9"": 7}",65532,620,0.9461026673991333,291,21.381337252020572,0,0.0,1361,1329,0,0.0,0,0.0,0,49,611,660,0,660,660,1.0,0.0,0,65,11,76,0,76,77,1.0,0.0,8,12.838991500000702,303030272
validation,language,,ta,sp_unigram,65536,observed,32,12193,12193,4517,1553,7.851255634256278,0.3438122647775072,0.12736816206019846,0,0.0,7.851255634256278,6,19,34,"{""1"": 164, ""10"": 59, ""12"": 117, ""13"": 69, ""15"": 33, ""16"": 55, ""18"": 27, ""19"": 29, ""2"": 17, ""21"": 13, ""22"": 8, ""24"": 7, ""25"": 4, ""27"": 3, ""28"": 7, ""3"": 273, ""31"": 6, ""34"": 3, ""4"": 59, ""5"": 2, ""6"": 283, ""7"": 94, ""9"": 221}",65532,593,0.9049014222059452,532,34.256278171281394,4,0.25756600128783,1553,1521,0,0.0,0,0.0,1,65,410,474,1,475,475,1.0021097046413503,0.2109704641350211,7,95,10,98,7,105,111,1.0714285714285714,7.142857142857143,28,12.838991500000702,303030272
validation,language,,te,sp_unigram,65536,observed,32,10409,10409,3954,1520,6.848026315789474,0.3844208396560445,0.14602747622249976,0,0.0,6.848026315789474,6,16,33,"{""1"": 216, ""10"": 53, ""12"": 78, ""13"": 64, ""15"": 26, ""16"": 44, ""18"": 16, ""19"": 23, ""2"": 24, ""21"": 7, ""22"": 9, ""24"": 1, ""25"": 6, ""28"": 3, ""3"": 268, ""30"": 1, ""31"": 2, ""33"": 1, ""4"": 55, ""5"": 3, ""6"": 391, ""7"": 73, ""9"": 156}",65532,626,0.9552584996642861,452,29.736842105263158,6,0.39473684210526316,1520,1488,0,0.0,0,0.0,6,126,360,480,6,486,486,1.0125,1.25,5,79,11,85,5,90,92,1.0588235294117647,5.882352941176471,22,12.838991500000702,303030272
validation,language,,uk,sp_unigram,65536,observed,32,7446,7446,4118,1569,4.745697896749522,0.3810101991257892,0.21071716357775988,0,0.0,4.745697896749522,4,11,27,"{""1"": 174, ""10"": 23, ""11"": 46, ""12"": 7, ""13"": 22, ""14"": 2, ""15"": 18, ""17"": 7, ""18"": 1, ""2"": 308, ""21"": 1, ""22"": 1, ""25"": 2, ""27"": 1, ""3"": 130, ""4"": 295, ""5"": 120, ""6"": 203, ""7"": 98, ""8"": 69, ""9"": 41}",65532,673,1.0269791857413173,417,26.577437858508603,1,0.06373486297004462,1569,1537,0,0.0,0,0.0,0,63,492,555,0,555,555,1.0,0.0,1,109,16,124,1,125,126,1.0080645161290323,0.8064516129032258,15,12.838991500000702,303030272
validation,language,,ur,sp_unigram,65536,observed,32,6879,6879,3892,1448,4.750690607734807,0.3720452209660843,0.21049571158598634,0,0.0,4.750690607734807,5,9,19,"{""1"": 83, ""10"": 9, ""11"": 30, ""12"": 4, ""13"": 7, ""15"": 2, ""16"": 1, ""17"": 1, ""19"": 2, ""2"": 307, ""3"": 81, ""4"": 196, ""5"": 329, ""6"": 91, ""7"": 206, ""8"": 29, ""9"": 70}",65532,565,0.862174204968565,301,20.787292817679557,1,0.06906077348066299,1448,1416,0,0.0,0,0.0,0,64,729,793,0,793,793,1.0,0.0,1,40,32,71,1,72,72,1.0140845070422535,1.408450704225352,12,12.838991500000702,303030272
validation,language,,yo,sp_unigram,65536,observed,32,5063,5063,3889,1947,2.600410888546482,0.500642838776035,0.3845546118901837,8,0.4108885464817668,2.600410888546482,2,5,11,"{""1"": 497, ""10"": 2, ""11"": 4, ""2"": 607, ""3"": 383, ""4"": 256, ""5"": 121, ""6"": 45, ""7"": 17, ""8"": 14, ""9"": 1}",65532,525,0.801135323200879,359,18.438623523369287,9,0.4622496147919877,1947,1915,0,0.0,0,0.0,0,135,583,718,0,718,718,1.0,0.0,0,69,7,76,0,76,78,1.0,0.0,8,12.838991500000702,303030272
validation,language,,zh,sp_unigram,65536,observed,32,3769,3769,1485,1227,3.071719641401793,0.8262626262626263,0.3255505439108517,78,6.356968215158925,3.071719641401793,3,6,12,"{""1"": 197, ""12"": 1, ""2"": 47, ""3"": 811, ""4"": 6, ""5"": 5, ""6"": 152, ""9"": 8}",65532,622,0.9491546114875176,388,31.621841890790545,83,6.764466177669112,1227,1195,0,0.0,0,0.0,0,36,27,63,0,63,63,1.0,0.0,2,121,13,132,2,134,138,1.0151515151515151,1.5151515151515151,6,12.838991500000702,303030272
validation,domain,flores200,,sp_unigram,65536,observed,640,159677,159677,73015,29797,5.358828069939927,0.40809422721358624,0.18660796482899855,222,0.7450414471255495,5.358828069939927,4,13,40,"{""1"": 3560, ""10"": 969, ""11"": 274, ""12"": 690, ""13"": 662, ""14"": 14, ""15"": 298, ""16"": 319, ""17"": 29, ""18"": 140, ""19"": 178, ""2"": 2747, ""20"": 1, ""21"": 65, ""22"": 83, ""24"": 26, ""25"": 33, ""27"": 14, ""28"": 31, ""3"": 7028, ""30"": 1, ""31"": 16, ""33"": 1, ""34"": 10, ""36"": 2, ""37"": 5, ""39"": 2, ""4"": 2886, ""40"": 2, ""5"": 1426, ""6"": 4057, ""7"": 2081, ""8"": 342, ""9"": 1805}",65532,9772,14.911798815845694,7961,26.717454777326576,272,0.9128435748565292,29797,29157,0,0.0,0,0.0,68,1505,9054,10491,64,10559,10559,1.006481746258698,0.6100467067009818,51,1621,275,1846,48,1897,1945,1.0276273022751896,2.600216684723727,19,12.838991500000702,303030272
validation,aggregate,,,sp_unigram,65536,observed,640,159677,159677,73015,29797,5.358828069939927,0.40809422721358624,0.18660796482899855,222,0.7450414471255495,5.358828069939927,4,13,40,"{""1"": 3560, ""10"": 969, ""11"": 274, ""12"": 690, ""13"": 662, ""14"": 14, ""15"": 298, ""16"": 319, ""17"": 29, ""18"": 140, ""19"": 178, ""2"": 2747, ""20"": 1, ""21"": 65, ""22"": 83, ""24"": 26, ""25"": 33, ""27"": 14, ""28"": 31, ""3"": 7028, ""30"": 1, ""31"": 16, ""33"": 1, ""34"": 10, ""36"": 2, ""37"": 5, ""39"": 2, ""4"": 2886, ""40"": 2, ""5"": 1426, ""6"": 4057, ""7"": 2081, ""8"": 342, ""9"": 1805}",65532,9772,14.911798815845694,7961,26.717454777326576,272,0.9128435748565292,29797,29157,0,0.0,0,0.0,68,1505,9054,10491,64,10559,10559,1.006481746258698,0.6100467067009818,51,1621,275,1846,48,1897,1945,1.0276273022751896,2.600216684723727,19,12.838991500000702,303030272
train,stratum,code,c,boundary_bpe,65536,observed,32,51063,51063,51060,17954,2.844101592959786,0.3516255385820603,0.35160488024597064,0,0.0,2.844101592959786,1,9,119,"{""1"": 11114, ""10"": 198, ""100"": 2, ""11"": 169, ""116"": 1, ""119"": 3, ""12"": 83, ""13"": 62, ""14"": 41, ""15"": 57, ""16"": 30, ""17"": 23, ""18"": 15, ""19"": 12, ""2"": 1465, ""20"": 19, ""21"": 16, ""22"": 21, ""23"": 19, ""24"": 11, ""25"": 6, ""26"": 10, ""27"": 4, ""28"": 7, ""3"": 1292, ""30"": 6, ""31"": 4, ""34"": 2, ""37"": 2, ""4"": 783, ""40"": 2, ""41"": 2, ""42"": 3, ""46"": 1, ""5"": 552, ""51"": 2, ""52"": 1, ""6"": 554, ""7"": 564, ""72"": 4, ""75"": 1, ""76"": 1, ""77"": 2, ""79"": 2, ""8"": 485, ""9"": 301}",65532,2519,3.843923579320027,2159,12.025175448368051,0,0.0,17954,17922,0,0.0,0,0.0,3814,9740,0,5926,1126,9740,9740,1.6436044549443132,19.001012487343907,27,1300,2092,4093,22,4120,6116,1.0065966283899341,0.537503053994625,18,110.46809020001092,1232056320
train,stratum,code,cpp,boundary_bpe,65536,observed,32,54217,54217,54213,17924,3.0248270475340324,0.3306218065777581,0.33059741409521,0,0.0,3.0248270475340324,1,10,106,"{""1"": 10907, ""10"": 180, ""106"": 2, ""11"": 157, ""12"": 76, ""13"": 90, ""14"": 64, ""15"": 50, ""16"": 29, ""17"": 40, ""18"": 30, ""19"": 22, ""2"": 1443, ""20"": 17, ""21"": 18, ""22"": 19, ""23"": 12, ""24"": 19, ""25"": 12, ""26"": 7, ""27"": 8, ""28"": 13, ""29"": 5, ""3"": 1071, ""30"": 14, ""31"": 12, ""32"": 2, ""33"": 5, ""34"": 1, ""36"": 8, ""37"": 4, ""38"": 8, ""4"": 802, ""40"": 6, ""42"": 4, ""46"": 3, ""5"": 727, ""51"": 2, ""57"": 2, ""6"": 655, ""66"": 2, ""7"": 536, ""75"": 1, ""76"": 1, ""79"": 3, ""8"": 550, ""9"": 285}",65532,2750,4.196423121528413,2506,13.981254184333855,0,0.0,17924,17892,0,0.0,0,0.0,4223,9575,0,5352,1007,9575,9575,1.789050822122571,18.815396113602393,48,1321,2427,4478,45,4526,6268,1.0107190710138454,1.0049129075480125,21,110.46809020001092,1232056320
train,stratum,code,go,boundary_bpe,65536,observed,32,56813,56813,56813,18233,3.115943618713322,0.3209300688222766,0.3209300688222766,0,0.0,3.115943618713322,1,10,52,"{""1"": 10539, ""10"": 199, ""11"": 173, ""12"": 83, ""13"": 87, ""14"": 64, ""15"": 54, ""16"": 33, ""17"": 55, ""18"": 23, ""19"": 31, ""2"": 1750, ""20"": 21, ""21"": 18, ""22"": 25, ""23"": 10, ""24"": 22, ""25"": 9, ""26"": 10, ""27"": 3, ""28"": 12, ""29"": 20, ""3"": 1287, ""30"": 3, ""31"": 6, ""32"": 8, ""33"": 31, ""34"": 9, ""35"": 8, ""36"": 7, ""37"": 8, ""38"": 2, ""39"": 2, ""4"": 967, ""40"": 6, ""42"": 10, ""45"": 2, ""48"": 2, ""5"": 547, ""52"": 2, ""6"": 834, ""7"": 538, ""8"": 450, ""9"": 263}",65532,2674,4.0804492461698105,2750,15.08254264246147,0,0.0,18233,18201,0,0.0,0,0.0,2645,9031,0,6386,1489,9031,9031,1.414187284685249,23.316630128405887,44,1495,2489,5404,39,5448,6454,1.008142116950407,0.7216876387860843,23,110.46809020001092,1232056320
train,stratum,code,java,boundary_bpe,65536,observed,32,43999,43999,43605,13513,3.2560497298897357,0.3098956541681,0.30712061637764493,0,0.0,3.2560497298897357,1,11,80,"{""1"": 8551, ""10"": 149, ""11"": 120, ""12"": 69, ""13"": 56, ""14"": 62, ""15"": 60, ""16"": 26, ""17"": 18, ""18"": 28, ""19"": 20, ""2"": 697, ""20"": 37, ""21"": 14, ""22"": 21, ""23"": 12, ""24"": 20, ""25"": 17, ""26"": 7, ""27"": 12, ""28"": 11, ""29"": 2, ""3"": 710, ""30"": 11, ""31"": 4, ""32"": 5, ""33"": 4, ""34"": 2, ""35"": 1, ""36"": 3, ""37"": 11, ""38"": 2, ""39"": 8, ""4"": 557, ""40"": 3, ""41"": 5, ""42"": 4, ""43"": 4, ""44"": 3, ""45"": 6, ""46"": 4, ""47"": 2, ""48"": 2, ""49"": 2, ""5"": 418, ""50"": 7, ""52"": 2, ""53"": 2, ""54"": 2, ""55"": 2, ""6"": 881, ""64"": 2, ""7"": 424, ""72"": 2, ""78"": 2, ""8"": 239, ""80"": 2, ""9"": 166}",65532,2042,3.116034914240371,1781,13.179900836231777,0,0.0,13513,13481,0,0.0,0,0.0,3819,7594,0,3775,864,7594,7594,2.011655629139073,22.887417218543046,21,984,1445,3273,20,3294,4145,1.0064161319890008,0.6110601894286587,26,110.46809020001092,1232056320
train,stratum,code,javascript,boundary_bpe,65536,observed,32,38980,38980,38152,14315,2.723017813482361,0.37520968756552736,0.3672396100564392,0,0.0,2.723017813482361,1,9,57,"{""1"": 8888, ""10"": 108, ""11"": 82, ""12"": 58, ""13"": 57, ""14"": 34, ""15"": 24, ""16"": 39, ""17"": 30, ""18"": 18, ""19"": 21, ""2"": 1456, ""20"": 13, ""21"": 21, ""22"": 11, ""23"": 28, ""24"": 8, ""25"": 10, ""26"": 10, ""27"": 17, ""28"": 12, ""29"": 4, ""3"": 880, ""30"": 1, ""31"": 4, ""33"": 3, ""35"": 4, ""37"": 2, ""39"": 1, ""4"": 688, ""47"": 2, ""5"": 475, ""52"": 2, ""56"": 2, ""57"": 2, ""6"": 516, ""7"": 355, ""8"": 271, ""9"": 158}",65532,2312,3.5280473661722516,2273,15.878449179182676,0,0.0,14315,14283,0,0.0,0,0.0,3746,7448,0,3702,730,7448,7448,2.011885467314965,19.719070772555376,93,1388,2055,4230,85,4323,5941,1.021985815602837,2.0094562647754137,21,110.46809020001092,1232056320
train,stratum,code,python,boundary_bpe,65536,observed,32,48487,48487,48387,18155,2.670724318369595,0.3752040837415008,0.3744302596572277,0,0.0,2.670724318369595,1,9,77,"{""1"": 11977, ""10"": 153, ""11"": 119, ""12"": 76, ""13"": 64, ""14"": 68, ""15"": 53, ""16"": 57, ""17"": 25, ""18"": 33, ""19"": 22, ""2"": 1127, ""20"": 12, ""21"": 20, ""22"": 27, ""23"": 6, ""24"": 10, ""25"": 5, ""26"": 6, ""27"": 6, ""28"": 14, ""29"": 2, ""3"": 994, ""30"": 2, ""32"": 6, ""4"": 865, ""42"": 2, ""49"": 2, ""5"": 639, ""58"": 2, ""6"": 765, ""61"": 2, ""63"": 2, ""7"": 428, ""72"": 1, ""77"": 3, ""8"": 312, ""9"": 248}",65532,2612,3.985838979429897,2486,13.693197466262738,0,0.0,18155,18123,0,0.0,0,0.0,6151,10776,0,4625,889,10776,10776,2.329945945945946,19.221621621621622,91,1022,2051,3862,81,3953,5228,1.0235629207664423,2.0973588814085966,18,110.46809020001092,1232056320
train,stratum,code,rust,boundary_bpe,65536,observed,32,56922,56922,56922,22532,2.5262737440085212,0.3958399212958083,0.3958399212958083,0,0.0,2.5262737440085212,1,9,70,"{""1"": 14811, ""10"": 154, ""11"": 147, ""12"": 98, ""13"": 77, ""14"": 51, ""15"": 36, ""16"": 74, ""17"": 50, ""18"": 15, ""19"": 25, ""2"": 1665, ""20"": 24, ""21"": 9, ""22"": 15, ""23"": 15, ""24"": 7, ""25"": 6, ""26"": 6, ""27"": 11, ""28"": 3, ""29"": 5, ""3"": 1741, ""30"": 10, ""31"": 5, ""33"": 2, ""34"": 2, ""36"": 3, ""37"": 12, ""39"": 2, ""4"": 964, ""43"": 5, ""47"": 2, ""48"": 4, ""5"": 750, ""6"": 606, ""60"": 1, ""7"": 514, ""70"": 2, ""8"": 340, ""9"": 263}",65532,2849,4.3474943539034365,2941,13.052547488017042,0,0.0,22532,22500,0,0.0,0,0.0,7003,13231,0,6228,1138,13231,13231,2.1244380218368657,18.2723185613359,52,1862,2729,5827,44,5879,8582,1.0089239746009955,0.7551055431611464,17,110.46809020001092,1232056320
train,stratum,code,sql,boundary_bpe,65536,observed,32,36373,36373,36088,12080,3.0110099337748344,0.3347373088007094,0.3321144805212658,0,0.0,3.0110099337748344,1,10,64,"{""1"": 7315, ""10"": 135, ""11"": 109, ""12"": 59, ""13"": 57, ""14"": 20, ""15"": 45, ""16"": 22, ""17"": 23, ""18"": 15, ""19"": 11, ""2"": 982, ""20"": 12, ""21"": 12, ""22"": 7, ""23"": 2, ""24"": 9, ""25"": 19, ""26"": 5, ""27"": 6, ""28"": 16, ""29"": 8, ""3"": 775, ""30"": 2, ""32"": 6, ""34"": 3, ""35"": 4, ""37"": 4, ""38"": 11, ""4"": 585, ""43"": 12, ""44"": 2, ""48"": 6, ""5"": 507, ""50"": 2, ""56"": 5, ""6"": 488, ""64"": 1, ""7"": 352, ""8"": 258, ""9"": 168}",65532,1807,2.757431483855216,1582,13.096026490066226,0,0.0,12080,12048,0,0.0,0,0.0,2730,6655,0,3925,609,6655,6655,1.6955414012738854,15.51592356687898,17,694,1548,3103,17,3120,4498,1.0054785691266517,0.5478569126651628,24,110.46809020001092,1232056320
train,stratum,code,typescript,boundary_bpe,65536,observed,32,43989,43989,43698,15064,2.920140732873075,0.3447297359146872,0.34244924867580534,0,0.0,2.920140732873075,1,10,51,"{""1"": 9565, ""10"": 186, ""11"": 97, ""12"": 105, ""13"": 104, ""14"": 84, ""15"": 42, ""16"": 36, ""17"": 28, ""18"": 33, ""19"": 38, ""2"": 1161, ""20"": 17, ""21"": 24, ""22"": 4, ""23"": 23, ""24"": 10, ""25"": 13, ""26"": 5, ""27"": 7, ""28"": 15, ""3"": 669, ""30"": 2, ""31"": 6, ""32"": 2, ""33"": 2, ""34"": 4, ""35"": 2, ""38"": 2, ""4"": 661, ""40"": 2, ""42"": 2, ""48"": 1, ""5"": 523, ""51"": 2, ""6"": 570, ""7"": 424, ""8"": 339, ""9"": 254}",65532,2317,3.5356772263932124,2119,14.066648964418482,0,0.0,15064,15032,0,0.0,0,0.0,4130,8393,0,4263,984,8393,8393,1.9688013136288998,23.082336382828995,33,1298,1545,3292,31,3325,4406,1.0100243013365735,0.9416767922235723,19,110.46809020001092,1232056320
train,stratum,cyrillic_african,am,boundary_bpe,65536,observed,32,147317,147317,59501,33518,4.395160809117489,0.5633182635585956,0.22752296069021227,0,0.0,4.395160809117489,3,12,27,"{""1"": 11710, ""10"": 22, ""11"": 32, ""12"": 1492, ""13"": 5, ""14"": 15, ""15"": 598, ""16"": 5, ""17"": 7, ""18"": 248, ""19"": 5, ""2"": 412, ""20"": 8, ""21"": 64, ""24"": 12, ""27"": 3, ""3"": 7595, ""4"": 158, ""5"": 139, ""6"": 7454, ""7"": 54, ""8"": 103, ""9"": 3377}",65532,3012,4.596227797106757,5334,15.913837341130138,0,0.0,33518,33486,0,0.0,0,0.0,0,11206,0,11206,0,11206,11206,1.0,0.0,41,1101,987,2105,38,2146,2807,1.019477434679335,1.8052256532066508,18,110.46809020001092,1232056320
train,stratum,cyrillic_african,bg,boundary_bpe,65536,observed,32,102609,102609,58537,24945,4.113409500901985,0.42614073150315185,0.24310732976639476,0,0.0,4.113409500901985,3,12,31,"{""1"": 9595, ""10"": 1109, ""11"": 40, ""12"": 633, ""13"": 24, ""14"": 333, ""15"": 9, ""16"": 218, ""17"": 9, ""18"": 89, ""19"": 6, ""2"": 2293, ""20"": 80, ""21"": 12, ""22"": 19, ""23"": 2, ""24"": 19, ""25"": 4, ""26"": 22, ""28"": 1, ""29"": 3, ""3"": 628, ""30"": 3, ""31"": 3, ""4"": 4782, ""5"": 432, ""6"": 2299, ""7"": 146, ""8"": 2082, ""9"": 50}",65532,3081,4.701519868156016,3727,14.940869913810383,0,0.0,24945,24913,0,0.0,0,0.0,0,8973,0,8973,0,8973,8973,1.0,0.0,19,650,1264,1976,17,1995,2303,1.0096153846153846,0.8603238866396761,18,110.46809020001092,1232056320
train,stratum,cyrillic_african,ru,boundary_bpe,65536,observed,32,106212,106212,58870,23211,4.5759338244797725,0.39427552233735347,0.21853462885549654,0,0.0,4.5759338244797725,4,14,30,"{""1"": 8369, ""10"": 1314, ""11"": 35, ""12"": 722, ""13"": 33, ""14"": 475, ""15"": 18, ""16"": 254, ""17"": 11, ""18"": 163, ""2"": 2196, ""20"": 125, ""22"": 46, ""23"": 3, ""24"": 38, ""25"": 4, ""26"": 23, ""27"": 11, ""28"": 12, ""3"": 466, ""30"": 8, ""4"": 3764, ""5"": 335, ""6"": 2833, ""7"": 125, ""8"": 1790, ""9"": 38}",65532,3051,4.655740706830251,3740,16.113049847055276,0,0.0,23211,23179,0,0.0,0,0.0,0,7811,0,7811,0,7811,7811,1.0,0.0,14,613,1001,1640,14,1654,1917,1.0085365853658537,0.8536585365853658,20,110.46809020001092,1232056320
train,stratum,cyrillic_african,sw,boundary_bpe,65536,observed,32,62449,62449,62216,22831,2.7352722175988786,0.36696348206249196,0.3655943249691748,0,0.0,2.7352722175988786,2,7,30,"{""1"": 10181, ""10"": 124, ""11"": 72, ""12"": 19, ""13"": 16, ""14"": 10, ""19"": 2, ""2"": 3638, ""20"": 3, ""3"": 2436, ""30"": 3, ""4"": 2156, ""5"": 1205, ""6"": 1520, ""7"": 731, ""8"": 433, ""9"": 282}",65532,3253,4.9639870597570654,4679,20.49406508694319,0,0.0,22831,22799,0,0.0,0,0.0,5,9106,0,9101,5,9106,9106,1.0005493901769036,0.054939017690363696,34,380,1026,1448,34,1482,1753,1.0234806629834254,2.3480662983425415,10,110.46809020001092,1232056320
train,stratum,cyrillic_african,uk,boundary_bpe,65536,observed,32,95676,95676,53182,21808,4.387197358767425,0.4100635553382723,0.22793595049960283,0,0.0,4.387197358767425,4,12,29,"{""1"": 7652, ""10"": 1031, ""11"": 37, ""12"": 577, ""13"": 14, ""14"": 375, ""15"": 24, ""16"": 218, ""17"": 13, ""18"": 107, ""19"": 21, ""2"": 2173, ""20"": 112, ""21"": 5, ""22"": 35, ""23"": 3, ""24"": 24, ""26"": 3, ""28"": 10, ""29"": 3, ""3"": 470, ""4"": 4069, ""5"": 364, ""6"": 2594, ""7"": 111, ""8"": 1708, ""9"": 55}",65532,2903,4.429896844289813,3790,17.378943506969918,0,0.0,21808,21776,0,0.0,0,0.0,0,7093,0,7093,0,7093,7093,1.0,0.0,11,650,1143,1849,11,1860,2167,1.005949161709032,0.5949161709031909,18,110.46809020001092,1232056320
train,stratum,cyrillic_african,yo,boundary_bpe,65536,observed,32,69432,69432,59766,25801,2.69105848610519,0.43170029782819663,0.3716009908975688,0,0.0,2.69105848610519,1,7,21,"{""1"": 12945, ""10"": 200, ""11"": 139, ""12"": 48, ""13"": 68, ""14"": 30, ""15"": 36, ""16"": 8, ""17"": 2, ""19"": 2, ""2"": 3270, ""21"": 2, ""3"": 2484, ""4"": 2204, ""5"": 1165, ""6"": 1684, ""7"": 837, ""8"": 393, ""9"": 284}",65532,2544,3.882072880424831,3125,12.111933645982713,0,0.0,25801,25769,0,0.0,0,0.0,0,11487,0,11487,0,11487,11487,1.0,0.0,8,450,1092,1592,8,1600,1859,1.0050251256281406,0.5025125628140703,11,110.46809020001092,1232056320
train,stratum,indic_cjk_arabic,ar,boundary_bpe,65536,observed,32,97740,97740,54940,25061,3.900083795538885,0.45615216599927194,0.2564047472887252,0,0.0,3.900083795538885,4,10,22,"{""1"": 9274, ""10"": 934, ""11"": 15, ""12"": 464, ""13"": 17, ""14"": 410, ""15"": 8, ""16"": 171, ""18"": 50, ""2"": 2708, ""20"": 31, ""22"": 10, ""3"": 317, ""4"": 5360, ""5"": 134, ""6"": 3440, ""7"": 50, ""8"": 1643, ""9"": 25}",65532,2605,3.9751571751205517,3973,15.853317904313474,0,0.0,25061,25029,0,0.0,0,0.0,0,8838,0,8838,0,8838,8838,1.0,0.0,24,784,644,1426,24,1450,1757,1.0168302945301544,1.6830294530154277,16,110.46809020001092,1232056320
train,stratum,indic_cjk_arabic,bn,boundary_bpe,65536,observed,32,152004,152004,58399,23652,6.426686960933536,0.4050069350502577,0.15560116839030552,0,0.0,6.426686960933536,4,18,45,"{""1"": 8941, ""10"": 38, ""11"": 31, ""12"": 2072, ""13"": 46, ""14"": 15, ""15"": 1197, ""16"": 15, ""17"": 20, ""18"": 765, ""19"": 4, ""2"": 224, ""20"": 13, ""21"": 461, ""22"": 4, ""24"": 273, ""25"": 7, ""27"": 163, ""28"": 2, ""3"": 2557, ""30"": 68, ""31"": 6, ""33"": 68, ""36"": 19, ""37"": 8, ""39"": 28, ""4"": 120, ""42"": 9, ""43"": 3, ""45"": 8, ""5"": 113, ""6"": 3513, ""7"": 62, ""8"": 20, ""9"": 2759}",65532,2332,3.5585668070560947,4162,17.596820564857094,0,0.0,23652,23620,0,0.0,0,0.0,0,8515,0,8515,0,8515,8515,1.0,0.0,10,643,769,1429,9,1439,1661,1.006997900629811,0.6298110566829951,27,110.46809020001092,1232056320
train,stratum,indic_cjk_arabic,fa,boundary_bpe,65536,observed,32,93798,93798,52677,23695,3.958556657522684,0.44981680809461433,0.2526173265954498,0,0.0,3.958556657522684,2,10,25,"{""1"": 10171, ""10"": 1248, ""11"": 59, ""12"": 485, ""13"": 57, ""14"": 305, ""15"": 31, ""16"": 80, ""17"": 37, ""18"": 16, ""19"": 23, ""2"": 1749, ""20"": 3, ""21"": 6, ""22"": 9, ""25"": 12, ""3"": 214, ""4"": 4065, ""5"": 81, ""6"": 2630, ""7"": 195, ""8"": 2037, ""9"": 182}",65532,2177,3.3220411402063115,2780,11.732433002743194,0,0.0,23695,23663,0,0.0,0,0.0,0,9930,0,9930,0,9930,9930,1.0,0.0,14,462,694,1169,12,1183,1405,1.0119760479041917,1.0265183917878529,14,110.46809020001092,1232056320
train,stratum,indic_cjk_arabic,gu,boundary_bpe,65536,observed,32,146974,146974,58881,25549,5.752632196954871,0.43390907083779146,0.17383346714384856,0,0.0,5.752632196954871,3,18,37,"{""1"": 10218, ""10"": 130, ""11"": 9, ""12"": 1864, ""13"": 69, ""14"": 2, ""15"": 969, ""16"": 1, ""17"": 3, ""18"": 793, ""19"": 6, ""2"": 331, ""20"": 9, ""21"": 353, ""22"": 12, ""24"": 224, ""25"": 6, ""26"": 2, ""27"": 104, ""28"": 3, ""3"": 2467, ""30"": 53, ""32"": 2, ""33"": 29, ""36"": 5, ""37"": 3, ""4"": 147, ""5"": 84, ""6"": 4441, ""7"": 360, ""8"": 42, ""9"": 2808}",65532,2421,3.6943783189891963,4017,15.72272887392853,0,0.0,25549,25517,0,0.0,0,0.0,0,9723,0,9723,0,9723,9723,1.0,0.0,14,435,920,1374,13,1388,1630,1.01018922852984,0.9461426491994177,24,110.46809020001092,1232056320
train,stratum,indic_cjk_arabic,hi,boundary_bpe,65536,observed,32,153237,153237,61359,28237,5.426815879873924,0.46019328867810755,0.18427011753036146,0,0.0,5.426815879873924,3,15,37,"{""1"": 12269, ""10"": 116, ""11"": 26, ""12"": 2328, ""13"": 19, ""14"": 15, ""15"": 1043, ""16"": 16, ""17"": 2, ""18"": 638, ""19"": 8, ""2"": 307, ""21"": 263, ""22"": 3, ""24"": 181, ""25"": 8, ""27"": 68, ""28"": 3, ""29"": 2, ""3"": 1675, ""30"": 41, ""31"": 2, ""32"": 2, ""33"": 16, ""36"": 1, ""37"": 3, ""4"": 116, ""5"": 93, ""6"": 5817, ""7"": 221, ""8"": 16, ""9"": 2919}",65532,2530,3.8607092718061407,3282,11.623047774196976,0,0.0,28237,28205,0,0.0,0,0.0,0,11810,0,11810,0,11810,11810,1.0,0.0,10,518,915,1447,10,1457,1692,1.0069108500345543,0.691085003455425,24,110.46809020001092,1232056320
train,stratum,indic_cjk_arabic,ja,boundary_bpe,65536,observed,32,142468,142468,61333,28322,5.030294470729468,0.46177424877309114,0.19879551899373896,0,0.0,5.030294470729468,3,12,341,"{""1"": 5852, ""10"": 71, ""105"": 11, ""11"": 72, ""12"": 943, ""126"": 1, ""13"": 26, ""134"": 2, ""14"": 27, ""144"": 1, ""15"": 511, ""158"": 2, ""16"": 17, ""17"": 20, ""175"": 10, ""179"": 1, ""18"": 255, ""19"": 16, ""192"": 2, ""197"": 1, ""198"": 2, ""2"": 1641, ""20"": 14, ""21"": 113, ""216"": 3, ""22"": 5, ""23"": 8, ""24"": 59, ""240"": 5, ""25"": 10, ""26"": 6, ""27"": 60, ""28"": 4, ""29"": 2, ""3"": 10095, ""30"": 59, ""31"": 16, ""32"": 9, ""33"": 13, ""34"": 13, ""341"": 2, ""36"": 14, ""37"": 1, ""39"": 2, ""4"": 577, ""40"": 4, ""41"": 5, ""42"": 5, ""43"": 1, ""44"": 6, ""45"": 2, ""49"": 2, ""5"": 356, ""51"": 6, ""54"": 1, ""57"": 4, ""59"": 5, ""6"": 5180, ""61"": 2, ""62"": 1, ""64"": 2, ""65"": 6, ""66"": 1, ""69"": 4, ""7"": 166, ""71"": 2, ""73"": 2, ""75"": 8, ""77"": 2, ""78"": 2, ""8"": 76, ""9"": 1896, ""99"": 1}",65532,5551,8.470670817310626,7782,27.47687310218205,0,0.0,28322,28290,0,0.0,0,0.0,0,4436,0,4436,0,4436,4436,1.0,0.0,138,1542,2082,4082,129,4220,4644,1.0338069573738364,3.1602155805977463,27,110.46809020001092,1232056320
train,stratum,indic_cjk_arabic,kn,boundary_bpe,65536,observed,32,153841,153841,60531,23179,6.63708529272186,0.382927756025838,0.15066854739633778,0,0.0,6.63708529272186,5,18,58,"{""1"": 8076, ""10"": 110, ""11"": 12, ""12"": 2199, ""13"": 44, ""14"": 4, ""15"": 1415, ""16"": 44, ""17"": 1, ""18"": 870, ""19"": 53, ""2"": 845, ""20"": 2, ""21"": 394, ""22"": 57, ""24"": 234, ""25"": 38, ""26"": 1, ""27"": 158, ""28"": 15, ""29"": 2, ""3"": 2441, ""30"": 78, ""31"": 13, ""33"": 60, ""34"": 5, ""36"": 17, ""39"": 6, ""4"": 183, ""40"": 4, ""42"": 7, ""45"": 2, ""5"": 94, ""58"": 4, ""6"": 3202, ""7"": 159, ""8"": 25, ""9"": 2305}",65532,2878,4.391747543185009,4686,20.216575348375684,0,0.0,23179,23147,0,0.0,0,0.0,0,7243,0,7243,0,7243,7243,1.0,0.0,11,436,954,1423,10,1434,1662,1.0077301475755447,0.7027406886858749,27,110.46809020001092,1232056320
train,stratum,indic_cjk_arabic,ko,boundary_bpe,65536,observed,32,118352,118352,51206,33202,3.5646045418950667,0.6484005780572589,0.2805360281195079,0,0.0,3.5646045418950667,3,9,27,"{""1"": 11943, ""10"": 202, ""11"": 12, ""12"": 510, ""13"": 84, ""14"": 16, ""15"": 193, ""16"": 42, ""17"": 6, ""18"": 33, ""19"": 3, ""2"": 423, ""20"": 3, ""21"": 12, ""22"": 9, ""24"": 3, ""25"": 6, ""27"": 3, ""3"": 10633, ""4"": 427, ""5"": 115, ""6"": 6458, ""7"": 320, ""8"": 42, ""9"": 1704}",65532,3425,5.226454251358115,5669,17.074272634178666,0,0.0,33202,33170,0,0.0,0,0.0,1,11053,0,11052,1,11053,11053,1.0000904813608396,0.009048136083966703,48,885,1483,2443,46,2491,2934,1.0196479738027016,1.882930822758903,13,110.46809020001092,1232056320
train,stratum,indic_cjk_arabic,ml,boundary_bpe,65536,observed,32,137273,137273,52226,18035,7.6114776822844465,0.34532608279401067,0.13138053368105893,0,0.0,7.6114776822844465,6,24,66,"{""1"": 5563, ""10"": 42, ""11"": 2, ""12"": 1697, ""13"": 40, ""14"": 12, ""15"": 1116, ""16"": 27, ""18"": 723, ""19"": 28, ""2"": 320, ""20"": 4, ""21"": 477, ""22"": 13, ""24"": 311, ""25"": 13, ""26"": 3, ""27"": 250, ""28"": 17, ""3"": 2240, ""30"": 73, ""33"": 87, ""34"": 5, ""36"": 48, ""37"": 11, ""39"": 52, ""4"": 212, ""40"": 5, ""42"": 25, ""45"": 11, ""48"": 13, ""5"": 115, ""51"": 3, ""54"": 3, ""6"": 2359, ""60"": 3, ""66"": 3, ""7"": 163, ""8"": 26, ""9"": 1920}",65532,2403,3.666910822193737,4230,23.454394233434986,0,0.0,18035,18003,0,0.0,0,0.0,0,5197,0,5197,0,5197,5197,1.0,0.0,4,316,823,1173,4,1177,1378,1.0034100596760442,0.3410059676044331,34,110.46809020001092,1232056320
train,stratum,indic_cjk_arabic,mr,boundary_bpe,65536,observed,32,145113,145113,56571,21326,6.8045109256306855,0.3769776033656821,0.14696133358141586,0,0.0,6.8045109256306855,6,21,48,"{""1"": 8228, ""10"": 155, ""11"": 11, ""12"": 1839, ""13"": 134, ""14"": 4, ""15"": 1040, ""16"": 44, ""17"": 5, ""18"": 919, ""19"": 19, ""2"": 240, ""20"": 7, ""21"": 545, ""22"": 9, ""24"": 324, ""25"": 1, ""27"": 137, ""3"": 1625, ""30"": 117, ""31"": 2, ""33"": 69, ""36"": 42, ""37"": 2, ""38"": 2, ""39"": 14, ""4"": 144, ""40"": 2, ""42"": 7, ""45"": 4, ""48"": 4, ""5"": 67, ""6"": 3369, ""7"": 113, ""8"": 39, ""9"": 2043}",65532,2765,4.219312702191296,3875,18.17030854356185,0,0.0,21326,21294,0,0.0,0,0.0,0,7780,0,7780,0,7780,7780,1.0,0.0,14,422,857,1323,14,1337,1551,1.0105820105820107,1.0582010582010581,30,110.46809020001092,1232056320
train,stratum,indic_cjk_arabic,ta,boundary_bpe,65536,observed,32,140738,140738,53567,18502,7.6066371203113174,0.345399219668826,0.13146413903849707,0,0.0,7.6066371203113174,6,21,52,"{""1"": 6229, ""10"": 121, ""11"": 20, ""12"": 1855, ""13"": 41, ""14"": 15, ""15"": 1070, ""16"": 39, ""18"": 868, ""19"": 34, ""2"": 213, ""20"": 3, ""21"": 544, ""22"": 25, ""24"": 331, ""25"": 40, ""27"": 162, ""28"": 10, ""29"": 4, ""3"": 1485, ""30"": 106, ""31"": 6, ""33"": 34, ""34"": 3, ""36"": 46, ""37"": 3, ""39"": 49, ""4"": 145, ""40"": 2, ""42"": 11, ""45"": 6, ""46"": 5, ""48"": 4, ""5"": 69, ""52"": 5, ""6"": 2676, ""7"": 118, ""8"": 11, ""9"": 2094}",65532,2133,3.254898370261857,3782,20.4410334017944,0,0.0,18502,18470,0,0.0,0,0.0,0,5791,0,5791,0,5791,5791,1.0,0.0,4,438,874,1357,3,1361,1788,1.0029476787030214,0.2210759027266028,30,110.46809020001092,1232056320
train,stratum,indic_cjk_arabic,te,boundary_bpe,65536,observed,32,158103,158103,60933,22957,6.886919022520364,0.3767580785452874,0.14520281082585404,0,0.0,6.886919022520364,6,21,68,"{""1"": 8064, ""10"": 83, ""11"": 17, ""12"": 2090, ""13"": 58, ""14"": 5, ""15"": 1170, ""16"": 65, ""18"": 974, ""19"": 71, ""2"": 344, ""20"": 5, ""21"": 460, ""22"": 62, ""23"": 2, ""24"": 269, ""25"": 36, ""27"": 204, ""28"": 9, ""3"": 2124, ""30"": 95, ""31"": 10, ""32"": 4, ""33"": 53, ""34"": 19, ""35"": 4, ""36"": 24, ""37"": 10, ""39"": 19, ""4"": 119, ""42"": 6, ""48"": 9, ""5"": 81, ""6"": 4132, ""68"": 3, ""7"": 163, ""8"": 45, ""9"": 2049}",65532,2565,3.9141182933528658,4521,19.693339722089124,0,0.0,22957,22925,0,0.0,0,0.0,0,7488,0,7488,0,7488,7488,1.0,0.0,11,612,949,1580,11,1591,1939,1.0069620253164557,0.6962025316455697,30,110.46809020001092,1232056320
train,stratum,indic_cjk_arabic,ur,boundary_bpe,65536,observed,32,112341,112341,64366,31342,3.584359645204518,0.48693409564055556,0.27898986122608843,0,0.0,3.584359645204518,2,10,39,"{""1"": 13878, ""10"": 1211, ""11"": 4, ""12"": 490, ""13"": 4, ""14"": 174, ""16"": 43, ""18"": 15, ""2"": 2086, ""20"": 13, ""3"": 191, ""39"": 2, ""4"": 6337, ""5"": 82, ""6"": 4157, ""7"": 61, ""8"": 2573, ""9"": 21}",65532,2495,3.807300250259415,3009,9.600536021951376,0,0.0,31342,31310,0,0.0,0,0.0,0,13545,0,13545,0,13545,13545,1.0,0.0,19,731,781,1527,18,1546,1777,1.0124426981008514,1.1787819253438114,12,110.46809020001092,1232056320
train,stratum,indic_cjk_arabic,zh,boundary_bpe,65536,observed,32,130086,130086,53452,31189,4.170893584276508,0.5834954725735239,0.23975677628645664,0,0.0,4.170893584276508,3,9,273,"{""1"": 5215, ""10"": 171, ""11"": 46, ""116"": 2, ""12"": 478, ""13"": 57, ""14"": 48, ""148"": 2, ""15"": 164, ""16"": 22, ""17"": 12, ""18"": 79, ""19"": 38, ""191"": 1, ""2"": 883, ""20"": 9, ""21"": 93, ""22"": 9, ""23"": 9, ""24"": 44, ""25"": 9, ""26"": 2, ""269"": 17, ""27"": 3, ""273"": 2, ""28"": 7, ""3"": 15571, ""30"": 11, ""31"": 2, ""32"": 2, ""33"": 9, ""34"": 2, ""36"": 2, ""37"": 2, ""39"": 4, ""4"": 906, ""40"": 3, ""42"": 3, ""44"": 2, ""45"": 2, ""5"": 216, ""52"": 2, ""53"": 2, ""6"": 5828, ""7"": 259, ""8"": 134, ""80"": 2, ""9"": 801, ""99"": 2}",65532,5705,8.705670512116217,8473,27.16662926031614,0,0.0,31189,31157,0,0.0,0,0.0,0,3755,0,3755,0,3755,3755,1.0,0.0,61,1471,1501,3235,59,3296,3602,1.018856259659969,1.8238021638330757,18,110.46809020001092,1232056320
train,stratum,latin_english,en,boundary_bpe,65536,observed,32,59492,59492,59076,22052,2.6978051877380738,0.373281874195951,0.3706716869495058,0,0.0,2.6978051877380738,2,8,17,"{""1"": 10485, ""10"": 177, ""11"": 103, ""12"": 41, ""13"": 23, ""14"": 16, ""15"": 6, ""16"": 13, ""17"": 2, ""2"": 2637, ""3"": 2916, ""4"": 2135, ""5"": 1215, ""6"": 904, ""7"": 632, ""8"": 451, ""9"": 296}",65532,3724,5.682719892571568,3782,17.150371848358425,0,0.0,22052,22020,0,0.0,0,0.0,3,9301,0,9298,3,9301,9301,1.000322650032265,0.032265003226500326,28,530,1199,1764,25,1792,2096,1.0158730158730158,1.417233560090703,10,110.46809020001092,1232056320
train,language,,am,boundary_bpe,65536,observed,32,147317,147317,59501,33518,4.395160809117489,0.5633182635585956,0.22752296069021227,0,0.0,4.395160809117489,3,12,27,"{""1"": 11710, ""10"": 22, ""11"": 32, ""12"": 1492, ""13"": 5, ""14"": 15, ""15"": 598, ""16"": 5, ""17"": 7, ""18"": 248, ""19"": 5, ""2"": 412, ""20"": 8, ""21"": 64, ""24"": 12, ""27"": 3, ""3"": 7595, ""4"": 158, ""5"": 139, ""6"": 7454, ""7"": 54, ""8"": 103, ""9"": 3377}",65532,3012,4.596227797106757,5334,15.913837341130138,0,0.0,33518,33486,0,0.0,0,0.0,0,11206,0,11206,0,11206,11206,1.0,0.0,41,1101,987,2105,38,2146,2807,1.019477434679335,1.8052256532066508,18,110.46809020001092,1232056320
train,language,,ar,boundary_bpe,65536,observed,32,97740,97740,54940,25061,3.900083795538885,0.45615216599927194,0.2564047472887252,0,0.0,3.900083795538885,4,10,22,"{""1"": 9274, ""10"": 934, ""11"": 15, ""12"": 464, ""13"": 17, ""14"": 410, ""15"": 8, ""16"": 171, ""18"": 50, ""2"": 2708, ""20"": 31, ""22"": 10, ""3"": 317, ""4"": 5360, ""5"": 134, ""6"": 3440, ""7"": 50, ""8"": 1643, ""9"": 25}",65532,2605,3.9751571751205517,3973,15.853317904313474,0,0.0,25061,25029,0,0.0,0,0.0,0,8838,0,8838,0,8838,8838,1.0,0.0,24,784,644,1426,24,1450,1757,1.0168302945301544,1.6830294530154277,16,110.46809020001092,1232056320
train,language,,bg,boundary_bpe,65536,observed,32,102609,102609,58537,24945,4.113409500901985,0.42614073150315185,0.24310732976639476,0,0.0,4.113409500901985,3,12,31,"{""1"": 9595, ""10"": 1109, ""11"": 40, ""12"": 633, ""13"": 24, ""14"": 333, ""15"": 9, ""16"": 218, ""17"": 9, ""18"": 89, ""19"": 6, ""2"": 2293, ""20"": 80, ""21"": 12, ""22"": 19, ""23"": 2, ""24"": 19, ""25"": 4, ""26"": 22, ""28"": 1, ""29"": 3, ""3"": 628, ""30"": 3, ""31"": 3, ""4"": 4782, ""5"": 432, ""6"": 2299, ""7"": 146, ""8"": 2082, ""9"": 50}",65532,3081,4.701519868156016,3727,14.940869913810383,0,0.0,24945,24913,0,0.0,0,0.0,0,8973,0,8973,0,8973,8973,1.0,0.0,19,650,1264,1976,17,1995,2303,1.0096153846153846,0.8603238866396761,18,110.46809020001092,1232056320
train,language,,bn,boundary_bpe,65536,observed,32,152004,152004,58399,23652,6.426686960933536,0.4050069350502577,0.15560116839030552,0,0.0,6.426686960933536,4,18,45,"{""1"": 8941, ""10"": 38, ""11"": 31, ""12"": 2072, ""13"": 46, ""14"": 15, ""15"": 1197, ""16"": 15, ""17"": 20, ""18"": 765, ""19"": 4, ""2"": 224, ""20"": 13, ""21"": 461, ""22"": 4, ""24"": 273, ""25"": 7, ""27"": 163, ""28"": 2, ""3"": 2557, ""30"": 68, ""31"": 6, ""33"": 68, ""36"": 19, ""37"": 8, ""39"": 28, ""4"": 120, ""42"": 9, ""43"": 3, ""45"": 8, ""5"": 113, ""6"": 3513, ""7"": 62, ""8"": 20, ""9"": 2759}",65532,2332,3.5585668070560947,4162,17.596820564857094,0,0.0,23652,23620,0,0.0,0,0.0,0,8515,0,8515,0,8515,8515,1.0,0.0,10,643,769,1429,9,1439,1661,1.006997900629811,0.6298110566829951,27,110.46809020001092,1232056320
train,language,,c,boundary_bpe,65536,observed,32,51063,51063,51060,17954,2.844101592959786,0.3516255385820603,0.35160488024597064,0,0.0,2.844101592959786,1,9,119,"{""1"": 11114, ""10"": 198, ""100"": 2, ""11"": 169, ""116"": 1, ""119"": 3, ""12"": 83, ""13"": 62, ""14"": 41, ""15"": 57, ""16"": 30, ""17"": 23, ""18"": 15, ""19"": 12, ""2"": 1465, ""20"": 19, ""21"": 16, ""22"": 21, ""23"": 19, ""24"": 11, ""25"": 6, ""26"": 10, ""27"": 4, ""28"": 7, ""3"": 1292, ""30"": 6, ""31"": 4, ""34"": 2, ""37"": 2, ""4"": 783, ""40"": 2, ""41"": 2, ""42"": 3, ""46"": 1, ""5"": 552, ""51"": 2, ""52"": 1, ""6"": 554, ""7"": 564, ""72"": 4, ""75"": 1, ""76"": 1, ""77"": 2, ""79"": 2, ""8"": 485, ""9"": 301}",65532,2519,3.843923579320027,2159,12.025175448368051,0,0.0,17954,17922,0,0.0,0,0.0,3814,9740,0,5926,1126,9740,9740,1.6436044549443132,19.001012487343907,27,1300,2092,4093,22,4120,6116,1.0065966283899341,0.537503053994625,18,110.46809020001092,1232056320
train,language,,cpp,boundary_bpe,65536,observed,32,54217,54217,54213,17924,3.0248270475340324,0.3306218065777581,0.33059741409521,0,0.0,3.0248270475340324,1,10,106,"{""1"": 10907, ""10"": 180, ""106"": 2, ""11"": 157, ""12"": 76, ""13"": 90, ""14"": 64, ""15"": 50, ""16"": 29, ""17"": 40, ""18"": 30, ""19"": 22, ""2"": 1443, ""20"": 17, ""21"": 18, ""22"": 19, ""23"": 12, ""24"": 19, ""25"": 12, ""26"": 7, ""27"": 8, ""28"": 13, ""29"": 5, ""3"": 1071, ""30"": 14, ""31"": 12, ""32"": 2, ""33"": 5, ""34"": 1, ""36"": 8, ""37"": 4, ""38"": 8, ""4"": 802, ""40"": 6, ""42"": 4, ""46"": 3, ""5"": 727, ""51"": 2, ""57"": 2, ""6"": 655, ""66"": 2, ""7"": 536, ""75"": 1, ""76"": 1, ""79"": 3, ""8"": 550, ""9"": 285}",65532,2750,4.196423121528413,2506,13.981254184333855,0,0.0,17924,17892,0,0.0,0,0.0,4223,9575,0,5352,1007,9575,9575,1.789050822122571,18.815396113602393,48,1321,2427,4478,45,4526,6268,1.0107190710138454,1.0049129075480125,21,110.46809020001092,1232056320
train,language,,en,boundary_bpe,65536,observed,32,59492,59492,59076,22052,2.6978051877380738,0.373281874195951,0.3706716869495058,0,0.0,2.6978051877380738,2,8,17,"{""1"": 10485, ""10"": 177, ""11"": 103, ""12"": 41, ""13"": 23, ""14"": 16, ""15"": 6, ""16"": 13, ""17"": 2, ""2"": 2637, ""3"": 2916, ""4"": 2135, ""5"": 1215, ""6"": 904, ""7"": 632, ""8"": 451, ""9"": 296}",65532,3724,5.682719892571568,3782,17.150371848358425,0,0.0,22052,22020,0,0.0,0,0.0,3,9301,0,9298,3,9301,9301,1.000322650032265,0.032265003226500326,28,530,1199,1764,25,1792,2096,1.0158730158730158,1.417233560090703,10,110.46809020001092,1232056320
train,language,,fa,boundary_bpe,65536,observed,32,93798,93798,52677,23695,3.958556657522684,0.44981680809461433,0.2526173265954498,0,0.0,3.958556657522684,2,10,25,"{""1"": 10171, ""10"": 1248, ""11"": 59, ""12"": 485, ""13"": 57, ""14"": 305, ""15"": 31, ""16"": 80, ""17"": 37, ""18"": 16, ""19"": 23, ""2"": 1749, ""20"": 3, ""21"": 6, ""22"": 9, ""25"": 12, ""3"": 214, ""4"": 4065, ""5"": 81, ""6"": 2630, ""7"": 195, ""8"": 2037, ""9"": 182}",65532,2177,3.3220411402063115,2780,11.732433002743194,0,0.0,23695,23663,0,0.0,0,0.0,0,9930,0,9930,0,9930,9930,1.0,0.0,14,462,694,1169,12,1183,1405,1.0119760479041917,1.0265183917878529,14,110.46809020001092,1232056320
train,language,,go,boundary_bpe,65536,observed,32,56813,56813,56813,18233,3.115943618713322,0.3209300688222766,0.3209300688222766,0,0.0,3.115943618713322,1,10,52,"{""1"": 10539, ""10"": 199, ""11"": 173, ""12"": 83, ""13"": 87, ""14"": 64, ""15"": 54, ""16"": 33, ""17"": 55, ""18"": 23, ""19"": 31, ""2"": 1750, ""20"": 21, ""21"": 18, ""22"": 25, ""23"": 10, ""24"": 22, ""25"": 9, ""26"": 10, ""27"": 3, ""28"": 12, ""29"": 20, ""3"": 1287, ""30"": 3, ""31"": 6, ""32"": 8, ""33"": 31, ""34"": 9, ""35"": 8, ""36"": 7, ""37"": 8, ""38"": 2, ""39"": 2, ""4"": 967, ""40"": 6, ""42"": 10, ""45"": 2, ""48"": 2, ""5"": 547, ""52"": 2, ""6"": 834, ""7"": 538, ""8"": 450, ""9"": 263}",65532,2674,4.0804492461698105,2750,15.08254264246147,0,0.0,18233,18201,0,0.0,0,0.0,2645,9031,0,6386,1489,9031,9031,1.414187284685249,23.316630128405887,44,1495,2489,5404,39,5448,6454,1.008142116950407,0.7216876387860843,23,110.46809020001092,1232056320
train,language,,gu,boundary_bpe,65536,observed,32,146974,146974,58881,25549,5.752632196954871,0.43390907083779146,0.17383346714384856,0,0.0,5.752632196954871,3,18,37,"{""1"": 10218, ""10"": 130, ""11"": 9, ""12"": 1864, ""13"": 69, ""14"": 2, ""15"": 969, ""16"": 1, ""17"": 3, ""18"": 793, ""19"": 6, ""2"": 331, ""20"": 9, ""21"": 353, ""22"": 12, ""24"": 224, ""25"": 6, ""26"": 2, ""27"": 104, ""28"": 3, ""3"": 2467, ""30"": 53, ""32"": 2, ""33"": 29, ""36"": 5, ""37"": 3, ""4"": 147, ""5"": 84, ""6"": 4441, ""7"": 360, ""8"": 42, ""9"": 2808}",65532,2421,3.6943783189891963,4017,15.72272887392853,0,0.0,25549,25517,0,0.0,0,0.0,0,9723,0,9723,0,9723,9723,1.0,0.0,14,435,920,1374,13,1388,1630,1.01018922852984,0.9461426491994177,24,110.46809020001092,1232056320
train,language,,hi,boundary_bpe,65536,observed,32,153237,153237,61359,28237,5.426815879873924,0.46019328867810755,0.18427011753036146,0,0.0,5.426815879873924,3,15,37,"{""1"": 12269, ""10"": 116, ""11"": 26, ""12"": 2328, ""13"": 19, ""14"": 15, ""15"": 1043, ""16"": 16, ""17"": 2, ""18"": 638, ""19"": 8, ""2"": 307, ""21"": 263, ""22"": 3, ""24"": 181, ""25"": 8, ""27"": 68, ""28"": 3, ""29"": 2, ""3"": 1675, ""30"": 41, ""31"": 2, ""32"": 2, ""33"": 16, ""36"": 1, ""37"": 3, ""4"": 116, ""5"": 93, ""6"": 5817, ""7"": 221, ""8"": 16, ""9"": 2919}",65532,2530,3.8607092718061407,3282,11.623047774196976,0,0.0,28237,28205,0,0.0,0,0.0,0,11810,0,11810,0,11810,11810,1.0,0.0,10,518,915,1447,10,1457,1692,1.0069108500345543,0.691085003455425,24,110.46809020001092,1232056320
train,language,,ja,boundary_bpe,65536,observed,32,142468,142468,61333,28322,5.030294470729468,0.46177424877309114,0.19879551899373896,0,0.0,5.030294470729468,3,12,341,"{""1"": 5852, ""10"": 71, ""105"": 11, ""11"": 72, ""12"": 943, ""126"": 1, ""13"": 26, ""134"": 2, ""14"": 27, ""144"": 1, ""15"": 511, ""158"": 2, ""16"": 17, ""17"": 20, ""175"": 10, ""179"": 1, ""18"": 255, ""19"": 16, ""192"": 2, ""197"": 1, ""198"": 2, ""2"": 1641, ""20"": 14, ""21"": 113, ""216"": 3, ""22"": 5, ""23"": 8, ""24"": 59, ""240"": 5, ""25"": 10, ""26"": 6, ""27"": 60, ""28"": 4, ""29"": 2, ""3"": 10095, ""30"": 59, ""31"": 16, ""32"": 9, ""33"": 13, ""34"": 13, ""341"": 2, ""36"": 14, ""37"": 1, ""39"": 2, ""4"": 577, ""40"": 4, ""41"": 5, ""42"": 5, ""43"": 1, ""44"": 6, ""45"": 2, ""49"": 2, ""5"": 356, ""51"": 6, ""54"": 1, ""57"": 4, ""59"": 5, ""6"": 5180, ""61"": 2, ""62"": 1, ""64"": 2, ""65"": 6, ""66"": 1, ""69"": 4, ""7"": 166, ""71"": 2, ""73"": 2, ""75"": 8, ""77"": 2, ""78"": 2, ""8"": 76, ""9"": 1896, ""99"": 1}",65532,5551,8.470670817310626,7782,27.47687310218205,0,0.0,28322,28290,0,0.0,0,0.0,0,4436,0,4436,0,4436,4436,1.0,0.0,138,1542,2082,4082,129,4220,4644,1.0338069573738364,3.1602155805977463,27,110.46809020001092,1232056320
train,language,,java,boundary_bpe,65536,observed,32,43999,43999,43605,13513,3.2560497298897357,0.3098956541681,0.30712061637764493,0,0.0,3.2560497298897357,1,11,80,"{""1"": 8551, ""10"": 149, ""11"": 120, ""12"": 69, ""13"": 56, ""14"": 62, ""15"": 60, ""16"": 26, ""17"": 18, ""18"": 28, ""19"": 20, ""2"": 697, ""20"": 37, ""21"": 14, ""22"": 21, ""23"": 12, ""24"": 20, ""25"": 17, ""26"": 7, ""27"": 12, ""28"": 11, ""29"": 2, ""3"": 710, ""30"": 11, ""31"": 4, ""32"": 5, ""33"": 4, ""34"": 2, ""35"": 1, ""36"": 3, ""37"": 11, ""38"": 2, ""39"": 8, ""4"": 557, ""40"": 3, ""41"": 5, ""42"": 4, ""43"": 4, ""44"": 3, ""45"": 6, ""46"": 4, ""47"": 2, ""48"": 2, ""49"": 2, ""5"": 418, ""50"": 7, ""52"": 2, ""53"": 2, ""54"": 2, ""55"": 2, ""6"": 881, ""64"": 2, ""7"": 424, ""72"": 2, ""78"": 2, ""8"": 239, ""80"": 2, ""9"": 166}",65532,2042,3.116034914240371,1781,13.179900836231777,0,0.0,13513,13481,0,0.0,0,0.0,3819,7594,0,3775,864,7594,7594,2.011655629139073,22.887417218543046,21,984,1445,3273,20,3294,4145,1.0064161319890008,0.6110601894286587,26,110.46809020001092,1232056320
train,language,,javascript,boundary_bpe,65536,observed,32,38980,38980,38152,14315,2.723017813482361,0.37520968756552736,0.3672396100564392,0,0.0,2.723017813482361,1,9,57,"{""1"": 8888, ""10"": 108, ""11"": 82, ""12"": 58, ""13"": 57, ""14"": 34, ""15"": 24, ""16"": 39, ""17"": 30, ""18"": 18, ""19"": 21, ""2"": 1456, ""20"": 13, ""21"": 21, ""22"": 11, ""23"": 28, ""24"": 8, ""25"": 10, ""26"": 10, ""27"": 17, ""28"": 12, ""29"": 4, ""3"": 880, ""30"": 1, ""31"": 4, ""33"": 3, ""35"": 4, ""37"": 2, ""39"": 1, ""4"": 688, ""47"": 2, ""5"": 475, ""52"": 2, ""56"": 2, ""57"": 2, ""6"": 516, ""7"": 355, ""8"": 271, ""9"": 158}",65532,2312,3.5280473661722516,2273,15.878449179182676,0,0.0,14315,14283,0,0.0,0,0.0,3746,7448,0,3702,730,7448,7448,2.011885467314965,19.719070772555376,93,1388,2055,4230,85,4323,5941,1.021985815602837,2.0094562647754137,21,110.46809020001092,1232056320
train,language,,kn,boundary_bpe,65536,observed,32,153841,153841,60531,23179,6.63708529272186,0.382927756025838,0.15066854739633778,0,0.0,6.63708529272186,5,18,58,"{""1"": 8076, ""10"": 110, ""11"": 12, ""12"": 2199, ""13"": 44, ""14"": 4, ""15"": 1415, ""16"": 44, ""17"": 1, ""18"": 870, ""19"": 53, ""2"": 845, ""20"": 2, ""21"": 394, ""22"": 57, ""24"": 234, ""25"": 38, ""26"": 1, ""27"": 158, ""28"": 15, ""29"": 2, ""3"": 2441, ""30"": 78, ""31"": 13, ""33"": 60, ""34"": 5, ""36"": 17, ""39"": 6, ""4"": 183, ""40"": 4, ""42"": 7, ""45"": 2, ""5"": 94, ""58"": 4, ""6"": 3202, ""7"": 159, ""8"": 25, ""9"": 2305}",65532,2878,4.391747543185009,4686,20.216575348375684,0,0.0,23179,23147,0,0.0,0,0.0,0,7243,0,7243,0,7243,7243,1.0,0.0,11,436,954,1423,10,1434,1662,1.0077301475755447,0.7027406886858749,27,110.46809020001092,1232056320
train,language,,ko,boundary_bpe,65536,observed,32,118352,118352,51206,33202,3.5646045418950667,0.6484005780572589,0.2805360281195079,0,0.0,3.5646045418950667,3,9,27,"{""1"": 11943, ""10"": 202, ""11"": 12, ""12"": 510, ""13"": 84, ""14"": 16, ""15"": 193, ""16"": 42, ""17"": 6, ""18"": 33, ""19"": 3, ""2"": 423, ""20"": 3, ""21"": 12, ""22"": 9, ""24"": 3, ""25"": 6, ""27"": 3, ""3"": 10633, ""4"": 427, ""5"": 115, ""6"": 6458, ""7"": 320, ""8"": 42, ""9"": 1704}",65532,3425,5.226454251358115,5669,17.074272634178666,0,0.0,33202,33170,0,0.0,0,0.0,1,11053,0,11052,1,11053,11053,1.0000904813608396,0.009048136083966703,48,885,1483,2443,46,2491,2934,1.0196479738027016,1.882930822758903,13,110.46809020001092,1232056320
train,language,,ml,boundary_bpe,65536,observed,32,137273,137273,52226,18035,7.6114776822844465,0.34532608279401067,0.13138053368105893,0,0.0,7.6114776822844465,6,24,66,"{""1"": 5563, ""10"": 42, ""11"": 2, ""12"": 1697, ""13"": 40, ""14"": 12, ""15"": 1116, ""16"": 27, ""18"": 723, ""19"": 28, ""2"": 320, ""20"": 4, ""21"": 477, ""22"": 13, ""24"": 311, ""25"": 13, ""26"": 3, ""27"": 250, ""28"": 17, ""3"": 2240, ""30"": 73, ""33"": 87, ""34"": 5, ""36"": 48, ""37"": 11, ""39"": 52, ""4"": 212, ""40"": 5, ""42"": 25, ""45"": 11, ""48"": 13, ""5"": 115, ""51"": 3, ""54"": 3, ""6"": 2359, ""60"": 3, ""66"": 3, ""7"": 163, ""8"": 26, ""9"": 1920}",65532,2403,3.666910822193737,4230,23.454394233434986,0,0.0,18035,18003,0,0.0,0,0.0,0,5197,0,5197,0,5197,5197,1.0,0.0,4,316,823,1173,4,1177,1378,1.0034100596760442,0.3410059676044331,34,110.46809020001092,1232056320
train,language,,mr,boundary_bpe,65536,observed,32,145113,145113,56571,21326,6.8045109256306855,0.3769776033656821,0.14696133358141586,0,0.0,6.8045109256306855,6,21,48,"{""1"": 8228, ""10"": 155, ""11"": 11, ""12"": 1839, ""13"": 134, ""14"": 4, ""15"": 1040, ""16"": 44, ""17"": 5, ""18"": 919, ""19"": 19, ""2"": 240, ""20"": 7, ""21"": 545, ""22"": 9, ""24"": 324, ""25"": 1, ""27"": 137, ""3"": 1625, ""30"": 117, ""31"": 2, ""33"": 69, ""36"": 42, ""37"": 2, ""38"": 2, ""39"": 14, ""4"": 144, ""40"": 2, ""42"": 7, ""45"": 4, ""48"": 4, ""5"": 67, ""6"": 3369, ""7"": 113, ""8"": 39, ""9"": 2043}",65532,2765,4.219312702191296,3875,18.17030854356185,0,0.0,21326,21294,0,0.0,0,0.0,0,7780,0,7780,0,7780,7780,1.0,0.0,14,422,857,1323,14,1337,1551,1.0105820105820107,1.0582010582010581,30,110.46809020001092,1232056320
train,language,,python,boundary_bpe,65536,observed,32,48487,48487,48387,18155,2.670724318369595,0.3752040837415008,0.3744302596572277,0,0.0,2.670724318369595,1,9,77,"{""1"": 11977, ""10"": 153, ""11"": 119, ""12"": 76, ""13"": 64, ""14"": 68, ""15"": 53, ""16"": 57, ""17"": 25, ""18"": 33, ""19"": 22, ""2"": 1127, ""20"": 12, ""21"": 20, ""22"": 27, ""23"": 6, ""24"": 10, ""25"": 5, ""26"": 6, ""27"": 6, ""28"": 14, ""29"": 2, ""3"": 994, ""30"": 2, ""32"": 6, ""4"": 865, ""42"": 2, ""49"": 2, ""5"": 639, ""58"": 2, ""6"": 765, ""61"": 2, ""63"": 2, ""7"": 428, ""72"": 1, ""77"": 3, ""8"": 312, ""9"": 248}",65532,2612,3.985838979429897,2486,13.693197466262738,0,0.0,18155,18123,0,0.0,0,0.0,6151,10776,0,4625,889,10776,10776,2.329945945945946,19.221621621621622,91,1022,2051,3862,81,3953,5228,1.0235629207664423,2.0973588814085966,18,110.46809020001092,1232056320
train,language,,ru,boundary_bpe,65536,observed,32,106212,106212,58870,23211,4.5759338244797725,0.39427552233735347,0.21853462885549654,0,0.0,4.5759338244797725,4,14,30,"{""1"": 8369, ""10"": 1314, ""11"": 35, ""12"": 722, ""13"": 33, ""14"": 475, ""15"": 18, ""16"": 254, ""17"": 11, ""18"": 163, ""2"": 2196, ""20"": 125, ""22"": 46, ""23"": 3, ""24"": 38, ""25"": 4, ""26"": 23, ""27"": 11, ""28"": 12, ""3"": 466, ""30"": 8, ""4"": 3764, ""5"": 335, ""6"": 2833, ""7"": 125, ""8"": 1790, ""9"": 38}",65532,3051,4.655740706830251,3740,16.113049847055276,0,0.0,23211,23179,0,0.0,0,0.0,0,7811,0,7811,0,7811,7811,1.0,0.0,14,613,1001,1640,14,1654,1917,1.0085365853658537,0.8536585365853658,20,110.46809020001092,1232056320
train,language,,rust,boundary_bpe,65536,observed,32,56922,56922,56922,22532,2.5262737440085212,0.3958399212958083,0.3958399212958083,0,0.0,2.5262737440085212,1,9,70,"{""1"": 14811, ""10"": 154, ""11"": 147, ""12"": 98, ""13"": 77, ""14"": 51, ""15"": 36, ""16"": 74, ""17"": 50, ""18"": 15, ""19"": 25, ""2"": 1665, ""20"": 24, ""21"": 9, ""22"": 15, ""23"": 15, ""24"": 7, ""25"": 6, ""26"": 6, ""27"": 11, ""28"": 3, ""29"": 5, ""3"": 1741, ""30"": 10, ""31"": 5, ""33"": 2, ""34"": 2, ""36"": 3, ""37"": 12, ""39"": 2, ""4"": 964, ""43"": 5, ""47"": 2, ""48"": 4, ""5"": 750, ""6"": 606, ""60"": 1, ""7"": 514, ""70"": 2, ""8"": 340, ""9"": 263}",65532,2849,4.3474943539034365,2941,13.052547488017042,0,0.0,22532,22500,0,0.0,0,0.0,7003,13231,0,6228,1138,13231,13231,2.1244380218368657,18.2723185613359,52,1862,2729,5827,44,5879,8582,1.0089239746009955,0.7551055431611464,17,110.46809020001092,1232056320
train,language,,sql,boundary_bpe,65536,observed,32,36373,36373,36088,12080,3.0110099337748344,0.3347373088007094,0.3321144805212658,0,0.0,3.0110099337748344,1,10,64,"{""1"": 7315, ""10"": 135, ""11"": 109, ""12"": 59, ""13"": 57, ""14"": 20, ""15"": 45, ""16"": 22, ""17"": 23, ""18"": 15, ""19"": 11, ""2"": 982, ""20"": 12, ""21"": 12, ""22"": 7, ""23"": 2, ""24"": 9, ""25"": 19, ""26"": 5, ""27"": 6, ""28"": 16, ""29"": 8, ""3"": 775, ""30"": 2, ""32"": 6, ""34"": 3, ""35"": 4, ""37"": 4, ""38"": 11, ""4"": 585, ""43"": 12, ""44"": 2, ""48"": 6, ""5"": 507, ""50"": 2, ""56"": 5, ""6"": 488, ""64"": 1, ""7"": 352, ""8"": 258, ""9"": 168}",65532,1807,2.757431483855216,1582,13.096026490066226,0,0.0,12080,12048,0,0.0,0,0.0,2730,6655,0,3925,609,6655,6655,1.6955414012738854,15.51592356687898,17,694,1548,3103,17,3120,4498,1.0054785691266517,0.5478569126651628,24,110.46809020001092,1232056320
train,language,,sw,boundary_bpe,65536,observed,32,62449,62449,62216,22831,2.7352722175988786,0.36696348206249196,0.3655943249691748,0,0.0,2.7352722175988786,2,7,30,"{""1"": 10181, ""10"": 124, ""11"": 72, ""12"": 19, ""13"": 16, ""14"": 10, ""19"": 2, ""2"": 3638, ""20"": 3, ""3"": 2436, ""30"": 3, ""4"": 2156, ""5"": 1205, ""6"": 1520, ""7"": 731, ""8"": 433, ""9"": 282}",65532,3253,4.9639870597570654,4679,20.49406508694319,0,0.0,22831,22799,0,0.0,0,0.0,5,9106,0,9101,5,9106,9106,1.0005493901769036,0.054939017690363696,34,380,1026,1448,34,1482,1753,1.0234806629834254,2.3480662983425415,10,110.46809020001092,1232056320
train,language,,ta,boundary_bpe,65536,observed,32,140738,140738,53567,18502,7.6066371203113174,0.345399219668826,0.13146413903849707,0,0.0,7.6066371203113174,6,21,52,"{""1"": 6229, ""10"": 121, ""11"": 20, ""12"": 1855, ""13"": 41, ""14"": 15, ""15"": 1070, ""16"": 39, ""18"": 868, ""19"": 34, ""2"": 213, ""20"": 3, ""21"": 544, ""22"": 25, ""24"": 331, ""25"": 40, ""27"": 162, ""28"": 10, ""29"": 4, ""3"": 1485, ""30"": 106, ""31"": 6, ""33"": 34, ""34"": 3, ""36"": 46, ""37"": 3, ""39"": 49, ""4"": 145, ""40"": 2, ""42"": 11, ""45"": 6, ""46"": 5, ""48"": 4, ""5"": 69, ""52"": 5, ""6"": 2676, ""7"": 118, ""8"": 11, ""9"": 2094}",65532,2133,3.254898370261857,3782,20.4410334017944,0,0.0,18502,18470,0,0.0,0,0.0,0,5791,0,5791,0,5791,5791,1.0,0.0,4,438,874,1357,3,1361,1788,1.0029476787030214,0.2210759027266028,30,110.46809020001092,1232056320
train,language,,te,boundary_bpe,65536,observed,32,158103,158103,60933,22957,6.886919022520364,0.3767580785452874,0.14520281082585404,0,0.0,6.886919022520364,6,21,68,"{""1"": 8064, ""10"": 83, ""11"": 17, ""12"": 2090, ""13"": 58, ""14"": 5, ""15"": 1170, ""16"": 65, ""18"": 974, ""19"": 71, ""2"": 344, ""20"": 5, ""21"": 460, ""22"": 62, ""23"": 2, ""24"": 269, ""25"": 36, ""27"": 204, ""28"": 9, ""3"": 2124, ""30"": 95, ""31"": 10, ""32"": 4, ""33"": 53, ""34"": 19, ""35"": 4, ""36"": 24, ""37"": 10, ""39"": 19, ""4"": 119, ""42"": 6, ""48"": 9, ""5"": 81, ""6"": 4132, ""68"": 3, ""7"": 163, ""8"": 45, ""9"": 2049}",65532,2565,3.9141182933528658,4521,19.693339722089124,0,0.0,22957,22925,0,0.0,0,0.0,0,7488,0,7488,0,7488,7488,1.0,0.0,11,612,949,1580,11,1591,1939,1.0069620253164557,0.6962025316455697,30,110.46809020001092,1232056320
train,language,,typescript,boundary_bpe,65536,observed,32,43989,43989,43698,15064,2.920140732873075,0.3447297359146872,0.34244924867580534,0,0.0,2.920140732873075,1,10,51,"{""1"": 9565, ""10"": 186, ""11"": 97, ""12"": 105, ""13"": 104, ""14"": 84, ""15"": 42, ""16"": 36, ""17"": 28, ""18"": 33, ""19"": 38, ""2"": 1161, ""20"": 17, ""21"": 24, ""22"": 4, ""23"": 23, ""24"": 10, ""25"": 13, ""26"": 5, ""27"": 7, ""28"": 15, ""3"": 669, ""30"": 2, ""31"": 6, ""32"": 2, ""33"": 2, ""34"": 4, ""35"": 2, ""38"": 2, ""4"": 661, ""40"": 2, ""42"": 2, ""48"": 1, ""5"": 523, ""51"": 2, ""6"": 570, ""7"": 424, ""8"": 339, ""9"": 254}",65532,2317,3.5356772263932124,2119,14.066648964418482,0,0.0,15064,15032,0,0.0,0,0.0,4130,8393,0,4263,984,8393,8393,1.9688013136288998,23.082336382828995,33,1298,1545,3292,31,3325,4406,1.0100243013365735,0.9416767922235723,19,110.46809020001092,1232056320
train,language,,uk,boundary_bpe,65536,observed,32,95676,95676,53182,21808,4.387197358767425,0.4100635553382723,0.22793595049960283,0,0.0,4.387197358767425,4,12,29,"{""1"": 7652, ""10"": 1031, ""11"": 37, ""12"": 577, ""13"": 14, ""14"": 375, ""15"": 24, ""16"": 218, ""17"": 13, ""18"": 107, ""19"": 21, ""2"": 2173, ""20"": 112, ""21"": 5, ""22"": 35, ""23"": 3, ""24"": 24, ""26"": 3, ""28"": 10, ""29"": 3, ""3"": 470, ""4"": 4069, ""5"": 364, ""6"": 2594, ""7"": 111, ""8"": 1708, ""9"": 55}",65532,2903,4.429896844289813,3790,17.378943506969918,0,0.0,21808,21776,0,0.0,0,0.0,0,7093,0,7093,0,7093,7093,1.0,0.0,11,650,1143,1849,11,1860,2167,1.005949161709032,0.5949161709031909,18,110.46809020001092,1232056320
train,language,,ur,boundary_bpe,65536,observed,32,112341,112341,64366,31342,3.584359645204518,0.48693409564055556,0.27898986122608843,0,0.0,3.584359645204518,2,10,39,"{""1"": 13878, ""10"": 1211, ""11"": 4, ""12"": 490, ""13"": 4, ""14"": 174, ""16"": 43, ""18"": 15, ""2"": 2086, ""20"": 13, ""3"": 191, ""39"": 2, ""4"": 6337, ""5"": 82, ""6"": 4157, ""7"": 61, ""8"": 2573, ""9"": 21}",65532,2495,3.807300250259415,3009,9.600536021951376,0,0.0,31342,31310,0,0.0,0,0.0,0,13545,0,13545,0,13545,13545,1.0,0.0,19,731,781,1527,18,1546,1777,1.0124426981008514,1.1787819253438114,12,110.46809020001092,1232056320
train,language,,yo,boundary_bpe,65536,observed,32,69432,69432,59766,25801,2.69105848610519,0.43170029782819663,0.3716009908975688,0,0.0,2.69105848610519,1,7,21,"{""1"": 12945, ""10"": 200, ""11"": 139, ""12"": 48, ""13"": 68, ""14"": 30, ""15"": 36, ""16"": 8, ""17"": 2, ""19"": 2, ""2"": 3270, ""21"": 2, ""3"": 2484, ""4"": 2204, ""5"": 1165, ""6"": 1684, ""7"": 837, ""8"": 393, ""9"": 284}",65532,2544,3.882072880424831,3125,12.111933645982713,0,0.0,25801,25769,0,0.0,0,0.0,0,11487,0,11487,0,11487,11487,1.0,0.0,8,450,1092,1592,8,1600,1859,1.0050251256281406,0.5025125628140703,11,110.46809020001092,1232056320
train,language,,zh,boundary_bpe,65536,observed,32,130086,130086,53452,31189,4.170893584276508,0.5834954725735239,0.23975677628645664,0,0.0,4.170893584276508,3,9,273,"{""1"": 5215, ""10"": 171, ""11"": 46, ""116"": 2, ""12"": 478, ""13"": 57, ""14"": 48, ""148"": 2, ""15"": 164, ""16"": 22, ""17"": 12, ""18"": 79, ""19"": 38, ""191"": 1, ""2"": 883, ""20"": 9, ""21"": 93, ""22"": 9, ""23"": 9, ""24"": 44, ""25"": 9, ""26"": 2, ""269"": 17, ""27"": 3, ""273"": 2, ""28"": 7, ""3"": 15571, ""30"": 11, ""31"": 2, ""32"": 2, ""33"": 9, ""34"": 2, ""36"": 2, ""37"": 2, ""39"": 4, ""4"": 906, ""40"": 3, ""42"": 3, ""44"": 2, ""45"": 2, ""5"": 216, ""52"": 2, ""53"": 2, ""6"": 5828, ""7"": 259, ""8"": 134, ""80"": 2, ""9"": 801, ""99"": 2}",65532,5705,8.705670512116217,8473,27.16662926031614,0,0.0,31189,31157,0,0.0,0,0.0,0,3755,0,3755,0,3755,3755,1.0,0.0,61,1471,1501,3235,59,3296,3602,1.018856259659969,1.8238021638330757,18,110.46809020001092,1232056320
train,domain,code,,boundary_bpe,65536,observed,288,430843,430843,428938,149770,2.8766976029912534,0.34916468114272925,0.34762082707622033,0,0.0,2.8766976029912534,1,10,119,"{""1"": 93667, ""10"": 1462, ""100"": 2, ""106"": 2, ""11"": 1173, ""116"": 1, ""119"": 3, ""12"": 707, ""13"": 654, ""14"": 488, ""15"": 421, ""16"": 346, ""17"": 292, ""18"": 210, ""19"": 202, ""2"": 11746, ""20"": 172, ""21"": 152, ""22"": 150, ""23"": 127, ""24"": 116, ""25"": 97, ""26"": 66, ""27"": 74, ""28"": 103, ""29"": 46, ""3"": 9419, ""30"": 51, ""31"": 41, ""32"": 29, ""33"": 47, ""34"": 23, ""35"": 19, ""36"": 21, ""37"": 43, ""38"": 25, ""39"": 13, ""4"": 6872, ""40"": 19, ""41"": 7, ""42"": 25, ""43"": 21, ""44"": 5, ""45"": 8, ""46"": 8, ""47"": 6, ""48"": 15, ""49"": 4, ""5"": 5138, ""50"": 9, ""51"": 6, ""52"": 7, ""53"": 2, ""54"": 2, ""55"": 2, ""56"": 7, ""57"": 4, ""58"": 2, ""6"": 5869, ""60"": 1, ""61"": 2, ""63"": 2, ""64"": 3, ""66"": 2, ""7"": 4135, ""70"": 2, ""72"": 7, ""75"": 2, ""76"": 2, ""77"": 5, ""78"": 2, ""79"": 5, ""8"": 3244, ""80"": 2, ""9"": 2106}",65532,12697,19.375267045107734,20597,13.7524203779128,0,0.0,149770,149482,0,0.0,0,0.0,38261,82443,0,44182,8836,82443,82443,1.8659861482051514,19.999094653931465,426,11364,18381,37562,384,37988,51638,1.0113412491347638,1.0223097811618125,20,110.46809020001092,1232056320
train,domain,cyrillic_african,,boundary_bpe,65536,observed,192,583695,583695,352072,152114,3.837220768634051,0.43205367084005547,0.26060528186809895,0,0.0,3.837220768634051,3,12,31,"{""1"": 60452, ""10"": 3800, ""11"": 355, ""12"": 3491, ""13"": 160, ""14"": 1238, ""15"": 685, ""16"": 703, ""17"": 42, ""18"": 607, ""19"": 36, ""2"": 13982, ""20"": 328, ""21"": 83, ""22"": 100, ""23"": 8, ""24"": 93, ""25"": 8, ""26"": 48, ""27"": 14, ""28"": 23, ""29"": 6, ""3"": 14079, ""30"": 14, ""31"": 3, ""4"": 17133, ""5"": 3640, ""6"": 18384, ""7"": 2004, ""8"": 6509, ""9"": 4086}",65532,13286,20.274064579136912,24395,16.037314119673404,0,0.0,152114,151922,0,0.0,0,0.0,5,55676,0,55671,5,55676,55676,1.0000898133678218,0.008981336782166657,127,3844,6513,10610,122,10737,12806,1.0119698397737984,1.1498586239396795,16,110.46809020001092,1232056320
train,domain,indic_cjk_arabic,,boundary_bpe,65536,observed,448,1882068,1882068,800441,354248,5.312854271583749,0.44256603547294554,0.18822274221760318,0,0.0,5.312854271583749,3,16,341,"{""1"": 123921, ""10"": 4632, ""105"": 11, ""11"": 336, ""116"": 2, ""12"": 19314, ""126"": 1, ""13"": 696, ""134"": 2, ""14"": 1052, ""144"": 1, ""148"": 2, ""15"": 9927, ""158"": 2, ""16"": 626, ""17"": 106, ""175"": 10, ""179"": 1, ""18"": 6998, ""19"": 303, ""191"": 1, ""192"": 2, ""197"": 1, ""198"": 2, ""2"": 12314, ""20"": 116, ""21"": 3721, ""216"": 3, ""22"": 227, ""23"": 19, ""24"": 2253, ""240"": 5, ""25"": 186, ""26"": 14, ""269"": 17, ""27"": 1312, ""273"": 2, ""28"": 70, ""29"": 10, ""3"": 53635, ""30"": 701, ""31"": 57, ""32"": 19, ""33"": 438, ""34"": 47, ""341"": 2, ""35"": 4, ""36"": 218, ""37"": 43, ""38"": 2, ""39"": 176, ""4"": 18858, ""40"": 20, ""41"": 5, ""42"": 73, ""43"": 4, ""44"": 8, ""45"": 35, ""46"": 5, ""48"": 30, ""49"": 2, ""5"": 1700, ""51"": 9, ""52"": 7, ""53"": 2, ""54"": 4, ""57"": 4, ""58"": 4, ""59"": 5, ""6"": 57202, ""60"": 3, ""61"": 2, ""62"": 1, ""64"": 2, ""65"": 6, ""66"": 4, ""68"": 3, ""69"": 4, ""7"": 2410, ""71"": 2, ""73"": 2, ""75"": 8, ""77"": 2, ""78"": 2, ""8"": 6729, ""80"": 2, ""9"": 23526, ""99"": 3}",65532,33588,51.25434902032595,64241,18.13447076624286,0,0.0,354248,353800,0,0.0,0,0.0,1,115104,0,115103,1,115104,115104,1.0000086878708634,0.0008687870863487486,382,9695,14246,24988,362,25370,29420,1.0152873379222027,1.4486953737794142,25,110.46809020001092,1232056320
train,domain,latin_english,,boundary_bpe,65536,observed,32,59492,59492,59076,22052,2.6978051877380738,0.373281874195951,0.3706716869495058,0,0.0,2.6978051877380738,2,8,17,"{""1"": 10485, ""10"": 177, ""11"": 103, ""12"": 41, ""13"": 23, ""14"": 16, ""15"": 6, ""16"": 13, ""17"": 2, ""2"": 2637, ""3"": 2916, ""4"": 2135, ""5"": 1215, ""6"": 904, ""7"": 632, ""8"": 451, ""9"": 296}",65532,3724,5.682719892571568,3782,17.150371848358425,0,0.0,22052,22020,0,0.0,0,0.0,3,9301,0,9298,3,9301,9301,1.000322650032265,0.032265003226500326,28,530,1199,1764,25,1792,2096,1.0158730158730158,1.417233560090703,10,110.46809020001092,1232056320
train,aggregate,,,boundary_bpe,65536,observed,960,2956098,2956098,1640527,678184,4.358843617661283,0.4133939886390166,0.2294186457959107,0,0.0,4.358843617661283,3,14,341,"{""1"": 288525, ""10"": 10071, ""100"": 2, ""105"": 11, ""106"": 2, ""11"": 1967, ""116"": 3, ""119"": 3, ""12"": 23553, ""126"": 1, ""13"": 1533, ""134"": 2, ""14"": 2794, ""144"": 1, ""148"": 2, ""15"": 11039, ""158"": 2, ""16"": 1688, ""17"": 442, ""175"": 10, ""179"": 1, ""18"": 7815, ""19"": 541, ""191"": 1, ""192"": 2, ""197"": 1, ""198"": 2, ""2"": 40679, ""20"": 616, ""21"": 3956, ""216"": 3, ""22"": 477, ""23"": 154, ""24"": 2462, ""240"": 5, ""25"": 291, ""26"": 128, ""269"": 17, ""27"": 1400, ""273"": 2, ""28"": 196, ""29"": 62, ""3"": 80049, ""30"": 766, ""31"": 101, ""32"": 48, ""33"": 485, ""34"": 70, ""341"": 2, ""35"": 23, ""36"": 239, ""37"": 86, ""38"": 27, ""39"": 189, ""4"": 44998, ""40"": 39, ""41"": 12, ""42"": 98, ""43"": 25, ""44"": 13, ""45"": 43, ""46"": 13, ""47"": 6, ""48"": 45, ""49"": 6, ""5"": 11693, ""50"": 9, ""51"": 15, ""52"": 14, ""53"": 4, ""54"": 6, ""55"": 2, ""56"": 7, ""57"": 8, ""58"": 6, ""59"": 5, ""6"": 82359, ""60"": 4, ""61"": 4, ""62"": 1, ""63"": 2, ""64"": 5, ""65"": 6, ""66"": 6, ""68"": 3, ""69"": 4, ""7"": 9181, ""70"": 2, ""71"": 2, ""72"": 7, ""73"": 2, ""75"": 10, ""76"": 2, ""77"": 7, ""78"": 4, ""79"": 5, ""8"": 16933, ""80"": 4, ""9"": 30014, ""99"": 3}",65532,55732,85.04547396691693,113015,16.66435657579654,0,0.0,678184,677224,0,0.0,0,0.0,38270,262524,0,224254,8845,262524,262524,1.1706547040409536,3.944188286496562,963,25433,40339,74924,893,75887,95960,1.0128530243980567,1.1918744327585287,24,110.46809020001092,1232056320
validation,stratum,flores200,am,boundary_bpe,65536,observed,32,6471,6471,2573,1723,3.755658734764945,0.6696463272444617,0.2662648740534693,0,0.0,3.755658734764945,3,9,21,"{""1"": 505, ""12"": 37, ""15"": 11, ""18"": 6, ""2"": 36, ""21"": 1, ""3"": 643, ""4"": 8, ""6"": 363, ""9"": 113}",65532,526,0.8026612952450711,209,12.130005803830528,3,0.17411491584445735,1723,1691,0,0.0,0,0.0,0,486,0,486,0,486,486,1.0,0.0,1,44,32,75,1,76,76,1.0133333333333334,1.3333333333333333,15,110.46809020001092,1232056320
validation,stratum,flores200,ar,boundary_bpe,65536,observed,32,6539,6539,3628,1945,3.361953727506427,0.5361080485115767,0.2974460926747209,10,0.5141388174807198,3.361953727506427,2,8,16,"{""1"": 641, ""10"": 33, ""12"": 16, ""14"": 5, ""16"": 2, ""2"": 338, ""3"": 10, ""4"": 507, ""5"": 4, ""6"": 296, ""8"": 93}",65532,560,0.8545443447476042,238,12.23650385604113,18,0.9254498714652957,1945,1913,0,0.0,0,0.0,0,581,0,581,0,581,581,1.0,0.0,0,64,22,86,0,86,88,1.0,0.0,12,110.46809020001092,1232056320
validation,stratum,flores200,bg,boundary_bpe,65536,observed,32,7482,7482,4146,2020,3.703960396039604,0.48721659430776654,0.2699812884255547,0,0.0,3.703960396039604,4,10,18,"{""1"": 663, ""10"": 65, ""11"": 2, ""12"": 29, ""14"": 11, ""16"": 4, ""17"": 1, ""18"": 2, ""2"": 259, ""3"": 50, ""4"": 531, ""5"": 23, ""6"": 208, ""7"": 4, ""8"": 167, ""9"": 1}",65532,598,0.912531282426906,197,9.752475247524753,3,0.1485148514851485,2020,1988,0,0.0,0,0.0,0,617,0,617,0,617,617,1.0,0.0,0,54,67,121,0,121,124,1.0,0.0,12,110.46809020001092,1232056320
validation,stratum,flores200,bn,boundary_bpe,65536,observed,32,10772,10772,4028,1906,5.651626442812172,0.47318768619662366,0.17694021537318974,0,0.0,5.651626442812172,6,15,36,"{""1"": 593, ""10"": 1, ""12"": 153, ""15"": 59, ""18"": 30, ""2"": 11, ""21"": 18, ""24"": 15, ""25"": 1, ""3"": 332, ""30"": 1, ""33"": 1, ""36"": 3, ""4"": 7, ""6"": 399, ""7"": 2, ""9"": 280}",65532,541,0.8255508759079534,280,14.690451206715634,15,0.7869884575026233,1906,1874,0,0.0,0,0.0,2,560,0,558,2,560,560,1.003584229390681,0.35842293906810035,2,45,39,82,2,84,90,1.024390243902439,2.4390243902439024,24,110.46809020001092,1232056320
validation,stratum,flores200,fa,boundary_bpe,65536,observed,32,6879,6879,3885,1996,3.4463927855711423,0.5137709137709138,0.29015845326355577,0,0.0,3.4463927855711423,2,8,19,"{""1"": 728, ""10"": 41, ""11"": 1, ""12"": 18, ""13"": 2, ""14"": 9, ""15"": 1, ""16"": 1, ""17"": 2, ""19"": 1, ""2"": 270, ""3"": 33, ""4"": 479, ""5"": 9, ""6"": 257, ""7"": 26, ""8"": 108, ""9"": 10}",65532,569,0.8682780931453336,204,10.220440881763528,7,0.35070140280561124,1996,1964,0,0.0,0,0.0,0,700,0,700,0,700,700,1.0,0.0,1,64,41,104,1,105,108,1.0096153846153846,0.9615384615384616,12,110.46809020001092,1232056320
validation,stratum,flores200,gu,boundary_bpe,65536,observed,32,9612,9612,3700,1982,4.849646821392533,0.5356756756756756,0.20620058260507698,0,0.0,4.849646821392533,3,12,27,"{""1"": 613, ""10"": 13, ""12"": 104, ""13"": 5, ""15"": 34, ""18"": 15, ""2"": 30, ""21"": 3, ""24"": 1, ""27"": 1, ""3"": 360, ""4"": 5, ""6"": 554, ""7"": 9, ""9"": 235}",65532,516,0.7874015748031497,234,11.806256306760847,16,0.8072653884964682,1982,1950,0,0.0,0,0.0,2,570,0,568,2,570,570,1.0035211267605635,0.352112676056338,2,42,38,78,2,80,91,1.0256410256410255,2.5641025641025643,18,110.46809020001092,1232056320
validation,stratum,flores200,hi,boundary_bpe,65536,observed,32,10074,10074,3966,2105,4.785748218527316,0.5307614725163893,0.20895374230692873,0,0.0,4.785748218527316,3,12,30,"{""1"": 794, ""10"": 5, ""12"": 118, ""15"": 38, ""18"": 19, ""2"": 27, ""21"": 5, ""24"": 8, ""27"": 2, ""3"": 258, ""30"": 2, ""4"": 6, ""6"": 580, ""7"": 14, ""9"": 229}",65532,546,0.8331807361289141,216,10.261282660332542,11,0.5225653206650831,2105,2073,0,0.0,0,0.0,0,747,0,747,0,747,747,1.0,0.0,0,44,36,80,0,80,81,1.0,0.0,18,110.46809020001092,1232056320
validation,stratum,flores200,ja,boundary_bpe,65536,observed,32,5110,5110,1782,1277,4.001566170712608,0.7166105499438833,0.24990215264187868,81,6.3429913860610805,4.001566170712608,3,9,21,"{""1"": 104, ""12"": 33, ""15"": 9, ""18"": 2, ""2"": 22, ""21"": 2, ""3"": 805, ""4"": 9, ""5"": 1, ""6"": 237, ""7"": 1, ""9"": 52}",65532,624,0.9522065555759018,366,28.660924040720438,96,7.517619420516836,1277,1245,0,0.0,0,0.0,0,2,0,2,0,2,2,1.0,0.0,2,30,83,111,2,113,113,1.018018018018018,1.8018018018018018,15,110.46809020001092,1232056320
validation,stratum,flores200,kn,boundary_bpe,65536,observed,32,11326,11326,4264,2004,5.651696606786427,0.4699812382739212,0.176938018717994,0,0.0,5.651696606786427,6,15,31,"{""1"": 605, ""10"": 1, ""12"": 138, ""13"": 1, ""15"": 82, ""16"": 5, ""18"": 48, ""19"": 6, ""2"": 25, ""21"": 9, ""22"": 7, ""24"": 2, ""25"": 1, ""27"": 1, ""28"": 1, ""3"": 307, ""30"": 1, ""31"": 1, ""4"": 7, ""6"": 521, ""7"": 9, ""9"": 226}",65532,573,0.8743819813221022,291,14.520958083832335,12,0.5988023952095808,2004,1972,0,0.0,0,0.0,46,549,0,503,42,549,549,1.091451292246521,8.34990059642147,0,44,46,90,0,90,90,1.0,0.0,21,110.46809020001092,1232056320
validation,stratum,flores200,ko,boundary_bpe,65536,observed,32,4735,4735,2037,1637,2.8924862553451436,0.803632793323515,0.3457233368532207,45,2.748930971288943,2.8924862553451436,3,6,16,"{""1"": 513, ""10"": 20, ""12"": 2, ""16"": 2, ""2"": 44, ""3"": 827, ""4"": 20, ""6"": 178, ""7"": 15, ""9"": 16}",65532,550,0.8392846243056827,247,15.088576664630422,57,3.481979230299328,1637,1605,0,0.0,0,0.0,0,430,0,430,0,430,430,1.0,0.0,3,19,59,75,3,78,81,1.04,4.0,10,110.46809020001092,1232056320
validation,stratum,flores200,ml,boundary_bpe,65536,observed,32,11894,11894,4384,1939,6.134089736977824,0.44229014598540145,0.1630233731293089,0,0.0,6.134089736977824,6,18,37,"{""1"": 500, ""10"": 3, ""12"": 186, ""13"": 1, ""15"": 91, ""16"": 4, ""18"": 50, ""2"": 28, ""21"": 24, ""22"": 1, ""24"": 12, ""25"": 1, ""27"": 8, ""28"": 3, ""3"": 402, ""33"": 1, ""37"": 1, ""4"": 12, ""5"": 1, ""6"": 406, ""7"": 3, ""9"": 201}",65532,610,0.9308429469572117,345,17.792676637441982,9,0.46415678184631254,1939,1907,0,0.0,0,0.0,5,447,0,442,5,447,447,1.01131221719457,1.1312217194570136,3,46,37,80,3,83,91,1.0375,3.75,24,110.46809020001092,1232056320
validation,stratum,flores200,mr,boundary_bpe,65536,observed,32,10965,10965,4109,1901,5.76801683324566,0.4626429788269652,0.17336981304149568,0,0.0,5.76801683324566,6,15,33,"{""1"": 579, ""10"": 7, ""12"": 148, ""13"": 15, ""15"": 59, ""18"": 43, ""2"": 17, ""21"": 16, ""24"": 11, ""27"": 4, ""3"": 280, ""30"": 5, ""33"": 1, ""4"": 5, ""6"": 492, ""7"": 11, ""9"": 208}",65532,604,0.9216871146920589,286,15.04471330878485,11,0.578642819568648,1901,1869,0,0.0,0,0.0,1,544,0,543,1,544,544,1.0018416206261511,0.1841620626151013,1,35,42,78,1,79,88,1.0128205128205128,1.2820512820512822,24,110.46809020001092,1232056320
validation,stratum,flores200,ru,boundary_bpe,65536,observed,32,7654,7654,4261,2040,3.7519607843137255,0.4787608542595635,0.2665273059837993,0,0.0,3.7519607843137255,4,10,20,"{""1"": 640, ""10"": 84, ""12"": 23, ""13"": 1, ""14"": 13, ""16"": 3, ""18"": 2, ""2"": 327, ""20"": 1, ""3"": 38, ""4"": 445, ""5"": 22, ""6"": 291, ""7"": 5, ""8"": 145}",65532,673,1.0269791857413173,212,10.392156862745098,6,0.29411764705882354,2040,2008,0,0.0,0,0.0,5,576,0,571,5,576,576,1.0087565674255692,0.8756567425569177,0,59,65,124,0,124,130,1.0,0.0,12,110.46809020001092,1232056320
validation,stratum,flores200,sw,boundary_bpe,65536,observed,32,4405,4405,4397,1925,2.2883116883116883,0.4377984989765749,0.4370034052213394,0,0.0,2.2883116883116883,2,6,10,"{""1"": 850, ""10"": 2, ""2"": 433, ""3"": 292, ""4"": 147, ""5"": 66, ""6"": 90, ""7"": 29, ""8"": 12, ""9"": 4}",65532,624,0.9522065555759018,292,15.168831168831169,11,0.5714285714285714,1925,1893,0,0.0,0,0.0,0,660,0,660,0,660,660,1.0,0.0,1,30,46,76,1,77,77,1.013157894736842,1.3157894736842106,7,110.46809020001092,1232056320
validation,stratum,flores200,ta,boundary_bpe,65536,observed,32,12193,12193,4517,1943,6.275347400926402,0.430152756254151,0.15935372754859345,0,0.0,6.275347400926402,6,15,39,"{""1"": 533, ""10"": 20, ""12"": 164, ""13"": 2, ""15"": 92, ""18"": 45, ""19"": 3, ""2"": 29, ""21"": 22, ""24"": 6, ""25"": 1, ""27"": 9, ""3"": 245, ""30"": 1, ""36"": 1, ""39"": 1, ""4"": 6, ""5"": 1, ""6"": 474, ""7"": 9, ""9"": 279}",65532,563,0.8591222608801806,266,13.690169840452908,7,0.3602676273803397,1943,1911,0,0.0,0,0.0,1,475,0,474,1,475,475,1.0021097046413503,0.2109704641350211,4,52,50,98,4,102,111,1.0408163265306123,4.081632653061225,21,110.46809020001092,1232056320
validation,stratum,flores200,te,boundary_bpe,65536,observed,32,10409,10409,3954,1874,5.554429028815369,0.47395042994436015,0.18003650686905562,0,0.0,5.554429028815369,6,15,30,"{""1"": 536, ""10"": 10, ""12"": 134, ""15"": 64, ""16"": 5, ""18"": 39, ""19"": 5, ""2"": 39, ""21"": 7, ""22"": 3, ""24"": 5, ""3"": 276, ""30"": 1, ""4"": 8, ""5"": 1, ""6"": 543, ""7"": 9, ""9"": 189}",65532,579,0.883537813587255,249,13.287086446104588,13,0.6937033084311632,1874,1842,0,0.0,0,0.0,6,486,0,480,6,486,486,1.0125,1.25,2,41,45,85,2,87,92,1.0235294117647058,2.3529411764705883,19,110.46809020001092,1232056320
validation,stratum,flores200,uk,boundary_bpe,65536,observed,32,7446,7446,4118,2027,3.6734089787863837,0.4922292374939291,0.2722266988987376,0,0.0,3.6734089787863837,4,9,22,"{""1"": 618, ""10"": 64, ""11"": 1, ""12"": 19, ""13"": 1, ""14"": 9, ""16"": 4, ""18"": 2, ""2"": 309, ""22"": 1, ""3"": 36, ""4"": 520, ""5"": 25, ""6"": 293, ""7"": 2, ""8"": 122, ""9"": 1}",65532,657,1.002563633034243,214,10.557474099654662,6,0.2960039467192896,2027,1995,0,0.0,0,0.0,0,555,0,555,0,555,555,1.0,0.0,0,56,68,124,0,124,126,1.0,0.0,12,110.46809020001092,1232056320
validation,stratum,flores200,ur,boundary_bpe,65536,observed,32,6879,6879,3892,2122,3.2417530631479736,0.5452209660842754,0.30847506905073413,0,0.0,3.2417530631479736,2,8,18,"{""1"": 818, ""10"": 38, ""12"": 16, ""14"": 4, ""16"": 1, ""18"": 2, ""2"": 297, ""3"": 9, ""4"": 551, ""6"": 266, ""8"": 120}",65532,510,0.7782457425379967,201,9.472196041470312,5,0.235626767200754,2122,2090,0,0.0,0,0.0,0,793,0,793,0,793,793,1.0,0.0,1,37,35,71,1,72,72,1.0140845070422535,1.408450704225352,12,110.46809020001092,1232056320
validation,stratum,flores200,yo,boundary_bpe,65536,observed,32,5063,5063,3889,2397,2.112223612849395,0.6163538184623296,0.47343472249654356,8,0.3337505214851898,2.112223612849395,2,5,11,"{""1"": 1011, ""10"": 4, ""11"": 1, ""2"": 672, ""3"": 416, ""4"": 174, ""5"": 50, ""6"": 25, ""7"": 40, ""8"": 3, ""9"": 1}",65532,508,0.7751937984496124,399,16.64580725907384,28,1.1681268251981645,2397,2365,0,0.0,0,0.0,0,718,0,718,0,718,718,1.0,0.0,0,42,34,76,0,76,78,1.0,0.0,7,110.46809020001092,1232056320
validation,stratum,flores200,zh,boundary_bpe,65536,observed,32,3769,3769,1485,1258,2.996025437201908,0.8471380471380472,0.3337755372777925,78,6.200317965023848,2.996025437201908,3,6,12,"{""1"": 198, ""12"": 1, ""2"": 56, ""3"": 839, ""4"": 30, ""5"": 2, ""6"": 128, ""7"": 2, ""9"": 2}",65532,622,0.9491546114875176,315,25.03974562798092,86,6.836248012718601,1258,1226,0,0.0,0,0.0,0,63,0,63,0,63,63,1.0,0.0,2,94,40,132,2,134,138,1.0151515151515151,1.5151515151515151,6,110.46809020001092,1232056320
validation,language,,am,boundary_bpe,65536,observed,32,6471,6471,2573,1723,3.755658734764945,0.6696463272444617,0.2662648740534693,0,0.0,3.755658734764945,3,9,21,"{""1"": 505, ""12"": 37, ""15"": 11, ""18"": 6, ""2"": 36, ""21"": 1, ""3"": 643, ""4"": 8, ""6"": 363, ""9"": 113}",65532,526,0.8026612952450711,209,12.130005803830528,3,0.17411491584445735,1723,1691,0,0.0,0,0.0,0,486,0,486,0,486,486,1.0,0.0,1,44,32,75,1,76,76,1.0133333333333334,1.3333333333333333,15,110.46809020001092,1232056320
validation,language,,ar,boundary_bpe,65536,observed,32,6539,6539,3628,1945,3.361953727506427,0.5361080485115767,0.2974460926747209,10,0.5141388174807198,3.361953727506427,2,8,16,"{""1"": 641, ""10"": 33, ""12"": 16, ""14"": 5, ""16"": 2, ""2"": 338, ""3"": 10, ""4"": 507, ""5"": 4, ""6"": 296, ""8"": 93}",65532,560,0.8545443447476042,238,12.23650385604113,18,0.9254498714652957,1945,1913,0,0.0,0,0.0,0,581,0,581,0,581,581,1.0,0.0,0,64,22,86,0,86,88,1.0,0.0,12,110.46809020001092,1232056320
validation,language,,bg,boundary_bpe,65536,observed,32,7482,7482,4146,2020,3.703960396039604,0.48721659430776654,0.2699812884255547,0,0.0,3.703960396039604,4,10,18,"{""1"": 663, ""10"": 65, ""11"": 2, ""12"": 29, ""14"": 11, ""16"": 4, ""17"": 1, ""18"": 2, ""2"": 259, ""3"": 50, ""4"": 531, ""5"": 23, ""6"": 208, ""7"": 4, ""8"": 167, ""9"": 1}",65532,598,0.912531282426906,197,9.752475247524753,3,0.1485148514851485,2020,1988,0,0.0,0,0.0,0,617,0,617,0,617,617,1.0,0.0,0,54,67,121,0,121,124,1.0,0.0,12,110.46809020001092,1232056320
validation,language,,bn,boundary_bpe,65536,observed,32,10772,10772,4028,1906,5.651626442812172,0.47318768619662366,0.17694021537318974,0,0.0,5.651626442812172,6,15,36,"{""1"": 593, ""10"": 1, ""12"": 153, ""15"": 59, ""18"": 30, ""2"": 11, ""21"": 18, ""24"": 15, ""25"": 1, ""3"": 332, ""30"": 1, ""33"": 1, ""36"": 3, ""4"": 7, ""6"": 399, ""7"": 2, ""9"": 280}",65532,541,0.8255508759079534,280,14.690451206715634,15,0.7869884575026233,1906,1874,0,0.0,0,0.0,2,560,0,558,2,560,560,1.003584229390681,0.35842293906810035,2,45,39,82,2,84,90,1.024390243902439,2.4390243902439024,24,110.46809020001092,1232056320
validation,language,,fa,boundary_bpe,65536,observed,32,6879,6879,3885,1996,3.4463927855711423,0.5137709137709138,0.29015845326355577,0,0.0,3.4463927855711423,2,8,19,"{""1"": 728, ""10"": 41, ""11"": 1, ""12"": 18, ""13"": 2, ""14"": 9, ""15"": 1, ""16"": 1, ""17"": 2, ""19"": 1, ""2"": 270, ""3"": 33, ""4"": 479, ""5"": 9, ""6"": 257, ""7"": 26, ""8"": 108, ""9"": 10}",65532,569,0.8682780931453336,204,10.220440881763528,7,0.35070140280561124,1996,1964,0,0.0,0,0.0,0,700,0,700,0,700,700,1.0,0.0,1,64,41,104,1,105,108,1.0096153846153846,0.9615384615384616,12,110.46809020001092,1232056320
validation,language,,gu,boundary_bpe,65536,observed,32,9612,9612,3700,1982,4.849646821392533,0.5356756756756756,0.20620058260507698,0,0.0,4.849646821392533,3,12,27,"{""1"": 613, ""10"": 13, ""12"": 104, ""13"": 5, ""15"": 34, ""18"": 15, ""2"": 30, ""21"": 3, ""24"": 1, ""27"": 1, ""3"": 360, ""4"": 5, ""6"": 554, ""7"": 9, ""9"": 235}",65532,516,0.7874015748031497,234,11.806256306760847,16,0.8072653884964682,1982,1950,0,0.0,0,0.0,2,570,0,568,2,570,570,1.0035211267605635,0.352112676056338,2,42,38,78,2,80,91,1.0256410256410255,2.5641025641025643,18,110.46809020001092,1232056320
validation,language,,hi,boundary_bpe,65536,observed,32,10074,10074,3966,2105,4.785748218527316,0.5307614725163893,0.20895374230692873,0,0.0,4.785748218527316,3,12,30,"{""1"": 794, ""10"": 5, ""12"": 118, ""15"": 38, ""18"": 19, ""2"": 27, ""21"": 5, ""24"": 8, ""27"": 2, ""3"": 258, ""30"": 2, ""4"": 6, ""6"": 580, ""7"": 14, ""9"": 229}",65532,546,0.8331807361289141,216,10.261282660332542,11,0.5225653206650831,2105,2073,0,0.0,0,0.0,0,747,0,747,0,747,747,1.0,0.0,0,44,36,80,0,80,81,1.0,0.0,18,110.46809020001092,1232056320
validation,language,,ja,boundary_bpe,65536,observed,32,5110,5110,1782,1277,4.001566170712608,0.7166105499438833,0.24990215264187868,81,6.3429913860610805,4.001566170712608,3,9,21,"{""1"": 104, ""12"": 33, ""15"": 9, ""18"": 2, ""2"": 22, ""21"": 2, ""3"": 805, ""4"": 9, ""5"": 1, ""6"": 237, ""7"": 1, ""9"": 52}",65532,624,0.9522065555759018,366,28.660924040720438,96,7.517619420516836,1277,1245,0,0.0,0,0.0,0,2,0,2,0,2,2,1.0,0.0,2,30,83,111,2,113,113,1.018018018018018,1.8018018018018018,15,110.46809020001092,1232056320
validation,language,,kn,boundary_bpe,65536,observed,32,11326,11326,4264,2004,5.651696606786427,0.4699812382739212,0.176938018717994,0,0.0,5.651696606786427,6,15,31,"{""1"": 605, ""10"": 1, ""12"": 138, ""13"": 1, ""15"": 82, ""16"": 5, ""18"": 48, ""19"": 6, ""2"": 25, ""21"": 9, ""22"": 7, ""24"": 2, ""25"": 1, ""27"": 1, ""28"": 1, ""3"": 307, ""30"": 1, ""31"": 1, ""4"": 7, ""6"": 521, ""7"": 9, ""9"": 226}",65532,573,0.8743819813221022,291,14.520958083832335,12,0.5988023952095808,2004,1972,0,0.0,0,0.0,46,549,0,503,42,549,549,1.091451292246521,8.34990059642147,0,44,46,90,0,90,90,1.0,0.0,21,110.46809020001092,1232056320
validation,language,,ko,boundary_bpe,65536,observed,32,4735,4735,2037,1637,2.8924862553451436,0.803632793323515,0.3457233368532207,45,2.748930971288943,2.8924862553451436,3,6,16,"{""1"": 513, ""10"": 20, ""12"": 2, ""16"": 2, ""2"": 44, ""3"": 827, ""4"": 20, ""6"": 178, ""7"": 15, ""9"": 16}",65532,550,0.8392846243056827,247,15.088576664630422,57,3.481979230299328,1637,1605,0,0.0,0,0.0,0,430,0,430,0,430,430,1.0,0.0,3,19,59,75,3,78,81,1.04,4.0,10,110.46809020001092,1232056320
validation,language,,ml,boundary_bpe,65536,observed,32,11894,11894,4384,1939,6.134089736977824,0.44229014598540145,0.1630233731293089,0,0.0,6.134089736977824,6,18,37,"{""1"": 500, ""10"": 3, ""12"": 186, ""13"": 1, ""15"": 91, ""16"": 4, ""18"": 50, ""2"": 28, ""21"": 24, ""22"": 1, ""24"": 12, ""25"": 1, ""27"": 8, ""28"": 3, ""3"": 402, ""33"": 1, ""37"": 1, ""4"": 12, ""5"": 1, ""6"": 406, ""7"": 3, ""9"": 201}",65532,610,0.9308429469572117,345,17.792676637441982,9,0.46415678184631254,1939,1907,0,0.0,0,0.0,5,447,0,442,5,447,447,1.01131221719457,1.1312217194570136,3,46,37,80,3,83,91,1.0375,3.75,24,110.46809020001092,1232056320
validation,language,,mr,boundary_bpe,65536,observed,32,10965,10965,4109,1901,5.76801683324566,0.4626429788269652,0.17336981304149568,0,0.0,5.76801683324566,6,15,33,"{""1"": 579, ""10"": 7, ""12"": 148, ""13"": 15, ""15"": 59, ""18"": 43, ""2"": 17, ""21"": 16, ""24"": 11, ""27"": 4, ""3"": 280, ""30"": 5, ""33"": 1, ""4"": 5, ""6"": 492, ""7"": 11, ""9"": 208}",65532,604,0.9216871146920589,286,15.04471330878485,11,0.578642819568648,1901,1869,0,0.0,0,0.0,1,544,0,543,1,544,544,1.0018416206261511,0.1841620626151013,1,35,42,78,1,79,88,1.0128205128205128,1.2820512820512822,24,110.46809020001092,1232056320
validation,language,,ru,boundary_bpe,65536,observed,32,7654,7654,4261,2040,3.7519607843137255,0.4787608542595635,0.2665273059837993,0,0.0,3.7519607843137255,4,10,20,"{""1"": 640, ""10"": 84, ""12"": 23, ""13"": 1, ""14"": 13, ""16"": 3, ""18"": 2, ""2"": 327, ""20"": 1, ""3"": 38, ""4"": 445, ""5"": 22, ""6"": 291, ""7"": 5, ""8"": 145}",65532,673,1.0269791857413173,212,10.392156862745098,6,0.29411764705882354,2040,2008,0,0.0,0,0.0,5,576,0,571,5,576,576,1.0087565674255692,0.8756567425569177,0,59,65,124,0,124,130,1.0,0.0,12,110.46809020001092,1232056320
validation,language,,sw,boundary_bpe,65536,observed,32,4405,4405,4397,1925,2.2883116883116883,0.4377984989765749,0.4370034052213394,0,0.0,2.2883116883116883,2,6,10,"{""1"": 850, ""10"": 2, ""2"": 433, ""3"": 292, ""4"": 147, ""5"": 66, ""6"": 90, ""7"": 29, ""8"": 12, ""9"": 4}",65532,624,0.9522065555759018,292,15.168831168831169,11,0.5714285714285714,1925,1893,0,0.0,0,0.0,0,660,0,660,0,660,660,1.0,0.0,1,30,46,76,1,77,77,1.013157894736842,1.3157894736842106,7,110.46809020001092,1232056320
validation,language,,ta,boundary_bpe,65536,observed,32,12193,12193,4517,1943,6.275347400926402,0.430152756254151,0.15935372754859345,0,0.0,6.275347400926402,6,15,39,"{""1"": 533, ""10"": 20, ""12"": 164, ""13"": 2, ""15"": 92, ""18"": 45, ""19"": 3, ""2"": 29, ""21"": 22, ""24"": 6, ""25"": 1, ""27"": 9, ""3"": 245, ""30"": 1, ""36"": 1, ""39"": 1, ""4"": 6, ""5"": 1, ""6"": 474, ""7"": 9, ""9"": 279}",65532,563,0.8591222608801806,266,13.690169840452908,7,0.3602676273803397,1943,1911,0,0.0,0,0.0,1,475,0,474,1,475,475,1.0021097046413503,0.2109704641350211,4,52,50,98,4,102,111,1.0408163265306123,4.081632653061225,21,110.46809020001092,1232056320
validation,language,,te,boundary_bpe,65536,observed,32,10409,10409,3954,1874,5.554429028815369,0.47395042994436015,0.18003650686905562,0,0.0,5.554429028815369,6,15,30,"{""1"": 536, ""10"": 10, ""12"": 134, ""15"": 64, ""16"": 5, ""18"": 39, ""19"": 5, ""2"": 39, ""21"": 7, ""22"": 3, ""24"": 5, ""3"": 276, ""30"": 1, ""4"": 8, ""5"": 1, ""6"": 543, ""7"": 9, ""9"": 189}",65532,579,0.883537813587255,249,13.287086446104588,13,0.6937033084311632,1874,1842,0,0.0,0,0.0,6,486,0,480,6,486,486,1.0125,1.25,2,41,45,85,2,87,92,1.0235294117647058,2.3529411764705883,19,110.46809020001092,1232056320
validation,language,,uk,boundary_bpe,65536,observed,32,7446,7446,4118,2027,3.6734089787863837,0.4922292374939291,0.2722266988987376,0,0.0,3.6734089787863837,4,9,22,"{""1"": 618, ""10"": 64, ""11"": 1, ""12"": 19, ""13"": 1, ""14"": 9, ""16"": 4, ""18"": 2, ""2"": 309, ""22"": 1, ""3"": 36, ""4"": 520, ""5"": 25, ""6"": 293, ""7"": 2, ""8"": 122, ""9"": 1}",65532,657,1.002563633034243,214,10.557474099654662,6,0.2960039467192896,2027,1995,0,0.0,0,0.0,0,555,0,555,0,555,555,1.0,0.0,0,56,68,124,0,124,126,1.0,0.0,12,110.46809020001092,1232056320
validation,language,,ur,boundary_bpe,65536,observed,32,6879,6879,3892,2122,3.2417530631479736,0.5452209660842754,0.30847506905073413,0,0.0,3.2417530631479736,2,8,18,"{""1"": 818, ""10"": 38, ""12"": 16, ""14"": 4, ""16"": 1, ""18"": 2, ""2"": 297, ""3"": 9, ""4"": 551, ""6"": 266, ""8"": 120}",65532,510,0.7782457425379967,201,9.472196041470312,5,0.235626767200754,2122,2090,0,0.0,0,0.0,0,793,0,793,0,793,793,1.0,0.0,1,37,35,71,1,72,72,1.0140845070422535,1.408450704225352,12,110.46809020001092,1232056320
validation,language,,yo,boundary_bpe,65536,observed,32,5063,5063,3889,2397,2.112223612849395,0.6163538184623296,0.47343472249654356,8,0.3337505214851898,2.112223612849395,2,5,11,"{""1"": 1011, ""10"": 4, ""11"": 1, ""2"": 672, ""3"": 416, ""4"": 174, ""5"": 50, ""6"": 25, ""7"": 40, ""8"": 3, ""9"": 1}",65532,508,0.7751937984496124,399,16.64580725907384,28,1.1681268251981645,2397,2365,0,0.0,0,0.0,0,718,0,718,0,718,718,1.0,0.0,0,42,34,76,0,76,78,1.0,0.0,7,110.46809020001092,1232056320
validation,language,,zh,boundary_bpe,65536,observed,32,3769,3769,1485,1258,2.996025437201908,0.8471380471380472,0.3337755372777925,78,6.200317965023848,2.996025437201908,3,6,12,"{""1"": 198, ""12"": 1, ""2"": 56, ""3"": 839, ""4"": 30, ""5"": 2, ""6"": 128, ""7"": 2, ""9"": 2}",65532,622,0.9491546114875176,315,25.03974562798092,86,6.836248012718601,1258,1226,0,0.0,0,0.0,0,63,0,63,0,63,63,1.0,0.0,2,94,40,132,2,134,138,1.0151515151515151,1.5151515151515151,6,110.46809020001092,1232056320
validation,domain,flores200,,boundary_bpe,65536,observed,640,159677,159677,73015,38021,4.199705425948817,0.5207286174073821,0.238111938475798,222,0.5838878514505141,4.199705425948817,3,12,39,"{""1"": 12042, ""10"": 411, ""11"": 5, ""12"": 1339, ""13"": 28, ""14"": 51, ""15"": 540, ""16"": 31, ""17"": 3, ""18"": 305, ""19"": 15, ""2"": 3269, ""20"": 1, ""21"": 107, ""22"": 12, ""24"": 60, ""25"": 4, ""27"": 25, ""28"": 4, ""3"": 6458, ""30"": 11, ""31"": 1, ""33"": 3, ""36"": 4, ""37"": 1, ""39"": 1, ""4"": 3477, ""5"": 205, ""6"": 6601, ""7"": 190, ""8"": 770, ""9"": 2047}",65532,9084,13.861930049441494,5261,13.837090029194393,420,1.1046526919334052,38021,37381,0,0.0,0,0.0,68,10559,0,10491,64,10559,10559,1.006481746258698,0.6100467067009818,25,942,925,1846,25,1871,1945,1.0135427952329361,1.3542795232936078,18,110.46809020001092,1232056320
validation,aggregate,,,boundary_bpe,65536,observed,640,159677,159677,73015,38021,4.199705425948817,0.5207286174073821,0.238111938475798,222,0.5838878514505141,4.199705425948817,3,12,39,"{""1"": 12042, ""10"": 411, ""11"": 5, ""12"": 1339, ""13"": 28, ""14"": 51, ""15"": 540, ""16"": 31, ""17"": 3, ""18"": 305, ""19"": 15, ""2"": 3269, ""20"": 1, ""21"": 107, ""22"": 12, ""24"": 60, ""25"": 4, ""27"": 25, ""28"": 4, ""3"": 6458, ""30"": 11, ""31"": 1, ""33"": 3, ""36"": 4, ""37"": 1, ""39"": 1, ""4"": 3477, ""5"": 205, ""6"": 6601, ""7"": 190, ""8"": 770, ""9"": 2047}",65532,9084,13.861930049441494,5261,13.837090029194393,420,1.1046526919334052,38021,37381,0,0.0,0,0.0,68,10559,0,10491,64,10559,10559,1.006481746258698,0.6100467067009818,25,942,925,1846,25,1871,1945,1.0135427952329361,1.3542795232936078,18,110.46809020001092,1232056320
train,stratum,code,c,uniq_superbpe_r64,65536,observed,32,51063,51063,51060,17172,2.973619846261356,0.336310223266745,0.3362904647200517,0,0.0,2.973619846261356,1,9,16,"{""1"": 8610, ""10"": 254, ""11"": 187, ""12"": 84, ""13"": 139, ""14"": 35, ""15"": 56, ""16"": 78, ""2"": 1817, ""3"": 1744, ""4"": 1433, ""5"": 768, ""6"": 708, ""7"": 573, ""8"": 408, ""9"": 278}",65532,2120,3.2350607336873587,744,4.332634521313767,0,0.0,19164,19132,1992,10.41187539201338,266,1.5490333100395994,331,2102,3934,5926,260,6257,9740,1.0558555518056025,4.387445156935538,1956,5143,723,4093,567,6049,6116,1.477889078915221,13.85291961886147,13,164.48556890001055,708202496
train,stratum,code,cpp,uniq_superbpe_r64,65536,observed,32,54217,54217,54213,17661,3.069871468206783,0.3257705716341099,0.3257465370640205,0,0.0,3.069871468206783,2,10,16,"{""1"": 8802, ""10"": 255, ""11"": 164, ""12"": 131, ""13"": 157, ""14"": 51, ""15"": 39, ""16"": 113, ""2"": 1845, ""3"": 1603, ""4"": 1371, ""5"": 957, ""6"": 797, ""7"": 605, ""8"": 383, ""9"": 388}",65532,2228,3.399865714460111,766,4.337240246871638,0,0.0,19603,19571,1942,9.922845025803484,293,1.6590227053960704,285,2036,3374,5352,207,5637,9575,1.0532511210762332,3.867713004484305,1707,5269,688,4478,966,6185,6268,1.3811969629298795,21.572130415364,14,164.48556890001055,708202496
train,stratum,code,go,uniq_superbpe_r64,65536,observed,32,56813,56813,56813,19699,2.884055028174019,0.3467340221428194,0.3467340221428194,0,0.0,2.884055028174019,2,8,16,"{""1"": 9326, ""10"": 179, ""11"": 135, ""12"": 129, ""13"": 17, ""14"": 35, ""15"": 37, ""16"": 85, ""2"": 2335, ""3"": 2361, ""4"": 1777, ""5"": 841, ""6"": 1040, ""7"": 717, ""8"": 452, ""9"": 233}",65532,2102,3.2075932368919,973,4.939337022183867,0,0.0,20212,20180,513,2.5421209117938552,110,0.5584039798974567,93,2899,3486,6386,76,6479,9031,1.0145631067961165,1.1901033510804886,1030,6049,301,5404,868,6434,6454,1.19059955588453,16.06217616580311,12,164.48556890001055,708202496
train,stratum,code,java,uniq_superbpe_r64,65536,observed,32,43999,43999,43605,12260,3.588825448613377,0.2811604173833276,0.27864269642491873,0,0.0,3.588825448613377,2,10,40,"{""1"": 5426, ""10"": 289, ""11"": 188, ""12"": 106, ""13"": 92, ""14"": 39, ""15"": 57, ""16"": 103, ""2"": 844, ""21"": 1, ""24"": 2, ""3"": 1121, ""4"": 1196, ""40"": 1, ""5"": 714, ""6"": 876, ""7"": 588, ""8"": 341, ""9"": 276}",65532,1766,2.6948666300433377,683,5.5709624796084825,0,0.0,13703,13671,1443,10.55518981786263,275,2.2430668841761827,182,1323,2517,3775,166,3957,7594,1.0482119205298013,4.397350993377484,805,3455,509,3273,482,4078,4145,1.245951726245035,14.726550565230676,15,164.48556890001055,708202496
train,stratum,code,javascript,uniq_superbpe_r64,65536,observed,32,38980,38980,38152,14499,2.6884612731912547,0.3800325015726567,0.3719599794766547,0,0.0,2.6884612731912547,1,8,48,"{""1"": 7936, ""10"": 132, ""11"": 80, ""12"": 54, ""13"": 65, ""14"": 46, ""15"": 11, ""16"": 49, ""17"": 1, ""2"": 1618, ""3"": 1276, ""4"": 874, ""48"": 1, ""5"": 667, ""6"": 724, ""7"": 473, ""8"": 285, ""9"": 207}",65532,1772,2.7040224623084903,718,4.952065659700669,0,0.0,16118,16086,1619,10.064652492850927,147,1.0138630250362093,141,1610,2114,3702,100,3843,7448,1.0380875202593194,2.7012425715829282,1650,5174,587,4230,1247,5880,5941,1.3900709219858156,29.479905437352247,13,164.48556890001055,708202496
train,stratum,code,python,uniq_superbpe_r64,65536,observed,32,48487,48487,48387,15559,3.1163313837650235,0.3215533097732862,0.32089013550023715,0,0.0,3.1163313837650235,2,9,16,"{""1"": 7224, ""10"": 102, ""11"": 73, ""12"": 67, ""13"": 83, ""14"": 23, ""15"": 16, ""16"": 84, ""2"": 1358, ""3"": 1586, ""4"": 1576, ""5"": 1096, ""6"": 822, ""7"": 619, ""8"": 342, ""9"": 488}",65532,2017,3.0778856131355674,607,3.901279002506588,0,0.0,16721,16689,1162,6.9626700221702915,57,0.36634745163570925,139,1807,2812,4625,85,4764,10776,1.0300540540540541,1.837837837837838,1339,4912,251,3862,748,5201,5228,1.3467115484205074,19.368203003625066,13,164.48556890001055,708202496
train,stratum,code,rust,uniq_superbpe_r64,65536,observed,32,56922,56922,56922,21073,2.7011816067954255,0.3702083552932082,0.3702083552932082,0,0.0,2.7011816067954255,1,8,16,"{""1"": 11357, ""10"": 187, ""11"": 129, ""12"": 53, ""13"": 154, ""14"": 13, ""15"": 16, ""16"": 93, ""2"": 1984, ""3"": 2074, ""4"": 1589, ""5"": 1198, ""6"": 1124, ""7"": 566, ""8"": 338, ""9"": 198}",65532,2088,3.18622962827321,694,3.29331371897689,0,0.0,23101,23069,2028,8.791018249599029,104,0.4935225169648365,167,2334,3919,6228,153,6395,13231,1.0268143866409762,2.4566473988439306,2693,7663,822,5827,1951,8520,8582,1.4621589153938561,33.48206624334992,13,164.48556890001055,708202496
train,stratum,code,sql,uniq_superbpe_r64,65536,observed,32,36373,36373,36088,12856,2.8292626011200994,0.35624030148525826,0.3534489868858769,0,0.0,2.8292626011200994,1,9,16,"{""1"": 6728, ""10"": 56, ""11"": 123, ""12"": 24, ""13"": 18, ""14"": 11, ""15"": 25, ""16"": 69, ""2"": 1323, ""3"": 1249, ""4"": 958, ""5"": 566, ""6"": 539, ""7"": 386, ""8"": 443, ""9"": 338}",65532,1564,2.3866202771165232,563,4.3792781580584945,0,0.0,14034,14002,1178,8.413083845164977,281,2.185749844430616,126,1584,2323,3925,117,4051,6655,1.0321019108280254,2.9808917197452227,1298,3953,317,3103,558,4401,4498,1.4183048662584596,17.98259748630358,12,164.48556890001055,708202496
train,stratum,code,typescript,uniq_superbpe_r64,65536,observed,32,43989,43989,43698,13066,3.3666768712689423,0.29900681953407476,0.29702880265520926,0,0.0,3.3666768712689423,2,10,18,"{""1"": 6100, ""10"": 130, ""11"": 298, ""12"": 77, ""13"": 43, ""14"": 98, ""15"": 43, ""16"": 74, ""18"": 2, ""2"": 1138, ""3"": 1077, ""4"": 994, ""5"": 808, ""6"": 973, ""7"": 650, ""8"": 369, ""9"": 192}",65532,1901,2.900872856009278,765,5.854890555640594,0,0.0,15496,15464,2430,15.713916192446973,376,2.8776978417266186,113,1548,2746,4263,80,4376,8393,1.0265071545859723,1.8766127140511377,1059,3575,705,3292,727,4351,4406,1.321688942891859,22.083839611178615,14,164.48556890001055,708202496
train,stratum,cyrillic_african,am,uniq_superbpe_r64,65536,observed,32,147317,147317,59501,16557,8.897565984175877,0.27826423085326296,0.11239028761107,0,0.0,8.897565984175877,9,19,34,"{""1"": 2823, ""10"": 2046, ""11"": 2, ""12"": 137, ""13"": 2480, ""14"": 1, ""15"": 124, ""16"": 1835, ""18"": 57, ""19"": 976, ""2"": 347, ""21"": 22, ""22"": 374, ""24"": 7, ""25"": 126, ""27"": 2, ""28"": 34, ""3"": 2248, ""31"": 5, ""33"": 1, ""34"": 4, ""4"": 590, ""5"": 39, ""6"": 378, ""7"": 1674, ""8"": 18, ""9"": 207}",65532,6390,9.75096136238784,8090,48.86150872742647,0,0.0,16587,16555,30,0.1812141347025068,12,0.07247689798876608,0,771,10432,11206,0,11206,11206,1.0,0.0,702,2785,22,2105,543,2807,2807,1.3334916864608075,25.795724465558195,25,164.48556890001055,708202496
train,stratum,cyrillic_african,bg,uniq_superbpe_r64,65536,observed,32,102609,102609,58537,17177,5.973627525179018,0.2934383381451048,0.1674024695689462,0,0.0,5.973627525179018,5,17,32,"{""1"": 3384, ""10"": 329, ""11"": 699, ""12"": 209, ""13"": 584, ""14"": 100, ""15"": 281, ""16"": 43, ""17"": 400, ""18"": 65, ""19"": 213, ""2"": 1553, ""20"": 30, ""21"": 181, ""22"": 17, ""23"": 61, ""24"": 4, ""25"": 46, ""26"": 1, ""27"": 28, ""28"": 2, ""29"": 9, ""3"": 1884, ""31"": 4, ""32"": 2, ""4"": 1319, ""5"": 2272, ""6"": 1013, ""7"": 818, ""8"": 717, ""9"": 909}",65532,3844,5.865836537874626,4695,27.33306165220935,0,0.0,17222,17190,45,0.2617801047120419,5,0.02910869185538802,0,658,8314,8973,0,8973,8973,1.0,0.0,325,2255,45,1976,258,2301,2303,1.1644736842105263,13.05668016194332,22,164.48556890001055,708202496
train,stratum,cyrillic_african,ru,uniq_superbpe_r64,65536,observed,32,106212,106212,58870,15408,6.8933021806853585,0.26172923390521485,0.1450683538583211,0,0.0,6.8933021806853585,5,19,32,"{""1"": 2571, ""10"": 374, ""11"": 716, ""12"": 219, ""13"": 570, ""14"": 128, ""15"": 436, ""16"": 31, ""17"": 426, ""18"": 68, ""19"": 333, ""2"": 1548, ""20"": 28, ""21"": 239, ""22"": 22, ""23"": 141, ""24"": 17, ""25"": 86, ""26"": 3, ""27"": 52, ""28"": 2, ""29"": 24, ""3"": 1404, ""30"": 2, ""31"": 13, ""32"": 2, ""4"": 1414, ""5"": 1083, ""6"": 993, ""7"": 1041, ""8"": 681, ""9"": 741}",65532,4026,6.143563449917598,5184,33.64485981308411,0,0.0,15454,15422,46,0.29827519128517704,3,0.019470404984423675,0,524,7287,7811,0,7811,7811,1.0,0.0,275,1866,48,1640,220,1915,1917,1.1676829268292683,13.414634146341463,25,164.48556890001055,708202496
train,stratum,cyrillic_african,sw,uniq_superbpe_r64,65536,observed,32,62449,62449,62216,19492,3.203827211163554,0.3132956152758133,0.3121266953834329,10,0.05130309870716191,3.203827211163554,3,7,15,"{""1"": 3957, ""10"": 78, ""11"": 71, ""12"": 30, ""13"": 10, ""14"": 3, ""15"": 6, ""2"": 3434, ""3"": 5675, ""4"": 2672, ""5"": 1499, ""6"": 736, ""7"": 871, ""8"": 330, ""9"": 120}",65532,2473,3.773728865287188,1678,8.608659963061768,0,0.0,19550,19518,58,0.29716159442565837,9,0.046172788836445725,1,662,8438,9101,1,9102,9106,1.0001098780353808,0.01098780353807274,305,1691,60,1448,263,1753,1753,1.2106353591160222,18.162983425414364,10,164.48556890001055,708202496
train,stratum,cyrillic_african,uk,uniq_superbpe_r64,65536,observed,32,95676,95676,53182,15324,6.243539545810493,0.2881426046406679,0.16016555876081776,0,0.0,6.243539545810493,4,19,32,"{""1"": 2828, ""10"": 323, ""11"": 481, ""12"": 249, ""13"": 464, ""14"": 78, ""15"": 317, ""16"": 45, ""17"": 412, ""18"": 65, ""19"": 260, ""2"": 1986, ""20"": 36, ""21"": 243, ""22"": 10, ""23"": 106, ""24"": 15, ""25"": 48, ""26"": 6, ""27"": 19, ""29"": 20, ""3"": 1418, ""31"": 12, ""32"": 1, ""4"": 1436, ""5"": 1152, ""6"": 1010, ""7"": 835, ""8"": 744, ""9"": 705}",65532,3768,5.749862662516023,5028,32.81127642913078,0,0.0,15399,15367,75,0.48805882735732414,2,0.013051422605063952,0,599,6494,7093,0,7093,7093,1.0,0.0,316,2056,105,1849,283,2165,2167,1.1709031909140075,15.305570578691185,23,164.48556890001055,708202496
train,stratum,cyrillic_african,yo,uniq_superbpe_r64,65536,observed,32,69432,69432,59766,19610,3.5406425293217745,0.32811297393166683,0.28243461228252104,0,0.0,3.5406425293217745,3,8,17,"{""1"": 3945, ""10"": 137, ""11"": 94, ""12"": 73, ""13"": 20, ""14"": 26, ""15"": 26, ""16"": 34, ""17"": 5, ""2"": 3252, ""3"": 4286, ""4"": 2845, ""5"": 2051, ""6"": 885, ""7"": 1352, ""8"": 418, ""9"": 161}",65532,1946,2.9695415979979245,995,5.073941866394697,0,0.0,19847,19815,237,1.1960635881907646,208,1.0606833248342682,0,925,10360,11487,0,11487,11487,1.0,0.0,267,1828,31,1592,237,1859,1859,1.1677135678391959,14.886934673366834,11,164.48556890001055,708202496
train,stratum,indic_cjk_arabic,ar,uniq_superbpe_r64,65536,observed,32,97740,97740,54940,14537,6.723533053587397,0.2645977429923553,0.14873132801309596,272,1.871087569649859,6.723533053587397,6,17,31,"{""1"": 2672, ""10"": 294, ""11"": 898, ""12"": 83, ""13"": 565, ""14"": 19, ""15"": 1014, ""16"": 17, ""17"": 504, ""18"": 5, ""19"": 159, ""2"": 1324, ""20"": 3, ""21"": 80, ""22"": 1, ""23"": 40, ""25"": 5, ""27"": 1, ""3"": 844, ""31"": 1, ""4"": 827, ""5"": 1595, ""6"": 724, ""7"": 1248, ""8"": 452, ""9"": 1162}",65532,4546,6.937068912897516,6183,42.53284721744514,0,0.0,14558,14526,21,0.14456836018174307,2,0.013757996835660728,0,764,8073,8838,0,8838,8838,1.0,0.0,331,1737,20,1426,269,1757,1757,1.2321178120617111,18.863955119214587,19,164.48556890001055,708202496
train,stratum,indic_cjk_arabic,bn,uniq_superbpe_r64,65536,observed,32,152004,152004,58399,21332,7.125632852053253,0.3652802274011541,0.14033841214704876,6,0.028126757922370148,7.125632852053253,7,16,42,"{""1"": 1650, ""10"": 1734, ""11"": 13, ""12"": 933, ""13"": 1047, ""15"": 255, ""16"": 589, ""18"": 85, ""19"": 218, ""2"": 159, ""21"": 36, ""22"": 104, ""24"": 31, ""25"": 40, ""27"": 6, ""28"": 20, ""3"": 3808, ""30"": 1, ""31"": 6, ""36"": 3, ""37"": 2, ""39"": 1, ""4"": 265, ""42"": 1, ""5"": 43, ""6"": 4727, ""7"": 4105, ""8"": 10, ""9"": 1440}",65532,3001,4.579442104620643,3716,17.419838739921246,0,0.0,21356,21324,24,0.11254924029262803,8,0.03750234389649353,0,228,8286,8515,0,8515,8515,1.0,0.0,232,1622,37,1429,220,1661,1661,1.1623512946116166,15.395381385584324,22,164.48556890001055,708202496
train,stratum,indic_cjk_arabic,fa,uniq_superbpe_r64,65536,observed,32,93798,93798,52677,13879,6.758267886735355,0.2634736222639862,0.14796690760997036,8,0.057641040420779596,6.758267886735355,7,15,27,"{""1"": 1756, ""10"": 192, ""11"": 1378, ""12"": 102, ""13"": 568, ""14"": 32, ""15"": 506, ""16"": 51, ""17"": 158, ""18"": 15, ""19"": 41, ""2"": 1006, ""20"": 8, ""21"": 14, ""22"": 1, ""23"": 17, ""24"": 1, ""25"": 1, ""27"": 1, ""3"": 736, ""4"": 426, ""5"": 2370, ""6"": 531, ""7"": 1731, ""8"": 386, ""9"": 1851}",65532,2978,4.544344747604224,4087,29.447366524965776,0,0.0,13899,13867,20,0.14422730222831182,2,0.014410260105194899,0,397,9533,9930,0,9930,9930,1.0,0.0,236,1385,20,1169,191,1405,1405,1.2018819503849445,16.33875106928999,17,164.48556890001055,708202496
train,stratum,indic_cjk_arabic,gu,uniq_superbpe_r64,65536,observed,32,146974,146974,58881,20575,7.143329283110571,0.349433603369508,0.13999074666267503,0,0.0,7.143329283110571,7,15,42,"{""1"": 2230, ""10"": 2271, ""12"": 703, ""13"": 1030, ""15"": 228, ""16"": 506, ""17"": 1, ""18"": 103, ""19"": 176, ""2"": 319, ""21"": 32, ""22"": 65, ""24"": 15, ""25"": 20, ""27"": 1, ""28"": 3, ""3"": 2023, ""30"": 2, ""31"": 4, ""34"": 1, ""37"": 1, ""39"": 1, ""4"": 438, ""42"": 1, ""5"": 76, ""6"": 4138, ""7"": 4627, ""8"": 28, ""9"": 1532}",65532,3367,5.13794787279497,3995,19.416767922235724,0,0.0,20599,20567,24,0.11669178781543249,9,0.04374240583232078,0,213,9510,9723,0,9723,9723,1.0,0.0,256,1608,22,1374,189,1630,1630,1.1863173216885008,13.755458515283843,19,164.48556890001055,708202496
train,stratum,indic_cjk_arabic,hi,uniq_superbpe_r64,65536,observed,32,153237,153237,61359,21849,7.013455993409309,0.3560846819537476,0.14258305761663306,0,0.0,7.013455993409309,7,13,36,"{""1"": 2095, ""10"": 2093, ""12"": 561, ""13"": 1401, ""14"": 6, ""15"": 178, ""16"": 387, ""17"": 70, ""18"": 45, ""19"": 122, ""2"": 257, ""21"": 17, ""22"": 36, ""24"": 7, ""25"": 19, ""27"": 2, ""28"": 3, ""3"": 2657, ""34"": 1, ""36"": 1, ""4"": 129, ""5"": 33, ""6"": 3619, ""7"": 6931, ""8"": 5, ""9"": 1174}",65532,2894,4.416163095892084,3018,13.81298915282164,0,0.0,22071,22039,222,1.0073052316348292,137,0.6270309853997894,0,310,11424,11810,0,11810,11810,1.0,0.0,245,1669,23,1447,222,1692,1692,1.1693158258465792,15.342087076710435,18,164.48556890001055,708202496
train,stratum,indic_cjk_arabic,ja,uniq_superbpe_r64,65536,observed,32,142468,142468,61333,30643,4.649283686323141,0.4996168457437269,0.21508689670662887,0,0.0,4.649283686323141,3,12,48,"{""1"": 6741, ""10"": 493, ""11"": 6, ""12"": 3223, ""14"": 9, ""15"": 160, ""16"": 8, ""17"": 1, ""18"": 157, ""19"": 2, ""2"": 2172, ""20"": 15, ""21"": 54, ""22"": 1, ""23"": 2, ""24"": 30, ""25"": 11, ""26"": 4, ""27"": 25, ""28"": 1, ""3"": 11428, ""30"": 20, ""33"": 21, ""35"": 1, ""36"": 7, ""39"": 10, ""4"": 802, ""40"": 15, ""42"": 6, ""44"": 1, ""45"": 11, ""46"": 3, ""48"": 29, ""5"": 162, ""6"": 2894, ""7"": 358, ""8"": 31, ""9"": 1729}",65532,6194,9.45187084172618,7736,25.24556995072284,0,0.0,30710,30678,67,0.21839754873199035,3,0.009790164148418889,0,1710,2725,4436,0,4436,4436,1.0,0.0,550,4333,298,4082,420,4632,4644,1.1347378735913767,10.289073983341499,18,164.48556890001055,708202496
train,stratum,indic_cjk_arabic,kn,uniq_superbpe_r64,65536,observed,32,153841,153841,60531,24995,6.154870974194839,0.41292891245807933,0.16247294284358527,0,0.0,6.154870974194839,6,12,28,"{""1"": 2934, ""10"": 1988, ""11"": 1, ""12"": 651, ""13"": 443, ""15"": 117, ""16"": 94, ""18"": 20, ""19"": 13, ""2"": 732, ""21"": 2, ""22"": 3, ""24"": 1, ""28"": 1, ""3"": 2152, ""4"": 280, ""5"": 75, ""6"": 9475, ""7"": 3469, ""8"": 25, ""9"": 2519}",65532,3381,5.159311481413661,3672,14.690938187637528,0,0.0,25017,24985,22,0.08805283169901941,8,0.03200640128025605,0,403,6840,7243,0,7243,7243,1.0,0.0,239,1639,23,1423,205,1662,1662,1.167955024595924,14.406184118060436,15,164.48556890001055,708202496
train,stratum,indic_cjk_arabic,ko,uniq_superbpe_r64,65536,observed,32,118352,118352,51206,25732,4.599409295818436,0.5025192360270281,0.21741922400973368,5,0.01943105860407275,4.599409295818436,3,10,36,"{""1"": 5232, ""10"": 2133, ""11"": 6, ""12"": 1158, ""13"": 12, ""14"": 3, ""15"": 34, ""16"": 3, ""17"": 1, ""2"": 581, ""21"": 12, ""22"": 2, ""24"": 3, ""27"": 5, ""3"": 7554, ""30"": 2, ""36"": 1, ""4"": 3158, ""5"": 40, ""6"": 1817, ""7"": 3431, ""8"": 15, ""9"": 529}",65532,4368,6.665445889031313,7173,27.875796673402768,0,0.0,25829,25797,97,0.376012714656743,2,0.0077724234416291,1,1883,9170,11052,1,11053,11053,1.0000904813608396,0.009048136083966703,489,2820,109,2443,386,2932,2934,1.2001637331150226,15.800245599672534,12,164.48556890001055,708202496
train,stratum,indic_cjk_arabic,ml,uniq_superbpe_r64,65536,observed,32,137273,137273,52226,15923,8.621051309426615,0.30488645502240264,0.11599513378450242,0,0.0,8.621051309426615,7,19,46,"{""1"": 1925, ""10"": 648, ""12"": 1684, ""13"": 459, ""15"": 857, ""16"": 553, ""18"": 276, ""19"": 314, ""2"": 270, ""21"": 185, ""22"": 120, ""24"": 96, ""25"": 96, ""27"": 48, ""28"": 56, ""3"": 925, ""30"": 13, ""31"": 29, ""33"": 3, ""34"": 14, ""36"": 3, ""37"": 6, ""39"": 3, ""4"": 229, ""40"": 1, ""42"": 3, ""43"": 3, ""45"": 1, ""46"": 3, ""5"": 71, ""6"": 3435, ""7"": 2178, ""8"": 12, ""9"": 1404}",65532,3462,5.282915216993224,4208,26.427180807636752,0,0.0,15953,15921,30,0.1884303749764462,26,0.1632858129749419,0,154,5042,5197,0,5197,5197,1.0,0.0,205,1346,32,1173,171,1378,1378,1.174765558397272,14.578005115089514,27,164.48556890001055,708202496
train,stratum,indic_cjk_arabic,mr,uniq_superbpe_r64,65536,observed,32,145113,145113,56571,19882,7.2987124031787545,0.3514521574658394,0.13701046770447858,0,0.0,7.2987124031787545,7,16,37,"{""1"": 2071, ""10"": 1656, ""11"": 1, ""12"": 1137, ""13"": 782, ""15"": 419, ""16"": 539, ""18"": 125, ""19"": 266, ""2"": 265, ""21"": 50, ""22"": 100, ""24"": 13, ""25"": 42, ""26"": 1, ""27"": 4, ""28"": 5, ""3"": 2381, ""30"": 2, ""31"": 1, ""33"": 3, ""34"": 3, ""37"": 1, ""4"": 187, ""5"": 75, ""6"": 4593, ""7"": 3774, ""8"": 13, ""9"": 1373}",65532,3164,4.828175547823964,3212,16.15531636656272,0,0.0,19918,19886,36,0.18103188172583728,13,0.06538577607886531,0,195,7584,7780,0,7780,7780,1.0,0.0,227,1506,41,1323,187,1550,1551,1.1715797430083144,14.134542705971278,21,164.48556890001055,708202496
train,stratum,indic_cjk_arabic,ta,uniq_superbpe_r64,65536,observed,32,140738,140738,53567,21949,6.412046106884141,0.4097485392125749,0.1559564580994472,0,0.0,6.412046106884141,6,10,19,"{""1"": 2456, ""10"": 2095, ""12"": 380, ""13"": 504, ""15"": 26, ""16"": 59, ""19"": 6, ""2"": 172, ""3"": 1100, ""4"": 116, ""5"": 53, ""6"": 9816, ""7"": 2493, ""8"": 5, ""9"": 2668}",65532,2002,3.054996032472685,2204,10.0414597475967,0,0.0,21978,21946,29,0.1321425316686412,18,0.08200829194951934,0,299,5492,5791,0,5791,5791,1.0,0.0,431,1758,27,1357,296,1788,1788,1.3176123802505526,21.812822402358144,13,164.48556890001055,708202496
train,stratum,indic_cjk_arabic,te,uniq_superbpe_r64,65536,observed,32,158103,158103,60933,21592,7.3222952945535384,0.3543564242692794,0.13656919856043212,0,0.0,7.3222952945535384,6,16,31,"{""1"": 2666, ""10"": 1213, ""11"": 8, ""12"": 1260, ""13"": 620, ""15"": 525, ""16"": 694, ""18"": 199, ""19"": 211, ""2"": 287, ""21"": 47, ""22"": 108, ""24"": 19, ""25"": 48, ""27"": 3, ""28"": 17, ""3"": 973, ""30"": 1, ""31"": 4, ""4"": 314, ""5"": 44, ""6"": 6960, ""7"": 3657, ""8"": 15, ""9"": 1699}",65532,3351,5.113532320087896,4021,18.62263801407929,0,0.0,21620,21588,28,0.1297016861219196,2,0.009262689885142646,0,354,7134,7488,0,7488,7488,1.0,0.0,359,1911,27,1580,301,1939,1939,1.2272151898734178,19.050632911392405,21,164.48556890001055,708202496
train,stratum,indic_cjk_arabic,ur,uniq_superbpe_r64,65536,observed,32,112341,112341,64366,17813,6.306686128108685,0.2767454867476618,0.15856187856615128,150,0.8420816257789255,6.306686128108685,5,13,27,"{""1"": 2009, ""10"": 161, ""11"": 1324, ""12"": 163, ""13"": 593, ""14"": 4, ""15"": 360, ""16"": 13, ""17"": 125, ""18"": 1, ""19"": 59, ""2"": 1641, ""20"": 3, ""21"": 17, ""23"": 5, ""24"": 1, ""27"": 3, ""3"": 490, ""4"": 649, ""5"": 4181, ""6"": 431, ""7"": 2955, ""8"": 221, ""9"": 2404}",65532,3439,5.247817859976805,4391,24.650536125301745,0,0.0,18016,17984,203,1.1287811387900355,189,1.0610228484814461,0,659,12698,13545,0,13545,13545,1.0,0.0,248,1753,18,1527,229,1775,1777,1.1624099541584807,14.996725605762935,17,164.48556890001055,708202496
train,stratum,indic_cjk_arabic,zh,uniq_superbpe_r64,65536,observed,32,130086,130086,53452,33115,3.9283104333383663,0.619527800643568,0.2545623664345126,4,0.012079118224369622,3.9283104333383663,3,12,48,"{""1"": 5634, ""10"": 303, ""12"": 2004, ""15"": 32, ""16"": 2, ""17"": 1, ""18"": 13, ""2"": 1382, ""20"": 1, ""21"": 36, ""22"": 1, ""23"": 2, ""24"": 20, ""26"": 1, ""27"": 18, ""29"": 1, ""3"": 17958, ""30"": 10, ""33"": 9, ""36"": 7, ""38"": 1, ""39"": 5, ""4"": 682, ""41"": 1, ""42"": 7, ""44"": 1, ""45"": 7, ""48"": 9, ""5"": 78, ""6"": 3391, ""7"": 505, ""8"": 36, ""9"": 957}",65532,5524,8.429469572117439,7210,21.77261059942624,0,0.0,33454,33422,339,1.0143019567949254,1,0.0030197795560924054,0,1425,2328,3755,0,3755,3755,1.0,0.0,365,3457,137,3235,285,3600,3602,1.1128284389489953,8.809891808346213,12,164.48556890001055,708202496
train,stratum,latin_english,en,uniq_superbpe_r64,65536,observed,32,59492,59492,59076,17578,3.3844578450335647,0.2975489200352089,0.2954682982585894,0,0.0,3.3844578450335647,3,8,16,"{""1"": 4171, ""10"": 140, ""11"": 131, ""12"": 45, ""13"": 5, ""14"": 9, ""15"": 1, ""16"": 5, ""2"": 2426, ""3"": 3811, ""4"": 3036, ""5"": 1708, ""6"": 809, ""7"": 655, ""8"": 388, ""9"": 238}",65532,3139,4.79002624671916,1631,9.27864375924451,0,0.0,17799,17767,221,1.243879101705409,158,0.8988508362726135,3,874,8273,9298,3,9301,9301,1.000322650032265,0.032265003226500326,332,1980,115,1764,266,2096,2096,1.1882086167800454,15.079365079365079,11,164.48556890001055,708202496
train,language,,am,uniq_superbpe_r64,65536,observed,32,147317,147317,59501,16557,8.897565984175877,0.27826423085326296,0.11239028761107,0,0.0,8.897565984175877,9,19,34,"{""1"": 2823, ""10"": 2046, ""11"": 2, ""12"": 137, ""13"": 2480, ""14"": 1, ""15"": 124, ""16"": 1835, ""18"": 57, ""19"": 976, ""2"": 347, ""21"": 22, ""22"": 374, ""24"": 7, ""25"": 126, ""27"": 2, ""28"": 34, ""3"": 2248, ""31"": 5, ""33"": 1, ""34"": 4, ""4"": 590, ""5"": 39, ""6"": 378, ""7"": 1674, ""8"": 18, ""9"": 207}",65532,6390,9.75096136238784,8090,48.86150872742647,0,0.0,16587,16555,30,0.1812141347025068,12,0.07247689798876608,0,771,10432,11206,0,11206,11206,1.0,0.0,702,2785,22,2105,543,2807,2807,1.3334916864608075,25.795724465558195,25,164.48556890001055,708202496
train,language,,ar,uniq_superbpe_r64,65536,observed,32,97740,97740,54940,14537,6.723533053587397,0.2645977429923553,0.14873132801309596,272,1.871087569649859,6.723533053587397,6,17,31,"{""1"": 2672, ""10"": 294, ""11"": 898, ""12"": 83, ""13"": 565, ""14"": 19, ""15"": 1014, ""16"": 17, ""17"": 504, ""18"": 5, ""19"": 159, ""2"": 1324, ""20"": 3, ""21"": 80, ""22"": 1, ""23"": 40, ""25"": 5, ""27"": 1, ""3"": 844, ""31"": 1, ""4"": 827, ""5"": 1595, ""6"": 724, ""7"": 1248, ""8"": 452, ""9"": 1162}",65532,4546,6.937068912897516,6183,42.53284721744514,0,0.0,14558,14526,21,0.14456836018174307,2,0.013757996835660728,0,764,8073,8838,0,8838,8838,1.0,0.0,331,1737,20,1426,269,1757,1757,1.2321178120617111,18.863955119214587,19,164.48556890001055,708202496
train,language,,bg,uniq_superbpe_r64,65536,observed,32,102609,102609,58537,17177,5.973627525179018,0.2934383381451048,0.1674024695689462,0,0.0,5.973627525179018,5,17,32,"{""1"": 3384, ""10"": 329, ""11"": 699, ""12"": 209, ""13"": 584, ""14"": 100, ""15"": 281, ""16"": 43, ""17"": 400, ""18"": 65, ""19"": 213, ""2"": 1553, ""20"": 30, ""21"": 181, ""22"": 17, ""23"": 61, ""24"": 4, ""25"": 46, ""26"": 1, ""27"": 28, ""28"": 2, ""29"": 9, ""3"": 1884, ""31"": 4, ""32"": 2, ""4"": 1319, ""5"": 2272, ""6"": 1013, ""7"": 818, ""8"": 717, ""9"": 909}",65532,3844,5.865836537874626,4695,27.33306165220935,0,0.0,17222,17190,45,0.2617801047120419,5,0.02910869185538802,0,658,8314,8973,0,8973,8973,1.0,0.0,325,2255,45,1976,258,2301,2303,1.1644736842105263,13.05668016194332,22,164.48556890001055,708202496
train,language,,bn,uniq_superbpe_r64,65536,observed,32,152004,152004,58399,21332,7.125632852053253,0.3652802274011541,0.14033841214704876,6,0.028126757922370148,7.125632852053253,7,16,42,"{""1"": 1650, ""10"": 1734, ""11"": 13, ""12"": 933, ""13"": 1047, ""15"": 255, ""16"": 589, ""18"": 85, ""19"": 218, ""2"": 159, ""21"": 36, ""22"": 104, ""24"": 31, ""25"": 40, ""27"": 6, ""28"": 20, ""3"": 3808, ""30"": 1, ""31"": 6, ""36"": 3, ""37"": 2, ""39"": 1, ""4"": 265, ""42"": 1, ""5"": 43, ""6"": 4727, ""7"": 4105, ""8"": 10, ""9"": 1440}",65532,3001,4.579442104620643,3716,17.419838739921246,0,0.0,21356,21324,24,0.11254924029262803,8,0.03750234389649353,0,228,8286,8515,0,8515,8515,1.0,0.0,232,1622,37,1429,220,1661,1661,1.1623512946116166,15.395381385584324,22,164.48556890001055,708202496
train,language,,c,uniq_superbpe_r64,65536,observed,32,51063,51063,51060,17172,2.973619846261356,0.336310223266745,0.3362904647200517,0,0.0,2.973619846261356,1,9,16,"{""1"": 8610, ""10"": 254, ""11"": 187, ""12"": 84, ""13"": 139, ""14"": 35, ""15"": 56, ""16"": 78, ""2"": 1817, ""3"": 1744, ""4"": 1433, ""5"": 768, ""6"": 708, ""7"": 573, ""8"": 408, ""9"": 278}",65532,2120,3.2350607336873587,744,4.332634521313767,0,0.0,19164,19132,1992,10.41187539201338,266,1.5490333100395994,331,2102,3934,5926,260,6257,9740,1.0558555518056025,4.387445156935538,1956,5143,723,4093,567,6049,6116,1.477889078915221,13.85291961886147,13,164.48556890001055,708202496
train,language,,cpp,uniq_superbpe_r64,65536,observed,32,54217,54217,54213,17661,3.069871468206783,0.3257705716341099,0.3257465370640205,0,0.0,3.069871468206783,2,10,16,"{""1"": 8802, ""10"": 255, ""11"": 164, ""12"": 131, ""13"": 157, ""14"": 51, ""15"": 39, ""16"": 113, ""2"": 1845, ""3"": 1603, ""4"": 1371, ""5"": 957, ""6"": 797, ""7"": 605, ""8"": 383, ""9"": 388}",65532,2228,3.399865714460111,766,4.337240246871638,0,0.0,19603,19571,1942,9.922845025803484,293,1.6590227053960704,285,2036,3374,5352,207,5637,9575,1.0532511210762332,3.867713004484305,1707,5269,688,4478,966,6185,6268,1.3811969629298795,21.572130415364,14,164.48556890001055,708202496
train,language,,en,uniq_superbpe_r64,65536,observed,32,59492,59492,59076,17578,3.3844578450335647,0.2975489200352089,0.2954682982585894,0,0.0,3.3844578450335647,3,8,16,"{""1"": 4171, ""10"": 140, ""11"": 131, ""12"": 45, ""13"": 5, ""14"": 9, ""15"": 1, ""16"": 5, ""2"": 2426, ""3"": 3811, ""4"": 3036, ""5"": 1708, ""6"": 809, ""7"": 655, ""8"": 388, ""9"": 238}",65532,3139,4.79002624671916,1631,9.27864375924451,0,0.0,17799,17767,221,1.243879101705409,158,0.8988508362726135,3,874,8273,9298,3,9301,9301,1.000322650032265,0.032265003226500326,332,1980,115,1764,266,2096,2096,1.1882086167800454,15.079365079365079,11,164.48556890001055,708202496
train,language,,fa,uniq_superbpe_r64,65536,observed,32,93798,93798,52677,13879,6.758267886735355,0.2634736222639862,0.14796690760997036,8,0.057641040420779596,6.758267886735355,7,15,27,"{""1"": 1756, ""10"": 192, ""11"": 1378, ""12"": 102, ""13"": 568, ""14"": 32, ""15"": 506, ""16"": 51, ""17"": 158, ""18"": 15, ""19"": 41, ""2"": 1006, ""20"": 8, ""21"": 14, ""22"": 1, ""23"": 17, ""24"": 1, ""25"": 1, ""27"": 1, ""3"": 736, ""4"": 426, ""5"": 2370, ""6"": 531, ""7"": 1731, ""8"": 386, ""9"": 1851}",65532,2978,4.544344747604224,4087,29.447366524965776,0,0.0,13899,13867,20,0.14422730222831182,2,0.014410260105194899,0,397,9533,9930,0,9930,9930,1.0,0.0,236,1385,20,1169,191,1405,1405,1.2018819503849445,16.33875106928999,17,164.48556890001055,708202496
train,language,,go,uniq_superbpe_r64,65536,observed,32,56813,56813,56813,19699,2.884055028174019,0.3467340221428194,0.3467340221428194,0,0.0,2.884055028174019,2,8,16,"{""1"": 9326, ""10"": 179, ""11"": 135, ""12"": 129, ""13"": 17, ""14"": 35, ""15"": 37, ""16"": 85, ""2"": 2335, ""3"": 2361, ""4"": 1777, ""5"": 841, ""6"": 1040, ""7"": 717, ""8"": 452, ""9"": 233}",65532,2102,3.2075932368919,973,4.939337022183867,0,0.0,20212,20180,513,2.5421209117938552,110,0.5584039798974567,93,2899,3486,6386,76,6479,9031,1.0145631067961165,1.1901033510804886,1030,6049,301,5404,868,6434,6454,1.19059955588453,16.06217616580311,12,164.48556890001055,708202496
train,language,,gu,uniq_superbpe_r64,65536,observed,32,146974,146974,58881,20575,7.143329283110571,0.349433603369508,0.13999074666267503,0,0.0,7.143329283110571,7,15,42,"{""1"": 2230, ""10"": 2271, ""12"": 703, ""13"": 1030, ""15"": 228, ""16"": 506, ""17"": 1, ""18"": 103, ""19"": 176, ""2"": 319, ""21"": 32, ""22"": 65, ""24"": 15, ""25"": 20, ""27"": 1, ""28"": 3, ""3"": 2023, ""30"": 2, ""31"": 4, ""34"": 1, ""37"": 1, ""39"": 1, ""4"": 438, ""42"": 1, ""5"": 76, ""6"": 4138, ""7"": 4627, ""8"": 28, ""9"": 1532}",65532,3367,5.13794787279497,3995,19.416767922235724,0,0.0,20599,20567,24,0.11669178781543249,9,0.04374240583232078,0,213,9510,9723,0,9723,9723,1.0,0.0,256,1608,22,1374,189,1630,1630,1.1863173216885008,13.755458515283843,19,164.48556890001055,708202496
train,language,,hi,uniq_superbpe_r64,65536,observed,32,153237,153237,61359,21849,7.013455993409309,0.3560846819537476,0.14258305761663306,0,0.0,7.013455993409309,7,13,36,"{""1"": 2095, ""10"": 2093, ""12"": 561, ""13"": 1401, ""14"": 6, ""15"": 178, ""16"": 387, ""17"": 70, ""18"": 45, ""19"": 122, ""2"": 257, ""21"": 17, ""22"": 36, ""24"": 7, ""25"": 19, ""27"": 2, ""28"": 3, ""3"": 2657, ""34"": 1, ""36"": 1, ""4"": 129, ""5"": 33, ""6"": 3619, ""7"": 6931, ""8"": 5, ""9"": 1174}",65532,2894,4.416163095892084,3018,13.81298915282164,0,0.0,22071,22039,222,1.0073052316348292,137,0.6270309853997894,0,310,11424,11810,0,11810,11810,1.0,0.0,245,1669,23,1447,222,1692,1692,1.1693158258465792,15.342087076710435,18,164.48556890001055,708202496
train,language,,ja,uniq_superbpe_r64,65536,observed,32,142468,142468,61333,30643,4.649283686323141,0.4996168457437269,0.21508689670662887,0,0.0,4.649283686323141,3,12,48,"{""1"": 6741, ""10"": 493, ""11"": 6, ""12"": 3223, ""14"": 9, ""15"": 160, ""16"": 8, ""17"": 1, ""18"": 157, ""19"": 2, ""2"": 2172, ""20"": 15, ""21"": 54, ""22"": 1, ""23"": 2, ""24"": 30, ""25"": 11, ""26"": 4, ""27"": 25, ""28"": 1, ""3"": 11428, ""30"": 20, ""33"": 21, ""35"": 1, ""36"": 7, ""39"": 10, ""4"": 802, ""40"": 15, ""42"": 6, ""44"": 1, ""45"": 11, ""46"": 3, ""48"": 29, ""5"": 162, ""6"": 2894, ""7"": 358, ""8"": 31, ""9"": 1729}",65532,6194,9.45187084172618,7736,25.24556995072284,0,0.0,30710,30678,67,0.21839754873199035,3,0.009790164148418889,0,1710,2725,4436,0,4436,4436,1.0,0.0,550,4333,298,4082,420,4632,4644,1.1347378735913767,10.289073983341499,18,164.48556890001055,708202496
train,language,,java,uniq_superbpe_r64,65536,observed,32,43999,43999,43605,12260,3.588825448613377,0.2811604173833276,0.27864269642491873,0,0.0,3.588825448613377,2,10,40,"{""1"": 5426, ""10"": 289, ""11"": 188, ""12"": 106, ""13"": 92, ""14"": 39, ""15"": 57, ""16"": 103, ""2"": 844, ""21"": 1, ""24"": 2, ""3"": 1121, ""4"": 1196, ""40"": 1, ""5"": 714, ""6"": 876, ""7"": 588, ""8"": 341, ""9"": 276}",65532,1766,2.6948666300433377,683,5.5709624796084825,0,0.0,13703,13671,1443,10.55518981786263,275,2.2430668841761827,182,1323,2517,3775,166,3957,7594,1.0482119205298013,4.397350993377484,805,3455,509,3273,482,4078,4145,1.245951726245035,14.726550565230676,15,164.48556890001055,708202496
train,language,,javascript,uniq_superbpe_r64,65536,observed,32,38980,38980,38152,14499,2.6884612731912547,0.3800325015726567,0.3719599794766547,0,0.0,2.6884612731912547,1,8,48,"{""1"": 7936, ""10"": 132, ""11"": 80, ""12"": 54, ""13"": 65, ""14"": 46, ""15"": 11, ""16"": 49, ""17"": 1, ""2"": 1618, ""3"": 1276, ""4"": 874, ""48"": 1, ""5"": 667, ""6"": 724, ""7"": 473, ""8"": 285, ""9"": 207}",65532,1772,2.7040224623084903,718,4.952065659700669,0,0.0,16118,16086,1619,10.064652492850927,147,1.0138630250362093,141,1610,2114,3702,100,3843,7448,1.0380875202593194,2.7012425715829282,1650,5174,587,4230,1247,5880,5941,1.3900709219858156,29.479905437352247,13,164.48556890001055,708202496
train,language,,kn,uniq_superbpe_r64,65536,observed,32,153841,153841,60531,24995,6.154870974194839,0.41292891245807933,0.16247294284358527,0,0.0,6.154870974194839,6,12,28,"{""1"": 2934, ""10"": 1988, ""11"": 1, ""12"": 651, ""13"": 443, ""15"": 117, ""16"": 94, ""18"": 20, ""19"": 13, ""2"": 732, ""21"": 2, ""22"": 3, ""24"": 1, ""28"": 1, ""3"": 2152, ""4"": 280, ""5"": 75, ""6"": 9475, ""7"": 3469, ""8"": 25, ""9"": 2519}",65532,3381,5.159311481413661,3672,14.690938187637528,0,0.0,25017,24985,22,0.08805283169901941,8,0.03200640128025605,0,403,6840,7243,0,7243,7243,1.0,0.0,239,1639,23,1423,205,1662,1662,1.167955024595924,14.406184118060436,15,164.48556890001055,708202496
train,language,,ko,uniq_superbpe_r64,65536,observed,32,118352,118352,51206,25732,4.599409295818436,0.5025192360270281,0.21741922400973368,5,0.01943105860407275,4.599409295818436,3,10,36,"{""1"": 5232, ""10"": 2133, ""11"": 6, ""12"": 1158, ""13"": 12, ""14"": 3, ""15"": 34, ""16"": 3, ""17"": 1, ""2"": 581, ""21"": 12, ""22"": 2, ""24"": 3, ""27"": 5, ""3"": 7554, ""30"": 2, ""36"": 1, ""4"": 3158, ""5"": 40, ""6"": 1817, ""7"": 3431, ""8"": 15, ""9"": 529}",65532,4368,6.665445889031313,7173,27.875796673402768,0,0.0,25829,25797,97,0.376012714656743,2,0.0077724234416291,1,1883,9170,11052,1,11053,11053,1.0000904813608396,0.009048136083966703,489,2820,109,2443,386,2932,2934,1.2001637331150226,15.800245599672534,12,164.48556890001055,708202496
train,language,,ml,uniq_superbpe_r64,65536,observed,32,137273,137273,52226,15923,8.621051309426615,0.30488645502240264,0.11599513378450242,0,0.0,8.621051309426615,7,19,46,"{""1"": 1925, ""10"": 648, ""12"": 1684, ""13"": 459, ""15"": 857, ""16"": 553, ""18"": 276, ""19"": 314, ""2"": 270, ""21"": 185, ""22"": 120, ""24"": 96, ""25"": 96, ""27"": 48, ""28"": 56, ""3"": 925, ""30"": 13, ""31"": 29, ""33"": 3, ""34"": 14, ""36"": 3, ""37"": 6, ""39"": 3, ""4"": 229, ""40"": 1, ""42"": 3, ""43"": 3, ""45"": 1, ""46"": 3, ""5"": 71, ""6"": 3435, ""7"": 2178, ""8"": 12, ""9"": 1404}",65532,3462,5.282915216993224,4208,26.427180807636752,0,0.0,15953,15921,30,0.1884303749764462,26,0.1632858129749419,0,154,5042,5197,0,5197,5197,1.0,0.0,205,1346,32,1173,171,1378,1378,1.174765558397272,14.578005115089514,27,164.48556890001055,708202496
train,language,,mr,uniq_superbpe_r64,65536,observed,32,145113,145113,56571,19882,7.2987124031787545,0.3514521574658394,0.13701046770447858,0,0.0,7.2987124031787545,7,16,37,"{""1"": 2071, ""10"": 1656, ""11"": 1, ""12"": 1137, ""13"": 782, ""15"": 419, ""16"": 539, ""18"": 125, ""19"": 266, ""2"": 265, ""21"": 50, ""22"": 100, ""24"": 13, ""25"": 42, ""26"": 1, ""27"": 4, ""28"": 5, ""3"": 2381, ""30"": 2, ""31"": 1, ""33"": 3, ""34"": 3, ""37"": 1, ""4"": 187, ""5"": 75, ""6"": 4593, ""7"": 3774, ""8"": 13, ""9"": 1373}",65532,3164,4.828175547823964,3212,16.15531636656272,0,0.0,19918,19886,36,0.18103188172583728,13,0.06538577607886531,0,195,7584,7780,0,7780,7780,1.0,0.0,227,1506,41,1323,187,1550,1551,1.1715797430083144,14.134542705971278,21,164.48556890001055,708202496
train,language,,python,uniq_superbpe_r64,65536,observed,32,48487,48487,48387,15559,3.1163313837650235,0.3215533097732862,0.32089013550023715,0,0.0,3.1163313837650235,2,9,16,"{""1"": 7224, ""10"": 102, ""11"": 73, ""12"": 67, ""13"": 83, ""14"": 23, ""15"": 16, ""16"": 84, ""2"": 1358, ""3"": 1586, ""4"": 1576, ""5"": 1096, ""6"": 822, ""7"": 619, ""8"": 342, ""9"": 488}",65532,2017,3.0778856131355674,607,3.901279002506588,0,0.0,16721,16689,1162,6.9626700221702915,57,0.36634745163570925,139,1807,2812,4625,85,4764,10776,1.0300540540540541,1.837837837837838,1339,4912,251,3862,748,5201,5228,1.3467115484205074,19.368203003625066,13,164.48556890001055,708202496
train,language,,ru,uniq_superbpe_r64,65536,observed,32,106212,106212,58870,15408,6.8933021806853585,0.26172923390521485,0.1450683538583211,0,0.0,6.8933021806853585,5,19,32,"{""1"": 2571, ""10"": 374, ""11"": 716, ""12"": 219, ""13"": 570, ""14"": 128, ""15"": 436, ""16"": 31, ""17"": 426, ""18"": 68, ""19"": 333, ""2"": 1548, ""20"": 28, ""21"": 239, ""22"": 22, ""23"": 141, ""24"": 17, ""25"": 86, ""26"": 3, ""27"": 52, ""28"": 2, ""29"": 24, ""3"": 1404, ""30"": 2, ""31"": 13, ""32"": 2, ""4"": 1414, ""5"": 1083, ""6"": 993, ""7"": 1041, ""8"": 681, ""9"": 741}",65532,4026,6.143563449917598,5184,33.64485981308411,0,0.0,15454,15422,46,0.29827519128517704,3,0.019470404984423675,0,524,7287,7811,0,7811,7811,1.0,0.0,275,1866,48,1640,220,1915,1917,1.1676829268292683,13.414634146341463,25,164.48556890001055,708202496
train,language,,rust,uniq_superbpe_r64,65536,observed,32,56922,56922,56922,21073,2.7011816067954255,0.3702083552932082,0.3702083552932082,0,0.0,2.7011816067954255,1,8,16,"{""1"": 11357, ""10"": 187, ""11"": 129, ""12"": 53, ""13"": 154, ""14"": 13, ""15"": 16, ""16"": 93, ""2"": 1984, ""3"": 2074, ""4"": 1589, ""5"": 1198, ""6"": 1124, ""7"": 566, ""8"": 338, ""9"": 198}",65532,2088,3.18622962827321,694,3.29331371897689,0,0.0,23101,23069,2028,8.791018249599029,104,0.4935225169648365,167,2334,3919,6228,153,6395,13231,1.0268143866409762,2.4566473988439306,2693,7663,822,5827,1951,8520,8582,1.4621589153938561,33.48206624334992,13,164.48556890001055,708202496
train,language,,sql,uniq_superbpe_r64,65536,observed,32,36373,36373,36088,12856,2.8292626011200994,0.35624030148525826,0.3534489868858769,0,0.0,2.8292626011200994,1,9,16,"{""1"": 6728, ""10"": 56, ""11"": 123, ""12"": 24, ""13"": 18, ""14"": 11, ""15"": 25, ""16"": 69, ""2"": 1323, ""3"": 1249, ""4"": 958, ""5"": 566, ""6"": 539, ""7"": 386, ""8"": 443, ""9"": 338}",65532,1564,2.3866202771165232,563,4.3792781580584945,0,0.0,14034,14002,1178,8.413083845164977,281,2.185749844430616,126,1584,2323,3925,117,4051,6655,1.0321019108280254,2.9808917197452227,1298,3953,317,3103,558,4401,4498,1.4183048662584596,17.98259748630358,12,164.48556890001055,708202496
train,language,,sw,uniq_superbpe_r64,65536,observed,32,62449,62449,62216,19492,3.203827211163554,0.3132956152758133,0.3121266953834329,10,0.05130309870716191,3.203827211163554,3,7,15,"{""1"": 3957, ""10"": 78, ""11"": 71, ""12"": 30, ""13"": 10, ""14"": 3, ""15"": 6, ""2"": 3434, ""3"": 5675, ""4"": 2672, ""5"": 1499, ""6"": 736, ""7"": 871, ""8"": 330, ""9"": 120}",65532,2473,3.773728865287188,1678,8.608659963061768,0,0.0,19550,19518,58,0.29716159442565837,9,0.046172788836445725,1,662,8438,9101,1,9102,9106,1.0001098780353808,0.01098780353807274,305,1691,60,1448,263,1753,1753,1.2106353591160222,18.162983425414364,10,164.48556890001055,708202496
train,language,,ta,uniq_superbpe_r64,65536,observed,32,140738,140738,53567,21949,6.412046106884141,0.4097485392125749,0.1559564580994472,0,0.0,6.412046106884141,6,10,19,"{""1"": 2456, ""10"": 2095, ""12"": 380, ""13"": 504, ""15"": 26, ""16"": 59, ""19"": 6, ""2"": 172, ""3"": 1100, ""4"": 116, ""5"": 53, ""6"": 9816, ""7"": 2493, ""8"": 5, ""9"": 2668}",65532,2002,3.054996032472685,2204,10.0414597475967,0,0.0,21978,21946,29,0.1321425316686412,18,0.08200829194951934,0,299,5492,5791,0,5791,5791,1.0,0.0,431,1758,27,1357,296,1788,1788,1.3176123802505526,21.812822402358144,13,164.48556890001055,708202496
train,language,,te,uniq_superbpe_r64,65536,observed,32,158103,158103,60933,21592,7.3222952945535384,0.3543564242692794,0.13656919856043212,0,0.0,7.3222952945535384,6,16,31,"{""1"": 2666, ""10"": 1213, ""11"": 8, ""12"": 1260, ""13"": 620, ""15"": 525, ""16"": 694, ""18"": 199, ""19"": 211, ""2"": 287, ""21"": 47, ""22"": 108, ""24"": 19, ""25"": 48, ""27"": 3, ""28"": 17, ""3"": 973, ""30"": 1, ""31"": 4, ""4"": 314, ""5"": 44, ""6"": 6960, ""7"": 3657, ""8"": 15, ""9"": 1699}",65532,3351,5.113532320087896,4021,18.62263801407929,0,0.0,21620,21588,28,0.1297016861219196,2,0.009262689885142646,0,354,7134,7488,0,7488,7488,1.0,0.0,359,1911,27,1580,301,1939,1939,1.2272151898734178,19.050632911392405,21,164.48556890001055,708202496
train,language,,typescript,uniq_superbpe_r64,65536,observed,32,43989,43989,43698,13066,3.3666768712689423,0.29900681953407476,0.29702880265520926,0,0.0,3.3666768712689423,2,10,18,"{""1"": 6100, ""10"": 130, ""11"": 298, ""12"": 77, ""13"": 43, ""14"": 98, ""15"": 43, ""16"": 74, ""18"": 2, ""2"": 1138, ""3"": 1077, ""4"": 994, ""5"": 808, ""6"": 973, ""7"": 650, ""8"": 369, ""9"": 192}",65532,1901,2.900872856009278,765,5.854890555640594,0,0.0,15496,15464,2430,15.713916192446973,376,2.8776978417266186,113,1548,2746,4263,80,4376,8393,1.0265071545859723,1.8766127140511377,1059,3575,705,3292,727,4351,4406,1.321688942891859,22.083839611178615,14,164.48556890001055,708202496
train,language,,uk,uniq_superbpe_r64,65536,observed,32,95676,95676,53182,15324,6.243539545810493,0.2881426046406679,0.16016555876081776,0,0.0,6.243539545810493,4,19,32,"{""1"": 2828, ""10"": 323, ""11"": 481, ""12"": 249, ""13"": 464, ""14"": 78, ""15"": 317, ""16"": 45, ""17"": 412, ""18"": 65, ""19"": 260, ""2"": 1986, ""20"": 36, ""21"": 243, ""22"": 10, ""23"": 106, ""24"": 15, ""25"": 48, ""26"": 6, ""27"": 19, ""29"": 20, ""3"": 1418, ""31"": 12, ""32"": 1, ""4"": 1436, ""5"": 1152, ""6"": 1010, ""7"": 835, ""8"": 744, ""9"": 705}",65532,3768,5.749862662516023,5028,32.81127642913078,0,0.0,15399,15367,75,0.48805882735732414,2,0.013051422605063952,0,599,6494,7093,0,7093,7093,1.0,0.0,316,2056,105,1849,283,2165,2167,1.1709031909140075,15.305570578691185,23,164.48556890001055,708202496
train,language,,ur,uniq_superbpe_r64,65536,observed,32,112341,112341,64366,17813,6.306686128108685,0.2767454867476618,0.15856187856615128,150,0.8420816257789255,6.306686128108685,5,13,27,"{""1"": 2009, ""10"": 161, ""11"": 1324, ""12"": 163, ""13"": 593, ""14"": 4, ""15"": 360, ""16"": 13, ""17"": 125, ""18"": 1, ""19"": 59, ""2"": 1641, ""20"": 3, ""21"": 17, ""23"": 5, ""24"": 1, ""27"": 3, ""3"": 490, ""4"": 649, ""5"": 4181, ""6"": 431, ""7"": 2955, ""8"": 221, ""9"": 2404}",65532,3439,5.247817859976805,4391,24.650536125301745,0,0.0,18016,17984,203,1.1287811387900355,189,1.0610228484814461,0,659,12698,13545,0,13545,13545,1.0,0.0,248,1753,18,1527,229,1775,1777,1.1624099541584807,14.996725605762935,17,164.48556890001055,708202496
train,language,,yo,uniq_superbpe_r64,65536,observed,32,69432,69432,59766,19610,3.5406425293217745,0.32811297393166683,0.28243461228252104,0,0.0,3.5406425293217745,3,8,17,"{""1"": 3945, ""10"": 137, ""11"": 94, ""12"": 73, ""13"": 20, ""14"": 26, ""15"": 26, ""16"": 34, ""17"": 5, ""2"": 3252, ""3"": 4286, ""4"": 2845, ""5"": 2051, ""6"": 885, ""7"": 1352, ""8"": 418, ""9"": 161}",65532,1946,2.9695415979979245,995,5.073941866394697,0,0.0,19847,19815,237,1.1960635881907646,208,1.0606833248342682,0,925,10360,11487,0,11487,11487,1.0,0.0,267,1828,31,1592,237,1859,1859,1.1677135678391959,14.886934673366834,11,164.48556890001055,708202496
train,language,,zh,uniq_superbpe_r64,65536,observed,32,130086,130086,53452,33115,3.9283104333383663,0.619527800643568,0.2545623664345126,4,0.012079118224369622,3.9283104333383663,3,12,48,"{""1"": 5634, ""10"": 303, ""12"": 2004, ""15"": 32, ""16"": 2, ""17"": 1, ""18"": 13, ""2"": 1382, ""20"": 1, ""21"": 36, ""22"": 1, ""23"": 2, ""24"": 20, ""26"": 1, ""27"": 18, ""29"": 1, ""3"": 17958, ""30"": 10, ""33"": 9, ""36"": 7, ""38"": 1, ""39"": 5, ""4"": 682, ""41"": 1, ""42"": 7, ""44"": 1, ""45"": 7, ""48"": 9, ""5"": 78, ""6"": 3391, ""7"": 505, ""8"": 36, ""9"": 957}",65532,5524,8.429469572117439,7210,21.77261059942624,0,0.0,33454,33422,339,1.0143019567949254,1,0.0030197795560924054,0,1425,2328,3755,0,3755,3755,1.0,0.0,365,3457,137,3235,285,3600,3602,1.1128284389489953,8.809891808346213,12,164.48556890001055,708202496
train,domain,code,,uniq_superbpe_r64,65536,observed,288,430843,430843,428938,143845,2.9951892662240605,0.33535149602040387,0.3338687178392129,0,0.0,2.9951892662240605,2,9,48,"{""1"": 71509, ""10"": 1584, ""11"": 1377, ""12"": 725, ""13"": 768, ""14"": 351, ""15"": 300, ""16"": 748, ""17"": 1, ""18"": 2, ""2"": 14262, ""21"": 1, ""24"": 2, ""3"": 14091, ""4"": 11768, ""40"": 1, ""48"": 1, ""5"": 7615, ""6"": 7603, ""7"": 5177, ""8"": 3361, ""9"": 2598}",65532,7173,10.945797472990295,6513,4.527790329868957,0,0.0,158152,157864,14307,9.062864237571581,1909,1.3271229448364559,1577,17243,27225,44182,1244,45759,82443,1.0356932687519804,2.8156262731429087,13537,45193,4903,37562,8114,51099,51638,1.36039082051009,21.601618657153505,13,164.48556890001055,708202496
train,domain,cyrillic_african,,uniq_superbpe_r64,65536,observed,192,583695,583695,352072,103568,5.635862428549359,0.2941671021836443,0.17743513307463657,10,0.009655492043874557,5.635862428549359,4,17,34,"{""1"": 19508, ""10"": 3287, ""11"": 2063, ""12"": 917, ""13"": 4128, ""14"": 336, ""15"": 1190, ""16"": 1988, ""17"": 1243, ""18"": 255, ""19"": 1782, ""2"": 12120, ""20"": 94, ""21"": 685, ""22"": 423, ""23"": 308, ""24"": 43, ""25"": 306, ""26"": 10, ""27"": 101, ""28"": 38, ""29"": 53, ""3"": 16915, ""30"": 2, ""31"": 34, ""32"": 5, ""33"": 1, ""34"": 4, ""4"": 10276, ""5"": 8096, ""6"": 5015, ""7"": 6591, ""8"": 2908, ""9"": 2843}",65532,18057,27.554477201977658,25670,24.785648076625986,0,0.0,104059,103867,491,0.47271992066777707,239,0.23076625984860188,1,4139,51325,55671,1,55672,55676,1.0000179626735644,0.0017962673564333315,2190,12481,311,10610,1804,12800,12806,1.2064090480678604,17.00282752120641,22,164.48556890001055,708202496
train,domain,indic_cjk_arabic,,uniq_superbpe_r64,65536,observed,448,1882068,1882068,800441,303816,6.194762619480212,0.37956076712712117,0.1614266859645879,445,0.14647023198251574,6.194762619480212,6,13,48,"{""1"": 42071, ""10"": 17274, ""11"": 3635, ""12"": 14042, ""13"": 8024, ""14"": 73, ""15"": 4711, ""16"": 3515, ""17"": 861, ""18"": 1044, ""19"": 1587, ""2"": 10567, ""20"": 30, ""21"": 582, ""22"": 542, ""23"": 66, ""24"": 237, ""25"": 282, ""26"": 6, ""27"": 117, ""28"": 106, ""29"": 1, ""3"": 55029, ""30"": 51, ""31"": 45, ""33"": 36, ""34"": 19, ""35"": 1, ""36"": 22, ""37"": 10, ""38"": 1, ""39"": 20, ""4"": 8502, ""40"": 16, ""41"": 1, ""42"": 18, ""43"": 3, ""44"": 2, ""45"": 19, ""46"": 6, ""48"": 38, ""5"": 8896, ""6"": 56551, ""7"": 41462, ""8"": 1254, ""9"": 22441}",65532,43691,66.67124458279925,64826,21.337256760670932,0,0.0,304978,304530,1162,0.38157160214100416,420,0.13824156726439688,1,8994,105839,115103,1,115104,115104,1.0000086878708634,0.0008687870863487486,4413,28544,834,24988,3571,29401,29420,1.176604770289739,14.290859612614055,19,164.48556890001055,708202496
train,domain,latin_english,,uniq_superbpe_r64,65536,observed,32,59492,59492,59076,17578,3.3844578450335647,0.2975489200352089,0.2954682982585894,0,0.0,3.3844578450335647,3,8,16,"{""1"": 4171, ""10"": 140, ""11"": 131, ""12"": 45, ""13"": 5, ""14"": 9, ""15"": 1, ""16"": 5, ""2"": 2426, ""3"": 3811, ""4"": 3036, ""5"": 1708, ""6"": 809, ""7"": 655, ""8"": 388, ""9"": 238}",65532,3139,4.79002624671916,1631,9.27864375924451,0,0.0,17799,17767,221,1.243879101705409,158,0.8988508362726135,3,874,8273,9298,3,9301,9301,1.000322650032265,0.032265003226500326,332,1980,115,1764,266,2096,2096,1.1882086167800454,15.079365079365079,11,164.48556890001055,708202496
train,aggregate,,,uniq_superbpe_r64,65536,observed,960,2956098,2956098,1640527,568807,5.197014101443899,0.34672212039180095,0.19241818099399952,455,0.07999198322102224,5.197014101443899,4,13,48,"{""1"": 137259, ""10"": 22285, ""11"": 7206, ""12"": 15729, ""13"": 12925, ""14"": 769, ""15"": 6202, ""16"": 6256, ""17"": 2105, ""18"": 1301, ""19"": 3369, ""2"": 39375, ""20"": 124, ""21"": 1268, ""22"": 965, ""23"": 374, ""24"": 282, ""25"": 588, ""26"": 16, ""27"": 218, ""28"": 144, ""29"": 54, ""3"": 89846, ""30"": 53, ""31"": 79, ""32"": 5, ""33"": 37, ""34"": 23, ""35"": 1, ""36"": 22, ""37"": 10, ""38"": 1, ""39"": 20, ""4"": 33582, ""40"": 17, ""41"": 1, ""42"": 18, ""43"": 3, ""44"": 2, ""45"": 19, ""46"": 6, ""48"": 39, ""5"": 26315, ""6"": 69978, ""7"": 53885, ""8"": 7911, ""9"": 28120}",65532,64453,98.35347616431667,98640,17.341558736091503,0,0.0,584988,584028,16181,2.770586341750738,2726,0.47924867310001457,1582,31250,192662,224254,1249,225836,262524,1.007054500700099,0.5569577354250091,20472,88198,6163,74924,13755,95396,95960,1.273236880038439,18.358603384763228,19,164.48556890001055,708202496
validation,stratum,flores200,am,uniq_superbpe_r64,65536,observed,32,6471,6471,2573,1455,4.447422680412371,0.565487757481539,0.22484932777005098,0,0.0,4.447422680412371,3,13,22,"{""1"": 76, ""10"": 66, ""12"": 2, ""13"": 53, ""15"": 1, ""16"": 17, ""19"": 8, ""2"": 21, ""22"": 2, ""3"": 825, ""4"": 201, ""6"": 87, ""7"": 84, ""9"": 12}",65532,461,0.7034731123725814,768,52.78350515463917,59,4.054982817869416,1455,1423,0,0.0,0,0.0,0,42,444,486,0,486,486,1.0,0.0,1,76,0,75,1,76,76,1.0133333333333334,1.3333333333333333,16,164.48556890001055,708202496
validation,stratum,flores200,ar,uniq_superbpe_r64,65536,observed,32,6539,6539,3628,1376,4.75218023255814,0.37927232635060637,0.21042972931640924,32,2.3255813953488373,4.75218023255814,4,11,21,"{""1"": 169, ""10"": 17, ""11"": 33, ""12"": 4, ""13"": 25, ""15"": 18, ""17"": 7, ""19"": 1, ""2"": 255, ""21"": 1, ""3"": 69, ""4"": 264, ""5"": 179, ""6"": 128, ""7"": 110, ""8"": 35, ""9"": 61}",65532,608,0.9277910028688274,573,41.64244186046512,5,0.3633720930232558,1378,1346,2,0.1485884101040119,0,0.0,0,64,517,581,0,581,581,1.0,0.0,2,86,2,86,2,88,88,1.0232558139534884,2.3255813953488373,15,164.48556890001055,708202496
validation,stratum,flores200,bg,uniq_superbpe_r64,65536,observed,32,7482,7482,4146,1437,5.206680584551148,0.3465991316931983,0.19206094627105053,0,0.0,5.206680584551148,5,12,21,"{""1"": 172, ""10"": 31, ""11"": 44, ""12"": 6, ""13"": 27, ""14"": 7, ""15"": 12, ""16"": 2, ""17"": 11, ""18"": 3, ""19"": 4, ""2"": 178, ""21"": 2, ""3"": 146, ""4"": 220, ""5"": 166, ""6"": 164, ""7"": 77, ""8"": 88, ""9"": 77}",65532,665,1.01477140938778,437,30.410577592205986,3,0.20876826722338204,1440,1408,3,0.21306818181818182,0,0.0,0,56,561,617,0,617,617,1.0,0.0,3,121,3,121,3,124,124,1.024793388429752,2.479338842975207,17,164.48556890001055,708202496
validation,stratum,flores200,bn,uniq_superbpe_r64,65536,observed,32,10772,10772,4028,1899,5.672459189046867,0.4714498510427011,0.17629038247307835,192,10.110584518167457,5.672459189046867,6,13,25,"{""1"": 318, ""10"": 80, ""12"": 59, ""13"": 74, ""15"": 7, ""16"": 25, ""18"": 2, ""19"": 4, ""2"": 12, ""21"": 2, ""22"": 4, ""24"": 1, ""25"": 2, ""3"": 443, ""4"": 18, ""6"": 448, ""7"": 275, ""9"": 125}",65532,511,0.7797717145821889,404,21.274354923644022,79,4.160084254870985,1904,1872,5,0.2670940170940171,0,0.0,2,69,491,558,2,560,560,1.003584229390681,0.35842293906810035,8,85,5,82,5,90,90,1.0975609756097562,6.097560975609756,16,164.48556890001055,708202496
validation,stratum,flores200,fa,uniq_superbpe_r64,65536,observed,32,6879,6879,3885,1344,5.118303571428571,0.34594594594594597,0.19537723506323593,4,0.2976190476190476,5.118303571428571,5,11,21,"{""1"": 116, ""10"": 14, ""11"": 54, ""12"": 3, ""13"": 20, ""14"": 1, ""15"": 13, ""16"": 5, ""17"": 7, ""19"": 2, ""2"": 263, ""21"": 1, ""3"": 93, ""4"": 155, ""5"": 231, ""6"": 106, ""7"": 128, ""8"": 34, ""9"": 98}",65532,607,0.9262650308246353,416,30.952380952380953,0,0.0,1346,1314,2,0.15220700152207,0,0.0,0,42,658,700,0,700,700,1.0,0.0,4,106,2,104,4,108,108,1.0384615384615385,3.8461538461538463,16,164.48556890001055,708202496
validation,stratum,flores200,gu,uniq_superbpe_r64,65536,observed,32,9612,9612,3700,1777,5.409116488463703,0.48027027027027025,0.1848730753225135,237,13.33708497467642,5.409116488463703,6,12,19,"{""1"": 416, ""10"": 112, ""12"": 49, ""13"": 56, ""15"": 13, ""16"": 13, ""18"": 3, ""19"": 1, ""2"": 26, ""3"": 299, ""4"": 20, ""6"": 374, ""7"": 272, ""9"": 123}",65532,554,0.8453885124824513,478,26.899268429938097,103,5.796285875070343,1783,1751,6,0.34266133637921187,0,0.0,2,79,491,568,2,570,570,1.0035211267605635,0.352112676056338,13,85,6,78,10,91,91,1.1666666666666667,12.820512820512821,15,164.48556890001055,708202496
validation,stratum,flores200,hi,uniq_superbpe_r64,65536,observed,32,10074,10074,3966,1758,5.73037542662116,0.443267776096823,0.17450863609291245,189,10.750853242320819,5.73037542662116,6,13,25,"{""1"": 314, ""10"": 103, ""12"": 31, ""13"": 72, ""15"": 4, ""16"": 7, ""17"": 8, ""18"": 2, ""19"": 7, ""2"": 28, ""22"": 1, ""25"": 3, ""3"": 312, ""4"": 18, ""6"": 316, ""7"": 450, ""9"": 82}",65532,556,0.8484404565708357,351,19.965870307167236,97,5.517633674630262,1779,1747,21,1.2020606754436176,8,0.4550625711035267,0,49,690,747,0,747,747,1.0,0.0,1,76,5,80,1,81,81,1.0125,1.25,17,164.48556890001055,708202496
validation,stratum,flores200,ja,uniq_superbpe_r64,65536,observed,32,5110,5110,1782,1363,3.7490829053558326,0.7648709315375982,0.26673189823874754,81,5.9427732942039615,3.7490829053558326,3,9,12,"{""1"": 126, ""12"": 40, ""2"": 23, ""3"": 917, ""6"": 202, ""9"": 55}",65532,624,0.9522065555759018,409,30.00733675715334,71,5.209097578870139,1363,1331,0,0.0,0,0.0,0,1,1,2,0,2,2,1.0,0.0,2,110,3,111,2,113,113,1.018018018018018,1.8018018018018018,12,164.48556890001055,708202496
validation,stratum,flores200,kn,uniq_superbpe_r64,65536,observed,32,11326,11326,4264,2024,5.595849802371541,0.474671669793621,0.17870386720819353,57,2.816205533596838,5.595849802371541,6,10,19,"{""1"": 297, ""10"": 96, ""12"": 39, ""13"": 10, ""15"": 3, ""16"": 1, ""19"": 1, ""2"": 39, ""3"": 240, ""4"": 16, ""6"": 841, ""7"": 243, ""9"": 198}",65532,570,0.8698040651895257,337,16.650197628458496,53,2.6185770750988144,2042,2010,18,0.8955223880597015,0,0.0,46,150,399,503,42,549,549,1.091451292246521,8.34990059642147,0,72,18,90,0,90,90,1.0,0.0,12,164.48556890001055,708202496
validation,stratum,flores200,ko,uniq_superbpe_r64,65536,observed,32,4735,4735,2037,1343,3.5256887565152644,0.6593028964162985,0.2836325237592397,45,3.3507073715562172,3.5256887565152644,3,7,12,"{""1"": 220, ""10"": 20, ""12"": 15, ""2"": 35, ""3"": 641, ""4"": 228, ""5"": 1, ""6"": 84, ""7"": 85, ""9"": 14}",65532,601,0.9171091985594824,343,25.53983618763961,45,3.3507073715562172,1347,1315,4,0.3041825095057034,0,0.0,0,72,358,430,0,430,430,1.0,0.0,6,77,4,75,4,81,81,1.08,5.333333333333333,12,164.48556890001055,708202496
validation,stratum,flores200,ml,uniq_superbpe_r64,65536,observed,32,11894,11894,4384,1901,6.256706996317727,0.4336222627737226,0.15982848495039514,126,6.628090478695423,6.256706996317727,6,15,28,"{""1"": 310, ""10"": 59, ""12"": 198, ""13"": 31, ""15"": 46, ""16"": 25, ""18"": 9, ""19"": 8, ""2"": 33, ""21"": 3, ""22"": 6, ""24"": 2, ""25"": 1, ""27"": 2, ""28"": 1, ""3"": 357, ""4"": 22, ""6"": 498, ""7"": 181, ""9"": 109}",65532,592,0.903375450161753,590,31.03629668595476,104,5.470804839558127,1914,1882,13,0.6907545164718385,0,0.0,5,88,359,442,5,447,447,1.01131221719457,1.1312217194570136,11,78,13,80,8,91,91,1.1375,10.0,19,164.48556890001055,708202496
validation,stratum,flores200,mr,uniq_superbpe_r64,65536,observed,32,10965,10965,4109,1894,5.789334741288279,0.46093940131418837,0.1727314181486548,222,11.721224920802534,5.789334741288279,6,13,25,"{""1"": 390, ""10"": 76, ""12"": 89, ""13"": 48, ""15"": 37, ""16"": 20, ""18"": 5, ""19"": 9, ""2"": 19, ""21"": 1, ""22"": 4, ""25"": 2, ""3"": 332, ""4"": 14, ""6"": 438, ""7"": 290, ""9"": 120}",65532,603,0.9201611426478666,439,23.178458289334742,113,5.966209081309398,1897,1865,3,0.16085790884718498,0,0.0,1,71,473,543,1,544,544,1.0018416206261511,0.1841620626151013,10,85,3,78,7,88,88,1.1282051282051282,8.974358974358974,18,164.48556890001055,708202496
validation,stratum,flores200,ru,uniq_superbpe_r64,65536,observed,32,7654,7654,4261,1516,5.0488126649076515,0.35578502698896974,0.19806637052521558,0,0.0,5.0488126649076515,4,12,21,"{""1"": 203, ""10"": 33, ""11"": 56, ""12"": 12, ""13"": 28, ""14"": 9, ""15"": 10, ""16"": 1, ""17"": 9, ""18"": 2, ""19"": 6, ""2"": 241, ""21"": 3, ""3"": 139, ""4"": 236, ""5"": 100, ""6"": 187, ""7"": 106, ""8"": 83, ""9"": 52}",65532,754,1.1505829213208814,484,31.926121372031663,8,0.5277044854881267,1518,1486,2,0.13458950201884254,0,0.0,5,61,515,571,5,576,576,1.0087565674255692,0.8756567425569177,6,128,2,124,5,130,130,1.0483870967741935,4.032258064516129,17,164.48556890001055,708202496
validation,stratum,flores200,sw,uniq_superbpe_r64,65536,observed,32,4405,4405,4397,1425,3.0912280701754384,0.3240846031385035,0.32349602724177073,0,0.0,3.0912280701754384,3,7,10,"{""1"": 269, ""10"": 2, ""2"": 232, ""3"": 473, ""4"": 248, ""5"": 69, ""6"": 49, ""7"": 64, ""8"": 17, ""9"": 2}",65532,658,1.004089605078435,153,10.736842105263158,1,0.07017543859649122,1428,1396,3,0.2148997134670487,0,0.0,0,52,608,660,0,660,660,1.0,0.0,1,74,3,76,1,77,77,1.013157894736842,1.3157894736842106,8,164.48556890001055,708202496
validation,stratum,flores200,ta,uniq_superbpe_r64,65536,observed,32,12193,12193,4517,2044,5.965264187866928,0.4525127296878459,0.16763716886738292,36,1.761252446183953,5.965264187866928,6,10,16,"{""1"": 227, ""10"": 133, ""12"": 23, ""13"": 24, ""16"": 1, ""2"": 30, ""3"": 179, ""4"": 9, ""6"": 975, ""7"": 219, ""9"": 224}",65532,474,0.7233107489470793,262,12.818003913894325,50,2.4461839530332683,2052,2020,8,0.39603960396039606,0,0.0,1,69,406,474,1,475,475,1.0021097046413503,0.2109704641350211,13,103,8,98,10,111,111,1.1326530612244898,10.204081632653061,13,164.48556890001055,708202496
validation,stratum,flores200,te,uniq_superbpe_r64,65536,observed,32,10409,10409,3954,1713,6.076474022183304,0.4332321699544765,0.1645691228744356,87,5.078809106830122,6.076474022183304,6,13,28,"{""1"": 276, ""10"": 60, ""12"": 65, ""13"": 45, ""15"": 18, ""16"": 28, ""18"": 6, ""19"": 2, ""2"": 38, ""21"": 2, ""22"": 1, ""25"": 1, ""28"": 2, ""3"": 185, ""4"": 14, ""5"": 2, ""6"": 606, ""7"": 216, ""9"": 146}",65532,605,0.923213086736251,347,20.25685931115003,55,3.210741389375365,1721,1689,8,0.47365304914150386,1,0.05837711617046118,6,86,400,480,6,486,486,1.0125,1.25,7,84,8,85,7,92,92,1.0823529411764705,8.235294117647058,16,164.48556890001055,708202496
validation,stratum,flores200,uk,uniq_superbpe_r64,65536,observed,32,7446,7446,4118,1515,4.914851485148515,0.3678970373967946,0.20346494762288478,0,0.0,4.914851485148515,4,11,27,"{""1"": 183, ""10"": 31, ""11"": 38, ""12"": 14, ""13"": 19, ""14"": 4, ""15"": 7, ""16"": 1, ""17"": 9, ""18"": 1, ""19"": 2, ""2"": 224, ""21"": 1, ""22"": 1, ""25"": 2, ""27"": 1, ""3"": 146, ""4"": 268, ""5"": 125, ""6"": 215, ""7"": 91, ""8"": 84, ""9"": 48}",65532,745,1.136849172923152,495,32.67326732673267,4,0.264026402640264,1520,1488,5,0.33602150537634407,0,0.0,0,55,500,555,0,555,555,1.0,0.0,2,118,8,124,2,126,126,1.0161290322580645,1.6129032258064515,17,164.48556890001055,708202496
validation,stratum,flores200,ur,uniq_superbpe_r64,65536,observed,32,6879,6879,3892,1369,5.024835646457268,0.3517471736896197,0.19901148422735862,10,0.7304601899196493,5.024835646457268,5,11,21,"{""1"": 88, ""10"": 2, ""11"": 52, ""12"": 5, ""13"": 15, ""15"": 7, ""17"": 1, ""19"": 3, ""2"": 257, ""21"": 1, ""3"": 52, ""4"": 197, ""5"": 329, ""6"": 71, ""7"": 186, ""8"": 14, ""9"": 89}",65532,572,0.8728560092779101,429,31.336742147552958,0,0.0,1372,1340,3,0.22388059701492538,2,0.14609203798392986,0,39,752,793,0,793,793,1.0,0.0,1,71,1,71,1,72,72,1.0140845070422535,1.408450704225352,13,164.48556890001055,708202496
validation,stratum,flores200,yo,uniq_superbpe_r64,65536,observed,32,5063,5063,3889,2133,2.373652133145804,0.5484700437130368,0.42129172427414574,10,0.46882325363338023,2.373652133145804,2,5,10,"{""1"": 609, ""10"": 1, ""2"": 823, ""3"": 293, ""4"": 185, ""5"": 186, ""6"": 17, ""7"": 5, ""8"": 14}",65532,480,0.7324665812122322,101,4.735114861697141,13,0.6094702297233943,2145,2113,12,0.5679129200189305,4,0.1875293014533521,0,139,575,718,0,718,718,1.0,0.0,2,70,8,76,2,78,78,1.0263157894736843,2.6315789473684212,6,164.48556890001055,708202496
validation,stratum,flores200,zh,uniq_superbpe_r64,65536,observed,32,3769,3769,1485,1304,2.8903374233128836,0.8781144781144781,0.345980366144866,78,5.9815950920245395,2.8903374233128836,3,6,12,"{""1"": 215, ""12"": 2, ""2"": 45, ""3"": 932, ""4"": 14, ""6"": 92, ""9"": 4}",65532,612,0.9338948910455961,276,21.165644171779142,67,5.138036809815951,1308,1276,4,0.31347962382445144,0,0.0,0,33,30,63,0,63,63,1.0,0.0,6,134,4,132,6,138,138,1.0454545454545454,4.545454545454546,6,164.48556890001055,708202496
validation,language,,am,uniq_superbpe_r64,65536,observed,32,6471,6471,2573,1455,4.447422680412371,0.565487757481539,0.22484932777005098,0,0.0,4.447422680412371,3,13,22,"{""1"": 76, ""10"": 66, ""12"": 2, ""13"": 53, ""15"": 1, ""16"": 17, ""19"": 8, ""2"": 21, ""22"": 2, ""3"": 825, ""4"": 201, ""6"": 87, ""7"": 84, ""9"": 12}",65532,461,0.7034731123725814,768,52.78350515463917,59,4.054982817869416,1455,1423,0,0.0,0,0.0,0,42,444,486,0,486,486,1.0,0.0,1,76,0,75,1,76,76,1.0133333333333334,1.3333333333333333,16,164.48556890001055,708202496
validation,language,,ar,uniq_superbpe_r64,65536,observed,32,6539,6539,3628,1376,4.75218023255814,0.37927232635060637,0.21042972931640924,32,2.3255813953488373,4.75218023255814,4,11,21,"{""1"": 169, ""10"": 17, ""11"": 33, ""12"": 4, ""13"": 25, ""15"": 18, ""17"": 7, ""19"": 1, ""2"": 255, ""21"": 1, ""3"": 69, ""4"": 264, ""5"": 179, ""6"": 128, ""7"": 110, ""8"": 35, ""9"": 61}",65532,608,0.9277910028688274,573,41.64244186046512,5,0.3633720930232558,1378,1346,2,0.1485884101040119,0,0.0,0,64,517,581,0,581,581,1.0,0.0,2,86,2,86,2,88,88,1.0232558139534884,2.3255813953488373,15,164.48556890001055,708202496
validation,language,,bg,uniq_superbpe_r64,65536,observed,32,7482,7482,4146,1437,5.206680584551148,0.3465991316931983,0.19206094627105053,0,0.0,5.206680584551148,5,12,21,"{""1"": 172, ""10"": 31, ""11"": 44, ""12"": 6, ""13"": 27, ""14"": 7, ""15"": 12, ""16"": 2, ""17"": 11, ""18"": 3, ""19"": 4, ""2"": 178, ""21"": 2, ""3"": 146, ""4"": 220, ""5"": 166, ""6"": 164, ""7"": 77, ""8"": 88, ""9"": 77}",65532,665,1.01477140938778,437,30.410577592205986,3,0.20876826722338204,1440,1408,3,0.21306818181818182,0,0.0,0,56,561,617,0,617,617,1.0,0.0,3,121,3,121,3,124,124,1.024793388429752,2.479338842975207,17,164.48556890001055,708202496
validation,language,,bn,uniq_superbpe_r64,65536,observed,32,10772,10772,4028,1899,5.672459189046867,0.4714498510427011,0.17629038247307835,192,10.110584518167457,5.672459189046867,6,13,25,"{""1"": 318, ""10"": 80, ""12"": 59, ""13"": 74, ""15"": 7, ""16"": 25, ""18"": 2, ""19"": 4, ""2"": 12, ""21"": 2, ""22"": 4, ""24"": 1, ""25"": 2, ""3"": 443, ""4"": 18, ""6"": 448, ""7"": 275, ""9"": 125}",65532,511,0.7797717145821889,404,21.274354923644022,79,4.160084254870985,1904,1872,5,0.2670940170940171,0,0.0,2,69,491,558,2,560,560,1.003584229390681,0.35842293906810035,8,85,5,82,5,90,90,1.0975609756097562,6.097560975609756,16,164.48556890001055,708202496
validation,language,,fa,uniq_superbpe_r64,65536,observed,32,6879,6879,3885,1344,5.118303571428571,0.34594594594594597,0.19537723506323593,4,0.2976190476190476,5.118303571428571,5,11,21,"{""1"": 116, ""10"": 14, ""11"": 54, ""12"": 3, ""13"": 20, ""14"": 1, ""15"": 13, ""16"": 5, ""17"": 7, ""19"": 2, ""2"": 263, ""21"": 1, ""3"": 93, ""4"": 155, ""5"": 231, ""6"": 106, ""7"": 128, ""8"": 34, ""9"": 98}",65532,607,0.9262650308246353,416,30.952380952380953,0,0.0,1346,1314,2,0.15220700152207,0,0.0,0,42,658,700,0,700,700,1.0,0.0,4,106,2,104,4,108,108,1.0384615384615385,3.8461538461538463,16,164.48556890001055,708202496
validation,language,,gu,uniq_superbpe_r64,65536,observed,32,9612,9612,3700,1777,5.409116488463703,0.48027027027027025,0.1848730753225135,237,13.33708497467642,5.409116488463703,6,12,19,"{""1"": 416, ""10"": 112, ""12"": 49, ""13"": 56, ""15"": 13, ""16"": 13, ""18"": 3, ""19"": 1, ""2"": 26, ""3"": 299, ""4"": 20, ""6"": 374, ""7"": 272, ""9"": 123}",65532,554,0.8453885124824513,478,26.899268429938097,103,5.796285875070343,1783,1751,6,0.34266133637921187,0,0.0,2,79,491,568,2,570,570,1.0035211267605635,0.352112676056338,13,85,6,78,10,91,91,1.1666666666666667,12.820512820512821,15,164.48556890001055,708202496
validation,language,,hi,uniq_superbpe_r64,65536,observed,32,10074,10074,3966,1758,5.73037542662116,0.443267776096823,0.17450863609291245,189,10.750853242320819,5.73037542662116,6,13,25,"{""1"": 314, ""10"": 103, ""12"": 31, ""13"": 72, ""15"": 4, ""16"": 7, ""17"": 8, ""18"": 2, ""19"": 7, ""2"": 28, ""22"": 1, ""25"": 3, ""3"": 312, ""4"": 18, ""6"": 316, ""7"": 450, ""9"": 82}",65532,556,0.8484404565708357,351,19.965870307167236,97,5.517633674630262,1779,1747,21,1.2020606754436176,8,0.4550625711035267,0,49,690,747,0,747,747,1.0,0.0,1,76,5,80,1,81,81,1.0125,1.25,17,164.48556890001055,708202496
validation,language,,ja,uniq_superbpe_r64,65536,observed,32,5110,5110,1782,1363,3.7490829053558326,0.7648709315375982,0.26673189823874754,81,5.9427732942039615,3.7490829053558326,3,9,12,"{""1"": 126, ""12"": 40, ""2"": 23, ""3"": 917, ""6"": 202, ""9"": 55}",65532,624,0.9522065555759018,409,30.00733675715334,71,5.209097578870139,1363,1331,0,0.0,0,0.0,0,1,1,2,0,2,2,1.0,0.0,2,110,3,111,2,113,113,1.018018018018018,1.8018018018018018,12,164.48556890001055,708202496
validation,language,,kn,uniq_superbpe_r64,65536,observed,32,11326,11326,4264,2024,5.595849802371541,0.474671669793621,0.17870386720819353,57,2.816205533596838,5.595849802371541,6,10,19,"{""1"": 297, ""10"": 96, ""12"": 39, ""13"": 10, ""15"": 3, ""16"": 1, ""19"": 1, ""2"": 39, ""3"": 240, ""4"": 16, ""6"": 841, ""7"": 243, ""9"": 198}",65532,570,0.8698040651895257,337,16.650197628458496,53,2.6185770750988144,2042,2010,18,0.8955223880597015,0,0.0,46,150,399,503,42,549,549,1.091451292246521,8.34990059642147,0,72,18,90,0,90,90,1.0,0.0,12,164.48556890001055,708202496
validation,language,,ko,uniq_superbpe_r64,65536,observed,32,4735,4735,2037,1343,3.5256887565152644,0.6593028964162985,0.2836325237592397,45,3.3507073715562172,3.5256887565152644,3,7,12,"{""1"": 220, ""10"": 20, ""12"": 15, ""2"": 35, ""3"": 641, ""4"": 228, ""5"": 1, ""6"": 84, ""7"": 85, ""9"": 14}",65532,601,0.9171091985594824,343,25.53983618763961,45,3.3507073715562172,1347,1315,4,0.3041825095057034,0,0.0,0,72,358,430,0,430,430,1.0,0.0,6,77,4,75,4,81,81,1.08,5.333333333333333,12,164.48556890001055,708202496
validation,language,,ml,uniq_superbpe_r64,65536,observed,32,11894,11894,4384,1901,6.256706996317727,0.4336222627737226,0.15982848495039514,126,6.628090478695423,6.256706996317727,6,15,28,"{""1"": 310, ""10"": 59, ""12"": 198, ""13"": 31, ""15"": 46, ""16"": 25, ""18"": 9, ""19"": 8, ""2"": 33, ""21"": 3, ""22"": 6, ""24"": 2, ""25"": 1, ""27"": 2, ""28"": 1, ""3"": 357, ""4"": 22, ""6"": 498, ""7"": 181, ""9"": 109}",65532,592,0.903375450161753,590,31.03629668595476,104,5.470804839558127,1914,1882,13,0.6907545164718385,0,0.0,5,88,359,442,5,447,447,1.01131221719457,1.1312217194570136,11,78,13,80,8,91,91,1.1375,10.0,19,164.48556890001055,708202496
validation,language,,mr,uniq_superbpe_r64,65536,observed,32,10965,10965,4109,1894,5.789334741288279,0.46093940131418837,0.1727314181486548,222,11.721224920802534,5.789334741288279,6,13,25,"{""1"": 390, ""10"": 76, ""12"": 89, ""13"": 48, ""15"": 37, ""16"": 20, ""18"": 5, ""19"": 9, ""2"": 19, ""21"": 1, ""22"": 4, ""25"": 2, ""3"": 332, ""4"": 14, ""6"": 438, ""7"": 290, ""9"": 120}",65532,603,0.9201611426478666,439,23.178458289334742,113,5.966209081309398,1897,1865,3,0.16085790884718498,0,0.0,1,71,473,543,1,544,544,1.0018416206261511,0.1841620626151013,10,85,3,78,7,88,88,1.1282051282051282,8.974358974358974,18,164.48556890001055,708202496
validation,language,,ru,uniq_superbpe_r64,65536,observed,32,7654,7654,4261,1516,5.0488126649076515,0.35578502698896974,0.19806637052521558,0,0.0,5.0488126649076515,4,12,21,"{""1"": 203, ""10"": 33, ""11"": 56, ""12"": 12, ""13"": 28, ""14"": 9, ""15"": 10, ""16"": 1, ""17"": 9, ""18"": 2, ""19"": 6, ""2"": 241, ""21"": 3, ""3"": 139, ""4"": 236, ""5"": 100, ""6"": 187, ""7"": 106, ""8"": 83, ""9"": 52}",65532,754,1.1505829213208814,484,31.926121372031663,8,0.5277044854881267,1518,1486,2,0.13458950201884254,0,0.0,5,61,515,571,5,576,576,1.0087565674255692,0.8756567425569177,6,128,2,124,5,130,130,1.0483870967741935,4.032258064516129,17,164.48556890001055,708202496
validation,language,,sw,uniq_superbpe_r64,65536,observed,32,4405,4405,4397,1425,3.0912280701754384,0.3240846031385035,0.32349602724177073,0,0.0,3.0912280701754384,3,7,10,"{""1"": 269, ""10"": 2, ""2"": 232, ""3"": 473, ""4"": 248, ""5"": 69, ""6"": 49, ""7"": 64, ""8"": 17, ""9"": 2}",65532,658,1.004089605078435,153,10.736842105263158,1,0.07017543859649122,1428,1396,3,0.2148997134670487,0,0.0,0,52,608,660,0,660,660,1.0,0.0,1,74,3,76,1,77,77,1.013157894736842,1.3157894736842106,8,164.48556890001055,708202496
validation,language,,ta,uniq_superbpe_r64,65536,observed,32,12193,12193,4517,2044,5.965264187866928,0.4525127296878459,0.16763716886738292,36,1.761252446183953,5.965264187866928,6,10,16,"{""1"": 227, ""10"": 133, ""12"": 23, ""13"": 24, ""16"": 1, ""2"": 30, ""3"": 179, ""4"": 9, ""6"": 975, ""7"": 219, ""9"": 224}",65532,474,0.7233107489470793,262,12.818003913894325,50,2.4461839530332683,2052,2020,8,0.39603960396039606,0,0.0,1,69,406,474,1,475,475,1.0021097046413503,0.2109704641350211,13,103,8,98,10,111,111,1.1326530612244898,10.204081632653061,13,164.48556890001055,708202496
validation,language,,te,uniq_superbpe_r64,65536,observed,32,10409,10409,3954,1713,6.076474022183304,0.4332321699544765,0.1645691228744356,87,5.078809106830122,6.076474022183304,6,13,28,"{""1"": 276, ""10"": 60, ""12"": 65, ""13"": 45, ""15"": 18, ""16"": 28, ""18"": 6, ""19"": 2, ""2"": 38, ""21"": 2, ""22"": 1, ""25"": 1, ""28"": 2, ""3"": 185, ""4"": 14, ""5"": 2, ""6"": 606, ""7"": 216, ""9"": 146}",65532,605,0.923213086736251,347,20.25685931115003,55,3.210741389375365,1721,1689,8,0.47365304914150386,1,0.05837711617046118,6,86,400,480,6,486,486,1.0125,1.25,7,84,8,85,7,92,92,1.0823529411764705,8.235294117647058,16,164.48556890001055,708202496
validation,language,,uk,uniq_superbpe_r64,65536,observed,32,7446,7446,4118,1515,4.914851485148515,0.3678970373967946,0.20346494762288478,0,0.0,4.914851485148515,4,11,27,"{""1"": 183, ""10"": 31, ""11"": 38, ""12"": 14, ""13"": 19, ""14"": 4, ""15"": 7, ""16"": 1, ""17"": 9, ""18"": 1, ""19"": 2, ""2"": 224, ""21"": 1, ""22"": 1, ""25"": 2, ""27"": 1, ""3"": 146, ""4"": 268, ""5"": 125, ""6"": 215, ""7"": 91, ""8"": 84, ""9"": 48}",65532,745,1.136849172923152,495,32.67326732673267,4,0.264026402640264,1520,1488,5,0.33602150537634407,0,0.0,0,55,500,555,0,555,555,1.0,0.0,2,118,8,124,2,126,126,1.0161290322580645,1.6129032258064515,17,164.48556890001055,708202496
validation,language,,ur,uniq_superbpe_r64,65536,observed,32,6879,6879,3892,1369,5.024835646457268,0.3517471736896197,0.19901148422735862,10,0.7304601899196493,5.024835646457268,5,11,21,"{""1"": 88, ""10"": 2, ""11"": 52, ""12"": 5, ""13"": 15, ""15"": 7, ""17"": 1, ""19"": 3, ""2"": 257, ""21"": 1, ""3"": 52, ""4"": 197, ""5"": 329, ""6"": 71, ""7"": 186, ""8"": 14, ""9"": 89}",65532,572,0.8728560092779101,429,31.336742147552958,0,0.0,1372,1340,3,0.22388059701492538,2,0.14609203798392986,0,39,752,793,0,793,793,1.0,0.0,1,71,1,71,1,72,72,1.0140845070422535,1.408450704225352,13,164.48556890001055,708202496
validation,language,,yo,uniq_superbpe_r64,65536,observed,32,5063,5063,3889,2133,2.373652133145804,0.5484700437130368,0.42129172427414574,10,0.46882325363338023,2.373652133145804,2,5,10,"{""1"": 609, ""10"": 1, ""2"": 823, ""3"": 293, ""4"": 185, ""5"": 186, ""6"": 17, ""7"": 5, ""8"": 14}",65532,480,0.7324665812122322,101,4.735114861697141,13,0.6094702297233943,2145,2113,12,0.5679129200189305,4,0.1875293014533521,0,139,575,718,0,718,718,1.0,0.0,2,70,8,76,2,78,78,1.0263157894736843,2.6315789473684212,6,164.48556890001055,708202496
validation,language,,zh,uniq_superbpe_r64,65536,observed,32,3769,3769,1485,1304,2.8903374233128836,0.8781144781144781,0.345980366144866,78,5.9815950920245395,2.8903374233128836,3,6,12,"{""1"": 215, ""12"": 2, ""2"": 45, ""3"": 932, ""4"": 14, ""6"": 92, ""9"": 4}",65532,612,0.9338948910455961,276,21.165644171779142,67,5.138036809815951,1308,1276,4,0.31347962382445144,0,0.0,0,33,30,63,0,63,63,1.0,0.0,6,134,4,132,6,138,138,1.0454545454545454,4.545454545454546,6,164.48556890001055,708202496
validation,domain,flores200,,uniq_superbpe_r64,65536,observed,640,159677,159677,73015,32590,4.8995704203743475,0.4463466411011436,0.20409952591794686,1406,4.314206811905493,4.8995704203743475,4,12,28,"{""1"": 4994, ""10"": 936, ""11"": 277, ""12"": 656, ""13"": 547, ""14"": 21, ""15"": 196, ""16"": 146, ""17"": 52, ""18"": 33, ""19"": 58, ""2"": 2822, ""21"": 17, ""22"": 19, ""24"": 3, ""25"": 11, ""27"": 3, ""28"": 3, ""3"": 7073, ""4"": 2347, ""5"": 1388, ""6"": 5898, ""7"": 3082, ""8"": 369, ""9"": 1639}",65532,9256,14.124397241042544,8092,24.82970236268794,930,2.8536360846885547,32712,32072,122,0.3803941132451983,15,0.04602638846271863,68,1317,9228,10491,64,10559,10559,1.006481746258698,0.6100467067009818,99,1839,106,1846,81,1945,1945,1.0536294691224268,4.387865655471289,16,164.48556890001055,708202496
validation,aggregate,,,uniq_superbpe_r64,65536,observed,640,159677,159677,73015,32590,4.8995704203743475,0.4463466411011436,0.20409952591794686,1406,4.314206811905493,4.8995704203743475,4,12,28,"{""1"": 4994, ""10"": 936, ""11"": 277, ""12"": 656, ""13"": 547, ""14"": 21, ""15"": 196, ""16"": 146, ""17"": 52, ""18"": 33, ""19"": 58, ""2"": 2822, ""21"": 17, ""22"": 19, ""24"": 3, ""25"": 11, ""27"": 3, ""28"": 3, ""3"": 7073, ""4"": 2347, ""5"": 1388, ""6"": 5898, ""7"": 3082, ""8"": 369, ""9"": 1639}",65532,9256,14.124397241042544,8092,24.82970236268794,930,2.8536360846885547,32712,32072,122,0.3803941132451983,15,0.04602638846271863,68,1317,9228,10491,64,10559,10559,1.006481746258698,0.6100467067009818,99,1839,106,1846,81,1945,1945,1.0536294691224268,4.387865655471289,16,164.48556890001055,708202496
train,stratum,code,c,boundary_bpe,131072,observed,32,51063,51063,51060,16346,3.1238835189037073,0.3201331766549158,0.3201143685251552,0,0.0,3.1238835189037073,1,11,119,"{""1"": 10639, ""10"": 201, ""100"": 2, ""11"": 165, ""119"": 4, ""12"": 82, ""13"": 78, ""14"": 58, ""15"": 61, ""16"": 33, ""17"": 37, ""18"": 29, ""19"": 26, ""2"": 976, ""20"": 36, ""21"": 21, ""22"": 29, ""23"": 22, ""24"": 22, ""25"": 13, ""26"": 17, ""27"": 13, ""28"": 9, ""29"": 8, ""3"": 915, ""30"": 5, ""31"": 9, ""32"": 4, ""34"": 6, ""35"": 2, ""36"": 3, ""37"": 4, ""38"": 4, ""39"": 6, ""4"": 620, ""40"": 1, ""41"": 2, ""42"": 2, ""44"": 1, ""46"": 1, ""49"": 2, ""5"": 425, ""50"": 1, ""51"": 5, ""52"": 3, ""53"": 1, ""55"": 3, ""56"": 1, ""57"": 1, ""58"": 1, ""6"": 452, ""67"": 1, ""7"": 512, ""71"": 1, ""72"": 4, ""75"": 1, ""76"": 1, ""77"": 2, ""79"": 2, ""8"": 463, ""9"": 298}",131068,2238,1.707510605182043,2007,12.27823320690077,0,0.0,16346,16314,0,0.0,0,0.0,3814,9740,0,5926,1126,9740,9740,1.6436044549443132,19.001012487343907,6,959,2017,4093,6,4099,6116,1.0014659174199854,0.1465917419985341,24,146.1055148000014,1252302848
train,stratum,code,cpp,boundary_bpe,131072,observed,32,54217,54217,54213,15927,3.404093677403152,0.2937856233744674,0.2937639485770146,0,0.0,3.404093677403152,1,12,107,"{""1"": 10354, ""10"": 171, ""101"": 1, ""106"": 2, ""107"": 1, ""11"": 166, ""12"": 87, ""13"": 89, ""14"": 73, ""15"": 78, ""16"": 45, ""17"": 53, ""18"": 29, ""19"": 24, ""2"": 857, ""20"": 30, ""21"": 24, ""22"": 30, ""23"": 22, ""24"": 15, ""25"": 28, ""26"": 23, ""27"": 11, ""28"": 24, ""29"": 14, ""3"": 712, ""30"": 14, ""31"": 19, ""32"": 7, ""33"": 8, ""34"": 7, ""35"": 7, ""36"": 6, ""37"": 6, ""38"": 10, ""39"": 1, ""4"": 587, ""40"": 6, ""41"": 5, ""42"": 5, ""43"": 5, ""45"": 3, ""46"": 6, ""47"": 1, ""48"": 2, ""49"": 3, ""5"": 520, ""50"": 2, ""51"": 3, ""52"": 1, ""53"": 3, ""54"": 3, ""55"": 2, ""57"": 3, ""58"": 1, ""6"": 487, ""61"": 1, ""62"": 1, ""64"": 2, ""66"": 2, ""67"": 1, ""68"": 1, ""7"": 461, ""71"": 1, ""75"": 1, ""76"": 1, ""79"": 3, ""8"": 489, ""9"": 267}",131068,2514,1.9180883205664236,2341,14.698311044138883,0,0.0,15927,15895,0,0.0,0,0.0,4223,9575,0,5352,1007,9575,9575,1.789050822122571,18.815396113602393,8,813,2318,4478,8,4486,6268,1.0017865118356408,0.1786511835640911,29,146.1055148000014,1252302848
train,stratum,code,go,boundary_bpe,131072,observed,32,56813,56813,56813,16325,3.480122511485452,0.2873462059739848,0.2873462059739848,0,0.0,3.480122511485452,1,13,106,"{""1"": 9965, ""10"": 184, ""106"": 1, ""11"": 199, ""12"": 87, ""13"": 108, ""14"": 76, ""15"": 80, ""16"": 49, ""17"": 79, ""18"": 36, ""19"": 52, ""2"": 1242, ""20"": 21, ""21"": 29, ""22"": 31, ""23"": 18, ""24"": 17, ""25"": 12, ""26"": 10, ""27"": 8, ""28"": 13, ""29"": 13, ""3"": 933, ""30"": 11, ""31"": 8, ""32"": 8, ""33"": 14, ""34"": 14, ""35"": 11, ""36"": 10, ""37"": 3, ""38"": 9, ""39"": 8, ""4"": 686, ""40"": 14, ""41"": 6, ""42"": 13, ""43"": 9, ""44"": 6, ""45"": 6, ""46"": 5, ""47"": 7, ""48"": 3, ""49"": 4, ""5"": 395, ""50"": 2, ""51"": 5, ""52"": 2, ""53"": 4, ""54"": 1, ""55"": 1, ""57"": 1, ""59"": 1, ""6"": 666, ""7"": 451, ""8"": 419, ""9"": 259}",131068,2539,1.9371623889889218,2631,16.116385911179172,0,0.0,16325,16293,0,0.0,0,0.0,2645,9031,0,6386,1489,9031,9031,1.414187284685249,23.316630128405887,13,903,2453,5404,13,5417,6454,1.0024056254626204,0.24056254626202814,32,146.1055148000014,1252302848
train,stratum,code,java,boundary_bpe,131072,observed,32,43999,43999,43605,12328,3.5690298507462686,0.28271987157436074,0.2801881860951385,0,0.0,3.5690298507462686,1,14,89,"{""1"": 8244, ""10"": 138, ""11"": 116, ""12"": 72, ""13"": 51, ""14"": 64, ""15"": 61, ""16"": 30, ""17"": 24, ""18"": 39, ""19"": 30, ""2"": 432, ""20"": 40, ""21"": 27, ""22"": 32, ""23"": 23, ""24"": 23, ""25"": 18, ""26"": 10, ""27"": 19, ""28"": 17, ""29"": 10, ""3"": 510, ""30"": 18, ""31"": 8, ""32"": 10, ""33"": 9, ""34"": 14, ""35"": 4, ""36"": 7, ""37"": 11, ""38"": 4, ""39"": 10, ""4"": 368, ""40"": 7, ""41"": 5, ""42"": 4, ""43"": 5, ""44"": 1, ""45"": 6, ""46"": 6, ""47"": 3, ""48"": 3, ""49"": 3, ""5"": 304, ""50"": 8, ""51"": 1, ""52"": 4, ""53"": 2, ""54"": 3, ""55"": 3, ""6"": 760, ""62"": 2, ""64"": 2, ""67"": 1, ""7"": 342, ""72"": 3, ""78"": 2, ""8"": 196, ""82"": 2, ""89"": 1, ""9"": 156}",131068,1821,1.3893551438947722,1681,13.635626216742375,0,0.0,12328,12296,0,0.0,0,0.0,3819,7594,0,3775,864,7594,7594,2.011655629139073,22.887417218543046,1,630,1440,3273,1,3274,4145,1.0003055300947143,0.030553009471432937,34,146.1055148000014,1252302848
train,stratum,code,javascript,boundary_bpe,131072,observed,32,38980,38980,38152,12118,3.216702426142928,0.317624239882575,0.3108773730118009,0,0.0,3.216702426142928,1,11,2005,"{""1"": 8358, ""10"": 125, ""11"": 85, ""12"": 73, ""13"": 53, ""14"": 60, ""15"": 38, ""16"": 37, ""17"": 36, ""18"": 28, ""19"": 16, ""2"": 607, ""20"": 19, ""2005"": 1, ""21"": 17, ""22"": 12, ""23"": 31, ""24"": 14, ""240"": 1, ""25"": 12, ""26"": 17, ""27"": 8, ""28"": 12, ""29"": 9, ""3"": 493, ""30"": 11, ""31"": 9, ""32"": 4, ""33"": 8, ""34"": 7, ""35"": 6, ""36"": 3, ""37"": 8, ""38"": 3, ""39"": 3, ""4"": 487, ""40"": 1, ""41"": 1, ""42"": 2, ""43"": 1, ""44"": 1, ""45"": 2, ""46"": 2, ""47"": 5, ""49"": 2, ""5"": 297, ""50"": 1, ""53"": 1, ""54"": 1, ""55"": 2, ""58"": 2, ""59"": 1, ""6"": 412, ""60"": 1, ""61"": 1, ""64"": 1, ""7"": 245, ""72"": 1, ""74"": 1, ""8"": 233, ""9"": 189, ""98"": 1}",131068,2039,1.5556810205389568,2086,17.214061726357485,0,0.0,12118,12086,0,0.0,0,0.0,3746,7448,0,3702,730,7448,7448,2.011885467314965,19.719070772555376,25,751,1724,4230,25,4255,5941,1.0059101654846336,0.5910165484633569,27,146.1055148000014,1252302848
train,stratum,code,python,boundary_bpe,131072,observed,32,48487,48487,48387,16752,2.8944006685768864,0.34620869241738483,0.3454946686740776,0,0.0,2.8944006685768864,1,11,78,"{""1"": 11560, ""10"": 151, ""11"": 120, ""12"": 88, ""13"": 83, ""14"": 72, ""15"": 71, ""16"": 77, ""17"": 37, ""18"": 38, ""19"": 23, ""2"": 658, ""20"": 23, ""21"": 37, ""22"": 45, ""23"": 16, ""24"": 15, ""25"": 10, ""26"": 14, ""27"": 11, ""28"": 19, ""29"": 6, ""3"": 768, ""30"": 7, ""31"": 4, ""32"": 4, ""33"": 4, ""34"": 4, ""35"": 2, ""36"": 8, ""37"": 3, ""38"": 1, ""4"": 684, ""40"": 1, ""42"": 2, ""44"": 1, ""45"": 1, ""49"": 2, ""5"": 483, ""50"": 1, ""57"": 1, ""58"": 2, ""6"": 694, ""61"": 2, ""63"": 2, ""67"": 1, ""7"": 365, ""77"": 3, ""78"": 1, ""8"": 293, ""9"": 234}",131068,2457,1.8745994445631275,2453,14.643027698185291,0,0.0,16752,16720,0,0.0,0,0.0,6151,10776,0,4625,889,10776,10776,2.329945945945946,19.221621621621622,42,486,1997,3862,41,3904,5228,1.0108751941998964,1.0616261004660799,22,146.1055148000014,1252302848
train,stratum,code,rust,boundary_bpe,131072,observed,32,56922,56922,56922,20936,2.718857470385938,0.3678015530023541,0.3678015530023541,0,0.0,2.718857470385938,1,10,84,"{""1"": 14373, ""10"": 169, ""11"": 148, ""12"": 111, ""13"": 90, ""14"": 70, ""15"": 65, ""16"": 76, ""17"": 40, ""18"": 31, ""19"": 37, ""2"": 1136, ""20"": 34, ""21"": 23, ""22"": 23, ""23"": 24, ""24"": 15, ""25"": 17, ""26"": 12, ""27"": 24, ""28"": 6, ""29"": 11, ""3"": 1396, ""30"": 19, ""31"": 8, ""32"": 3, ""33"": 7, ""34"": 6, ""35"": 3, ""36"": 5, ""37"": 16, ""38"": 1, ""39"": 3, ""4"": 788, ""40"": 2, ""41"": 1, ""43"": 6, ""44"": 1, ""45"": 1, ""47"": 2, ""48"": 4, ""5"": 608, ""50"": 1, ""54"": 1, ""56"": 1, ""6"": 521, ""68"": 1, ""7"": 422, ""72"": 1, ""79"": 1, ""8"": 305, ""84"": 1, ""9"": 266}",131068,2791,2.129428998687704,2917,13.932938479174627,0,0.0,20936,20904,0,0.0,0,0.0,7003,13231,0,6228,1138,13231,13231,2.1244380218368657,18.2723185613359,9,1238,2742,5827,9,5836,8582,1.0015445340655569,0.15445340655568904,22,146.1055148000014,1252302848
train,stratum,code,sql,boundary_bpe,131072,observed,32,36373,36373,36088,11239,3.236319957291574,0.3114331633784083,0.30899293431941277,0,0.0,3.236319957291574,1,11,64,"{""1"": 7075, ""10"": 165, ""11"": 118, ""12"": 88, ""13"": 74, ""14"": 30, ""15"": 64, ""16"": 31, ""17"": 27, ""18"": 23, ""19"": 16, ""2"": 604, ""20"": 14, ""21"": 16, ""22"": 11, ""23"": 3, ""24"": 8, ""25"": 20, ""26"": 7, ""27"": 8, ""28"": 9, ""29"": 9, ""3"": 557, ""30"": 2, ""32"": 7, ""33"": 2, ""34"": 9, ""35"": 4, ""36"": 1, ""37"": 4, ""38"": 10, ""39"": 1, ""4"": 499, ""43"": 12, ""44"": 2, ""46"": 1, ""48"": 6, ""5"": 481, ""50"": 2, ""56"": 6, ""6"": 448, ""64"": 1, ""7"": 348, ""8"": 236, ""9"": 180}",131068,1672,1.2756736960966826,1673,14.885665984518196,0,0.0,11239,11207,0,0.0,0,0.0,2730,6655,0,3925,609,6655,6655,1.6955414012738854,15.51592356687898,0,426,1556,3103,0,3103,4498,1.0,0.0,25,146.1055148000014,1252302848
train,stratum,code,typescript,boundary_bpe,131072,observed,32,43989,43989,43698,13485,3.2620689655172415,0.30859535905533436,0.30655391120507397,0,0.0,3.2620689655172415,1,13,160,"{""1"": 9192, ""10"": 164, ""11"": 96, ""12"": 100, ""13"": 93, ""14"": 89, ""15"": 49, ""16"": 39, ""160"": 1, ""17"": 46, ""18"": 47, ""19"": 46, ""2"": 684, ""20"": 33, ""21"": 41, ""22"": 20, ""23"": 24, ""24"": 17, ""25"": 20, ""26"": 14, ""27"": 16, ""28"": 17, ""29"": 8, ""3"": 429, ""30"": 9, ""31"": 11, ""32"": 9, ""33"": 6, ""34"": 1, ""35"": 5, ""36"": 3, ""37"": 6, ""38"": 10, ""39"": 2, ""4"": 462, ""40"": 8, ""41"": 7, ""42"": 6, ""43"": 3, ""44"": 3, ""45"": 5, ""46"": 1, ""48"": 1, ""49"": 1, ""5"": 394, ""50"": 1, ""51"": 2, ""55"": 1, ""57"": 1, ""59"": 1, ""6"": 444, ""61"": 1, ""64"": 1, ""7"": 322, ""76"": 1, ""8"": 245, ""9"": 227}",131068,2079,1.586199530014954,1940,14.386355209492029,0,0.0,13485,13453,0,0.0,0,0.0,4130,8393,0,4263,984,8393,8393,1.9688013136288998,23.082336382828995,9,834,1498,3292,9,3301,4406,1.0027339003645201,0.2733900364520049,27,146.1055148000014,1252302848
train,stratum,cyrillic_african,am,boundary_bpe,131072,observed,32,147317,147317,59501,29812,4.9415336106265935,0.5010335960740155,0.20236632567863858,0,0.0,4.9415336106265935,3,15,46,"{""1"": 11487, ""10"": 46, ""11"": 49, ""12"": 1920, ""13"": 28, ""14"": 28, ""15"": 971, ""16"": 28, ""17"": 21, ""18"": 391, ""19"": 18, ""2"": 197, ""20"": 21, ""21"": 114, ""22"": 11, ""23"": 7, ""24"": 34, ""25"": 9, ""27"": 8, ""28"": 3, ""3"": 4675, ""30"": 1, ""31"": 3, ""33"": 2, ""34"": 2, ""35"": 1, ""4"": 122, ""46"": 1, ""5"": 129, ""6"": 5749, ""7"": 85, ""8"": 111, ""9"": 3540}",131068,4247,3.2403027436140017,7679,25.758083993022943,0,0.0,29812,29780,0,0.0,0,0.0,0,11206,0,11206,0,11206,11206,1.0,0.0,20,827,1132,2105,20,2125,2807,1.009501187648456,0.9501187648456056,18,146.1055148000014,1252302848
train,stratum,cyrillic_african,bg,boundary_bpe,131072,observed,32,102609,102609,58537,22156,4.631205993861708,0.37849565232246274,0.21592647818417487,0,0.0,4.631205993861708,3,14,132,"{""1"": 9332, ""10"": 1144, ""11"": 86, ""12"": 733, ""13"": 65, ""132"": 1, ""14"": 457, ""15"": 54, ""16"": 315, ""17"": 45, ""18"": 197, ""19"": 35, ""2"": 1509, ""20"": 152, ""21"": 38, ""22"": 47, ""23"": 17, ""24"": 45, ""25"": 15, ""26"": 25, ""27"": 8, ""28"": 10, ""29"": 6, ""3"": 395, ""30"": 6, ""31"": 8, ""32"": 1, ""35"": 1, ""36"": 3, ""39"": 1, ""4"": 3475, ""42"": 1, ""46"": 1, ""5"": 365, ""6"": 1649, ""7"": 112, ""8"": 1698, ""9"": 104}",131068,3812,2.9084139530625324,5191,23.42931937172775,0,0.0,22156,22124,0,0.0,0,0.0,0,8973,0,8973,0,8973,8973,1.0,0.0,9,422,1358,1976,9,1985,2303,1.0045546558704452,0.45546558704453444,21,146.1055148000014,1252302848
train,stratum,cyrillic_african,ru,boundary_bpe,131072,observed,32,106212,106212,58870,20654,5.142442141957974,0.3508408357397656,0.19446013633111137,0,0.0,5.142442141957974,4,16,55,"{""1"": 8175, ""10"": 1207, ""11"": 73, ""12"": 829, ""13"": 72, ""14"": 637, ""15"": 52, ""16"": 358, ""17"": 39, ""18"": 247, ""19"": 35, ""2"": 1547, ""20"": 180, ""21"": 16, ""22"": 96, ""23"": 14, ""24"": 74, ""25"": 17, ""26"": 43, ""27"": 17, ""28"": 29, ""29"": 4, ""3"": 316, ""30"": 11, ""31"": 1, ""33"": 1, ""35"": 2, ""37"": 1, ""4"": 2511, ""44"": 1, ""5"": 274, ""55"": 1, ""6"": 2090, ""7"": 129, ""8"": 1490, ""9"": 65}",131068,3851,2.9381694998016297,5353,25.91749782124528,0,0.0,20654,20622,0,0.0,0,0.0,0,7811,0,7811,0,7811,7811,1.0,0.0,7,436,1106,1640,7,1647,1917,1.0042682926829267,0.4268292682926829,23,146.1055148000014,1252302848
train,stratum,cyrillic_african,sw,boundary_bpe,131072,observed,32,62449,62449,62216,21327,2.928166174333005,0.3427896361064678,0.3415106727089305,0,0.0,2.928166174333005,2,8,77,"{""1"": 9745, ""10"": 179, ""11"": 125, ""12"": 45, ""13"": 35, ""14"": 29, ""15"": 18, ""16"": 9, ""17"": 10, ""18"": 4, ""19"": 7, ""2"": 2967, ""20"": 6, ""21"": 5, ""22"": 2, ""27"": 1, ""29"": 1, ""3"": 1912, ""32"": 1, ""33"": 1, ""4"": 1909, ""47"": 2, ""48"": 1, ""5"": 1168, ""6"": 1537, ""7"": 805, ""77"": 1, ""8"": 481, ""9"": 321}",131068,3456,2.6367992187261575,4999,23.439771182069677,0,0.0,21327,21295,0,0.0,0,0.0,5,9106,0,9101,5,9106,9106,1.0005493901769036,0.054939017690363696,25,219,1077,1448,25,1473,1753,1.0172651933701657,1.7265193370165746,11,146.1055148000014,1252302848
train,stratum,cyrillic_african,uk,boundary_bpe,131072,observed,32,95676,95676,53182,19004,5.034519048621343,0.35733894926854953,0.19862870521342865,0,0.0,5.034519048621343,4,16,89,"{""1"": 7445, ""10"": 958, ""11"": 82, ""12"": 699, ""13"": 49, ""14"": 513, ""15"": 52, ""16"": 306, ""17"": 37, ""18"": 205, ""19"": 42, ""2"": 1408, ""20"": 207, ""21"": 33, ""22"": 99, ""23"": 18, ""24"": 53, ""25"": 3, ""26"": 20, ""27"": 6, ""28"": 19, ""29"": 3, ""3"": 313, ""30"": 6, ""31"": 5, ""32"": 2, ""34"": 2, ""38"": 2, ""4"": 2615, ""40"": 1, ""5"": 294, ""50"": 1, ""6"": 1867, ""7"": 127, ""8"": 1421, ""89"": 1, ""9"": 90}",131068,3676,2.8046510208441418,5250,27.625762997263735,0,0.0,19004,18972,0,0.0,0,0.0,0,7093,0,7093,0,7093,7093,1.0,0.0,5,440,1227,1849,5,1854,2167,1.0027041644131964,0.2704164413196322,22,146.1055148000014,1252302848
train,stratum,cyrillic_african,yo,boundary_bpe,131072,observed,32,69432,69432,59766,24780,2.8019370460048427,0.4146170063246662,0.35689595575527133,0,0.0,2.8019370460048427,1,8,26,"{""1"": 12608, ""10"": 228, ""11"": 164, ""12"": 66, ""13"": 88, ""14"": 41, ""15"": 49, ""16"": 20, ""17"": 12, ""18"": 9, ""19"": 8, ""2"": 2849, ""20"": 1, ""21"": 2, ""22"": 1, ""23"": 1, ""26"": 1, ""3"": 2132, ""4"": 2058, ""5"": 1145, ""6"": 1681, ""7"": 861, ""8"": 435, ""9"": 320}",131068,2712,2.0691549424726094,3491,14.087974172719935,0,0.0,24780,24748,0,0.0,0,0.0,0,11487,0,11487,0,11487,11487,1.0,0.0,1,316,1161,1592,1,1593,1859,1.0006281407035176,0.06281407035175879,12,146.1055148000014,1252302848
train,stratum,indic_cjk_arabic,ar,boundary_bpe,131072,observed,32,97740,97740,54940,22398,4.363782480578623,0.4076811066618129,0.22915899324739103,0,0.0,4.363782480578623,4,13,43,"{""1"": 9111, ""10"": 1155, ""11"": 56, ""12"": 653, ""13"": 52, ""14"": 605, ""15"": 45, ""16"": 275, ""17"": 8, ""18"": 79, ""19"": 9, ""2"": 1643, ""20"": 41, ""21"": 9, ""22"": 29, ""24"": 4, ""25"": 1, ""26"": 7, ""27"": 1, ""28"": 3, ""3"": 175, ""4"": 3715, ""43"": 1, ""5"": 109, ""6"": 2773, ""7"": 53, ""8"": 1726, ""9"": 60}",131068,3518,2.684102908413953,5558,24.81471559960711,0,0.0,22398,22366,0,0.0,0,0.0,0,8838,0,8838,0,8838,8838,1.0,0.0,10,560,788,1426,10,1436,1757,1.0070126227208975,0.7012622720897616,16,146.1055148000014,1252302848
train,stratum,indic_cjk_arabic,bn,boundary_bpe,131072,observed,32,152004,152004,58399,21140,7.190350047303689,0.36199249987157317,0.13907528749243442,0,0.0,7.190350047303689,6,21,54,"{""1"": 8753, ""10"": 43, ""11"": 35, ""12"": 1937, ""13"": 72, ""14"": 24, ""15"": 1303, ""16"": 29, ""17"": 25, ""18"": 892, ""19"": 21, ""2"": 117, ""20"": 8, ""21"": 559, ""22"": 16, ""23"": 7, ""24"": 376, ""25"": 18, ""26"": 8, ""27"": 236, ""28"": 5, ""29"": 10, ""3"": 1503, ""30"": 104, ""31"": 9, ""32"": 1, ""33"": 102, ""34"": 7, ""36"": 30, ""37"": 12, ""38"": 2, ""39"": 36, ""4"": 94, ""40"": 2, ""42"": 15, ""43"": 3, ""45"": 11, ""46"": 2, ""48"": 6, ""5"": 90, ""50"": 1, ""51"": 3, ""52"": 1, ""54"": 2, ""6"": 2292, ""7"": 69, ""8"": 26, ""9"": 2223}",131068,3143,2.397991882076479,5672,26.830652790917693,0,0.0,21140,21108,0,0.0,0,0.0,0,8515,0,8515,0,8515,8515,1.0,0.0,6,422,926,1429,6,1435,1661,1.0041987403778867,0.4198740377886634,33,146.1055148000014,1252302848
train,stratum,indic_cjk_arabic,fa,boundary_bpe,131072,observed,32,93798,93798,52677,22218,4.2217121253038075,0.42177800558118345,0.2368707221902386,0,0.0,4.2217121253038075,2,12,32,"{""1"": 10076, ""10"": 1425, ""11"": 90, ""12"": 629, ""13"": 67, ""14"": 406, ""15"": 55, ""16"": 114, ""17"": 55, ""18"": 26, ""19"": 33, ""2"": 1150, ""20"": 5, ""21"": 13, ""22"": 16, ""23"": 1, ""24"": 2, ""25"": 14, ""26"": 1, ""27"": 2, ""28"": 1, ""29"": 1, ""3"": 122, ""31"": 1, ""32"": 1, ""4"": 3242, ""5"": 76, ""6"": 2205, ""7"": 189, ""8"": 2013, ""9"": 187}",131068,2657,2.0271919919431136,3804,17.121253038077235,0,0.0,22218,22186,0,0.0,0,0.0,0,9930,0,9930,0,9930,9930,1.0,0.0,8,308,800,1169,6,1177,1405,1.0068434559452524,0.5132591958939264,16,146.1055148000014,1252302848
train,stratum,indic_cjk_arabic,gu,boundary_bpe,131072,observed,32,146974,146974,58881,23152,6.348220456116103,0.39319984375265365,0.15752446010859064,0,0.0,6.348220456116103,3,20,72,"{""1"": 10003, ""10"": 140, ""11"": 19, ""12"": 1873, ""13"": 98, ""14"": 12, ""15"": 1106, ""16"": 16, ""17"": 9, ""18"": 926, ""19"": 21, ""2"": 157, ""20"": 10, ""21"": 466, ""22"": 14, ""23"": 3, ""24"": 306, ""25"": 11, ""26"": 8, ""27"": 155, ""28"": 6, ""29"": 2, ""3"": 1522, ""30"": 74, ""31"": 12, ""32"": 2, ""33"": 50, ""34"": 4, ""35"": 1, ""36"": 15, ""37"": 5, ""39"": 2, ""4"": 125, ""41"": 3, ""43"": 2, ""44"": 1, ""46"": 1, ""49"": 2, ""5"": 82, ""50"": 2, ""56"": 1, ""6"": 3042, ""60"": 1, ""7"": 374, ""72"": 1, ""8"": 51, ""9"": 2416}",131068,3105,2.3689992980742822,5461,23.587595024187976,0,0.0,23152,23120,0,0.0,0,0.0,0,9723,0,9723,0,9723,9723,1.0,0.0,6,271,1012,1374,6,1380,1630,1.0043668122270741,0.4366812227074236,27,146.1055148000014,1252302848
train,stratum,indic_cjk_arabic,hi,boundary_bpe,131072,observed,32,153237,153237,61359,26318,5.822516908579679,0.4289183330888704,0.17174703237468758,0,0.0,5.822516908579679,3,18,49,"{""1"": 12084, ""10"": 146, ""11"": 38, ""12"": 2360, ""13"": 36, ""14"": 22, ""15"": 1188, ""16"": 30, ""17"": 8, ""18"": 791, ""19"": 27, ""2"": 189, ""20"": 10, ""21"": 356, ""22"": 15, ""23"": 6, ""24"": 222, ""25"": 22, ""26"": 9, ""27"": 98, ""28"": 9, ""29"": 2, ""3"": 894, ""30"": 51, ""31"": 5, ""32"": 2, ""33"": 24, ""34"": 5, ""35"": 1, ""36"": 3, ""37"": 3, ""38"": 1, ""39"": 5, ""4"": 92, ""40"": 2, ""49"": 1, ""5"": 90, ""6"": 4727, ""7"": 234, ""8"": 15, ""9"": 2495}",131068,3050,2.327036347544786,4327,16.44121893760924,0,0.0,26318,26286,0,0.0,0,0.0,0,11810,0,11810,0,11810,11810,1.0,0.0,3,348,1046,1447,3,1450,1692,1.0020732550103664,0.2073255010366275,24,146.1055148000014,1252302848
train,stratum,indic_cjk_arabic,ja,boundary_bpe,131072,observed,32,142468,142468,61333,17184,8.290735567970206,0.2801754357360638,0.12061655950810006,0,0.0,8.290735567970206,3,21,2226,"{""1"": 4859, ""10"": 96, ""100"": 2, ""101"": 1, ""103"": 1, ""104"": 2, ""105"": 8, ""106"": 1, ""107"": 3, ""108"": 2, ""11"": 67, ""110"": 1, ""112"": 1, ""114"": 1, ""116"": 3, ""117"": 3, ""118"": 1, ""12"": 821, ""120"": 2, ""121"": 1, ""122"": 2, ""124"": 1, ""1250"": 1, ""126"": 3, ""128"": 1, ""129"": 2, ""13"": 43, ""130"": 3, ""132"": 1, ""133"": 2, ""136"": 1, ""138"": 2, ""1387"": 1, ""14"": 45, ""142"": 2, ""144"": 1, ""145"": 1, ""146"": 1, ""147"": 1, ""15"": 453, ""150"": 1, ""151"": 1, ""152"": 1, ""155"": 3, ""156"": 1, ""157"": 1, ""16"": 74, ""160"": 1, ""163"": 2, ""167"": 1, ""168"": 1, ""169"": 1, ""17"": 45, ""170"": 1, ""172"": 1, ""173"": 1, ""174"": 1, ""175"": 10, ""176"": 1, ""179"": 2, ""18"": 265, ""181"": 1, ""186"": 1, ""19"": 32, ""191"": 1, ""193"": 1, ""196"": 1, ""197"": 2, ""198"": 5, ""2"": 506, ""20"": 19, ""200"": 1, ""204"": 1, ""2050"": 1, ""209"": 2, ""21"": 137, ""210"": 1, ""214"": 1, ""215"": 2, ""216"": 1, ""219"": 2, ""22"": 16, ""221"": 1, ""2226"": 1, ""228"": 1, ""23"": 15, ""235"": 2, ""24"": 109, ""240"": 7, ""243"": 2, ""249"": 1, ""25"": 15, ""255"": 1, ""26"": 12, ""260"": 1, ""265"": 1, ""27"": 67, ""274"": 1, ""279"": 1, ""28"": 9, ""29"": 10, ""291"": 1, ""3"": 4002, ""30"": 79, ""300"": 1, ""308"": 2, ""31"": 21, ""314"": 1, ""317"": 1, ""32"": 11, ""33"": 21, ""337"": 1, ""34"": 14, ""341"": 2, ""35"": 5, ""353"": 1, ""36"": 26, ""37"": 8, ""38"": 10, ""387"": 1, ""39"": 7, ""4"": 332, ""40"": 6, ""41"": 11, ""42"": 7, ""43"": 4, ""44"": 6, ""446"": 1, ""45"": 7, ""46"": 4, ""47"": 2, ""48"": 8, ""49"": 6, ""499"": 1, ""5"": 209, ""50"": 6, ""51"": 13, ""512"": 1, ""52"": 2, ""53"": 2, ""54"": 4, ""541"": 1, ""55"": 1, ""56"": 4, ""57"": 5, ""58"": 3, ""59"": 6, ""599"": 1, ""6"": 2769, ""60"": 4, ""61"": 3, ""62"": 3, ""63"": 1, ""64"": 3, ""65"": 1, ""66"": 4, ""67"": 3, ""68"": 3, ""69"": 5, ""7"": 143, ""70"": 1, ""71"": 3, ""72"": 4, ""73"": 3, ""74"": 5, ""75"": 8, ""756"": 1, ""76"": 1, ""77"": 2, ""78"": 5, ""79"": 1, ""8"": 89, ""80"": 3, ""81"": 1, ""82"": 3, ""83"": 1, ""830"": 1, ""84"": 3, ""86"": 2, ""87"": 1, ""88"": 3, ""89"": 5, ""9"": 1368, ""92"": 3, ""93"": 3, ""95"": 1, ""97"": 2, ""99"": 2}",131068,5689,4.340495010223701,7703,44.82658286778398,0,0.0,17184,17152,0,0.0,0,0.0,0,4436,0,4436,0,4436,4436,1.0,0.0,46,584,1819,4082,46,4128,4644,1.0112689857912789,1.1268985791278785,87,146.1055148000014,1252302848
train,stratum,indic_cjk_arabic,kn,boundary_bpe,131072,observed,32,153841,153841,60531,20416,7.535315438871473,0.3372817234144488,0.13270844573293206,0,0.0,7.535315438871473,5,24,73,"{""1"": 7854, ""10"": 98, ""11"": 10, ""12"": 1901, ""13"": 52, ""14"": 7, ""15"": 1376, ""16"": 67, ""17"": 7, ""18"": 956, ""19"": 75, ""2"": 733, ""20"": 6, ""21"": 523, ""22"": 60, ""23"": 4, ""24"": 357, ""25"": 53, ""27"": 247, ""28"": 31, ""29"": 2, ""3"": 1434, ""30"": 149, ""31"": 30, ""32"": 1, ""33"": 104, ""34"": 12, ""35"": 1, ""36"": 50, ""37"": 12, ""38"": 3, ""39"": 20, ""4"": 169, ""40"": 6, ""42"": 20, ""43"": 4, ""44"": 2, ""45"": 11, ""48"": 6, ""49"": 2, ""5"": 89, ""51"": 4, ""53"": 1, ""54"": 2, ""58"": 4, ""6"": 1983, ""61"": 1, ""66"": 1, ""67"": 1, ""7"": 151, ""73"": 1, ""8"": 37, ""9"": 1686}",131068,3770,2.8763695181127353,6403,31.36265673981191,0,0.0,20416,20384,0,0.0,0,0.0,0,7243,0,7243,0,7243,7243,1.0,0.0,4,294,1040,1423,4,1427,1662,1.0028109627547435,0.28109627547434995,33,146.1055148000014,1252302848
train,stratum,indic_cjk_arabic,ko,boundary_bpe,131072,observed,32,118352,118352,51206,29245,4.046914002393572,0.5711244776002812,0.2471018656211978,0,0.0,4.046914002393572,3,12,60,"{""1"": 11438, ""10"": 274, ""11"": 48, ""12"": 771, ""13"": 136, ""14"": 39, ""15"": 265, ""16"": 92, ""17"": 21, ""18"": 71, ""19"": 16, ""2"": 179, ""20"": 15, ""21"": 32, ""22"": 13, ""23"": 10, ""24"": 8, ""25"": 12, ""26"": 2, ""27"": 8, ""28"": 6, ""29"": 2, ""3"": 6737, ""30"": 2, ""31"": 5, ""32"": 3, ""33"": 1, ""34"": 3, ""35"": 2, ""36"": 3, ""37"": 4, ""38"": 2, ""4"": 310, ""45"": 1, ""48"": 2, ""49"": 1, ""5"": 94, ""52"": 1, ""6"": 5953, ""60"": 1, ""7"": 404, ""8"": 77, ""9"": 2181}",131068,4645,3.543961912900174,8225,28.124465720636007,0,0.0,29245,29213,0,0.0,0,0.0,1,11053,0,11052,1,11053,11053,1.0000904813608396,0.009048136083966703,20,447,1714,2443,20,2463,2934,1.0081866557511256,0.8186655751125665,16,146.1055148000014,1252302848
train,stratum,indic_cjk_arabic,ml,boundary_bpe,131072,observed,32,137273,137273,52226,15347,8.94461458265459,0.2938574656301459,0.1117991156308961,0,0.0,8.94461458265459,6,27,84,"{""1"": 5398, ""10"": 43, ""11"": 4, ""12"": 1197, ""13"": 55, ""14"": 11, ""15"": 980, ""16"": 35, ""17"": 3, ""18"": 770, ""19"": 67, ""2"": 181, ""20"": 11, ""21"": 528, ""22"": 22, ""23"": 1, ""24"": 411, ""25"": 37, ""26"": 8, ""27"": 326, ""28"": 32, ""29"": 5, ""3"": 1282, ""30"": 161, ""31"": 10, ""32"": 4, ""33"": 133, ""34"": 7, ""36"": 90, ""37"": 12, ""38"": 4, ""39"": 84, ""4"": 173, ""40"": 8, ""41"": 2, ""42"": 54, ""43"": 6, ""44"": 1, ""45"": 23, ""46"": 6, ""47"": 1, ""48"": 25, ""49"": 2, ""5"": 109, ""50"": 2, ""51"": 14, ""52"": 3, ""53"": 1, ""54"": 9, ""57"": 4, ""58"": 2, ""6"": 1483, ""60"": 3, ""63"": 2, ""66"": 3, ""7"": 131, ""72"": 2, ""73"": 2, ""74"": 1, ""76"": 1, ""8"": 31, ""84"": 2, ""9"": 1329}",131068,3198,2.4399548326059755,5614,36.580439173779894,0,0.0,15347,15315,0,0.0,0,0.0,0,5197,0,5197,0,5197,5197,1.0,0.0,2,185,895,1173,2,1175,1378,1.0017050298380221,0.17050298380221654,42,146.1055148000014,1252302848
train,stratum,indic_cjk_arabic,mr,boundary_bpe,131072,observed,32,145113,145113,56571,19161,7.57335212149679,0.33870711141751075,0.13204192594736516,0,0.0,7.57335212149679,6,24,83,"{""1"": 8052, ""10"": 166, ""11"": 19, ""12"": 1650, ""13"": 167, ""14"": 15, ""15"": 1077, ""16"": 60, ""17"": 7, ""18"": 930, ""19"": 23, ""2"": 132, ""20"": 13, ""21"": 630, ""22"": 23, ""23"": 4, ""24"": 427, ""25"": 10, ""27"": 206, ""28"": 1, ""29"": 3, ""3"": 949, ""30"": 168, ""31"": 4, ""32"": 1, ""33"": 117, ""34"": 3, ""35"": 1, ""36"": 69, ""37"": 3, ""38"": 3, ""39"": 24, ""4"": 109, ""40"": 1, ""41"": 3, ""42"": 18, ""45"": 15, ""48"": 10, ""49"": 1, ""5"": 49, ""51"": 2, ""54"": 2, ""58"": 1, ""59"": 1, ""6"": 2208, ""60"": 2, ""7"": 123, ""71"": 1, ""8"": 40, ""83"": 1, ""9"": 1617}",131068,3349,2.555162205877865,5139,26.820103334899013,0,0.0,19161,19129,0,0.0,0,0.0,0,7780,0,7780,0,7780,7780,1.0,0.0,5,262,940,1323,5,1328,1551,1.0037792894935753,0.3779289493575208,33,146.1055148000014,1252302848
train,stratum,indic_cjk_arabic,ta,boundary_bpe,131072,observed,32,140738,140738,53567,16136,8.721988101140308,0.3012302350327627,0.11465275902741263,0,0.0,8.721988101140308,6,27,79,"{""1"": 6047, ""10"": 104, ""11"": 26, ""12"": 1512, ""13"": 65, ""14"": 11, ""15"": 966, ""16"": 61, ""17"": 5, ""18"": 916, ""19"": 53, ""2"": 136, ""20"": 4, ""21"": 663, ""22"": 50, ""23"": 2, ""24"": 436, ""25"": 58, ""26"": 7, ""27"": 249, ""28"": 30, ""29"": 5, ""3"": 810, ""30"": 176, ""31"": 14, ""32"": 2, ""33"": 81, ""34"": 11, ""35"": 7, ""36"": 78, ""37"": 16, ""38"": 3, ""39"": 68, ""4"": 115, ""40"": 3, ""41"": 1, ""42"": 17, ""43"": 4, ""45"": 8, ""46"": 5, ""47"": 1, ""48"": 16, ""49"": 3, ""5"": 61, ""51"": 2, ""52"": 7, ""53"": 2, ""54"": 2, ""57"": 2, ""6"": 1631, ""60"": 1, ""66"": 2, ""7"": 102, ""79"": 2, ""8"": 16, ""9"": 1461}",131068,2925,2.2316660054322948,5442,33.72583044124938,0,0.0,16136,16104,0,0.0,0,0.0,0,5791,0,5791,0,5791,5791,1.0,0.0,1,264,999,1357,1,1358,1788,1.0007369196757554,0.07369196757553427,37,146.1055148000014,1252302848
train,stratum,indic_cjk_arabic,te,boundary_bpe,131072,observed,32,158103,158103,60933,20019,7.897647235126629,0.3285411845797844,0.12661998823551734,0,0.0,7.897647235126629,6,24,90,"{""1"": 7824, ""10"": 83, ""11"": 19, ""12"": 1832, ""13"": 70, ""14"": 13, ""15"": 1194, ""16"": 81, ""17"": 6, ""18"": 1049, ""19"": 96, ""2"": 199, ""20"": 15, ""21"": 598, ""22"": 107, ""23"": 13, ""24"": 420, ""25"": 47, ""26"": 7, ""27"": 283, ""28"": 29, ""29"": 4, ""3"": 1186, ""30"": 142, ""31"": 19, ""32"": 9, ""33"": 92, ""34"": 26, ""35"": 8, ""36"": 56, ""37"": 20, ""38"": 1, ""39"": 37, ""4"": 115, ""40"": 2, ""42"": 13, ""43"": 3, ""45"": 4, ""46"": 4, ""48"": 14, ""5"": 88, ""51"": 2, ""52"": 2, ""54"": 2, ""6"": 2533, ""66"": 2, ""68"": 3, ""7"": 142, ""8"": 56, ""9"": 1448, ""90"": 1}",131068,3497,2.6680806909390546,6399,31.96463359808182,0,0.0,20019,19987,0,0.0,0,0.0,0,7488,0,7488,0,7488,7488,1.0,0.0,4,389,1122,1580,4,1584,1939,1.0025316455696203,0.25316455696202533,33,146.1055148000014,1252302848
train,stratum,indic_cjk_arabic,ur,boundary_bpe,131072,observed,32,112341,112341,64366,29630,3.791461356733041,0.46033620234285183,0.263750545215015,0,0.0,3.791461356733041,2,10,122,"{""1"": 13741, ""10"": 1425, ""11"": 23, ""12"": 654, ""122"": 1, ""13"": 10, ""14"": 231, ""15"": 14, ""16"": 88, ""17"": 3, ""18"": 37, ""19"": 2, ""2"": 1282, ""20"": 14, ""21"": 3, ""22"": 3, ""24"": 1, ""25"": 1, ""27"": 1, ""28"": 1, ""3"": 112, ""39"": 1, ""4"": 5275, ""5"": 82, ""50"": 1, ""6"": 3790, ""7"": 74, ""8"": 2720, ""9"": 40}",131068,2928,2.2339548936429945,4069,13.732703341208236,0,0.0,29630,29598,0,0.0,0,0.0,0,13545,0,13545,0,13545,13545,1.0,0.0,10,602,837,1527,10,1537,1777,1.0065487884741322,0.6548788474132285,14,146.1055148000014,1252302848
train,stratum,indic_cjk_arabic,zh,boundary_bpe,131072,observed,32,130086,130086,53452,15599,8.339380729533945,0.2918319239691686,0.11991298064357425,0,0.0,8.339380729533945,3,21,760,"{""1"": 4205, ""10"": 129, ""101"": 1, ""102"": 1, ""103"": 1, ""105"": 4, ""106"": 3, ""107"": 4, ""108"": 1, ""109"": 1, ""11"": 27, ""110"": 3, ""111"": 1, ""115"": 1, ""116"": 2, ""117"": 1, ""118"": 1, ""12"": 434, ""120"": 3, ""121"": 1, ""122"": 2, ""123"": 1, ""124"": 2, ""125"": 3, ""126"": 1, ""127"": 3, ""128"": 2, ""13"": 50, ""131"": 1, ""134"": 2, ""135"": 3, ""138"": 1, ""14"": 47, ""142"": 1, ""144"": 2, ""145"": 1, ""148"": 2, ""149"": 1, ""15"": 155, ""150"": 2, ""151"": 3, ""155"": 2, ""156"": 1, ""16"": 42, ""163"": 1, ""17"": 31, ""171"": 1, ""177"": 1, ""178"": 1, ""18"": 133, ""180"": 1, ""181"": 2, ""182"": 1, ""186"": 1, ""188"": 1, ""19"": 53, ""191"": 3, ""194"": 2, ""196"": 1, ""2"": 286, ""20"": 63, ""200"": 1, ""201"": 1, ""207"": 1, ""209"": 1, ""21"": 132, ""210"": 1, ""211"": 1, ""212"": 2, ""213"": 1, ""22"": 36, ""220"": 2, ""223"": 3, ""225"": 2, ""23"": 16, ""234"": 1, ""238"": 2, ""24"": 58, ""241"": 1, ""245"": 1, ""25"": 28, ""252"": 1, ""257"": 1, ""258"": 1, ""26"": 14, ""261"": 2, ""263"": 1, ""269"": 17, ""27"": 37, ""271"": 1, ""272"": 1, ""274"": 1, ""277"": 1, ""28"": 8, ""29"": 6, ""292"": 1, ""293"": 2, ""295"": 1, ""298"": 1, ""3"": 4915, ""30"": 28, ""303"": 2, ""304"": 2, ""31"": 14, ""310"": 1, ""318"": 1, ""32"": 6, ""323"": 1, ""326"": 1, ""328"": 1, ""33"": 24, ""334"": 1, ""34"": 8, ""349"": 1, ""35"": 6, ""351"": 2, ""358"": 1, ""36"": 6, ""361"": 1, ""363"": 1, ""364"": 1, ""366"": 1, ""37"": 9, ""378"": 1, ""38"": 3, ""384"": 1, ""39"": 8, ""393"": 1, ""394"": 1, ""4"": 392, ""40"": 9, ""41"": 7, ""413"": 1, ""42"": 7, ""420"": 1, ""43"": 8, ""44"": 4, ""449"": 1, ""45"": 9, ""451"": 1, ""456"": 1, ""457"": 1, ""46"": 7, ""463"": 1, ""47"": 2, ""48"": 6, ""488"": 1, ""489"": 1, ""49"": 2, ""491"": 1, ""495"": 1, ""499"": 1, ""5"": 129, ""50"": 11, ""51"": 8, ""513"": 1, ""52"": 9, ""521"": 1, ""53"": 5, ""54"": 8, ""55"": 4, ""552"": 1, ""557"": 1, ""559"": 1, ""56"": 5, ""57"": 5, ""58"": 5, ""59"": 3, ""6"": 2889, ""60"": 3, ""61"": 6, ""62"": 1, ""626"": 1, ""63"": 2, ""632"": 1, ""64"": 3, ""644"": 1, ""65"": 4, ""66"": 4, ""67"": 5, ""68"": 1, ""681"": 1, ""69"": 1, ""690"": 1, ""7"": 132, ""70"": 7, ""72"": 3, ""73"": 2, ""74"": 2, ""75"": 2, ""76"": 3, ""760"": 1, ""77"": 4, ""78"": 3, ""79"": 2, ""8"": 70, ""80"": 1, ""81"": 3, ""82"": 2, ""85"": 1, ""86"": 1, ""88"": 1, ""9"": 585, ""90"": 2, ""92"": 1, ""94"": 3, ""95"": 1, ""96"": 1, ""97"": 4, ""98"": 1, ""99"": 2}",131068,5408,4.12610248115482,7442,47.70818642220655,0,0.0,15599,15567,0,0.0,0,0.0,0,3755,0,3755,0,3755,3755,1.0,0.0,7,408,1058,3235,7,3242,3602,1.002163833075734,0.21638330757341576,117,146.1055148000014,1252302848
train,stratum,latin_english,en,boundary_bpe,131072,observed,32,59492,59492,59076,20804,2.859642376466064,0.35215654411266845,0.34969407651448936,0,0.0,2.859642376466064,2,8,59,"{""1"": 10125, ""10"": 230, ""11"": 127, ""12"": 68, ""13"": 42, ""14"": 26, ""15"": 22, ""16"": 22, ""17"": 13, ""18"": 4, ""19"": 5, ""2"": 2114, ""20"": 4, ""21"": 3, ""22"": 2, ""23"": 1, ""25"": 2, ""26"": 2, ""3"": 2487, ""4"": 1913, ""46"": 1, ""5"": 1166, ""59"": 1, ""6"": 890, ""7"": 671, ""8"": 518, ""9"": 345}",131068,3805,2.903073213904233,4234,20.35185541242069,0,0.0,20804,20772,0,0.0,0,0.0,3,9301,0,9298,3,9301,9301,1.000322650032265,0.032265003226500326,10,340,1253,1764,10,1774,2096,1.0056689342403629,0.5668934240362812,12,146.1055148000014,1252302848
train,language,,am,boundary_bpe,131072,observed,32,147317,147317,59501,29812,4.9415336106265935,0.5010335960740155,0.20236632567863858,0,0.0,4.9415336106265935,3,15,46,"{""1"": 11487, ""10"": 46, ""11"": 49, ""12"": 1920, ""13"": 28, ""14"": 28, ""15"": 971, ""16"": 28, ""17"": 21, ""18"": 391, ""19"": 18, ""2"": 197, ""20"": 21, ""21"": 114, ""22"": 11, ""23"": 7, ""24"": 34, ""25"": 9, ""27"": 8, ""28"": 3, ""3"": 4675, ""30"": 1, ""31"": 3, ""33"": 2, ""34"": 2, ""35"": 1, ""4"": 122, ""46"": 1, ""5"": 129, ""6"": 5749, ""7"": 85, ""8"": 111, ""9"": 3540}",131068,4247,3.2403027436140017,7679,25.758083993022943,0,0.0,29812,29780,0,0.0,0,0.0,0,11206,0,11206,0,11206,11206,1.0,0.0,20,827,1132,2105,20,2125,2807,1.009501187648456,0.9501187648456056,18,146.1055148000014,1252302848
train,language,,ar,boundary_bpe,131072,observed,32,97740,97740,54940,22398,4.363782480578623,0.4076811066618129,0.22915899324739103,0,0.0,4.363782480578623,4,13,43,"{""1"": 9111, ""10"": 1155, ""11"": 56, ""12"": 653, ""13"": 52, ""14"": 605, ""15"": 45, ""16"": 275, ""17"": 8, ""18"": 79, ""19"": 9, ""2"": 1643, ""20"": 41, ""21"": 9, ""22"": 29, ""24"": 4, ""25"": 1, ""26"": 7, ""27"": 1, ""28"": 3, ""3"": 175, ""4"": 3715, ""43"": 1, ""5"": 109, ""6"": 2773, ""7"": 53, ""8"": 1726, ""9"": 60}",131068,3518,2.684102908413953,5558,24.81471559960711,0,0.0,22398,22366,0,0.0,0,0.0,0,8838,0,8838,0,8838,8838,1.0,0.0,10,560,788,1426,10,1436,1757,1.0070126227208975,0.7012622720897616,16,146.1055148000014,1252302848
train,language,,bg,boundary_bpe,131072,observed,32,102609,102609,58537,22156,4.631205993861708,0.37849565232246274,0.21592647818417487,0,0.0,4.631205993861708,3,14,132,"{""1"": 9332, ""10"": 1144, ""11"": 86, ""12"": 733, ""13"": 65, ""132"": 1, ""14"": 457, ""15"": 54, ""16"": 315, ""17"": 45, ""18"": 197, ""19"": 35, ""2"": 1509, ""20"": 152, ""21"": 38, ""22"": 47, ""23"": 17, ""24"": 45, ""25"": 15, ""26"": 25, ""27"": 8, ""28"": 10, ""29"": 6, ""3"": 395, ""30"": 6, ""31"": 8, ""32"": 1, ""35"": 1, ""36"": 3, ""39"": 1, ""4"": 3475, ""42"": 1, ""46"": 1, ""5"": 365, ""6"": 1649, ""7"": 112, ""8"": 1698, ""9"": 104}",131068,3812,2.9084139530625324,5191,23.42931937172775,0,0.0,22156,22124,0,0.0,0,0.0,0,8973,0,8973,0,8973,8973,1.0,0.0,9,422,1358,1976,9,1985,2303,1.0045546558704452,0.45546558704453444,21,146.1055148000014,1252302848
train,language,,bn,boundary_bpe,131072,observed,32,152004,152004,58399,21140,7.190350047303689,0.36199249987157317,0.13907528749243442,0,0.0,7.190350047303689,6,21,54,"{""1"": 8753, ""10"": 43, ""11"": 35, ""12"": 1937, ""13"": 72, ""14"": 24, ""15"": 1303, ""16"": 29, ""17"": 25, ""18"": 892, ""19"": 21, ""2"": 117, ""20"": 8, ""21"": 559, ""22"": 16, ""23"": 7, ""24"": 376, ""25"": 18, ""26"": 8, ""27"": 236, ""28"": 5, ""29"": 10, ""3"": 1503, ""30"": 104, ""31"": 9, ""32"": 1, ""33"": 102, ""34"": 7, ""36"": 30, ""37"": 12, ""38"": 2, ""39"": 36, ""4"": 94, ""40"": 2, ""42"": 15, ""43"": 3, ""45"": 11, ""46"": 2, ""48"": 6, ""5"": 90, ""50"": 1, ""51"": 3, ""52"": 1, ""54"": 2, ""6"": 2292, ""7"": 69, ""8"": 26, ""9"": 2223}",131068,3143,2.397991882076479,5672,26.830652790917693,0,0.0,21140,21108,0,0.0,0,0.0,0,8515,0,8515,0,8515,8515,1.0,0.0,6,422,926,1429,6,1435,1661,1.0041987403778867,0.4198740377886634,33,146.1055148000014,1252302848
train,language,,c,boundary_bpe,131072,observed,32,51063,51063,51060,16346,3.1238835189037073,0.3201331766549158,0.3201143685251552,0,0.0,3.1238835189037073,1,11,119,"{""1"": 10639, ""10"": 201, ""100"": 2, ""11"": 165, ""119"": 4, ""12"": 82, ""13"": 78, ""14"": 58, ""15"": 61, ""16"": 33, ""17"": 37, ""18"": 29, ""19"": 26, ""2"": 976, ""20"": 36, ""21"": 21, ""22"": 29, ""23"": 22, ""24"": 22, ""25"": 13, ""26"": 17, ""27"": 13, ""28"": 9, ""29"": 8, ""3"": 915, ""30"": 5, ""31"": 9, ""32"": 4, ""34"": 6, ""35"": 2, ""36"": 3, ""37"": 4, ""38"": 4, ""39"": 6, ""4"": 620, ""40"": 1, ""41"": 2, ""42"": 2, ""44"": 1, ""46"": 1, ""49"": 2, ""5"": 425, ""50"": 1, ""51"": 5, ""52"": 3, ""53"": 1, ""55"": 3, ""56"": 1, ""57"": 1, ""58"": 1, ""6"": 452, ""67"": 1, ""7"": 512, ""71"": 1, ""72"": 4, ""75"": 1, ""76"": 1, ""77"": 2, ""79"": 2, ""8"": 463, ""9"": 298}",131068,2238,1.707510605182043,2007,12.27823320690077,0,0.0,16346,16314,0,0.0,0,0.0,3814,9740,0,5926,1126,9740,9740,1.6436044549443132,19.001012487343907,6,959,2017,4093,6,4099,6116,1.0014659174199854,0.1465917419985341,24,146.1055148000014,1252302848
train,language,,cpp,boundary_bpe,131072,observed,32,54217,54217,54213,15927,3.404093677403152,0.2937856233744674,0.2937639485770146,0,0.0,3.404093677403152,1,12,107,"{""1"": 10354, ""10"": 171, ""101"": 1, ""106"": 2, ""107"": 1, ""11"": 166, ""12"": 87, ""13"": 89, ""14"": 73, ""15"": 78, ""16"": 45, ""17"": 53, ""18"": 29, ""19"": 24, ""2"": 857, ""20"": 30, ""21"": 24, ""22"": 30, ""23"": 22, ""24"": 15, ""25"": 28, ""26"": 23, ""27"": 11, ""28"": 24, ""29"": 14, ""3"": 712, ""30"": 14, ""31"": 19, ""32"": 7, ""33"": 8, ""34"": 7, ""35"": 7, ""36"": 6, ""37"": 6, ""38"": 10, ""39"": 1, ""4"": 587, ""40"": 6, ""41"": 5, ""42"": 5, ""43"": 5, ""45"": 3, ""46"": 6, ""47"": 1, ""48"": 2, ""49"": 3, ""5"": 520, ""50"": 2, ""51"": 3, ""52"": 1, ""53"": 3, ""54"": 3, ""55"": 2, ""57"": 3, ""58"": 1, ""6"": 487, ""61"": 1, ""62"": 1, ""64"": 2, ""66"": 2, ""67"": 1, ""68"": 1, ""7"": 461, ""71"": 1, ""75"": 1, ""76"": 1, ""79"": 3, ""8"": 489, ""9"": 267}",131068,2514,1.9180883205664236,2341,14.698311044138883,0,0.0,15927,15895,0,0.0,0,0.0,4223,9575,0,5352,1007,9575,9575,1.789050822122571,18.815396113602393,8,813,2318,4478,8,4486,6268,1.0017865118356408,0.1786511835640911,29,146.1055148000014,1252302848
train,language,,en,boundary_bpe,131072,observed,32,59492,59492,59076,20804,2.859642376466064,0.35215654411266845,0.34969407651448936,0,0.0,2.859642376466064,2,8,59,"{""1"": 10125, ""10"": 230, ""11"": 127, ""12"": 68, ""13"": 42, ""14"": 26, ""15"": 22, ""16"": 22, ""17"": 13, ""18"": 4, ""19"": 5, ""2"": 2114, ""20"": 4, ""21"": 3, ""22"": 2, ""23"": 1, ""25"": 2, ""26"": 2, ""3"": 2487, ""4"": 1913, ""46"": 1, ""5"": 1166, ""59"": 1, ""6"": 890, ""7"": 671, ""8"": 518, ""9"": 345}",131068,3805,2.903073213904233,4234,20.35185541242069,0,0.0,20804,20772,0,0.0,0,0.0,3,9301,0,9298,3,9301,9301,1.000322650032265,0.032265003226500326,10,340,1253,1764,10,1774,2096,1.0056689342403629,0.5668934240362812,12,146.1055148000014,1252302848
train,language,,fa,boundary_bpe,131072,observed,32,93798,93798,52677,22218,4.2217121253038075,0.42177800558118345,0.2368707221902386,0,0.0,4.2217121253038075,2,12,32,"{""1"": 10076, ""10"": 1425, ""11"": 90, ""12"": 629, ""13"": 67, ""14"": 406, ""15"": 55, ""16"": 114, ""17"": 55, ""18"": 26, ""19"": 33, ""2"": 1150, ""20"": 5, ""21"": 13, ""22"": 16, ""23"": 1, ""24"": 2, ""25"": 14, ""26"": 1, ""27"": 2, ""28"": 1, ""29"": 1, ""3"": 122, ""31"": 1, ""32"": 1, ""4"": 3242, ""5"": 76, ""6"": 2205, ""7"": 189, ""8"": 2013, ""9"": 187}",131068,2657,2.0271919919431136,3804,17.121253038077235,0,0.0,22218,22186,0,0.0,0,0.0,0,9930,0,9930,0,9930,9930,1.0,0.0,8,308,800,1169,6,1177,1405,1.0068434559452524,0.5132591958939264,16,146.1055148000014,1252302848
train,language,,go,boundary_bpe,131072,observed,32,56813,56813,56813,16325,3.480122511485452,0.2873462059739848,0.2873462059739848,0,0.0,3.480122511485452,1,13,106,"{""1"": 9965, ""10"": 184, ""106"": 1, ""11"": 199, ""12"": 87, ""13"": 108, ""14"": 76, ""15"": 80, ""16"": 49, ""17"": 79, ""18"": 36, ""19"": 52, ""2"": 1242, ""20"": 21, ""21"": 29, ""22"": 31, ""23"": 18, ""24"": 17, ""25"": 12, ""26"": 10, ""27"": 8, ""28"": 13, ""29"": 13, ""3"": 933, ""30"": 11, ""31"": 8, ""32"": 8, ""33"": 14, ""34"": 14, ""35"": 11, ""36"": 10, ""37"": 3, ""38"": 9, ""39"": 8, ""4"": 686, ""40"": 14, ""41"": 6, ""42"": 13, ""43"": 9, ""44"": 6, ""45"": 6, ""46"": 5, ""47"": 7, ""48"": 3, ""49"": 4, ""5"": 395, ""50"": 2, ""51"": 5, ""52"": 2, ""53"": 4, ""54"": 1, ""55"": 1, ""57"": 1, ""59"": 1, ""6"": 666, ""7"": 451, ""8"": 419, ""9"": 259}",131068,2539,1.9371623889889218,2631,16.116385911179172,0,0.0,16325,16293,0,0.0,0,0.0,2645,9031,0,6386,1489,9031,9031,1.414187284685249,23.316630128405887,13,903,2453,5404,13,5417,6454,1.0024056254626204,0.24056254626202814,32,146.1055148000014,1252302848
train,language,,gu,boundary_bpe,131072,observed,32,146974,146974,58881,23152,6.348220456116103,0.39319984375265365,0.15752446010859064,0,0.0,6.348220456116103,3,20,72,"{""1"": 10003, ""10"": 140, ""11"": 19, ""12"": 1873, ""13"": 98, ""14"": 12, ""15"": 1106, ""16"": 16, ""17"": 9, ""18"": 926, ""19"": 21, ""2"": 157, ""20"": 10, ""21"": 466, ""22"": 14, ""23"": 3, ""24"": 306, ""25"": 11, ""26"": 8, ""27"": 155, ""28"": 6, ""29"": 2, ""3"": 1522, ""30"": 74, ""31"": 12, ""32"": 2, ""33"": 50, ""34"": 4, ""35"": 1, ""36"": 15, ""37"": 5, ""39"": 2, ""4"": 125, ""41"": 3, ""43"": 2, ""44"": 1, ""46"": 1, ""49"": 2, ""5"": 82, ""50"": 2, ""56"": 1, ""6"": 3042, ""60"": 1, ""7"": 374, ""72"": 1, ""8"": 51, ""9"": 2416}",131068,3105,2.3689992980742822,5461,23.587595024187976,0,0.0,23152,23120,0,0.0,0,0.0,0,9723,0,9723,0,9723,9723,1.0,0.0,6,271,1012,1374,6,1380,1630,1.0043668122270741,0.4366812227074236,27,146.1055148000014,1252302848
train,language,,hi,boundary_bpe,131072,observed,32,153237,153237,61359,26318,5.822516908579679,0.4289183330888704,0.17174703237468758,0,0.0,5.822516908579679,3,18,49,"{""1"": 12084, ""10"": 146, ""11"": 38, ""12"": 2360, ""13"": 36, ""14"": 22, ""15"": 1188, ""16"": 30, ""17"": 8, ""18"": 791, ""19"": 27, ""2"": 189, ""20"": 10, ""21"": 356, ""22"": 15, ""23"": 6, ""24"": 222, ""25"": 22, ""26"": 9, ""27"": 98, ""28"": 9, ""29"": 2, ""3"": 894, ""30"": 51, ""31"": 5, ""32"": 2, ""33"": 24, ""34"": 5, ""35"": 1, ""36"": 3, ""37"": 3, ""38"": 1, ""39"": 5, ""4"": 92, ""40"": 2, ""49"": 1, ""5"": 90, ""6"": 4727, ""7"": 234, ""8"": 15, ""9"": 2495}",131068,3050,2.327036347544786,4327,16.44121893760924,0,0.0,26318,26286,0,0.0,0,0.0,0,11810,0,11810,0,11810,11810,1.0,0.0,3,348,1046,1447,3,1450,1692,1.0020732550103664,0.2073255010366275,24,146.1055148000014,1252302848
train,language,,ja,boundary_bpe,131072,observed,32,142468,142468,61333,17184,8.290735567970206,0.2801754357360638,0.12061655950810006,0,0.0,8.290735567970206,3,21,2226,"{""1"": 4859, ""10"": 96, ""100"": 2, ""101"": 1, ""103"": 1, ""104"": 2, ""105"": 8, ""106"": 1, ""107"": 3, ""108"": 2, ""11"": 67, ""110"": 1, ""112"": 1, ""114"": 1, ""116"": 3, ""117"": 3, ""118"": 1, ""12"": 821, ""120"": 2, ""121"": 1, ""122"": 2, ""124"": 1, ""1250"": 1, ""126"": 3, ""128"": 1, ""129"": 2, ""13"": 43, ""130"": 3, ""132"": 1, ""133"": 2, ""136"": 1, ""138"": 2, ""1387"": 1, ""14"": 45, ""142"": 2, ""144"": 1, ""145"": 1, ""146"": 1, ""147"": 1, ""15"": 453, ""150"": 1, ""151"": 1, ""152"": 1, ""155"": 3, ""156"": 1, ""157"": 1, ""16"": 74, ""160"": 1, ""163"": 2, ""167"": 1, ""168"": 1, ""169"": 1, ""17"": 45, ""170"": 1, ""172"": 1, ""173"": 1, ""174"": 1, ""175"": 10, ""176"": 1, ""179"": 2, ""18"": 265, ""181"": 1, ""186"": 1, ""19"": 32, ""191"": 1, ""193"": 1, ""196"": 1, ""197"": 2, ""198"": 5, ""2"": 506, ""20"": 19, ""200"": 1, ""204"": 1, ""2050"": 1, ""209"": 2, ""21"": 137, ""210"": 1, ""214"": 1, ""215"": 2, ""216"": 1, ""219"": 2, ""22"": 16, ""221"": 1, ""2226"": 1, ""228"": 1, ""23"": 15, ""235"": 2, ""24"": 109, ""240"": 7, ""243"": 2, ""249"": 1, ""25"": 15, ""255"": 1, ""26"": 12, ""260"": 1, ""265"": 1, ""27"": 67, ""274"": 1, ""279"": 1, ""28"": 9, ""29"": 10, ""291"": 1, ""3"": 4002, ""30"": 79, ""300"": 1, ""308"": 2, ""31"": 21, ""314"": 1, ""317"": 1, ""32"": 11, ""33"": 21, ""337"": 1, ""34"": 14, ""341"": 2, ""35"": 5, ""353"": 1, ""36"": 26, ""37"": 8, ""38"": 10, ""387"": 1, ""39"": 7, ""4"": 332, ""40"": 6, ""41"": 11, ""42"": 7, ""43"": 4, ""44"": 6, ""446"": 1, ""45"": 7, ""46"": 4, ""47"": 2, ""48"": 8, ""49"": 6, ""499"": 1, ""5"": 209, ""50"": 6, ""51"": 13, ""512"": 1, ""52"": 2, ""53"": 2, ""54"": 4, ""541"": 1, ""55"": 1, ""56"": 4, ""57"": 5, ""58"": 3, ""59"": 6, ""599"": 1, ""6"": 2769, ""60"": 4, ""61"": 3, ""62"": 3, ""63"": 1, ""64"": 3, ""65"": 1, ""66"": 4, ""67"": 3, ""68"": 3, ""69"": 5, ""7"": 143, ""70"": 1, ""71"": 3, ""72"": 4, ""73"": 3, ""74"": 5, ""75"": 8, ""756"": 1, ""76"": 1, ""77"": 2, ""78"": 5, ""79"": 1, ""8"": 89, ""80"": 3, ""81"": 1, ""82"": 3, ""83"": 1, ""830"": 1, ""84"": 3, ""86"": 2, ""87"": 1, ""88"": 3, ""89"": 5, ""9"": 1368, ""92"": 3, ""93"": 3, ""95"": 1, ""97"": 2, ""99"": 2}",131068,5689,4.340495010223701,7703,44.82658286778398,0,0.0,17184,17152,0,0.0,0,0.0,0,4436,0,4436,0,4436,4436,1.0,0.0,46,584,1819,4082,46,4128,4644,1.0112689857912789,1.1268985791278785,87,146.1055148000014,1252302848
train,language,,java,boundary_bpe,131072,observed,32,43999,43999,43605,12328,3.5690298507462686,0.28271987157436074,0.2801881860951385,0,0.0,3.5690298507462686,1,14,89,"{""1"": 8244, ""10"": 138, ""11"": 116, ""12"": 72, ""13"": 51, ""14"": 64, ""15"": 61, ""16"": 30, ""17"": 24, ""18"": 39, ""19"": 30, ""2"": 432, ""20"": 40, ""21"": 27, ""22"": 32, ""23"": 23, ""24"": 23, ""25"": 18, ""26"": 10, ""27"": 19, ""28"": 17, ""29"": 10, ""3"": 510, ""30"": 18, ""31"": 8, ""32"": 10, ""33"": 9, ""34"": 14, ""35"": 4, ""36"": 7, ""37"": 11, ""38"": 4, ""39"": 10, ""4"": 368, ""40"": 7, ""41"": 5, ""42"": 4, ""43"": 5, ""44"": 1, ""45"": 6, ""46"": 6, ""47"": 3, ""48"": 3, ""49"": 3, ""5"": 304, ""50"": 8, ""51"": 1, ""52"": 4, ""53"": 2, ""54"": 3, ""55"": 3, ""6"": 760, ""62"": 2, ""64"": 2, ""67"": 1, ""7"": 342, ""72"": 3, ""78"": 2, ""8"": 196, ""82"": 2, ""89"": 1, ""9"": 156}",131068,1821,1.3893551438947722,1681,13.635626216742375,0,0.0,12328,12296,0,0.0,0,0.0,3819,7594,0,3775,864,7594,7594,2.011655629139073,22.887417218543046,1,630,1440,3273,1,3274,4145,1.0003055300947143,0.030553009471432937,34,146.1055148000014,1252302848
train,language,,javascript,boundary_bpe,131072,observed,32,38980,38980,38152,12118,3.216702426142928,0.317624239882575,0.3108773730118009,0,0.0,3.216702426142928,1,11,2005,"{""1"": 8358, ""10"": 125, ""11"": 85, ""12"": 73, ""13"": 53, ""14"": 60, ""15"": 38, ""16"": 37, ""17"": 36, ""18"": 28, ""19"": 16, ""2"": 607, ""20"": 19, ""2005"": 1, ""21"": 17, ""22"": 12, ""23"": 31, ""24"": 14, ""240"": 1, ""25"": 12, ""26"": 17, ""27"": 8, ""28"": 12, ""29"": 9, ""3"": 493, ""30"": 11, ""31"": 9, ""32"": 4, ""33"": 8, ""34"": 7, ""35"": 6, ""36"": 3, ""37"": 8, ""38"": 3, ""39"": 3, ""4"": 487, ""40"": 1, ""41"": 1, ""42"": 2, ""43"": 1, ""44"": 1, ""45"": 2, ""46"": 2, ""47"": 5, ""49"": 2, ""5"": 297, ""50"": 1, ""53"": 1, ""54"": 1, ""55"": 2, ""58"": 2, ""59"": 1, ""6"": 412, ""60"": 1, ""61"": 1, ""64"": 1, ""7"": 245, ""72"": 1, ""74"": 1, ""8"": 233, ""9"": 189, ""98"": 1}",131068,2039,1.5556810205389568,2086,17.214061726357485,0,0.0,12118,12086,0,0.0,0,0.0,3746,7448,0,3702,730,7448,7448,2.011885467314965,19.719070772555376,25,751,1724,4230,25,4255,5941,1.0059101654846336,0.5910165484633569,27,146.1055148000014,1252302848
train,language,,kn,boundary_bpe,131072,observed,32,153841,153841,60531,20416,7.535315438871473,0.3372817234144488,0.13270844573293206,0,0.0,7.535315438871473,5,24,73,"{""1"": 7854, ""10"": 98, ""11"": 10, ""12"": 1901, ""13"": 52, ""14"": 7, ""15"": 1376, ""16"": 67, ""17"": 7, ""18"": 956, ""19"": 75, ""2"": 733, ""20"": 6, ""21"": 523, ""22"": 60, ""23"": 4, ""24"": 357, ""25"": 53, ""27"": 247, ""28"": 31, ""29"": 2, ""3"": 1434, ""30"": 149, ""31"": 30, ""32"": 1, ""33"": 104, ""34"": 12, ""35"": 1, ""36"": 50, ""37"": 12, ""38"": 3, ""39"": 20, ""4"": 169, ""40"": 6, ""42"": 20, ""43"": 4, ""44"": 2, ""45"": 11, ""48"": 6, ""49"": 2, ""5"": 89, ""51"": 4, ""53"": 1, ""54"": 2, ""58"": 4, ""6"": 1983, ""61"": 1, ""66"": 1, ""67"": 1, ""7"": 151, ""73"": 1, ""8"": 37, ""9"": 1686}",131068,3770,2.8763695181127353,6403,31.36265673981191,0,0.0,20416,20384,0,0.0,0,0.0,0,7243,0,7243,0,7243,7243,1.0,0.0,4,294,1040,1423,4,1427,1662,1.0028109627547435,0.28109627547434995,33,146.1055148000014,1252302848
train,language,,ko,boundary_bpe,131072,observed,32,118352,118352,51206,29245,4.046914002393572,0.5711244776002812,0.2471018656211978,0,0.0,4.046914002393572,3,12,60,"{""1"": 11438, ""10"": 274, ""11"": 48, ""12"": 771, ""13"": 136, ""14"": 39, ""15"": 265, ""16"": 92, ""17"": 21, ""18"": 71, ""19"": 16, ""2"": 179, ""20"": 15, ""21"": 32, ""22"": 13, ""23"": 10, ""24"": 8, ""25"": 12, ""26"": 2, ""27"": 8, ""28"": 6, ""29"": 2, ""3"": 6737, ""30"": 2, ""31"": 5, ""32"": 3, ""33"": 1, ""34"": 3, ""35"": 2, ""36"": 3, ""37"": 4, ""38"": 2, ""4"": 310, ""45"": 1, ""48"": 2, ""49"": 1, ""5"": 94, ""52"": 1, ""6"": 5953, ""60"": 1, ""7"": 404, ""8"": 77, ""9"": 2181}",131068,4645,3.543961912900174,8225,28.124465720636007,0,0.0,29245,29213,0,0.0,0,0.0,1,11053,0,11052,1,11053,11053,1.0000904813608396,0.009048136083966703,20,447,1714,2443,20,2463,2934,1.0081866557511256,0.8186655751125665,16,146.1055148000014,1252302848
train,language,,ml,boundary_bpe,131072,observed,32,137273,137273,52226,15347,8.94461458265459,0.2938574656301459,0.1117991156308961,0,0.0,8.94461458265459,6,27,84,"{""1"": 5398, ""10"": 43, ""11"": 4, ""12"": 1197, ""13"": 55, ""14"": 11, ""15"": 980, ""16"": 35, ""17"": 3, ""18"": 770, ""19"": 67, ""2"": 181, ""20"": 11, ""21"": 528, ""22"": 22, ""23"": 1, ""24"": 411, ""25"": 37, ""26"": 8, ""27"": 326, ""28"": 32, ""29"": 5, ""3"": 1282, ""30"": 161, ""31"": 10, ""32"": 4, ""33"": 133, ""34"": 7, ""36"": 90, ""37"": 12, ""38"": 4, ""39"": 84, ""4"": 173, ""40"": 8, ""41"": 2, ""42"": 54, ""43"": 6, ""44"": 1, ""45"": 23, ""46"": 6, ""47"": 1, ""48"": 25, ""49"": 2, ""5"": 109, ""50"": 2, ""51"": 14, ""52"": 3, ""53"": 1, ""54"": 9, ""57"": 4, ""58"": 2, ""6"": 1483, ""60"": 3, ""63"": 2, ""66"": 3, ""7"": 131, ""72"": 2, ""73"": 2, ""74"": 1, ""76"": 1, ""8"": 31, ""84"": 2, ""9"": 1329}",131068,3198,2.4399548326059755,5614,36.580439173779894,0,0.0,15347,15315,0,0.0,0,0.0,0,5197,0,5197,0,5197,5197,1.0,0.0,2,185,895,1173,2,1175,1378,1.0017050298380221,0.17050298380221654,42,146.1055148000014,1252302848
train,language,,mr,boundary_bpe,131072,observed,32,145113,145113,56571,19161,7.57335212149679,0.33870711141751075,0.13204192594736516,0,0.0,7.57335212149679,6,24,83,"{""1"": 8052, ""10"": 166, ""11"": 19, ""12"": 1650, ""13"": 167, ""14"": 15, ""15"": 1077, ""16"": 60, ""17"": 7, ""18"": 930, ""19"": 23, ""2"": 132, ""20"": 13, ""21"": 630, ""22"": 23, ""23"": 4, ""24"": 427, ""25"": 10, ""27"": 206, ""28"": 1, ""29"": 3, ""3"": 949, ""30"": 168, ""31"": 4, ""32"": 1, ""33"": 117, ""34"": 3, ""35"": 1, ""36"": 69, ""37"": 3, ""38"": 3, ""39"": 24, ""4"": 109, ""40"": 1, ""41"": 3, ""42"": 18, ""45"": 15, ""48"": 10, ""49"": 1, ""5"": 49, ""51"": 2, ""54"": 2, ""58"": 1, ""59"": 1, ""6"": 2208, ""60"": 2, ""7"": 123, ""71"": 1, ""8"": 40, ""83"": 1, ""9"": 1617}",131068,3349,2.555162205877865,5139,26.820103334899013,0,0.0,19161,19129,0,0.0,0,0.0,0,7780,0,7780,0,7780,7780,1.0,0.0,5,262,940,1323,5,1328,1551,1.0037792894935753,0.3779289493575208,33,146.1055148000014,1252302848
train,language,,python,boundary_bpe,131072,observed,32,48487,48487,48387,16752,2.8944006685768864,0.34620869241738483,0.3454946686740776,0,0.0,2.8944006685768864,1,11,78,"{""1"": 11560, ""10"": 151, ""11"": 120, ""12"": 88, ""13"": 83, ""14"": 72, ""15"": 71, ""16"": 77, ""17"": 37, ""18"": 38, ""19"": 23, ""2"": 658, ""20"": 23, ""21"": 37, ""22"": 45, ""23"": 16, ""24"": 15, ""25"": 10, ""26"": 14, ""27"": 11, ""28"": 19, ""29"": 6, ""3"": 768, ""30"": 7, ""31"": 4, ""32"": 4, ""33"": 4, ""34"": 4, ""35"": 2, ""36"": 8, ""37"": 3, ""38"": 1, ""4"": 684, ""40"": 1, ""42"": 2, ""44"": 1, ""45"": 1, ""49"": 2, ""5"": 483, ""50"": 1, ""57"": 1, ""58"": 2, ""6"": 694, ""61"": 2, ""63"": 2, ""67"": 1, ""7"": 365, ""77"": 3, ""78"": 1, ""8"": 293, ""9"": 234}",131068,2457,1.8745994445631275,2453,14.643027698185291,0,0.0,16752,16720,0,0.0,0,0.0,6151,10776,0,4625,889,10776,10776,2.329945945945946,19.221621621621622,42,486,1997,3862,41,3904,5228,1.0108751941998964,1.0616261004660799,22,146.1055148000014,1252302848
train,language,,ru,boundary_bpe,131072,observed,32,106212,106212,58870,20654,5.142442141957974,0.3508408357397656,0.19446013633111137,0,0.0,5.142442141957974,4,16,55,"{""1"": 8175, ""10"": 1207, ""11"": 73, ""12"": 829, ""13"": 72, ""14"": 637, ""15"": 52, ""16"": 358, ""17"": 39, ""18"": 247, ""19"": 35, ""2"": 1547, ""20"": 180, ""21"": 16, ""22"": 96, ""23"": 14, ""24"": 74, ""25"": 17, ""26"": 43, ""27"": 17, ""28"": 29, ""29"": 4, ""3"": 316, ""30"": 11, ""31"": 1, ""33"": 1, ""35"": 2, ""37"": 1, ""4"": 2511, ""44"": 1, ""5"": 274, ""55"": 1, ""6"": 2090, ""7"": 129, ""8"": 1490, ""9"": 65}",131068,3851,2.9381694998016297,5353,25.91749782124528,0,0.0,20654,20622,0,0.0,0,0.0,0,7811,0,7811,0,7811,7811,1.0,0.0,7,436,1106,1640,7,1647,1917,1.0042682926829267,0.4268292682926829,23,146.1055148000014,1252302848
train,language,,rust,boundary_bpe,131072,observed,32,56922,56922,56922,20936,2.718857470385938,0.3678015530023541,0.3678015530023541,0,0.0,2.718857470385938,1,10,84,"{""1"": 14373, ""10"": 169, ""11"": 148, ""12"": 111, ""13"": 90, ""14"": 70, ""15"": 65, ""16"": 76, ""17"": 40, ""18"": 31, ""19"": 37, ""2"": 1136, ""20"": 34, ""21"": 23, ""22"": 23, ""23"": 24, ""24"": 15, ""25"": 17, ""26"": 12, ""27"": 24, ""28"": 6, ""29"": 11, ""3"": 1396, ""30"": 19, ""31"": 8, ""32"": 3, ""33"": 7, ""34"": 6, ""35"": 3, ""36"": 5, ""37"": 16, ""38"": 1, ""39"": 3, ""4"": 788, ""40"": 2, ""41"": 1, ""43"": 6, ""44"": 1, ""45"": 1, ""47"": 2, ""48"": 4, ""5"": 608, ""50"": 1, ""54"": 1, ""56"": 1, ""6"": 521, ""68"": 1, ""7"": 422, ""72"": 1, ""79"": 1, ""8"": 305, ""84"": 1, ""9"": 266}",131068,2791,2.129428998687704,2917,13.932938479174627,0,0.0,20936,20904,0,0.0,0,0.0,7003,13231,0,6228,1138,13231,13231,2.1244380218368657,18.2723185613359,9,1238,2742,5827,9,5836,8582,1.0015445340655569,0.15445340655568904,22,146.1055148000014,1252302848
train,language,,sql,boundary_bpe,131072,observed,32,36373,36373,36088,11239,3.236319957291574,0.3114331633784083,0.30899293431941277,0,0.0,3.236319957291574,1,11,64,"{""1"": 7075, ""10"": 165, ""11"": 118, ""12"": 88, ""13"": 74, ""14"": 30, ""15"": 64, ""16"": 31, ""17"": 27, ""18"": 23, ""19"": 16, ""2"": 604, ""20"": 14, ""21"": 16, ""22"": 11, ""23"": 3, ""24"": 8, ""25"": 20, ""26"": 7, ""27"": 8, ""28"": 9, ""29"": 9, ""3"": 557, ""30"": 2, ""32"": 7, ""33"": 2, ""34"": 9, ""35"": 4, ""36"": 1, ""37"": 4, ""38"": 10, ""39"": 1, ""4"": 499, ""43"": 12, ""44"": 2, ""46"": 1, ""48"": 6, ""5"": 481, ""50"": 2, ""56"": 6, ""6"": 448, ""64"": 1, ""7"": 348, ""8"": 236, ""9"": 180}",131068,1672,1.2756736960966826,1673,14.885665984518196,0,0.0,11239,11207,0,0.0,0,0.0,2730,6655,0,3925,609,6655,6655,1.6955414012738854,15.51592356687898,0,426,1556,3103,0,3103,4498,1.0,0.0,25,146.1055148000014,1252302848
train,language,,sw,boundary_bpe,131072,observed,32,62449,62449,62216,21327,2.928166174333005,0.3427896361064678,0.3415106727089305,0,0.0,2.928166174333005,2,8,77,"{""1"": 9745, ""10"": 179, ""11"": 125, ""12"": 45, ""13"": 35, ""14"": 29, ""15"": 18, ""16"": 9, ""17"": 10, ""18"": 4, ""19"": 7, ""2"": 2967, ""20"": 6, ""21"": 5, ""22"": 2, ""27"": 1, ""29"": 1, ""3"": 1912, ""32"": 1, ""33"": 1, ""4"": 1909, ""47"": 2, ""48"": 1, ""5"": 1168, ""6"": 1537, ""7"": 805, ""77"": 1, ""8"": 481, ""9"": 321}",131068,3456,2.6367992187261575,4999,23.439771182069677,0,0.0,21327,21295,0,0.0,0,0.0,5,9106,0,9101,5,9106,9106,1.0005493901769036,0.054939017690363696,25,219,1077,1448,25,1473,1753,1.0172651933701657,1.7265193370165746,11,146.1055148000014,1252302848
train,language,,ta,boundary_bpe,131072,observed,32,140738,140738,53567,16136,8.721988101140308,0.3012302350327627,0.11465275902741263,0,0.0,8.721988101140308,6,27,79,"{""1"": 6047, ""10"": 104, ""11"": 26, ""12"": 1512, ""13"": 65, ""14"": 11, ""15"": 966, ""16"": 61, ""17"": 5, ""18"": 916, ""19"": 53, ""2"": 136, ""20"": 4, ""21"": 663, ""22"": 50, ""23"": 2, ""24"": 436, ""25"": 58, ""26"": 7, ""27"": 249, ""28"": 30, ""29"": 5, ""3"": 810, ""30"": 176, ""31"": 14, ""32"": 2, ""33"": 81, ""34"": 11, ""35"": 7, ""36"": 78, ""37"": 16, ""38"": 3, ""39"": 68, ""4"": 115, ""40"": 3, ""41"": 1, ""42"": 17, ""43"": 4, ""45"": 8, ""46"": 5, ""47"": 1, ""48"": 16, ""49"": 3, ""5"": 61, ""51"": 2, ""52"": 7, ""53"": 2, ""54"": 2, ""57"": 2, ""6"": 1631, ""60"": 1, ""66"": 2, ""7"": 102, ""79"": 2, ""8"": 16, ""9"": 1461}",131068,2925,2.2316660054322948,5442,33.72583044124938,0,0.0,16136,16104,0,0.0,0,0.0,0,5791,0,5791,0,5791,5791,1.0,0.0,1,264,999,1357,1,1358,1788,1.0007369196757554,0.07369196757553427,37,146.1055148000014,1252302848
train,language,,te,boundary_bpe,131072,observed,32,158103,158103,60933,20019,7.897647235126629,0.3285411845797844,0.12661998823551734,0,0.0,7.897647235126629,6,24,90,"{""1"": 7824, ""10"": 83, ""11"": 19, ""12"": 1832, ""13"": 70, ""14"": 13, ""15"": 1194, ""16"": 81, ""17"": 6, ""18"": 1049, ""19"": 96, ""2"": 199, ""20"": 15, ""21"": 598, ""22"": 107, ""23"": 13, ""24"": 420, ""25"": 47, ""26"": 7, ""27"": 283, ""28"": 29, ""29"": 4, ""3"": 1186, ""30"": 142, ""31"": 19, ""32"": 9, ""33"": 92, ""34"": 26, ""35"": 8, ""36"": 56, ""37"": 20, ""38"": 1, ""39"": 37, ""4"": 115, ""40"": 2, ""42"": 13, ""43"": 3, ""45"": 4, ""46"": 4, ""48"": 14, ""5"": 88, ""51"": 2, ""52"": 2, ""54"": 2, ""6"": 2533, ""66"": 2, ""68"": 3, ""7"": 142, ""8"": 56, ""9"": 1448, ""90"": 1}",131068,3497,2.6680806909390546,6399,31.96463359808182,0,0.0,20019,19987,0,0.0,0,0.0,0,7488,0,7488,0,7488,7488,1.0,0.0,4,389,1122,1580,4,1584,1939,1.0025316455696203,0.25316455696202533,33,146.1055148000014,1252302848
train,language,,typescript,boundary_bpe,131072,observed,32,43989,43989,43698,13485,3.2620689655172415,0.30859535905533436,0.30655391120507397,0,0.0,3.2620689655172415,1,13,160,"{""1"": 9192, ""10"": 164, ""11"": 96, ""12"": 100, ""13"": 93, ""14"": 89, ""15"": 49, ""16"": 39, ""160"": 1, ""17"": 46, ""18"": 47, ""19"": 46, ""2"": 684, ""20"": 33, ""21"": 41, ""22"": 20, ""23"": 24, ""24"": 17, ""25"": 20, ""26"": 14, ""27"": 16, ""28"": 17, ""29"": 8, ""3"": 429, ""30"": 9, ""31"": 11, ""32"": 9, ""33"": 6, ""34"": 1, ""35"": 5, ""36"": 3, ""37"": 6, ""38"": 10, ""39"": 2, ""4"": 462, ""40"": 8, ""41"": 7, ""42"": 6, ""43"": 3, ""44"": 3, ""45"": 5, ""46"": 1, ""48"": 1, ""49"": 1, ""5"": 394, ""50"": 1, ""51"": 2, ""55"": 1, ""57"": 1, ""59"": 1, ""6"": 444, ""61"": 1, ""64"": 1, ""7"": 322, ""76"": 1, ""8"": 245, ""9"": 227}",131068,2079,1.586199530014954,1940,14.386355209492029,0,0.0,13485,13453,0,0.0,0,0.0,4130,8393,0,4263,984,8393,8393,1.9688013136288998,23.082336382828995,9,834,1498,3292,9,3301,4406,1.0027339003645201,0.2733900364520049,27,146.1055148000014,1252302848
train,language,,uk,boundary_bpe,131072,observed,32,95676,95676,53182,19004,5.034519048621343,0.35733894926854953,0.19862870521342865,0,0.0,5.034519048621343,4,16,89,"{""1"": 7445, ""10"": 958, ""11"": 82, ""12"": 699, ""13"": 49, ""14"": 513, ""15"": 52, ""16"": 306, ""17"": 37, ""18"": 205, ""19"": 42, ""2"": 1408, ""20"": 207, ""21"": 33, ""22"": 99, ""23"": 18, ""24"": 53, ""25"": 3, ""26"": 20, ""27"": 6, ""28"": 19, ""29"": 3, ""3"": 313, ""30"": 6, ""31"": 5, ""32"": 2, ""34"": 2, ""38"": 2, ""4"": 2615, ""40"": 1, ""5"": 294, ""50"": 1, ""6"": 1867, ""7"": 127, ""8"": 1421, ""89"": 1, ""9"": 90}",131068,3676,2.8046510208441418,5250,27.625762997263735,0,0.0,19004,18972,0,0.0,0,0.0,0,7093,0,7093,0,7093,7093,1.0,0.0,5,440,1227,1849,5,1854,2167,1.0027041644131964,0.2704164413196322,22,146.1055148000014,1252302848
train,language,,ur,boundary_bpe,131072,observed,32,112341,112341,64366,29630,3.791461356733041,0.46033620234285183,0.263750545215015,0,0.0,3.791461356733041,2,10,122,"{""1"": 13741, ""10"": 1425, ""11"": 23, ""12"": 654, ""122"": 1, ""13"": 10, ""14"": 231, ""15"": 14, ""16"": 88, ""17"": 3, ""18"": 37, ""19"": 2, ""2"": 1282, ""20"": 14, ""21"": 3, ""22"": 3, ""24"": 1, ""25"": 1, ""27"": 1, ""28"": 1, ""3"": 112, ""39"": 1, ""4"": 5275, ""5"": 82, ""50"": 1, ""6"": 3790, ""7"": 74, ""8"": 2720, ""9"": 40}",131068,2928,2.2339548936429945,4069,13.732703341208236,0,0.0,29630,29598,0,0.0,0,0.0,0,13545,0,13545,0,13545,13545,1.0,0.0,10,602,837,1527,10,1537,1777,1.0065487884741322,0.6548788474132285,14,146.1055148000014,1252302848
train,language,,yo,boundary_bpe,131072,observed,32,69432,69432,59766,24780,2.8019370460048427,0.4146170063246662,0.35689595575527133,0,0.0,2.8019370460048427,1,8,26,"{""1"": 12608, ""10"": 228, ""11"": 164, ""12"": 66, ""13"": 88, ""14"": 41, ""15"": 49, ""16"": 20, ""17"": 12, ""18"": 9, ""19"": 8, ""2"": 2849, ""20"": 1, ""21"": 2, ""22"": 1, ""23"": 1, ""26"": 1, ""3"": 2132, ""4"": 2058, ""5"": 1145, ""6"": 1681, ""7"": 861, ""8"": 435, ""9"": 320}",131068,2712,2.0691549424726094,3491,14.087974172719935,0,0.0,24780,24748,0,0.0,0,0.0,0,11487,0,11487,0,11487,11487,1.0,0.0,1,316,1161,1592,1,1593,1859,1.0006281407035176,0.06281407035175879,12,146.1055148000014,1252302848
train,language,,zh,boundary_bpe,131072,observed,32,130086,130086,53452,15599,8.339380729533945,0.2918319239691686,0.11991298064357425,0,0.0,8.339380729533945,3,21,760,"{""1"": 4205, ""10"": 129, ""101"": 1, ""102"": 1, ""103"": 1, ""105"": 4, ""106"": 3, ""107"": 4, ""108"": 1, ""109"": 1, ""11"": 27, ""110"": 3, ""111"": 1, ""115"": 1, ""116"": 2, ""117"": 1, ""118"": 1, ""12"": 434, ""120"": 3, ""121"": 1, ""122"": 2, ""123"": 1, ""124"": 2, ""125"": 3, ""126"": 1, ""127"": 3, ""128"": 2, ""13"": 50, ""131"": 1, ""134"": 2, ""135"": 3, ""138"": 1, ""14"": 47, ""142"": 1, ""144"": 2, ""145"": 1, ""148"": 2, ""149"": 1, ""15"": 155, ""150"": 2, ""151"": 3, ""155"": 2, ""156"": 1, ""16"": 42, ""163"": 1, ""17"": 31, ""171"": 1, ""177"": 1, ""178"": 1, ""18"": 133, ""180"": 1, ""181"": 2, ""182"": 1, ""186"": 1, ""188"": 1, ""19"": 53, ""191"": 3, ""194"": 2, ""196"": 1, ""2"": 286, ""20"": 63, ""200"": 1, ""201"": 1, ""207"": 1, ""209"": 1, ""21"": 132, ""210"": 1, ""211"": 1, ""212"": 2, ""213"": 1, ""22"": 36, ""220"": 2, ""223"": 3, ""225"": 2, ""23"": 16, ""234"": 1, ""238"": 2, ""24"": 58, ""241"": 1, ""245"": 1, ""25"": 28, ""252"": 1, ""257"": 1, ""258"": 1, ""26"": 14, ""261"": 2, ""263"": 1, ""269"": 17, ""27"": 37, ""271"": 1, ""272"": 1, ""274"": 1, ""277"": 1, ""28"": 8, ""29"": 6, ""292"": 1, ""293"": 2, ""295"": 1, ""298"": 1, ""3"": 4915, ""30"": 28, ""303"": 2, ""304"": 2, ""31"": 14, ""310"": 1, ""318"": 1, ""32"": 6, ""323"": 1, ""326"": 1, ""328"": 1, ""33"": 24, ""334"": 1, ""34"": 8, ""349"": 1, ""35"": 6, ""351"": 2, ""358"": 1, ""36"": 6, ""361"": 1, ""363"": 1, ""364"": 1, ""366"": 1, ""37"": 9, ""378"": 1, ""38"": 3, ""384"": 1, ""39"": 8, ""393"": 1, ""394"": 1, ""4"": 392, ""40"": 9, ""41"": 7, ""413"": 1, ""42"": 7, ""420"": 1, ""43"": 8, ""44"": 4, ""449"": 1, ""45"": 9, ""451"": 1, ""456"": 1, ""457"": 1, ""46"": 7, ""463"": 1, ""47"": 2, ""48"": 6, ""488"": 1, ""489"": 1, ""49"": 2, ""491"": 1, ""495"": 1, ""499"": 1, ""5"": 129, ""50"": 11, ""51"": 8, ""513"": 1, ""52"": 9, ""521"": 1, ""53"": 5, ""54"": 8, ""55"": 4, ""552"": 1, ""557"": 1, ""559"": 1, ""56"": 5, ""57"": 5, ""58"": 5, ""59"": 3, ""6"": 2889, ""60"": 3, ""61"": 6, ""62"": 1, ""626"": 1, ""63"": 2, ""632"": 1, ""64"": 3, ""644"": 1, ""65"": 4, ""66"": 4, ""67"": 5, ""68"": 1, ""681"": 1, ""69"": 1, ""690"": 1, ""7"": 132, ""70"": 7, ""72"": 3, ""73"": 2, ""74"": 2, ""75"": 2, ""76"": 3, ""760"": 1, ""77"": 4, ""78"": 3, ""79"": 2, ""8"": 70, ""80"": 1, ""81"": 3, ""82"": 2, ""85"": 1, ""86"": 1, ""88"": 1, ""9"": 585, ""90"": 2, ""92"": 1, ""94"": 3, ""95"": 1, ""96"": 1, ""97"": 4, ""98"": 1, ""99"": 2}",131068,5408,4.12610248115482,7442,47.70818642220655,0,0.0,15599,15567,0,0.0,0,0.0,0,3755,0,3755,0,3755,3755,1.0,0.0,7,408,1058,3235,7,3242,3602,1.002163833075734,0.21638330757341576,117,146.1055148000014,1252302848
train,domain,code,,boundary_bpe,131072,observed,288,430843,430843,428938,135456,3.1806859792109616,0.31579389095860005,0.31439758798448625,0,0.0,3.1806859792109616,1,11,2005,"{""1"": 89760, ""10"": 1468, ""100"": 2, ""101"": 1, ""106"": 3, ""107"": 1, ""11"": 1213, ""119"": 4, ""12"": 788, ""13"": 719, ""14"": 592, ""15"": 567, ""16"": 417, ""160"": 1, ""17"": 379, ""18"": 300, ""19"": 270, ""2"": 7196, ""20"": 250, ""2005"": 1, ""21"": 235, ""22"": 233, ""23"": 183, ""24"": 146, ""240"": 1, ""25"": 150, ""26"": 124, ""27"": 118, ""28"": 126, ""29"": 88, ""3"": 6713, ""30"": 96, ""31"": 76, ""32"": 56, ""33"": 58, ""34"": 68, ""35"": 44, ""36"": 46, ""37"": 61, ""38"": 52, ""39"": 34, ""4"": 5181, ""40"": 40, ""41"": 27, ""42"": 34, ""43"": 41, ""44"": 16, ""45"": 24, ""46"": 22, ""47"": 18, ""48"": 19, ""49"": 17, ""5"": 3907, ""50"": 19, ""51"": 16, ""52"": 10, ""53"": 11, ""54"": 9, ""55"": 12, ""56"": 8, ""57"": 7, ""58"": 6, ""59"": 3, ""6"": 4884, ""60"": 1, ""61"": 5, ""62"": 3, ""63"": 2, ""64"": 7, ""66"": 2, ""67"": 4, ""68"": 2, ""7"": 3468, ""71"": 2, ""72"": 9, ""74"": 1, ""75"": 2, ""76"": 3, ""77"": 5, ""78"": 3, ""79"": 6, ""8"": 2879, ""82"": 2, ""84"": 1, ""89"": 1, ""9"": 2076, ""98"": 1}",131068,14581,11.124759666737877,19729,14.56487715568155,0,0.0,135456,135168,0,0.0,0,0.0,38261,82443,0,44182,8836,82443,82443,1.8659861482051514,19.999094653931465,113,7040,17745,37562,112,37675,51638,1.003008359512273,0.2981736861721953,27,146.1055148000014,1252302848
train,domain,cyrillic_african,,boundary_bpe,131072,observed,192,583695,583695,352072,137733,4.237873276556816,0.3912069122224999,0.23596741448873126,0,0.0,4.237873276556816,2,14,132,"{""1"": 58792, ""10"": 3762, ""11"": 579, ""12"": 4292, ""13"": 337, ""132"": 1, ""14"": 1705, ""15"": 1196, ""16"": 1036, ""17"": 164, ""18"": 1053, ""19"": 145, ""2"": 10477, ""20"": 567, ""21"": 208, ""22"": 256, ""23"": 57, ""24"": 206, ""25"": 44, ""26"": 89, ""27"": 40, ""28"": 61, ""29"": 14, ""3"": 9743, ""30"": 24, ""31"": 17, ""32"": 4, ""33"": 4, ""34"": 4, ""35"": 4, ""36"": 3, ""37"": 1, ""38"": 2, ""39"": 1, ""4"": 12690, ""40"": 1, ""42"": 1, ""44"": 1, ""46"": 2, ""47"": 2, ""48"": 1, ""5"": 3375, ""50"": 1, ""55"": 1, ""6"": 14573, ""7"": 2119, ""77"": 1, ""8"": 5636, ""89"": 1, ""9"": 4440}",131068,18253,13.926358836634419,31963,23.20649372336332,0,0.0,137733,137541,0,0.0,0,0.0,5,55676,0,55671,5,55676,55676,1.0000898133678218,0.008981336782166657,67,2660,7061,10610,67,10677,12806,1.0063147973609803,0.6314797360980208,20,146.1055148000014,1252302848
train,domain,indic_cjk_arabic,,boundary_bpe,131072,observed,448,1882068,1882068,800441,297963,6.316448686581891,0.3722485479879217,0.15831680895695585,0,0.0,6.316448686581891,3,21,2226,"{""1"": 119445, ""10"": 5327, ""100"": 2, ""101"": 2, ""102"": 1, ""103"": 2, ""104"": 2, ""105"": 12, ""106"": 4, ""107"": 7, ""108"": 3, ""109"": 1, ""11"": 481, ""110"": 4, ""111"": 1, ""112"": 1, ""114"": 1, ""115"": 1, ""116"": 5, ""117"": 4, ""118"": 2, ""12"": 18224, ""120"": 5, ""121"": 2, ""122"": 5, ""123"": 1, ""124"": 3, ""125"": 3, ""1250"": 1, ""126"": 4, ""127"": 3, ""128"": 3, ""129"": 2, ""13"": 973, ""130"": 3, ""131"": 1, ""132"": 1, ""133"": 2, ""134"": 2, ""135"": 3, ""136"": 1, ""138"": 3, ""1387"": 1, ""14"": 1488, ""142"": 3, ""144"": 3, ""145"": 2, ""146"": 1, ""147"": 1, ""148"": 2, ""149"": 1, ""15"": 10177, ""150"": 3, ""151"": 4, ""152"": 1, ""155"": 5, ""156"": 2, ""157"": 1, ""16"": 1064, ""160"": 1, ""163"": 3, ""167"": 1, ""168"": 1, ""169"": 1, ""17"": 233, ""170"": 1, ""171"": 1, ""172"": 1, ""173"": 1, ""174"": 1, ""175"": 10, ""176"": 1, ""177"": 1, ""178"": 1, ""179"": 2, ""18"": 7841, ""180"": 1, ""181"": 3, ""182"": 1, ""186"": 2, ""188"": 1, ""19"": 528, ""191"": 4, ""193"": 1, ""194"": 2, ""196"": 2, ""197"": 2, ""198"": 5, ""2"": 6890, ""20"": 234, ""200"": 2, ""201"": 1, ""204"": 1, ""2050"": 1, ""207"": 1, ""209"": 3, ""21"": 4649, ""210"": 2, ""211"": 1, ""212"": 2, ""213"": 1, ""214"": 1, ""215"": 2, ""216"": 1, ""219"": 2, ""22"": 420, ""220"": 2, ""221"": 1, ""2226"": 1, ""223"": 3, ""225"": 2, ""228"": 1, ""23"": 82, ""234"": 1, ""235"": 2, ""238"": 2, ""24"": 3137, ""240"": 7, ""241"": 1, ""243"": 2, ""245"": 1, ""249"": 1, ""25"": 327, ""252"": 1, ""255"": 1, ""257"": 1, ""258"": 1, ""26"": 83, ""260"": 1, ""261"": 2, ""263"": 1, ""265"": 1, ""269"": 17, ""27"": 1916, ""271"": 1, ""272"": 1, ""274"": 2, ""277"": 1, ""279"": 1, ""28"": 171, ""29"": 52, ""291"": 1, ""292"": 1, ""293"": 2, ""295"": 1, ""298"": 1, ""3"": 25643, ""30"": 1134, ""300"": 1, ""303"": 2, ""304"": 2, ""308"": 2, ""31"": 144, ""310"": 1, ""314"": 1, ""317"": 1, ""318"": 1, ""32"": 43, ""323"": 1, ""326"": 1, ""328"": 1, ""33"": 749, ""334"": 1, ""337"": 1, ""34"": 100, ""341"": 2, ""349"": 1, ""35"": 32, ""351"": 2, ""353"": 1, ""358"": 1, ""36"": 426, ""361"": 1, ""363"": 1, ""364"": 1, ""366"": 1, ""37"": 104, ""378"": 1, ""38"": 32, ""384"": 1, ""387"": 1, ""39"": 292, ""393"": 1, ""394"": 1, ""4"": 14258, ""40"": 39, ""41"": 27, ""413"": 1, ""42"": 151, ""420"": 1, ""43"": 35, ""44"": 14, ""446"": 1, ""449"": 1, ""45"": 89, ""451"": 1, ""456"": 1, ""457"": 1, ""46"": 29, ""463"": 1, ""47"": 6, ""48"": 93, ""488"": 1, ""489"": 1, ""49"": 20, ""491"": 1, ""495"": 1, ""499"": 2, ""5"": 1357, ""50"": 23, ""51"": 48, ""512"": 1, ""513"": 1, ""52"": 25, ""521"": 1, ""53"": 11, ""54"": 31, ""541"": 1, ""55"": 5, ""552"": 1, ""557"": 1, ""559"": 1, ""56"": 10, ""57"": 16, ""58"": 15, ""59"": 10, ""599"": 1, ""6"": 40278, ""60"": 15, ""61"": 10, ""62"": 4, ""626"": 1, ""63"": 5, ""632"": 1, ""64"": 6, ""644"": 1, ""65"": 5, ""66"": 16, ""67"": 9, ""68"": 7, ""681"": 1, ""69"": 6, ""690"": 1, ""7"": 2321, ""70"": 8, ""71"": 4, ""72"": 10, ""73"": 8, ""74"": 8, ""75"": 10, ""756"": 1, ""76"": 5, ""760"": 1, ""77"": 6, ""78"": 8, ""79"": 5, ""8"": 6967, ""80"": 4, ""81"": 4, ""82"": 5, ""83"": 2, ""830"": 1, ""84"": 5, ""85"": 1, ""86"": 3, ""87"": 1, ""88"": 4, ""89"": 5, ""9"": 19096, ""90"": 3, ""92"": 4, ""93"": 3, ""94"": 3, ""95"": 2, ""96"": 1, ""97"": 6, ""98"": 1, ""99"": 4}",131068,45524,34.733115634632405,81258,27.271171252806557,0,0.0,297963,297515,0,0.0,0,0.0,1,115104,0,115103,1,115104,115104,1.0000086878708634,0.0008687870863487486,132,5344,14996,24988,130,25120,29420,1.0052825356170962,0.5202497198655355,33,146.1055148000014,1252302848
train,domain,latin_english,,boundary_bpe,131072,observed,32,59492,59492,59076,20804,2.859642376466064,0.35215654411266845,0.34969407651448936,0,0.0,2.859642376466064,2,8,59,"{""1"": 10125, ""10"": 230, ""11"": 127, ""12"": 68, ""13"": 42, ""14"": 26, ""15"": 22, ""16"": 22, ""17"": 13, ""18"": 4, ""19"": 5, ""2"": 2114, ""20"": 4, ""21"": 3, ""22"": 2, ""23"": 1, ""25"": 2, ""26"": 2, ""3"": 2487, ""4"": 1913, ""46"": 1, ""5"": 1166, ""59"": 1, ""6"": 890, ""7"": 671, ""8"": 518, ""9"": 345}",131068,3805,2.903073213904233,4234,20.35185541242069,0,0.0,20804,20772,0,0.0,0,0.0,3,9301,0,9298,3,9301,9301,1.000322650032265,0.032265003226500326,10,340,1253,1764,10,1774,2096,1.0056689342403629,0.5668934240362812,12,146.1055148000014,1252302848
train,aggregate,,,boundary_bpe,131072,observed,960,2956098,2956098,1640527,591956,4.993779943103879,0.3608328299381845,0.20024911217422425,0,0.0,4.993779943103879,2,18,2226,"{""1"": 278122, ""10"": 10787, ""100"": 4, ""101"": 3, ""102"": 1, ""103"": 2, ""104"": 2, ""105"": 12, ""106"": 7, ""107"": 8, ""108"": 3, ""109"": 1, ""11"": 2400, ""110"": 4, ""111"": 1, ""112"": 1, ""114"": 1, ""115"": 1, ""116"": 5, ""117"": 4, ""118"": 2, ""119"": 4, ""12"": 23372, ""120"": 5, ""121"": 2, ""122"": 5, ""123"": 1, ""124"": 3, ""125"": 3, ""1250"": 1, ""126"": 4, ""127"": 3, ""128"": 3, ""129"": 2, ""13"": 2071, ""130"": 3, ""131"": 1, ""132"": 2, ""133"": 2, ""134"": 2, ""135"": 3, ""136"": 1, ""138"": 3, ""1387"": 1, ""14"": 3811, ""142"": 3, ""144"": 3, ""145"": 2, ""146"": 1, ""147"": 1, ""148"": 2, ""149"": 1, ""15"": 11962, ""150"": 3, ""151"": 4, ""152"": 1, ""155"": 5, ""156"": 2, ""157"": 1, ""16"": 2539, ""160"": 2, ""163"": 3, ""167"": 1, ""168"": 1, ""169"": 1, ""17"": 789, ""170"": 1, ""171"": 1, ""172"": 1, ""173"": 1, ""174"": 1, ""175"": 10, ""176"": 1, ""177"": 1, ""178"": 1, ""179"": 2, ""18"": 9198, ""180"": 1, ""181"": 3, ""182"": 1, ""186"": 2, ""188"": 1, ""19"": 948, ""191"": 4, ""193"": 1, ""194"": 2, ""196"": 2, ""197"": 2, ""198"": 5, ""2"": 26677, ""20"": 1055, ""200"": 2, ""2005"": 1, ""201"": 1, ""204"": 1, ""2050"": 1, ""207"": 1, ""209"": 3, ""21"": 5095, ""210"": 2, ""211"": 1, ""212"": 2, ""213"": 1, ""214"": 1, ""215"": 2, ""216"": 1, ""219"": 2, ""22"": 911, ""220"": 2, ""221"": 1, ""2226"": 1, ""223"": 3, ""225"": 2, ""228"": 1, ""23"": 323, ""234"": 1, ""235"": 2, ""238"": 2, ""24"": 3489, ""240"": 8, ""241"": 1, ""243"": 2, ""245"": 1, ""249"": 1, ""25"": 523, ""252"": 1, ""255"": 1, ""257"": 1, ""258"": 1, ""26"": 298, ""260"": 1, ""261"": 2, ""263"": 1, ""265"": 1, ""269"": 17, ""27"": 2074, ""271"": 1, ""272"": 1, ""274"": 2, ""277"": 1, ""279"": 1, ""28"": 358, ""29"": 154, ""291"": 1, ""292"": 1, ""293"": 2, ""295"": 1, ""298"": 1, ""3"": 44586, ""30"": 1254, ""300"": 1, ""303"": 2, ""304"": 2, ""308"": 2, ""31"": 237, ""310"": 1, ""314"": 1, ""317"": 1, ""318"": 1, ""32"": 103, ""323"": 1, ""326"": 1, ""328"": 1, ""33"": 811, ""334"": 1, ""337"": 1, ""34"": 172, ""341"": 2, ""349"": 1, ""35"": 80, ""351"": 2, ""353"": 1, ""358"": 1, ""36"": 475, ""361"": 1, ""363"": 1, ""364"": 1, ""366"": 1, ""37"": 166, ""378"": 1, ""38"": 86, ""384"": 1, ""387"": 1, ""39"": 327, ""393"": 1, ""394"": 1, ""4"": 34042, ""40"": 80, ""41"": 54, ""413"": 1, ""42"": 186, ""420"": 1, ""43"": 76, ""44"": 31, ""446"": 1, ""449"": 1, ""45"": 113, ""451"": 1, ""456"": 1, ""457"": 1, ""46"": 54, ""463"": 1, ""47"": 26, ""48"": 113, ""488"": 1, ""489"": 1, ""49"": 37, ""491"": 1, ""495"": 1, ""499"": 2, ""5"": 9805, ""50"": 43, ""51"": 64, ""512"": 1, ""513"": 1, ""52"": 35, ""521"": 1, ""53"": 22, ""54"": 40, ""541"": 1, ""55"": 18, ""552"": 1, ""557"": 1, ""559"": 1, ""56"": 18, ""57"": 23, ""58"": 21, ""59"": 14, ""599"": 1, ""6"": 60625, ""60"": 16, ""61"": 15, ""62"": 7, ""626"": 1, ""63"": 7, ""632"": 1, ""64"": 13, ""644"": 1, ""65"": 5, ""66"": 18, ""67"": 13, ""68"": 9, ""681"": 1, ""69"": 6, ""690"": 1, ""7"": 8579, ""70"": 8, ""71"": 6, ""72"": 19, ""73"": 8, ""74"": 9, ""75"": 12, ""756"": 1, ""76"": 8, ""760"": 1, ""77"": 12, ""78"": 11, ""79"": 11, ""8"": 16000, ""80"": 4, ""81"": 4, ""82"": 7, ""83"": 2, ""830"": 1, ""84"": 6, ""85"": 1, ""86"": 3, ""87"": 1, ""88"": 4, ""89"": 7, ""9"": 25957, ""90"": 3, ""92"": 4, ""93"": 3, ""94"": 3, ""95"": 2, ""96"": 1, ""97"": 6, ""98"": 2, ""99"": 4}",131068,77641,59.23718985564745,137184,23.17469541655123,0,0.0,591956,590996,0,0.0,0,0.0,38270,262524,0,224254,8845,262524,262524,1.1706547040409536,3.944188286496562,322,15384,41055,74924,319,75246,95960,1.0042976883241685,0.42576477497197157,27,146.1055148000014,1252302848
validation,stratum,flores200,am,boundary_bpe,131072,observed,32,6471,6471,2573,1650,3.921818181818182,0.6412747765254566,0.25498377375985165,0,0.0,3.921818181818182,3,9,21,"{""1"": 502, ""12"": 51, ""15"": 15, ""18"": 7, ""2"": 33, ""21"": 1, ""3"": 567, ""4"": 11, ""6"": 331, ""9"": 132}",131068,542,0.41352580339976197,328,19.87878787878788,18,1.0909090909090908,1650,1618,0,0.0,0,0.0,0,486,0,486,0,486,486,1.0,0.0,1,43,33,75,1,76,76,1.0133333333333334,1.3333333333333333,15,146.1055148000014,1252302848
validation,stratum,flores200,ar,boundary_bpe,131072,observed,32,6539,6539,3628,1868,3.5005353319057817,0.5148842337375965,0.2856705918336137,10,0.5353319057815846,3.5005353319057817,3,8,16,"{""1"": 637, ""10"": 42, ""12"": 28, ""14"": 8, ""16"": 3, ""2"": 294, ""3"": 6, ""4"": 456, ""5"": 8, ""6"": 286, ""8"": 100}",131068,582,0.44404431287575913,363,19.43254817987152,32,1.7130620985010707,1868,1836,0,0.0,0,0.0,0,581,0,581,0,581,581,1.0,0.0,0,60,26,86,0,86,88,1.0,0.0,12,146.1055148000014,1252302848
validation,stratum,flores200,bg,boundary_bpe,131072,observed,32,7482,7482,4146,1942,3.8527291452111228,0.4684032802701399,0.25955626837743917,0,0.0,3.8527291452111228,4,10,20,"{""1"": 661, ""10"": 70, ""11"": 2, ""12"": 38, ""13"": 1, ""14"": 15, ""16"": 9, ""17"": 1, ""18"": 5, ""2"": 227, ""20"": 1, ""3"": 46, ""4"": 476, ""5"": 25, ""6"": 195, ""7"": 4, ""8"": 164, ""9"": 2}",131068,625,0.4768517105624561,336,17.30175077239959,25,1.2873326467559216,1942,1910,0,0.0,0,0.0,0,617,0,617,0,617,617,1.0,0.0,0,53,68,121,0,121,124,1.0,0.0,14,146.1055148000014,1252302848
validation,stratum,flores200,bn,boundary_bpe,131072,observed,32,10772,10772,4028,1798,5.991101223581757,0.44637537239324726,0.16691422205718529,0,0.0,5.991101223581757,6,15,42,"{""1"": 587, ""10"": 2, ""12"": 160, ""13"": 1, ""15"": 69, ""18"": 35, ""2"": 9, ""21"": 20, ""24"": 22, ""25"": 1, ""27"": 2, ""3"": 253, ""30"": 2, ""33"": 1, ""36"": 2, ""4"": 11, ""42"": 1, ""5"": 2, ""6"": 352, ""7"": 2, ""9"": 264}",131068,583,0.4448072756126591,471,26.195773081201335,42,2.335928809788654,1798,1766,0,0.0,0,0.0,2,560,0,558,2,560,560,1.003584229390681,0.35842293906810035,2,38,46,82,2,84,90,1.024390243902439,2.4390243902439024,24,146.1055148000014,1252302848
validation,stratum,flores200,fa,boundary_bpe,131072,observed,32,6879,6879,3885,1918,3.586548488008342,0.4936936936936937,0.27881959587149296,0,0.0,3.586548488008342,2,10,19,"{""1"": 726, ""10"": 59, ""11"": 1, ""12"": 23, ""13"": 1, ""14"": 14, ""15"": 1, ""16"": 6, ""17"": 3, ""19"": 1, ""2"": 236, ""3"": 30, ""4"": 424, ""5"": 12, ""6"": 232, ""7"": 26, ""8"": 113, ""9"": 10}",131068,578,0.44099246192815944,309,16.11053180396246,25,1.3034410844629822,1918,1886,0,0.0,0,0.0,0,700,0,700,0,700,700,1.0,0.0,1,61,44,104,1,105,108,1.0096153846153846,0.9615384615384616,14,146.1055148000014,1252302848
validation,stratum,flores200,gu,boundary_bpe,131072,observed,32,9612,9612,3700,1883,5.104620286776421,0.5089189189189189,0.1959009571369122,0,0.0,5.104620286776421,6,12,27,"{""1"": 610, ""10"": 13, ""12"": 114, ""13"": 5, ""15"": 49, ""18"": 17, ""2"": 28, ""21"": 8, ""24"": 1, ""27"": 6, ""3"": 292, ""4"": 7, ""5"": 2, ""6"": 495, ""7"": 10, ""9"": 226}",131068,551,0.4203924680318613,406,21.561338289962826,32,1.699415825809878,1883,1851,0,0.0,0,0.0,2,570,0,568,2,570,570,1.0035211267605635,0.352112676056338,2,41,39,78,2,80,91,1.0256410256410255,2.5641025641025643,18,146.1055148000014,1252302848
validation,stratum,flores200,hi,boundary_bpe,131072,observed,32,10074,10074,3966,2023,4.979733069698468,0.5100857286938981,0.20081397657335714,0,0.0,4.979733069698468,3,12,33,"{""1"": 783, ""10"": 10, ""12"": 127, ""13"": 1, ""15"": 48, ""18"": 23, ""2"": 25, ""21"": 10, ""24"": 9, ""27"": 2, ""3"": 206, ""30"": 1, ""33"": 1, ""4"": 8, ""5"": 2, ""6"": 534, ""7"": 17, ""9"": 216}",131068,566,0.43183690908536027,345,17.053880375679682,42,2.0761245674740483,2023,1991,0,0.0,0,0.0,0,747,0,747,0,747,747,1.0,0.0,0,35,45,80,0,80,81,1.0,0.0,21,146.1055148000014,1252302848
validation,stratum,flores200,ja,boundary_bpe,131072,observed,32,5110,5110,1782,1238,4.127625201938611,0.6947250280583613,0.24227005870841486,81,6.54281098546042,4.127625201938611,3,9,21,"{""1"": 98, ""12"": 29, ""15"": 14, ""18"": 2, ""2"": 21, ""21"": 2, ""3"": 751, ""4"": 10, ""5"": 2, ""6"": 248, ""7"": 3, ""9"": 58}",131068,632,0.48219244972075564,661,53.392568659127626,184,14.862681744749596,1238,1206,0,0.0,0,0.0,0,2,0,2,0,2,2,1.0,0.0,2,30,83,111,2,113,113,1.018018018018018,1.8018018018018018,15,146.1055148000014,1252302848
validation,stratum,flores200,kn,boundary_bpe,131072,observed,32,11326,11326,4264,1917,5.908189880020866,0.449577861163227,0.169256577785626,0,0.0,5.908189880020866,6,18,39,"{""1"": 601, ""10"": 1, ""12"": 140, ""15"": 87, ""16"": 5, ""18"": 53, ""19"": 6, ""2"": 22, ""21"": 15, ""22"": 5, ""24"": 6, ""25"": 2, ""27"": 1, ""28"": 1, ""3"": 262, ""30"": 2, ""31"": 3, ""33"": 1, ""39"": 2, ""4"": 10, ""5"": 2, ""6"": 476, ""7"": 9, ""9"": 205}",131068,594,0.4531998657185583,475,24.77829942618675,43,2.2430881585811164,1917,1885,0,0.0,0,0.0,46,549,0,503,42,549,549,1.091451292246521,8.34990059642147,0,43,47,90,0,90,90,1.0,0.0,22,146.1055148000014,1252302848
validation,stratum,flores200,ko,boundary_bpe,131072,observed,32,4735,4735,2037,1587,2.9836168872085698,0.7790868924889544,0.3351636747624076,45,2.835538752362949,2.9836168872085698,3,6,16,"{""1"": 509, ""10"": 20, ""12"": 2, ""16"": 2, ""2"": 41, ""3"": 738, ""4"": 23, ""5"": 2, ""6"": 216, ""7"": 15, ""9"": 19}",131068,570,0.43488876003296,396,24.95274102079395,75,4.725897920604915,1587,1555,0,0.0,0,0.0,0,430,0,430,0,430,430,1.0,0.0,3,19,59,75,3,78,81,1.04,4.0,10,146.1055148000014,1252302848
validation,stratum,flores200,ml,boundary_bpe,131072,observed,32,11894,11894,4384,1860,6.394623655913978,0.42427007299270075,0.15638136875735664,0,0.0,6.394623655913978,6,18,37,"{""1"": 496, ""10"": 3, ""12"": 182, ""15"": 93, ""16"": 4, ""18"": 59, ""19"": 3, ""2"": 26, ""21"": 28, ""22"": 1, ""24"": 11, ""25"": 1, ""27"": 10, ""28"": 4, ""3"": 342, ""30"": 1, ""33"": 2, ""37"": 1, ""4"": 13, ""5"": 3, ""6"": 380, ""7"": 3, ""9"": 194}",131068,632,0.48219244972075564,556,29.892473118279568,34,1.8279569892473118,1860,1828,0,0.0,0,0.0,5,447,0,442,5,447,447,1.01131221719457,1.1312217194570136,3,44,39,80,3,83,91,1.0375,3.75,25,146.1055148000014,1252302848
validation,stratum,flores200,mr,boundary_bpe,131072,observed,32,10965,10965,4109,1835,5.975476839237057,0.4465806765636408,0.16735066119471045,0,0.0,5.975476839237057,6,18,39,"{""1"": 575, ""10"": 7, ""12"": 150, ""13"": 17, ""15"": 60, ""18"": 48, ""2"": 16, ""21"": 19, ""22"": 1, ""24"": 14, ""27"": 5, ""3"": 242, ""30"": 6, ""33"": 1, ""39"": 1, ""4"": 7, ""5"": 1, ""6"": 455, ""7"": 10, ""9"": 200}",131068,621,0.47379985961485643,438,23.869209809264305,38,2.0708446866485013,1835,1803,0,0.0,0,0.0,1,544,0,543,1,544,544,1.0018416206261511,0.1841620626151013,1,32,45,78,1,79,88,1.0128205128205128,1.2820512820512822,24,146.1055148000014,1252302848
validation,stratum,flores200,ru,boundary_bpe,131072,observed,32,7654,7654,4261,1950,3.925128205128205,0.4576390518657592,0.25476874836686697,0,0.0,3.925128205128205,4,10,20,"{""1"": 633, ""10"": 92, ""12"": 28, ""13"": 1, ""14"": 16, ""15"": 1, ""16"": 11, ""18"": 4, ""2"": 279, ""20"": 2, ""3"": 35, ""4"": 394, ""5"": 26, ""6"": 281, ""7"": 6, ""8"": 141}",131068,704,0.5371257667775506,405,20.76923076923077,43,2.2051282051282053,1950,1918,0,0.0,0,0.0,5,576,0,571,5,576,576,1.0087565674255692,0.8756567425569177,0,54,70,124,0,124,130,1.0,0.0,14,146.1055148000014,1252302848
validation,stratum,flores200,sw,boundary_bpe,131072,observed,32,4405,4405,4397,1901,2.3172014729089954,0.4323402319763475,0.4315550510783201,0,0.0,2.3172014729089954,2,6,11,"{""1"": 841, ""10"": 2, ""11"": 1, ""2"": 423, ""3"": 279, ""4"": 144, ""5"": 68, ""6"": 91, ""7"": 32, ""8"": 16, ""9"": 4}",131068,622,0.47456282235175634,380,19.98947922146239,53,2.7880063124671226,1901,1869,0,0.0,0,0.0,0,660,0,660,0,660,660,1.0,0.0,1,30,46,76,1,77,77,1.013157894736842,1.3157894736842106,8,146.1055148000014,1252302848
validation,stratum,flores200,ta,boundary_bpe,131072,observed,32,12193,12193,4517,1858,6.56243272335845,0.41133495682975424,0.15238251455753302,0,0.0,6.56243272335845,6,18,39,"{""1"": 528, ""10"": 18, ""12"": 170, ""13"": 3, ""15"": 93, ""18"": 55, ""19"": 3, ""2"": 27, ""21"": 23, ""22"": 1, ""24"": 8, ""25"": 2, ""27"": 9, ""3"": 204, ""30"": 3, ""33"": 3, ""36"": 1, ""37"": 1, ""39"": 2, ""4"": 9, ""5"": 3, ""6"": 431, ""7"": 9, ""9"": 252}",131068,595,0.4539628284554582,485,26.103336921420883,34,1.8299246501614639,1858,1826,0,0.0,0,0.0,1,475,0,474,1,475,475,1.0021097046413503,0.2109704641350211,4,49,53,98,4,102,111,1.0408163265306123,4.081632653061225,27,146.1055148000014,1252302848
validation,stratum,flores200,te,boundary_bpe,131072,observed,32,10409,10409,3954,1791,5.811836962590731,0.45295902883156297,0.1720626381016428,0,0.0,5.811836962590731,6,15,48,"{""1"": 533, ""10"": 10, ""12"": 148, ""15"": 66, ""16"": 7, ""18"": 47, ""19"": 6, ""2"": 37, ""21"": 8, ""22"": 3, ""24"": 8, ""25"": 1, ""27"": 3, ""3"": 230, ""4"": 10, ""48"": 1, ""5"": 3, ""6"": 493, ""7"": 6, ""9"": 171}",131068,601,0.4585406048768578,457,25.51647124511446,39,2.1775544388609713,1791,1759,0,0.0,0,0.0,6,486,0,480,6,486,486,1.0125,1.25,2,40,46,85,2,87,92,1.0235294117647058,2.3529411764705883,21,146.1055148000014,1252302848
validation,stratum,flores200,uk,boundary_bpe,131072,observed,32,7446,7446,4118,1942,3.834191555097837,0.47158814958717826,0.26081117378458235,0,0.0,3.834191555097837,4,10,22,"{""1"": 612, ""10"": 74, ""11"": 1, ""12"": 29, ""14"": 10, ""15"": 1, ""16"": 7, ""18"": 5, ""2"": 261, ""22"": 1, ""3"": 32, ""4"": 473, ""5"": 30, ""6"": 275, ""7"": 3, ""8"": 127, ""9"": 1}",131068,686,0.5233924375133518,397,20.44284243048404,40,2.059732234809475,1942,1910,0,0.0,0,0.0,0,555,0,555,0,555,555,1.0,0.0,0,52,72,124,0,124,126,1.0,0.0,14,146.1055148000014,1252302848
validation,stratum,flores200,ur,boundary_bpe,131072,observed,32,6879,6879,3892,2051,3.3539736713798147,0.5269784172661871,0.29815380142462566,0,0.0,3.3539736713798147,2,8,18,"{""1"": 815, ""10"": 53, ""12"": 19, ""14"": 6, ""16"": 2, ""18"": 4, ""2"": 248, ""3"": 5, ""4"": 516, ""5"": 3, ""6"": 256, ""8"": 124}",131068,526,0.40131839960936305,301,14.675767918088738,26,1.2676743052169672,2051,2019,0,0.0,0,0.0,0,793,0,793,0,793,793,1.0,0.0,1,33,39,71,1,72,72,1.0140845070422535,1.408450704225352,12,146.1055148000014,1252302848
validation,stratum,flores200,yo,boundary_bpe,131072,observed,32,5063,5063,3889,2358,2.14715860899067,0.6063255335561841,0.4657317795773257,8,0.33927056827820185,2.14715860899067,2,5,11,"{""1"": 982, ""10"": 5, ""11"": 1, ""2"": 649, ""3"": 412, ""4"": 185, ""5"": 52, ""6"": 25, ""7"": 41, ""8"": 5, ""9"": 1}",131068,515,0.39292580950346384,595,25.233248515691265,65,2.75657336726039,2358,2326,0,0.0,0,0.0,0,718,0,718,0,718,718,1.0,0.0,0,38,38,76,0,76,78,1.0,0.0,7,146.1055148000014,1252302848
validation,stratum,flores200,zh,boundary_bpe,131072,observed,32,3769,3769,1485,1217,3.09695973705834,0.8195286195286196,0.32289732024409656,78,6.409202958093673,3.09695973705834,3,6,12,"{""1"": 194, ""12"": 1, ""2"": 55, ""3"": 766, ""4"": 34, ""5"": 3, ""6"": 156, ""7"": 2, ""9"": 6}",131068,631,0.4814294869838557,677,55.62859490550534,231,18.98110106820049,1217,1185,0,0.0,0,0.0,0,63,0,63,0,63,63,1.0,0.0,1,89,44,132,1,133,138,1.0075757575757576,0.7575757575757576,6,146.1055148000014,1252302848
validation,language,,am,boundary_bpe,131072,observed,32,6471,6471,2573,1650,3.921818181818182,0.6412747765254566,0.25498377375985165,0,0.0,3.921818181818182,3,9,21,"{""1"": 502, ""12"": 51, ""15"": 15, ""18"": 7, ""2"": 33, ""21"": 1, ""3"": 567, ""4"": 11, ""6"": 331, ""9"": 132}",131068,542,0.41352580339976197,328,19.87878787878788,18,1.0909090909090908,1650,1618,0,0.0,0,0.0,0,486,0,486,0,486,486,1.0,0.0,1,43,33,75,1,76,76,1.0133333333333334,1.3333333333333333,15,146.1055148000014,1252302848
validation,language,,ar,boundary_bpe,131072,observed,32,6539,6539,3628,1868,3.5005353319057817,0.5148842337375965,0.2856705918336137,10,0.5353319057815846,3.5005353319057817,3,8,16,"{""1"": 637, ""10"": 42, ""12"": 28, ""14"": 8, ""16"": 3, ""2"": 294, ""3"": 6, ""4"": 456, ""5"": 8, ""6"": 286, ""8"": 100}",131068,582,0.44404431287575913,363,19.43254817987152,32,1.7130620985010707,1868,1836,0,0.0,0,0.0,0,581,0,581,0,581,581,1.0,0.0,0,60,26,86,0,86,88,1.0,0.0,12,146.1055148000014,1252302848
validation,language,,bg,boundary_bpe,131072,observed,32,7482,7482,4146,1942,3.8527291452111228,0.4684032802701399,0.25955626837743917,0,0.0,3.8527291452111228,4,10,20,"{""1"": 661, ""10"": 70, ""11"": 2, ""12"": 38, ""13"": 1, ""14"": 15, ""16"": 9, ""17"": 1, ""18"": 5, ""2"": 227, ""20"": 1, ""3"": 46, ""4"": 476, ""5"": 25, ""6"": 195, ""7"": 4, ""8"": 164, ""9"": 2}",131068,625,0.4768517105624561,336,17.30175077239959,25,1.2873326467559216,1942,1910,0,0.0,0,0.0,0,617,0,617,0,617,617,1.0,0.0,0,53,68,121,0,121,124,1.0,0.0,14,146.1055148000014,1252302848
validation,language,,bn,boundary_bpe,131072,observed,32,10772,10772,4028,1798,5.991101223581757,0.44637537239324726,0.16691422205718529,0,0.0,5.991101223581757,6,15,42,"{""1"": 587, ""10"": 2, ""12"": 160, ""13"": 1, ""15"": 69, ""18"": 35, ""2"": 9, ""21"": 20, ""24"": 22, ""25"": 1, ""27"": 2, ""3"": 253, ""30"": 2, ""33"": 1, ""36"": 2, ""4"": 11, ""42"": 1, ""5"": 2, ""6"": 352, ""7"": 2, ""9"": 264}",131068,583,0.4448072756126591,471,26.195773081201335,42,2.335928809788654,1798,1766,0,0.0,0,0.0,2,560,0,558,2,560,560,1.003584229390681,0.35842293906810035,2,38,46,82,2,84,90,1.024390243902439,2.4390243902439024,24,146.1055148000014,1252302848
validation,language,,fa,boundary_bpe,131072,observed,32,6879,6879,3885,1918,3.586548488008342,0.4936936936936937,0.27881959587149296,0,0.0,3.586548488008342,2,10,19,"{""1"": 726, ""10"": 59, ""11"": 1, ""12"": 23, ""13"": 1, ""14"": 14, ""15"": 1, ""16"": 6, ""17"": 3, ""19"": 1, ""2"": 236, ""3"": 30, ""4"": 424, ""5"": 12, ""6"": 232, ""7"": 26, ""8"": 113, ""9"": 10}",131068,578,0.44099246192815944,309,16.11053180396246,25,1.3034410844629822,1918,1886,0,0.0,0,0.0,0,700,0,700,0,700,700,1.0,0.0,1,61,44,104,1,105,108,1.0096153846153846,0.9615384615384616,14,146.1055148000014,1252302848
validation,language,,gu,boundary_bpe,131072,observed,32,9612,9612,3700,1883,5.104620286776421,0.5089189189189189,0.1959009571369122,0,0.0,5.104620286776421,6,12,27,"{""1"": 610, ""10"": 13, ""12"": 114, ""13"": 5, ""15"": 49, ""18"": 17, ""2"": 28, ""21"": 8, ""24"": 1, ""27"": 6, ""3"": 292, ""4"": 7, ""5"": 2, ""6"": 495, ""7"": 10, ""9"": 226}",131068,551,0.4203924680318613,406,21.561338289962826,32,1.699415825809878,1883,1851,0,0.0,0,0.0,2,570,0,568,2,570,570,1.0035211267605635,0.352112676056338,2,41,39,78,2,80,91,1.0256410256410255,2.5641025641025643,18,146.1055148000014,1252302848
validation,language,,hi,boundary_bpe,131072,observed,32,10074,10074,3966,2023,4.979733069698468,0.5100857286938981,0.20081397657335714,0,0.0,4.979733069698468,3,12,33,"{""1"": 783, ""10"": 10, ""12"": 127, ""13"": 1, ""15"": 48, ""18"": 23, ""2"": 25, ""21"": 10, ""24"": 9, ""27"": 2, ""3"": 206, ""30"": 1, ""33"": 1, ""4"": 8, ""5"": 2, ""6"": 534, ""7"": 17, ""9"": 216}",131068,566,0.43183690908536027,345,17.053880375679682,42,2.0761245674740483,2023,1991,0,0.0,0,0.0,0,747,0,747,0,747,747,1.0,0.0,0,35,45,80,0,80,81,1.0,0.0,21,146.1055148000014,1252302848
validation,language,,ja,boundary_bpe,131072,observed,32,5110,5110,1782,1238,4.127625201938611,0.6947250280583613,0.24227005870841486,81,6.54281098546042,4.127625201938611,3,9,21,"{""1"": 98, ""12"": 29, ""15"": 14, ""18"": 2, ""2"": 21, ""21"": 2, ""3"": 751, ""4"": 10, ""5"": 2, ""6"": 248, ""7"": 3, ""9"": 58}",131068,632,0.48219244972075564,661,53.392568659127626,184,14.862681744749596,1238,1206,0,0.0,0,0.0,0,2,0,2,0,2,2,1.0,0.0,2,30,83,111,2,113,113,1.018018018018018,1.8018018018018018,15,146.1055148000014,1252302848
validation,language,,kn,boundary_bpe,131072,observed,32,11326,11326,4264,1917,5.908189880020866,0.449577861163227,0.169256577785626,0,0.0,5.908189880020866,6,18,39,"{""1"": 601, ""10"": 1, ""12"": 140, ""15"": 87, ""16"": 5, ""18"": 53, ""19"": 6, ""2"": 22, ""21"": 15, ""22"": 5, ""24"": 6, ""25"": 2, ""27"": 1, ""28"": 1, ""3"": 262, ""30"": 2, ""31"": 3, ""33"": 1, ""39"": 2, ""4"": 10, ""5"": 2, ""6"": 476, ""7"": 9, ""9"": 205}",131068,594,0.4531998657185583,475,24.77829942618675,43,2.2430881585811164,1917,1885,0,0.0,0,0.0,46,549,0,503,42,549,549,1.091451292246521,8.34990059642147,0,43,47,90,0,90,90,1.0,0.0,22,146.1055148000014,1252302848
validation,language,,ko,boundary_bpe,131072,observed,32,4735,4735,2037,1587,2.9836168872085698,0.7790868924889544,0.3351636747624076,45,2.835538752362949,2.9836168872085698,3,6,16,"{""1"": 509, ""10"": 20, ""12"": 2, ""16"": 2, ""2"": 41, ""3"": 738, ""4"": 23, ""5"": 2, ""6"": 216, ""7"": 15, ""9"": 19}",131068,570,0.43488876003296,396,24.95274102079395,75,4.725897920604915,1587,1555,0,0.0,0,0.0,0,430,0,430,0,430,430,1.0,0.0,3,19,59,75,3,78,81,1.04,4.0,10,146.1055148000014,1252302848
validation,language,,ml,boundary_bpe,131072,observed,32,11894,11894,4384,1860,6.394623655913978,0.42427007299270075,0.15638136875735664,0,0.0,6.394623655913978,6,18,37,"{""1"": 496, ""10"": 3, ""12"": 182, ""15"": 93, ""16"": 4, ""18"": 59, ""19"": 3, ""2"": 26, ""21"": 28, ""22"": 1, ""24"": 11, ""25"": 1, ""27"": 10, ""28"": 4, ""3"": 342, ""30"": 1, ""33"": 2, ""37"": 1, ""4"": 13, ""5"": 3, ""6"": 380, ""7"": 3, ""9"": 194}",131068,632,0.48219244972075564,556,29.892473118279568,34,1.8279569892473118,1860,1828,0,0.0,0,0.0,5,447,0,442,5,447,447,1.01131221719457,1.1312217194570136,3,44,39,80,3,83,91,1.0375,3.75,25,146.1055148000014,1252302848
validation,language,,mr,boundary_bpe,131072,observed,32,10965,10965,4109,1835,5.975476839237057,0.4465806765636408,0.16735066119471045,0,0.0,5.975476839237057,6,18,39,"{""1"": 575, ""10"": 7, ""12"": 150, ""13"": 17, ""15"": 60, ""18"": 48, ""2"": 16, ""21"": 19, ""22"": 1, ""24"": 14, ""27"": 5, ""3"": 242, ""30"": 6, ""33"": 1, ""39"": 1, ""4"": 7, ""5"": 1, ""6"": 455, ""7"": 10, ""9"": 200}",131068,621,0.47379985961485643,438,23.869209809264305,38,2.0708446866485013,1835,1803,0,0.0,0,0.0,1,544,0,543,1,544,544,1.0018416206261511,0.1841620626151013,1,32,45,78,1,79,88,1.0128205128205128,1.2820512820512822,24,146.1055148000014,1252302848
validation,language,,ru,boundary_bpe,131072,observed,32,7654,7654,4261,1950,3.925128205128205,0.4576390518657592,0.25476874836686697,0,0.0,3.925128205128205,4,10,20,"{""1"": 633, ""10"": 92, ""12"": 28, ""13"": 1, ""14"": 16, ""15"": 1, ""16"": 11, ""18"": 4, ""2"": 279, ""20"": 2, ""3"": 35, ""4"": 394, ""5"": 26, ""6"": 281, ""7"": 6, ""8"": 141}",131068,704,0.5371257667775506,405,20.76923076923077,43,2.2051282051282053,1950,1918,0,0.0,0,0.0,5,576,0,571,5,576,576,1.0087565674255692,0.8756567425569177,0,54,70,124,0,124,130,1.0,0.0,14,146.1055148000014,1252302848
validation,language,,sw,boundary_bpe,131072,observed,32,4405,4405,4397,1901,2.3172014729089954,0.4323402319763475,0.4315550510783201,0,0.0,2.3172014729089954,2,6,11,"{""1"": 841, ""10"": 2, ""11"": 1, ""2"": 423, ""3"": 279, ""4"": 144, ""5"": 68, ""6"": 91, ""7"": 32, ""8"": 16, ""9"": 4}",131068,622,0.47456282235175634,380,19.98947922146239,53,2.7880063124671226,1901,1869,0,0.0,0,0.0,0,660,0,660,0,660,660,1.0,0.0,1,30,46,76,1,77,77,1.013157894736842,1.3157894736842106,8,146.1055148000014,1252302848
validation,language,,ta,boundary_bpe,131072,observed,32,12193,12193,4517,1858,6.56243272335845,0.41133495682975424,0.15238251455753302,0,0.0,6.56243272335845,6,18,39,"{""1"": 528, ""10"": 18, ""12"": 170, ""13"": 3, ""15"": 93, ""18"": 55, ""19"": 3, ""2"": 27, ""21"": 23, ""22"": 1, ""24"": 8, ""25"": 2, ""27"": 9, ""3"": 204, ""30"": 3, ""33"": 3, ""36"": 1, ""37"": 1, ""39"": 2, ""4"": 9, ""5"": 3, ""6"": 431, ""7"": 9, ""9"": 252}",131068,595,0.4539628284554582,485,26.103336921420883,34,1.8299246501614639,1858,1826,0,0.0,0,0.0,1,475,0,474,1,475,475,1.0021097046413503,0.2109704641350211,4,49,53,98,4,102,111,1.0408163265306123,4.081632653061225,27,146.1055148000014,1252302848
validation,language,,te,boundary_bpe,131072,observed,32,10409,10409,3954,1791,5.811836962590731,0.45295902883156297,0.1720626381016428,0,0.0,5.811836962590731,6,15,48,"{""1"": 533, ""10"": 10, ""12"": 148, ""15"": 66, ""16"": 7, ""18"": 47, ""19"": 6, ""2"": 37, ""21"": 8, ""22"": 3, ""24"": 8, ""25"": 1, ""27"": 3, ""3"": 230, ""4"": 10, ""48"": 1, ""5"": 3, ""6"": 493, ""7"": 6, ""9"": 171}",131068,601,0.4585406048768578,457,25.51647124511446,39,2.1775544388609713,1791,1759,0,0.0,0,0.0,6,486,0,480,6,486,486,1.0125,1.25,2,40,46,85,2,87,92,1.0235294117647058,2.3529411764705883,21,146.1055148000014,1252302848
validation,language,,uk,boundary_bpe,131072,observed,32,7446,7446,4118,1942,3.834191555097837,0.47158814958717826,0.26081117378458235,0,0.0,3.834191555097837,4,10,22,"{""1"": 612, ""10"": 74, ""11"": 1, ""12"": 29, ""14"": 10, ""15"": 1, ""16"": 7, ""18"": 5, ""2"": 261, ""22"": 1, ""3"": 32, ""4"": 473, ""5"": 30, ""6"": 275, ""7"": 3, ""8"": 127, ""9"": 1}",131068,686,0.5233924375133518,397,20.44284243048404,40,2.059732234809475,1942,1910,0,0.0,0,0.0,0,555,0,555,0,555,555,1.0,0.0,0,52,72,124,0,124,126,1.0,0.0,14,146.1055148000014,1252302848
validation,language,,ur,boundary_bpe,131072,observed,32,6879,6879,3892,2051,3.3539736713798147,0.5269784172661871,0.29815380142462566,0,0.0,3.3539736713798147,2,8,18,"{""1"": 815, ""10"": 53, ""12"": 19, ""14"": 6, ""16"": 2, ""18"": 4, ""2"": 248, ""3"": 5, ""4"": 516, ""5"": 3, ""6"": 256, ""8"": 124}",131068,526,0.40131839960936305,301,14.675767918088738,26,1.2676743052169672,2051,2019,0,0.0,0,0.0,0,793,0,793,0,793,793,1.0,0.0,1,33,39,71,1,72,72,1.0140845070422535,1.408450704225352,12,146.1055148000014,1252302848
validation,language,,yo,boundary_bpe,131072,observed,32,5063,5063,3889,2358,2.14715860899067,0.6063255335561841,0.4657317795773257,8,0.33927056827820185,2.14715860899067,2,5,11,"{""1"": 982, ""10"": 5, ""11"": 1, ""2"": 649, ""3"": 412, ""4"": 185, ""5"": 52, ""6"": 25, ""7"": 41, ""8"": 5, ""9"": 1}",131068,515,0.39292580950346384,595,25.233248515691265,65,2.75657336726039,2358,2326,0,0.0,0,0.0,0,718,0,718,0,718,718,1.0,0.0,0,38,38,76,0,76,78,1.0,0.0,7,146.1055148000014,1252302848
validation,language,,zh,boundary_bpe,131072,observed,32,3769,3769,1485,1217,3.09695973705834,0.8195286195286196,0.32289732024409656,78,6.409202958093673,3.09695973705834,3,6,12,"{""1"": 194, ""12"": 1, ""2"": 55, ""3"": 766, ""4"": 34, ""5"": 3, ""6"": 156, ""7"": 2, ""9"": 6}",131068,631,0.4814294869838557,677,55.62859490550534,231,18.98110106820049,1217,1185,0,0.0,0,0.0,0,63,0,63,0,63,63,1.0,0.0,1,89,44,132,1,133,138,1.0075757575757576,0.7575757575757576,6,146.1055148000014,1252302848
validation,domain,flores200,,boundary_bpe,131072,observed,640,159677,159677,73015,36587,4.3643097274988385,0.5010888173662946,0.22913130882969995,222,0.606772897477246,4.3643097274988385,3,12,48,"{""1"": 11923, ""10"": 481, ""11"": 6, ""12"": 1439, ""13"": 30, ""14"": 69, ""15"": 597, ""16"": 56, ""17"": 4, ""18"": 364, ""19"": 19, ""2"": 2957, ""20"": 3, ""21"": 134, ""22"": 12, ""24"": 79, ""25"": 7, ""27"": 38, ""28"": 5, ""3"": 5698, ""30"": 15, ""31"": 3, ""33"": 9, ""36"": 3, ""37"": 2, ""39"": 5, ""4"": 3221, ""42"": 1, ""48"": 1, ""5"": 249, ""6"": 6208, ""7"": 198, ""8"": 790, ""9"": 1961}",131068,9591,7.317575609607227,8781,24.000327985349987,1121,3.0639298111351025,36587,35947,0,0.0,0,0.0,68,10559,0,10491,64,10559,10559,1.006481746258698,0.6100467067009818,24,884,982,1846,24,1870,1945,1.0130010834236187,1.3001083423618636,18,146.1055148000014,1252302848
validation,aggregate,,,boundary_bpe,131072,observed,640,159677,159677,73015,36587,4.3643097274988385,0.5010888173662946,0.22913130882969995,222,0.606772897477246,4.3643097274988385,3,12,48,"{""1"": 11923, ""10"": 481, ""11"": 6, ""12"": 1439, ""13"": 30, ""14"": 69, ""15"": 597, ""16"": 56, ""17"": 4, ""18"": 364, ""19"": 19, ""2"": 2957, ""20"": 3, ""21"": 134, ""22"": 12, ""24"": 79, ""25"": 7, ""27"": 38, ""28"": 5, ""3"": 5698, ""30"": 15, ""31"": 3, ""33"": 9, ""36"": 3, ""37"": 2, ""39"": 5, ""4"": 3221, ""42"": 1, ""48"": 1, ""5"": 249, ""6"": 6208, ""7"": 198, ""8"": 790, ""9"": 1961}",131068,9591,7.317575609607227,8781,24.000327985349987,1121,3.0639298111351025,36587,35947,0,0.0,0,0.0,68,10559,0,10491,64,10559,10559,1.006481746258698,0.6100467067009818,24,884,982,1846,24,1870,1945,1.0130010834236187,1.3001083423618636,18,146.1055148000014,1252302848
train,stratum,code,c,uniq_superbpe_r64,131072,observed,32,51063,51063,51060,15881,3.215351678105913,0.3110262436349393,0.31100797054618806,0,0.0,3.215351678105913,2,10,16,"{""1"": 7928, ""10"": 288, ""11"": 197, ""12"": 101, ""13"": 176, ""14"": 38, ""15"": 61, ""16"": 102, ""2"": 1280, ""3"": 1447, ""4"": 1290, ""5"": 845, ""6"": 732, ""7"": 639, ""8"": 455, ""9"": 302}",131068,2232,1.7029328287606433,1431,9.010767583905295,0,0.0,17866,17834,1985,11.13042503083997,274,1.725332157924564,331,2024,4020,5926,260,6257,9740,1.0558555518056025,4.387445156935538,1956,5144,717,4093,567,6049,6116,1.477889078915221,13.85291961886147,15,204.2958939000091,829714432
train,stratum,code,cpp,uniq_superbpe_r64,131072,observed,32,54217,54217,54213,16160,3.3550123762376236,0.29808348551085534,0.29806149362746004,0,0.0,3.3550123762376236,1,11,16,"{""1"": 8113, ""10"": 321, ""11"": 190, ""12"": 170, ""13"": 197, ""14"": 66, ""15"": 49, ""16"": 148, ""2"": 1241, ""3"": 1269, ""4"": 1159, ""5"": 951, ""6"": 774, ""7"": 661, ""8"": 434, ""9"": 417}",131068,2360,1.8005920590838342,1610,9.962871287128714,0,0.0,18092,18060,1932,10.69767441860465,305,1.8873762376237624,287,1991,3419,5352,207,5639,9575,1.0536248131539612,3.867713004484305,1707,5280,670,4478,966,6185,6268,1.3811969629298795,21.572130415364,15,204.2958939000091,829714432
train,stratum,code,go,uniq_superbpe_r64,131072,observed,32,56813,56813,56813,18388,3.0896780509027626,0.3236583176385686,0.3236583176385686,0,0.0,3.0896780509027626,2,9,16,"{""1"": 8779, ""10"": 246, ""11"": 152, ""12"": 144, ""13"": 73, ""14"": 62, ""15"": 54, ""16"": 112, ""2"": 1949, ""3"": 1938, ""4"": 1560, ""5"": 790, ""6"": 939, ""7"": 790, ""8"": 511, ""9"": 289}",131068,2212,1.6876735740226447,1728,9.397433108549054,0,0.0,18881,18849,493,2.6155233699400497,111,0.6036545573199913,96,2826,3565,6386,79,6482,9031,1.015032884434701,1.237081114938929,1030,6059,291,5404,868,6434,6454,1.19059955588453,16.06217616580311,14,204.2958939000091,829714432
train,stratum,code,java,uniq_superbpe_r64,131072,observed,32,43999,43999,43605,11178,3.9362139917695473,0.2563467492260062,0.25405122843700995,0,0.0,3.9362139917695473,3,12,40,"{""1"": 4981, ""10"": 335, ""11"": 228, ""12"": 154, ""13"": 122, ""14"": 54, ""15"": 87, ""16"": 150, ""2"": 583, ""21"": 1, ""24"": 2, ""3"": 832, ""4"": 945, ""40"": 1, ""5"": 661, ""6"": 786, ""7"": 619, ""8"": 373, ""9"": 264}",131068,1798,1.3718070009460739,1311,11.728395061728396,0,0.0,12605,12573,1427,11.349717648930246,276,2.4691358024691357,182,1293,2552,3775,166,3957,7594,1.0482119205298013,4.397350993377484,805,3438,526,3273,482,4078,4145,1.245951726245035,14.726550565230676,16,204.2958939000091,829714432
train,stratum,code,javascript,uniq_superbpe_r64,131072,observed,32,38980,38980,38152,13630,2.8598679383712398,0.3572551897672468,0.3496664956387891,0,0.0,2.8598679383712398,1,9,48,"{""1"": 7548, ""10"": 188, ""11"": 125, ""12"": 89, ""13"": 83, ""14"": 52, ""15"": 25, ""16"": 59, ""17"": 1, ""18"": 1, ""2"": 1372, ""3"": 990, ""4"": 708, ""48"": 1, ""5"": 719, ""6"": 645, ""7"": 524, ""8"": 279, ""9"": 221}",131068,1785,1.3618884853663746,1274,9.347028613352897,0,0.0,15207,15175,1577,10.392092257001648,161,1.1812179016874542,141,1577,2173,3702,100,3843,7448,1.0380875202593194,2.7012425715829282,1646,5177,575,4230,1247,5876,5941,1.3891252955082742,29.479905437352247,14,204.2958939000091,829714432
train,stratum,code,python,uniq_superbpe_r64,131072,observed,32,48487,48487,48387,14504,3.3430088251516823,0.299749932833199,0.29913172602965743,0,0.0,3.3430088251516823,2,9,16,"{""1"": 6873, ""10"": 186, ""11"": 107, ""12"": 81, ""13"": 98, ""14"": 37, ""15"": 23, ""16"": 91, ""2"": 886, ""3"": 1199, ""4"": 1398, ""5"": 1099, ""6"": 840, ""7"": 682, ""8"": 394, ""9"": 510}",131068,2091,1.5953550828577532,1371,9.452564809707667,0,0.0,15550,15518,1046,6.740559350431757,61,0.4205736348593491,145,1753,2902,4625,84,4770,10776,1.0313513513513513,1.8162162162162163,1339,4960,201,3862,748,5201,5228,1.3467115484205074,19.368203003625066,14,204.2958939000091,829714432
train,stratum,code,rust,uniq_superbpe_r64,131072,observed,32,56922,56922,56922,19769,2.8793565683646114,0.3472998137802607,0.3472998137802607,0,0.0,2.8793565683646114,1,9,16,"{""1"": 10685, ""10"": 251, ""11"": 165, ""12"": 68, ""13"": 178, ""14"": 21, ""15"": 17, ""16"": 93, ""2"": 1519, ""3"": 1712, ""4"": 1395, ""5"": 1259, ""6"": 1010, ""7"": 775, ""8"": 378, ""9"": 243}",131068,2192,1.6724143192846461,1575,7.967019070261521,0,0.0,21871,21839,2102,9.624982828884107,130,0.6575952248469826,167,2136,4035,6228,153,6395,13231,1.0268143866409762,2.4566473988439306,2693,7686,795,5827,1951,8520,8582,1.4621589153938561,33.48206624334992,13,204.2958939000091,829714432
train,stratum,code,sql,uniq_superbpe_r64,131072,observed,32,36373,36373,36088,12038,3.0215152018607743,0.3335734870317003,0.33095977785720176,0,0.0,3.0215152018607743,1,9,16,"{""1"": 6352, ""10"": 84, ""11"": 142, ""12"": 47, ""13"": 21, ""14"": 17, ""15"": 31, ""16"": 69, ""2"": 972, ""3"": 996, ""4"": 888, ""5"": 563, ""6"": 551, ""7"": 444, ""8"": 487, ""9"": 374}",131068,1549,1.1818292794579912,1001,8.315334773218142,0,0.0,13205,13173,1167,8.859029833750855,279,2.317660740986875,126,1501,2408,3925,117,4051,6655,1.0321019108280254,2.9808917197452227,1298,3948,312,3103,558,4401,4498,1.4183048662584596,17.98259748630358,13,204.2958939000091,829714432
train,stratum,code,typescript,uniq_superbpe_r64,131072,observed,32,43989,43989,43698,11867,3.7068340776944466,0.2715684928372008,0.2697719884516584,0,0.0,3.7068340776944466,2,11,24,"{""1"": 5595, ""10"": 212, ""11"": 335, ""12"": 95, ""13"": 92, ""14"": 104, ""15"": 63, ""16"": 123, ""17"": 3, ""18"": 2, ""19"": 1, ""2"": 695, ""21"": 1, ""24"": 1, ""3"": 831, ""4"": 852, ""5"": 728, ""6"": 915, ""7"": 641, ""8"": 377, ""9"": 201}",131068,1973,1.5053254799035616,1506,12.69065475688885,0,0.0,14360,14328,2493,17.399497487437184,416,3.5055195078789922,114,1495,2792,4263,80,4377,8393,1.0267417311752287,1.8766127140511377,1057,3573,702,3292,726,4349,4406,1.3210814094775212,22.053462940461724,16,204.2958939000091,829714432
train,stratum,cyrillic_african,am,uniq_superbpe_r64,131072,observed,32,147317,147317,59501,15593,9.447636760084654,0.2620628224735719,0.10584657575161047,0,0.0,9.447636760084654,10,19,34,"{""1"": 2615, ""10"": 2598, ""11"": 3, ""12"": 142, ""13"": 2482, ""14"": 1, ""15"": 125, ""16"": 1836, ""18"": 56, ""19"": 977, ""2"": 270, ""21"": 22, ""22"": 374, ""24"": 7, ""25"": 126, ""27"": 2, ""28"": 34, ""3"": 1702, ""31"": 5, ""33"": 1, ""34"": 4, ""4"": 252, ""5"": 34, ""6"": 102, ""7"": 1635, ""8"": 28, ""9"": 160}",131068,6466,4.933317056794946,7952,50.99724235233759,0,0.0,15609,15577,16,0.10271554214547089,2,0.012826268197268004,0,599,10604,11206,0,11206,11206,1.0,0.0,702,2794,13,2105,543,2807,2807,1.3334916864608075,25.795724465558195,25,204.2958939000091,829714432
train,stratum,cyrillic_african,bg,uniq_superbpe_r64,131072,observed,32,102609,102609,58537,13963,7.3486356800114585,0.23853289372533612,0.1360796811195899,0,0.0,7.3486356800114585,5,21,32,"{""1"": 3047, ""10"": 225, ""11"": 829, ""12"": 87, ""13"": 625, ""14"": 51, ""15"": 366, ""16"": 41, ""17"": 587, ""18"": 33, ""19"": 446, ""2"": 674, ""20"": 25, ""21"": 349, ""22"": 25, ""23"": 164, ""24"": 5, ""25"": 113, ""26"": 4, ""27"": 61, ""28"": 1, ""29"": 36, ""3"": 1536, ""31"": 15, ""32"": 17, ""4"": 566, ""5"": 1999, ""6"": 329, ""7"": 554, ""8"": 255, ""9"": 898}",131068,4226,3.224280526139103,5162,36.9691327078708,0,0.0,13989,13957,26,0.1862864512431038,1,0.007161784716751414,0,453,8519,8973,0,8973,8973,1.0,0.0,325,2273,27,1976,258,2301,2303,1.1644736842105263,13.05668016194332,25,204.2958939000091,829714432
train,stratum,cyrillic_african,ru,uniq_superbpe_r64,131072,observed,32,106212,106212,58870,11888,8.934387617765815,0.20193647018855104,0.11192708921779083,0,0.0,8.934387617765815,7,23,32,"{""1"": 2326, ""10"": 149, ""11"": 818, ""12"": 77, ""13"": 599, ""14"": 36, ""15"": 479, ""16"": 28, ""17"": 641, ""18"": 26, ""19"": 571, ""2"": 761, ""20"": 26, ""21"": 415, ""22"": 19, ""23"": 300, ""24"": 14, ""25"": 207, ""26"": 5, ""27"": 140, ""28"": 4, ""29"": 65, ""3"": 1122, ""30"": 1, ""31"": 45, ""32"": 30, ""4"": 429, ""5"": 812, ""6"": 258, ""7"": 710, ""8"": 177, ""9"": 598}",131068,4399,3.3562730796227913,5327,44.809892328398384,0,0.0,11921,11889,33,0.27756749936916475,0,0.0,0,320,7491,7811,0,7811,7811,1.0,0.0,275,1879,35,1640,220,1915,1917,1.1676829268292683,13.414634146341463,29,204.2958939000091,829714432
train,stratum,cyrillic_african,sw,uniq_superbpe_r64,131072,observed,32,62449,62449,62216,15733,3.969300197038073,0.25287707342162785,0.2519335777994844,0,0.0,3.969300197038073,3,9,15,"{""1"": 2958, ""10"": 270, ""11"": 125, ""12"": 82, ""13"": 18, ""14"": 16, ""15"": 8, ""2"": 1747, ""3"": 3516, ""4"": 1915, ""5"": 1809, ""6"": 996, ""7"": 1375, ""8"": 576, ""9"": 322}",131068,3286,2.507095553453169,4420,28.093815546939553,0,0.0,15765,15733,32,0.2033941397063497,4,0.025424267463293713,1,487,8613,9101,1,9102,9106,1.0001098780353808,0.01098780353807274,305,1716,35,1448,263,1753,1753,1.2106353591160222,18.162983425414364,11,204.2958939000091,829714432
train,stratum,cyrillic_african,uk,uniq_superbpe_r64,131072,observed,32,95676,95676,53182,11537,8.29297044292277,0.21693430107931255,0.12058405451732931,0,0.0,8.29297044292277,5,23,32,"{""1"": 2556, ""10"": 156, ""11"": 590, ""12"": 76, ""13"": 491, ""14"": 26, ""15"": 360, ""16"": 38, ""17"": 622, ""18"": 49, ""19"": 540, ""2"": 946, ""20"": 38, ""21"": 461, ""22"": 17, ""23"": 267, ""24"": 18, ""25"": 144, ""26"": 3, ""27"": 64, ""28"": 3, ""29"": 56, ""3"": 1033, ""30"": 2, ""31"": 30, ""32"": 13, ""4"": 427, ""5"": 856, ""6"": 264, ""7"": 547, ""8"": 209, ""9"": 635}",131068,4203,3.206732383190405,5260,45.59244170928318,0,0.0,11586,11554,49,0.4240955513242167,0,0.0,0,379,6714,7093,0,7093,7093,1.0,0.0,316,2058,103,1849,283,2165,2167,1.1709031909140075,15.305570578691185,27,204.2958939000091,829714432
train,stratum,cyrillic_african,yo,uniq_superbpe_r64,131072,observed,32,69432,69432,59766,16983,4.088323617735383,0.28415821704648125,0.24459903214656067,0,0.0,4.088323617735383,4,9,18,"{""1"": 3153, ""10"": 237, ""11"": 164, ""12"": 97, ""13"": 45, ""14"": 48, ""15"": 35, ""16"": 36, ""17"": 5, ""18"": 2, ""2"": 1966, ""3"": 3241, ""4"": 2242, ""5"": 2211, ""6"": 944, ""7"": 1632, ""8"": 629, ""9"": 296}",131068,2397,1.8288216803491317,2661,15.668609786256845,0,0.0,17208,17176,225,1.3099673963670238,202,1.1894247188364835,0,599,10686,11487,0,11487,11487,1.0,0.0,267,1836,23,1592,237,1859,1859,1.1677135678391959,14.886934673366834,13,204.2958939000091,829714432
train,stratum,indic_cjk_arabic,ar,uniq_superbpe_r64,131072,observed,32,97740,97740,54940,11930,8.19279128248114,0.21714597742992356,0.1220585226110088,0,0.0,8.19279128248114,9,17,31,"{""1"": 1911, ""10"": 135, ""11"": 1484, ""12"": 52, ""13"": 1122, ""14"": 36, ""15"": 1014, ""16"": 14, ""17"": 507, ""18"": 5, ""19"": 159, ""2"": 729, ""20"": 3, ""21"": 80, ""22"": 1, ""23"": 40, ""25"": 5, ""27"": 1, ""3"": 277, ""31"": 1, ""4"": 307, ""5"": 1131, ""6"": 134, ""7"": 1250, ""8"": 102, ""9"": 1430}",131068,4908,3.7446211127048556,6142,51.48365465213747,0,0.0,11946,11914,16,0.1342957864696995,1,0.008382229673093043,0,309,8528,8838,0,8838,8838,1.0,0.0,331,1741,16,1426,269,1757,1757,1.2321178120617111,18.863955119214587,21,204.2958939000091,829714432
train,stratum,indic_cjk_arabic,bn,uniq_superbpe_r64,131072,observed,32,152004,152004,58399,21226,7.161217374917554,0.3634651278275313,0.13964106207731375,6,0.02826721944784698,7.161217374917554,7,16,42,"{""1"": 1584, ""10"": 1738, ""11"": 17, ""12"": 913, ""13"": 1069, ""15"": 251, ""16"": 593, ""18"": 85, ""19"": 218, ""2"": 128, ""21"": 36, ""22"": 104, ""24"": 31, ""25"": 40, ""27"": 6, ""28"": 20, ""3"": 3779, ""30"": 1, ""31"": 6, ""36"": 3, ""37"": 2, ""39"": 1, ""4"": 253, ""42"": 1, ""5"": 51, ""6"": 4732, ""7"": 4114, ""8"": 14, ""9"": 1436}",131068,2985,2.2774437696462906,3786,17.836615471591443,0,0.0,21243,21211,17,0.08014709348922729,2,0.00942240648261566,0,211,8303,8515,0,8515,8515,1.0,0.0,232,1622,37,1429,220,1661,1661,1.1623512946116166,15.395381385584324,22,204.2958939000091,829714432
train,stratum,indic_cjk_arabic,fa,uniq_superbpe_r64,131072,observed,32,93798,93798,52677,12613,7.436613018314437,0.2394403629667597,0.13446981811978934,0,0.0,7.436613018314437,7,15,27,"{""1"": 1503, ""10"": 173, ""11"": 1591, ""12"": 136, ""13"": 796, ""14"": 69, ""15"": 507, ""16"": 51, ""17"": 158, ""18"": 15, ""19"": 41, ""2"": 523, ""20"": 8, ""21"": 14, ""22"": 1, ""23"": 17, ""24"": 1, ""25"": 1, ""27"": 1, ""3"": 525, ""4"": 192, ""5"": 2127, ""6"": 255, ""7"": 1718, ""8"": 271, ""9"": 1919}",131068,3240,2.4719992675557725,4332,34.34551653056371,0,0.0,12628,12596,15,0.11908542394410924,0,0.0,0,213,9717,9930,0,9930,9930,1.0,0.0,236,1390,15,1169,191,1405,1405,1.2018819503849445,16.33875106928999,17,204.2958939000091,829714432
train,stratum,indic_cjk_arabic,gu,uniq_superbpe_r64,131072,observed,32,146974,146974,58881,20321,7.232616505093254,0.3451198179378747,0.138262549838747,0,0.0,7.232616505093254,7,15,42,"{""1"": 2113, ""10"": 2286, ""11"": 6, ""12"": 703, ""13"": 1036, ""14"": 1, ""15"": 228, ""16"": 506, ""17"": 1, ""18"": 103, ""19"": 176, ""2"": 208, ""21"": 29, ""22"": 68, ""24"": 15, ""25"": 20, ""27"": 1, ""28"": 3, ""3"": 1907, ""30"": 2, ""31"": 4, ""34"": 1, ""37"": 1, ""39"": 1, ""4"": 464, ""42"": 1, ""5"": 78, ""6"": 4122, ""7"": 4664, ""8"": 46, ""9"": 1527}",131068,3338,2.5467696157719657,4153,20.436986368781064,0,0.0,20327,20295,6,0.029563932002956393,0,0.0,0,181,9542,9723,0,9723,9723,1.0,0.0,256,1623,7,1374,189,1630,1630,1.1863173216885008,13.755458515283843,19,204.2958939000091,829714432
train,stratum,indic_cjk_arabic,hi,uniq_superbpe_r64,131072,observed,32,153237,153237,61359,21718,7.055760198913344,0.35394970582962565,0.14172817269980487,0,0.0,7.055760198913344,7,13,36,"{""1"": 2043, ""10"": 2104, ""12"": 549, ""13"": 1413, ""14"": 7, ""15"": 172, ""16"": 393, ""17"": 70, ""18"": 45, ""19"": 122, ""2"": 200, ""21"": 17, ""22"": 36, ""24"": 7, ""25"": 19, ""27"": 2, ""28"": 3, ""3"": 2601, ""34"": 1, ""36"": 1, ""4"": 105, ""5"": 42, ""6"": 3636, ""7"": 6948, ""8"": 10, ""9"": 1172}",131068,2878,2.195806756797998,3137,14.444239801086656,0,0.0,21933,21901,215,0.9816903337747135,131,0.6031862970807625,0,306,11428,11810,0,11810,11810,1.0,0.0,245,1676,16,1447,222,1692,1692,1.1693158258465792,15.342087076710435,18,204.2958939000091,829714432
train,stratum,indic_cjk_arabic,ja,uniq_superbpe_r64,131072,observed,32,142468,142468,61333,23264,6.123968363136176,0.3793064092739634,0.16329280961338685,0,0.0,6.123968363136176,3,12,48,"{""1"": 5797, ""10"": 875, ""11"": 23, ""12"": 6003, ""13"": 8, ""14"": 6, ""15"": 251, ""16"": 18, ""17"": 5, ""18"": 148, ""19"": 2, ""2"": 1863, ""20"": 15, ""21"": 57, ""22"": 3, ""23"": 4, ""24"": 29, ""25"": 12, ""26"": 4, ""27"": 28, ""28"": 1, ""3"": 4702, ""30"": 20, ""32"": 1, ""33"": 23, ""35"": 1, ""36"": 9, ""38"": 1, ""39"": 11, ""4"": 795, ""40"": 14, ""41"": 1, ""42"": 14, ""43"": 1, ""44"": 1, ""45"": 23, ""46"": 2, ""48"": 36, ""5"": 220, ""6"": 911, ""7"": 377, ""8"": 41, ""9"": 908}",131068,8517,6.498153630176702,9380,40.31980742778542,0,0.0,23315,23283,51,0.21904393763690247,0,0.0,0,1386,3049,4436,0,4436,4436,1.0,0.0,550,4245,381,4082,420,4632,4644,1.1347378735913767,10.289073983341499,23,204.2958939000091,829714432
train,stratum,indic_cjk_arabic,kn,uniq_superbpe_r64,131072,observed,32,153841,153841,60531,24689,6.231155575357446,0.4078736515174043,0.16048387620985302,0,0.0,6.231155575357446,6,12,28,"{""1"": 2672, ""10"": 2002, ""11"": 5, ""12"": 645, ""13"": 454, ""14"": 1, ""15"": 117, ""16"": 94, ""18"": 20, ""19"": 13, ""2"": 677, ""21"": 2, ""22"": 3, ""24"": 1, ""28"": 1, ""3"": 2123, ""4"": 266, ""5"": 74, ""6"": 9445, ""7"": 3522, ""8"": 37, ""9"": 2515}",131068,3423,2.6116214484084597,3961,16.04358216209648,0,0.0,24701,24669,12,0.04864404718472577,0,0.0,0,340,6903,7243,0,7243,7243,1.0,0.0,239,1645,17,1423,205,1662,1662,1.167955024595924,14.406184118060436,15,204.2958939000091,829714432
train,stratum,indic_cjk_arabic,ko,uniq_superbpe_r64,131072,observed,32,118352,118352,51206,20794,5.691641819755699,0.40608522438776706,0.17569622820062186,0,0.0,5.691641819755699,5,12,36,"{""1"": 5227, ""10"": 4308, ""11"": 15, ""12"": 1872, ""13"": 17, ""14"": 3, ""15"": 65, ""16"": 10, ""17"": 1, ""18"": 16, ""2"": 464, ""21"": 12, ""22"": 2, ""24"": 3, ""27"": 5, ""3"": 3048, ""30"": 2, ""36"": 1, ""4"": 1610, ""5"": 68, ""6"": 868, ""7"": 2755, ""8"": 29, ""9"": 393}",131068,6912,5.273598437452315,9284,44.647494469558524,0,0.0,20876,20844,82,0.39339857992707733,0,0.0,0,1951,9101,11052,0,11052,11053,1.0,0.0,489,2825,103,2443,386,2932,2934,1.2001637331150226,15.800245599672534,12,204.2958939000091,829714432
train,stratum,indic_cjk_arabic,ml,uniq_superbpe_r64,131072,observed,32,137273,137273,52226,15806,8.684866506389978,0.3026461915521005,0.11514281759705113,0,0.0,8.684866506389978,7,19,46,"{""1"": 1884, ""10"": 651, ""11"": 2, ""12"": 1684, ""13"": 459, ""14"": 2, ""15"": 853, ""16"": 559, ""18"": 272, ""19"": 318, ""2"": 217, ""21"": 185, ""22"": 120, ""24"": 96, ""25"": 96, ""27"": 48, ""28"": 56, ""3"": 872, ""30"": 13, ""31"": 29, ""33"": 3, ""34"": 14, ""36"": 3, ""37"": 6, ""39"": 3, ""4"": 231, ""40"": 1, ""42"": 3, ""43"": 3, ""45"": 1, ""46"": 3, ""5"": 68, ""6"": 3417, ""7"": 2201, ""8"": 25, ""9"": 1408}",131068,3426,2.6139103366191594,4296,27.17955206883462,0,0.0,15810,15778,4,0.02535175560907593,1,0.006326711375427053,0,129,5067,5197,0,5197,5197,1.0,0.0,205,1372,6,1173,171,1378,1378,1.174765558397272,14.578005115089514,27,204.2958939000091,829714432
train,stratum,indic_cjk_arabic,mr,uniq_superbpe_r64,131072,observed,32,145113,145113,56571,19653,7.383758204854221,0.34740414700111366,0.13543238717413325,0,0.0,7.383758204854221,7,16,37,"{""1"": 2006, ""10"": 1675, ""11"": 10, ""12"": 1138, ""13"": 786, ""14"": 2, ""15"": 419, ""16"": 540, ""18"": 125, ""19"": 266, ""2"": 159, ""21"": 50, ""22"": 100, ""24"": 13, ""25"": 42, ""26"": 1, ""27"": 4, ""28"": 5, ""3"": 2279, ""30"": 2, ""31"": 1, ""33"": 3, ""34"": 3, ""37"": 1, ""4"": 157, ""5"": 70, ""6"": 4581, ""7"": 3812, ""8"": 29, ""9"": 1374}",131068,3119,2.379680776390881,3360,17.096626469241336,0,0.0,19675,19643,22,0.11199918546046937,4,0.02035312674909683,0,182,7597,7780,0,7780,7780,1.0,0.0,227,1515,32,1323,187,1550,1551,1.1715797430083144,14.134542705971278,21,204.2958939000091,829714432
train,stratum,indic_cjk_arabic,ta,uniq_superbpe_r64,131072,observed,32,140738,140738,53567,21815,6.451432500573,0.4072469990852577,0.15500433429493102,0,0.0,6.451432500573,6,10,19,"{""1"": 2392, ""10"": 2132, ""11"": 1, ""12"": 381, ""13"": 504, ""14"": 1, ""15"": 26, ""16"": 60, ""19"": 6, ""2"": 135, ""3"": 1032, ""4"": 114, ""5"": 60, ""6"": 9801, ""7"": 2517, ""8"": 11, ""9"": 2642}",131068,1965,1.499221778008362,2294,10.515700206280082,0,0.0,21826,21794,11,0.0504726071395797,3,0.0137520055008022,0,292,5499,5791,0,5791,5791,1.0,0.0,431,1774,11,1357,296,1788,1788,1.3176123802505526,21.812822402358144,13,204.2958939000091,829714432
train,stratum,indic_cjk_arabic,te,uniq_superbpe_r64,131072,observed,32,158103,158103,60933,21390,7.391444600280505,0.35104130766579683,0.1352915504449631,0,0.0,7.391444600280505,6,16,31,"{""1"": 2565, ""10"": 1216, ""11"": 13, ""12"": 1263, ""13"": 623, ""15"": 520, ""16"": 699, ""18"": 195, ""19"": 215, ""2"": 226, ""21"": 47, ""22"": 108, ""24"": 19, ""25"": 48, ""27"": 3, ""28"": 17, ""3"": 902, ""30"": 1, ""31"": 4, ""4"": 263, ""5"": 63, ""6"": 6946, ""7"": 3708, ""8"": 20, ""9"": 1706}",131068,3318,2.531510361033967,4162,19.45769050958392,0,0.0,21411,21379,21,0.0982272323307919,1,0.004675081813931743,0,303,7185,7488,0,7488,7488,1.0,0.0,359,1917,21,1580,301,1939,1939,1.2272151898734178,19.050632911392405,21,204.2958939000091,829714432
train,stratum,indic_cjk_arabic,ur,uniq_superbpe_r64,131072,observed,32,112341,112341,64366,16185,6.941056533827618,0.2514526302706398,0.14407028600421928,0,0.0,6.941056533827618,7,13,27,"{""1"": 1588, ""10"": 127, ""11"": 1680, ""12"": 164, ""13"": 848, ""14"": 12, ""15"": 362, ""16"": 10, ""17"": 128, ""18"": 1, ""19"": 59, ""2"": 1149, ""20"": 3, ""21"": 17, ""23"": 5, ""24"": 1, ""27"": 3, ""3"": 284, ""4"": 217, ""5"": 3810, ""6"": 90, ""7"": 2929, ""8"": 92, ""9"": 2606}",131068,3694,2.8183843501083405,4565,28.205128205128204,0,0.0,16383,16351,198,1.2109351110023852,188,1.1615693543404386,0,483,12874,13545,0,13545,13545,1.0,0.0,248,1758,13,1527,229,1775,1777,1.1624099541584807,14.996725605762935,17,204.2958939000091,829714432
train,stratum,indic_cjk_arabic,zh,uniq_superbpe_r64,131072,observed,32,130086,130086,53452,21171,6.144537338812526,0.39607498316246353,0.1627461832941285,0,0.0,6.144537338812526,3,12,48,"{""1"": 5554, ""10"": 627, ""11"": 15, ""12"": 6176, ""13"": 3, ""14"": 2, ""15"": 111, ""16"": 2, ""17"": 1, ""18"": 54, ""2"": 1028, ""20"": 1, ""21"": 37, ""22"": 1, ""23"": 4, ""24"": 20, ""26"": 1, ""27"": 19, ""29"": 1, ""3"": 4091, ""30"": 14, ""33"": 9, ""34"": 1, ""36"": 8, ""38"": 1, ""39"": 5, ""4"": 602, ""41"": 1, ""42"": 16, ""43"": 1, ""44"": 2, ""45"": 11, ""48"": 15, ""5"": 117, ""6"": 1234, ""7"": 606, ""8"": 46, ""9"": 734}",131068,8850,6.752220221564379,9905,46.78569741627698,0,0.0,21264,21232,93,0.4380180859080633,0,0.0,0,1258,2495,3755,0,3755,3755,1.0,0.0,365,3502,92,3235,285,3600,3602,1.1128284389489953,8.809891808346213,18,204.2958939000091,829714432
train,stratum,latin_english,en,uniq_superbpe_r64,131072,observed,32,59492,59492,59076,15006,3.9645475143276023,0.2540117814340849,0.2522355947018087,0,0.0,3.9645475143276023,4,9,16,"{""1"": 3394, ""10"": 328, ""11"": 224, ""12"": 90, ""13"": 57, ""14"": 14, ""15"": 5, ""16"": 8, ""2"": 1455, ""3"": 2615, ""4"": 2322, ""5"": 1878, ""6"": 869, ""7"": 839, ""8"": 558, ""9"": 350}",131068,3625,2.7657399212622455,3547,23.637211781953884,0,0.0,15199,15167,193,1.2724995055053736,154,1.0262561642009862,3,620,8528,9298,3,9301,9301,1.000322650032265,0.032265003226500326,332,1962,133,1764,266,2096,2096,1.1882086167800454,15.079365079365079,12,204.2958939000091,829714432
train,language,,am,uniq_superbpe_r64,131072,observed,32,147317,147317,59501,15593,9.447636760084654,0.2620628224735719,0.10584657575161047,0,0.0,9.447636760084654,10,19,34,"{""1"": 2615, ""10"": 2598, ""11"": 3, ""12"": 142, ""13"": 2482, ""14"": 1, ""15"": 125, ""16"": 1836, ""18"": 56, ""19"": 977, ""2"": 270, ""21"": 22, ""22"": 374, ""24"": 7, ""25"": 126, ""27"": 2, ""28"": 34, ""3"": 1702, ""31"": 5, ""33"": 1, ""34"": 4, ""4"": 252, ""5"": 34, ""6"": 102, ""7"": 1635, ""8"": 28, ""9"": 160}",131068,6466,4.933317056794946,7952,50.99724235233759,0,0.0,15609,15577,16,0.10271554214547089,2,0.012826268197268004,0,599,10604,11206,0,11206,11206,1.0,0.0,702,2794,13,2105,543,2807,2807,1.3334916864608075,25.795724465558195,25,204.2958939000091,829714432
train,language,,ar,uniq_superbpe_r64,131072,observed,32,97740,97740,54940,11930,8.19279128248114,0.21714597742992356,0.1220585226110088,0,0.0,8.19279128248114,9,17,31,"{""1"": 1911, ""10"": 135, ""11"": 1484, ""12"": 52, ""13"": 1122, ""14"": 36, ""15"": 1014, ""16"": 14, ""17"": 507, ""18"": 5, ""19"": 159, ""2"": 729, ""20"": 3, ""21"": 80, ""22"": 1, ""23"": 40, ""25"": 5, ""27"": 1, ""3"": 277, ""31"": 1, ""4"": 307, ""5"": 1131, ""6"": 134, ""7"": 1250, ""8"": 102, ""9"": 1430}",131068,4908,3.7446211127048556,6142,51.48365465213747,0,0.0,11946,11914,16,0.1342957864696995,1,0.008382229673093043,0,309,8528,8838,0,8838,8838,1.0,0.0,331,1741,16,1426,269,1757,1757,1.2321178120617111,18.863955119214587,21,204.2958939000091,829714432
train,language,,bg,uniq_superbpe_r64,131072,observed,32,102609,102609,58537,13963,7.3486356800114585,0.23853289372533612,0.1360796811195899,0,0.0,7.3486356800114585,5,21,32,"{""1"": 3047, ""10"": 225, ""11"": 829, ""12"": 87, ""13"": 625, ""14"": 51, ""15"": 366, ""16"": 41, ""17"": 587, ""18"": 33, ""19"": 446, ""2"": 674, ""20"": 25, ""21"": 349, ""22"": 25, ""23"": 164, ""24"": 5, ""25"": 113, ""26"": 4, ""27"": 61, ""28"": 1, ""29"": 36, ""3"": 1536, ""31"": 15, ""32"": 17, ""4"": 566, ""5"": 1999, ""6"": 329, ""7"": 554, ""8"": 255, ""9"": 898}",131068,4226,3.224280526139103,5162,36.9691327078708,0,0.0,13989,13957,26,0.1862864512431038,1,0.007161784716751414,0,453,8519,8973,0,8973,8973,1.0,0.0,325,2273,27,1976,258,2301,2303,1.1644736842105263,13.05668016194332,25,204.2958939000091,829714432
train,language,,bn,uniq_superbpe_r64,131072,observed,32,152004,152004,58399,21226,7.161217374917554,0.3634651278275313,0.13964106207731375,6,0.02826721944784698,7.161217374917554,7,16,42,"{""1"": 1584, ""10"": 1738, ""11"": 17, ""12"": 913, ""13"": 1069, ""15"": 251, ""16"": 593, ""18"": 85, ""19"": 218, ""2"": 128, ""21"": 36, ""22"": 104, ""24"": 31, ""25"": 40, ""27"": 6, ""28"": 20, ""3"": 3779, ""30"": 1, ""31"": 6, ""36"": 3, ""37"": 2, ""39"": 1, ""4"": 253, ""42"": 1, ""5"": 51, ""6"": 4732, ""7"": 4114, ""8"": 14, ""9"": 1436}",131068,2985,2.2774437696462906,3786,17.836615471591443,0,0.0,21243,21211,17,0.08014709348922729,2,0.00942240648261566,0,211,8303,8515,0,8515,8515,1.0,0.0,232,1622,37,1429,220,1661,1661,1.1623512946116166,15.395381385584324,22,204.2958939000091,829714432
train,language,,c,uniq_superbpe_r64,131072,observed,32,51063,51063,51060,15881,3.215351678105913,0.3110262436349393,0.31100797054618806,0,0.0,3.215351678105913,2,10,16,"{""1"": 7928, ""10"": 288, ""11"": 197, ""12"": 101, ""13"": 176, ""14"": 38, ""15"": 61, ""16"": 102, ""2"": 1280, ""3"": 1447, ""4"": 1290, ""5"": 845, ""6"": 732, ""7"": 639, ""8"": 455, ""9"": 302}",131068,2232,1.7029328287606433,1431,9.010767583905295,0,0.0,17866,17834,1985,11.13042503083997,274,1.725332157924564,331,2024,4020,5926,260,6257,9740,1.0558555518056025,4.387445156935538,1956,5144,717,4093,567,6049,6116,1.477889078915221,13.85291961886147,15,204.2958939000091,829714432
train,language,,cpp,uniq_superbpe_r64,131072,observed,32,54217,54217,54213,16160,3.3550123762376236,0.29808348551085534,0.29806149362746004,0,0.0,3.3550123762376236,1,11,16,"{""1"": 8113, ""10"": 321, ""11"": 190, ""12"": 170, ""13"": 197, ""14"": 66, ""15"": 49, ""16"": 148, ""2"": 1241, ""3"": 1269, ""4"": 1159, ""5"": 951, ""6"": 774, ""7"": 661, ""8"": 434, ""9"": 417}",131068,2360,1.8005920590838342,1610,9.962871287128714,0,0.0,18092,18060,1932,10.69767441860465,305,1.8873762376237624,287,1991,3419,5352,207,5639,9575,1.0536248131539612,3.867713004484305,1707,5280,670,4478,966,6185,6268,1.3811969629298795,21.572130415364,15,204.2958939000091,829714432
train,language,,en,uniq_superbpe_r64,131072,observed,32,59492,59492,59076,15006,3.9645475143276023,0.2540117814340849,0.2522355947018087,0,0.0,3.9645475143276023,4,9,16,"{""1"": 3394, ""10"": 328, ""11"": 224, ""12"": 90, ""13"": 57, ""14"": 14, ""15"": 5, ""16"": 8, ""2"": 1455, ""3"": 2615, ""4"": 2322, ""5"": 1878, ""6"": 869, ""7"": 839, ""8"": 558, ""9"": 350}",131068,3625,2.7657399212622455,3547,23.637211781953884,0,0.0,15199,15167,193,1.2724995055053736,154,1.0262561642009862,3,620,8528,9298,3,9301,9301,1.000322650032265,0.032265003226500326,332,1962,133,1764,266,2096,2096,1.1882086167800454,15.079365079365079,12,204.2958939000091,829714432
train,language,,fa,uniq_superbpe_r64,131072,observed,32,93798,93798,52677,12613,7.436613018314437,0.2394403629667597,0.13446981811978934,0,0.0,7.436613018314437,7,15,27,"{""1"": 1503, ""10"": 173, ""11"": 1591, ""12"": 136, ""13"": 796, ""14"": 69, ""15"": 507, ""16"": 51, ""17"": 158, ""18"": 15, ""19"": 41, ""2"": 523, ""20"": 8, ""21"": 14, ""22"": 1, ""23"": 17, ""24"": 1, ""25"": 1, ""27"": 1, ""3"": 525, ""4"": 192, ""5"": 2127, ""6"": 255, ""7"": 1718, ""8"": 271, ""9"": 1919}",131068,3240,2.4719992675557725,4332,34.34551653056371,0,0.0,12628,12596,15,0.11908542394410924,0,0.0,0,213,9717,9930,0,9930,9930,1.0,0.0,236,1390,15,1169,191,1405,1405,1.2018819503849445,16.33875106928999,17,204.2958939000091,829714432
train,language,,go,uniq_superbpe_r64,131072,observed,32,56813,56813,56813,18388,3.0896780509027626,0.3236583176385686,0.3236583176385686,0,0.0,3.0896780509027626,2,9,16,"{""1"": 8779, ""10"": 246, ""11"": 152, ""12"": 144, ""13"": 73, ""14"": 62, ""15"": 54, ""16"": 112, ""2"": 1949, ""3"": 1938, ""4"": 1560, ""5"": 790, ""6"": 939, ""7"": 790, ""8"": 511, ""9"": 289}",131068,2212,1.6876735740226447,1728,9.397433108549054,0,0.0,18881,18849,493,2.6155233699400497,111,0.6036545573199913,96,2826,3565,6386,79,6482,9031,1.015032884434701,1.237081114938929,1030,6059,291,5404,868,6434,6454,1.19059955588453,16.06217616580311,14,204.2958939000091,829714432
train,language,,gu,uniq_superbpe_r64,131072,observed,32,146974,146974,58881,20321,7.232616505093254,0.3451198179378747,0.138262549838747,0,0.0,7.232616505093254,7,15,42,"{""1"": 2113, ""10"": 2286, ""11"": 6, ""12"": 703, ""13"": 1036, ""14"": 1, ""15"": 228, ""16"": 506, ""17"": 1, ""18"": 103, ""19"": 176, ""2"": 208, ""21"": 29, ""22"": 68, ""24"": 15, ""25"": 20, ""27"": 1, ""28"": 3, ""3"": 1907, ""30"": 2, ""31"": 4, ""34"": 1, ""37"": 1, ""39"": 1, ""4"": 464, ""42"": 1, ""5"": 78, ""6"": 4122, ""7"": 4664, ""8"": 46, ""9"": 1527}",131068,3338,2.5467696157719657,4153,20.436986368781064,0,0.0,20327,20295,6,0.029563932002956393,0,0.0,0,181,9542,9723,0,9723,9723,1.0,0.0,256,1623,7,1374,189,1630,1630,1.1863173216885008,13.755458515283843,19,204.2958939000091,829714432
train,language,,hi,uniq_superbpe_r64,131072,observed,32,153237,153237,61359,21718,7.055760198913344,0.35394970582962565,0.14172817269980487,0,0.0,7.055760198913344,7,13,36,"{""1"": 2043, ""10"": 2104, ""12"": 549, ""13"": 1413, ""14"": 7, ""15"": 172, ""16"": 393, ""17"": 70, ""18"": 45, ""19"": 122, ""2"": 200, ""21"": 17, ""22"": 36, ""24"": 7, ""25"": 19, ""27"": 2, ""28"": 3, ""3"": 2601, ""34"": 1, ""36"": 1, ""4"": 105, ""5"": 42, ""6"": 3636, ""7"": 6948, ""8"": 10, ""9"": 1172}",131068,2878,2.195806756797998,3137,14.444239801086656,0,0.0,21933,21901,215,0.9816903337747135,131,0.6031862970807625,0,306,11428,11810,0,11810,11810,1.0,0.0,245,1676,16,1447,222,1692,1692,1.1693158258465792,15.342087076710435,18,204.2958939000091,829714432
train,language,,ja,uniq_superbpe_r64,131072,observed,32,142468,142468,61333,23264,6.123968363136176,0.3793064092739634,0.16329280961338685,0,0.0,6.123968363136176,3,12,48,"{""1"": 5797, ""10"": 875, ""11"": 23, ""12"": 6003, ""13"": 8, ""14"": 6, ""15"": 251, ""16"": 18, ""17"": 5, ""18"": 148, ""19"": 2, ""2"": 1863, ""20"": 15, ""21"": 57, ""22"": 3, ""23"": 4, ""24"": 29, ""25"": 12, ""26"": 4, ""27"": 28, ""28"": 1, ""3"": 4702, ""30"": 20, ""32"": 1, ""33"": 23, ""35"": 1, ""36"": 9, ""38"": 1, ""39"": 11, ""4"": 795, ""40"": 14, ""41"": 1, ""42"": 14, ""43"": 1, ""44"": 1, ""45"": 23, ""46"": 2, ""48"": 36, ""5"": 220, ""6"": 911, ""7"": 377, ""8"": 41, ""9"": 908}",131068,8517,6.498153630176702,9380,40.31980742778542,0,0.0,23315,23283,51,0.21904393763690247,0,0.0,0,1386,3049,4436,0,4436,4436,1.0,0.0,550,4245,381,4082,420,4632,4644,1.1347378735913767,10.289073983341499,23,204.2958939000091,829714432
train,language,,java,uniq_superbpe_r64,131072,observed,32,43999,43999,43605,11178,3.9362139917695473,0.2563467492260062,0.25405122843700995,0,0.0,3.9362139917695473,3,12,40,"{""1"": 4981, ""10"": 335, ""11"": 228, ""12"": 154, ""13"": 122, ""14"": 54, ""15"": 87, ""16"": 150, ""2"": 583, ""21"": 1, ""24"": 2, ""3"": 832, ""4"": 945, ""40"": 1, ""5"": 661, ""6"": 786, ""7"": 619, ""8"": 373, ""9"": 264}",131068,1798,1.3718070009460739,1311,11.728395061728396,0,0.0,12605,12573,1427,11.349717648930246,276,2.4691358024691357,182,1293,2552,3775,166,3957,7594,1.0482119205298013,4.397350993377484,805,3438,526,3273,482,4078,4145,1.245951726245035,14.726550565230676,16,204.2958939000091,829714432
train,language,,javascript,uniq_superbpe_r64,131072,observed,32,38980,38980,38152,13630,2.8598679383712398,0.3572551897672468,0.3496664956387891,0,0.0,2.8598679383712398,1,9,48,"{""1"": 7548, ""10"": 188, ""11"": 125, ""12"": 89, ""13"": 83, ""14"": 52, ""15"": 25, ""16"": 59, ""17"": 1, ""18"": 1, ""2"": 1372, ""3"": 990, ""4"": 708, ""48"": 1, ""5"": 719, ""6"": 645, ""7"": 524, ""8"": 279, ""9"": 221}",131068,1785,1.3618884853663746,1274,9.347028613352897,0,0.0,15207,15175,1577,10.392092257001648,161,1.1812179016874542,141,1577,2173,3702,100,3843,7448,1.0380875202593194,2.7012425715829282,1646,5177,575,4230,1247,5876,5941,1.3891252955082742,29.479905437352247,14,204.2958939000091,829714432
train,language,,kn,uniq_superbpe_r64,131072,observed,32,153841,153841,60531,24689,6.231155575357446,0.4078736515174043,0.16048387620985302,0,0.0,6.231155575357446,6,12,28,"{""1"": 2672, ""10"": 2002, ""11"": 5, ""12"": 645, ""13"": 454, ""14"": 1, ""15"": 117, ""16"": 94, ""18"": 20, ""19"": 13, ""2"": 677, ""21"": 2, ""22"": 3, ""24"": 1, ""28"": 1, ""3"": 2123, ""4"": 266, ""5"": 74, ""6"": 9445, ""7"": 3522, ""8"": 37, ""9"": 2515}",131068,3423,2.6116214484084597,3961,16.04358216209648,0,0.0,24701,24669,12,0.04864404718472577,0,0.0,0,340,6903,7243,0,7243,7243,1.0,0.0,239,1645,17,1423,205,1662,1662,1.167955024595924,14.406184118060436,15,204.2958939000091,829714432
train,language,,ko,uniq_superbpe_r64,131072,observed,32,118352,118352,51206,20794,5.691641819755699,0.40608522438776706,0.17569622820062186,0,0.0,5.691641819755699,5,12,36,"{""1"": 5227, ""10"": 4308, ""11"": 15, ""12"": 1872, ""13"": 17, ""14"": 3, ""15"": 65, ""16"": 10, ""17"": 1, ""18"": 16, ""2"": 464, ""21"": 12, ""22"": 2, ""24"": 3, ""27"": 5, ""3"": 3048, ""30"": 2, ""36"": 1, ""4"": 1610, ""5"": 68, ""6"": 868, ""7"": 2755, ""8"": 29, ""9"": 393}",131068,6912,5.273598437452315,9284,44.647494469558524,0,0.0,20876,20844,82,0.39339857992707733,0,0.0,0,1951,9101,11052,0,11052,11053,1.0,0.0,489,2825,103,2443,386,2932,2934,1.2001637331150226,15.800245599672534,12,204.2958939000091,829714432
train,language,,ml,uniq_superbpe_r64,131072,observed,32,137273,137273,52226,15806,8.684866506389978,0.3026461915521005,0.11514281759705113,0,0.0,8.684866506389978,7,19,46,"{""1"": 1884, ""10"": 651, ""11"": 2, ""12"": 1684, ""13"": 459, ""14"": 2, ""15"": 853, ""16"": 559, ""18"": 272, ""19"": 318, ""2"": 217, ""21"": 185, ""22"": 120, ""24"": 96, ""25"": 96, ""27"": 48, ""28"": 56, ""3"": 872, ""30"": 13, ""31"": 29, ""33"": 3, ""34"": 14, ""36"": 3, ""37"": 6, ""39"": 3, ""4"": 231, ""40"": 1, ""42"": 3, ""43"": 3, ""45"": 1, ""46"": 3, ""5"": 68, ""6"": 3417, ""7"": 2201, ""8"": 25, ""9"": 1408}",131068,3426,2.6139103366191594,4296,27.17955206883462,0,0.0,15810,15778,4,0.02535175560907593,1,0.006326711375427053,0,129,5067,5197,0,5197,5197,1.0,0.0,205,1372,6,1173,171,1378,1378,1.174765558397272,14.578005115089514,27,204.2958939000091,829714432
train,language,,mr,uniq_superbpe_r64,131072,observed,32,145113,145113,56571,19653,7.383758204854221,0.34740414700111366,0.13543238717413325,0,0.0,7.383758204854221,7,16,37,"{""1"": 2006, ""10"": 1675, ""11"": 10, ""12"": 1138, ""13"": 786, ""14"": 2, ""15"": 419, ""16"": 540, ""18"": 125, ""19"": 266, ""2"": 159, ""21"": 50, ""22"": 100, ""24"": 13, ""25"": 42, ""26"": 1, ""27"": 4, ""28"": 5, ""3"": 2279, ""30"": 2, ""31"": 1, ""33"": 3, ""34"": 3, ""37"": 1, ""4"": 157, ""5"": 70, ""6"": 4581, ""7"": 3812, ""8"": 29, ""9"": 1374}",131068,3119,2.379680776390881,3360,17.096626469241336,0,0.0,19675,19643,22,0.11199918546046937,4,0.02035312674909683,0,182,7597,7780,0,7780,7780,1.0,0.0,227,1515,32,1323,187,1550,1551,1.1715797430083144,14.134542705971278,21,204.2958939000091,829714432
train,language,,python,uniq_superbpe_r64,131072,observed,32,48487,48487,48387,14504,3.3430088251516823,0.299749932833199,0.29913172602965743,0,0.0,3.3430088251516823,2,9,16,"{""1"": 6873, ""10"": 186, ""11"": 107, ""12"": 81, ""13"": 98, ""14"": 37, ""15"": 23, ""16"": 91, ""2"": 886, ""3"": 1199, ""4"": 1398, ""5"": 1099, ""6"": 840, ""7"": 682, ""8"": 394, ""9"": 510}",131068,2091,1.5953550828577532,1371,9.452564809707667,0,0.0,15550,15518,1046,6.740559350431757,61,0.4205736348593491,145,1753,2902,4625,84,4770,10776,1.0313513513513513,1.8162162162162163,1339,4960,201,3862,748,5201,5228,1.3467115484205074,19.368203003625066,14,204.2958939000091,829714432
train,language,,ru,uniq_superbpe_r64,131072,observed,32,106212,106212,58870,11888,8.934387617765815,0.20193647018855104,0.11192708921779083,0,0.0,8.934387617765815,7,23,32,"{""1"": 2326, ""10"": 149, ""11"": 818, ""12"": 77, ""13"": 599, ""14"": 36, ""15"": 479, ""16"": 28, ""17"": 641, ""18"": 26, ""19"": 571, ""2"": 761, ""20"": 26, ""21"": 415, ""22"": 19, ""23"": 300, ""24"": 14, ""25"": 207, ""26"": 5, ""27"": 140, ""28"": 4, ""29"": 65, ""3"": 1122, ""30"": 1, ""31"": 45, ""32"": 30, ""4"": 429, ""5"": 812, ""6"": 258, ""7"": 710, ""8"": 177, ""9"": 598}",131068,4399,3.3562730796227913,5327,44.809892328398384,0,0.0,11921,11889,33,0.27756749936916475,0,0.0,0,320,7491,7811,0,7811,7811,1.0,0.0,275,1879,35,1640,220,1915,1917,1.1676829268292683,13.414634146341463,29,204.2958939000091,829714432
train,language,,rust,uniq_superbpe_r64,131072,observed,32,56922,56922,56922,19769,2.8793565683646114,0.3472998137802607,0.3472998137802607,0,0.0,2.8793565683646114,1,9,16,"{""1"": 10685, ""10"": 251, ""11"": 165, ""12"": 68, ""13"": 178, ""14"": 21, ""15"": 17, ""16"": 93, ""2"": 1519, ""3"": 1712, ""4"": 1395, ""5"": 1259, ""6"": 1010, ""7"": 775, ""8"": 378, ""9"": 243}",131068,2192,1.6724143192846461,1575,7.967019070261521,0,0.0,21871,21839,2102,9.624982828884107,130,0.6575952248469826,167,2136,4035,6228,153,6395,13231,1.0268143866409762,2.4566473988439306,2693,7686,795,5827,1951,8520,8582,1.4621589153938561,33.48206624334992,13,204.2958939000091,829714432
train,language,,sql,uniq_superbpe_r64,131072,observed,32,36373,36373,36088,12038,3.0215152018607743,0.3335734870317003,0.33095977785720176,0,0.0,3.0215152018607743,1,9,16,"{""1"": 6352, ""10"": 84, ""11"": 142, ""12"": 47, ""13"": 21, ""14"": 17, ""15"": 31, ""16"": 69, ""2"": 972, ""3"": 996, ""4"": 888, ""5"": 563, ""6"": 551, ""7"": 444, ""8"": 487, ""9"": 374}",131068,1549,1.1818292794579912,1001,8.315334773218142,0,0.0,13205,13173,1167,8.859029833750855,279,2.317660740986875,126,1501,2408,3925,117,4051,6655,1.0321019108280254,2.9808917197452227,1298,3948,312,3103,558,4401,4498,1.4183048662584596,17.98259748630358,13,204.2958939000091,829714432
train,language,,sw,uniq_superbpe_r64,131072,observed,32,62449,62449,62216,15733,3.969300197038073,0.25287707342162785,0.2519335777994844,0,0.0,3.969300197038073,3,9,15,"{""1"": 2958, ""10"": 270, ""11"": 125, ""12"": 82, ""13"": 18, ""14"": 16, ""15"": 8, ""2"": 1747, ""3"": 3516, ""4"": 1915, ""5"": 1809, ""6"": 996, ""7"": 1375, ""8"": 576, ""9"": 322}",131068,3286,2.507095553453169,4420,28.093815546939553,0,0.0,15765,15733,32,0.2033941397063497,4,0.025424267463293713,1,487,8613,9101,1,9102,9106,1.0001098780353808,0.01098780353807274,305,1716,35,1448,263,1753,1753,1.2106353591160222,18.162983425414364,11,204.2958939000091,829714432
train,language,,ta,uniq_superbpe_r64,131072,observed,32,140738,140738,53567,21815,6.451432500573,0.4072469990852577,0.15500433429493102,0,0.0,6.451432500573,6,10,19,"{""1"": 2392, ""10"": 2132, ""11"": 1, ""12"": 381, ""13"": 504, ""14"": 1, ""15"": 26, ""16"": 60, ""19"": 6, ""2"": 135, ""3"": 1032, ""4"": 114, ""5"": 60, ""6"": 9801, ""7"": 2517, ""8"": 11, ""9"": 2642}",131068,1965,1.499221778008362,2294,10.515700206280082,0,0.0,21826,21794,11,0.0504726071395797,3,0.0137520055008022,0,292,5499,5791,0,5791,5791,1.0,0.0,431,1774,11,1357,296,1788,1788,1.3176123802505526,21.812822402358144,13,204.2958939000091,829714432
train,language,,te,uniq_superbpe_r64,131072,observed,32,158103,158103,60933,21390,7.391444600280505,0.35104130766579683,0.1352915504449631,0,0.0,7.391444600280505,6,16,31,"{""1"": 2565, ""10"": 1216, ""11"": 13, ""12"": 1263, ""13"": 623, ""15"": 520, ""16"": 699, ""18"": 195, ""19"": 215, ""2"": 226, ""21"": 47, ""22"": 108, ""24"": 19, ""25"": 48, ""27"": 3, ""28"": 17, ""3"": 902, ""30"": 1, ""31"": 4, ""4"": 263, ""5"": 63, ""6"": 6946, ""7"": 3708, ""8"": 20, ""9"": 1706}",131068,3318,2.531510361033967,4162,19.45769050958392,0,0.0,21411,21379,21,0.0982272323307919,1,0.004675081813931743,0,303,7185,7488,0,7488,7488,1.0,0.0,359,1917,21,1580,301,1939,1939,1.2272151898734178,19.050632911392405,21,204.2958939000091,829714432
train,language,,typescript,uniq_superbpe_r64,131072,observed,32,43989,43989,43698,11867,3.7068340776944466,0.2715684928372008,0.2697719884516584,0,0.0,3.7068340776944466,2,11,24,"{""1"": 5595, ""10"": 212, ""11"": 335, ""12"": 95, ""13"": 92, ""14"": 104, ""15"": 63, ""16"": 123, ""17"": 3, ""18"": 2, ""19"": 1, ""2"": 695, ""21"": 1, ""24"": 1, ""3"": 831, ""4"": 852, ""5"": 728, ""6"": 915, ""7"": 641, ""8"": 377, ""9"": 201}",131068,1973,1.5053254799035616,1506,12.69065475688885,0,0.0,14360,14328,2493,17.399497487437184,416,3.5055195078789922,114,1495,2792,4263,80,4377,8393,1.0267417311752287,1.8766127140511377,1057,3573,702,3292,726,4349,4406,1.3210814094775212,22.053462940461724,16,204.2958939000091,829714432
train,language,,uk,uniq_superbpe_r64,131072,observed,32,95676,95676,53182,11537,8.29297044292277,0.21693430107931255,0.12058405451732931,0,0.0,8.29297044292277,5,23,32,"{""1"": 2556, ""10"": 156, ""11"": 590, ""12"": 76, ""13"": 491, ""14"": 26, ""15"": 360, ""16"": 38, ""17"": 622, ""18"": 49, ""19"": 540, ""2"": 946, ""20"": 38, ""21"": 461, ""22"": 17, ""23"": 267, ""24"": 18, ""25"": 144, ""26"": 3, ""27"": 64, ""28"": 3, ""29"": 56, ""3"": 1033, ""30"": 2, ""31"": 30, ""32"": 13, ""4"": 427, ""5"": 856, ""6"": 264, ""7"": 547, ""8"": 209, ""9"": 635}",131068,4203,3.206732383190405,5260,45.59244170928318,0,0.0,11586,11554,49,0.4240955513242167,0,0.0,0,379,6714,7093,0,7093,7093,1.0,0.0,316,2058,103,1849,283,2165,2167,1.1709031909140075,15.305570578691185,27,204.2958939000091,829714432
train,language,,ur,uniq_superbpe_r64,131072,observed,32,112341,112341,64366,16185,6.941056533827618,0.2514526302706398,0.14407028600421928,0,0.0,6.941056533827618,7,13,27,"{""1"": 1588, ""10"": 127, ""11"": 1680, ""12"": 164, ""13"": 848, ""14"": 12, ""15"": 362, ""16"": 10, ""17"": 128, ""18"": 1, ""19"": 59, ""2"": 1149, ""20"": 3, ""21"": 17, ""23"": 5, ""24"": 1, ""27"": 3, ""3"": 284, ""4"": 217, ""5"": 3810, ""6"": 90, ""7"": 2929, ""8"": 92, ""9"": 2606}",131068,3694,2.8183843501083405,4565,28.205128205128204,0,0.0,16383,16351,198,1.2109351110023852,188,1.1615693543404386,0,483,12874,13545,0,13545,13545,1.0,0.0,248,1758,13,1527,229,1775,1777,1.1624099541584807,14.996725605762935,17,204.2958939000091,829714432
train,language,,yo,uniq_superbpe_r64,131072,observed,32,69432,69432,59766,16983,4.088323617735383,0.28415821704648125,0.24459903214656067,0,0.0,4.088323617735383,4,9,18,"{""1"": 3153, ""10"": 237, ""11"": 164, ""12"": 97, ""13"": 45, ""14"": 48, ""15"": 35, ""16"": 36, ""17"": 5, ""18"": 2, ""2"": 1966, ""3"": 3241, ""4"": 2242, ""5"": 2211, ""6"": 944, ""7"": 1632, ""8"": 629, ""9"": 296}",131068,2397,1.8288216803491317,2661,15.668609786256845,0,0.0,17208,17176,225,1.3099673963670238,202,1.1894247188364835,0,599,10686,11487,0,11487,11487,1.0,0.0,267,1836,23,1592,237,1859,1859,1.1677135678391959,14.886934673366834,13,204.2958939000091,829714432
train,language,,zh,uniq_superbpe_r64,131072,observed,32,130086,130086,53452,21171,6.144537338812526,0.39607498316246353,0.1627461832941285,0,0.0,6.144537338812526,3,12,48,"{""1"": 5554, ""10"": 627, ""11"": 15, ""12"": 6176, ""13"": 3, ""14"": 2, ""15"": 111, ""16"": 2, ""17"": 1, ""18"": 54, ""2"": 1028, ""20"": 1, ""21"": 37, ""22"": 1, ""23"": 4, ""24"": 20, ""26"": 1, ""27"": 19, ""29"": 1, ""3"": 4091, ""30"": 14, ""33"": 9, ""34"": 1, ""36"": 8, ""38"": 1, ""39"": 5, ""4"": 602, ""41"": 1, ""42"": 16, ""43"": 1, ""44"": 2, ""45"": 11, ""48"": 15, ""5"": 117, ""6"": 1234, ""7"": 606, ""8"": 46, ""9"": 734}",131068,8850,6.752220221564379,9905,46.78569741627698,0,0.0,21264,21232,93,0.4380180859080633,0,0.0,0,1258,2495,3755,0,3755,3755,1.0,0.0,365,3502,92,3235,285,3600,3602,1.1128284389489953,8.809891808346213,18,204.2958939000091,829714432
train,domain,code,,uniq_superbpe_r64,131072,observed,288,430843,430843,428938,133415,3.2293445264775325,0.3110356275265889,0.30966036351989007,0,0.0,3.2293445264775325,1,10,48,"{""1"": 66854, ""10"": 2111, ""11"": 1641, ""12"": 949, ""13"": 1040, ""14"": 451, ""15"": 410, ""16"": 947, ""17"": 4, ""18"": 3, ""19"": 1, ""2"": 10497, ""21"": 2, ""24"": 3, ""3"": 11214, ""4"": 10195, ""40"": 1, ""48"": 1, ""5"": 7615, ""6"": 7192, ""7"": 5775, ""8"": 3688, ""9"": 2821}",131068,9424,7.190160832544938,12807,9.599370385638796,0,0.0,147637,147349,14222,9.651914841634486,2013,1.5088258441704456,1589,16596,27866,44182,1246,45771,82443,1.0359648725725408,2.8201530034855824,13531,45265,4789,37562,8113,51093,51638,1.3602310846067835,21.598956392098398,15,204.2958939000091,829714432
train,domain,cyrillic_african,,uniq_superbpe_r64,131072,observed,192,583695,583695,352072,85697,6.811148581630629,0.24340759844577245,0.14681811562545508,0,0.0,6.811148581630629,5,19,34,"{""1"": 16655, ""10"": 3635, ""11"": 2529, ""12"": 561, ""13"": 4260, ""14"": 178, ""15"": 1373, ""16"": 1979, ""17"": 1855, ""18"": 166, ""19"": 2534, ""2"": 6364, ""20"": 89, ""21"": 1247, ""22"": 435, ""23"": 731, ""24"": 44, ""25"": 590, ""26"": 12, ""27"": 267, ""28"": 42, ""29"": 157, ""3"": 12150, ""30"": 3, ""31"": 95, ""32"": 60, ""33"": 1, ""34"": 4, ""4"": 5831, ""5"": 7721, ""6"": 2893, ""7"": 6453, ""8"": 1874, ""9"": 2909}",131068,22355,17.05603198339793,30782,35.91957711471814,0,0.0,86078,85886,381,0.4436112986982745,209,0.24388251630745533,1,2837,52627,55671,1,55672,55676,1.0000179626735644,0.0017962673564333315,2190,12556,236,10610,1804,12800,12806,1.2064090480678604,17.00282752120641,25,204.2958939000091,829714432
train,domain,indic_cjk_arabic,,uniq_superbpe_r64,131072,observed,448,1882068,1882068,800441,272575,6.904771163899844,0.340531032268462,0.14482739199646347,6,0.0022012290195359075,6.904771163899844,6,15,48,"{""1"": 38839, ""10"": 20049, ""11"": 4862, ""12"": 21679, ""13"": 9138, ""14"": 142, ""15"": 4896, ""16"": 3549, ""17"": 871, ""18"": 1084, ""19"": 1595, ""2"": 7706, ""20"": 30, ""21"": 583, ""22"": 547, ""23"": 70, ""24"": 236, ""25"": 283, ""26"": 6, ""27"": 121, ""28"": 106, ""29"": 1, ""3"": 28422, ""30"": 55, ""31"": 45, ""32"": 1, ""33"": 38, ""34"": 20, ""35"": 1, ""36"": 25, ""37"": 10, ""38"": 2, ""39"": 21, ""4"": 5576, ""40"": 15, ""41"": 2, ""42"": 35, ""43"": 5, ""44"": 3, ""45"": 35, ""46"": 5, ""48"": 51, ""5"": 7979, ""6"": 50172, ""7"": 41121, ""8"": 773, ""9"": 21770}",131068,54895,41.88283944212165,72757,26.69246996239567,0,0.0,273338,272890,763,0.2795998387628715,331,0.1214344675777309,0,7544,107288,115103,0,115103,115104,1.0,0.0,4413,28605,767,24988,3571,29401,29420,1.176604770289739,14.290859612614055,19,204.2958939000091,829714432
train,domain,latin_english,,uniq_superbpe_r64,131072,observed,32,59492,59492,59076,15006,3.9645475143276023,0.2540117814340849,0.2522355947018087,0,0.0,3.9645475143276023,4,9,16,"{""1"": 3394, ""10"": 328, ""11"": 224, ""12"": 90, ""13"": 57, ""14"": 14, ""15"": 5, ""16"": 8, ""2"": 1455, ""3"": 2615, ""4"": 2322, ""5"": 1878, ""6"": 869, ""7"": 839, ""8"": 558, ""9"": 350}",131068,3625,2.7657399212622455,3547,23.637211781953884,0,0.0,15199,15167,193,1.2724995055053736,154,1.0262561642009862,3,620,8528,9298,3,9301,9301,1.000322650032265,0.032265003226500326,332,1962,133,1764,266,2096,2096,1.1882086167800454,15.079365079365079,12,204.2958939000091,829714432
train,aggregate,,,uniq_superbpe_r64,131072,observed,960,2956098,2956098,1640527,506693,5.834100727659549,0.3088598968502195,0.17140602239844552,6,0.0011841489817305548,5.834100727659549,5,15,48,"{""1"": 125742, ""10"": 26123, ""11"": 9256, ""12"": 23279, ""13"": 14495, ""14"": 785, ""15"": 6684, ""16"": 6483, ""17"": 2730, ""18"": 1253, ""19"": 4130, ""2"": 26022, ""20"": 119, ""21"": 1832, ""22"": 982, ""23"": 801, ""24"": 283, ""25"": 873, ""26"": 18, ""27"": 388, ""28"": 148, ""29"": 158, ""3"": 54401, ""30"": 58, ""31"": 140, ""32"": 61, ""33"": 39, ""34"": 24, ""35"": 1, ""36"": 25, ""37"": 10, ""38"": 2, ""39"": 21, ""4"": 23924, ""40"": 16, ""41"": 2, ""42"": 35, ""43"": 5, ""44"": 3, ""45"": 35, ""46"": 5, ""48"": 52, ""5"": 25193, ""6"": 61126, ""7"": 54188, ""8"": 6893, ""9"": 27850}",131068,83652,63.823358867152926,119893,23.66186231110357,0,0.0,522252,521292,15559,2.984699554184603,2707,0.534248548924102,1593,27597,196309,224254,1250,225847,262524,1.007103552222034,0.5574036583516905,20466,88388,5925,74924,13754,95390,95960,1.2731567988895414,18.357268698948268,21,204.2958939000091,829714432
validation,stratum,flores200,am,uniq_superbpe_r64,131072,observed,32,6471,6471,2573,1518,4.262845849802371,0.5899727944034201,0.23458507185906352,0,0.0,4.262845849802371,3,13,22,"{""1"": 146, ""10"": 76, ""12"": 10, ""13"": 53, ""15"": 2, ""16"": 17, ""19"": 8, ""2"": 21, ""21"": 2, ""22"": 2, ""3"": 925, ""4"": 126, ""5"": 1, ""6"": 43, ""7"": 71, ""9"": 15}",131068,423,0.3227332377086703,1033,68.05006587615283,641,42.2266139657444,1519,1487,1,0.06724949562878278,0,0.0,0,116,370,486,0,486,486,1.0,0.0,1,75,1,75,1,76,76,1.0133333333333334,1.3333333333333333,16,204.2958939000091,829714432
validation,stratum,flores200,ar,uniq_superbpe_r64,131072,observed,32,6539,6539,3628,1646,3.9726609963547994,0.45369349503858875,0.2517204465514605,44,2.67314702308627,3.9726609963547994,2,11,21,"{""1"": 182, ""10"": 14, ""11"": 47, ""12"": 4, ""13"": 37, ""14"": 3, ""15"": 18, ""16"": 1, ""17"": 7, ""19"": 1, ""2"": 750, ""21"": 1, ""3"": 71, ""4"": 107, ""5"": 175, ""6"": 61, ""7"": 91, ""8"": 19, ""9"": 57}",131068,446,0.3402813806573687,1037,63.00121506682868,320,19.441069258809236,1647,1615,1,0.06191950464396285,0,0.0,0,65,516,581,0,581,581,1.0,0.0,2,87,1,86,2,88,88,1.0232558139534884,2.3255813953488373,15,204.2958939000091,829714432
validation,stratum,flores200,bg,uniq_superbpe_r64,131072,observed,32,7482,7482,4146,1506,4.968127490039841,0.36324167872648333,0.2012830793905373,0,0.0,4.968127490039841,4,11,23,"{""1"": 159, ""10"": 16, ""11"": 53, ""12"": 8, ""13"": 28, ""14"": 5, ""15"": 11, ""16"": 3, ""17"": 10, ""19"": 7, ""2"": 235, ""21"": 2, ""23"": 1, ""3"": 150, ""4"": 296, ""5"": 168, ""6"": 149, ""7"": 80, ""8"": 54, ""9"": 71}",131068,612,0.46693319498275704,605,40.1726427622842,69,4.581673306772909,1509,1477,3,0.2031144211238998,0,0.0,0,43,574,617,0,617,617,1.0,0.0,3,121,3,121,3,124,124,1.024793388429752,2.479338842975207,17,204.2958939000091,829714432
validation,stratum,flores200,bn,uniq_superbpe_r64,131072,observed,32,10772,10772,4028,1864,5.778969957081545,0.4627606752730884,0.17304121797252134,165,8.851931330472103,5.778969957081545,6,13,25,"{""1"": 288, ""10"": 80, ""12"": 63, ""13"": 75, ""15"": 7, ""16"": 25, ""18"": 2, ""19"": 4, ""2"": 10, ""21"": 2, ""22"": 4, ""24"": 1, ""25"": 2, ""3"": 435, ""4"": 18, ""6"": 449, ""7"": 275, ""9"": 124}",131068,519,0.3959776604510636,430,23.068669527896997,120,6.437768240343348,1869,1837,5,0.2721829069134458,0,0.0,2,68,492,558,2,560,560,1.003584229390681,0.35842293906810035,8,85,5,82,5,90,90,1.0975609756097562,6.097560975609756,16,204.2958939000091,829714432
validation,stratum,flores200,fa,uniq_superbpe_r64,131072,observed,32,6879,6879,3885,1389,4.952483801295896,0.3575289575289575,0.20191888355865678,2,0.14398848092152627,4.952483801295896,4,11,21,"{""1"": 108, ""10"": 11, ""11"": 67, ""12"": 3, ""13"": 32, ""14"": 3, ""15"": 13, ""16"": 6, ""17"": 7, ""19"": 2, ""2"": 411, ""21"": 1, ""3"": 84, ""4"": 116, ""5"": 214, ""6"": 54, ""7"": 129, ""8"": 26, ""9"": 102}",131068,542,0.41352580339976197,661,47.58819294456443,95,6.839452843772499,1390,1358,1,0.07363770250368189,0,0.0,0,34,666,700,0,700,700,1.0,0.0,4,107,1,104,4,108,108,1.0384615384615385,3.8461538461538463,16,204.2958939000091,829714432
validation,stratum,flores200,gu,uniq_superbpe_r64,131072,observed,32,9612,9612,3700,1732,5.549653579676674,0.4681081081081081,0.18019142738243862,204,11.778290993071593,5.549653579676674,6,13,19,"{""1"": 378, ""10"": 112, ""12"": 54, ""13"": 56, ""15"": 13, ""16"": 14, ""18"": 3, ""19"": 1, ""2"": 25, ""3"": 290, ""4"": 20, ""6"": 366, ""7"": 275, ""9"": 125}",131068,565,0.43107394634846036,515,29.734411085450347,148,8.545034642032332,1738,1706,6,0.3516998827667057,0,0.0,2,74,496,568,2,570,570,1.0035211267605635,0.352112676056338,13,85,6,78,10,91,91,1.1666666666666667,12.820512820512821,16,204.2958939000091,829714432
validation,stratum,flores200,hi,uniq_superbpe_r64,131072,observed,32,10074,10074,3966,1719,5.860383944153577,0.43343419062027233,0.1706372840976772,156,9.075043630017452,5.860383944153577,6,13,25,"{""1"": 279, ""10"": 103, ""12"": 31, ""13"": 73, ""15"": 3, ""16"": 7, ""17"": 8, ""18"": 4, ""19"": 7, ""2"": 25, ""22"": 1, ""25"": 3, ""3"": 305, ""4"": 19, ""6"": 317, ""7"": 450, ""9"": 84}",131068,561,0.4280220954008606,365,21.23327515997673,118,6.864456079115765,1740,1708,21,1.2295081967213115,8,0.4653868528214078,0,48,691,747,0,747,747,1.0,0.0,1,76,5,80,1,81,81,1.0125,1.25,17,204.2958939000091,829714432
validation,stratum,flores200,ja,uniq_superbpe_r64,131072,observed,32,5110,5110,1782,1409,3.6266855926188786,0.7906846240179574,0.27573385518591,81,5.748757984386089,3.6266855926188786,3,9,15,"{""1"": 124, ""12"": 51, ""15"": 4, ""2"": 21, ""3"": 1035, ""6"": 133, ""9"": 41}",131068,599,0.45701467940305796,855,60.681334279630946,380,26.9694819020582,1409,1377,0,0.0,0,0.0,0,1,1,2,0,2,2,1.0,0.0,2,112,1,111,2,113,113,1.018018018018018,1.8018018018018018,12,204.2958939000091,829714432
validation,stratum,flores200,kn,uniq_superbpe_r64,131072,observed,32,11326,11326,4264,1997,5.671507260891337,0.4683395872420263,0.17631997174642416,39,1.9529293940911367,5.671507260891337,6,10,19,"{""1"": 274, ""10"": 96, ""12"": 41, ""13"": 10, ""15"": 3, ""16"": 1, ""19"": 1, ""2"": 36, ""3"": 235, ""4"": 16, ""6"": 839, ""7"": 245, ""9"": 200}",131068,578,0.44099246192815944,326,16.324486730095142,50,2.5037556334501754,2014,1982,17,0.8577194752774975,0,0.0,46,147,402,503,42,549,549,1.091451292246521,8.34990059642147,0,73,17,90,0,90,90,1.0,0.0,12,204.2958939000091,829714432
validation,stratum,flores200,ko,uniq_superbpe_r64,131072,observed,32,4735,4735,2037,1319,3.5898407884761183,0.6475208640157094,0.2785638859556494,45,3.411675511751327,3.5898407884761183,3,9,12,"{""1"": 226, ""10"": 34, ""11"": 1, ""12"": 16, ""2"": 30, ""3"": 639, ""4"": 196, ""5"": 1, ""6"": 66, ""7"": 93, ""9"": 17}",131068,588,0.44862208929715874,632,47.915087187263076,137,10.386656557998483,1322,1290,3,0.23255813953488372,0,0.0,0,81,349,430,0,430,430,1.0,0.0,6,78,3,75,4,81,81,1.08,5.333333333333333,12,204.2958939000091,829714432
validation,stratum,flores200,ml,uniq_superbpe_r64,131072,observed,32,11894,11894,4384,1851,6.42571582928147,0.4222171532846715,0.15562468471498234,96,5.186385737439222,6.42571582928147,6,15,28,"{""1"": 278, ""10"": 59, ""12"": 201, ""13"": 31, ""15"": 47, ""16"": 25, ""18"": 9, ""19"": 8, ""2"": 31, ""21"": 4, ""22"": 6, ""24"": 3, ""25"": 1, ""27"": 2, ""28"": 1, ""3"": 334, ""4"": 22, ""6"": 498, ""7"": 181, ""9"": 110}",131068,602,0.45930356761375773,577,31.172339276066992,116,6.266882766072393,1864,1832,13,0.7096069868995634,0,0.0,5,87,360,442,5,447,447,1.01131221719457,1.1312217194570136,11,78,13,80,8,91,91,1.1375,10.0,19,204.2958939000091,829714432
validation,stratum,flores200,mr,uniq_superbpe_r64,131072,observed,32,10965,10965,4109,1842,5.952768729641694,0.44828425407641764,0.1679890560875513,180,9.77198697068404,5.952768729641694,6,13,25,"{""1"": 345, ""10"": 76, ""12"": 91, ""13"": 49, ""15"": 38, ""16"": 20, ""18"": 5, ""19"": 9, ""2"": 17, ""21"": 1, ""22"": 4, ""25"": 2, ""3"": 318, ""4"": 14, ""6"": 440, ""7"": 290, ""9"": 123}",131068,611,0.46617023224585713,460,24.9728555917481,147,7.980456026058632,1845,1813,3,0.1654715940430226,0,0.0,1,69,475,543,1,544,544,1.0018416206261511,0.1841620626151013,10,85,3,78,7,88,88,1.1282051282051282,8.974358974358974,18,204.2958939000091,829714432
validation,stratum,flores200,ru,uniq_superbpe_r64,131072,observed,32,7654,7654,4261,1638,4.672771672771673,0.38441680356723773,0.2140057486281683,0,0.0,4.672771672771673,4,11,21,"{""1"": 199, ""10"": 20, ""11"": 71, ""12"": 4, ""13"": 23, ""14"": 1, ""15"": 5, ""16"": 1, ""17"": 14, ""19"": 6, ""2"": 351, ""21"": 5, ""3"": 135, ""4"": 309, ""5"": 106, ""6"": 181, ""7"": 98, ""8"": 61, ""9"": 48}",131068,675,0.5149998474074526,715,43.65079365079365,66,4.029304029304029,1640,1608,2,0.12437810945273632,0,0.0,5,56,520,571,5,576,576,1.0087565674255692,0.8756567425569177,6,128,2,124,5,130,130,1.0483870967741935,4.032258064516129,17,204.2958939000091,829714432
validation,stratum,flores200,sw,uniq_superbpe_r64,131072,observed,32,4405,4405,4397,1283,3.4333593141075602,0.29178985672049124,0.2912599318955732,0,0.0,3.4333593141075602,3,7,12,"{""1"": 226, ""10"": 4, ""11"": 2, ""12"": 2, ""2"": 183, ""3"": 384, ""4"": 196, ""5"": 102, ""6"": 55, ""7"": 93, ""8"": 24, ""9"": 12}",131068,659,0.5027924436170538,347,27.045985970381917,19,1.4809041309431021,1284,1252,1,0.07987220447284345,0,0.0,0,39,621,660,0,660,660,1.0,0.0,1,76,1,76,1,77,77,1.013157894736842,1.3157894736842106,9,204.2958939000091,829714432
validation,stratum,flores200,ta,uniq_superbpe_r64,131072,observed,32,12193,12193,4517,2018,6.042120911793855,0.44675669692273634,0.16550479783482325,18,0.8919722497522299,6.042120911793855,6,10,16,"{""1"": 206, ""10"": 133, ""12"": 24, ""13"": 24, ""16"": 1, ""2"": 27, ""3"": 170, ""4"": 9, ""6"": 979, ""7"": 219, ""9"": 226}",131068,478,0.36469618823816646,248,12.289395441030724,43,2.130822596630327,2026,1994,8,0.4012036108324975,0,0.0,1,68,407,474,1,475,475,1.0021097046413503,0.2109704641350211,13,103,8,98,10,111,111,1.1326530612244898,10.204081632653061,13,204.2958939000091,829714432
validation,stratum,flores200,te,uniq_superbpe_r64,131072,observed,32,10409,10409,3954,1692,6.151891252955083,0.4279210925644917,0.1625516380055721,78,4.609929078014185,6.151891252955083,6,13,28,"{""1"": 262, ""10"": 60, ""12"": 67, ""13"": 45, ""15"": 19, ""16"": 28, ""18"": 6, ""19"": 2, ""2"": 32, ""21"": 2, ""22"": 1, ""25"": 1, ""28"": 2, ""3"": 182, ""4"": 16, ""6"": 601, ""7"": 220, ""9"": 146}",131068,609,0.46464430677205726,371,21.926713947990542,79,4.66903073286052,1699,1667,7,0.41991601679664065,0,0.0,6,81,405,480,6,486,486,1.0125,1.25,7,85,7,85,7,92,92,1.0823529411764705,8.235294117647058,16,204.2958939000091,829714432
validation,stratum,flores200,uk,uniq_superbpe_r64,131072,observed,32,7446,7446,4118,1579,4.71564281190627,0.38343856240893637,0.21206016653236637,0,0.0,4.71564281190627,4,11,31,"{""1"": 167, ""10"": 23, ""11"": 48, ""12"": 3, ""13"": 17, ""15"": 4, ""16"": 2, ""17"": 12, ""18"": 1, ""19"": 5, ""2"": 298, ""21"": 2, ""25"": 4, ""3"": 128, ""31"": 1, ""4"": 360, ""5"": 134, ""6"": 166, ""7"": 94, ""8"": 52, ""9"": 58}",131068,658,0.5020294808801539,726,45.97846738442052,75,4.749841671944268,1582,1550,3,0.1935483870967742,0,0.0,0,35,520,555,0,555,555,1.0,0.0,2,123,3,124,2,126,126,1.0161290322580645,1.6129032258064515,17,204.2958939000091,829714432
validation,stratum,flores200,ur,uniq_superbpe_r64,131072,observed,32,6879,6879,3892,1493,4.607501674480911,0.38360739979445013,0.21703736008140717,8,0.535833891493637,4.607501674480911,4,11,21,"{""1"": 95, ""10"": 4, ""11"": 59, ""12"": 7, ""13"": 21, ""15"": 7, ""16"": 1, ""17"": 1, ""18"": 1, ""19"": 3, ""2"": 524, ""21"": 1, ""3"": 53, ""4"": 102, ""5"": 300, ""6"": 18, ""7"": 184, ""8"": 15, ""9"": 97}",131068,490,0.3738517410809656,727,48.69390488948426,172,11.520428667113196,1496,1464,3,0.20491803278688525,2,0.13395847287340926,0,50,741,793,0,793,793,1.0,0.0,1,71,1,71,1,72,72,1.0140845070422535,1.408450704225352,13,204.2958939000091,829714432
validation,stratum,flores200,yo,uniq_superbpe_r64,131072,observed,32,5063,5063,3889,2005,2.5251870324189527,0.5155566983800463,0.39601027059055893,10,0.49875311720698257,2.5251870324189527,2,5,11,"{""1"": 547, ""10"": 1, ""11"": 1, ""2"": 710, ""3"": 286, ""4"": 195, ""5"": 206, ""6"": 28, ""7"": 9, ""8"": 22}",131068,508,0.3875850703451643,224,11.17206982543641,37,1.8453865336658355,2016,1984,11,0.5544354838709677,4,0.19950124688279303,0,112,602,718,0,718,718,1.0,0.0,2,71,7,76,2,78,78,1.0263157894736843,2.6315789473684212,8,204.2958939000091,829714432
validation,stratum,flores200,zh,uniq_superbpe_r64,131072,observed,32,3769,3769,1485,1316,2.863981762917933,0.8861952861952862,0.34916423454497214,78,5.927051671732523,2.863981762917933,3,6,12,"{""1"": 210, ""12"": 4, ""2"": 41, ""3"": 968, ""4"": 21, ""6"": 69, ""9"": 3}",131068,620,0.47303689687795647,846,64.28571428571429,359,27.279635258358663,1320,1288,4,0.3105590062111801,0,0.0,0,24,39,63,0,63,63,1.0,0.0,6,134,4,132,6,138,138,1.0454545454545454,4.545454545454546,6,204.2958939000091,829714432
validation,language,,am,uniq_superbpe_r64,131072,observed,32,6471,6471,2573,1518,4.262845849802371,0.5899727944034201,0.23458507185906352,0,0.0,4.262845849802371,3,13,22,"{""1"": 146, ""10"": 76, ""12"": 10, ""13"": 53, ""15"": 2, ""16"": 17, ""19"": 8, ""2"": 21, ""21"": 2, ""22"": 2, ""3"": 925, ""4"": 126, ""5"": 1, ""6"": 43, ""7"": 71, ""9"": 15}",131068,423,0.3227332377086703,1033,68.05006587615283,641,42.2266139657444,1519,1487,1,0.06724949562878278,0,0.0,0,116,370,486,0,486,486,1.0,0.0,1,75,1,75,1,76,76,1.0133333333333334,1.3333333333333333,16,204.2958939000091,829714432
validation,language,,ar,uniq_superbpe_r64,131072,observed,32,6539,6539,3628,1646,3.9726609963547994,0.45369349503858875,0.2517204465514605,44,2.67314702308627,3.9726609963547994,2,11,21,"{""1"": 182, ""10"": 14, ""11"": 47, ""12"": 4, ""13"": 37, ""14"": 3, ""15"": 18, ""16"": 1, ""17"": 7, ""19"": 1, ""2"": 750, ""21"": 1, ""3"": 71, ""4"": 107, ""5"": 175, ""6"": 61, ""7"": 91, ""8"": 19, ""9"": 57}",131068,446,0.3402813806573687,1037,63.00121506682868,320,19.441069258809236,1647,1615,1,0.06191950464396285,0,0.0,0,65,516,581,0,581,581,1.0,0.0,2,87,1,86,2,88,88,1.0232558139534884,2.3255813953488373,15,204.2958939000091,829714432
validation,language,,bg,uniq_superbpe_r64,131072,observed,32,7482,7482,4146,1506,4.968127490039841,0.36324167872648333,0.2012830793905373,0,0.0,4.968127490039841,4,11,23,"{""1"": 159, ""10"": 16, ""11"": 53, ""12"": 8, ""13"": 28, ""14"": 5, ""15"": 11, ""16"": 3, ""17"": 10, ""19"": 7, ""2"": 235, ""21"": 2, ""23"": 1, ""3"": 150, ""4"": 296, ""5"": 168, ""6"": 149, ""7"": 80, ""8"": 54, ""9"": 71}",131068,612,0.46693319498275704,605,40.1726427622842,69,4.581673306772909,1509,1477,3,0.2031144211238998,0,0.0,0,43,574,617,0,617,617,1.0,0.0,3,121,3,121,3,124,124,1.024793388429752,2.479338842975207,17,204.2958939000091,829714432
validation,language,,bn,uniq_superbpe_r64,131072,observed,32,10772,10772,4028,1864,5.778969957081545,0.4627606752730884,0.17304121797252134,165,8.851931330472103,5.778969957081545,6,13,25,"{""1"": 288, ""10"": 80, ""12"": 63, ""13"": 75, ""15"": 7, ""16"": 25, ""18"": 2, ""19"": 4, ""2"": 10, ""21"": 2, ""22"": 4, ""24"": 1, ""25"": 2, ""3"": 435, ""4"": 18, ""6"": 449, ""7"": 275, ""9"": 124}",131068,519,0.3959776604510636,430,23.068669527896997,120,6.437768240343348,1869,1837,5,0.2721829069134458,0,0.0,2,68,492,558,2,560,560,1.003584229390681,0.35842293906810035,8,85,5,82,5,90,90,1.0975609756097562,6.097560975609756,16,204.2958939000091,829714432
validation,language,,fa,uniq_superbpe_r64,131072,observed,32,6879,6879,3885,1389,4.952483801295896,0.3575289575289575,0.20191888355865678,2,0.14398848092152627,4.952483801295896,4,11,21,"{""1"": 108, ""10"": 11, ""11"": 67, ""12"": 3, ""13"": 32, ""14"": 3, ""15"": 13, ""16"": 6, ""17"": 7, ""19"": 2, ""2"": 411, ""21"": 1, ""3"": 84, ""4"": 116, ""5"": 214, ""6"": 54, ""7"": 129, ""8"": 26, ""9"": 102}",131068,542,0.41352580339976197,661,47.58819294456443,95,6.839452843772499,1390,1358,1,0.07363770250368189,0,0.0,0,34,666,700,0,700,700,1.0,0.0,4,107,1,104,4,108,108,1.0384615384615385,3.8461538461538463,16,204.2958939000091,829714432
validation,language,,gu,uniq_superbpe_r64,131072,observed,32,9612,9612,3700,1732,5.549653579676674,0.4681081081081081,0.18019142738243862,204,11.778290993071593,5.549653579676674,6,13,19,"{""1"": 378, ""10"": 112, ""12"": 54, ""13"": 56, ""15"": 13, ""16"": 14, ""18"": 3, ""19"": 1, ""2"": 25, ""3"": 290, ""4"": 20, ""6"": 366, ""7"": 275, ""9"": 125}",131068,565,0.43107394634846036,515,29.734411085450347,148,8.545034642032332,1738,1706,6,0.3516998827667057,0,0.0,2,74,496,568,2,570,570,1.0035211267605635,0.352112676056338,13,85,6,78,10,91,91,1.1666666666666667,12.820512820512821,16,204.2958939000091,829714432
validation,language,,hi,uniq_superbpe_r64,131072,observed,32,10074,10074,3966,1719,5.860383944153577,0.43343419062027233,0.1706372840976772,156,9.075043630017452,5.860383944153577,6,13,25,"{""1"": 279, ""10"": 103, ""12"": 31, ""13"": 73, ""15"": 3, ""16"": 7, ""17"": 8, ""18"": 4, ""19"": 7, ""2"": 25, ""22"": 1, ""25"": 3, ""3"": 305, ""4"": 19, ""6"": 317, ""7"": 450, ""9"": 84}",131068,561,0.4280220954008606,365,21.23327515997673,118,6.864456079115765,1740,1708,21,1.2295081967213115,8,0.4653868528214078,0,48,691,747,0,747,747,1.0,0.0,1,76,5,80,1,81,81,1.0125,1.25,17,204.2958939000091,829714432
validation,language,,ja,uniq_superbpe_r64,131072,observed,32,5110,5110,1782,1409,3.6266855926188786,0.7906846240179574,0.27573385518591,81,5.748757984386089,3.6266855926188786,3,9,15,"{""1"": 124, ""12"": 51, ""15"": 4, ""2"": 21, ""3"": 1035, ""6"": 133, ""9"": 41}",131068,599,0.45701467940305796,855,60.681334279630946,380,26.9694819020582,1409,1377,0,0.0,0,0.0,0,1,1,2,0,2,2,1.0,0.0,2,112,1,111,2,113,113,1.018018018018018,1.8018018018018018,12,204.2958939000091,829714432
validation,language,,kn,uniq_superbpe_r64,131072,observed,32,11326,11326,4264,1997,5.671507260891337,0.4683395872420263,0.17631997174642416,39,1.9529293940911367,5.671507260891337,6,10,19,"{""1"": 274, ""10"": 96, ""12"": 41, ""13"": 10, ""15"": 3, ""16"": 1, ""19"": 1, ""2"": 36, ""3"": 235, ""4"": 16, ""6"": 839, ""7"": 245, ""9"": 200}",131068,578,0.44099246192815944,326,16.324486730095142,50,2.5037556334501754,2014,1982,17,0.8577194752774975,0,0.0,46,147,402,503,42,549,549,1.091451292246521,8.34990059642147,0,73,17,90,0,90,90,1.0,0.0,12,204.2958939000091,829714432
validation,language,,ko,uniq_superbpe_r64,131072,observed,32,4735,4735,2037,1319,3.5898407884761183,0.6475208640157094,0.2785638859556494,45,3.411675511751327,3.5898407884761183,3,9,12,"{""1"": 226, ""10"": 34, ""11"": 1, ""12"": 16, ""2"": 30, ""3"": 639, ""4"": 196, ""5"": 1, ""6"": 66, ""7"": 93, ""9"": 17}",131068,588,0.44862208929715874,632,47.915087187263076,137,10.386656557998483,1322,1290,3,0.23255813953488372,0,0.0,0,81,349,430,0,430,430,1.0,0.0,6,78,3,75,4,81,81,1.08,5.333333333333333,12,204.2958939000091,829714432
validation,language,,ml,uniq_superbpe_r64,131072,observed,32,11894,11894,4384,1851,6.42571582928147,0.4222171532846715,0.15562468471498234,96,5.186385737439222,6.42571582928147,6,15,28,"{""1"": 278, ""10"": 59, ""12"": 201, ""13"": 31, ""15"": 47, ""16"": 25, ""18"": 9, ""19"": 8, ""2"": 31, ""21"": 4, ""22"": 6, ""24"": 3, ""25"": 1, ""27"": 2, ""28"": 1, ""3"": 334, ""4"": 22, ""6"": 498, ""7"": 181, ""9"": 110}",131068,602,0.45930356761375773,577,31.172339276066992,116,6.266882766072393,1864,1832,13,0.7096069868995634,0,0.0,5,87,360,442,5,447,447,1.01131221719457,1.1312217194570136,11,78,13,80,8,91,91,1.1375,10.0,19,204.2958939000091,829714432
validation,language,,mr,uniq_superbpe_r64,131072,observed,32,10965,10965,4109,1842,5.952768729641694,0.44828425407641764,0.1679890560875513,180,9.77198697068404,5.952768729641694,6,13,25,"{""1"": 345, ""10"": 76, ""12"": 91, ""13"": 49, ""15"": 38, ""16"": 20, ""18"": 5, ""19"": 9, ""2"": 17, ""21"": 1, ""22"": 4, ""25"": 2, ""3"": 318, ""4"": 14, ""6"": 440, ""7"": 290, ""9"": 123}",131068,611,0.46617023224585713,460,24.9728555917481,147,7.980456026058632,1845,1813,3,0.1654715940430226,0,0.0,1,69,475,543,1,544,544,1.0018416206261511,0.1841620626151013,10,85,3,78,7,88,88,1.1282051282051282,8.974358974358974,18,204.2958939000091,829714432
validation,language,,ru,uniq_superbpe_r64,131072,observed,32,7654,7654,4261,1638,4.672771672771673,0.38441680356723773,0.2140057486281683,0,0.0,4.672771672771673,4,11,21,"{""1"": 199, ""10"": 20, ""11"": 71, ""12"": 4, ""13"": 23, ""14"": 1, ""15"": 5, ""16"": 1, ""17"": 14, ""19"": 6, ""2"": 351, ""21"": 5, ""3"": 135, ""4"": 309, ""5"": 106, ""6"": 181, ""7"": 98, ""8"": 61, ""9"": 48}",131068,675,0.5149998474074526,715,43.65079365079365,66,4.029304029304029,1640,1608,2,0.12437810945273632,0,0.0,5,56,520,571,5,576,576,1.0087565674255692,0.8756567425569177,6,128,2,124,5,130,130,1.0483870967741935,4.032258064516129,17,204.2958939000091,829714432
validation,language,,sw,uniq_superbpe_r64,131072,observed,32,4405,4405,4397,1283,3.4333593141075602,0.29178985672049124,0.2912599318955732,0,0.0,3.4333593141075602,3,7,12,"{""1"": 226, ""10"": 4, ""11"": 2, ""12"": 2, ""2"": 183, ""3"": 384, ""4"": 196, ""5"": 102, ""6"": 55, ""7"": 93, ""8"": 24, ""9"": 12}",131068,659,0.5027924436170538,347,27.045985970381917,19,1.4809041309431021,1284,1252,1,0.07987220447284345,0,0.0,0,39,621,660,0,660,660,1.0,0.0,1,76,1,76,1,77,77,1.013157894736842,1.3157894736842106,9,204.2958939000091,829714432
validation,language,,ta,uniq_superbpe_r64,131072,observed,32,12193,12193,4517,2018,6.042120911793855,0.44675669692273634,0.16550479783482325,18,0.8919722497522299,6.042120911793855,6,10,16,"{""1"": 206, ""10"": 133, ""12"": 24, ""13"": 24, ""16"": 1, ""2"": 27, ""3"": 170, ""4"": 9, ""6"": 979, ""7"": 219, ""9"": 226}",131068,478,0.36469618823816646,248,12.289395441030724,43,2.130822596630327,2026,1994,8,0.4012036108324975,0,0.0,1,68,407,474,1,475,475,1.0021097046413503,0.2109704641350211,13,103,8,98,10,111,111,1.1326530612244898,10.204081632653061,13,204.2958939000091,829714432
validation,language,,te,uniq_superbpe_r64,131072,observed,32,10409,10409,3954,1692,6.151891252955083,0.4279210925644917,0.1625516380055721,78,4.609929078014185,6.151891252955083,6,13,28,"{""1"": 262, ""10"": 60, ""12"": 67, ""13"": 45, ""15"": 19, ""16"": 28, ""18"": 6, ""19"": 2, ""2"": 32, ""21"": 2, ""22"": 1, ""25"": 1, ""28"": 2, ""3"": 182, ""4"": 16, ""6"": 601, ""7"": 220, ""9"": 146}",131068,609,0.46464430677205726,371,21.926713947990542,79,4.66903073286052,1699,1667,7,0.41991601679664065,0,0.0,6,81,405,480,6,486,486,1.0125,1.25,7,85,7,85,7,92,92,1.0823529411764705,8.235294117647058,16,204.2958939000091,829714432
validation,language,,uk,uniq_superbpe_r64,131072,observed,32,7446,7446,4118,1579,4.71564281190627,0.38343856240893637,0.21206016653236637,0,0.0,4.71564281190627,4,11,31,"{""1"": 167, ""10"": 23, ""11"": 48, ""12"": 3, ""13"": 17, ""15"": 4, ""16"": 2, ""17"": 12, ""18"": 1, ""19"": 5, ""2"": 298, ""21"": 2, ""25"": 4, ""3"": 128, ""31"": 1, ""4"": 360, ""5"": 134, ""6"": 166, ""7"": 94, ""8"": 52, ""9"": 58}",131068,658,0.5020294808801539,726,45.97846738442052,75,4.749841671944268,1582,1550,3,0.1935483870967742,0,0.0,0,35,520,555,0,555,555,1.0,0.0,2,123,3,124,2,126,126,1.0161290322580645,1.6129032258064515,17,204.2958939000091,829714432
validation,language,,ur,uniq_superbpe_r64,131072,observed,32,6879,6879,3892,1493,4.607501674480911,0.38360739979445013,0.21703736008140717,8,0.535833891493637,4.607501674480911,4,11,21,"{""1"": 95, ""10"": 4, ""11"": 59, ""12"": 7, ""13"": 21, ""15"": 7, ""16"": 1, ""17"": 1, ""18"": 1, ""19"": 3, ""2"": 524, ""21"": 1, ""3"": 53, ""4"": 102, ""5"": 300, ""6"": 18, ""7"": 184, ""8"": 15, ""9"": 97}",131068,490,0.3738517410809656,727,48.69390488948426,172,11.520428667113196,1496,1464,3,0.20491803278688525,2,0.13395847287340926,0,50,741,793,0,793,793,1.0,0.0,1,71,1,71,1,72,72,1.0140845070422535,1.408450704225352,13,204.2958939000091,829714432
validation,language,,yo,uniq_superbpe_r64,131072,observed,32,5063,5063,3889,2005,2.5251870324189527,0.5155566983800463,0.39601027059055893,10,0.49875311720698257,2.5251870324189527,2,5,11,"{""1"": 547, ""10"": 1, ""11"": 1, ""2"": 710, ""3"": 286, ""4"": 195, ""5"": 206, ""6"": 28, ""7"": 9, ""8"": 22}",131068,508,0.3875850703451643,224,11.17206982543641,37,1.8453865336658355,2016,1984,11,0.5544354838709677,4,0.19950124688279303,0,112,602,718,0,718,718,1.0,0.0,2,71,7,76,2,78,78,1.0263157894736843,2.6315789473684212,8,204.2958939000091,829714432
validation,language,,zh,uniq_superbpe_r64,131072,observed,32,3769,3769,1485,1316,2.863981762917933,0.8861952861952862,0.34916423454497214,78,5.927051671732523,2.863981762917933,3,6,12,"{""1"": 210, ""12"": 4, ""2"": 41, ""3"": 968, ""4"": 21, ""6"": 69, ""9"": 3}",131068,620,0.47303689687795647,846,64.28571428571429,359,27.279635258358663,1320,1288,4,0.3105590062111801,0,0.0,0,24,39,63,0,63,63,1.0,0.0,6,134,4,132,6,138,138,1.0454545454545454,4.545454545454546,6,204.2958939000091,829714432
validation,domain,flores200,,uniq_superbpe_r64,131072,observed,640,159677,159677,73015,32816,4.865827645051194,0.44944189550092445,0.20551488317040026,1204,3.6689419795221845,4.865827645051194,4,12,31,"{""1"": 4699, ""10"": 922, ""11"": 349, ""12"": 684, ""13"": 574, ""14"": 12, ""15"": 194, ""16"": 152, ""17"": 59, ""18"": 31, ""19"": 64, ""2"": 3778, ""21"": 23, ""22"": 18, ""23"": 1, ""24"": 4, ""25"": 13, ""27"": 2, ""28"": 3, ""3"": 7127, ""31"": 1, ""4"": 2158, ""5"": 1407, ""6"": 5512, ""7"": 3097, ""8"": 273, ""9"": 1659}",131068,8848,6.750694296090579,11700,35.653339834227204,3191,9.723915163334958,32929,32289,113,0.3499643841555948,14,0.042662116040955635,68,1298,9247,10491,64,10559,10559,1.006481746258698,0.6100467067009818,99,1853,92,1846,81,1945,1945,1.0536294691224268,4.387865655471289,16,204.2958939000091,829714432
validation,aggregate,,,uniq_superbpe_r64,131072,observed,640,159677,159677,73015,32816,4.865827645051194,0.44944189550092445,0.20551488317040026,1204,3.6689419795221845,4.865827645051194,4,12,31,"{""1"": 4699, ""10"": 922, ""11"": 349, ""12"": 684, ""13"": 574, ""14"": 12, ""15"": 194, ""16"": 152, ""17"": 59, ""18"": 31, ""19"": 64, ""2"": 3778, ""21"": 23, ""22"": 18, ""23"": 1, ""24"": 4, ""25"": 13, ""27"": 2, ""28"": 3, ""3"": 7127, ""31"": 1, ""4"": 2158, ""5"": 1407, ""6"": 5512, ""7"": 3097, ""8"": 273, ""9"": 1659}",131068,8848,6.750694296090579,11700,35.653339834227204,3191,9.723915163334958,32929,32289,113,0.3499643841555948,14,0.042662116040955635,68,1298,9247,10491,64,10559,10559,1.006481746258698,0.6100467067009818,99,1853,92,1846,81,1945,1945,1.0536294691224268,4.387865655471289,16,204.2958939000091,829714432
