batch_size,bootstrap_95_intervals_rounds,cache,characters,classification,cpu_observation_wall_ns_rounds,fixture_sha256,interval_envelope,latency_p50_ns,latency_p95_ns,length,live_after_bytes,live_before_bytes,model_sha256,native_sha256,normalized_input_bytes,normalized_mb_per_second,output,output_sha256,peak_live_bytes,process_cpu_percent_rounds,process_peak_before_measurement_bytes,process_peak_rss_bytes,requested_bytes,requests,script,speedup_median,speedup_rounds,surface,temporary_peak_live_bytes,tokens,tokens_per_second,variant,vocab_budget
1,,cold,,,"[2563548700, 2449242100]",5de121ac926815aeca643ca1c76df56280657162afeed97f1ced4cd04da76878,,22364.009587923298,23942.615259077927,short,2926909,2926109,bcabbdeddb1bb4054234cd9b034ae62c8d75875c2a169aca9ff3cd45cb47960f,c263245792619f850fc86f5ed974d1243cc683ba8f4cf4e95170ddb0352ac87b,32,1.4308704293026326,spans,f0af3b597d70fb360d199e2b46b28e639586d53b48a0acd8b1cbcf6c28194e14,2939036,"[99.34958520585157, 97.60672495381326]",226942976,226942976,26031,295,latin,,,segmentation,12927,14,626005.8128199017,baseline,8192
1,"[[1.0982512673834506, 1.1427524336274095], [1.1002950828714047, 1.1529982133728844]]",cold,,repeatable_gain,"[2304878900, 2152837100]",5de121ac926815aeca643ca1c76df56280657162afeed97f1ced4cd04da76878,"[1.0982512673834506, 1.1529982133728844]",19802.32048143615,20703.01917584659,short,2926909,2926109,bcabbdeddb1bb4054234cd9b034ae62c8d75875c2a169aca9ff3cd45cb47960f,14c27d2190d4cf036a59a29f34ad42703fc7830255ebc0c211596ab1b024b078,32,1.6159722306281563,spans,f0af3b597d70fb360d199e2b46b28e639586d53b48a0acd8b1cbcf6c28194e14,2939036,"[97.61901156715868, 100.88431679294267]",226398208,226398208,13743,263,latin,1.121174601121603,"[1.1177049195304756, 1.1365672643421207]",segmentation,12927,14,706987.8508998184,prefix,8192
1,"[[4.437302922967563, 4.742257207777536], [3.982974956227499, 4.611556868275242]]",cold,,repeatable_gain,"[670919300, 681309800]",5de121ac926815aeca643ca1c76df56280657162afeed97f1ced4cd04da76878,"[3.982974956227499, 4.742257207777536]",5031.507547939616,5645.269978401728,short,2926813,2926109,bcabbdeddb1bb4054234cd9b034ae62c8d75875c2a169aca9ff3cd45cb47960f,6253a34a66c92b20b2daad27f52661516b19f3ad00a811ed446c1a42e6f9b981,32,6.35992288496196,spans,f0af3b597d70fb360d199e2b46b28e639586d53b48a0acd8b1cbcf6c28194e14,2928133,"[97.8135522409327, 94.02844344819347]",226603008,226603008,2024,17,latin,4.480207752052186,"[4.595367741310832, 4.270759537773649]",segmentation,2024,14,2782466.2621708573,compact,8192
1,,cold,,,"[1427757300, 1404733500]",4c641d111dfc4a4fa2ea65c628308352eca53817f05adaae5e956f619adf59ea,,21035.8875128999,22716.180705543557,short,2927805,2926173,bcabbdeddb1bb4054234cd9b034ae62c8d75875c2a169aca9ff3cd45cb47960f,c263245792619f850fc86f5ed974d1243cc683ba8f4cf4e95170ddb0352ac87b,96,4.563629651524312,spans,30ebbbf61e9b1ad6f228333859c262944e302bc7607c1b9c1a180885b24b9f5d,2939029,"[96.30488318988108, 98.99564579331239]",226594816,226594816,26588,232,cjk,,,segmentation,12856,32,1521209.8838414375,baseline,8192
1,"[[1.0534278280848761, 1.1799909687369052], [1.047629877423041, 1.1645248112152458]]",cold,,repeatable_gain,"[1299687600, 1279314600]",4c641d111dfc4a4fa2ea65c628308352eca53817f05adaae5e956f619adf59ea,"[1.047629877423041, 1.1799909687369052]",18994.83611280138,19910.799136069116,short,2927805,2926173,bcabbdeddb1bb4054234cd9b034ae62c8d75875c2a169aca9ff3cd45cb47960f,14c27d2190d4cf036a59a29f34ad42703fc7830255ebc0c211596ab1b024b078,96,5.054005174348505,spans,30ebbbf61e9b1ad6f228333859c262944e302bc7607c1b9c1a180885b24b9f5d,2939029,"[99.7835941498557, 97.70856988578103]",226324480,226324480,14300,200,cjk,1.1096913002474227,"[1.099624068609054, 1.1197585318857917]",segmentation,12856,32,1684668.3914495015,prefix,8192
1,"[[2.4349624876366005, 2.5662937505633567], [2.232886781808961, 2.4959061021066296]]",cold,,repeatable_gain,"[630673500, 641716800]",4c641d111dfc4a4fa2ea65c628308352eca53817f05adaae5e956f619adf59ea,"[2.232886781808961, 2.5662937505633567]",8584.074506237645,9628.023758099353,short,2927805,2926173,bcabbdeddb1bb4054234cd9b034ae62c8d75875c2a169aca9ff3cd45cb47960f,6253a34a66c92b20b2daad27f52661516b19f3ad00a811ed446c1a42e6f9b981,96,11.183500321466374,spans,30ebbbf61e9b1ad6f228333859c262944e302bc7607c1b9c1a180885b24b9f5d,2929325,"[101.57791630693221, 102.26473734207988]",226684928,226684928,3252,37,cjk,2.4503952258280233,"[2.4809219378110887, 2.327266673847691]",segmentation,3152,32,3727833.440488791,compact,8192
1,,cold,,,"[1414215700, 1667398200]",72c160e73ed942bac33add1db69a746672663e1d5365f6814e1f966e6d2a3f33,,28764.77726397074,31577.658891504387,short,2927850,2926173,bcabbdeddb1bb4054234cd9b034ae62c8d75875c2a169aca9ff3cd45cb47960f,c263245792619f850fc86f5ed974d1243cc683ba8f4cf4e95170ddb0352ac87b,96,3.33741503085597,spans,66db79a621e556ae502ad1fe36487dc956a8740b2c530cb3107ca09691c5de19,2940979,"[97.22703545152271, 100.26849015430147]",226844672,226844672,28652,283,indic,,,segmentation,14806,29,1008177.4572377409,baseline,8192
1,"[[1.0522859368744881, 1.1131773418478197], [1.0188662814559966, 1.1280943013324276]]",cold,,repeatable_gain,"[1326619300, 1555998400]",72c160e73ed942bac33add1db69a746672663e1d5365f6814e1f966e6d2a3f33,"[1.0188662814559966, 1.1280943013324276]",27211.667516976442,29997.325058848706,short,2927850,2926173,bcabbdeddb1bb4054234cd9b034ae62c8d75875c2a169aca9ff3cd45cb47960f,14c27d2190d4cf036a59a29f34ad42703fc7830255ebc0c211596ab1b024b078,96,3.5278984626763075,spans,66db79a621e556ae502ad1fe36487dc956a8740b2c530cb3107ca09691c5de19,2940979,"[98.93569315628078, 99.41366263615696]",226557952,226557952,16364,251,indic,1.0778973439786865,"[1.0789359347036733, 1.0763921957843923]",segmentation,14806,29,1065719.3272668011,prefix,8192
1,"[[2.184273614726323, 2.4511318836918266], [2.837925765864553, 2.9462774516599297]]",cold,,repeatable_gain,"[655684000, 628965300]",72c160e73ed942bac33add1db69a746672663e1d5365f6814e1f966e6d2a3f33,"[2.184273614726323, 2.9462774516599297]",11161.746920492722,12403.740201567749,short,2927706,2926173,bcabbdeddb1bb4054234cd9b034ae62c8d75875c2a169aca9ff3cd45cb47960f,6253a34a66c92b20b2daad27f52661516b19f3ad00a811ed446c1a42e6f9b981,96,8.60080421853555,spans,66db79a621e556ae502ad1fe36487dc956a8740b2c530cb3107ca09691c5de19,2929226,"[100.08632206977752, 101.85379066221935]",226070528,226070528,3153,34,indic,2.524252112680009,"[2.3675583128937623, 2.8551217605652877]",segmentation,3053,29,2598159.6076826146,compact,8192
1,,cold,,,"[2115839200, 1956198700]",6c55b68308ed8628bda3b953d1cdfad84d0da74a831b4f3b2a2d33f8af78a072,,20110.379169666427,23257.35993504234,short,2927741,2926141,bcabbdeddb1bb4054234cd9b034ae62c8d75875c2a169aca9ff3cd45cb47960f,c263245792619f850fc86f5ed974d1243cc683ba8f4cf4e95170ddb0352ac87b,64,3.1824362663700874,spans,af8855cc44a885ecab9205da77a1ad913cd3f6828fd31038dd7ac92aa4cc1d15,2939483,"[98.21752995218162, 98.24538785349361]",226557952,226557952,27042,253,arabic,,,segmentation,13342,19,944785.7665786197,baseline,8192
1,"[[1.0582901272877874, 1.1503289419315108], [1.0967654815134318, 1.1201420436453182]]",cold,,repeatable_gain,"[2463485400, 1807429500]",6c55b68308ed8628bda3b953d1cdfad84d0da74a831b4f3b2a2d33f8af78a072,"[1.0582901272877874, 1.1503289419315108]",18229.487640988722,19639.310984804546,short,2927741,2926141,bcabbdeddb1bb4054234cd9b034ae62c8d75875c2a169aca9ff3cd45cb47960f,14c27d2190d4cf036a59a29f34ad42703fc7830255ebc0c211596ab1b024b078,64,3.510795325706082,spans,af8855cc44a885ecab9205da77a1ad913cd3f6828fd31038dd7ac92aa4cc1d15,2939483,"[79.28299473583242, 102.0095112976744]",226557952,226557952,14754,221,arabic,1.1093950290289927,"[1.1162519198794523, 1.1064372308510033]",segmentation,13342,19,1042267.3623189932,prefix,8192
1,"[[3.2163064786282387, 3.7298380583151602], [3.396547697144609, 3.481913688586828]]",cold,,repeatable_gain,"[826027200, 652050900]",6c55b68308ed8628bda3b953d1cdfad84d0da74a831b4f3b2a2d33f8af78a072,"[3.2163064786282387, 3.7298380583151602]",5904.829613630909,12520.554460039439,short,2927117,2926141,bcabbdeddb1bb4054234cd9b034ae62c8d75875c2a169aca9ff3cd45cb47960f,6253a34a66c92b20b2daad27f52661516b19f3ad00a811ed446c1a42e6f9b981,64,10.838585393261853,spans,af8855cc44a885ecab9205da77a1ad913cd3f6828fd31038dd7ac92aa4cc1d15,2928573,"[92.68762578278294, 95.85141282682072]",227024896,227024896,2500,24,arabic,3.426626773251634,"[3.4207132118003916, 3.4325403347028765]",segmentation,2432,19,3217705.0386246126,compact,8192
1,,cold,,,"[2365522800, 2433022200]",6e15aae1d9028536678d32c88a163f53048352b807b9d9870a77d4bc393f46a8,,20774.099346304254,22313.503184713376,short,2926909,2926109,bcabbdeddb1bb4054234cd9b034ae62c8d75875c2a169aca9ff3cd45cb47960f,c263245792619f850fc86f5ed974d1243cc683ba8f4cf4e95170ddb0352ac87b,32,1.5403796557703886,spans,99749b684a998f15867040b2d564bd693137288a5e3665cf96e055afab302a44,2938890,"[97.75851663742155, 100.18404271033778]",226394112,226394112,25645,275,dense_ascii,,,segmentation,12781,16,770189.8278851942,baseline,8192
1,"[[1.1122631086009298, 1.1676068233658337], [1.1068098512601592, 1.158022215009841]]",cold,,repeatable_gain,"[2104689100, 2174556500]",6e15aae1d9028536678d32c88a163f53048352b807b9d9870a77d4bc393f46a8,"[1.1068098512601592, 1.1676068233658337]",18315.25582362729,19130.32827045566,short,2926909,2926109,bcabbdeddb1bb4054234cd9b034ae62c8d75875c2a169aca9ff3cd45cb47960f,14c27d2190d4cf036a59a29f34ad42703fc7830255ebc0c211596ab1b024b078,32,1.7471773426565484,spans,99749b684a998f15867040b2d564bd693137288a5e3665cf96e055afab302a44,2938890,"[99.48025102614918, 98.43961285898986]",226324480,226324480,13357,243,dense_ascii,1.1351733166408136,"[1.138742741839073, 1.130349476635136]",segmentation,12781,16,873588.6713282742,prefix,8192
1,"[[3.829479094548629, 4.196090814098662], [4.031858787637833, 4.254494911459813]]",cold,,repeatable_gain,"[708320300, 691528500]",6e15aae1d9028536678d32c88a163f53048352b807b9d9870a77d4bc393f46a8,"[3.829479094548629, 4.254494911459813]",5070.570626919367,5527.620632279534,short,2926909,2926109,bcabbdeddb1bb4054234cd9b034ae62c8d75875c2a169aca9ff3cd45cb47960f,6253a34a66c92b20b2daad27f52661516b19f3ad00a811ed446c1a42e6f9b981,32,6.310926788025364,spans,99749b684a998f15867040b2d564bd693137288a5e3665cf96e055afab302a44,2928229,"[94.85468650270224, 99.41744989541284]",226193408,226193408,2120,19,dense_ascii,4.075558357062792,"[4.007476624489827, 4.204470563975667]",segmentation,2120,16,3155463.394012682,compact,8192
1,,cold,,,"[3260766400, 3319597700]",66a47f84437e63c5bd7104074712b3c63f587a6b5daa3b4153428215d8e6e7b6,,173725.0,184017.58045292014,medium,2932733,2926333,bcabbdeddb1bb4054234cd9b034ae62c8d75875c2a169aca9ff3cd45cb47960f,c263245792619f850fc86f5ed974d1243cc683ba8f4cf4e95170ddb0352ac87b,256,1.4735933227802562,spans,8356b842eee79d6c1937a1472e037b297ba272385f39de2cc9dadb5cfe7e1993,3029901,"[99.66981995398383, 97.90342968366318]",226889728,226889728,209879,2370,latin,,,segmentation,103568,106,610159.7352136999,baseline,8192
1,"[[1.125131660783111, 1.1749401952388003], [1.0688420168085195, 1.100608883226816]]",cold,,repeatable_gain,"[2848975500, 3050054400]",66a47f84437e63c5bd7104074712b3c63f587a6b5daa3b4153428215d8e6e7b6,"[1.0688420168085195, 1.1749401952388003]",156384.5947556615,167227.47318235994,medium,2932733,2926333,bcabbdeddb1bb4054234cd9b034ae62c8d75875c2a169aca9ff3cd45cb47960f,14c27d2190d4cf036a59a29f34ad42703fc7830255ebc0c211596ab1b024b078,256,1.6369898863758265,spans,8356b842eee79d6c1937a1472e037b297ba272385f39de2cc9dadb5cfe7e1993,3029901,"[98.71969765973768, 99.38347329149276]",226697216,226697216,111575,2114,latin,1.1151222174843791,"[1.1494343484095821, 1.081174757200503]",segmentation,103568,106,677816.1248274907,prefix,8192
1,"[[5.47087596997342, 5.914806761303027], [5.495951174911559, 5.933695102972978]]",cold,,repeatable_gain,"[621008800, 622896900]",66a47f84437e63c5bd7104074712b3c63f587a6b5daa3b4153428215d8e6e7b6,"[5.47087596997342, 5.933695102972978]",30354.171632896305,33580.21454112038,medium,2931677,2926333,bcabbdeddb1bb4054234cd9b034ae62c8d75875c2a169aca9ff3cd45cb47960f,6253a34a66c92b20b2daad27f52661516b19f3ad00a811ed446c1a42e6f9b981,256,8.43376663662797,spans,8356b842eee79d6c1937a1472e037b297ba272385f39de2cc9dadb5cfe7e1993,2941957,"[98.12662880139541, 95.32075051264502]",226426880,226426880,15624,109,latin,5.812446020977921,"[5.77013498650135, 5.854757055454493]",segmentation,15624,106,3492106.497978769,compact,8192
1,,cold,,,"[1593119500, 1612235800]",127316d2e2156c3343d254c27702ffbf267d93320c8c47bb3b7a66fcd8ae6e4d,,156388.7931241736,169847.5706214689,medium,2939901,2926845,bcabbdeddb1bb4054234cd9b034ae62c8d75875c2a169aca9ff3cd45cb47960f,c263245792619f850fc86f5ed974d1243cc683ba8f4cf4e95170ddb0352ac87b,768,4.910837820649998,spans,a87e58563a9e4cf8b2835b72c3fb931f30f844f7cf07c2fb20ec1b5a4bd0ad05,3029077,"[99.05879627987731, 98.85340593478944]",226947072,226947072,213404,1803,cjk,,,segmentation,102232,256,1636945.9402166659,baseline,8192
1,"[[1.0671837979942227, 1.1905310656598571], [1.077710113381751, 1.181890662114656]]",cold,,repeatable_gain,"[1412090600, 1444931600]",127316d2e2156c3343d254c27702ffbf267d93320c8c47bb3b7a66fcd8ae6e4d,"[1.0671837979942227, 1.1905310656598571]",135964.34699261677,153762.82485875706,medium,2939901,2926845,bcabbdeddb1bb4054234cd9b034ae62c8d75875c2a169aca9ff3cd45cb47960f,14c27d2190d4cf036a59a29f34ad42703fc7830255ebc0c211596ab1b024b078,768,5.648539613415747,spans,a87e58563a9e4cf8b2835b72c3fb931f30f844f7cf07c2fb20ec1b5a4bd0ad05,3029077,"[99.5863863126063, 99.48567807638784]",227094528,227094528,115100,1547,cjk,1.1192475313514616,"[1.1084383598283254, 1.1194791303915228]",segmentation,102232,256,1882846.537805249,prefix,8192
1,"[[2.698108475484847, 2.871179144224416], [2.6975839371862733, 2.933765377411538]]",cold,,repeatable_gain,"[613980800, 619482300]",127316d2e2156c3343d254c27702ffbf267d93320c8c47bb3b7a66fcd8ae6e4d,"[2.6975839371862733, 2.933765377411538]",55928.38745800672,60374.132138857785,medium,2939901,2926845,bcabbdeddb1bb4054234cd9b034ae62c8d75875c2a169aca9ff3cd45cb47960f,6253a34a66c92b20b2daad27f52661516b19f3ad00a811ed446c1a42e6f9b981,768,13.731845935601939,spans,a87e58563a9e4cf8b2835b72c3fb931f30f844f7cf07c2fb20ec1b5a4bd0ad05,2951725,"[101.79471410180905, 100.89069534351506]",226680832,226680832,25652,261,cjk,2.7648231813024386,"[2.730457788008687, 2.8412428385379744]",segmentation,24880,256,4577281.9785339795,compact,8192
1,,cold,,,"[1605008800, 1497487500]",3995a70618b64d0c44be456d64977adf513bfa9f10e2afa4527f3b71d11bcf3a,,211512.26265822785,228880.69620253163,medium,2940291,2926845,bcabbdeddb1bb4054234cd9b034ae62c8d75875c2a169aca9ff3cd45cb47960f,c263245792619f850fc86f5ed974d1243cc683ba8f4cf4e95170ddb0352ac87b,768,3.6309951505789195,spans,068dec8944a65111706fc3a421b794932094e40d02765935d6932af6417a9fdb,3045819,"[99.29852098007188, 100.16778103323065]",227311616,227311616,231134,2242,indic,,,segmentation,118974,231,1092135.2601350655,baseline,8192
1,"[[1.013709322239512, 1.1543052530981215], [1.0303307963875075, 1.1150897627351894]]",cold,,repeatable_gain,"[1529067300, 1381348200]",3995a70618b64d0c44be456d64977adf513bfa9f10e2afa4527f3b71d11bcf3a,"[1.013709322239512, 1.1543052530981215]",194863.22618254495,215796.992481203,medium,2940291,2926845,bcabbdeddb1bb4054234cd9b034ae62c8d75875c2a169aca9ff3cd45cb47960f,14c27d2190d4cf036a59a29f34ad42703fc7830255ebc0c211596ab1b024b078,768,3.9412259308513606,spans,068dec8944a65111706fc3a421b794932094e40d02765935d6932af6417a9fdb,3045819,"[98.09901761681779, 99.5404344827756]",226848768,226848768,132830,1986,indic,1.0680646509140013,"[1.0444868311488493, 1.073413961034962]",segmentation,118974,231,1185446.862013886,prefix,8192
1,"[[2.637391718040716, 2.81936057143184], [2.4969909165049637, 2.6224077986393812]]",cold,,repeatable_gain,"[610638000, 599858200]",3995a70618b64d0c44be456d64977adf513bfa9f10e2afa4527f3b71d11bcf3a,"[2.4969909165049637, 2.81936057143184]",78857.85654801561,85262.25563909774,medium,2939091,2926845,bcabbdeddb1bb4054234cd9b034ae62c8d75875c2a169aca9ff3cd45cb47960f,6253a34a66c92b20b2daad27f52661516b19f3ad00a811ed446c1a42e6f9b981,768,9.739042292284141,spans,068dec8944a65111706fc3a421b794932094e40d02765935d6932af6417a9fdb,2950915,"[99.79316714649269, 96.37694375103983]",226574336,226574336,24842,236,indic,2.6370257584691754,"[2.78579235827456, 2.566723052627566]",segmentation,24070,231,2929321.3144760896,compact,8192
1,,cold,,,"[2392871800, 2354000200]",bc25791e35cac9cd369581d3ab30ea61b3d9266f0834cab7a477e5081f79e04a,,155270.77064896753,166960.98484848486,medium,2939389,2926589,bcabbdeddb1bb4054234cd9b034ae62c8d75875c2a169aca9ff3cd45cb47960f,c263245792619f850fc86f5ed974d1243cc683ba8f4cf4e95170ddb0352ac87b,512,3.297465439632018,spans,eadc8cb8e9f7836828060e00669c4e5824bf927d809ef5422847deea0ac8c9c7,3033051,"[98.600142305994, 98.23703498410917]",226770944,226770944,217378,1984,arabic,,,segmentation,106462,147,946733.241456849,baseline,8192
1,"[[1.0547559561243107, 1.1598778327543324], [1.0942861383041307, 1.1498503729753933]]",cold,,repeatable_gain,"[2145284800, 2109537300]",bc25791e35cac9cd369581d3ab30ea61b3d9266f0834cab7a477e5081f79e04a,"[1.0547559561243107, 1.1598778327543324]",140710.23230088496,149704.0909090909,medium,2939389,2926589,bcabbdeddb1bb4054234cd9b034ae62c8d75875c2a169aca9ff3cd45cb47960f,14c27d2190d4cf036a59a29f34ad42703fc7830255ebc0c211596ab1b024b078,512,3.638683496060008,spans,eadc8cb8e9f7836828060e00669c4e5824bf927d809ef5422847deea0ac8c9c7,3033051,"[96.14108112824925, 99.99230636974279]",227151872,227151872,119074,1728,arabic,1.121526268779386,"[1.1243982755433137, 1.115589016117781]",segmentation,106462,147,1044700.1443766039,prefix,8192
1,"[[3.9062205368597462, 4.322705406658036], [3.894724051291767, 4.2340982793877675]]",cold,,repeatable_gain,"[620792600, 617205600]",bc25791e35cac9cd369581d3ab30ea61b3d9266f0834cab7a477e5081f79e04a,"[3.894724051291767, 4.322705406658036]",38287.31060606061,40822.878787878784,medium,2934157,2926589,bcabbdeddb1bb4054234cd9b034ae62c8d75875c2a169aca9ff3cd45cb47960f,6253a34a66c92b20b2daad27f52661516b19f3ad00a811ed446c1a42e6f9b981,512,13.372576759647204,spans,eadc8cb8e9f7836828060e00669c4e5824bf927d809ef5422847deea0ac8c9c7,2945469,"[98.16080281884804, 98.73128176413177]",226557952,226557952,19396,152,arabic,4.165374879665458,"[4.201134219986475, 4.0745073977493]",segmentation,18880,147,3839392.155601834,compact,8192
1,,cold,,,"[2808297600, 2293733700]",f88147a2276fd280b399d90ad2ecfd5b7140a36b4aa0423416b8e95697cd3d22,,156859.91733731597,168244.3418013857,medium,2932733,2926333,bcabbdeddb1bb4054234cd9b034ae62c8d75875c2a169aca9ff3cd45cb47960f,c263245792619f850fc86f5ed974d1243cc683ba8f4cf4e95170ddb0352ac87b,256,1.6320294205529282,spans,3801ce66a6c165685496255ce4bcf165bfed710275554b42031cc1067bbbdb4c,3028266,"[100.70602916158174, 98.09334012923993]",227512320,227512320,206189,2182,dense_ascii,,,segmentation,101933,128,816014.7102764641,baseline,8192
1,"[[1.090450334321114, 1.159623094590824], [1.0648176391948634, 1.1682384416487652]]",cold,,repeatable_gain,"[2495176000, 2055337100]",f88147a2276fd280b399d90ad2ecfd5b7140a36b4aa0423416b8e95697cd3d22,"[1.0648176391948634, 1.1682384416487652]",141076.91326530612,145154.33673469388,medium,2932733,2926333,bcabbdeddb1bb4054234cd9b034ae62c8d75875c2a169aca9ff3cd45cb47960f,14c27d2190d4cf036a59a29f34ad42703fc7830255ebc0c211596ab1b024b078,256,1.8146129942506757,spans,3801ce66a6c165685496255ce4bcf165bfed710275554b42031cc1067bbbdb4c,3028266,"[98.94091639227052, 101.86893429793098]",227164160,227164160,107885,1926,dense_ascii,1.115890832542316,"[1.1174742336912347, 1.1102297225403095]",segmentation,101933,128,907306.4971253378,prefix,8192
1,"[[4.455496220390049, 5.20532644813835], [4.287376047559015, 5.133469051761957]]",cold,,repeatable_gain,"[643226500, 517323100]",f88147a2276fd280b399d90ad2ecfd5b7140a36b4aa0423416b8e95697cd3d22,"[4.287376047559015, 5.20532644813835]",32542.69269630485,36326.147959183676,medium,2932733,2926333,bcabbdeddb1bb4054234cd9b034ae62c8d75875c2a169aca9ff3cd45cb47960f,6253a34a66c92b20b2daad27f52661516b19f3ad00a811ed446c1a42e6f9b981,256,7.8665893566044165,spans,3801ce66a6c165685496255ce4bcf165bfed710275554b42031cc1067bbbdb4c,2943013,"[94.7372348620587, 93.63104025318026]",226680832,226680832,16680,131,dense_ascii,4.7672020211481225,"[4.70765398418722, 4.770149581367826]",segmentation,16680,128,3933294.678302208,compact,8192
1,,cold,,,"[3346557400, 2634901500]",fd946d3b0a5662313e9bd5363d7323e8697dfd1ca8c1cee1fd0812c19ab81700,,2963300.0,3189043.2098765434,long,3032573,2930173,bcabbdeddb1bb4054234cd9b034ae62c8d75875c2a169aca9ff3cd45cb47960f,c263245792619f850fc86f5ed974d1243cc683ba8f4cf4e95170ddb0352ac87b,4096,1.3822427698849256,spans,ea8531ae14e481922b2e026bf8d6e20870923c7ad308fe8fa323ddd49380e8f0,4586623,"[99.44921309283384, 97.25221227434876]",229367808,229367808,3360409,37833,latin,,,segmentation,1656450,1687,569297.742381804,baseline,8192
1,"[[1.0838315937125245, 1.141331927683981], [1.0994734262053336, 1.2079517320973174]]",cold,,repeatable_gain,"[3033499100, 2305408400]",fd946d3b0a5662313e9bd5363d7323e8697dfd1ca8c1cee1fd0812c19ab81700,"[1.0838315937125245, 1.2079517320973174]",2650666.2891046386,2789394.174757282,long,3032573,2930173,bcabbdeddb1bb4054234cd9b034ae62c8d75875c2a169aca9ff3cd45cb47960f,14c27d2190d4cf036a59a29f34ad42703fc7830255ebc0c211596ab1b024b078,4096,1.545271849887817,spans,ea8531ae14e481922b2e026bf8d6e20870923c7ad308fe8fa323ddd49380e8f0,4586623,"[97.86553093093056, 98.27434479721684]",229384192,229384192,1787545,33737,latin,1.1150629350689765,"[1.1064168142173259, 1.1463566691645435]",segmentation,1656450,1687,636443.7526271356,prefix,8192
1,"[[5.385558204630489, 5.993209500009839], [5.467308046980602, 6.068978827903386]]",cold,,repeatable_gain,"[583264900, 452313900]",fd946d3b0a5662313e9bd5363d7323e8697dfd1ca8c1cee1fd0812c19ab81700,"[5.385558204630489, 6.068978827903386]",499071.64089656,555415.5339805825,long,3015245,2930173,bcabbdeddb1bb4054234cd9b034ae62c8d75875c2a169aca9ff3cd45cb47960f,6253a34a66c92b20b2daad27f52661516b19f3ad00a811ed446c1a42e6f9b981,4096,8.207238529205384,spans,ea8531ae14e481922b2e026bf8d6e20870923c7ad308fe8fa323ddd49380e8f0,3179125,"[99.11877090495244, 103.63378176085236]",227659776,227659776,248952,1690,latin,5.87635912231023,"[5.853630449753467, 5.899087794866993]",segmentation,248952,1687,3380276.2204027055,compact,8192
1,,cold,,,"[1483786400, 1499437100]",7ee0ee6b00af4dbd8f8b7a723632ef6d2d5b51a81fcb273e2b70161112abebf6,,2552698.076923077,2778867.3076923075,long,3147261,2938365,bcabbdeddb1bb4054234cd9b034ae62c8d75875c2a169aca9ff3cd45cb47960f,c263245792619f850fc86f5ed974d1243cc683ba8f4cf4e95170ddb0352ac87b,12288,4.813730268803068,spans,822015603cf36f929c5b82cd0698d79a6c4fccdc58ad717df4de8da88cc3a66f,4572757,"[98.98661963743568, 100.03754075446045]",231469056,231469056,3415964,28687,cjk,,,segmentation,1634392,4096,1604576.7562676896,baseline,8192
1,"[[1.0467948708126933, 1.135431289171235], [1.0837405430804796, 1.1426568226843923]]",cold,,repeatable_gain,"[1362257300, 1353226200]",7ee0ee6b00af4dbd8f8b7a723632ef6d2d5b51a81fcb273e2b70161112abebf6,"[1.0467948708126933, 1.1426568226843923]",2311930.1886792453,2510219.230769231,long,3147261,2938365,bcabbdeddb1bb4054234cd9b034ae62c8d75875c2a169aca9ff3cd45cb47960f,14c27d2190d4cf036a59a29f34ad42703fc7830255ebc0c211596ab1b024b078,12288,5.31503938145289,spans,822015603cf36f929c5b82cd0698d79a6c4fccdc58ad717df4de8da88cc3a66f,4572757,"[99.78841735698535, 100.45438079753409]",230715392,230715392,1843100,24591,cjk,1.086742425826181,"[1.0762186753339114, 1.0869561607232565]",segmentation,1634392,4096,1771679.79381763,prefix,8192
1,"[[2.4711265172943335, 2.6536660807587573], [2.561183013710258, 2.7036450142896453]]",cold,,repeatable_gain,"[581444700, 570678800]",7ee0ee6b00af4dbd8f8b7a723632ef6d2d5b51a81fcb273e2b70161112abebf6,"[2.4711265172943335, 2.7036450142896453]",972571.6981132075,1107354.716981132,long,3147261,2938365,bcabbdeddb1bb4054234cd9b034ae62c8d75875c2a169aca9ff3cd45cb47960f,6253a34a66c92b20b2daad27f52661516b19f3ad00a811ed446c1a42e6f9b981,12288,12.63454408948848,spans,822015603cf36f929c5b82cd0698d79a6c4fccdc58ad717df4de8da88cc3a66f,3335725,"[94.0545162764404, 95.82886204989566]",229867520,229867520,409652,4101,cjk,2.6090204406434863,"[2.5580604316546762, 2.648418093738163]",segmentation,397360,4096,4211514.69649616,compact,8192
1,,cold,,,"[1601827500, 1567353100]",8135f0cd7ce34f4ff6953417417dc56b805e4251faf326d0871000a7a0e7435e,,3522909.451219512,3858720.0,long,3153411,2938365,bcabbdeddb1bb4054234cd9b034ae62c8d75875c2a169aca9ff3cd45cb47960f,c263245792619f850fc86f5ed974d1243cc683ba8f4cf4e95170ddb0352ac87b,12288,3.4880260676998978,spans,ba7867f0d569ef35867d106a3d72cff9ec20143b77e1e44ebce93216c9cb9172,4839099,"[100.47118057343877, 98.693459693288]",231079936,231079936,3697886,35654,indic,,,segmentation,1900734,3687,1046578.1340828063,baseline,8192
1,"[[1.015082438822662, 1.1118739825352049], [1.046746347941567, 1.0939265805018927]]",cold,,repeatable_gain,"[1502650300, 1467691300]",8135f0cd7ce34f4ff6953417417dc56b805e4251faf326d0871000a7a0e7435e,"[1.015082438822662, 1.1118739825352049]",3349090.2439024393,3572330.0,long,3153411,2938365,bcabbdeddb1bb4054234cd9b034ae62c8d75875c2a169aca9ff3cd45cb47960f,14c27d2190d4cf036a59a29f34ad42703fc7830255ebc0c211596ab1b024b078,12288,3.6690561033320295,spans,ba7867f0d569ef35867d106a3d72cff9ec20143b77e1e44ebce93216c9cb9172,4839099,"[98.7837955377908, 102.20132803131013]",230400000,230400000,2125022,31558,indic,1.076615365157028,"[1.0494018842545432, 1.0789962317516297]",segmentation,1900734,3687,1100895.9841296542,prefix,8192
1,"[[2.394810218639268, 2.8369064710806167], [2.716206396731253, 2.8591769073635747]]",cold,,repeatable_gain,"[613830300, 567297900]",8135f0cd7ce34f4ff6953417417dc56b805e4251faf326d0871000a7a0e7435e,"[2.394810218639268, 2.8591769073635747]",1279567.5,1548895.1219512196,long,3133779,2938365,bcabbdeddb1bb4054234cd9b034ae62c8d75875c2a169aca9ff3cd45cb47960f,6253a34a66c92b20b2daad27f52661516b19f3ad00a811ed446c1a42e6f9b981,12288,9.603244846403179,spans,ba7867f0d569ef35867d106a3d72cff9ec20143b77e1e44ebce93216c9cb9172,3322243,"[94.18319688682686, 96.39996904624537]",229052416,229052416,396170,3692,indic,2.7430814215201886,"[2.743568709932003, 2.7425941331083745]",segmentation,383878,3687,2881442.3623607196,compact,8192
1,,cold,,,"[2500804900, 2118739400]",e58855896010cb93527c9d95b51c28da2db36bcee969f0d2509d902061d7c62e,,2633581.097464966,2814336.98630137,long,3139069,2934269,bcabbdeddb1bb4054234cd9b034ae62c8d75875c2a169aca9ff3cd45cb47960f,c263245792619f850fc86f5ed974d1243cc683ba8f4cf4e95170ddb0352ac87b,8192,3.110593407541336,spans,3c45898d47933911a5194a0e131c0d94bf29694965c200a225bcec558fdc5e32,4637101,"[100.59261320225342, 99.55802020767632]",229953536,229953536,3480308,31612,arabic,,,segmentation,1702832,2341,888903.7069158041,baseline,8192
1,"[[1.0653177145499064, 1.1482431434611842], [1.049002410045711, 1.16819297961335]]",cold,,repeatable_gain,"[2268854500, 1929546100]",e58855896010cb93527c9d95b51c28da2db36bcee969f0d2509d902061d7c62e,"[1.049002410045711, 1.16819297961335]",2382683.8450637693,2580202.7397260275,long,3139069,2934269,bcabbdeddb1bb4054234cd9b034ae62c8d75875c2a169aca9ff3cd45cb47960f,14c27d2190d4cf036a59a29f34ad42703fc7830255ebc0c211596ab1b024b078,8192,3.4381397334654578,spans,3c45898d47933911a5194a0e131c0d94bf29694965c200a225bcec558fdc5e32,4637101,"[96.41429188165218, 97.98288830725527]",229732352,229732352,1907444,27516,arabic,1.0871184022410105,"[1.089863193835972, 1.0843736106460489]",segmentation,1702832,2341,982505.5073294234,prefix,8192
1,"[[4.014470458501553, 4.436789965301383], [4.218726838136733, 4.596378703731994]]",cold,,repeatable_gain,"[595933100, 485814400]",e58855896010cb93527c9d95b51c28da2db36bcee969f0d2509d902061d7c62e,"[4.014470458501553, 4.596378703731994]",605397.1264367816,680822.9885057472,long,3054829,2934269,bcabbdeddb1bb4054234cd9b034ae62c8d75875c2a169aca9ff3cd45cb47960f,6253a34a66c92b20b2daad27f52661516b19f3ad00a811ed446c1a42e6f9b981,8192,13.53161361735576,spans,3c45898d47933911a5194a0e131c0d94bf29694965c200a225bcec558fdc5e32,3235101,"[104.87754414044126, 99.70371401094738]",228524032,228524032,309028,2346,arabic,4.2937179160354315,"[4.375821688381469, 4.291924488493316]",segmentation,300832,2341,3866883.2370886025,compact,8192
1,,cold,,,"[2899693900, 3002083000]",58850230e822043b8c75a23c51fa30686e3c6826d6a671773e6189308a33dde6,,2705961.255411255,2915641.414141414,long,3032573,2930173,bcabbdeddb1bb4054234cd9b034ae62c8d75875c2a169aca9ff3cd45cb47960f,c263245792619f850fc86f5ed974d1243cc683ba8f4cf4e95170ddb0352ac87b,4096,1.5136949916814257,spans,038c32b2a962ca5a554f1eba12cb9438dedfcca5eefc0a4eec84439006659059,4560425,"[98.60954633866699, 99.93061484309395]",229810176,229810176,3301262,34828,dense_ascii,,,segmentation,1630252,2048,756847.4958407128,baseline,8192
1,"[[1.0734062210894064, 1.1637781598785446], [1.0735273820201707, 1.1890883732879856]]",cold,,repeatable_gain,"[2599674100, 2663478200]",58850230e822043b8c75a23c51fa30686e3c6826d6a671773e6189308a33dde6,"[1.0734062210894064, 1.1890883732879856]",2430270.9183673467,2506423.4693877553,long,3032573,2930173,bcabbdeddb1bb4054234cd9b034ae62c8d75875c2a169aca9ff3cd45cb47960f,14c27d2190d4cf036a59a29f34ad42703fc7830255ebc0c211596ab1b024b078,4096,1.6854088032093508,spans,038c32b2a962ca5a554f1eba12cb9438dedfcca5eefc0a4eec84439006659059,4560425,"[98.57004768405395, 99.14197908584347]",229535744,229535744,1728398,30732,dense_ascii,1.1174412636325217,"[1.1213402125678409, 1.1135423146972026]",segmentation,1630252,2048,842704.4016046755,prefix,8192
1,"[[4.795284982490771, 5.192676754058198], [4.950822676283101, 5.343416734428838]]",cold,,repeatable_gain,"[577445900, 593869100]",58850230e822043b8c75a23c51fa30686e3c6826d6a671773e6189308a33dde6,"[4.795284982490771, 5.343416734428838]",526386.1729540301,593710.101010101,long,3032573,2930173,bcabbdeddb1bb4054234cd9b034ae62c8d75875c2a169aca9ff3cd45cb47960f,6253a34a66c92b20b2daad27f52661516b19f3ad00a811ed446c1a42e6f9b981,4096,7.781359409601567,spans,038c32b2a962ca5a554f1eba12cb9438dedfcca5eefc0a4eec84439006659059,3196453,"[100.11760409070357, 97.34889388924259]",228626432,228626432,266280,2051,dense_ascii,5.081075808331034,"[5.0868622644701595, 5.045071953251912]",segmentation,266280,2048,3890679.7048007837,compact,8192
1,,cold,,,"[3071443800, 3193440000]",5de121ac926815aeca643ca1c76df56280657162afeed97f1ced4cd04da76878,,24462.60199092212,25293.804998240055,short,7345419,7344619,0d2d37a02a3fa2c65ede79ceabbbabab08dc55d6c89c35e8c5b06f3fdbb8ad0f,c263245792619f850fc86f5ed974d1243cc683ba8f4cf4e95170ddb0352ac87b,32,1.3081192267230994,spans,bb2d46c5b6e96381c7e77e7f50761548bc23fdb2f553477d49e51f52f71dffba,7358188,"[99.200089547463, 98.34614083871938]",233451520,233451520,27110,330,latin,,,segmentation,13569,10,408787.2583509686,baseline,16384
1,"[[1.095089089607115, 1.171467894262256], [1.0702250314868609, 1.1321834007167952]]",cold,,repeatable_gain,"[2758648300, 2938275000]",5de121ac926815aeca643ca1c76df56280657162afeed97f1ced4cd04da76878,"[1.0702250314868609, 1.171467894262256]",21661.197641675466,23933.90531502992,short,7345419,7344619,0d2d37a02a3fa2c65ede79ceabbbabab08dc55d6c89c35e8c5b06f3fdbb8ad0f,14c27d2190d4cf036a59a29f34ad42703fc7830255ebc0c211596ab1b024b078,32,1.477295970857724,spans,bb2d46c5b6e96381c7e77e7f50761548bc23fdb2f553477d49e51f52f71dffba,7358188,"[98.5537011006441, 99.97362398005633]",233160704,233160704,14822,298,latin,1.106722476385059,"[1.1089919852189296, 1.104452967551188]",segmentation,13569,10,461654.99089303875,prefix,16384
1,"[[5.280926777297355, 5.756726917941871], [5.057906217124865, 5.454785867322333]]",cold,,repeatable_gain,"[658269000, 727923900]",5de121ac926815aeca643ca1c76df56280657162afeed97f1ced4cd04da76878,"[5.057906217124865, 5.756726917941871]",4523.620154771423,4953.330266789329,short,7345131,7344619,0d2d37a02a3fa2c65ede79ceabbbabab08dc55d6c89c35e8c5b06f3fdbb8ad0f,6253a34a66c92b20b2daad27f52661516b19f3ad00a811ed446c1a42e6f9b981,32,7.073980331051238,spans,bb2d46c5b6e96381c7e77e7f50761548bc23fdb2f553477d49e51f52f71dffba,7346451,"[99.69328648318545, 94.44668597912501]",233148416,233148416,1832,13,latin,5.369763433809272,"[5.391979722486112, 5.280876064012881]",segmentation,1832,10,2210618.853453512,compact,16384
1,,cold,,,"[1299152300, 1540801700]",4c641d111dfc4a4fa2ea65c628308352eca53817f05adaae5e956f619adf59ea,,20059.576736243253,21701.165413533836,short,7346315,7344683,0d2d37a02a3fa2c65ede79ceabbbabab08dc55d6c89c35e8c5b06f3fdbb8ad0f,c263245792619f850fc86f5ed974d1243cc683ba8f4cf4e95170ddb0352ac87b,96,4.785744049451904,spans,095b1840da438b5bfb7b8a79a0aea5900f9f83cd7383342a218e588f21a4b063,7357744,"[96.2165867696959, 99.38008245967018]",233140224,233140224,26793,237,cjk,,,segmentation,13061,27,1345990.513908348,baseline,16384
1,"[[1.0670933969605025, 1.1654031813584267], [1.0341819052968437, 1.1064088636043223]]",cold,,repeatable_gain,"[1175900100, 1455156800]",4c641d111dfc4a4fa2ea65c628308352eca53817f05adaae5e956f619adf59ea,"[1.0341819052968437, 1.1654031813584267]",18297.40082079343,19710.9439124487,short,7346315,7344683,0d2d37a02a3fa2c65ede79ceabbbabab08dc55d6c89c35e8c5b06f3fdbb8ad0f,14c27d2190d4cf036a59a29f34ad42703fc7830255ebc0c211596ab1b024b078,96,5.246646829253705,spans,095b1840da438b5bfb7b8a79a0aea5900f9f83cd7383342a218e588f21a4b063,7357744,"[99.65770051384467, 98.78660498992274]",232808448,232808448,14505,205,cjk,1.099290449282067,"[1.097440740155253, 1.101140158408881]",segmentation,13061,27,1475619.4207276045,prefix,16384
1,"[[2.4040593275935533, 2.6350642691352095], [2.49221975649706, 2.7073061516917964]]",cold,,repeatable_gain,"[573744500, 669068000]",4c641d111dfc4a4fa2ea65c628308352eca53817f05adaae5e956f619adf59ea,"[2.4040593275935533, 2.7073061516917964]",7753.993849477776,8770.526315789473,short,7346075,7344683,0d2d37a02a3fa2c65ede79ceabbbabab08dc55d6c89c35e8c5b06f3fdbb8ad0f,6253a34a66c92b20b2daad27f52661516b19f3ad00a811ed446c1a42e6f9b981,96,12.380716552472569,spans,095b1840da438b5bfb7b8a79a0aea5900f9f83cd7383342a218e588f21a4b063,7347595,"[100.76349315766862, 100.41953882116617]",232550400,232550400,3012,32,cjk,2.6080751616007847,"[2.4865221306548597, 2.663898257882848]",segmentation,2912,27,3482076.5303829103,compact,16384
1,,cold,,,"[1809937700, 1991935200]",72c160e73ed942bac33add1db69a746672663e1d5365f6814e1f966e6d2a3f33,,26037.352879055907,29103.443752049854,short,7346315,7344683,0d2d37a02a3fa2c65ede79ceabbbabab08dc55d6c89c35e8c5b06f3fdbb8ad0f,c263245792619f850fc86f5ed974d1243cc683ba8f4cf4e95170ddb0352ac87b,96,3.6870107512819055,spans,ae0c1d96e5e63e7a8779d1b3251cce94cfc9479f73a29e5299930e11989b48ba,7359489,"[98.41498964301368, 98.83604647380095]",233512960,233512960,28538,271,indic,,,segmentation,14806,17,652908.1538728374,baseline,16384
1,"[[1.0587038075059072, 1.1014815626664194], [1.0115749942189425, 1.1125196131223465]]",cold,,repeatable_gain,"[1715687700, 1899131400]",72c160e73ed942bac33add1db69a746672663e1d5365f6814e1f966e6d2a3f33,"[1.0115749942189425, 1.1125196131223465]",24454.138805424547,28011.889143981633,short,7346315,7344683,0d2d37a02a3fa2c65ede79ceabbbabab08dc55d6c89c35e8c5b06f3fdbb8ad0f,14c27d2190d4cf036a59a29f34ad42703fc7830255ebc0c211596ab1b024b078,96,3.9257158374640766,spans,ae0c1d96e5e63e7a8779d1b3251cce94cfc9479f73a29e5299930e11989b48ba,7359489,"[97.44634760743462, 97.08385633558584]",233250816,233250816,16250,239,indic,1.070173474355612,"[1.070164839906792, 1.0701821088044319]",segmentation,14806,17,695178.8462175969,prefix,16384
1,"[[3.1181384394588028, 3.281810053967458], [3.329032049546911, 3.8593288526143223]]",cold,,repeatable_gain,"[639777600, 629506100]",72c160e73ed942bac33add1db69a746672663e1d5365f6814e1f966e6d2a3f33,"[3.1181384394588028, 3.8593288526143223]",7559.062211271943,8306.428337159725,short,7345595,7344683,0d2d37a02a3fa2c65ede79ceabbbabab08dc55d6c89c35e8c5b06f3fdbb8ad0f,6253a34a66c92b20b2daad27f52661516b19f3ad00a811ed446c1a42e6f9b981,96,12.699988082760644,spans,ae0c1d96e5e63e7a8779d1b3251cce94cfc9479f73a29e5299930e11989b48ba,7347115,"[97.69019734357688, 99.28418485539694]",233754624,233754624,2532,22,indic,3.2835243805390126,"[3.2131780861745196, 3.6892406036227614]",segmentation,2432,17,2248956.222988864,compact,16384
1,,cold,,,"[1687476600, 3151722900]",6c55b68308ed8628bda3b953d1cdfad84d0da74a831b4f3b2a2d33f8af78a072,,24351.12341603457,28678.631170950634,short,7345483,7344651,0d2d37a02a3fa2c65ede79ceabbbabab08dc55d6c89c35e8c5b06f3fdbb8ad0f,c263245792619f850fc86f5ed974d1243cc683ba8f4cf4e95170ddb0352ac87b,64,2.628215499817873,spans,540df1181a7048ce1dbdd083bbc6a181dbc4fc84e931859e6377f01745979bc5,7357755,"[100.92732545150551, 98.65635713088862]",233558016,233558016,26216,285,arabic,,,segmentation,13104,14,574922.1405851597,baseline,16384
1,"[[1.0764064153401796, 1.1275679209813023], [1.0464061067203978, 1.1206719630799102]]",cold,,repeatable_gain,"[1540492100, 2940416600]",6c55b68308ed8628bda3b953d1cdfad84d0da74a831b4f3b2a2d33f8af78a072,"[1.0464061067203978, 1.1275679209813023]",23037.669326090647,27045.92003263974,short,7345483,7344651,0d2d37a02a3fa2c65ede79ceabbbabab08dc55d6c89c35e8c5b06f3fdbb8ad0f,14c27d2190d4cf036a59a29f34ad42703fc7830255ebc0c211596ab1b024b078,64,2.778058799876889,spans,540df1181a7048ce1dbdd083bbc6a181dbc4fc84e931859e6377f01745979bc5,7357755,"[99.40005534595082, 98.83803539947367]",232861696,232861696,13928,253,arabic,1.0933698432111016,"[1.0957748013055675, 1.092711250768495]",segmentation,13104,14,607700.3624730695,prefix,16384
1,"[[3.7680892431446535, 4.301092525332549], [5.291867746025553, 5.755661669473536]]",cold,,repeatable_gain,"[485923800, 673369800]",6c55b68308ed8628bda3b953d1cdfad84d0da74a831b4f3b2a2d33f8af78a072,"[3.7680892431446535, 5.755661669473536]",4980.891069338599,5813.211678832116,short,7345387,7344651,0d2d37a02a3fa2c65ede79ceabbbabab08dc55d6c89c35e8c5b06f3fdbb8ad0f,6253a34a66c92b20b2daad27f52661516b19f3ad00a811ed446c1a42e6f9b981,64,12.84910653717597,spans,540df1181a7048ce1dbdd083bbc6a181dbc4fc84e931859e6377f01745979bc5,7346843,"[99.6812668982256, 99.77801202251719]",233463808,233463808,2260,19,arabic,4.565295520442099,"[4.233244140499206, 5.601870679993018]",segmentation,2192,14,2810742.0550072435,compact,16384
1,,cold,,,"[2475140300, 2049783200]",6e15aae1d9028536678d32c88a163f53048352b807b9d9870a77d4bc393f46a8,,20228.691567103582,21115.73389651531,short,7345419,7344619,0d2d37a02a3fa2c65ede79ceabbbabab08dc55d6c89c35e8c5b06f3fdbb8ad0f,c263245792619f850fc86f5ed974d1243cc683ba8f4cf4e95170ddb0352ac87b,32,1.5819115089005173,spans,619cd515e9a27ab9dd0d5abac4cd154f3b685db38eaad30deeadd8b9062498ba,7357399,"[98.47926600362817, 99.09584584359946]",233594880,233594880,25678,277,dense_ascii,,,segmentation,12780,16,790955.7544502587,baseline,16384
1,"[[1.0906141594348213, 1.1714545713787108], [1.1022287815993923, 1.1551718883133437]]",cold,,repeatable_gain,"[2172704400, 1815501500]",6e15aae1d9028536678d32c88a163f53048352b807b9d9870a77d4bc393f46a8,"[1.0906141594348213, 1.1714545713787108]",17674.79990720334,18652.875107996544,short,7345419,7344619,0d2d37a02a3fa2c65ede79ceabbbabab08dc55d6c89c35e8c5b06f3fdbb8ad0f,14c27d2190d4cf036a59a29f34ad42703fc7830255ebc0c211596ab1b024b078,32,1.8104872568859147,spans,619cd515e9a27ab9dd0d5abac4cd154f3b685db38eaad30deeadd8b9062498ba,7357399,"[96.36607722615189, 98.9740300407353]",233144320,233144320,13390,245,dense_ascii,1.1318610316020299,"[1.115599095121636, 1.1321133675518857]",segmentation,12780,16,905243.6284429574,prefix,16384
1,"[[3.9683752651914435, 4.298403369255138], [4.003974952228597, 4.244263145106546]]",cold,,repeatable_gain,"[689844600, 553294400]",6e15aae1d9028536678d32c88a163f53048352b807b9d9870a77d4bc393f46a8,"[3.9683752651914435, 4.298403369255138]",4860.623370712154,5430.901287553648,short,7345419,7344619,0d2d37a02a3fa2c65ede79ceabbbabab08dc55d6c89c35e8c5b06f3fdbb8ad0f,6253a34a66c92b20b2daad27f52661516b19f3ad00a811ed446c1a42e6f9b981,32,6.5835177012103125,spans,619cd515e9a27ab9dd0d5abac4cd154f3b685db38eaad30deeadd8b9062498ba,7346739,"[99.6601263530946, 98.83978583553349]",232906752,232906752,2120,19,dense_ascii,4.142628187498572,"[4.1991298687167, 4.121769652826029]",segmentation,2120,16,3291758.8506051563,compact,16384
1,,cold,,,"[4000155000, 4329532200]",66a47f84437e63c5bd7104074712b3c63f587a6b5daa3b4153428215d8e6e7b6,,198070.4694323144,206456.00208768266,medium,7351243,7344843,0d2d37a02a3fa2c65ede79ceabbbabab08dc55d6c89c35e8c5b06f3fdbb8ad0f,c263245792619f850fc86f5ed974d1243cc683ba8f4cf4e95170ddb0352ac87b,256,1.2924692950630965,spans,f0d84d5692c62e630ff857ce3af47df79cddae9d7ee14cc989053d51c178e319,7455206,"[98.04307583081156, 99.2457106566848]",234237952,234237952,222209,2715,latin,,,segmentation,110363,76,383701.8219718568,baseline,16384
1,"[[1.0723234916179174, 1.1620112110861238], [1.1756567524191202, 1.1972480622019348]]",cold,,repeatable_gain,"[3577676900, 3657996200]",66a47f84437e63c5bd7104074712b3c63f587a6b5daa3b4153428215d8e6e7b6,"[1.0723234916179174, 1.1972480622019348]",172583.99965585142,182841.92139737992,medium,7351243,7344843,0d2d37a02a3fa2c65ede79ceabbbabab08dc55d6c89c35e8c5b06f3fdbb8ad0f,14c27d2190d4cf036a59a29f34ad42703fc7830255ebc0c211596ab1b024b078,256,1.4833356540031977,spans,f0d84d5692c62e630ff857ce3af47df79cddae9d7ee14cc989053d51c178e319,7455206,"[98.70231713769346, 98.67082420697977]",233693184,233693184,123905,2459,latin,1.1703720187985467,"[1.1230306617424652, 1.1903370359355232]",segmentation,110363,76,440365.2722821993,prefix,16384
1,"[[7.016681362756727, 7.45943464505056], [7.2985830969871, 8.003846090898676]]",cold,,repeatable_gain,"[597575700, 616792800]",66a47f84437e63c5bd7104074712b3c63f587a6b5daa3b4153428215d8e6e7b6,"[7.016681362756727, 8.003846090898676]",26675.62630480167,29372.98034934498,medium,7348747,7344843,0d2d37a02a3fa2c65ede79ceabbbabab08dc55d6c89c35e8c5b06f3fdbb8ad0f,6253a34a66c92b20b2daad27f52661516b19f3ad00a811ed446c1a42e6f9b981,256,9.596775613621467,spans,f0d84d5692c62e630ff857ce3af47df79cddae9d7ee14cc989053d51c178e319,7359027,"[99.35979659146113, 101.33062513051385]",233238528,233238528,14184,79,latin,7.458000327781386,"[7.393432313290993, 7.716142211915497]",segmentation,14184,76,2849042.760293873,compact,16384
1,,cold,,,"[1843418700, 1790531700]",127316d2e2156c3343d254c27702ffbf267d93320c8c47bb3b7a66fcd8ae6e4d,,153191.199503107,164901.63147792706,medium,7358411,7345355,0d2d37a02a3fa2c65ede79ceabbbabab08dc55d6c89c35e8c5b06f3fdbb8ad0f,c263245792619f850fc86f5ed974d1243cc683ba8f4cf4e95170ddb0352ac87b,768,5.013342819242196,spans,8c58ee485efc508ea613d9c5345aebd85f8e96bc42152b9fd33a388c90f8bb3a,7449309,"[99.17036211035507, 98.60897743390971]",234168320,234168320,215126,1845,cjk,,,segmentation,103954,214,1396947.0876534241,baseline,16384
1,"[[1.0726932949598202, 1.1566269460034946], [1.0730322120819884, 1.1562913024562256]]",cold,,repeatable_gain,"[1659378400, 1600401300]",127316d2e2156c3343d254c27702ffbf267d93320c8c47bb3b7a66fcd8ae6e4d,"[1.0726932949598202, 1.1566269460034946]",139246.70403410064,145206.90978886758,medium,7358411,7345355,0d2d37a02a3fa2c65ede79ceabbbabab08dc55d6c89c35e8c5b06f3fdbb8ad0f,14c27d2190d4cf036a59a29f34ad42703fc7830255ebc0c211596ab1b024b078,768,5.515390869229635,spans,8c58ee485efc508ea613d9c5345aebd85f8e96bc42152b9fd33a388c90f8bb3a,7449309,"[97.92823626003569, 99.58439798817959]",233840640,233840640,116822,1589,cjk,1.1199393350409836,"[1.1069507767346531, 1.1329278933473141]",segmentation,103954,214,1536840.6849155494,prefix,16384
1,"[[3.01508643586747, 3.2365799459712106], [2.8123168728542676, 3.170896494958502]]",cold,,repeatable_gain,"[633969900, 631965500]",127316d2e2156c3343d254c27702ffbf267d93320c8c47bb3b7a66fcd8ae6e4d,"[2.8123168728542676, 3.2365799459712106]",49367.75737946389,56017.369970559375,medium,7356395,7345355,0d2d37a02a3fa2c65ede79ceabbbabab08dc55d6c89c35e8c5b06f3fdbb8ad0f,6253a34a66c92b20b2daad27f52661516b19f3ad00a811ed446c1a42e6f9b981,768,15.556712331426956,spans,8c58ee485efc508ea613d9c5345aebd85f8e96bc42152b9fd33a388c90f8bb3a,7368219,"[98.5851221012228, 101.37024885060973]",233758720,233758720,23636,219,cjk,3.0938907090506156,"[3.131332123098202, 3.0727428977833973]",segmentation,22864,214,4334813.071517407,compact,16384
1,,cold,,,"[2197645800, 2119602800]",3995a70618b64d0c44be456d64977adf513bfa9f10e2afa4527f3b71d11bcf3a,,186724.18466584443,199138.5063045587,medium,7352267,7345355,0d2d37a02a3fa2c65ede79ceabbbabab08dc55d6c89c35e8c5b06f3fdbb8ad0f,c263245792619f850fc86f5ed974d1243cc683ba8f4cf4e95170ddb0352ac87b,768,4.113018361142602,spans,344a43ef48eab44dac28097377c93c171cee74f86492c2325af73aba6f7642c8,7458144,"[98.82734515270842, 97.30596694814709]",233357312,233357312,217817,2136,indic,,,segmentation,112789,128,685503.0601904336,baseline,16384
1,"[[1.07076778613742, 1.1249091573650933], [1.0759808528501433, 1.1256275485662768]]",cold,,repeatable_gain,"[2013379300, 1928604900]",3995a70618b64d0c44be456d64977adf513bfa9f10e2afa4527f3b71d11bcf3a,"[1.07076778613742, 1.1256275485662768]",171854.9554013875,184068.08923375365,medium,7352267,7345355,0d2d37a02a3fa2c65ede79ceabbbabab08dc55d6c89c35e8c5b06f3fdbb8ad0f,14c27d2190d4cf036a59a29f34ad42703fc7830255ebc0c211596ab1b024b078,768,4.468884811649716,spans,344a43ef48eab44dac28097377c93c171cee74f86492c2325af73aba6f7642c8,7458144,"[97.00730508156113, 99.65104827847321]",233844736,233844736,119513,1880,indic,1.0976543461300428,"[1.084254326334941, 1.1195937520509285]",segmentation,112789,128,744814.1352749527,prefix,16384
1,"[[3.523277433063547, 3.840766457336704], [3.380930613842147, 3.705450716903491]]",cold,,repeatable_gain,"[631029200, 628505400]",3995a70618b64d0c44be456d64977adf513bfa9f10e2afa4527f3b71d11bcf3a,"[3.380930613842147, 3.840766457336704]",52486.71952428146,58117.54212091179,medium,7352267,7345355,0d2d37a02a3fa2c65ede79ceabbbabab08dc55d6c89c35e8c5b06f3fdbb8ad0f,6253a34a66c92b20b2daad27f52661516b19f3ad00a811ed446c1a42e6f9b981,768,14.632272829409866,spans,344a43ef48eab44dac28097377c93c171cee74f86492c2325af73aba6f7642c8,7364091,"[94.09231775645247, 99.44226413965576]",232615936,232615936,19508,133,indic,3.6021009998301157,"[3.6570126121197286, 3.5659332164338102]",segmentation,18736,128,2438712.1382349776,compact,16384
1,,cold,,,"[2860664100, 2995211700]",bc25791e35cac9cd369581d3ab30ea61b3d9266f0834cab7a477e5081f79e04a,,163041.50934199645,176138.61264579496,medium,7351755,7345099,0d2d37a02a3fa2c65ede79ceabbbabab08dc55d6c89c35e8c5b06f3fdbb8ad0f,c263245792619f850fc86f5ed974d1243cc683ba8f4cf4e95170ddb0352ac87b,512,3.1403045890971666,spans,0b8aff0e9a5f825206aeb09ccf9dc78918f03f22d8934081f5c23e493f1d08c2,7449595,"[98.86253335370623, 98.5948672676459]",233959424,233959424,210600,2240,arabic,,,segmentation,104496,110,674674.8140638444,baseline,16384
1,"[[1.0739578744677158, 1.191599288527157], [1.0745037040515824, 1.1670592388830747]]",cold,,repeatable_gain,"[2566732500, 2702346900]",bc25791e35cac9cd369581d3ab30ea61b3d9266f0834cab7a477e5081f79e04a,"[1.0739578744677158, 1.191599288527157]",146799.80867346938,152883.67346938775,medium,7351755,7345099,0d2d37a02a3fa2c65ede79ceabbbabab08dc55d6c89c35e8c5b06f3fdbb8ad0f,14c27d2190d4cf036a59a29f34ad42703fc7830255ebc0c211596ab1b024b078,512,3.4877429652436054,spans,0b8aff0e9a5f825206aeb09ccf9dc78918f03f22d8934081f5c23e493f1d08c2,7449595,"[98.6176003927172, 98.87239125369138]",234184704,234184704,112296,1984,arabic,1.1105650092413804,"[1.1046174965012883, 1.1165125219814727]",segmentation,104496,110,749319.7776890558,prefix,16384
1,"[[4.666063300538684, 5.307123869949771], [4.683060516797792, 5.433407279934101]]",cold,,repeatable_gain,"[605789300, 640475800]",bc25791e35cac9cd369581d3ab30ea61b3d9266f0834cab7a477e5081f79e04a,"[4.666063300538684, 5.433407279934101]",31736.505254726202,36219.643953345614,medium,7350891,7345099,0d2d37a02a3fa2c65ede79ceabbbabab08dc55d6c89c35e8c5b06f3fdbb8ad0f,6253a34a66c92b20b2daad27f52661516b19f3ad00a811ed446c1a42e6f9b981,512,16.132841215204465,spans,0b8aff0e9a5f825206aeb09ccf9dc78918f03f22d8934081f5c23e493f1d08c2,7362203,"[98.01262584202131, 102.46288774689067]",233840640,233840640,17620,115,arabic,5.237315292341448,"[5.2483562022471455, 5.226274382435751]",segmentation,17104,110,3466040.1048290846,compact,16384
1,,cold,,,"[2861660200, 2916205000]",f88147a2276fd280b399d90ad2ecfd5b7140a36b4aa0423416b8e95697cd3d22,,159871.4420654912,171555.53482587065,medium,7351243,7344843,0d2d37a02a3fa2c65ede79ceabbbabab08dc55d6c89c35e8c5b06f3fdbb8ad0f,c263245792619f850fc86f5ed974d1243cc683ba8f4cf4e95170ddb0352ac87b,256,1.6012866131221224,spans,67f9dea5d0faa2b7dcd352310e1903d71737d10c1f9cefc6fc7c7da6bf1dcee4,7446774,"[99.37413254026455, 99.12283258550067]",234254336,234254336,206255,2186,dense_ascii,,,segmentation,101931,128,800643.3065610612,baseline,16384
1,"[[1.0849425294049404, 1.2003129012750793], [1.0943819843681455, 1.14339770637239]]",cold,,repeatable_gain,"[2542186300, 2595986600]",f88147a2276fd280b399d90ad2ecfd5b7140a36b4aa0423416b8e95697cd3d22,"[1.0849425294049404, 1.2003129012750793]",141502.48756218905,152488.4328358209,medium,7351243,7344843,0d2d37a02a3fa2c65ede79ceabbbabab08dc55d6c89c35e8c5b06f3fdbb8ad0f,14c27d2190d4cf036a59a29f34ad42703fc7830255ebc0c211596ab1b024b078,256,1.8091554742985725,spans,67f9dea5d0faa2b7dcd352310e1903d71737d10c1f9cefc6fc7c7da6bf1dcee4,7446774,"[98.34055041520757, 98.10817205296823]",233885696,233885696,107951,1930,dense_ascii,1.1183931160076683,"[1.1209772474834285, 1.1158089845319081]",segmentation,101931,128,904577.7371492863,prefix,16384
1,"[[4.710175364906017, 5.207423992088191], [4.9493553792092335, 5.283165823147441]]",cold,,repeatable_gain,"[649066500, 618667600]",f88147a2276fd280b399d90ad2ecfd5b7140a36b4aa0423416b8e95697cd3d22,"[4.710175364906017, 5.283165823147441]",31912.122166246852,37677.92288557214,medium,7351243,7344843,0d2d37a02a3fa2c65ede79ceabbbabab08dc55d6c89c35e8c5b06f3fdbb8ad0f,6253a34a66c92b20b2daad27f52661516b19f3ad00a811ed446c1a42e6f9b981,256,8.022029956715594,spans,67f9dea5d0faa2b7dcd352310e1903d71737d10c1f9cefc6fc7c7da6bf1dcee4,7361523,"[101.10674329980056, 98.4979656280691]",233603072,233603072,16680,131,dense_ascii,4.960594517908435,"[4.797510535152275, 5.123991684999667]",segmentation,16680,128,4011014.978357797,compact,16384
1,,cold,,,"[4228395500, 3805830300]",fd946d3b0a5662313e9bd5363d7323e8697dfd1ca8c1cee1fd0812c19ab81700,,3337511.637931035,3457811.5384615385,long,7451083,7348683,0d2d37a02a3fa2c65ede79ceabbbabab08dc55d6c89c35e8c5b06f3fdbb8ad0f,c263245792619f850fc86f5ed974d1243cc683ba8f4cf4e95170ddb0352ac87b,4096,1.2272616381164625,spans,a312726ea1b8bd77f41f327aa5fe27c2353987a3d34f7203c1494135fc09ff3e,9114078,"[99.40236195975518, 99.35414093476528]",236367872,236367872,3558018,43369,latin,,,segmentation,1765395,1205,361047.4301587738,baseline,16384
1,"[[1.0814060398483434, 1.127041828956932], [1.0992351509367446, 1.1708272502134955]]",cold,,repeatable_gain,"[3792385200, 3375155800]",fd946d3b0a5662313e9bd5363d7323e8697dfd1ca8c1cee1fd0812c19ab81700,"[1.0814060398483434, 1.1708272502134955]",2955645.6896551726,3085874.0384615385,long,7451083,7348683,0d2d37a02a3fa2c65ede79ceabbbabab08dc55d6c89c35e8c5b06f3fdbb8ad0f,14c27d2190d4cf036a59a29f34ad42703fc7830255ebc0c211596ab1b024b078,4096,1.3858223989215261,spans,a312726ea1b8bd77f41f327aa5fe27c2353987a3d34f7203c1494135fc09ff3e,9114078,"[98.05834069809153, 99.06950073238102]",236445696,236445696,1985154,39273,latin,1.1087639390339334,"[1.1083128763730774, 1.1217149794317756]",segmentation,1765395,1205,407694.33366709936,prefix,16384
1,"[[6.680222431133264, 7.811079112589277], [7.115749150603827, 8.384369343038166]]",cold,,repeatable_gain,"[592566700, 492978500]",fd946d3b0a5662313e9bd5363d7323e8697dfd1ca8c1cee1fd0812c19ab81700,"[6.680222431133264, 8.384369343038166]",434267.025862069,505103.4482758621,long,7410619,7348683,0d2d37a02a3fa2c65ede79ceabbbabab08dc55d6c89c35e8c5b06f3fdbb8ad0f,6253a34a66c92b20b2daad27f52661516b19f3ad00a811ed446c1a42e6f9b981,4096,9.431984829769146,spans,a312726ea1b8bd77f41f327aa5fe27c2353987a3d34f7203c1494135fc09ff3e,7574499,"[100.19969060023118, 98.2547920446835]",234659840,234659840,225816,1208,latin,7.386025059902192,"[7.187951248421758, 7.987902926255299]",segmentation,225816,1205,2774790.458953081,compact,16384
1,,cold,,,"[1789863400, 1778502300]",7ee0ee6b00af4dbd8f8b7a723632ef6d2d5b51a81fcb273e2b70161112abebf6,,2559249.206349206,2717634.9206349207,long,7565771,7356875,0d2d37a02a3fa2c65ede79ceabbbabab08dc55d6c89c35e8c5b06f3fdbb8ad0f,c263245792619f850fc86f5ed974d1243cc683ba8f4cf4e95170ddb0352ac87b,12288,4.801408151076054,spans,f22ce9ba79000f942c3dc7ed333df7a6602f02c3ec31f09b1b99f44852b7c8ab,9019229,"[100.39173939195582, 100.15449516146253]",237670400,237670400,3443926,29369,cjk,,,segmentation,1662354,3414,1333984.9794737669,baseline,16384
1,"[[1.0806675899771698, 1.1177874297700003], [1.1099268360022088, 1.1496345393007013]]",cold,,repeatable_gain,"[1644456100, 1586875100]",7ee0ee6b00af4dbd8f8b7a723632ef6d2d5b51a81fcb273e2b70161112abebf6,"[1.0806675899771698, 1.1496345393007013]",2297991.2698412696,2443633.3333333335,long,7565771,7356875,0d2d37a02a3fa2c65ede79ceabbbabab08dc55d6c89c35e8c5b06f3fdbb8ad0f,14c27d2190d4cf036a59a29f34ad42703fc7830255ebc0c211596ab1b024b078,12288,5.347278800083855,spans,f22ce9ba79000f942c3dc7ed333df7a6602f02c3ec31f09b1b99f44852b7c8ab,9019229,"[97.86670498531399, 100.43323510464054]",237133824,237133824,1871062,25273,cjk,1.113686719230683,"[1.102539392583333, 1.1179863980809137]",segmentation,1662354,3414,1485645.3306873604,prefix,16384
1,"[[2.837426334992187, 3.209609243373055], [3.0055074511996125, 3.2276654743414754]]",cold,,repeatable_gain,"[591735100, 577655800]",7ee0ee6b00af4dbd8f8b7a723632ef6d2d5b51a81fcb273e2b70161112abebf6,"[2.837426334992187, 3.2276654743414754]",817517.4603174604,932206.3492063492,long,7533035,7356875,0d2d37a02a3fa2c65ede79ceabbbabab08dc55d6c89c35e8c5b06f3fdbb8ad0f,6253a34a66c92b20b2daad27f52661516b19f3ad00a811ed446c1a42e6f9b981,12288,15.030871628391024,spans,f22ce9ba79000f942c3dc7ed333df7a6602f02c3ec31f09b1b99f44852b7c8ab,7721499,"[102.98104675554991, 94.67142890281721]",235122688,235122688,376916,3419,cjk,3.112579242829775,"[3.0641112268642474, 3.1421760293258454]",segmentation,364624,3414,4176057.5959738735,compact,16384
1,,cold,,,"[2265197200, 2236119900]",8135f0cd7ce34f4ff6953417417dc56b805e4251faf326d0871000a7a0e7435e,,3165091.5384615385,3392284.126984127,long,7467467,7356875,0d2d37a02a3fa2c65ede79ceabbbabab08dc55d6c89c35e8c5b06f3fdbb8ad0f,c263245792619f850fc86f5ed974d1243cc683ba8f4cf4e95170ddb0352ac87b,12288,3.882352169180184,spans,5def68b014a07a6e55f35f20777a0851d1ad9e6bf63fababa5ae268c250e4b3c,9159264,"[98.63931493469973, 98.5244574765423]",237023232,237023232,3485657,34012,indic,,,segmentation,1802389,2048,647058.694863364,baseline,16384
1,"[[1.0178953112451867, 1.1117676897684772], [1.0866938812904077, 1.1392082936996613]]",cold,,repeatable_gain,"[2099849400, 2016277300]",8135f0cd7ce34f4ff6953417417dc56b805e4251faf326d0871000a7a0e7435e,"[1.0178953112451867, 1.1392082936996613]",2899730.879120879,3065482.5396825396,long,7467467,7356875,0d2d37a02a3fa2c65ede79ceabbbabab08dc55d6c89c35e8c5b06f3fdbb8ad0f,14c27d2190d4cf036a59a29f34ad42703fc7830255ebc0c211596ab1b024b078,12288,4.2376346330889145,spans,5def68b014a07a6e55f35f20777a0851d1ad9e6bf63fababa5ae268c250e4b3c,9159264,"[98.22132958677894, 99.96764829916997]",237047808,237047808,1912793,29916,indic,1.1069718396082444,"[1.0663765570144208, 1.1170465521252668]",segmentation,1802389,2048,706272.4388481524,prefix,16384
1,"[[3.6577520519892777, 3.933259218229184], [3.7374010113178473, 3.977236346925101]]",cold,,repeatable_gain,"[595800800, 579943200]",8135f0cd7ce34f4ff6953417417dc56b805e4251faf326d0871000a7a0e7435e,"[3.6577520519892777, 3.977236346925101]",826644.188034188,890487.3015873015,long,7467467,7356875,0d2d37a02a3fa2c65ede79ceabbbabab08dc55d6c89c35e8c5b06f3fdbb8ad0f,6253a34a66c92b20b2daad27f52661516b19f3ad00a811ed446c1a42e6f9b981,12288,14.864920334372203,spans,5def68b014a07a6e55f35f20777a0851d1ad9e6bf63fababa5ae268c250e4b3c,7655931,"[99.65579099591676, 102.38071590459204]",235503616,235503616,311348,2053,indic,3.8181776787724315,"[3.7839092966082233, 3.842588400985866]",segmentation,299056,2048,2477486.722395367,compact,16384
1,,cold,,,"[2023381200, 1835750500]",e58855896010cb93527c9d95b51c28da2db36bcee969f0d2509d902061d7c62e,,2773711.5434001023,3023349.1525423727,long,7459275,7352779,0d2d37a02a3fa2c65ede79ceabbbabab08dc55d6c89c35e8c5b06f3fdbb8ad0f,c263245792619f850fc86f5ed974d1243cc683ba8f4cf4e95170ddb0352ac87b,8192,2.9534433814837104,spans,f42abf95296a62ff3fba9e0dcfa03c717c71355d607f122dd3835744642f7e18,9023997,"[100.38889360047429, 97.88231025948242]",237084672,237084672,3371450,35706,arabic,,,segmentation,1671218,1756,633086.7404645259,baseline,16384
1,"[[1.0469040976521597, 1.1754301679280983], [1.0422545446451192, 1.1768623342286975]]",cold,,repeatable_gain,"[1821699500, 1673473800]",e58855896010cb93527c9d95b51c28da2db36bcee969f0d2509d902061d7c62e,"[1.0422545446451192, 1.1768623342286975]",2528911.440677966,2709940.6779661016,long,7459275,7352779,0d2d37a02a3fa2c65ede79ceabbbabab08dc55d6c89c35e8c5b06f3fdbb8ad0f,14c27d2190d4cf036a59a29f34ad42703fc7830255ebc0c211596ab1b024b078,8192,3.239338423730583,spans,f42abf95296a62ff3fba9e0dcfa03c717c71355d607f122dd3835744642f7e18,9023997,"[98.63728897109539, 98.03708907782124]",236187648,236187648,1798586,31610,arabic,1.0914668057772499,"[1.0928546544079176, 1.089955225487457]",segmentation,1671218,1756,694369.9062586552,prefix,16384
1,"[[4.983973242282768, 5.840043246084557], [5.001607769891669, 5.896200498710959]]",cold,,repeatable_gain,"[377705000, 336220500]",e58855896010cb93527c9d95b51c28da2db36bcee969f0d2509d902061d7c62e,"[4.983973242282768, 5.896200498710959]",515175.667693888,588535.593220339,long,7445259,7352779,0d2d37a02a3fa2c65ede79ceabbbabab08dc55d6c89c35e8c5b06f3fdbb8ad0f,6253a34a66c92b20b2daad27f52661516b19f3ad00a811ed446c1a42e6f9b981,8192,15.901372121611148,spans,f42abf95296a62ff3fba9e0dcfa03c717c71355d607f122dd3835744642f7e18,7625531,"[103.42065897989173, 102.23945297803078]",234643456,234643456,280948,1761,arabic,5.464955410744055,"[5.3379541830997725, 5.591956638388338]",segmentation,272752,1756,3408546.0748961396,compact,16384
1,,cold,,,"[2890912800, 2899577000]",58850230e822043b8c75a23c51fa30686e3c6826d6a671773e6189308a33dde6,,2761294.736842105,2864598.947368421,long,7451083,7348683,0d2d37a02a3fa2c65ede79ceabbbabab08dc55d6c89c35e8c5b06f3fdbb8ad0f,c263245792619f850fc86f5ed974d1243cc683ba8f4cf4e95170ddb0352ac87b,4096,1.4833621146449225,spans,cc0973170c8b9dd681eb833d9b38db5367d08457c57917e541c10dd395258243,8978934,"[97.82809775514501, 97.5357784945873]",237019136,237019136,3301295,34830,dense_ascii,,,segmentation,1630251,2048,741681.0573224613,baseline,16384
1,"[[1.070396886435223, 1.1501744046720925], [1.1205567536997867, 1.180689499951584]]",cold,,repeatable_gain,"[2591394100, 2528873000]",58850230e822043b8c75a23c51fa30686e3c6826d6a671773e6189308a33dde6,"[1.070396886435223, 1.180689499951584]",2430115.263157895,2559929.4736842103,long,7451083,7348683,0d2d37a02a3fa2c65ede79ceabbbabab08dc55d6c89c35e8c5b06f3fdbb8ad0f,14c27d2190d4cf036a59a29f34ad42703fc7830255ebc0c211596ab1b024b078,4096,1.6855167580311872,spans,cc0973170c8b9dd681eb833d9b38db5367d08457c57917e541c10dd395258243,8978934,"[100.69386975913852, 100.09399443942024]",236863488,236863488,1728431,30734,dense_ascii,1.1342074592726714,"[1.0965934399869124, 1.1420091148486675]",segmentation,1630251,2048,842758.3790155936,prefix,16384
1,"[[4.525026183197463, 5.324887587904497], [5.1568682430764685, 5.386602297624568]]",cold,,repeatable_gain,"[586592600, 556292600]",58850230e822043b8c75a23c51fa30686e3c6826d6a671773e6189308a33dde6,"[4.525026183197463, 5.386602297624568]",534877.894736842,601583.1578947369,long,7451083,7348683,0d2d37a02a3fa2c65ede79ceabbbabab08dc55d6c89c35e8c5b06f3fdbb8ad0f,6253a34a66c92b20b2daad27f52661516b19f3ad00a811ed446c1a42e6f9b981,4096,7.657822542872551,spans,cc0973170c8b9dd681eb833d9b38db5367d08457c57917e541c10dd395258243,7614963,"[98.55647684611091, 95.4983043096385]",235417600,235417600,266280,2051,dense_ascii,5.223442649398361,"[5.040520754249237, 5.229541250934111]",segmentation,266280,2048,3828911.2714362754,compact,16384
1,,cold,,,"[3289264500, 2085796900]",5de121ac926815aeca643ca1c76df56280657162afeed97f1ced4cd04da76878,,25223.126811094247,26243.277015135514,short,19342240,19341824,4933f87e957e3c9c0fb59525c43051117d0b5bbe20a7952d8c9757767fcf0f55,c263245792619f850fc86f5ed974d1243cc683ba8f4cf4e95170ddb0352ac87b,32,1.2686769661691977,spans,b8a476130ecf09abe150c2c2aaad4c99921e35838823f45592cff791d19309be,19355739,"[99.28131349728791, 99.63218374713281]",249954304,249954304,27632,359,latin,,,segmentation,13915,8,317169.24154229945,baseline,32768
1,"[[1.059602081209399, 1.0997528311927482], [1.0787479692644113, 1.128234379051076]]",cold,,repeatable_gain,"[3063500100, 1919484200]",5de121ac926815aeca643ca1c76df56280657162afeed97f1ced4cd04da76878,"[1.059602081209399, 1.128234379051076]",23177.876715010112,23725.853572685675,short,19342240,19341824,4933f87e957e3c9c0fb59525c43051117d0b5bbe20a7952d8c9757767fcf0f55,14c27d2190d4cf036a59a29f34ad42703fc7830255ebc0c211596ab1b024b078,32,1.3806268966508324,spans,b8a476130ecf09abe150c2c2aaad4c99921e35838823f45592cff791d19309be,19355739,"[98.94727929011655, 99.31053352770499]",249937920,249937920,15344,327,latin,1.0806819961581697,"[1.0750881052857237, 1.0807484992901453]",segmentation,13915,8,345156.7241627081,prefix,32768
1,"[[5.446860911426036, 5.955492927789003], [5.675472368842859, 6.127408513816281]]",cold,,repeatable_gain,"[717775800, 419532800]",5de121ac926815aeca643ca1c76df56280657162afeed97f1ced4cd04da76878,"[5.446860911426036, 6.127408513816281]",4315.527970111994,4742.608236536431,short,19342240,19341824,4933f87e957e3c9c0fb59525c43051117d0b5bbe20a7952d8c9757767fcf0f55,6253a34a66c92b20b2daad27f52661516b19f3ad00a811ed446c1a42e6f9b981,32,7.415083443236159,spans,b8a476130ecf09abe150c2c2aaad4c99921e35838823f45592cff791d19309be,19343560,"[100.13572483218299, 93.10952564376372]",249630720,249630720,1736,11,latin,5.826923080100624,"[5.748498457326127, 6.003855042334823]",segmentation,1736,8,1853770.8608090398,compact,32768
1,,cold,,,"[1885143800, 1862074700]",4c641d111dfc4a4fa2ea65c628308352eca53817f05adaae5e956f619adf59ea,,20097.34416997312,21378.919749136054,short,19343520,19341888,4933f87e957e3c9c0fb59525c43051117d0b5bbe20a7952d8c9757767fcf0f55,c263245792619f850fc86f5ed974d1243cc683ba8f4cf4e95170ddb0352ac87b,96,4.776750559082872,spans,5d51d37d704a60e8c1c943e3e03ca4ace362239d7653de2585a04d093c189ab9,19355195,"[97.80420994939483, 99.85501655760642]",250040320,250040320,27039,243,cjk,,,segmentation,13307,21,1044914.1847993783,baseline,32768
1,"[[1.0530056154665064, 1.1404545947884688], [1.0837579167232856, 1.1380682373643562]]",cold,,repeatable_gain,"[1730451200, 1700837200]",4c641d111dfc4a4fa2ea65c628308352eca53817f05adaae5e956f619adf59ea,"[1.0530056154665064, 1.1404545947884688]",18077.889415077436,19153.09100217586,short,19343520,19341888,4933f87e957e3c9c0fb59525c43051117d0b5bbe20a7952d8c9757767fcf0f55,14c27d2190d4cf036a59a29f34ad42703fc7830255ebc0c211596ab1b024b078,96,5.310354422233243,spans,5d51d37d704a60e8c1c943e3e03ca4ace362239d7653de2585a04d093c189ab9,19355195,"[98.4208627206592, 99.2158449968051]",249581568,249581568,14751,211,cjk,1.106364391230542,"[1.090068493150685, 1.1072309779983187]",segmentation,13307,21,1161640.029863522,prefix,32768
1,"[[3.0621748134045483, 3.2062442472963566], [3.0888599904661795, 3.173096113819747]]",cold,,repeatable_gain,"[674659600, 659281100]",4c641d111dfc4a4fa2ea65c628308352eca53817f05adaae5e956f619adf59ea,"[3.0621748134045483, 3.2062442472963566]",6294.619544147587,6717.035709714578,short,19342992,19341888,4933f87e957e3c9c0fb59525c43051117d0b5bbe20a7952d8c9757767fcf0f55,6253a34a66c92b20b2daad27f52661516b19f3ad00a811ed446c1a42e6f9b981,96,15.251120314214361,spans,5d51d37d704a60e8c1c943e3e03ca4ace362239d7653de2585a04d093c189ab9,19344512,"[101.90324127900945, 97.17023588269102]",250449920,250449920,2724,26,cjk,3.1520845219895106,"[3.1531221805781326, 3.151046863400889]",segmentation,2624,21,3336182.5687343916,compact,32768
1,,cold,,,"[1879010800, 1827025000]",72c160e73ed942bac33add1db69a746672663e1d5365f6814e1f966e6d2a3f33,,24783.311999999998,26928.395441946413,short,19343520,19341888,4933f87e957e3c9c0fb59525c43051117d0b5bbe20a7952d8c9757767fcf0f55,c263245792619f850fc86f5ed974d1243cc683ba8f4cf4e95170ddb0352ac87b,96,3.8735742825656234,spans,963fbd65665d5078df90d1b697fdaea963502f78f886b209a4c212e9735d5562,19356694,"[98.12343814096226, 97.49456082976423]",250241024,250241024,28538,271,indic,,,segmentation,14806,17,685945.4458709959,baseline,32768
1,"[[1.0429857359955463, 1.087262550881954], [1.0610436794186957, 1.1228996517240677]]",cold,,repeatable_gain,"[1779815400, 1663136400]",72c160e73ed942bac33add1db69a746672663e1d5365f6814e1f966e6d2a3f33,"[1.0429857359955463, 1.1228996517240677]",22671.1498170619,25800.448,short,19343520,19341888,4933f87e957e3c9c0fb59525c43051117d0b5bbe20a7952d8c9757767fcf0f55,14c27d2190d4cf036a59a29f34ad42703fc7830255ebc0c211596ab1b024b078,96,4.234456601215353,spans,963fbd65665d5078df90d1b697fdaea963502f78f886b209a4c212e9735d5562,19356694,"[100.08060386487271, 100.525428942569]",250224640,250224640,16250,239,indic,1.08461236517126,"[1.0773178299526722, 1.0949342520433516]",segmentation,14806,17,749851.689798552,prefix,32768
1,"[[2.877118843274811, 3.1891478553983723], [2.984248858828288, 3.2861527250013016]]",cold,,repeatable_gain,"[688338100, 610313200]",72c160e73ed942bac33add1db69a746672663e1d5365f6814e1f966e6d2a3f33,"[2.877118843274811, 3.2861527250013016]",7954.782699106868,8843.71727748691,short,19342800,19341888,4933f87e957e3c9c0fb59525c43051117d0b5bbe20a7952d8c9757767fcf0f55,6253a34a66c92b20b2daad27f52661516b19f3ad00a811ed446c1a42e6f9b981,96,12.068211493794609,spans,963fbd65665d5078df90d1b697fdaea963502f78f886b209a4c212e9735d5562,19344320,"[97.60828290632176, 99.84627564994499]",249782272,249782272,2532,22,indic,3.121375458138396,"[3.1018867417988387, 3.193671355800695]",segmentation,2432,17,2137079.1186927953,compact,32768
1,,cold,,,"[2514367300, 2510002600]",6c55b68308ed8628bda3b953d1cdfad84d0da74a831b4f3b2a2d33f8af78a072,,22555.601669731426,23970.72291710833,short,19342688,19341856,4933f87e957e3c9c0fb59525c43051117d0b5bbe20a7952d8c9757767fcf0f55,c263245792619f850fc86f5ed974d1243cc683ba8f4cf4e95170ddb0352ac87b,64,2.8374326225970306,spans,aec92bcdc3f2dfc8912f2f83d2c038bcf5afb58886d4e8ca89e6360b35f214f2,19355120,"[99.4285918370001, 97.73396250665239]",250089472,250089472,26528,301,arabic,,,segmentation,13264,14,620688.3861931004,baseline,32768
1,"[[1.0760389156000993, 1.1381534424795692], [1.0572555159434598, 1.1417109535152565]]",cold,,repeatable_gain,"[2261028400, 2320927700]",6c55b68308ed8628bda3b953d1cdfad84d0da74a831b4f3b2a2d33f8af78a072,"[1.0572555159434598, 1.1417109535152565]",20475.891365382126,21353.593385626456,short,19342688,19341856,4933f87e957e3c9c0fb59525c43051117d0b5bbe20a7952d8c9757767fcf0f55,14c27d2190d4cf036a59a29f34ad42703fc7830255ebc0c211596ab1b024b078,64,3.1256270536872726,spans,aec92bcdc3f2dfc8912f2f83d2c038bcf5afb58886d4e8ca89e6360b35f214f2,19355120,"[98.82118243185269, 98.96366009160906]",250163200,250163200,14240,269,arabic,1.1055805569056392,"[1.1299918372472686, 1.089766198942297]",segmentation,13264,14,683730.9179940909,prefix,32768
1,"[[4.360091817075236, 4.537790067461009], [4.312338012562355, 4.585457000973056]]",cold,,repeatable_gain,"[646877600, 663837300]",6c55b68308ed8628bda3b953d1cdfad84d0da74a831b4f3b2a2d33f8af78a072,"[4.312338012562355, 4.585457000973056]",5060.887947733567,5426.012295950816,short,19342592,19341856,4933f87e957e3c9c0fb59525c43051117d0b5bbe20a7952d8c9757767fcf0f55,6253a34a66c92b20b2daad27f52661516b19f3ad00a811ed446c1a42e6f9b981,64,12.646002176092699,spans,aec92bcdc3f2dfc8912f2f83d2c038bcf5afb58886d4e8ca89e6360b35f214f2,19344048,"[91.7870706915806, 98.85705428122222]",249913344,249913344,2260,19,arabic,4.451458944615117,"[4.411030648384481, 4.488552157330732]",segmentation,2192,14,2766312.976020278,compact,32768
1,,cold,,,"[2096599200, 2375714600]",6e15aae1d9028536678d32c88a163f53048352b807b9d9870a77d4bc393f46a8,,20392.77,21465.569321533923,short,19342624,19341824,4933f87e957e3c9c0fb59525c43051117d0b5bbe20a7952d8c9757767fcf0f55,c263245792619f850fc86f5ed974d1243cc683ba8f4cf4e95170ddb0352ac87b,32,1.569183588105,spans,cf2c6d8ae3255c8ae240472a5a5020e9b64764fe35614a422bbf92994752eba7,19354604,"[98.37359472425631, 99.96992062935506]",250265600,250265600,25678,277,dense_ascii,,,segmentation,12780,16,784591.7940524999,baseline,32768
1,"[[1.0427150651676549, 1.1874836854213913], [1.0667251794216146, 1.1278633107223741]]",cold,,repeatable_gain,"[1856940500, 2203581500]",6e15aae1d9028536678d32c88a163f53048352b807b9d9870a77d4bc393f46a8,"[1.0427150651676549, 1.1874836854213913]",18439.934601769914,19509.66,short,19342624,19341824,4933f87e957e3c9c0fb59525c43051117d0b5bbe20a7952d8c9757767fcf0f55,14c27d2190d4cf036a59a29f34ad42703fc7830255ebc0c211596ab1b024b078,32,1.7353640721116526,spans,cf2c6d8ae3255c8ae240472a5a5020e9b64764fe35614a422bbf92994752eba7,19354604,"[100.13110274669543, 97.85206492249095]",249798656,249798656,13390,245,dense_ascii,1.1057363673799352,"[1.1297252478543023, 1.080290472521961]",segmentation,12780,16,867682.0360558262,prefix,32768
1,"[[3.7498474065679717, 4.177667294355394], [3.7975865086280076, 4.204668918521881]]",cold,,repeatable_gain,"[623287000, 691215500]",6e15aae1d9028536678d32c88a163f53048352b807b9d9870a77d4bc393f46a8,"[3.7498474065679717, 4.204668918521881]",5047.488451327434,5711.95,short,19342624,19341824,4933f87e957e3c9c0fb59525c43051117d0b5bbe20a7952d8c9757767fcf0f55,6253a34a66c92b20b2daad27f52661516b19f3ad00a811ed446c1a42e6f9b981,32,6.339786669860405,spans,cf2c6d8ae3255c8ae240472a5a5020e9b64764fe35614a422bbf92994752eba7,19343944,"[97.76796243143207, 97.20195800007379]",249786368,249786368,2120,19,dense_ascii,4.067775888166665,"[4.1504740513063005, 3.9539385756624457]",segmentation,2120,16,3169893.334930202,compact,32768
1,,cold,,,"[3533521100, 4728668100]",66a47f84437e63c5bd7104074712b3c63f587a6b5daa3b4153428215d8e6e7b6,,214296.1272475795,228615.28354080222,medium,19345376,19342048,4933f87e957e3c9c0fb59525c43051117d0b5bbe20a7952d8c9757767fcf0f55,c263245792619f850fc86f5ed974d1243cc683ba8f4cf4e95170ddb0352ac87b,256,1.1946086160681728,spans,62325d183334ca54458de489582ba2706356c08bf3540bc3a7f99382992201fe,19455304,"[99.49353351816691, 98.13809939420362]",250220544,250220544,226450,2980,latin,,,segmentation,113256,61,284652.83429749426,baseline,32768
1,"[[1.0733248200764804, 1.1695655677129495], [1.079220284521502, 1.1276721714892937]]",cold,,repeatable_gain,"[3146695000, 4261882700]",66a47f84437e63c5bd7104074712b3c63f587a6b5daa3b4153428215d8e6e7b6,"[1.0733248200764804, 1.1695655677129495]",191021.01554147972,202586.5836791148,medium,19345376,19342048,4933f87e957e3c9c0fb59525c43051117d0b5bbe20a7952d8c9757767fcf0f55,14c27d2190d4cf036a59a29f34ad42703fc7830255ebc0c211596ab1b024b078,256,1.3401666789087416,spans,62325d183334ca54458de489582ba2706356c08bf3540bc3a7f99382992201fe,19455304,"[98.81399372992934, 100.45443062053303]",249860096,249860096,128146,2724,latin,1.1212021932721448,"[1.128481853975658, 1.1119650554388758]",segmentation,113256,61,319336.5914587236,prefix,32768
1,"[[8.443211224545504, 9.178881678340886], [8.336624761361566, 8.794554024802249]]",cold,,repeatable_gain,"[434989200, 607153000]",66a47f84437e63c5bd7104074712b3c63f587a6b5daa3b4153428215d8e6e7b6,"[8.336624761361566, 9.178881678340886]",24651.80224660236,27615.69847856155,medium,19345232,19342048,4933f87e957e3c9c0fb59525c43051117d0b5bbe20a7952d8c9757767fcf0f55,6253a34a66c92b20b2daad27f52661516b19f3ad00a811ed446c1a42e6f9b981,256,10.384636280914643,spans,62325d183334ca54458de489582ba2706356c08bf3540bc3a7f99382992201fe,19355512,"[100.57720973302327, 100.36597035673051]",250277888,250277888,13464,64,latin,8.516725861511404,"[8.965598620577545, 8.402909099606168]",segmentation,13464,61,2474464.113811692,compact,32768
1,,cold,,,"[2034157100, 1552966500]",127316d2e2156c3343d254c27702ffbf267d93320c8c47bb3b7a66fcd8ae6e4d,,147717.71523178808,158241.39072847684,medium,19355616,19342560,4933f87e957e3c9c0fb59525c43051117d0b5bbe20a7952d8c9757767fcf0f55,c263245792619f850fc86f5ed974d1243cc683ba8f4cf4e95170ddb0352ac87b,768,5.199105596745179,spans,97a167316d883410f27754858ec8213458858db959e44e8fd38d940de684edc2,19448277,"[100.62521719684285, 98.60161181841333]",250859520,250859520,216889,1888,cjk,,,segmentation,105717,171,1157613.3555252939,baseline,32768
1,"[[1.0683036263783163, 1.1258980222988615], [1.03899416600228, 1.1258607070030613]]",cold,,repeatable_gain,"[1854058100, 1428557200]",127316d2e2156c3343d254c27702ffbf267d93320c8c47bb3b7a66fcd8ae6e4d,"[1.03899416600228, 1.1258980222988615]",134537.74834437086,149739.7379912664,medium,19355616,19342560,4933f87e957e3c9c0fb59525c43051117d0b5bbe20a7952d8c9757767fcf0f55,14c27d2190d4cf036a59a29f34ad42703fc7830255ebc0c211596ab1b024b078,768,5.708435063400803,spans,97a167316d883410f27754858ec8213458858db959e44e8fd38d940de684edc2,19448277,"[99.4440249741904, 99.53224134112376]",250736640,250736640,118585,1632,cjk,1.097963392043118,"[1.100862252635009, 1.0950645314512273]",segmentation,105717,171,1271018.744585335,prefix,32768
1,"[[3.373828367810793, 3.7268996018016844], [3.490140670662242, 3.7681208108683895]]",cold,,repeatable_gain,"[622161900, 468151500]",127316d2e2156c3343d254c27702ffbf267d93320c8c47bb3b7a66fcd8ae6e4d,"[3.373828367810793, 3.7681208108683895]",41373.67549668874,49748.84105960265,medium,19351536,19342560,4933f87e957e3c9c0fb59525c43051117d0b5bbe20a7952d8c9757767fcf0f55,6253a34a66c92b20b2daad27f52661516b19f3ad00a811ed446c1a42e6f9b981,768,18.562527761437714,spans,97a167316d883410f27754858ec8213458858db959e44e8fd38d940de684edc2,19363360,"[95.43335906618519, 100.12784323023635]",250007552,250007552,21572,176,cjk,3.555605287342387,"[3.516129755968224, 3.646883595525163]",segmentation,20800,171,4133062.821882616,compact,32768
1,,cold,,,"[2098028400, 2199099700]",3995a70618b64d0c44be456d64977adf513bfa9f10e2afa4527f3b71d11bcf3a,,190751.37330885185,199648.95729890766,medium,19349472,19342560,4933f87e957e3c9c0fb59525c43051117d0b5bbe20a7952d8c9757767fcf0f55,c263245792619f850fc86f5ed974d1243cc683ba8f4cf4e95170ddb0352ac87b,768,4.026183333194178,spans,13481535664049f9638897aeb042926728423b5090c8a5f9e6fc7aa03338f008,19455349,"[99.79607521042136, 98.76200701587109]",250224640,250224640,217817,2136,indic,,,segmentation,112789,128,671030.5555323629,baseline,32768
1,"[[1.0923820367479748, 1.1092489261649947], [1.0558887634253302, 1.1304608396499232]]",cold,,repeatable_gain,"[1931869500, 2004405300]",3995a70618b64d0c44be456d64977adf513bfa9f10e2afa4527f3b71d11bcf3a,"[1.0558887634253302, 1.1304608396499232]",170673.6325484687,189214.3992055611,medium,19349472,19342560,4933f87e957e3c9c0fb59525c43051117d0b5bbe20a7952d8c9757767fcf0f55,14c27d2190d4cf036a59a29f34ad42703fc7830255ebc0c211596ab1b024b078,768,4.499816336784768,spans,13481535664049f9638897aeb042926728423b5090c8a5f9e6fc7aa03338f008,19455349,"[98.67384934644913, 98.22115317695477]",250552320,250552320,119513,1880,indic,1.1012669460157851,"[1.1006148849577764, 1.106956777704007]",segmentation,112789,128,749969.389464128,prefix,32768
1,"[[3.6413760993682946, 3.7311462498485395], [3.6184031243640313, 3.9641709996273358]]",cold,,repeatable_gain,"[601368200, 607917400]",3995a70618b64d0c44be456d64977adf513bfa9f10e2afa4527f3b71d11bcf3a,"[3.6184031243640313, 3.9641709996273358]",50103.95915658505,56374.6772591857,medium,19349472,19342560,4933f87e957e3c9c0fb59525c43051117d0b5bbe20a7952d8c9757767fcf0f55,6253a34a66c92b20b2daad27f52661516b19f3ad00a811ed446c1a42e6f9b981,768,15.328130010641354,spans,13481535664049f9638897aeb042926728423b5090c8a5f9e6fc7aa03338f008,19361296,"[103.92967237043796, 100.23976941604238]",250081280,250081280,19508,133,indic,3.7012961642348645,"[3.66701551750113, 3.853694610424185]",segmentation,18736,128,2554688.3351068925,compact,32768
1,,cold,,,"[3058663600, 3188804300]",bc25791e35cac9cd369581d3ab30ea61b3d9266f0834cab7a477e5081f79e04a,,172323.30676477146,179557.57389162562,medium,19348960,19342304,4933f87e957e3c9c0fb59525c43051117d0b5bbe20a7952d8c9757767fcf0f55,c263245792619f850fc86f5ed974d1243cc683ba8f4cf4e95170ddb0352ac87b,512,2.9711593261084612,spans,bf0e7b680260eefde3e78f15ca6aeb1a3881badfae6fd3d785727eeb37e4324b,19448240,"[99.10373929319981, 97.99911521694825]",250134528,250134528,213408,2384,arabic,,,segmentation,105936,110,638335.0114686147,baseline,32768
1,"[[1.0693628541569034, 1.1005105735877976], [1.0791393232945135, 1.1097147647369143]]",cold,,repeatable_gain,"[2798598400, 2917685800]",bc25791e35cac9cd369581d3ab30ea61b3d9266f0834cab7a477e5081f79e04a,"[1.0693628541569034, 1.1097147647369143]",157075.29448233105,166420.6896551724,medium,19348960,19342304,4933f87e957e3c9c0fb59525c43051117d0b5bbe20a7952d8c9757767fcf0f55,14c27d2190d4cf036a59a29f34ad42703fc7830255ebc0c211596ab1b024b078,512,3.2595832571085417,spans,bf0e7b680260eefde3e78f15ca6aeb1a3881badfae6fd3d785727eeb37e4324b,19448240,"[97.70515841072445, 100.14357954513129]",250531840,250531840,115104,2128,arabic,1.0917134907602735,"[1.0907040583154513, 1.0985734817931974]",segmentation,105936,110,700301.0903944132,prefix,32768
1,"[[4.791141711202235, 5.502475595125847], [5.222827425861484, 5.612698211942516]]",cold,,repeatable_gain,"[638603000, 626952700]",bc25791e35cac9cd369581d3ab30ea61b3d9266f0834cab7a477e5081f79e04a,"[4.791141711202235, 5.612698211942516]",32142.6724137931,36399.6921182266,medium,19348096,19342304,4933f87e957e3c9c0fb59525c43051117d0b5bbe20a7952d8c9757767fcf0f55,6253a34a66c92b20b2daad27f52661516b19f3ad00a811ed446c1a42e6f9b981,512,15.928980434753457,spans,bf0e7b680260eefde3e78f15ca6aeb1a3881badfae6fd3d785727eeb37e4324b,19359408,"[102.76337568097864, 99.68854109727894]",249917440,249917440,17620,115,arabic,5.378559486013954,"[5.144415016774991, 5.516728766308307]",segmentation,17104,110,3422241.890279063,compact,32768
1,,cold,,,"[2765095000, 2578046300]",f88147a2276fd280b399d90ad2ecfd5b7140a36b4aa0423416b8e95697cd3d22,,154402.10169491527,164422.31404958677,medium,19348448,19342048,4933f87e957e3c9c0fb59525c43051117d0b5bbe20a7952d8c9757767fcf0f55,c263245792619f850fc86f5ed974d1243cc683ba8f4cf4e95170ddb0352ac87b,256,1.658008519248223,spans,ef76cc0fe9a2c6f97d2cd2b9e7dfc242d9a2a075da67d500aa6f7db162ce0972,19443980,"[98.88900743012447, 98.79089448471116]",250187776,250187776,206222,2184,dense_ascii,,,segmentation,101932,128,829004.2596241115,baseline,32768
1,"[[1.118611151628712, 1.1808677497214737], [1.1155809285248603, 1.1419365850533298]]",cold,,repeatable_gain,"[2437830100, 2285600000]",f88147a2276fd280b399d90ad2ecfd5b7140a36b4aa0423416b8e95697cd3d22,"[1.1155809285248603, 1.1808677497214737]",134535.8382234099,144262.36490781946,medium,19348448,19342048,4933f87e957e3c9c0fb59525c43051117d0b5bbe20a7952d8c9757767fcf0f55,14c27d2190d4cf036a59a29f34ad42703fc7830255ebc0c211596ab1b024b078,256,1.9028387036537209,spans,ef76cc0fe9a2c6f97d2cd2b9e7dfc242d9a2a075da67d500aa6f7db162ce0972,19443980,"[100.62739811113171, 100.49330591529578]",249851904,249851904,107918,1928,dense_ascii,1.1299495227340315,"[1.1353209966784956, 1.1247786453270745]",segmentation,101932,128,951419.3518268605,prefix,32768
1,"[[4.3798255270729065, 4.881982165218987], [4.422631971945275, 4.7522057072611785]]",cold,,repeatable_gain,"[653408500, 604195100]",f88147a2276fd280b399d90ad2ecfd5b7140a36b4aa0423416b8e95697cd3d22,"[4.3798255270729065, 4.881982165218987]",33526.3335955262,38240.62301335028,medium,19348448,19342048,4933f87e957e3c9c0fb59525c43051117d0b5bbe20a7952d8c9757767fcf0f55,6253a34a66c92b20b2daad27f52661516b19f3ad00a811ed446c1a42e6f9b981,256,7.635788723231012,spans,ef76cc0fe9a2c6f97d2cd2b9e7dfc242d9a2a075da67d500aa6f7db162ce0972,19358728,"[98.04356692635618, 100.85732241125424]",249880576,249880576,16680,131,dense_ascii,4.558081674975181,"[4.460157425606111, 4.570166375272597]",segmentation,16680,128,3817894.361615506,compact,32768
1,,cold,,,"[5124897100, 5129078300]",fd946d3b0a5662313e9bd5363d7323e8697dfd1ca8c1cee1fd0812c19ab81700,,3567625.190839695,3749895.419847328,long,19399136,19345888,4933f87e957e3c9c0fb59525c43051117d0b5bbe20a7952d8c9757767fcf0f55,c263245792619f850fc86f5ed974d1243cc683ba8f4cf4e95170ddb0352ac87b,4096,1.1481026679924144,spans,e210498c81607e8990ca61c21938ba619580a23a25a7d117f06fa5928c8bcd06,21158460,"[98.17270282363327, 98.39730853787123]",252624896,252624896,3627620,47703,latin,,,segmentation,1812572,965,270488.0553253613,baseline,32768
1,"[[1.052263813809011, 1.1179864167405185], [1.0662733578623833, 1.1348338334834283]]",cold,,repeatable_gain,"[4709475600, 4599370800]",fd946d3b0a5662313e9bd5363d7323e8697dfd1ca8c1cee1fd0812c19ab81700,"[1.052263813809011, 1.1348338334834283]",3188999.6183206104,3436543.5114503815,long,19399136,19345888,4933f87e957e3c9c0fb59525c43051117d0b5bbe20a7952d8c9757767fcf0f55,14c27d2190d4cf036a59a29f34ad42703fc7830255ebc0c211596ab1b024b078,4096,1.2844153308983568,spans,e210498c81607e8990ca61c21938ba619580a23a25a7d117f06fa5928c8bcd06,21158460,"[98.86981896668071, 98.85863083707015]",253067264,253067264,2054756,43607,latin,1.1044553140828268,"[1.0898194947630284, 1.122824368566895]",segmentation,1812572,965,302602.7329875279,prefix,32768
1,"[[8.40469262310671, 9.229263416400359], [8.83855780311673, 9.470647979284008]]",cold,,repeatable_gain,"[585101000, 559474200]",fd946d3b0a5662313e9bd5363d7323e8697dfd1ca8c1cee1fd0812c19ab81700,"[8.40469262310671, 9.470647979284008]",393027.48091603053,438426.7175572519,long,19396304,19345888,4933f87e957e3c9c0fb59525c43051117d0b5bbe20a7952d8c9757767fcf0f55,6253a34a66c92b20b2daad27f52661516b19f3ad00a811ed446c1a42e6f9b981,4096,10.421663112343795,spans,e210498c81607e8990ca61c21938ba619580a23a25a7d117f06fa5928c8bcd06,19560184,"[104.14868544063334, 103.33363004049158]",250494976,250494976,214296,968,latin,9.12634774610137,"[8.934933425178075, 9.175935257780708]",segmentation,214296,965,2455299.0486845123,compact,32768
1,,cold,,,"[2107904800, 2144262300]",7ee0ee6b00af4dbd8f8b7a723632ef6d2d5b51a81fcb273e2b70161112abebf6,,2529887.567099567,2648146.7532467535,long,19562976,19354080,4933f87e957e3c9c0fb59525c43051117d0b5bbe20a7952d8c9757767fcf0f55,c263245792619f850fc86f5ed974d1243cc683ba8f4cf4e95170ddb0352ac87b,12288,4.857132846456014,spans,b1caab2e6359d7ed7ee8a5bafe7dc0dba500e6b9fb59d6a3da2099af5d4fd11e,21044437,"[99.32848959782244, 96.91561522114156]",254107648,254107648,3471929,30052,cjk,,,segmentation,1690357,2731,1079494.6129289856,baseline,32768
1,"[[1.0308476789090504, 1.1026423234386715], [1.0732404646480103, 1.1346778049338206]]",cold,,repeatable_gain,"[1986839000, 1946017700]",7ee0ee6b00af4dbd8f8b7a723632ef6d2d5b51a81fcb273e2b70161112abebf6,"[1.0308476789090504, 1.1346778049338206]",2364097.4025974027,2459252.0,long,19562976,19354080,4933f87e957e3c9c0fb59525c43051117d0b5bbe20a7952d8c9757767fcf0f55,14c27d2190d4cf036a59a29f34ad42703fc7830255ebc0c211596ab1b024b078,12288,5.197755382878614,spans,b1caab2e6359d7ed7ee8a5bafe7dc0dba500e6b9fb59d6a3da2099af5d4fd11e,21044437,"[100.66240898230807, 99.5623010006538]",254124032,254124032,1899065,25956,cjk,1.08333500649986,"[1.0630987103941947, 1.1146064005347585]",segmentation,1690357,2731,1155197.7498894446,prefix,32768
1,"[[3.305443371525103, 3.7796311653284556], [3.6167756331347936, 3.7687229488893133]]",cold,,repeatable_gain,"[598557400, 582031500]",7ee0ee6b00af4dbd8f8b7a723632ef6d2d5b51a81fcb273e2b70161112abebf6,"[3.305443371525103, 3.7796311653284556]",689903.3333333334,797961.3333333334,long,19497456,19354080,4933f87e957e3c9c0fb59525c43051117d0b5bbe20a7952d8c9757767fcf0f55,6253a34a66c92b20b2daad27f52661516b19f3ad00a811ed446c1a42e6f9b981,12288,17.811190939793498,spans,b1caab2e6359d7ed7ee8a5bafe7dc0dba500e6b9fb59d6a3da2099af5d4fd11e,19685920,"[93.97594950793358, 99.32881639567618]",251969536,251969536,344132,2736,cjk,3.655542356048347,"[3.636988540242958, 3.686146619894167]",segmentation,331840,2731,3958525.59054167,compact,32768
1,,cold,,,"[2252952800, 2314144200]",8135f0cd7ce34f4ff6953417417dc56b805e4251faf326d0871000a7a0e7435e,,3239308.6104218364,3481567.7419354836,long,19464672,19354080,4933f87e957e3c9c0fb59525c43051117d0b5bbe20a7952d8c9757767fcf0f55,c263245792619f850fc86f5ed974d1243cc683ba8f4cf4e95170ddb0352ac87b,12288,3.7934020736603435,spans,8e1d7d1ce5077f7df48a569afc93f6be7c51becad1774c4607d7f0d1a5ae5bd0,21156469,"[99.17540216554914, 97.22816754461542]",254337024,254337024,3485657,34012,indic,,,segmentation,1802389,2048,632233.6789433906,baseline,32768
1,"[[1.0609543797823293, 1.1711676354946248], [1.0537177366822608, 1.1051740168605675]]",cold,,repeatable_gain,"[2028896800, 2128154800]",8135f0cd7ce34f4ff6953417417dc56b805e4251faf326d0871000a7a0e7435e,"[1.0537177366822608, 1.1711676354946248]",2973632.307692308,3094224.6153846155,long,19464672,19354080,4933f87e957e3c9c0fb59525c43051117d0b5bbe20a7952d8c9757767fcf0f55,14c27d2190d4cf036a59a29f34ad42703fc7830255ebc0c211596ab1b024b078,12288,4.13231991333055,spans,8e1d7d1ce5077f7df48a569afc93f6be7c51becad1774c4607d7f0d1a5ae5bd0,21156469,"[99.34586125819706, 99.11755479441628]",253849600,253849600,1912793,29916,indic,1.0883090088238239,"[1.1104351288776215, 1.0867929631681057]",segmentation,1802389,2048,688719.9855550916,prefix,32768
1,"[[3.787506645681228, 4.022575656324582], [3.7041440574277495, 4.031407635429395]]",cold,,repeatable_gain,"[577446400, 601487600]",8135f0cd7ce34f4ff6953417417dc56b805e4251faf326d0871000a7a0e7435e,"[3.7041440574277495, 4.031407635429395]",840858.8709677419,919224.1935483871,long,19464672,19354080,4933f87e957e3c9c0fb59525c43051117d0b5bbe20a7952d8c9757767fcf0f55,6253a34a66c92b20b2daad27f52661516b19f3ad00a811ed446c1a42e6f9b981,12288,14.613629497489606,spans,8e1d7d1ce5077f7df48a569afc93f6be7c51becad1774c4607d7f0d1a5ae5bd0,19653136,"[97.41163855208032, 98.71358944058032]",251486208,251486208,311348,2053,indic,3.9683385608384043,"[3.931336201391993, 3.9881371408798625]",segmentation,299056,2048,2435604.9162482675,compact,32768
1,,cold,,,"[3422063100, 3015220000]",e58855896010cb93527c9d95b51c28da2db36bcee969f0d2509d902061d7c62e,,2960564.903846154,3120672.1153846155,long,19456480,19349984,4933f87e957e3c9c0fb59525c43051117d0b5bbe20a7952d8c9757767fcf0f55,c263245792619f850fc86f5ed974d1243cc683ba8f4cf4e95170ddb0352ac87b,8192,2.767039489442552,spans,b90b7ec3e5bebb46c2cb762393b03cae2293ff35e011246d2052c1c4077fc087,21044602,"[98.16811969364329, 98.97702323545215]",253063168,253063168,3417080,38046,arabic,,,segmentation,1694618,1756,593130.0468092189,baseline,32768
1,"[[1.0612069506174797, 1.1602803263872603], [1.0806604057516227, 1.1417999032203907]]",cold,,repeatable_gain,"[3101298200, 2725545200]",e58855896010cb93527c9d95b51c28da2db36bcee969f0d2509d902061d7c62e,"[1.0612069506174797, 1.1602803263872603]",2693295.7919768402,2803898.924731183,long,19456480,19349984,4933f87e957e3c9c0fb59525c43051117d0b5bbe20a7952d8c9757767fcf0f55,14c27d2190d4cf036a59a29f34ad42703fc7830255ebc0c211596ab1b024b078,8192,3.04162655450005,spans,b90b7ec3e5bebb46c2cb762393b03cae2293ff35e011246d2052c1c4077fc087,21044602,"[97.74132651932665, 98.60412514897938]",253263872,253263872,1844216,33950,arabic,1.1028724291236607,"[1.0967704843917425, 1.1176275193177172]",segmentation,1694618,1756,651989.2858523056,prefix,32768
1,"[[5.755121241681049, 5.965848242597144], [5.346595607261717, 5.977382892309729]]",cold,,repeatable_gain,"[585072600, 540608000]",e58855896010cb93527c9d95b51c28da2db36bcee969f0d2509d902061d7c62e,"[5.346595607261717, 5.977382892309729]",508259.7394540943,575652.6881720431,long,19442464,19349984,4933f87e957e3c9c0fb59525c43051117d0b5bbe20a7952d8c9757767fcf0f55,6253a34a66c92b20b2daad27f52661516b19f3ad00a811ed446c1a42e6f9b981,8192,16.117743279841065,spans,b90b7ec3e5bebb46c2cb762393b03cae2293ff35e011246d2052c1c4077fc087,19622736,"[98.81252343726231, 98.26898603054339]",251387904,251387904,280948,1761,arabic,5.81517523064578,"[5.834401541402457, 5.78400360150461]",segmentation,272752,1756,3454926.4159424943,compact,32768
1,,cold,,,"[2927992500, 2816382900]",58850230e822043b8c75a23c51fa30686e3c6826d6a671773e6189308a33dde6,,2816517.021276596,2935126.595744681,long,19448288,19345888,4933f87e957e3c9c0fb59525c43051117d0b5bbe20a7952d8c9757767fcf0f55,c263245792619f850fc86f5ed974d1243cc683ba8f4cf4e95170ddb0352ac87b,4096,1.454278447123843,spans,b44b709aa508dab973faecdba3c0eff204b8c6d5c9d6e24e6c7277c149949316,20976139,"[99.79106845389802, 99.30734205210521]",253472768,253472768,3301295,34830,dense_ascii,,,segmentation,1630251,2048,727139.2235619215,baseline,32768
1,"[[1.1042547510896052, 1.1634089611324014], [1.1178549358613055, 1.1724462088573244]]",cold,,repeatable_gain,"[2574367100, 2463364000]",58850230e822043b8c75a23c51fa30686e3c6826d6a671773e6189308a33dde6,"[1.1042547510896052, 1.1724462088573244]",2451846.139327385,2565037.634408602,long,19448288,19345888,4933f87e957e3c9c0fb59525c43051117d0b5bbe20a7952d8c9757767fcf0f55,14c27d2190d4cf036a59a29f34ad42703fc7830255ebc0c211596ab1b024b078,4096,1.6705779103755898,spans,b44b709aa508dab973faecdba3c0eff204b8c6d5c9d6e24e6c7277c149949316,20976139,"[98.32513785621329, 98.31575845063905]",253243392,253243392,1728431,30734,dense_ascii,1.1433450564711332,"[1.1458562511561263, 1.1395137676405427]",segmentation,1630251,2048,835288.9551877949,prefix,32768
1,"[[4.853469837793038, 5.212513605896842], [4.661684071710466, 5.11179802506244]]",cold,,repeatable_gain,"[590085400, 572842500]",58850230e822043b8c75a23c51fa30686e3c6826d6a671773e6189308a33dde6,"[4.661684071710466, 5.212513605896842]",562926.0581102723,614360.2150537635,long,19448288,19345888,4933f87e957e3c9c0fb59525c43051117d0b5bbe20a7952d8c9757767fcf0f55,6253a34a66c92b20b2daad27f52661516b19f3ad00a811ed446c1a42e6f9b981,4096,7.276266466949784,spans,b44b709aa508dab973faecdba3c0eff204b8c6d5c9d6e24e6c7277c149949316,19612168,"[103.2689505620712, 106.3774074025583]",251383808,251383808,266280,2051,dense_ascii,4.948711182708921,"[4.9425173698896945, 4.954904995528147]",segmentation,266280,2048,3638133.233474892,compact,32768
1,,warm,,,"[559104900, 414879800]",65bcc6195e787fc9fcfdec09301c13cc8af123ee14c7fa7b10439772670688d2,,7371.687839703831,8411.82955268179,short,3483473,3483005,bcabbdeddb1bb4054234cd9b034ae62c8d75875c2a169aca9ff3cd45cb47960f,c263245792619f850fc86f5ed974d1243cc683ba8f4cf4e95170ddb0352ac87b,32,4.340932591807313,strings,b7fc04998dfacb15d4dedcd27a9c83ff114f80f34525cff1c69205d3ed29c600,3483543,"[103.40188397561889, 101.68607871484706]",228823040,228823040,1224,41,latin,,,batch,538,12,1627849.7219277422,baseline,8192
1,"[[1.0010356467038306, 1.0195653758893841], [0.9601271826241822, 1.0508682318020375]]",warm,,inconclusive_or_mixed,"[539772100, 410125000]",65bcc6195e787fc9fcfdec09301c13cc8af123ee14c7fa7b10439772670688d2,"[0.9601271826241822, 1.0508682318020375]",7374.015937413305,8399.152003391986,short,,,bcabbdeddb1bb4054234cd9b034ae62c8d75875c2a169aca9ff3cd45cb47960f,14c27d2190d4cf036a59a29f34ad42703fc7830255ebc0c211596ab1b024b078,32,4.339562088229649,strings,b7fc04998dfacb15d4dedcd27a9c83ff114f80f34525cff1c69205d3ed29c600,,"[101.31590721343322, 99.05516610789394]",,,,,latin,1.004471238815858,"[1.002522271231059, 1.0048923512264971]",batch,,12,1627335.7830861185,prefix,8192
1,"[[0.9815820128811664, 1.0221561984039627], [0.9520056119574464, 1.0428124276101314]]",warm,,inconclusive_or_mixed,"[549031400, 418601900]",65bcc6195e787fc9fcfdec09301c13cc8af123ee14c7fa7b10439772670688d2,"[0.9520056119574464, 1.0428124276101314]",7416.441234481443,9036.464428703419,short,3483089,3482621,bcabbdeddb1bb4054234cd9b034ae62c8d75875c2a169aca9ff3cd45cb47960f,6253a34a66c92b20b2daad27f52661516b19f3ad00a811ed446c1a42e6f9b981,32,4.314737889544869,strings,b7fc04998dfacb15d4dedcd27a9c83ff114f80f34525cff1c69205d3ed29c600,3483159,"[96.76131456233651, 97.04924894034164]",228540416,228540416,1224,41,latin,1.0050947515679822,"[1.0012613045492766, 1.0116259503449543]",batch,538,12,1618026.7085793258,compact,8192
1,,cold,,,"[1192149200, 1535316600]",65bcc6195e787fc9fcfdec09301c13cc8af123ee14c7fa7b10439772670688d2,,28585.767707875057,31569.401671799384,short,3483473,3481813,bcabbdeddb1bb4054234cd9b034ae62c8d75875c2a169aca9ff3cd45cb47960f,c263245792619f850fc86f5ed974d1243cc683ba8f4cf4e95170ddb0352ac87b,32,1.1194381878078565,strings,b7fc04998dfacb15d4dedcd27a9c83ff114f80f34525cff1c69205d3ed29c600,3488902,"[98.29935716099965, 97.6997187420497]",228818944,228818944,28018,355,latin,,,batch,7089,12,419789.3204279462,baseline,8192
1,"[[1.0532854535269824, 1.1332995932568046], [1.0208429448085394, 1.122043316583084]]",cold,,repeatable_gain,"[1099127600, 1431530100]",65bcc6195e787fc9fcfdec09301c13cc8af123ee14c7fa7b10439772670688d2,"[1.0208429448085394, 1.1332995932568046]",26447.885537073584,28161.96656401232,short,,,bcabbdeddb1bb4054234cd9b034ae62c8d75875c2a169aca9ff3cd45cb47960f,14c27d2190d4cf036a59a29f34ad42703fc7830255ebc0c211596ab1b024b078,32,1.2099265914904118,strings,b7fc04998dfacb15d4dedcd27a9c83ff114f80f34525cff1c69205d3ed29c600,,"[100.93232123367659, 100.41702930312117]",,,,,latin,1.076431471131861,"[1.0783768541032015, 1.0474540859699704]",batch,,12,453722.47180890443,prefix,8192
1,"[[2.398392752350975, 2.6593619865302554], [2.545525911686203, 2.7741087011234846]]",cold,,repeatable_gain,"[518154500, 620989600]",65bcc6195e787fc9fcfdec09301c13cc8af123ee14c7fa7b10439772670688d2,"[2.398392752350975, 2.7741087011234846]",10959.39404497285,12590.188892021426,short,3483089,3481813,bcabbdeddb1bb4054234cd9b034ae62c8d75875c2a169aca9ff3cd45cb47960f,6253a34a66c92b20b2daad27f52661516b19f3ad00a811ed446c1a42e6f9b981,32,2.91986946255287,strings,b7fc04998dfacb15d4dedcd27a9c83ff114f80f34525cff1c69205d3ed29c600,3483413,"[96.49631528820072, 100.64580791691198]",228360192,228360192,3568,77,latin,2.5891736702026393,"[2.4372482370726485, 2.625841715033938]",batch,1600,12,1094951.0484573261,compact,8192
1,,warm,,,"[555347600, 592002000]",65bcc6195e787fc9fcfdec09301c13cc8af123ee14c7fa7b10439772670688d2,,6691.403339312819,7575.950369588173,short,3483165,3483005,bcabbdeddb1bb4054234cd9b034ae62c8d75875c2a169aca9ff3cd45cb47960f,c263245792619f850fc86f5ed974d1243cc683ba8f4cf4e95170ddb0352ac87b,32,4.782255436912023,ids,a06c0d6e30fb32cf1dc24c8ee4fa2e6fc6d4e26975cd368631145d34cb3d9109,3483325,"[95.6608077535583, 97.65592008135108]",228446208,228446208,796,30,latin,,,batch,320,12,1793345.788842009,baseline,8192
1,"[[0.9353840123132974, 1.0075131464185008], [0.9523891522881294, 1.0585398778849122]]",warm,,inconclusive_or_mixed,"[563174200, 580677300]",65bcc6195e787fc9fcfdec09301c13cc8af123ee14c7fa7b10439772670688d2,"[0.9353840123132974, 1.0585398778849122]",6719.756462784222,7322.188491789706,short,,,bcabbdeddb1bb4054234cd9b034ae62c8d75875c2a169aca9ff3cd45cb47960f,14c27d2190d4cf036a59a29f34ad42703fc7830255ebc0c211596ab1b024b078,32,4.76207734271687,ids,a06c0d6e30fb32cf1dc24c8ee4fa2e6fc6d4e26975cd368631145d34cb3d9109,,"[102.6547380899196, 94.17881498036861]",,,,,latin,0.9997831649559169,"[0.9826106354279377, 1.0374033324287202]",batch,,12,1785779.003518826,prefix,8192
1,"[[0.9616794089276719, 1.0180650985291224], [0.9695483288340527, 1.0936257257166921]]",warm,,inconclusive_or_mixed,"[557157200, 577728700]",65bcc6195e787fc9fcfdec09301c13cc8af123ee14c7fa7b10439772670688d2,"[0.9616794089276719, 1.0936257257166921]",6692.697357818674,7283.210137275607,short,3482781,3482621,bcabbdeddb1bb4054234cd9b034ae62c8d75875c2a169aca9ff3cd45cb47960f,6253a34a66c92b20b2daad27f52661516b19f3ad00a811ed446c1a42e6f9b981,32,4.781330798204453,ids,a06c0d6e30fb32cf1dc24c8ee4fa2e6fc6d4e26975cd368631145d34cb3d9109,3482941,"[98.15452443224282, 100.06859621133589]",228515840,228515840,796,30,latin,1.0008772505752939,"[0.9845790735214988, 1.0129701711684191]",batch,320,12,1792999.0493266701,compact,8192
1,,cold,,,"[1349145100, 1537292200]",65bcc6195e787fc9fcfdec09301c13cc8af123ee14c7fa7b10439772670688d2,,27286.66408272687,30398.502495840265,short,3483165,3481813,bcabbdeddb1bb4054234cd9b034ae62c8d75875c2a169aca9ff3cd45cb47960f,c263245792619f850fc86f5ed974d1243cc683ba8f4cf4e95170ddb0352ac87b,32,1.172734047041565,ids,a06c0d6e30fb32cf1dc24c8ee4fa2e6fc6d4e26975cd368631145d34cb3d9109,3488902,"[99.600109728746, 98.59056072749215]",228335616,228335616,27590,344,latin,,,batch,7089,12,439775.26764058694,baseline,8192
1,"[[1.0657516007880803, 1.1565622937887305], [1.0167583116512173, 1.1230907620361057]]",cold,,repeatable_gain,"[1234754600, 1427507200]",65bcc6195e787fc9fcfdec09301c13cc8af123ee14c7fa7b10439772670688d2,"[1.0167583116512173, 1.1565622937887305]",25441.46040774852,28174.68801996672,short,,,bcabbdeddb1bb4054234cd9b034ae62c8d75875c2a169aca9ff3cd45cb47960f,14c27d2190d4cf036a59a29f34ad42703fc7830255ebc0c211596ab1b024b078,32,1.2577894306041486,ids,a06c0d6e30fb32cf1dc24c8ee4fa2e6fc6d4e26975cd368631145d34cb3d9109,,"[98.70382341560016, 97.41632126268786]",,,,,latin,1.0874015770752927,"[1.1197584303925505, 1.0468780523787176]",batch,,12,471671.0364765557,prefix,8192
1,"[[2.6036867218370237, 2.9733790711700845], [2.5410078805316005, 2.7762535912251285]]",cold,,repeatable_gain,"[522952900, 621595700]",65bcc6195e787fc9fcfdec09301c13cc8af123ee14c7fa7b10439772670688d2,"[2.5410078805316005, 2.9733790711700845]",9953.1424307741,11184.879367720467,short,3482781,3481813,bcabbdeddb1bb4054234cd9b034ae62c8d75875c2a169aca9ff3cd45cb47960f,6253a34a66c92b20b2daad27f52661516b19f3ad00a811ed446c1a42e6f9b981,32,3.2150650131419067,ids,a06c0d6e30fb32cf1dc24c8ee4fa2e6fc6d4e26975cd368631145d34cb3d9109,3483113,"[101.58658647843812, 103.06136287622326]",228163584,228163584,3140,66,latin,2.711387866561939,"[2.8057732428024122, 2.6793366647690133]",batch,1300,12,1205649.379928215,compact,8192
8,,warm,,,"[574103700, 558935600]",a3b096505da8cb5cd56330be376f7cb8f4a06c6b2a2aaa42a090f44afa3b9ed1,,52757.14337710334,61466.38743455497,short,3486173,3483005,bcabbdeddb1bb4054234cd9b034ae62c8d75875c2a169aca9ff3cd45cb47960f,c263245792619f850fc86f5ed974d1243cc683ba8f4cf4e95170ddb0352ac87b,256,4.852423456102142,strings,5554411b739f37a6628ea2be6b85bf6dd661b77d4b87472f491ec5b02f1882bb,3486507,"[95.25718088909721, 103.43320411152912]",228503552,228503552,9312,315,latin,,,batch,3502,96,1819658.796038303,baseline,8192
8,"[[0.9213873865331383, 0.999356918304733], [0.9334934224263938, 1.0149051880413202]]",warm,,inconclusive_or_mixed,"[583761400, 560217900]",a3b096505da8cb5cd56330be376f7cb8f4a06c6b2a2aaa42a090f44afa3b9ed1,"[0.9213873865331383, 1.0149051880413202]",54263.04476859759,58552.879581151836,short,,,bcabbdeddb1bb4054234cd9b034ae62c8d75875c2a169aca9ff3cd45cb47960f,14c27d2190d4cf036a59a29f34ad42703fc7830255ebc0c211596ab1b024b078,256,4.717759592955039,strings,5554411b739f37a6628ea2be6b85bf6dd661b77d4b87472f491ec5b02f1882bb,,"[101.7110757922672, 97.61826603541229]",,,,,latin,0.9802572501899449,"[0.9839108030759945, 0.9761380365834237]",batch,,96,1769159.8473581395,prefix,8192
8,"[[0.9401003196386111, 1.0512201755169306], [0.8963059591735316, 1.0008005691134356]]",warm,,inconclusive_or_mixed,"[574757800, 581656100]",a3b096505da8cb5cd56330be376f7cb8f4a06c6b2a2aaa42a090f44afa3b9ed1,"[0.8963059591735316, 1.0512201755169306]",54916.175210683985,61425.77540106952,short,3485789,3482621,bcabbdeddb1bb4054234cd9b034ae62c8d75875c2a169aca9ff3cd45cb47960f,6253a34a66c92b20b2daad27f52661516b19f3ad00a811ed446c1a42e6f9b981,256,4.661650215403111,strings,5554411b739f37a6628ea2be6b85bf6dd661b77d4b87472f491ec5b02f1882bb,3486123,"[95.14877397053158, 94.02033263297676]",228265984,228265984,9312,315,latin,0.9756315033874154,"[1.0117629876649892, 0.9297342094358609]",batch,3502,96,1748118.8307761666,compact,8192
8,,cold,,,"[769633100, 790161700]",a3b096505da8cb5cd56330be376f7cb8f4a06c6b2a2aaa42a090f44afa3b9ed1,,76375.69988801792,81734.17030567686,short,3486173,3481813,bcabbdeddb1bb4054234cd9b034ae62c8d75875c2a169aca9ff3cd45cb47960f,c263245792619f850fc86f5ed974d1243cc683ba8f4cf4e95170ddb0352ac87b,256,3.351851444573959,strings,5554411b739f37a6628ea2be6b85bf6dd661b77d4b87472f491ec5b02f1882bb,3489070,"[97.4490312331941, 94.91728085529834]",228458496,228458496,36106,629,latin,,,batch,7257,96,1256944.2917152345,baseline,8192
8,"[[1.0241923185345048, 1.0813271372194153], [1.0239508434037328, 1.105798882350094]]",cold,,repeatable_gain,"[728952900, 757043100]",a3b096505da8cb5cd56330be376f7cb8f4a06c6b2a2aaa42a090f44afa3b9ed1,"[1.0239508434037328, 1.105798882350094]",72509.79843225084,77849.56331877729,short,,,bcabbdeddb1bb4054234cd9b034ae62c8d75875c2a169aca9ff3cd45cb47960f,14c27d2190d4cf036a59a29f34ad42703fc7830255ebc0c211596ab1b024b078,256,3.530557325148163,strings,5554411b739f37a6628ea2be6b85bf6dd661b77d4b87472f491ec5b02f1882bb,,"[96.45684926968534, 99.06965666816063]",,,,,latin,1.0475055213035644,"[1.0414116481866929, 1.0618260012910912]",batch,,96,1323958.9969305613,prefix,8192
8,"[[1.2913929457946083, 1.348869507353436], [1.2720576750919033, 1.3347750814513035]]",cold,,repeatable_gain,"[589078900, 607403800]",a3b096505da8cb5cd56330be376f7cb8f4a06c6b2a2aaa42a090f44afa3b9ed1,"[1.2720576750919033, 1.348869507353436]",57904.5352743561,63688.35386338186,short,3485789,3481813,bcabbdeddb1bb4054234cd9b034ae62c8d75875c2a169aca9ff3cd45cb47960f,6253a34a66c92b20b2daad27f52661516b19f3ad00a811ed446c1a42e6f9b981,256,4.421069934972321,strings,5554411b739f37a6628ea2be6b85bf6dd661b77d4b87472f491ec5b02f1882bb,3486123,"[103.44539585444328, 102.89695257092563]",228978688,228978688,11656,351,latin,1.3058242427082636,"[1.3036317307978307, 1.3233752666865817]",batch,4310,96,1657901.2256146204,compact,8192
8,,warm,,,"[572289400, 448709000]",a3b096505da8cb5cd56330be376f7cb8f4a06c6b2a2aaa42a090f44afa3b9ed1,,47265.02923976608,50741.63742690058,short,3483709,3483005,bcabbdeddb1bb4054234cd9b034ae62c8d75875c2a169aca9ff3cd45cb47960f,c263245792619f850fc86f5ed974d1243cc683ba8f4cf4e95170ddb0352ac87b,256,5.41626661651605,ids,886f58faa4264acedc5896b33b1bb0bfe0caed615280f0ff607eaf60065be61f,3484133,"[98.28943188533633, 97.50194446734966]",228724736,228724736,5888,227,latin,,,batch,1128,96,2031099.9811935187,baseline,8192
8,"[[0.99520521788678, 1.0300136618077915], [0.959152777250465, 1.0156311513767942]]",warm,,inconclusive_or_mixed,"[557371400, 460911700]",a3b096505da8cb5cd56330be376f7cb8f4a06c6b2a2aaa42a090f44afa3b9ed1,"[0.959152777250465, 1.0300136618077915]",47014.73684210527,50379.76608187135,short,,,bcabbdeddb1bb4054234cd9b034ae62c8d75875c2a169aca9ff3cd45cb47960f,14c27d2190d4cf036a59a29f34ad42703fc7830255ebc0c211596ab1b024b078,256,5.445101200071646,ids,886f58faa4264acedc5896b33b1bb0bfe0caed615280f0ff607eaf60065be61f,,"[100.92014050236521, 98.31058747261135]",,,,,latin,1.0059785043709675,"[1.0125178819679144, 0.9971727931111719]",batch,,96,2041912.9500268672,prefix,8192
8,"[[0.9317886928869288, 1.03011121926054], [0.972926944971537, 1.0022211883357597]]",warm,,inconclusive_or_mixed,"[579738200, 457310000]",a3b096505da8cb5cd56330be376f7cb8f4a06c6b2a2aaa42a090f44afa3b9ed1,"[0.9317886928869288, 1.03011121926054]",47922.80701754386,51500.93567251462,short,3483325,3482621,bcabbdeddb1bb4054234cd9b034ae62c8d75875c2a169aca9ff3cd45cb47960f,6253a34a66c92b20b2daad27f52661516b19f3ad00a811ed446c1a42e6f9b981,256,5.341924147020062,ids,886f58faa4264acedc5896b33b1bb0bfe0caed615280f0ff607eaf60065be61f,3483749,"[94.33137233323593, 99.08486584592508]",228859904,228859904,5888,227,latin,0.9846868383716938,"[0.9903674122025716, 0.984117064134294]",batch,1128,96,2003221.555132523,compact,8192
8,,cold,,,"[782281100, 792663500]",a3b096505da8cb5cd56330be376f7cb8f4a06c6b2a2aaa42a090f44afa3b9ed1,,69333.35015136226,75307.87083753783,short,3483709,3481813,bcabbdeddb1bb4054234cd9b034ae62c8d75875c2a169aca9ff3cd45cb47960f,c263245792619f850fc86f5ed974d1243cc683ba8f4cf4e95170ddb0352ac87b,256,3.692306796673233,ids,886f58faa4264acedc5896b33b1bb0bfe0caed615280f0ff607eaf60065be61f,3489070,"[99.86819315972225, 100.53130994425756]",228589568,228589568,32682,541,latin,,,batch,7257,96,1384615.0487524623,baseline,8192
8,"[[1.020193960693191, 1.0582538997671846], [0.9997612970211919, 1.1161712656028884]]",cold,,inconclusive_or_mixed,"[757836800, 755587500]",a3b096505da8cb5cd56330be376f7cb8f4a06c6b2a2aaa42a090f44afa3b9ed1,"[0.9997612970211919, 1.1161712656028884]",66669.72754793138,71549.4450050454,short,,,bcabbdeddb1bb4054234cd9b034ae62c8d75875c2a169aca9ff3cd45cb47960f,14c27d2190d4cf036a59a29f34ad42703fc7830255ebc0c211596ab1b024b078,256,3.8398237013335916,ids,886f58faa4264acedc5896b33b1bb0bfe0caed615280f0ff607eaf60065be61f,,"[94.84231961287706, 99.26050920641222]",,,,,latin,1.0370339967841813,"[1.035935349714154, 1.0488085345311622]",batch,,96,1439933.888000097,prefix,8192
8,"[[1.1991892039440897, 1.3714775308404166], [1.3340275337657772, 1.427067035008801]]",cold,,repeatable_gain,"[613183200, 577748200]",a3b096505da8cb5cd56330be376f7cb8f4a06c6b2a2aaa42a090f44afa3b9ed1,"[1.1991892039440897, 1.427067035008801]",51232.16068243302,57924.6261216351,short,3483325,3481813,bcabbdeddb1bb4054234cd9b034ae62c8d75875c2a169aca9ff3cd45cb47960f,6253a34a66c92b20b2daad27f52661516b19f3ad00a811ed446c1a42e6f9b981,256,4.996861279906544,ids,886f58faa4264acedc5896b33b1bb0bfe0caed615280f0ff607eaf60065be61f,3483749,"[101.92712390032865, 97.360753352412]",228478976,228478976,8232,263,latin,1.346468800126356,"[1.2987224800001569, 1.3902490820791675]",batch,1936,96,1873822.979964954,compact,8192
32,,warm,,,"[552788100, 366325700]",6858c94cd424943d0e57dc0f707cff0a93b1453a06e257eb824edcd2212dae20,,258073.43784161966,327065.28925619833,short,3699957,3687285,bcabbdeddb1bb4054234cd9b034ae62c8d75875c2a169aca9ff3cd45cb47960f,c263245792619f850fc86f5ed974d1243cc683ba8f4cf4e95170ddb0352ac87b,1024,3.967862824489638,strings,44fc062a510a19f89e3f690c5efebb59a266fde94864cbe2cecfb7c78e38d374,3701813,"[101.75689382604291, 93.83726012125275]",228843520,228843520,37952,1266,latin,,,batch,14528,384,1487948.5591836143,baseline,8192
32,"[[0.905685425356088, 0.9958584970383326], [0.946007515489941, 1.051226808650785]]",warm,,inconclusive_or_mixed,"[581542500, 379869600]",6858c94cd424943d0e57dc0f707cff0a93b1453a06e257eb824edcd2212dae20,"[0.905685425356088, 1.051226808650785]",269854.2983952075,348662.962962963,short,,,bcabbdeddb1bb4054234cd9b034ae62c8d75875c2a169aca9ff3cd45cb47960f,14c27d2190d4cf036a59a29f34ad42703fc7830255ebc0c211596ab1b024b078,1024,3.794640315494733,strings,44fc062a510a19f89e3f690c5efebb59a266fde94864cbe2cecfb7c78e38d374,,"[102.09915870293229, 106.9445936184417]",,,,,latin,0.9788111957898062,"[0.9695926884718141, 0.9916620073595381]",batch,,384,1422990.1183105248,prefix,8192
32,"[[0.8627878189441749, 0.9901332918297509], [0.9101632116359802, 1.1822825953819909]]",warm,,inconclusive_or_mixed,"[603789300, 378945000]",6858c94cd424943d0e57dc0f707cff0a93b1453a06e257eb824edcd2212dae20,"[0.8627878189441749, 1.1822825953819909]",273251.32275132276,390506.8783068783,short,3699573,3686901,bcabbdeddb1bb4054234cd9b034ae62c8d75875c2a169aca9ff3cd45cb47960f,6253a34a66c92b20b2daad27f52661516b19f3ad00a811ed446c1a42e6f9b981,1024,3.7474658482510237,strings,44fc062a510a19f89e3f690c5efebb59a266fde94864cbe2cecfb7c78e38d374,3701429,"[98.3372842148743, 98.95895182678225]",229408768,229408768,37952,1266,latin,0.9635655719825094,"[0.9689796493730215, 0.9606468069026327]",batch,14528,384,1405299.6930941339,compact,8192
32,,cold,,,"[590444600, 479211300]",6858c94cd424943d0e57dc0f707cff0a93b1453a06e257eb824edcd2212dae20,,289205.503756076,442884.51612903224,short,3699957,3686093,bcabbdeddb1bb4054234cd9b034ae62c8d75875c2a169aca9ff3cd45cb47960f,c263245792619f850fc86f5ed974d1243cc683ba8f4cf4e95170ddb0352ac87b,1024,3.540734829388552,strings,44fc062a510a19f89e3f690c5efebb59a266fde94864cbe2cecfb7c78e38d374,3701813,"[89.9745717041023, 91.29584381670466]",229048320,229048320,64746,1580,latin,,,batch,15720,384,1327775.561020707,baseline,8192
32,"[[0.9493365730302845, 1.063225248288993], [0.936753409026496, 1.032137245918782]]",cold,,inconclusive_or_mixed,"[593252200, 494708900]",6858c94cd424943d0e57dc0f707cff0a93b1453a06e257eb824edcd2212dae20,"[0.936753409026496, 1.063225248288993]",306552.5806451613,415240.6451612903,short,,,bcabbdeddb1bb4054234cd9b034ae62c8d75875c2a169aca9ff3cd45cb47960f,14c27d2190d4cf036a59a29f34ad42703fc7830255ebc0c211596ab1b024b078,1024,3.340373119172315,strings,44fc062a510a19f89e3f690c5efebb59a266fde94864cbe2cecfb7c78e38d374,,"[107.98527169389342, 104.22796113027277]",,,,,latin,0.9944189665834853,"[1.00518152269909, 0.96372421596113]",batch,,384,1252639.919689618,prefix,8192
32,"[[0.9240008803547994, 1.1907955335908729], [0.969392933927401, 1.0892949501105702]]",cold,,inconclusive_or_mixed,"[542919100, 467435100]",6858c94cd424943d0e57dc0f707cff0a93b1453a06e257eb824edcd2212dae20,"[0.9240008803547994, 1.1907955335908729]",287388.1418471056,371923.22580645164,short,3699573,3686093,bcabbdeddb1bb4054234cd9b034ae62c8d75875c2a169aca9ff3cd45cb47960f,6253a34a66c92b20b2daad27f52661516b19f3ad00a811ed446c1a42e6f9b981,1024,3.5631254421930256,strings,44fc062a510a19f89e3f690c5efebb59a266fde94864cbe2cecfb7c78e38d374,3701429,"[100.72863526075983, 96.93859104718494]",228884480,228884480,40296,1302,latin,1.0382561616743997,"[1.0783691626999516, 1.016444175903023]",batch,15336,384,1336172.0408223846,compact,8192
32,,warm,,,"[573028300, 591897100]",6858c94cd424943d0e57dc0f707cff0a93b1453a06e257eb824edcd2212dae20,,220850.6310926815,255429.95780590718,short,3690101,3687285,bcabbdeddb1bb4054234cd9b034ae62c8d75875c2a169aca9ff3cd45cb47960f,c263245792619f850fc86f5ed974d1243cc683ba8f4cf4e95170ddb0352ac87b,1024,4.636617948219814,ids,bce307d22e36a39e84153962cf7a57b178b9e4af3b8df2b55f69accde2caa7a0,3691957,"[98.16269109222006, 97.67322732278973]",229330944,229330944,24256,914,latin,,,batch,4672,384,1738731.7305824305,baseline,8192
32,"[[0.9525144210427567, 1.0346093597023693], [0.9415785038854039, 1.025891558211772]]",warm,,inconclusive_or_mixed,"[578772900, 598514200]",6858c94cd424943d0e57dc0f707cff0a93b1453a06e257eb824edcd2212dae20,"[0.9415785038854039, 1.0346093597023693]",222717.05859886511,251188.6075949367,short,,,bcabbdeddb1bb4054234cd9b034ae62c8d75875c2a169aca9ff3cd45cb47960f,14c27d2190d4cf036a59a29f34ad42703fc7830255ebc0c211596ab1b024b078,1024,4.597761870788365,ids,bce307d22e36a39e84153962cf7a57b178b9e4af3b8df2b55f69accde2caa7a0,,"[99.88805626524669, 120.08904717715971]",,,,,latin,0.9807111020129524,"[0.9842610467610468, 0.977161157264858]",batch,,384,1724160.7015456369,prefix,8192
32,"[[0.9215739164151929, 1.0141531909973025], [0.9745030787197803, 1.061471997969711]]",warm,,inconclusive_or_mixed,"[581301700, 581797400]",6858c94cd424943d0e57dc0f707cff0a93b1453a06e257eb824edcd2212dae20,"[0.9215739164151929, 1.061471997969711]",222619.1983122363,241665.40084388186,short,3689717,3686901,bcabbdeddb1bb4054234cd9b034ae62c8d75875c2a169aca9ff3cd45cb47960f,6253a34a66c92b20b2daad27f52661516b19f3ad00a811ed446c1a42e6f9b981,1024,4.599782982614918,ids,bce307d22e36a39e84153962cf7a57b178b9e4af3b8df2b55f69accde2caa7a0,3691573,"[104.82938549809847, 96.68314090093905]",229109760,229109760,24256,914,latin,1.0045572301115586,"[0.9947923432760792, 1.016699171373517]",batch,4672,384,1724918.618480594,compact,8192
32,,cold,,,"[645259200, 581675200]",6858c94cd424943d0e57dc0f707cff0a93b1453a06e257eb824edcd2212dae20,,239756.338028169,287932.3943661972,short,3690101,3686093,bcabbdeddb1bb4054234cd9b034ae62c8d75875c2a169aca9ff3cd45cb47960f,c263245792619f850fc86f5ed974d1243cc683ba8f4cf4e95170ddb0352ac87b,1024,4.271002837387724,ids,bce307d22e36a39e84153962cf7a57b178b9e4af3b8df2b55f69accde2caa7a0,3693926,"[113.81085306493885, 94.01724536304798]",229044224,229044224,51050,1228,latin,,,batch,7833,384,1601626.0640203964,baseline,8192
32,"[[0.9660940889032933, 1.078591333899745], [0.9245017938436491, 0.9756677218652636]]",cold,,inconclusive_or_mixed,"[631166000, 615304000]",6858c94cd424943d0e57dc0f707cff0a93b1453a06e257eb824edcd2212dae20,"[0.9245017938436491, 1.078591333899745]",246630.4361255251,284707.5117370892,short,,,bcabbdeddb1bb4054234cd9b034ae62c8d75875c2a169aca9ff3cd45cb47960f,14c27d2190d4cf036a59a29f34ad42703fc7830255ebc0c211596ab1b024b078,1024,4.151961193787229,ids,bce307d22e36a39e84153962cf7a57b178b9e4af3b8df2b55f69accde2caa7a0,,"[96.54750097438709, 106.65459675217453]",,,,,latin,0.9733326940941052,"[1.012830382816878, 0.963067682712579]",batch,,384,1556985.4476702106,prefix,8192
32,"[[0.9743181744711878, 1.1869433618864864], [1.0482395110345737, 1.1210998581185583]]",cold,,inconclusive_or_mixed,"[606728400, 531322800]",6858c94cd424943d0e57dc0f707cff0a93b1453a06e257eb824edcd2212dae20,"[0.9743181744711878, 1.1869433618864864]",224654.91722263405,258275.0,short,3689717,3686093,bcabbdeddb1bb4054234cd9b034ae62c8d75875c2a169aca9ff3cd45cb47960f,6253a34a66c92b20b2daad27f52661516b19f3ad00a811ed446c1a42e6f9b981,1024,4.558101877579698,ids,bce307d22e36a39e84153962cf7a57b178b9e4af3b8df2b55f69accde2caa7a0,3691573,"[115.88793272245044, 108.8086187906862]",228966400,228966400,26600,950,latin,1.0704458235289023,"[1.057728720744003, 1.089036743939938]",batch,5480,384,1709288.2040923869,compact,8192
128,,warm,,,"[551170100, 610613700]",ffd5eef7f42dacff136b6535934995e9e37a06ba5a2ce215c4ee1e08526a81fb,,945869.7782191327,1047364.9122807018,short,3737973,3687285,bcabbdeddb1bb4054234cd9b034ae62c8d75875c2a169aca9ff3cd45cb47960f,c263245792619f850fc86f5ed974d1243cc683ba8f4cf4e95170ddb0352ac87b,4096,4.330405827863406,strings,d01ed56815f8ea7abab818a5fdaf525836b78b0214134929a2aa22888706bbfc,3744437,"[93.5509745539535, 92.12043555524548]",228925440,228925440,153152,5026,latin,,,batch,57152,1536,1623902.1854487774,baseline,8192
128,"[[0.9191683152297815, 1.012970938207803], [0.9537150489352959, 1.0468312025705886]]",warm,,inconclusive_or_mixed,"[569250600, 606730900]",ffd5eef7f42dacff136b6535934995e9e37a06ba5a2ce215c4ee1e08526a81fb,"[0.9191683152297815, 1.0468312025705886]",970582.4561403508,1066643.3962264152,short,,,bcabbdeddb1bb4054234cd9b034ae62c8d75875c2a169aca9ff3cd45cb47960f,14c27d2190d4cf036a59a29f34ad42703fc7830255ebc0c211596ab1b024b078,4096,4.2201463400526364,strings,d01ed56815f8ea7abab818a5fdaf525836b78b0214134929a2aa22888706bbfc,,"[104.30379871360698, 105.58634808281562]",,,,,latin,0.9910383906391772,"[0.9803694778542111, 1.0178223260180639]",batch,,1536,1582554.8775197386,prefix,8192
128,"[[0.9612959809555268, 1.0333994138045086], [1.0070778488294616, 1.1017465636220554]]",warm,,inconclusive_or_mixed,"[556133800, 574455600]",ffd5eef7f42dacff136b6535934995e9e37a06ba5a2ce215c4ee1e08526a81fb,"[0.9612959809555268, 1.1017465636220554]",917655.2631578947,1089047.1698113207,short,3737589,3686901,bcabbdeddb1bb4054234cd9b034ae62c8d75875c2a169aca9ff3cd45cb47960f,6253a34a66c92b20b2daad27f52661516b19f3ad00a811ed446c1a42e6f9b981,4096,4.463549836683309,strings,d01ed56815f8ea7abab818a5fdaf525836b78b0214134929a2aa22888706bbfc,3744053,"[95.52557316242962, 97.91879476847298]",229072896,229072896,153152,5026,latin,1.0080069157363518,"[0.9786876418729874, 1.0300928872566435]",batch,57152,1536,1673831.188756241,compact,8192
128,,cold,,,"[589609500, 537014600]",ffd5eef7f42dacff136b6535934995e9e37a06ba5a2ce215c4ee1e08526a81fb,,908123.9721485411,1006446.1538461539,short,3737973,3686093,bcabbdeddb1bb4054234cd9b034ae62c8d75875c2a169aca9ff3cd45cb47960f,c263245792619f850fc86f5ed974d1243cc683ba8f4cf4e95170ddb0352ac87b,4096,4.5103973968545565,strings,d01ed56815f8ea7abab818a5fdaf525836b78b0214134929a2aa22888706bbfc,3744437,"[92.75206725807504, 93.10733823624162]",228974592,228974592,179946,5340,latin,,,batch,58344,1536,1691399.023820459,baseline,8192
128,"[[0.9299495597161667, 0.9919832200254426], [0.9142328652995085, 0.9899093792288645]]",cold,,repeatable_degradation,"[613016900, 561281400]",ffd5eef7f42dacff136b6535934995e9e37a06ba5a2ce215c4ee1e08526a81fb,"[0.9142328652995085, 0.9919832200254426]",955996.2201591512,1089555.1724137932,short,,,bcabbdeddb1bb4054234cd9b034ae62c8d75875c2a169aca9ff3cd45cb47960f,14c27d2190d4cf036a59a29f34ad42703fc7830255ebc0c211596ab1b024b078,4096,4.284535768685477,strings,d01ed56815f8ea7abab818a5fdaf525836b78b0214134929a2aa22888706bbfc,,"[104.50364418990732, 97.43330172708377]",,,,,latin,0.9591491336146931,"[0.9657080860582443, 0.952590181171142]",batch,,1536,1606700.913257054,prefix,8192
128,"[[0.9398946428571427, 1.0282594064637558], [0.9994887070015318, 1.0378240488673611]]",cold,,inconclusive_or_mixed,"[600910900, 524400300]",ffd5eef7f42dacff136b6535934995e9e37a06ba5a2ce215c4ee1e08526a81fb,"[0.9398946428571427, 1.0378240488673611]",905925.0,1020673.0769230769,short,3737589,3686093,bcabbdeddb1bb4054234cd9b034ae62c8d75875c2a169aca9ff3cd45cb47960f,6253a34a66c92b20b2daad27f52661516b19f3ad00a811ed446c1a42e6f9b981,4096,4.521345586003257,strings,d01ed56815f8ea7abab818a5fdaf525836b78b0214134929a2aa22888706bbfc,3744053,"[101.4085449273761, 101.30619681186299]",229543936,229543936,155496,5062,latin,0.9995037840384816,"[0.98511327843922, 1.0243356027075432]",batch,57960,1536,1695504.5947512211,compact,8192
128,,warm,,,"[595421500, 501882700]",ffd5eef7f42dacff136b6535934995e9e37a06ba5a2ce215c4ee1e08526a81fb,,762659.3220338983,825996.6101694915,short,3698549,3687285,bcabbdeddb1bb4054234cd9b034ae62c8d75875c2a169aca9ff3cd45cb47960f,c263245792619f850fc86f5ed974d1243cc683ba8f4cf4e95170ddb0352ac87b,4096,5.370681091364071,ids,9ac2e8c21ff7ecb598e35ad27c97d5b615da9739479278b650a4a968626719d6,3705013,"[94.47089162887131, 102.73814977085283]",228999168,228999168,98368,3618,latin,,,batch,17728,1536,2014005.4092615268,baseline,8192
128,"[[0.941880291842604, 0.9769165136602929], [0.9605975249452894, 0.9893954276608392]]",warm,,repeatable_degradation,"[595909800, 512347700]",ffd5eef7f42dacff136b6535934995e9e37a06ba5a2ce215c4ee1e08526a81fb,"[0.941880291842604, 0.9893954276608392]",788310.1694915254,848941.7910447761,short,,,bcabbdeddb1bb4054234cd9b034ae62c8d75875c2a169aca9ff3cd45cb47960f,14c27d2190d4cf036a59a29f34ad42703fc7830255ebc0c211596ab1b024b078,4096,5.195924343640011,ids,9ac2e8c21ff7ecb598e35ad27c97d5b615da9739479278b650a4a968626719d6,,"[115.36980932349157, 97.58997649447826]",,,,,latin,0.9688002202743821,"[0.956321843449702, 0.9816104081866904]",batch,,1536,1948471.6288650043,prefix,8192
128,"[[0.9613618600077967, 1.0141707249767773], [0.980014316141559, 1.0299175867577104]]",warm,,inconclusive_or_mixed,"[572247400, 508676600]",ffd5eef7f42dacff136b6535934995e9e37a06ba5a2ce215c4ee1e08526a81fb,"[0.9613618600077967, 1.0299175867577104]",771779.0159372629,802785.0746268657,short,3698165,3686901,bcabbdeddb1bb4054234cd9b034ae62c8d75875c2a169aca9ff3cd45cb47960f,6253a34a66c92b20b2daad27f52661516b19f3ad00a811ed446c1a42e6f9b981,4096,5.307218666765306,ids,9ac2e8c21ff7ecb598e35ad27c97d5b615da9739479278b650a4a968626719d6,3704629,"[84.64433390173551, 98.29427970541597]",228917248,228917248,98368,3618,latin,0.9919707529023928,"[0.9868082129134892, 0.9921517506774583]",batch,17728,1536,1990207.0000369896,compact,8192
128,,cold,,,"[595322600, 601074700]",ffd5eef7f42dacff136b6535934995e9e37a06ba5a2ce215c4ee1e08526a81fb,,789426.4705882353,888366.1764705882,short,3698549,3686093,bcabbdeddb1bb4054234cd9b034ae62c8d75875c2a169aca9ff3cd45cb47960f,c263245792619f850fc86f5ed974d1243cc683ba8f4cf4e95170ddb0352ac87b,4096,5.18857696391647,ids,9ac2e8c21ff7ecb598e35ad27c97d5b615da9739479278b650a4a968626719d6,3705013,"[99.7358407021672, 93.58237836328829]",228757504,228757504,125162,3932,latin,,,batch,18920,1536,1945716.361468676,baseline,8192
128,"[[0.9935681104567778, 1.014216871173896], [0.9473314669793619, 1.0149141955137289]]",cold,,inconclusive_or_mixed,"[591753500, 606806500]",ffd5eef7f42dacff136b6535934995e9e37a06ba5a2ce215c4ee1e08526a81fb,"[0.9473314669793619, 1.0149141955137289]",786558.5052677788,873191.1764705882,short,,,bcabbdeddb1bb4054234cd9b034ae62c8d75875c2a169aca9ff3cd45cb47960f,14c27d2190d4cf036a59a29f34ad42703fc7830255ebc0c211596ab1b024b078,4096,5.207495656798655,ids,9ac2e8c21ff7ecb598e35ad27c97d5b615da9739479278b650a4a968626719d6,,"[102.97784465998087, 102.99823749416]",,,,,latin,0.999429760479071,"[1.004365563117327, 0.9990204963944134]",batch,,1536,1952810.8712994957,prefix,8192
128,"[[0.972831863881864, 1.0639691174028891], [0.9852920302414536, 1.0585406480038686]]",cold,,inconclusive_or_mixed,"[579697500, 582205800]",ffd5eef7f42dacff136b6535934995e9e37a06ba5a2ce215c4ee1e08526a81fb,"[0.972831863881864, 1.0639691174028891]",766204.4117647059,837541.1764705882,short,3698165,3686093,bcabbdeddb1bb4054234cd9b034ae62c8d75875c2a169aca9ff3cd45cb47960f,6253a34a66c92b20b2daad27f52661516b19f3ad00a811ed446c1a42e6f9b981,4096,5.345831917837929,ids,9ac2e8c21ff7ecb598e35ad27c97d5b615da9739479278b650a4a968626719d6,3704629,"[97.03336654030767, 99.29907946640174]",229658624,229658624,100712,3654,latin,1.0217906315690362,"[1.0192312249685997, 1.0269547608657372]",batch,18536,1536,2004686.9691892234,compact,8192
1,,warm,,,"[594662000, 572184700]",e54b1262fff8b137955087c54ffb0bc964fbeea2bf0adebbbcd7e6f98c8dfee4,,78644.07294832826,86127.3413897281,medium,3565369,3562285,bcabbdeddb1bb4054234cd9b034ae62c8d75875c2a169aca9ff3cd45cb47960f,c263245792619f850fc86f5ed974d1243cc683ba8f4cf4e95170ddb0352ac87b,256,3.2551722005573187,strings,85d657f98545a12b884903651210699b169564563f2c44f3a8386b0a0bccb3c3,3566725,"[99.8466355677679, 101.0381787559157]",228724736,228724736,12520,241,latin,,,batch,4440,99,1258836.1244342756,baseline,8192
1,"[[0.9570621361258539, 1.0823795228439264], [0.9430113376628774, 1.011416047035798]]",warm,,inconclusive_or_mixed,"[588588000, 596690900]",e54b1262fff8b137955087c54ffb0bc964fbeea2bf0adebbbcd7e6f98c8dfee4,"[0.9430113376628774, 1.0823795228439264]",79170.39274924473,92450.75528700906,medium,,,bcabbdeddb1bb4054234cd9b034ae62c8d75875c2a169aca9ff3cd45cb47960f,14c27d2190d4cf036a59a29f34ad42703fc7830255ebc0c211596ab1b024b078,256,3.2335320201179902,strings,85d657f98545a12b884903651210699b169564563f2c44f3a8386b0a0bccb3c3,,"[98.2223558754171, 94.26991428895597]",,,,,latin,0.980735221015874,"[0.9875114571681004, 0.9739589848636476]",batch,,99,1250467.460905004,prefix,8192
1,"[[0.9471119104730419, 1.0767697748298264], [0.9309955047026864, 1.0087691458154846]]",warm,,inconclusive_or_mixed,"[594756700, 597234000]",e54b1262fff8b137955087c54ffb0bc964fbeea2bf0adebbbcd7e6f98c8dfee4,"[0.9309955047026864, 1.0767697748298264]",80885.03039513677,89258.4592145015,medium,3564649,3561565,bcabbdeddb1bb4054234cd9b034ae62c8d75875c2a169aca9ff3cd45cb47960f,6253a34a66c92b20b2daad27f52661516b19f3ad00a811ed446c1a42e6f9b981,256,3.164986138342257,strings,85d657f98545a12b884903651210699b169564563f2c44f3a8386b0a0bccb3c3,3566005,"[99.83073750997676, 102.03287153778922]",228265984,228265984,12520,241,latin,0.9829043705439678,"[0.9882393597270678, 0.9819621670341879]",batch,4440,99,1223959.4831870447,compact,8192
1,,cold,,,"[765845000, 782158500]",e54b1262fff8b137955087c54ffb0bc964fbeea2bf0adebbbcd7e6f98c8dfee4,,114311.48086522463,123571.38103161397,medium,3565369,3560157,bcabbdeddb1bb4054234cd9b034ae62c8d75875c2a169aca9ff3cd45cb47960f,c263245792619f850fc86f5ed974d1243cc683ba8f4cf4e95170ddb0352ac87b,256,2.239495088877632,strings,85d657f98545a12b884903651210699b169564563f2c44f3a8386b0a0bccb3c3,3571067,"[89.7701231972527, 99.883847071917]",228610048,228610048,56199,754,latin,,,batch,10910,99,866054.7414018969,baseline,8192
1,"[[0.9983143619025108, 1.1089652853819048], [1.0234205257901303, 1.100722310124074]]",cold,,inconclusive_or_mixed,"[744026700, 735531200]",e54b1262fff8b137955087c54ffb0bc964fbeea2bf0adebbbcd7e6f98c8dfee4,"[0.9983143619025108, 1.1089652853819048]",107716.55574043261,121700.33277870217,medium,,,bcabbdeddb1bb4054234cd9b034ae62c8d75875c2a169aca9ff3cd45cb47960f,14c27d2190d4cf036a59a29f34ad42703fc7830255ebc0c211596ab1b024b078,256,2.3766077390822806,strings,85d657f98545a12b884903651210699b169564563f2c44f3a8386b0a0bccb3c3,,"[98.70277504826103, 99.84280748389736]",,,,,latin,1.0434712456352306,"[1.0315057522284652, 1.0648523856163425]",batch,,99,919078.7740982258,prefix,8192
1,"[[1.2549708830548925, 1.4093450144349986], [1.3160925467881266, 1.4094406202334568]]",cold,,repeatable_gain,"[583221600, 583441400]",e54b1262fff8b137955087c54ffb0bc964fbeea2bf0adebbbcd7e6f98c8dfee4,"[1.2549708830548925, 1.4094406202334568]",85301.33111480865,92809.81697171381,medium,3564649,3560157,bcabbdeddb1bb4054234cd9b034ae62c8d75875c2a169aca9ff3cd45cb47960f,6253a34a66c92b20b2daad27f52661516b19f3ad00a811ed446c1a42e6f9b981,256,3.0011255000868022,strings,85d657f98545a12b884903651210699b169564563f2c44f3a8386b0a0bccb3c3,3566038,"[101.80521434734243, 99.08878595176826]",228536320,228536320,16568,305,latin,1.3362454105734918,"[1.3127528251816367, 1.3477799758104603]",batch,5881,99,1160591.501986693,compact,8192
1,,warm,,,"[575948900, 578945100]",e54b1262fff8b137955087c54ffb0bc964fbeea2bf0adebbbcd7e6f98c8dfee4,,70793.02325581395,78746.89655172414,medium,3562893,3562285,bcabbdeddb1bb4054234cd9b034ae62c8d75875c2a169aca9ff3cd45cb47960f,c263245792619f850fc86f5ed974d1243cc683ba8f4cf4e95170ddb0352ac87b,256,3.616175552708518,ids,e544bf41dd108ae8092923b6bbf5d1c66f131d8238558ae62a89ff91d9b2b207,3565633,"[94.95200008195171, 99.85834580860949]",228368384,228368384,8020,143,latin,,,batch,3348,99,1398442.8895239972,baseline,8192
1,"[[0.9346136641628013, 1.0109238373805898], [0.9932129500846905, 1.0249131042569444]]",warm,,inconclusive_or_mixed,"[594503500, 564904300]",e54b1262fff8b137955087c54ffb0bc964fbeea2bf0adebbbcd7e6f98c8dfee4,"[0.9346136641628013, 1.0249131042569444]",70526.15746025756,79103.146374829,medium,,,bcabbdeddb1bb4054234cd9b034ae62c8d75875c2a169aca9ff3cd45cb47960f,14c27d2190d4cf036a59a29f34ad42703fc7830255ebc0c211596ab1b024b078,256,3.6298588951802664,ids,e544bf41dd108ae8092923b6bbf5d1c66f131d8238558ae62a89ff91d9b2b207,,"[107.75798628603532, 99.57438808661927]",,,,,latin,1.008993933601932,"[1.0011579789201361, 1.0100793220113196]",batch,,99,1403734.4946204936,prefix,8192
1,"[[0.9224619205563871, 1.0232452016151337], [0.9511528846135731, 1.0606368778999555]]",warm,,inconclusive_or_mixed,"[594440500, 582162000]",e54b1262fff8b137955087c54ffb0bc964fbeea2bf0adebbbcd7e6f98c8dfee4,"[0.9224619205563871, 1.0606368778999555]",71850.27586206896,78513.81668946649,medium,3562173,3561565,bcabbdeddb1bb4054234cd9b034ae62c8d75875c2a169aca9ff3cd45cb47960f,6253a34a66c92b20b2daad27f52661516b19f3ad00a811ed446c1a42e6f9b981,256,3.5629647475737385,ids,e544bf41dd108ae8092923b6bbf5d1c66f131d8238558ae62a89ff91d9b2b207,3564913,"[94.62679612173127, 99.30655041036688]",229335040,229335040,8020,143,latin,0.9877535717221888,"[0.9869492732727457, 0.9986734924487328]",batch,3348,99,1377865.2734757818,compact,8192
1,,cold,,,"[737539500, 818979200]",e54b1262fff8b137955087c54ffb0bc964fbeea2bf0adebbbcd7e6f98c8dfee4,,103303.85826771654,112087.5,medium,3562893,3560157,bcabbdeddb1bb4054234cd9b034ae62c8d75875c2a169aca9ff3cd45cb47960f,c263245792619f850fc86f5ed974d1243cc683ba8f4cf4e95170ddb0352ac87b,256,2.47812622193224,ids,e544bf41dd108ae8092923b6bbf5d1c66f131d8238558ae62a89ff91d9b2b207,3570758,"[99.57093823449455, 99.20886879666784]",228282368,228282368,51699,656,latin,,,batch,10601,99,958337.8748878585,baseline,8192
1,"[[0.9764793276943269, 1.0453831082510778], [0.9946515021690973, 1.114861306950157]]",cold,,inconclusive_or_mixed,"[732246400, 781009800]",e54b1262fff8b137955087c54ffb0bc964fbeea2bf0adebbbcd7e6f98c8dfee4,"[0.9764793276943269, 1.114861306950157]",101182.44268179714,108594.0157480315,medium,,,bcabbdeddb1bb4054234cd9b034ae62c8d75875c2a169aca9ff3cd45cb47960f,14c27d2190d4cf036a59a29f34ad42703fc7830255ebc0c211596ab1b024b078,256,2.530083216167055,ids,e544bf41dd108ae8092923b6bbf5d1c66f131d8238558ae62a89ff91d9b2b207,,"[100.2906944984639, 104.0319852580595]",,,,,latin,1.0274758537847735,"[1.0067842906638977, 1.0548325145087127]",batch,,99,978430.6187521033,prefix,8192
1,"[[1.3253191528707833, 1.3795276127626832], [1.2983874304586438, 1.4122474310827307]]",cold,,repeatable_gain,"[548977700, 608642400]",e54b1262fff8b137955087c54ffb0bc964fbeea2bf0adebbbcd7e6f98c8dfee4,"[1.2983874304586438, 1.4122474310827307]",77811.26794812412,81985.73529411765,medium,3562173,3560157,bcabbdeddb1bb4054234cd9b034ae62c8d75875c2a169aca9ff3cd45cb47960f,6253a34a66c92b20b2daad27f52661516b19f3ad00a811ed446c1a42e6f9b981,256,3.29001193208511,ids,e544bf41dd108ae8092923b6bbf5d1c66f131d8238558ae62a89ff91d9b2b207,3564026,"[96.770779578114, 94.98598848847863]",228601856,228601856,12068,207,latin,1.3529644069024722,"[1.347777392546832, 1.3661406009110362]",batch,3869,99,1272309.3018610384,compact,8192
8,,warm,,,"[585375400, 575095100]",23b853eccbf04a479d38bc7906de33f161d9bcdcb84a251d97dcd7fd96e10b68,,614246.4564138908,669522.891566265,medium,3586381,3562285,bcabbdeddb1bb4054234cd9b034ae62c8d75875c2a169aca9ff3cd45cb47960f,c263245792619f850fc86f5ed974d1243cc683ba8f4cf4e95170ddb0352ac87b,2048,3.334166568834089,strings,6925b9b011019df11137fc323a477dd094f4e4763125b50dcc303646bf71e686,3588001,"[98.76141019933533, 103.24379393947191]",228585472,228585472,99680,1915,latin,,,batch,25716,792,1289384.7277913077,baseline,8192
8,"[[0.9705481676115687, 1.032402705724918], [0.9084987587460178, 1.0281260295125239]]",warm,,inconclusive_or_mixed,"[589655200, 585650400]",23b853eccbf04a479d38bc7906de33f161d9bcdcb84a251d97dcd7fd96e10b68,"[0.9084987587460178, 1.032402705724918]",624887.0588235294,692216.8674698796,medium,,,bcabbdeddb1bb4054234cd9b034ae62c8d75875c2a169aca9ff3cd45cb47960f,14c27d2190d4cf036a59a29f34ad42703fc7830255ebc0c211596ab1b024b078,2048,3.277392244057279,strings,6925b9b011019df11137fc323a477dd094f4e4763125b50dcc303646bf71e686,,"[105.99414708799313, 93.3790875921881]",,,,,latin,0.9877589940856374,"[0.9873858637300825, 1.0051145848543568]",batch,,792,1267429.0318815259,prefix,8192
8,"[[0.9272803713946635, 1.011651967698436], [0.9540256053876702, 1.0363162122720908]]",warm,,inconclusive_or_mixed,"[593458100, 574635800]",23b853eccbf04a479d38bc7906de33f161d9bcdcb84a251d97dcd7fd96e10b68,"[0.9272803713946635, 1.0363162122720908]",617350.7228915663,686375.9036144578,medium,3585661,3561565,bcabbdeddb1bb4054234cd9b034ae62c8d75875c2a169aca9ff3cd45cb47960f,6253a34a66c92b20b2daad27f52661516b19f3ad00a811ed446c1a42e6f9b981,2048,3.3174011531200844,strings,6925b9b011019df11137fc323a477dd094f4e4763125b50dcc303646bf71e686,3587281,"[97.41631296295391, 100.60720198776339]",229003264,229003264,99680,1915,latin,0.9965536463080122,"[0.9926866313225391, 1.010205619635406]",batch,25716,792,1282901.2271831578,compact,8192
8,,cold,,,"[612124600, 625139900]",23b853eccbf04a479d38bc7906de33f161d9bcdcb84a251d97dcd7fd96e10b68,,655366.265060241,745595.1807228916,medium,3586381,3560157,bcabbdeddb1bb4054234cd9b034ae62c8d75875c2a169aca9ff3cd45cb47960f,c263245792619f850fc86f5ed974d1243cc683ba8f4cf4e95170ddb0352ac87b,2048,3.124970126150373,strings,6925b9b011019df11137fc323a477dd094f4e4763125b50dcc303646bf71e686,3588001,"[96.99822552467259, 102.4770615345461]",228491264,228491264,143359,2428,latin,,,batch,27844,792,1208484.5409722144,baseline,8192
8,"[[0.9271878254556805, 1.0122614619421164], [0.9498579401496434, 1.0738617926386351]]",cold,,inconclusive_or_mixed,"[620845300, 628099800]",23b853eccbf04a479d38bc7906de33f161d9bcdcb84a251d97dcd7fd96e10b68,"[0.9271878254556805, 1.0738617926386351]",667441.9750430293,758717.8571428572,medium,,,bcabbdeddb1bb4054234cd9b034ae62c8d75875c2a169aca9ff3cd45cb47960f,14c27d2190d4cf036a59a29f34ad42703fc7830255ebc0c211596ab1b024b078,2048,3.068431528999907,strings,6925b9b011019df11137fc323a477dd094f4e4763125b50dcc303646bf71e686,,"[100.66920052386641, 92.04349372504178]",,,,,latin,0.9956588728556477,"[0.9984336892218761, 0.9824682719743646]",batch,,792,1186620.0053554326,prefix,8192
8,"[[0.9718503180202481, 1.0647499760185275], [0.9380708805261235, 1.0623524537246702]]",cold,,inconclusive_or_mixed,"[593588000, 608917500]",23b853eccbf04a479d38bc7906de33f161d9bcdcb84a251d97dcd7fd96e10b68,"[0.9380708805261235, 1.0647499760185275]",638118.0722891566,727283.1325301204,medium,3585661,3560157,bcabbdeddb1bb4054234cd9b034ae62c8d75875c2a169aca9ff3cd45cb47960f,6253a34a66c92b20b2daad27f52661516b19f3ad00a811ed446c1a42e6f9b981,2048,3.20943738931119,strings,6925b9b011019df11137fc323a477dd094f4e4763125b50dcc303646bf71e686,3587281,"[97.39499450797523, 100.07513333086995]",228573184,228573184,103728,1979,latin,1.0386170739975933,"[1.043007587133486, 1.0153713981860124]",batch,27124,792,1241149.6153976868,compact,8192
8,,warm,,,"[584147300, 571411500]",23b853eccbf04a479d38bc7906de33f161d9bcdcb84a251d97dcd7fd96e10b68,,560656.5217391304,636565.2173913043,medium,3566573,3562285,bcabbdeddb1bb4054234cd9b034ae62c8d75875c2a169aca9ff3cd45cb47960f,c263245792619f850fc86f5ed974d1243cc683ba8f4cf4e95170ddb0352ac87b,2048,3.652860388829866,ids,41f67d892d01c14db4284210b0a67fdf59bbdbfa7c510085786b12c466c0cbe7,3569577,"[96.29420524583439, 101.17489760006579]",229007360,229007360,63680,1131,latin,,,batch,7292,792,1412629.6034927997,baseline,8192
8,"[[0.9469557220971019, 1.0265404636071382], [0.907526877835248, 1.0232730501318457]]",warm,,inconclusive_or_mixed,"[583318300, 587569400]",23b853eccbf04a479d38bc7906de33f161d9bcdcb84a251d97dcd7fd96e10b68,"[0.907526877835248, 1.0265404636071382]",570901.6304347827,617160.8695652174,medium,,,bcabbdeddb1bb4054234cd9b034ae62c8d75875c2a169aca9ff3cd45cb47960f,14c27d2190d4cf036a59a29f34ad42703fc7830255ebc0c211596ab1b024b078,2048,3.5873080243969535,ids,41f67d892d01c14db4284210b0a67fdf59bbdbfa7c510085786b12c466c0cbe7,,"[104.46697797754673, 95.73337209187545]",,,,,latin,0.9869217005691672,"[0.9973940553500262, 0.9769893117196713]",batch,,792,1387279.2750597594,prefix,8192
8,"[[0.950607684313711, 1.0979233732845177], [0.9498165625947952, 1.0291032620990241]]",warm,,inconclusive_or_mixed,"[574491000, 577771900]",23b853eccbf04a479d38bc7906de33f161d9bcdcb84a251d97dcd7fd96e10b68,"[0.9498165625947952, 1.0979233732845177]",564795.1086956521,605560.8695652174,medium,3565853,3561565,bcabbdeddb1bb4054234cd9b034ae62c8d75875c2a169aca9ff3cd45cb47960f,6253a34a66c92b20b2daad27f52661516b19f3ad00a811ed446c1a42e6f9b981,2048,3.626093725793213,ids,41f67d892d01c14db4284210b0a67fdf59bbdbfa7c510085786b12c466c0cbe7,3568857,"[97.91276103542093, 97.35675964857413]",228335616,228335616,63680,1131,latin,0.9950534703785998,"[0.9965712404613457, 0.9935357002958538]",batch,7292,792,1402278.4330215943,compact,8192
8,,cold,,,"[612452100, 615936700]",23b853eccbf04a479d38bc7906de33f161d9bcdcb84a251d97dcd7fd96e10b68,,588652.8632478632,721223.0769230769,medium,3566573,3560157,bcabbdeddb1bb4054234cd9b034ae62c8d75875c2a169aca9ff3cd45cb47960f,c263245792619f850fc86f5ed974d1243cc683ba8f4cf4e95170ddb0352ac87b,2048,3.4791302784127485,ids,41f67d892d01c14db4284210b0a67fdf59bbdbfa7c510085786b12c466c0cbe7,3570926,"[94.39513718705513, 104.00825279610713]",229298176,229298176,107359,1644,latin,,,batch,10769,792,1345444.91235493,baseline,8192
8,"[[0.9819334927400372, 1.1069008871876376], [0.9735639096634703, 1.0254821212000051]]",cold,,inconclusive_or_mixed,"[591561100, 609460200]",23b853eccbf04a479d38bc7906de33f161d9bcdcb84a251d97dcd7fd96e10b68,"[0.9735639096634703, 1.1069008871876376]",595932.3748473749,636478.021978022,medium,,,bcabbdeddb1bb4054234cd9b034ae62c8d75875c2a169aca9ff3cd45cb47960f,14c27d2190d4cf036a59a29f34ad42703fc7830255ebc0c211596ab1b024b078,2048,3.436631548209671,ids,41f67d892d01c14db4284210b0a67fdf59bbdbfa7c510085786b12c466c0cbe7,,"[103.01133729043373, 97.42227630286604]",,,,,latin,1.0036838389794909,"[0.9973536938181984, 1.0043060333722322]",batch,,792,1329009.8565342089,prefix,8192
8,"[[0.9995746216221348, 1.1771463599465173], [1.014196371888212, 1.0977353677547357]]",cold,,inconclusive_or_mixed,"[575192300, 578546300]",23b853eccbf04a479d38bc7906de33f161d9bcdcb84a251d97dcd7fd96e10b68,"[0.9995746216221348, 1.1771463599465173]",576583.8888888889,618724.1758241758,medium,3565853,3560157,bcabbdeddb1bb4054234cd9b034ae62c8d75875c2a169aca9ff3cd45cb47960f,6253a34a66c92b20b2daad27f52661516b19f3ad00a811ed446c1a42e6f9b981,2048,3.551954953071298,ids,41f67d892d01c14db4284210b0a67fdf59bbdbfa7c510085786b12c466c0cbe7,3568857,"[95.07689863024939, 99.92717955330454]",228421632,228421632,67728,1195,latin,1.0425327465345169,"[1.0149249096548059, 1.0478554483662796]",batch,8700,792,1373607.5795080413,compact,8192
32,,warm,,,"[575608000, 463608200]",6d2a3a2f62bd7a42531f6a56fb0af960e62627cd7205d5e4c6e1b469858b7101,,2466505.1820728295,2614119.0476190476,medium,3941293,3844909,bcabbdeddb1bb4054234cd9b034ae62c8d75875c2a169aca9ff3cd45cb47960f,c263245792619f850fc86f5ed974d1243cc683ba8f4cf4e95170ddb0352ac87b,8192,3.3212985156250574,strings,1b70ea8992966059dad8c125fd2c447cc117aeaa426e21e04e66b432c2596091,3943769,"[95.00823477088575, 101.10908305763357]",230346752,230346752,399424,7666,latin,,,batch,98860,3168,1284408.4103393776,baseline,8192
32,"[[0.9728502011166024, 1.0169075850516862], [0.9451513036631413, 1.012061841288777]]",warm,,inconclusive_or_mixed,"[577984900, 479160000]",6d2a3a2f62bd7a42531f6a56fb0af960e62627cd7205d5e4c6e1b469858b7101,"[0.9451513036631413, 1.0169075850516862]",2488545.238095238,2639500.0,medium,,,bcabbdeddb1bb4054234cd9b034ae62c8d75875c2a169aca9ff3cd45cb47960f,14c27d2190d4cf036a59a29f34ad42703fc7830255ebc0c211596ab1b024b078,8192,3.2918830948278255,strings,1b70ea8992966059dad8c125fd2c447cc117aeaa426e21e04e66b432c2596091,,"[100.02423938756877, 97.8274480340596]",,,,,latin,0.9875972932045707,"[0.9970241059137106, 0.9863365387829692]",batch,,3168,1273032.9155779483,prefix,8192
32,"[[0.9828962261971679, 1.0250514944128075], [0.8958013551675302, 1.0032994701367515]]",warm,,inconclusive_or_mixed,"[571337800, 485901700]",6d2a3a2f62bd7a42531f6a56fb0af960e62627cd7205d5e4c6e1b469858b7101,"[0.8958013551675302, 1.0250514944128075]",2490756.7226890754,2772900.0,medium,3940573,3844189,bcabbdeddb1bb4054234cd9b034ae62c8d75875c2a169aca9ff3cd45cb47960f,6253a34a66c92b20b2daad27f52661516b19f3ad00a811ed446c1a42e6f9b981,8192,3.2889603088798403,strings,1b70ea8992966059dad8c125fd2c447cc117aeaa426e21e04e66b432c2596091,3943049,"[98.45313928117481, 86.82311669212106]",230060032,230060032,399424,7666,latin,0.9932047839157393,"[0.9962853511405625, 0.9735005143855339]",batch,98860,3168,1271902.6194496257,compact,8192
32,,cold,,,"[584457500, 585530900]",6d2a3a2f62bd7a42531f6a56fb0af960e62627cd7205d5e4c6e1b469858b7101,,2499983.333333333,2737914.285714286,medium,3941293,3842781,bcabbdeddb1bb4054234cd9b034ae62c8d75875c2a169aca9ff3cd45cb47960f,c263245792619f850fc86f5ed974d1243cc683ba8f4cf4e95170ddb0352ac87b,8192,3.2768218454789704,strings,1b70ea8992966059dad8c125fd2c447cc117aeaa426e21e04e66b432c2596091,3943769,"[96.24309723119303, 101.40370047080351]",229507072,229507072,443103,8179,latin,,,batch,100988,3168,1267208.4480563204,baseline,8192
32,"[[0.9647814737726863, 1.0022016562635192], [0.9608563048873218, 1.0104874417525473]]",cold,,inconclusive_or_mixed,"[594317400, 594956500]",6d2a3a2f62bd7a42531f6a56fb0af960e62627cd7205d5e4c6e1b469858b7101,"[0.9608563048873218, 1.0104874417525473]",2507916.666666667,2849452.380952381,medium,,,bcabbdeddb1bb4054234cd9b034ae62c8d75875c2a169aca9ff3cd45cb47960f,14c27d2190d4cf036a59a29f34ad42703fc7830255ebc0c211596ab1b024b078,8192,3.266456221963781,strings,1b70ea8992966059dad8c125fd2c447cc117aeaa426e21e04e66b432c2596091,,"[94.64639601667392, 91.91848479678767]",,,,,latin,0.9954362252080802,"[0.9951991673762891, 0.9998532984043819]",batch,,3168,1263199.8670875558,prefix,8192
32,"[[0.9873672570589694, 1.0333703273974675], [0.9740676872852685, 1.0157055038257994]]",cold,,inconclusive_or_mixed,"[578753400, 591284000]",6d2a3a2f62bd7a42531f6a56fb0af960e62627cd7205d5e4c6e1b469858b7101,"[0.9740676872852685, 1.0333703273974675]",2482688.095238095,2685161.904761905,medium,3940573,3842781,bcabbdeddb1bb4054234cd9b034ae62c8d75875c2a169aca9ff3cd45cb47960f,6253a34a66c92b20b2daad27f52661516b19f3ad00a811ed446c1a42e6f9b981,8192,3.2996492856725,strings,1b70ea8992966059dad8c125fd2c447cc117aeaa426e21e04e66b432c2596091,3943049,"[97.1916536473047, 105.70216680985787]",229216256,229216256,403472,7730,latin,1.0080921848163715,"[1.0101686075233371, 1.0060157621094061]",batch,100268,3168,1276036.247193662,compact,8192
32,,warm,,,"[578622400, 511658100]",6d2a3a2f62bd7a42531f6a56fb0af960e62627cd7205d5e4c6e1b469858b7101,,2215228.5714285714,2451721.7391304346,medium,3862061,3844909,bcabbdeddb1bb4054234cd9b034ae62c8d75875c2a169aca9ff3cd45cb47960f,c263245792619f850fc86f5ed974d1243cc683ba8f4cf4e95170ddb0352ac87b,8192,3.698038254678653,ids,5ba18565bb2181ab5f83687ad98eb07b58b60fed5419be42c8c9a889c6f58fc4,3865921,"[99.91403720284593, 97.721505825863]",229199872,229199872,255424,4530,latin,,,batch,21012,3168,1430100.7313015105,baseline,8192
32,"[[0.9780656675047856, 1.0159999056052766], [0.9730045763510332, 0.9977726233998762]]",warm,,inconclusive_or_mixed,"[575506500, 521114800]",6d2a3a2f62bd7a42531f6a56fb0af960e62627cd7205d5e4c6e1b469858b7101,"[0.9730045763510332, 1.0159999056052766]",2246622.3602484474,2362582.6086956523,medium,,,bcabbdeddb1bb4054234cd9b034ae62c8d75875c2a169aca9ff3cd45cb47960f,14c27d2190d4cf036a59a29f34ad42703fc7830255ebc0c211596ab1b024b078,8192,3.6463627109515953,ids,5ba18565bb2181ab5f83687ad98eb07b58b60fed5419be42c8c9a889c6f58fc4,,"[97.73999077334487, 101.94490734095443]",,,,,latin,0.9869222737869869,"[0.9911213526085799, 0.9788125771744765]",batch,,3168,1410116.8296258121,prefix,8192
32,"[[0.9973875370148179, 1.0326000096278822], [0.977353225970849, 1.0024801725411918]]",warm,,inconclusive_or_mixed,"[564603200, 517428200]",6d2a3a2f62bd7a42531f6a56fb0af960e62627cd7205d5e4c6e1b469858b7101,"[0.977353225970849, 1.0326000096278822]",2225967.3913043477,2293995.652173913,medium,3861341,3844189,bcabbdeddb1bb4054234cd9b034ae62c8d75875c2a169aca9ff3cd45cb47960f,6253a34a66c92b20b2daad27f52661516b19f3ad00a811ed446c1a42e6f9b981,8192,3.680197666866873,ids,5ba18565bb2181ab5f83687ad98eb07b58b60fed5419be42c8c9a889c6f58fc4,3865201,"[99.6274905987072, 99.65150720428457]",229855232,229855232,255424,4530,latin,0.9979073579971708,"[1.0051765135546056, 0.9887112148832027]",batch,21012,3168,1423201.4414836736,compact,8192
32,,cold,,,"[471339500, 588649300]",6d2a3a2f62bd7a42531f6a56fb0af960e62627cd7205d5e4c6e1b469858b7101,,2281766.666666667,2545882.6086956523,medium,3862061,3842781,bcabbdeddb1bb4054234cd9b034ae62c8d75875c2a169aca9ff3cd45cb47960f,c263245792619f850fc86f5ed974d1243cc683ba8f4cf4e95170ddb0352ac87b,8192,3.590200575577403,ids,5ba18565bb2181ab5f83687ad98eb07b58b60fed5419be42c8c9a889c6f58fc4,3865921,"[96.13558804216493, 98.21212732266903]",229228544,229228544,299103,5043,latin,,,batch,23140,3168,1388397.8788365738,baseline,8192
32,"[[0.9893895503505682, 1.015905411372222], [0.9581402396016739, 1.0074759883808302]]",cold,,inconclusive_or_mixed,"[458611200, 604671300]",6d2a3a2f62bd7a42531f6a56fb0af960e62627cd7205d5e4c6e1b469858b7101,"[0.9581402396016739, 1.015905411372222]",2293200.0,2630000.0,medium,,,bcabbdeddb1bb4054234cd9b034ae62c8d75875c2a169aca9ff3cd45cb47960f,14c27d2190d4cf036a59a29f34ad42703fc7830255ebc0c211596ab1b024b078,8192,3.572300715157858,ids,5ba18565bb2181ab5f83687ad98eb07b58b60fed5419be42c8c9a889c6f58fc4,,"[98.80373614948785, 100.77789370853223]",,,,,latin,0.9992327969062598,"[1.0051992092308595, 0.9849222140109526]",batch,,3168,1381475.667189953,prefix,8192
32,"[[1.0013181800229076, 1.0369604818022975], [0.9925704555194423, 1.0324926990365457]]",cold,,inconclusive_or_mixed,"[456552900, 595520800]",6d2a3a2f62bd7a42531f6a56fb0af960e62627cd7205d5e4c6e1b469858b7101,"[0.9925704555194423, 1.0369604818022975]",2253922.222222222,2657083.3333333335,medium,3861341,3842781,bcabbdeddb1bb4054234cd9b034ae62c8d75875c2a169aca9ff3cd45cb47960f,6253a34a66c92b20b2daad27f52661516b19f3ad00a811ed446c1a42e6f9b981,8192,3.6345531000280995,ids,5ba18565bb2181ab5f83687ad98eb07b58b60fed5419be42c8c9a889c6f58fc4,3865201,"[102.67156336100373, 97.07889296226094]",229552128,229552128,259472,4594,latin,1.0081822119676382,"[1.0111565610325173, 1.0057021125098198]",batch,22420,3168,1405549.8316514916,compact,8192
128,,warm,,,"[603230000, 634828000]",662c887662f30ae422a020853095ddc53f8a98615ab9773333d5b7362f661370,,11270790.0,12546520.0,medium,4230445,3844909,bcabbdeddb1bb4054234cd9b034ae62c8d75875c2a169aca9ff3cd45cb47960f,c263245792619f850fc86f5ed974d1243cc683ba8f4cf4e95170ddb0352ac87b,32768,2.9073383498406056,strings,18640467c5885a957e754edd3c2c405170498f6dcf6f45957b20a033af73a775,4236909,"[101.0186827578204, 98.45186412697613]",232366080,232366080,1599040,30626,latin,,,batch,392000,12672,1124322.2524774217,baseline,8192
128,"[[0.9676304306711336, 1.0971596947337225], [0.9627640451886309, 1.0882839138255724]]",warm,,inconclusive_or_mixed,"[590853800, 620250400]",662c887662f30ae422a020853095ddc53f8a98615ab9773333d5b7362f661370,"[0.9627640451886309, 1.0971596947337225]",10972900.0,11954580.0,medium,,,bcabbdeddb1bb4054234cd9b034ae62c8d75875c2a169aca9ff3cd45cb47960f,14c27d2190d4cf036a59a29f34ad42703fc7830255ebc0c211596ab1b024b078,32768,2.986266164824249,strings,18640467c5885a957e754edd3c2c405170498f6dcf6f45957b20a033af73a775,,"[92.55673738579662, 100.76575524981524]",,,,,latin,1.0026554256579403,"[0.9955091754312935, 1.016461634400068]",batch,,12672,1154845.1184281274,prefix,8192
128,"[[0.9365614809645862, 1.1002904666539512], [0.9524438748746689, 1.115912529467647]]",warm,,inconclusive_or_mixed,"[586613500, 622886300]",662c887662f30ae422a020853095ddc53f8a98615ab9773333d5b7362f661370,"[0.9365614809645862, 1.115912529467647]",10945850.0,12110860.0,medium,4229725,3844189,bcabbdeddb1bb4054234cd9b034ae62c8d75875c2a169aca9ff3cd45cb47960f,6253a34a66c92b20b2daad27f52661516b19f3ad00a811ed446c1a42e6f9b981,32768,2.9936459936871054,strings,18640467c5885a957e754edd3c2c405170498f6dcf6f45957b20a033af73a775,4236189,"[93.22577813159772, 97.83085612895965]",231985152,231985152,1599040,30626,latin,1.01715422717318,"[0.9982276365193333, 1.0281593930466826]",batch,392000,12672,1157699.0366211853,compact,8192
128,,cold,,,"[630380700, 643472500]",662c887662f30ae422a020853095ddc53f8a98615ab9773333d5b7362f661370,,11640190.0,12459060.0,medium,4230445,3842781,bcabbdeddb1bb4054234cd9b034ae62c8d75875c2a169aca9ff3cd45cb47960f,c263245792619f850fc86f5ed974d1243cc683ba8f4cf4e95170ddb0352ac87b,32768,2.815074324388176,strings,18640467c5885a957e754edd3c2c405170498f6dcf6f45957b20a033af73a775,4236909,"[99.1464364311915, 97.129247947659]",232615936,232615936,1642719,31139,latin,,,batch,394128,12672,1088642.02388449,baseline,8192
128,"[[0.9552277743367151, 1.0583453013698383], [0.9477930902461584, 1.0907995032023963]]",cold,,inconclusive_or_mixed,"[627947300, 631016200]",662c887662f30ae422a020853095ddc53f8a98615ab9773333d5b7362f661370,"[0.9477930902461584, 1.0907995032023963]",11436960.0,12605400.0,medium,,,bcabbdeddb1bb4054234cd9b034ae62c8d75875c2a169aca9ff3cd45cb47960f,14c27d2190d4cf036a59a29f34ad42703fc7830255ebc0c211596ab1b024b078,32768,2.8650970187882097,strings,18640467c5885a957e754edd3c2c405170498f6dcf6f45957b20a033af73a775,,"[102.01891145960815, 101.5227501290775]",,,,,latin,1.0113946562606295,"[0.9830751918907298, 1.0281440378852849]",batch,,12672,1107986.7377345029,prefix,8192
128,"[[0.9654256254439826, 1.0299587109228376], [0.9060686301836539, 1.1150425955265362]]",cold,,inconclusive_or_mixed,"[634600500, 639312900]",662c887662f30ae422a020853095ddc53f8a98615ab9773333d5b7362f661370,"[0.9060686301836539, 1.1150425955265362]",11504300.0,12723560.0,medium,4229725,3842781,bcabbdeddb1bb4054234cd9b034ae62c8d75875c2a169aca9ff3cd45cb47960f,6253a34a66c92b20b2daad27f52661516b19f3ad00a811ed446c1a42e6f9b981,32768,2.8483262780003997,strings,18640467c5885a957e754edd3c2c405170498f6dcf6f45957b20a033af73a775,4236189,"[93.56280053356403, 92.87314552858233]",232128512,232128512,1603088,30690,latin,1.0080471809036085,"[0.9916815721306561, 1.037088708381933]",batch,393408,12672,1101501.1778204672,compact,8192
128,,warm,,,"[604404600, 620240000]",662c887662f30ae422a020853095ddc53f8a98615ab9773333d5b7362f661370,,11051070.0,13510280.0,medium,3913517,3844909,bcabbdeddb1bb4054234cd9b034ae62c8d75875c2a169aca9ff3cd45cb47960f,c263245792619f850fc86f5ed974d1243cc683ba8f4cf4e95170ddb0352ac87b,32768,2.9651427418340486,ids,716e9a973698662907542a7de881d8ab9690479ae9a497bde9ee06c5d1a21bce,3919981,"[90.4816078501057, 93.20988649555011]",231903232,231903232,1023040,18082,latin,,,batch,75072,12672,1146676.294693636,baseline,8192
128,"[[1.015486345456818, 1.1392577258008096], [0.9678518152157438, 1.028874260626347]]",warm,,inconclusive_or_mixed,"[578711300, 607640700]",662c887662f30ae422a020853095ddc53f8a98615ab9773333d5b7362f661370,"[0.9678518152157438, 1.1392577258008096]",10249050.0,13957760.0,medium,,,bcabbdeddb1bb4054234cd9b034ae62c8d75875c2a169aca9ff3cd45cb47960f,14c27d2190d4cf036a59a29f34ad42703fc7830255ebc0c211596ab1b024b078,32768,3.197174372258892,ids,716e9a973698662907542a7de881d8ab9690479ae9a497bde9ee06c5d1a21bce,,"[97.19872413066757, 92.57115265649585]",,,,,latin,1.02010372389886,"[1.0748282606109887, 1.014133486661806]",batch,,12672,1236407.2767719936,prefix,8192
128,"[[0.976672447990011, 1.1075056042388425], [0.8833480918524378, 1.0889654464144003]]",warm,,inconclusive_or_mixed,"[574005600, 616470900]",662c887662f30ae422a020853095ddc53f8a98615ab9773333d5b7362f661370,"[0.8833480918524378, 1.1075056042388425]",10483080.0,13999740.0,medium,3912797,3844189,bcabbdeddb1bb4054234cd9b034ae62c8d75875c2a169aca9ff3cd45cb47960f,6253a34a66c92b20b2daad27f52661516b19f3ad00a811ed446c1a42e6f9b981,32768,3.1257989064282636,ids,716e9a973698662907542a7de881d8ab9690479ae9a497bde9ee06c5d1a21bce,3919261,"[100.71765850368011, 98.84894810119991]",231854080,231854080,1023040,18082,latin,1.0291627163213088,"[1.0518028492516207, 0.9897571402599282]",batch,75072,12672,1208805.045845305,compact,8192
128,,cold,,,"[732987700, 578343800]",662c887662f30ae422a020853095ddc53f8a98615ab9773333d5b7362f661370,,10545143.333333332,11844416.666666666,medium,3913517,3842781,bcabbdeddb1bb4054234cd9b034ae62c8d75875c2a169aca9ff3cd45cb47960f,c263245792619f850fc86f5ed974d1243cc683ba8f4cf4e95170ddb0352ac87b,32768,3.107402048905294,ids,716e9a973698662907542a7de881d8ab9690479ae9a497bde9ee06c5d1a21bce,3919981,"[95.92589343586529, 97.26048761999351]",231546880,231546880,1066719,18595,latin,,,batch,77200,12672,1201690.6361000943,baseline,8192
128,"[[0.9613818498617446, 1.0317027403740828], [0.9459256583625876, 1.0271980444332478]]",cold,,inconclusive_or_mixed,"[733908400, 597556300]",662c887662f30ae422a020853095ddc53f8a98615ab9773333d5b7362f661370,"[0.9459256583625876, 1.0317027403740828]",10645576.666666668,13477740.0,medium,,,bcabbdeddb1bb4054234cd9b034ae62c8d75875c2a169aca9ff3cd45cb47960f,14c27d2190d4cf036a59a29f34ad42703fc7830255ebc0c211596ab1b024b078,32768,3.0780859530703357,ids,716e9a973698662907542a7de881d8ab9690479ae9a497bde9ee06c5d1a21bce,,"[100.06357741647322, 96.74820598494233]",,,,,latin,0.9935369455861347,"[0.9887369569771768, 0.9983369341950926]",batch,,12672,1190353.552163919,prefix,8192
128,"[[0.9060668086720364, 1.050665045172566], [0.9288467464321245, 0.9975824897420894]]",cold,,inconclusive_or_mixed,"[729273800, 589410100]",662c887662f30ae422a020853095ddc53f8a98615ab9773333d5b7362f661370,"[0.9060668086720364, 1.050665045172566]",10678820.0,11684100.0,medium,3912797,3842781,bcabbdeddb1bb4054234cd9b034ae62c8d75875c2a169aca9ff3cd45cb47960f,6253a34a66c92b20b2daad27f52661516b19f3ad00a811ed446c1a42e6f9b981,32768,3.0685038234561497,ids,716e9a973698662907542a7de881d8ab9690479ae9a497bde9ee06c5d1a21bce,3919261,"[100.69949036973493, 98.08535686782429]",231612416,231612416,1027088,18146,latin,0.9961705403425585,"[1.0266978975607317, 0.9835330799961025]",batch,76480,12672,1186647.9629771828,compact,8192
1,,warm,,,"[3074516200, 3288480000]",fd946d3b0a5662313e9bd5363d7323e8697dfd1ca8c1cee1fd0812c19ab81700,,3011153.584229391,3173221.505376344,long,3571101,3526421,bcabbdeddb1bb4054234cd9b034ae62c8d75875c2a169aca9ff3cd45cb47960f,c263245792619f850fc86f5ed974d1243cc683ba8f4cf4e95170ddb0352ac87b,4096,1.360276015628157,strings,78ef248a207d271e642b43e11ac013e5a5a9deded52ba6fce8685ee6d37de0ca,5191115,"[97.06811757895437, 98.3547109910962]",230760448,230760448,3436989,39552,latin,,,batch,1664694,1687,560250.399991382,baseline,8192
1,"[[1.0869170091624918, 1.111768471374993], [1.077444131259142, 1.1718267703189835]]",warm,,repeatable_gain,"[2789443400, 2939072400]",fd946d3b0a5662313e9bd5363d7323e8697dfd1ca8c1cee1fd0812c19ab81700,"[1.077444131259142, 1.1718267703189835]",2717084.6529814275,2832935.4838709678,long,,,bcabbdeddb1bb4054234cd9b034ae62c8d75875c2a169aca9ff3cd45cb47960f,14c27d2190d4cf036a59a29f34ad42703fc7830255ebc0c211596ab1b024b078,4096,1.50749811769961,strings,78ef248a207d271e642b43e11ac013e5a5a9deded52ba6fce8685ee6d37de0ca,,"[98.58597596925608, 97.81997884774802]",,,,,latin,1.100688186828938,"[1.0997455964255523, 1.111241196432435]",batch,,1687,620886.0655662213,prefix,8192
1,"[[5.401302049146089, 5.7396842412415126], [5.173600581162578, 5.901184394320821]]",warm,,repeatable_gain,"[561431800, 606706400]",fd946d3b0a5662313e9bd5363d7323e8697dfd1ca8c1cee1fd0812c19ab81700,"[5.173600581162578, 5.901184394320821]",539254.8387096775,628319.3548387097,long,3571101,3526421,bcabbdeddb1bb4054234cd9b034ae62c8d75875c2a169aca9ff3cd45cb47960f,6253a34a66c92b20b2daad27f52661516b19f3ad00a811ed446c1a42e6f9b981,4096,7.595666660684696,strings,78ef248a207d271e642b43e11ac013e5a5a9deded52ba6fce8685ee6d37de0ca,3783617,"[100.19026353690688, 100.43985031310037]",229036032,229036032,325532,3409,latin,5.597058631597007,"[5.668381968841864, 5.3400900621503276]",batch,257196,1687,3128391.029437276,compact,8192
1,,cold,,,"[3165051300, 2863739700]",fd946d3b0a5662313e9bd5363d7323e8697dfd1ca8c1cee1fd0812c19ab81700,,3053003.5913312696,3158267.3684210526,long,3571101,3526421,bcabbdeddb1bb4054234cd9b034ae62c8d75875c2a169aca9ff3cd45cb47960f,c263245792619f850fc86f5ed974d1243cc683ba8f4cf4e95170ddb0352ac87b,4096,1.3416296042462004,strings,78ef248a207d271e642b43e11ac013e5a5a9deded52ba6fce8685ee6d37de0ca,5191115,"[97.74723082687476, 98.75635694124016]",230948864,230948864,3436989,39552,latin,,,batch,1664694,1687,552570.5913972999,baseline,8192
1,"[[1.086246046120071, 1.1698539106043322], [1.0940542577178236, 1.1674590176132131]]",cold,,repeatable_gain,"[2852183300, 2536993900]",fd946d3b0a5662313e9bd5363d7323e8697dfd1ca8c1cee1fd0812c19ab81700,"[1.086246046120071, 1.1698539106043322]",2678851.6718266252,2902249.4736842103,long,,,bcabbdeddb1bb4054234cd9b034ae62c8d75875c2a169aca9ff3cd45cb47960f,14c27d2190d4cf036a59a29f34ad42703fc7830255ebc0c211596ab1b024b078,4096,1.5290133616121664,strings,78ef248a207d271e642b43e11ac013e5a5a9deded52ba6fce8685ee6d37de0ca,,"[99.70432124751589, 99.77359425263104]",,,,,latin,1.1322246850727837,"[1.1082186745557638, 1.1521110730660928]",batch,,1687,629747.4465429015,prefix,8192
1,"[[5.219171519337489, 5.915943380200453], [5.456945183387952, 5.755170912257784]]",cold,,repeatable_gain,"[572574000, 521116400]",fd946d3b0a5662313e9bd5363d7323e8697dfd1ca8c1cee1fd0812c19ab81700,"[5.219171519337489, 5.915943380200453]",539075.8823529412,618444.7058823529,long,3571101,3526421,bcabbdeddb1bb4054234cd9b034ae62c8d75875c2a169aca9ff3cd45cb47960f,6253a34a66c92b20b2daad27f52661516b19f3ad00a811ed446c1a42e6f9b981,4096,7.598188184791184,strings,78ef248a207d271e642b43e11ac013e5a5a9deded52ba6fce8685ee6d37de0ca,3783617,"[100.96948167398449, 89.95111264968824]",229371904,229371904,325532,3409,latin,5.627586516244802,"[5.623051332157667, 5.632121700331937]",batch,257196,1687,3129429.557554377,compact,8192
1,,warm,,,"[3687257200, 3659190000]",fd946d3b0a5662313e9bd5363d7323e8697dfd1ca8c1cee1fd0812c19ab81700,,2872632.81679673,3056124.347826087,long,3534709,3526421,bcabbdeddb1bb4054234cd9b034ae62c8d75875c2a169aca9ff3cd45cb47960f,c263245792619f850fc86f5ed974d1243cc683ba8f4cf4e95170ddb0352ac87b,4096,1.4258696677313065,ids,810413f0539e03ab1c1088044666ff9de14dd06e96b14bfa6616a62faeac8450,5191115,"[99.58282812492712, 99.06564020999184]",230223872,230223872,3408773,37874,latin,,,batch,1664694,1687,587266.1448883578,baseline,8192
1,"[[1.087155186223534, 1.129217796321698], [1.0591235424821586, 1.1368335204380362]]",warm,,repeatable_gain,"[3313337000, 3324955700]",fd946d3b0a5662313e9bd5363d7323e8697dfd1ca8c1cee1fd0812c19ab81700,"[1.0591235424821586, 1.1368335204380362]",2592593.4113712376,2712905.217391304,long,,,bcabbdeddb1bb4054234cd9b034ae62c8d75875c2a169aca9ff3cd45cb47960f,14c27d2190d4cf036a59a29f34ad42703fc7830255ebc0c211596ab1b024b078,4096,1.579885215334865,ids,810413f0539e03ab1c1088044666ff9de14dd06e96b14bfa6616a62faeac8450,,"[99.03158054855271, 98.21559427092518]",,,,,latin,1.1122222794592007,"[1.1148576483589683, 1.1095869105594331]",batch,,1687,650699.7944994916,prefix,8192
1,"[[6.261257360581919, 6.664546675431627], [6.3373275817149155, 6.762932100642702]]",warm,,repeatable_gain,"[571545500, 569831900]",fd946d3b0a5662313e9bd5363d7323e8697dfd1ca8c1cee1fd0812c19ab81700,"[6.261257360581919, 6.762932100642702]",437392.60869565216,487548.71794871794,long,3534709,3526421,bcabbdeddb1bb4054234cd9b034ae62c8d75875c2a169aca9ff3cd45cb47960f,6253a34a66c92b20b2daad27f52661516b19f3ad00a811ed446c1a42e6f9b981,4096,9.364584399847715,ids,810413f0539e03ab1c1088044666ff9de14dd06e96b14bfa6616a62faeac8450,3783617,"[95.68354575445, 98.71332229733014]",228593664,228593664,297316,1731,latin,6.535665853382225,"[6.599340425869258, 6.487262604839487]",batch,257196,1687,3856946.7486677477,compact,8192
1,,cold,,,"[3590925900, 3679405400]",fd946d3b0a5662313e9bd5363d7323e8697dfd1ca8c1cee1fd0812c19ab81700,,2864086.0869565215,3008281.7391304346,long,3534709,3526421,bcabbdeddb1bb4054234cd9b034ae62c8d75875c2a169aca9ff3cd45cb47960f,c263245792619f850fc86f5ed974d1243cc683ba8f4cf4e95170ddb0352ac87b,4096,1.4301246106581083,ids,810413f0539e03ab1c1088044666ff9de14dd06e96b14bfa6616a62faeac8450,5191115,"[99.64352090918946, 98.09669247101719]",230965248,230965248,3408773,37874,latin,,,batch,1664694,1687,589018.6079541574,baseline,8192
1,"[[1.065916297187527, 1.1184716611636039], [1.0880224480483758, 1.145053345657558]]",cold,,repeatable_gain,"[3290197300, 3289971000]",fd946d3b0a5662313e9bd5363d7323e8697dfd1ca8c1cee1fd0812c19ab81700,"[1.065916297187527, 1.145053345657558]",2594812.1739130435,2687918.2608695654,long,,,bcabbdeddb1bb4054234cd9b034ae62c8d75875c2a169aca9ff3cd45cb47960f,14c27d2190d4cf036a59a29f34ad42703fc7830255ebc0c211596ab1b024b078,4096,1.578534292839827,ids,810413f0539e03ab1c1088044666ff9de14dd06e96b14bfa6616a62faeac8450,,"[98.77827083500434, 98.31013708023566]",,,,,latin,1.1083857698946575,"[1.0846527234259224, 1.1275037938352928]",batch,,1687,650143.3964894502,prefix,8192
1,"[[6.096849929660469, 6.5185301231520505], [6.1911094104361295, 6.621770246551325]]",cold,,repeatable_gain,"[575610200, 582352400]",fd946d3b0a5662313e9bd5363d7323e8697dfd1ca8c1cee1fd0812c19ab81700,"[6.096849929660469, 6.621770246551325]",455142.60869565216,500289.5652173913,long,3534709,3526421,bcabbdeddb1bb4054234cd9b034ae62c8d75875c2a169aca9ff3cd45cb47960f,6253a34a66c92b20b2daad27f52661516b19f3ad00a811ed446c1a42e6f9b981,4096,8.999377166067395,ids,810413f0539e03ab1c1088044666ff9de14dd06e96b14bfa6616a62faeac8450,3783617,"[97.72238226494248, 99.27408215369252]",229261312,229261312,297316,1731,latin,6.273893322733624,"[6.250584135439676, 6.4055114807886255]",batch,257196,1687,3706530.5857313713,compact,8192
8,,warm,,,"[3184692900, 3182582300]",8f2c395d6dc02c8313dd12f9319f201a531e15f7fdcee5a0b23c39e77936e017,,24108987.5,25009033.333333332,long,3883285,3526421,bcabbdeddb1bb4054234cd9b034ae62c8d75875c2a169aca9ff3cd45cb47960f,c263245792619f850fc86f5ed974d1243cc683ba8f4cf4e95170ddb0352ac87b,32768,1.3591611841849436,strings,322eb242ebfc2cab1f74413a2d7140f82d68b076475d38dcf932bed879dc549e,5503563,"[99.5975153522652, 100.15451917771301]",233553920,233553920,27495432,316403,latin,,,batch,1977142,13496,559791.2396777343,baseline,8192
8,"[[1.1172075563793995, 1.151459797162867], [1.1196027203528147, 1.1581831316797502]]",warm,,repeatable_gain,"[2824056400, 2801431100]",8f2c395d6dc02c8313dd12f9319f201a531e15f7fdcee5a0b23c39e77936e017,"[1.1172075563793995, 1.1581831316797502]",21257633.333333332,22385308.333333332,long,,,bcabbdeddb1bb4054234cd9b034ae62c8d75875c2a169aca9ff3cd45cb47960f,14c27d2190d4cf036a59a29f34ad42703fc7830255ebc0c211596ab1b024b078,32768,1.5414698092763541,strings,322eb242ebfc2cab1f74413a2d7140f82d68b076475d38dcf932bed879dc549e,,"[97.93094075599906, 99.27961462268338]",,,,,latin,1.132580399676547,"[1.1352224320127173, 1.1299383673403764]",batch,,13496,634877.8242795921,prefix,8192
8,"[[5.259578614566574, 5.557222169204946], [5.275497705352759, 5.611398009847441]]",warm,,repeatable_gain,"[588710900, 584610000]",8f2c395d6dc02c8313dd12f9319f201a531e15f7fdcee5a0b23c39e77936e017,"[5.259578614566574, 5.611398009847441]",4453220.833333334,4754950.0,long,3883285,3526421,bcabbdeddb1bb4054234cd9b034ae62c8d75875c2a169aca9ff3cd45cb47960f,6253a34a66c92b20b2daad27f52661516b19f3ad00a811ed446c1a42e6f9b981,32768,7.3582697167686675,strings,322eb242ebfc2cab1f74413a2d7140f82d68b076475d38dcf932bed879dc549e,4096065,"[92.8936427030653, 96.21799148150049]",232194048,232194048,2603776,27259,latin,5.497577134206985,"[5.345955823116697, 5.51673538661981]",batch,569644,13496,3030615.481491392,compact,8192
8,,cold,,,"[3355058200, 3368445200]",8f2c395d6dc02c8313dd12f9319f201a531e15f7fdcee5a0b23c39e77936e017,,23385973.07692308,24398630.769230768,long,3883285,3526421,bcabbdeddb1bb4054234cd9b034ae62c8d75875c2a169aca9ff3cd45cb47960f,c263245792619f850fc86f5ed974d1243cc683ba8f4cf4e95170ddb0352ac87b,32768,1.4011818063852541,strings,322eb242ebfc2cab1f74413a2d7140f82d68b076475d38dcf932bed879dc549e,5503563,"[98.73152125945236, 99.26686650565074]",234078208,234078208,27495432,316403,latin,,,batch,1977142,13496,577098.0730888485,baseline,8192
8,"[[1.0727683287908172, 1.1235301573412038], [1.0797936181049181, 1.133175156056661]]",cold,,repeatable_gain,"[3047120700, 3043333900]",8f2c395d6dc02c8313dd12f9319f201a531e15f7fdcee5a0b23c39e77936e017,"[1.0727683287908172, 1.133175156056661]",21299161.53846154,22579500.0,long,,,bcabbdeddb1bb4054234cd9b034ae62c8d75875c2a169aca9ff3cd45cb47960f,14c27d2190d4cf036a59a29f34ad42703fc7830255ebc0c211596ab1b024b078,32768,1.538464316580176,strings,322eb242ebfc2cab1f74413a2d7140f82d68b076475d38dcf932bed879dc549e,,"[100.5047158125374, 98.06268710771434]",,,,,latin,1.096055679229472,"[1.0978729943316758, 1.094238364127268]",batch,,13496,633639.9663258683,prefix,8192
8,"[[5.254808794123256, 5.6343843120394945], [5.2866464289288455, 5.637690167027823]]",cold,,repeatable_gain,"[621234700, 615992200]",8f2c395d6dc02c8313dd12f9319f201a531e15f7fdcee5a0b23c39e77936e017,"[5.254808794123256, 5.637690167027823]",4210938.461538462,4719576.923076923,long,3883285,3526421,bcabbdeddb1bb4054234cd9b034ae62c8d75875c2a169aca9ff3cd45cb47960f,6253a34a66c92b20b2daad27f52661516b19f3ad00a811ed446c1a42e6f9b981,32768,7.781638297328203,strings,322eb242ebfc2cab1f74413a2d7140f82d68b076475d38dcf932bed879dc549e,4096065,"[100.60609943391765, 98.92576561846074]",232247296,232247296,2603776,27259,latin,5.463317186141836,"[5.448167076671519, 5.475419638741353]",batch,569644,13496,3204986.281150556,compact,8192
8,,warm,,,"[3873386300, 3869251000]",8f2c395d6dc02c8313dd12f9319f201a531e15f7fdcee5a0b23c39e77936e017,,23376996.666666664,24311653.333333332,long,3592149,3526421,bcabbdeddb1bb4054234cd9b034ae62c8d75875c2a169aca9ff3cd45cb47960f,c263245792619f850fc86f5ed974d1243cc683ba8f4cf4e95170ddb0352ac87b,32768,1.401719838833018,ids,59e0eda4c439b6128f50aec706bcb2a73cdb099dbad0588eee6645ec908fddbf,5248819,"[100.04166122031258, 98.12945709647681]",233648128,233648128,27269704,302979,latin,,,batch,1722398,13496,577319.6699490483,baseline,8192
8,"[[1.0928697725477605, 1.1561295245106216], [1.0984336065528788, 1.1888656386973147]]",warm,,repeatable_gain,"[3455449100, 3417807200]",8f2c395d6dc02c8313dd12f9319f201a531e15f7fdcee5a0b23c39e77936e017,"[1.0928697725477605, 1.1888656386973147]",20888543.333333336,21513300.0,long,,,bcabbdeddb1bb4054234cd9b034ae62c8d75875c2a169aca9ff3cd45cb47960f,14c27d2190d4cf036a59a29f34ad42703fc7830255ebc0c211596ab1b024b078,32768,1.568706801479535,ids,59e0eda4c439b6128f50aec706bcb2a73cdb099dbad0588eee6645ec908fddbf,,"[98.5761879693149, 98.74752443613555]",,,,,latin,1.120810148426568,"[1.1225914337876393, 1.107431836739753]",batch,,13496,646095.7944570252,prefix,8192
8,"[[6.00109016917936, 6.647057827703803], [6.108936879017017, 6.506147171645636]]",warm,,repeatable_gain,"[615499600, 607392100]",8f2c395d6dc02c8313dd12f9319f201a531e15f7fdcee5a0b23c39e77936e017,"[6.00109016917936, 6.647057827703803]",3649173.333333333,4120266.6666666665,long,3592149,3526421,bcabbdeddb1bb4054234cd9b034ae62c8d75875c2a169aca9ff3cd45cb47960f,6253a34a66c92b20b2daad27f52661516b19f3ad00a811ed446c1a42e6f9b981,32768,8.979567975212651,ids,59e0eda4c439b6128f50aec706bcb2a73cdb099dbad0588eee6645ec908fddbf,3841321,"[101.54352659205628, 97.7539879099514]",231641088,231641088,2378048,13835,latin,6.382639283194985,"[6.301044763857498, 6.386931050879696]",batch,314900,13496,3698371.8686972028,compact,8192
8,,cold,,,"[3809137900, 3819268300]",8f2c395d6dc02c8313dd12f9319f201a531e15f7fdcee5a0b23c39e77936e017,,23067816.666666664,24031053.333333332,long,3592149,3526421,bcabbdeddb1bb4054234cd9b034ae62c8d75875c2a169aca9ff3cd45cb47960f,c263245792619f850fc86f5ed974d1243cc683ba8f4cf4e95170ddb0352ac87b,32768,1.4205072145969602,ids,59e0eda4c439b6128f50aec706bcb2a73cdb099dbad0588eee6645ec908fddbf,5248819,"[98.037275048509, 98.59545609822699]",233463808,233463808,27269704,302979,latin,,,batch,1722398,13496,585057.5368713555,baseline,8192
8,"[[1.0898139228153279, 1.1240569520742993], [1.0789019982852783, 1.1473557306211692]]",cold,,repeatable_gain,"[3438962800, 3399278100]",8f2c395d6dc02c8313dd12f9319f201a531e15f7fdcee5a0b23c39e77936e017,"[1.0789019982852783, 1.1473557306211692]",20698513.333333336,21299300.0,long,,,bcabbdeddb1bb4054234cd9b034ae62c8d75875c2a169aca9ff3cd45cb47960f,14c27d2190d4cf036a59a29f34ad42703fc7830255ebc0c211596ab1b024b078,32768,1.5831088674001383,ids,59e0eda4c439b6128f50aec706bcb2a73cdb099dbad0588eee6645ec908fddbf,,"[100.41181602778606, 98.36647375217697]",,,,,latin,1.1123582798902258,"[1.1111213136588673, 1.1197903872922297]",batch,,13496,652027.5047128987,prefix,8192
8,"[[6.094965509769223, 6.766009543680541], [5.9701094241220485, 6.659876130505497]]",cold,,repeatable_gain,"[587777300, 607105300]",8f2c395d6dc02c8313dd12f9319f201a531e15f7fdcee5a0b23c39e77936e017,"[5.9701094241220485, 6.766009543680541]",3578340.0,3884006.6666666665,long,3592149,3526421,bcabbdeddb1bb4054234cd9b034ae62c8d75875c2a169aca9ff3cd45cb47960f,6253a34a66c92b20b2daad27f52661516b19f3ad00a811ed446c1a42e6f9b981,32768,9.157318756741953,ids,59e0eda4c439b6128f50aec706bcb2a73cdb099dbad0588eee6645ec908fddbf,3841321,"[98.35783042318918, 100.37385606747297]",231870464,231870464,2378048,13835,latin,6.419934046666569,"[6.588445920149936, 6.130762455764697]",batch,314900,13496,3771581.235992108,compact,8192
32,,warm,,,"[3247059100, 3255889400]",9225c6928cb3dad45ad77cd647149666e0c6595102e64f1a8c08f6b7c283444f,,97792700.0,104066166.66666667,long,5202765,3775309,bcabbdeddb1bb4054234cd9b034ae62c8d75875c2a169aca9ff3cd45cb47960f,c263245792619f850fc86f5ed974d1243cc683ba8f4cf4e95170ddb0352ac87b,131072,1.3403045421590774,strings,af041cb18f4ccccd763c1af07861ef2602dc432e95dcf935513d96a196444cfc,6823899,"[98.16575251124934, 98.37941669640252]",243134464,243134464,109982432,1265618,latin,,,batch,3048590,53984,552024.8443902255,baseline,8192
32,"[[1.0808925893946553, 1.1360187537313373], [1.0529970305649698, 1.1317276200022806]]",warm,,repeatable_gain,"[2919325900, 2940540900]",9225c6928cb3dad45ad77cd647149666e0c6595102e64f1a8c08f6b7c283444f,"[1.0529970305649698, 1.1360187537313373]",88693583.33333334,92216733.33333333,long,,,bcabbdeddb1bb4054234cd9b034ae62c8d75875c2a169aca9ff3cd45cb47960f,14c27d2190d4cf036a59a29f34ad42703fc7830255ebc0c211596ab1b024b078,131072,1.4778070191098,strings,af041cb18f4ccccd763c1af07861ef2602dc432e95dcf935513d96a196444cfc,,"[98.48163920307766, 100.4279518778331]",,,,,latin,1.1047667013041398,"[1.090656161159229, 1.119632390733739]",batch,,53984,608657.334286678,prefix,8192
32,"[[4.8741179034177575, 5.174766020338543], [4.86476562192772, 5.318842456219856]]",warm,,repeatable_gain,"[639214600, 638509500]",9225c6928cb3dad45ad77cd647149666e0c6595102e64f1a8c08f6b7c283444f,"[4.86476562192772, 5.318842456219856]",19394066.666666664,20634533.333333332,long,5202765,3775309,bcabbdeddb1bb4054234cd9b034ae62c8d75875c2a169aca9ff3cd45cb47960f,6253a34a66c92b20b2daad27f52661516b19f3ad00a811ed446c1a42e6f9b981,131072,6.758355648291059,strings,af041cb18f4ccccd763c1af07861ef2602dc432e95dcf935513d96a196444cfc,5416401,"[97.7762397792541, 97.88421315579487]",240857088,240857088,10415808,109042,latin,4.985273498663815,"[5.009840584245147, 4.960706413082483]",batch,1641092,53984,2783531.733073002,compact,8192
32,,cold,,,"[3210937700, 3254715600]",9225c6928cb3dad45ad77cd647149666e0c6595102e64f1a8c08f6b7c283444f,,98450266.66666667,101786066.66666667,long,5202765,3775309,bcabbdeddb1bb4054234cd9b034ae62c8d75875c2a169aca9ff3cd45cb47960f,c263245792619f850fc86f5ed974d1243cc683ba8f4cf4e95170ddb0352ac87b,131072,1.3313524121146785,strings,af041cb18f4ccccd763c1af07861ef2602dc432e95dcf935513d96a196444cfc,6823899,"[98.78344883489953, 97.93482416712538]",241811456,242163712,109982432,1265618,latin,,,batch,3048590,53984,548337.7732513336,baseline,8192
32,"[[1.0411047237504631, 1.1373721329916506], [1.0927802431457472, 1.15431147425077]]",cold,,repeatable_gain,"[2938272400, 2894620400]",9225c6928cb3dad45ad77cd647149666e0c6595102e64f1a8c08f6b7c283444f,"[1.0411047237504631, 1.15431147425077]",87910650.0,92750733.33333333,long,,,bcabbdeddb1bb4054234cd9b034ae62c8d75875c2a169aca9ff3cd45cb47960f,14c27d2190d4cf036a59a29f34ad42703fc7830255ebc0c211596ab1b024b078,131072,1.490968386651674,strings,af041cb18f4ccccd763c1af07861ef2602dc432e95dcf935513d96a196444cfc,,"[99.44193737789594, 97.70279377565362]",,,,,latin,1.1139135254523094,"[1.0870109472987286, 1.1215781299102467]",batch,,53984,614078.0440140074,prefix,8192
32,"[[4.756610435994379, 5.383596664237019], [4.761048882379375, 5.168624953563658]]",cold,,repeatable_gain,"[644143800, 655791900]",9225c6928cb3dad45ad77cd647149666e0c6595102e64f1a8c08f6b7c283444f,"[4.756610435994379, 5.383596664237019]",19744900.0,21678300.0,long,5202765,3775309,bcabbdeddb1bb4054234cd9b034ae62c8d75875c2a169aca9ff3cd45cb47960f,6253a34a66c92b20b2daad27f52661516b19f3ad00a811ed446c1a42e6f9b981,131072,6.638271148499106,strings,af041cb18f4ccccd763c1af07861ef2602dc432e95dcf935513d96a196444cfc,5416401,"[104.30512565672447, 97.6872388939235]",242462720,242462720,10415808,109042,latin,4.941866551264061,"[4.939493751746716, 4.944344473862775]",batch,1641092,53984,2734073.102421385,compact,8192
32,,warm,,,"[4290800700, 3176344700]",9225c6928cb3dad45ad77cd647149666e0c6595102e64f1a8c08f6b7c283444f,,97211900.0,99764233.33333333,long,4038221,3775309,bcabbdeddb1bb4054234cd9b034ae62c8d75875c2a169aca9ff3cd45cb47960f,c263245792619f850fc86f5ed974d1243cc683ba8f4cf4e95170ddb0352ac87b,131072,1.348312295099674,ids,0c2fc13582c5b0e0e7b2335826bd65fab0ef41edafc9f8f4967f33661c27e27c,5695747,"[99.41326335665043, 99.36736400177223]",241356800,241356800,109079520,1211922,latin,,,batch,1920438,53984,555322.9594319214,baseline,8192
32,"[[1.1197973567205035, 1.1937829368928], [1.0937170554570286, 1.1823987827747335]]",warm,,repeatable_gain,"[3718386400, 2793499100]",9225c6928cb3dad45ad77cd647149666e0c6595102e64f1a8c08f6b7c283444f,"[1.0937170554570286, 1.1937829368928]",84049337.5,89602850.0,long,,,bcabbdeddb1bb4054234cd9b034ae62c8d75875c2a169aca9ff3cd45cb47960f,14c27d2190d4cf036a59a29f34ad42703fc7830255ebc0c211596ab1b024b078,131072,1.5594649987574263,ids,0c2fc13582c5b0e0e7b2335826bd65fab0ef41edafc9f8f4967f33661c27e27c,,"[100.00977843507603, 100.68018278581152]",,,,,latin,1.1628680001820912,"[1.1775112643834946, 1.1331415060586498]",batch,,53984,642289.4172128364,prefix,8192
32,"[[5.911883556254917, 6.387849565737899], [5.270852338568505, 6.13287064893959]]",warm,,repeatable_gain,"[721249700, 551816300]",9225c6928cb3dad45ad77cd647149666e0c6595102e64f1a8c08f6b7c283444f,"[5.270852338568505, 6.387849565737899]",16203883.333333334,20083175.0,long,4038221,3775309,bcabbdeddb1bb4054234cd9b034ae62c8d75875c2a169aca9ff3cd45cb47960f,6253a34a66c92b20b2daad27f52661516b19f3ad00a811ed446c1a42e6f9b981,131072,8.088925185629371,ids,0c2fc13582c5b0e0e7b2335826bd65fab0ef41edafc9f8f4967f33661c27e27c,4288249,"[95.32066356492072, 96.27298070028016]",240058368,240058368,9512896,55346,latin,5.977707784641863,"[5.998564266077276, 5.9237371712891385]",batch,512940,53984,3331547.067421081,compact,8192
32,,cold,,,"[4129308900, 4124790100]",9225c6928cb3dad45ad77cd647149666e0c6595102e64f1a8c08f6b7c283444f,,93015925.0,100411125.0,long,4038221,3775309,bcabbdeddb1bb4054234cd9b034ae62c8d75875c2a169aca9ff3cd45cb47960f,c263245792619f850fc86f5ed974d1243cc683ba8f4cf4e95170ddb0352ac87b,131072,1.4091350486489276,ids,0c2fc13582c5b0e0e7b2335826bd65fab0ef41edafc9f8f4967f33661c27e27c,5695747,"[98.76047296921769, 99.62628158945591]",241266688,241266688,109079520,1211922,latin,,,batch,1920438,53984,580373.7370778176,baseline,8192
32,"[[1.063824965829365, 1.1761538774626301], [1.090389267904494, 1.1716478740818654]]",cold,,repeatable_gain,"[3726907700, 3667427800]",9225c6928cb3dad45ad77cd647149666e0c6595102e64f1a8c08f6b7c283444f,"[1.063824965829365, 1.1761538774626301]",84383875.0,89296300.0,long,,,bcabbdeddb1bb4054234cd9b034ae62c8d75875c2a169aca9ff3cd45cb47960f,14c27d2190d4cf036a59a29f34ad42703fc7830255ebc0c211596ab1b024b078,131072,1.553282543613931,ids,0c2fc13582c5b0e0e7b2335826bd65fab0ef41edafc9f8f4967f33661c27e27c,,"[98.94261668997062, 97.56497455791767]",,,,,latin,1.103943615898141,"[1.0865523184088164, 1.1375725171840891]",batch,,53984,639743.0788761479,prefix,8192
32,"[[5.27141636556687, 6.260001389081817], [5.078749175570975, 6.21714028508102]]",cold,,repeatable_gain,"[734054400, 736238300]",9225c6928cb3dad45ad77cd647149666e0c6595102e64f1a8c08f6b7c283444f,"[5.078749175570975, 6.260001389081817]",16166787.5,20189050.0,long,4038221,3775309,bcabbdeddb1bb4054234cd9b034ae62c8d75875c2a169aca9ff3cd45cb47960f,6253a34a66c92b20b2daad27f52661516b19f3ad00a811ed446c1a42e6f9b981,131072,8.107485794564937,ids,0c2fc13582c5b0e0e7b2335826bd65fab0ef41edafc9f8f4967f33661c27e27c,4288249,"[100.04367523714863, 103.99146580665526]",239984640,239984640,9512896,55346,latin,5.796328395371528,"[5.516427147207531, 5.799180861350789]",batch,512940,53984,3339191.536970471,compact,8192
128,,warm,,,"[4310247900, 4342218400]",f60fb80ac6a25abbf7f7a3e6f665069b8619bd8daf276e286f44f26b2fa54aa9,,393566200.0,407103300.0,long,9485133,3775309,bcabbdeddb1bb4054234cd9b034ae62c8d75875c2a169aca9ff3cd45cb47960f,c263245792619f850fc86f5ed974d1243cc683ba8f4cf4e95170ddb0352ac87b,524288,1.3321469170879003,strings,20c129b7cb4bdf96883608480061437b2cd2a40a14600fa31177e4c58e668738,11108571,"[98.23970913598728, 99.3155940751391]",269058048,280829952,439931072,5062434,latin,,,batch,7333262,215936,548665.0022283418,baseline,8192
128,"[[1.0878902912283088, 1.1550976890690106], [1.1133404551194577, 1.1715745444292016]]",warm,,repeatable_gain,"[3875836500, 3822293900]",f60fb80ac6a25abbf7f7a3e6f665069b8619bd8daf276e286f44f26b2fa54aa9,"[1.0878902912283088, 1.1715745444292016]",349243600.0,365766800.0,long,,,bcabbdeddb1bb4054234cd9b034ae62c8d75875c2a169aca9ff3cd45cb47960f,14c27d2190d4cf036a59a29f34ad42703fc7830255ebc0c211596ab1b024b078,524288,1.5012100436486167,strings,20c129b7cb4bdf96883608480061437b2cd2a40a14600fa31177e4c58e668738,,"[99.57527878175459, 98.92619717180827]",,,,,latin,1.1194867436429385,"[1.117684158842572, 1.124688415364672]",batch,,215936,618296.2264734415,prefix,8192
128,"[[5.145609950691238, 5.618596838926582], [5.131748146824075, 5.478604368351655]]",warm,,repeatable_gain,"[803471300, 815572600]",f60fb80ac6a25abbf7f7a3e6f665069b8619bd8daf276e286f44f26b2fa54aa9,"[5.131748146824075, 5.618596838926582]",73501250.0,76960000.0,long,9485133,3775309,bcabbdeddb1bb4054234cd9b034ae62c8d75875c2a169aca9ff3cd45cb47960f,6253a34a66c92b20b2daad27f52661516b19f3ad00a811ed446c1a42e6f9b981,524288,7.133048757674189,strings,20c129b7cb4bdf96883608480061437b2cd2a40a14600fa31177e4c58e668738,9701073,"[97.23433805289623, 99.62325855478716]",267800576,278130688,41664576,436130,latin,5.340939874906402,"[5.477683229317792, 5.285413929040736]",batch,5925764,215936,2937854.7983877826,compact,8192
128,,cold,,,"[4341159300, 4335437200]",f60fb80ac6a25abbf7f7a3e6f665069b8619bd8daf276e286f44f26b2fa54aa9,,395492050.0,410241400.0,long,9485133,3775309,bcabbdeddb1bb4054234cd9b034ae62c8d75875c2a169aca9ff3cd45cb47960f,c263245792619f850fc86f5ed974d1243cc683ba8f4cf4e95170ddb0352ac87b,524288,1.325660022748877,strings,20c129b7cb4bdf96883608480061437b2cd2a40a14600fa31177e4c58e668738,11108571,"[99.33982381157955, 99.47093686422214]",270077952,281698304,439931072,5062434,latin,,,batch,7333262,215936,545993.2759710341,baseline,8192
128,"[[1.0647733041665808, 1.1264273226105244], [1.0957196434103629, 1.1585898847597995]]",cold,,repeatable_gain,"[3938064600, 3874307700]",f60fb80ac6a25abbf7f7a3e6f665069b8619bd8daf276e286f44f26b2fa54aa9,"[1.0647733041665808, 1.1585898847597995]",355218050.0,371550100.0,long,,,bcabbdeddb1bb4054234cd9b034ae62c8d75875c2a169aca9ff3cd45cb47960f,14c27d2190d4cf036a59a29f34ad42703fc7830255ebc0c211596ab1b024b078,524288,1.4759610329486355,strings,20c129b7cb4bdf96883608480061437b2cd2a40a14600fa31177e4c58e668738,,"[98.39858899216635, 99.21127328115936]",,,,,latin,1.1258797384487238,"[1.1089096734467878, 1.1344382098988788]",batch,,215936,607897.0367637568,prefix,8192
128,"[[5.183797336999535, 5.641666643165545], [5.281738820390136, 5.558609001352558]]",cold,,repeatable_gain,"[805379800, 803044000]",f60fb80ac6a25abbf7f7a3e6f665069b8619bd8daf276e286f44f26b2fa54aa9,"[5.183797336999535, 5.641666643165545]",72928500.0,77485700.0,long,9485133,3775309,bcabbdeddb1bb4054234cd9b034ae62c8d75875c2a169aca9ff3cd45cb47960f,6253a34a66c92b20b2daad27f52661516b19f3ad00a811ed446c1a42e6f9b981,524288,7.18906874541503,strings,20c129b7cb4bdf96883608480061437b2cd2a40a14600fa31177e4c58e668738,9701073,"[97.0039228696821, 99.23179800857737]",267739136,278319104,41664576,436130,latin,5.359724365411336,"[5.327424914502421, 5.3920238163202505]",batch,5925764,215936,2960927.4837683486,compact,8192
128,,warm,,,"[4128218600, 4128670900]",f60fb80ac6a25abbf7f7a3e6f665069b8619bd8daf276e286f44f26b2fa54aa9,,375431800.0,387264900.0,long,4826957,3775309,bcabbdeddb1bb4054234cd9b034ae62c8d75875c2a169aca9ff3cd45cb47960f,c263245792619f850fc86f5ed974d1243cc683ba8f4cf4e95170ddb0352ac87b,524288,1.396493317827632,ids,ab1404aac966d153f45440964e53cf7fe5768793b6f32593776e2ca11170316f,6486787,"[99.16504906014426, 98.39728325161494]",266911744,270434304,436319424,4847650,latin,,,batch,2711478,215936,575167.047650199,baseline,8192
128,"[[1.0700581202829869, 1.1535227623423847], [1.1011556917016128, 1.153525192209742]]",warm,,repeatable_gain,"[3705053000, 3662536500]",f60fb80ac6a25abbf7f7a3e6f665069b8619bd8daf276e286f44f26b2fa54aa9,"[1.0700581202829869, 1.153525192209742]",334642000.0,345782900.0,long,,,bcabbdeddb1bb4054234cd9b034ae62c8d75875c2a169aca9ff3cd45cb47960f,14c27d2190d4cf036a59a29f34ad42703fc7830255ebc0c211596ab1b024b078,524288,1.5667130844305257,ids,ab1404aac966d153f45440964e53cf7fe5768793b6f32593776e2ca11170316f,,"[99.9479629576149, 97.69527211537688]",,,,,latin,1.1238546490411272,"[1.1211039927356692, 1.126605305346585]",batch,,215936,645274.6517173577,prefix,8192
128,"[[6.035962845660088, 6.638947090412889], [5.974028255131686, 6.380470705890474]]",warm,,repeatable_gain,"[655255100, 673028500]",f60fb80ac6a25abbf7f7a3e6f665069b8619bd8daf276e286f44f26b2fa54aa9,"[5.974028255131686, 6.638947090412889]",60231200.0,64221100.0,long,4826957,3775309,bcabbdeddb1bb4054234cd9b034ae62c8d75875c2a169aca9ff3cd45cb47960f,6253a34a66c92b20b2daad27f52661516b19f3ad00a811ed446c1a42e6f9b981,524288,8.704591640213046,ids,ab1404aac966d153f45440964e53cf7fe5768793b6f32593776e2ca11170316f,5079289,"[97.76726651955858, 97.50701493324577]",264568832,268017664,38052928,221346,latin,6.1809818843489435,"[6.3866125187898115, 6.158252799433723]",batch,1303980,215936,3585118.6760350117,compact,8192
128,,cold,,,"[4251750700, 4111775500]",f60fb80ac6a25abbf7f7a3e6f665069b8619bd8daf276e286f44f26b2fa54aa9,,378420850.0,399534000.0,long,4826957,3775309,bcabbdeddb1bb4054234cd9b034ae62c8d75875c2a169aca9ff3cd45cb47960f,c263245792619f850fc86f5ed974d1243cc683ba8f4cf4e95170ddb0352ac87b,524288,1.3854627724661577,ids,ab1404aac966d153f45440964e53cf7fe5768793b6f32593776e2ca11170316f,6486787,"[98.12134563769226, 98.42159427235266]",264552448,267976704,436319424,4847650,latin,,,batch,2711478,215936,570623.9494996114,baseline,8192
128,"[[1.097183412481598, 1.1768375299598093], [1.0855286331808551, 1.1699206448783772]]",cold,,repeatable_gain,"[3732625600, 3628228100]",f60fb80ac6a25abbf7f7a3e6f665069b8619bd8daf276e286f44f26b2fa54aa9,"[1.0855286331808551, 1.1768375299598093]",333776950.0,348242500.0,long,,,bcabbdeddb1bb4054234cd9b034ae62c8d75875c2a169aca9ff3cd45cb47960f,14c27d2190d4cf036a59a29f34ad42703fc7830255ebc0c211596ab1b024b078,524288,1.5707735360395618,ids,ab1404aac966d153f45440964e53cf7fe5768793b6f32593776e2ca11170316f,,"[97.53523096449855, 99.48037721222654]",,,,,latin,1.1472122547316894,"[1.1532892695411565, 1.143102559217944]",batch,,215936,646947.0105709817,prefix,8192
128,"[[5.895343360249409, 6.768120864785954], [5.784653815114757, 6.635921167132303]]",cold,,repeatable_gain,"[706811400, 665472300]",f60fb80ac6a25abbf7f7a3e6f665069b8619bd8daf276e286f44f26b2fa54aa9,"[5.784653815114757, 6.768120864785954]",60751050.0,83374600.0,long,4826957,3775309,bcabbdeddb1bb4054234cd9b034ae62c8d75875c2a169aca9ff3cd45cb47960f,6253a34a66c92b20b2daad27f52661516b19f3ad00a811ed446c1a42e6f9b981,524288,8.630105981707311,ids,ab1404aac966d153f45440964e53cf7fe5768793b6f32593776e2ca11170316f,5079289,"[99.47844644271441, 96.26621573880686]",263962624,267395072,38052928,221346,latin,6.234709486567648,"[6.241285204804521, 6.228133768330775]",batch,1303980,215936,3554440.6228369717,compact,8192
1,,cold,32,,"[3114573700, 4386098300]",6e15aae1d9028536678d32c88a163f53048352b807b9d9870a77d4bc393f46a8,,69455.57706266634,73380.12738853504,stress,882893,882669,055c1a4233101194e2a724686a7aabff80bb303953f94a71bb39e50b20af7c5d,c263245792619f850fc86f5ed974d1243cc683ba8f4cf4e95170ddb0352ac87b,32,0.4607261411294298,spans,3af83420f1c5648ce1f747df8f9cf76b1262e2f385e64e074802d96e41da5274,923221,"[99.8330847011262, 99.39072728944538]",221536256,221986816,85864,993,dense_ascii,,,segmentation,40552,2,28795.383820589363,baseline,276
1,"[[1.1084442094612723, 1.1469998394675114], [1.085386927770673, 1.140285929126192]]",cold,32,repeatable_gain,"[2755042700, 3965871500]",6e15aae1d9028536678d32c88a163f53048352b807b9d9870a77d4bc393f46a8,"[1.085386927770673, 1.1469998394675114]",62157.35326992601,65544.04003639672,stress,882893,882669,055c1a4233101194e2a724686a7aabff80bb303953f94a71bb39e50b20af7c5d,14c27d2190d4cf036a59a29f34ad42703fc7830255ebc0c211596ab1b024b078,32,0.5148224355859561,spans,3af83420f1c5648ce1f747df8f9cf76b1262e2f385e64e074802d96e41da5274,923221,"[98.11553918928371, 97.70866252222241]",221605888,222175232,55144,937,dense_ascii,1.1242420852197377,"[1.1369747792586824, 1.091771398902446]",segmentation,40552,2,32176.402224122256,prefix,276
1,"[[8.642907268170426, 9.45944754176252], [8.522579800580369, 9.052080825625529]]",cold,32,repeatable_gain,"[386385000, 547616700]",6e15aae1d9028536678d32c88a163f53048352b807b9d9870a77d4bc393f46a8,"[8.522579800580369, 9.45944754176252]",7879.924408327567,8987.970882620564,stress,882797,882669,055c1a4233101194e2a724686a7aabff80bb303953f94a71bb39e50b20af7c5d,6253a34a66c92b20b2daad27f52661516b19f3ad00a811ed446c1a42e6f9b981,32,4.060952661700935,spans,3af83420f1c5648ce1f747df8f9cf76b1262e2f385e64e074802d96e41da5274,884117,"[97.05345704413992, 99.86455854980318]",222466048,222924800,1448,5,dense_ascii,9.037528168012418,"[9.197260941487247, 8.829943480476448]",segmentation,1448,2,253809.54135630844,compact,276
1,,cold,256,,"[4284106100, 4802833800]",f88147a2276fd280b399d90ad2ecfd5b7140a36b4aa0423416b8e95697cd3d22,,652531.5705608504,671693.9759036144,stress,883917,882893,055c1a4233101194e2a724686a7aabff80bb303953f94a71bb39e50b20af7c5d,c263245792619f850fc86f5ed974d1243cc683ba8f4cf4e95170ddb0352ac87b,256,0.3923181828274886,spans,1067ca85fef6d451dc1205f664ec2c3e2afcb0eae3784991ff22ec0ea0a004e3,1270101,"[99.20389226588016, 99.87593158022666]",221839360,222556160,820168,9745,dense_ascii,,,segmentation,387208,16,24519.886426718036,baseline,276
1,"[[1.091260101235348, 1.164991940001737], [1.0910853798742899, 1.1246407683807593]]",cold,256,repeatable_gain,"[3834212200, 4307901100]",f88147a2276fd280b399d90ad2ecfd5b7140a36b4aa0423416b8e95697cd3d22,"[1.0910853798742899, 1.164991940001737]",584753.4752192851,602676.7827529021,stress,883917,882893,055c1a4233101194e2a724686a7aabff80bb303953f94a71bb39e50b20af7c5d,14c27d2190d4cf036a59a29f34ad42703fc7830255ebc0c211596ab1b024b078,256,0.4377913271981819,spans,1067ca85fef6d451dc1205f664ec2c3e2afcb0eae3784991ff22ec0ea0a004e3,1270101,"[99.02620934751603, 98.29322683382867]",221618176,222674944,531400,9241,dense_ascii,1.123001814624331,"[1.1374635293022655, 1.122043507705471]",segmentation,387208,16,27361.957949886368,prefix,276
1,"[[8.3158923672538, 8.912830410188906], [8.927685853876548, 10.462840862450106]]",cold,256,repeatable_gain,"[503340600, 501926500]",f88147a2276fd280b399d90ad2ecfd5b7140a36b4aa0423416b8e95697cd3d22,"[8.3158923672538, 10.462840862450106]",71603.31674958541,77617.9104477612,stress,883917,882893,055c1a4233101194e2a724686a7aabff80bb303953f94a71bb39e50b20af7c5d,6253a34a66c92b20b2daad27f52661516b19f3ad00a811ed446c1a42e6f9b981,256,3.5752533768134733,spans,1067ca85fef6d451dc1205f664ec2c3e2afcb0eae3784991ff22ec0ea0a004e3,894197,"[96.23205439815504, 99.61617886284148]",222220288,222588928,11304,19,dense_ascii,8.920258132032728,"[8.625093110933394, 10.142591580857841]",segmentation,11304,16,223453.3360508421,compact,276
1,,cold,4096,,"[5433605700, 4817514400]",58850230e822043b8c75a23c51fa30686e3c6826d6a671773e6189308a33dde6,,11800045.517468689,12537290.24390244,stress,903117,886733,055c1a4233101194e2a724686a7aabff80bb303953f94a71bb39e50b20af7c5d,c263245792619f850fc86f5ed974d1243cc683ba8f4cf4e95170ddb0352ac87b,4096,0.34711730509313,spans,22d1d13959c19940ec644bcca9a3496a4664637bbd309ab880d0accdce6058b4,7218261,"[98.0587347366777, 98.92290098811122]",221949952,229089280,13411528,159749,dense_ascii,,,segmentation,6331528,256,21694.831568320624,baseline,276
1,"[[1.0775053793388467, 1.1144097911149813], [1.0668109090029168, 1.1156804177054425]]",cold,4096,repeatable_gain,"[4965514000, 4428322100]",58850230e822043b8c75a23c51fa30686e3c6826d6a671773e6189308a33dde6,"[1.0668109090029168, 1.1156804177054425]",10849346.341463413,11419108.108108109,stress,903117,886733,055c1a4233101194e2a724686a7aabff80bb303953f94a71bb39e50b20af7c5d,14c27d2190d4cf036a59a29f34ad42703fc7830255ebc0c211596ab1b024b078,4096,0.37753426529911216,spans,22d1d13959c19940ec644bcca9a3496a4664637bbd309ab880d0accdce6058b4,7218261,"[99.43582879838824, 99.14872723463364]",221908992,228982784,8699080,151565,dense_ascii,1.0948692200516108,"[1.0968020024264142, 1.0805238452882144]",segmentation,6331528,256,23595.891581194508,prefix,276
1,"[[9.135348053357708, 10.007051329409544], [9.367443075079356, 10.226524374276913]]",cold,4096,repeatable_gain,"[566519000, 497396200]",58850230e822043b8c75a23c51fa30686e3c6826d6a671773e6189308a33dde6,"[9.135348053357708, 10.226524374276913]",1193549.4396835861,1434072.972972973,stress,903117,886733,055c1a4233101194e2a724686a7aabff80bb303953f94a71bb39e50b20af7c5d,6253a34a66c92b20b2daad27f52661516b19f3ad00a811ed446c1a42e6f9b981,4096,3.431780757306428,spans,22d1d13959c19940ec644bcca9a3496a4664637bbd309ab880d0accdce6058b4,1066997,"[96.53250817713086, 87.95805034296603]",221888512,222560256,180264,259,dense_ascii,9.936388130873029,"[9.948080250498423, 9.875505337736909]",segmentation,180264,256,214486.29733165176,compact,276
1,,cold,16384,,"[6643514400, 6569803300]",adc520b4d7c0ce4063c03dae8eb2b4002c758a5692f21818f75c140e69d6cbec,,54478454.54545455,58844436.36363637,stress,964557,899021,055c1a4233101194e2a724686a7aabff80bb303953f94a71bb39e50b20af7c5d,c263245792619f850fc86f5ed974d1243cc683ba8f4cf4e95170ddb0352ac87b,16384,0.3007427456726012,spans,940c90be305fad8b71bdab169e98fd90e6f5807cf948ce2cd31cb6234479db69,26252373,"[99.48612439223433, 98.46185197051486]",221872128,254533632,53703880,639751,dense_ascii,,,segmentation,25353352,1024,18796.421604537572,baseline,276
1,"[[1.0668170007996045, 1.1412789562891237], [1.0490014518861484, 1.1246107298411943]]",cold,16384,repeatable_gain,"[5970469700, 6082403000]",adc520b4d7c0ce4063c03dae8eb2b4002c758a5692f21818f75c140e69d6cbec,"[1.0490014518861484, 1.1412789562891237]",48837931.81818181,55464218.18181818,stress,964557,899021,055c1a4233101194e2a724686a7aabff80bb303953f94a71bb39e50b20af7c5d,14c27d2190d4cf036a59a29f34ad42703fc7830255ebc0c211596ab1b024b078,16384,0.3354769415911347,spans,940c90be305fad8b71bdab169e98fd90e6f5807cf948ce2cd31cb6234479db69,26252373,"[99.44778716488587, 98.13144574603163]",222052352,254816256,34835656,606991,dense_ascii,1.0938065490708944,"[1.1311331374973457, 1.086149853939368]",segmentation,25353352,1024,20967.30884944592,prefix,276
1,"[[10.987645531613586, 12.012201779933633], [10.604440141525563, 11.391880623910783]]",cold,16384,repeatable_gain,"[578256200, 591693000]",adc520b4d7c0ce4063c03dae8eb2b4002c758a5692f21818f75c140e69d6cbec,"[10.604440141525563, 12.012201779933633]",4720636.363636363,5226863.636363637,stress,964557,899021,055c1a4233101194e2a724686a7aabff80bb303953f94a71bb39e50b20af7c5d,6253a34a66c92b20b2daad27f52661516b19f3ad00a811ed446c1a42e6f9b981,16384,3.470718508675641,spans,940c90be305fad8b71bdab169e98fd90e6f5807cf948ce2cd31cb6234479db69,1619957,"[99.97731109497832, 100.34764649911357]",221433856,222851072,720936,1027,dense_ascii,11.291084019201467,"[11.848960937500001, 11.171949270079311]",segmentation,720936,1024,216919.90679222756,compact,276
