split,scope,domain,language,tokenizer,vocab_budget,status,documents,source_utf8_bytes,normalized_utf8_bytes,unicode_characters,tokens,bytes_per_token,tokens_per_unicode_character,byte_fallback_tokens,byte_fallback_percent,token_length_bytes_mean,token_length_bytes_p50,token_length_bytes_p95,token_length_bytes_max,token_length_bytes_histogram,usable_vocabulary_size,observed_token_types,vocabulary_utilization_percent,rare_tokens,rare_token_percent,unseen_in_diagnostic_training_tokens,unseen_in_diagnostic_training_percent,initial_tokens,initial_adjacent_boundaries,applied_cross_word_merges,cross_word_merge_rate_percent,cross_word_tokens,cross_word_token_percent,whitespace_excess_fragments,whitespace_isolated_tokens,whitespace_mixed_tokens,whitespace_runs,whitespace_split_runs,whitespace_token_intersections,whitespace_unicode_characters,whitespace_tokens_per_run,whitespace_split_run_percent,punctuation_excess_fragments,punctuation_isolated_tokens,punctuation_mixed_tokens,punctuation_runs,punctuation_split_runs,punctuation_token_intersections,punctuation_unicode_characters,punctuation_tokens_per_run,punctuation_split_run_percent,condition
train,stratum,code,c,uniq_superbpe,8192,observed,32,269690,51063,51060,26502,1.9267602445098484,0.5190364277320799,0,0.0,1.9267602445098484,1,5,16,"{""1"": 15351, ""10"": 151, ""11"": 4, ""12"": 70, ""13"": 17, ""16"": 34, ""2"": 5437, ""3"": 2786, ""4"": 1306, ""5"": 561, ""6"": 431, ""7"": 196, ""8"": 88, ""9"": 70}",8188,847,10.344406448461163,1,0.0037733001282922044,0,0.0,28400,28368,1898,6.69063733784546,264,0.996151233869142,360,2452,3652,5926,279,6286,9740,1.060749240634492,4.708066149173136,1981,5224,715,4093,584,6074,6116,1.48399706816516,14.268262887857317,current_superbpe
train,stratum,code,cpp,uniq_superbpe,8192,observed,32,735578,54217,54213,26855,2.0188791658908953,0.4953608912991349,0,0.0,2.0188791658908953,1,5,16,"{""1"": 15060, ""10"": 201, ""11"": 5, ""12"": 89, ""13"": 38, ""16"": 42, ""2"": 5602, ""3"": 2927, ""4"": 1277, ""5"": 649, ""6"": 578, ""7"": 165, ""8"": 101, ""9"": 121}",8188,870,10.625305324865657,0,0.0,0,0.0,28601,28569,1746,6.111519479155728,293,1.091044498231242,311,2496,3001,5352,218,5663,9575,1.0581091180866966,4.073243647234679,1754,5423,655,4478,986,6232,6268,1.3916927199642697,22.01875837427423,current_superbpe
train,stratum,code,go,uniq_superbpe,8192,observed,32,514454,56813,56813,28245,2.0114356523278456,0.4971573407494764,0,0.0,2.0114356523278456,1,5,16,"{""1"": 14653, ""10"": 36, ""12"": 22, ""16"": 9, ""2"": 6337, ""3"": 3777, ""4"": 1698, ""5"": 486, ""6"": 676, ""7"": 323, ""8"": 204, ""9"": 24}",8188,850,10.38104543234001,0,0.0,0,0.0,28975,28943,730,2.522198804546868,111,0.39298990971853426,119,3199,3191,6386,93,6505,9031,1.0186345129971814,1.4563106796116505,1030,6016,368,5404,868,6434,6454,1.19059955588453,16.06217616580311,current_superbpe
train,stratum,code,java,uniq_superbpe,8192,observed,32,175611,43999,43605,19634,2.2409595599470307,0.45026946451095057,0,0.0,2.2409595599470307,2,6,16,"{""1"": 9656, ""10"": 156, ""12"": 13, ""13"": 30, ""16"": 34, ""2"": 4007, ""3"": 2860, ""4"": 1242, ""5"": 506, ""6"": 665, ""7"": 236, ""8"": 102, ""9"": 127}",8188,920,11.235955056179776,9,0.045838850972802284,0,0.0,21172,21140,1538,7.275307473982971,268,1.3649791178567792,209,1619,2231,3775,191,3984,7594,1.0553642384105961,5.059602649006623,842,3486,525,3273,493,4115,4145,1.2572563397494654,15.062633669416437,current_superbpe
train,stratum,code,javascript,uniq_superbpe,8192,observed,32,112493,38980,38152,20215,1.928271085827356,0.5298542671419585,0,0.0,1.928271085827356,1,5,16,"{""1"": 11474, ""10"": 45, ""11"": 9, ""12"": 8, ""13"": 33, ""16"": 24, ""2"": 4387, ""3"": 2385, ""4"": 641, ""5"": 386, ""6"": 425, ""7"": 178, ""8"": 151, ""9"": 69}",8188,923,11.272594040058623,19,0.09398961167449914,0,0.0,21975,21943,1760,8.020781114706285,157,0.7766510017313876,220,1904,1890,3702,138,3922,7448,1.0594273365748244,3.727714748784441,1683,5192,610,4230,1254,5913,5941,1.397872340425532,29.645390070921987,current_superbpe
train,stratum,code,python,uniq_superbpe,8192,observed,32,193155,48487,48387,21881,2.2159407705315113,0.45220823774980884,0,0.0,2.2159407705315113,2,6,16,"{""1"": 10934, ""10"": 15, ""11"": 3, ""12"": 20, ""13"": 59, ""16"": 81, ""2"": 4452, ""3"": 3170, ""4"": 1416, ""5"": 659, ""6"": 418, ""7"": 295, ""8"": 110, ""9"": 249}",8188,870,10.625305324865657,6,0.027421050226223664,0,0.0,23272,23240,1391,5.985370051635112,58,0.2650701521868288,268,2132,2543,4625,106,4893,10776,1.057945945945946,2.291891891891892,1339,4872,303,3862,748,5201,5228,1.3467115484205074,19.368203003625066,current_superbpe
train,stratum,code,rust,uniq_superbpe,8192,observed,32,405448,56922,56922,28765,1.9788632018077525,0.5053406415797056,0,0.0,1.9788632018077525,1,5,16,"{""1"": 16491, ""10"": 108, ""12"": 14, ""13"": 136, ""16"": 71, ""2"": 5549, ""3"": 3417, ""4"": 1434, ""5"": 670, ""6"": 519, ""7"": 199, ""8"": 76, ""9"": 81}",8188,837,10.222276502198339,0,0.0,0,0.0,30695,30663,1930,6.294230831947298,58,0.20163393012341388,182,2715,3604,6228,159,6410,13231,1.0292228644829802,2.5529865125240847,2721,7687,828,5827,1956,8548,8582,1.4669641324866998,33.56787369143642,current_superbpe
train,stratum,code,sql,uniq_superbpe,8192,observed,32,962841,36373,36088,19955,1.8227511901779003,0.5529538904899135,0,0.0,1.8227511901779003,1,5,16,"{""1"": 12315, ""10"": 10, ""12"": 5, ""13"": 13, ""16"": 50, ""2"": 3961, ""3"": 1777, ""4"": 871, ""5"": 267, ""6"": 298, ""7"": 172, ""8"": 79, ""9"": 137}",8188,818,9.990229604298975,3,0.015033826108744675,0,0.0,21135,21103,1180,5.59162204425911,233,1.167627161112503,142,1808,2115,3925,126,4067,6655,1.0361783439490446,3.210191082802548,1300,3934,352,3103,560,4403,4498,1.4189494038027715,18.047051240734774,current_superbpe
train,stratum,code,typescript,uniq_superbpe,8192,observed,32,734901,43989,43698,19055,2.308527945421149,0.43606114696324777,0,0.0,2.308527945421149,2,7,16,"{""1"": 9450, ""10"": 50, ""11"": 191, ""12"": 5, ""13"": 9, ""16"": 11, ""2"": 3903, ""3"": 2345, ""4"": 1138, ""5"": 528, ""6"": 735, ""7"": 484, ""8"": 100, ""9"": 106}",8188,914,11.16267708842208,7,0.036735764891104694,0,0.0,21686,21654,2631,12.150180105292325,437,2.293361322487536,113,1590,2639,4263,80,4376,8393,1.0265071545859723,1.8766127140511377,1081,3536,780,3292,733,4373,4406,1.3283718104495748,22.26609963547995,current_superbpe
train,stratum,cyrillic_african,am,uniq_superbpe,8192,observed,32,390554,147317,59501,46836,3.145379622512597,0.7871464345137057,0,0.0,3.145379622512597,3,6,10,"{""1"": 5884, ""10"": 405, ""2"": 746, ""3"": 31267, ""4"": 5351, ""5"": 4, ""6"": 1587, ""7"": 1592}",8188,707,8.634587200781631,90,0.1921598770176787,0,0.0,46935,46903,99,0.2110739185126751,2,0.004270219489281749,0,3418,7785,11206,0,11206,11206,1.0,0.0,702,2718,89,2105,543,2807,2807,1.3334916864608075,25.795724465558195,current_superbpe
train,stratum,cyrillic_african,bg,uniq_superbpe,8192,observed,32,249249,102609,58537,30633,3.349622955636079,0.5233100432205272,0,0.0,3.349622955636079,4,6,9,"{""1"": 4538, ""2"": 6934, ""3"": 3152, ""4"": 9804, ""5"": 3480, ""6"": 1624, ""7"": 526, ""8"": 470, ""9"": 105}",8188,794,9.697117733268197,1,0.0032644533672836484,0,0.0,30854,30822,221,0.7170203101680618,78,0.2546273626481246,0,1449,7523,8973,0,8973,8973,1.0,0.0,325,2083,218,1976,258,2301,2303,1.1644736842105263,13.05668016194332,current_superbpe
train,stratum,cyrillic_african,ru,uniq_superbpe,8192,observed,32,231857,106212,58870,30626,3.468033696858878,0.5202310174961781,0,0.0,3.468033696858878,4,6,9,"{""1"": 3653, ""2"": 7486, ""3"": 2707, ""4"": 10376, ""5"": 2433, ""6"": 2603, ""7"": 848, ""8"": 437, ""9"": 83}",8188,717,8.756717147044455,2,0.006530399007379351,0,0.0,30866,30834,240,0.7783615489394824,39,0.12734278064389734,0,1467,6344,7811,0,7811,7811,1.0,0.0,275,1678,237,1640,220,1915,1917,1.1676829268292683,13.414634146341463,current_superbpe
train,stratum,cyrillic_african,sw,uniq_superbpe,8192,observed,32,302841,62449,62216,30557,2.043688843800111,0.49114375723286613,58,0.18980920901921,2.043688843800111,2,3,7,"{""1"": 9312, ""2"": 12011, ""3"": 8291, ""4"": 674, ""5"": 167, ""6"": 3, ""7"": 99}",8188,700,8.549096238397656,3,0.009817717707890172,0,0.0,30689,30657,132,0.43057050592034446,4,0.013090290277186896,5,1529,7575,9101,5,9106,9106,1.0005493901769036,0.054939017690363696,305,1624,127,1448,263,1753,1753,1.2106353591160222,18.162983425414364,current_superbpe
train,stratum,cyrillic_african,uk,uniq_superbpe,8192,observed,32,184737,95676,53182,28855,3.31575116964131,0.542570794629762,0,0.0,3.31575116964131,4,6,10,"{""1"": 3858, ""10"": 49, ""2"": 7872, ""3"": 2406, ""4"": 9724, ""5"": 2104, ""6"": 1578, ""7"": 694, ""8"": 506, ""9"": 64}",8188,690,8.426966292134832,14,0.048518454340668864,0,0.0,29108,29076,253,0.8701334433897372,9,0.031190434933287124,0,1530,5563,7093,0,7093,7093,1.0,0.0,316,1916,249,1849,283,2165,2167,1.1709031909140075,15.305570578691185,current_superbpe
train,stratum,cyrillic_african,yo,uniq_superbpe,8192,observed,32,145697,69432,59766,30947,2.2435777296668498,0.5178027641133754,134,0.4329983520211975,2.2435777296668498,2,5,9,"{""1"": 9522, ""2"": 10693, ""3"": 7880, ""4"": 1161, ""5"": 688, ""6"": 395, ""7"": 520, ""8"": 2, ""9"": 86}",8188,696,8.500244259892526,10,0.03231330985232817,0,0.0,31438,31406,491,1.5633955295166528,297,0.9597053026141468,0,2397,8792,11487,0,11487,11487,1.0,0.0,267,1677,182,1592,237,1859,1859,1.1677135678391959,14.886934673366834,current_superbpe
train,stratum,indic_cjk_arabic,ar,uniq_superbpe,8192,observed,32,215274,97740,54940,31420,3.11075747931254,0.5718966144885329,702,2.2342457033736474,3.11075747931254,3,7,9,"{""1"": 3630, ""2"": 11411, ""3"": 3340, ""4"": 8584, ""5"": 2095, ""6"": 163, ""7"": 2147, ""9"": 50}",8188,646,7.8895945285784075,15,0.047740292807129214,0,0.0,31489,31457,69,0.21934704517277553,1,0.003182686187141948,0,1102,7735,8838,0,8838,8838,1.0,0.0,331,1690,67,1426,269,1757,1757,1.2321178120617111,18.863955119214587,current_superbpe
train,stratum,indic_cjk_arabic,bn,uniq_superbpe,8192,observed,32,274908,152004,58399,49066,3.097949700403538,0.8401856196167743,16773,34.18456772510496,3.097949700403538,3,7,13,"{""1"": 20523, ""10"": 531, ""12"": 87, ""13"": 160, ""2"": 540, ""3"": 13497, ""4"": 2784, ""5"": 6, ""6"": 7720, ""7"": 2486, ""9"": 732}",8188,554,6.76599902296043,16,0.032609138711123795,0,0.0,49821,49789,755,1.516399204643596,90,0.18342640525007134,0,2214,6300,8515,0,8515,8515,1.0,0.0,232,1517,143,1429,220,1661,1661,1.1623512946116166,15.395381385584324,current_superbpe
train,stratum,indic_cjk_arabic,fa,uniq_superbpe,8192,observed,32,198722,93798,52677,27785,3.3758502789274787,0.5274598021907094,18,0.06478315637934137,3.3758502789274787,4,6,9,"{""1"": 2779, ""2"": 7462, ""3"": 3453, ""4"": 7978, ""5"": 4264, ""6"": 730, ""7"": 918, ""8"": 111, ""9"": 90}",8188,542,6.619443087445042,4,0.014396256973186972,0,0.0,27856,27824,71,0.25517538815411156,0,0.0,0,1297,8633,9930,0,9930,9930,1.0,0.0,236,1338,67,1169,191,1405,1405,1.2018819503849445,16.33875106928999,current_superbpe
train,stratum,indic_cjk_arabic,gu,uniq_superbpe,8192,observed,32,266235,146974,58881,46908,3.133239532702311,0.7966576654608447,15750,33.57636224098235,3.133239532702311,3,7,13,"{""1"": 19819, ""10"": 453, ""13"": 61, ""2"": 956, ""3"": 10299, ""4"": 4197, ""5"": 8, ""6"": 7384, ""7"": 2844, ""9"": 887}",8188,641,7.828529555446996,24,0.05116398055768739,0,0.0,47033,47001,125,0.26595178825982424,0,0.0,0,1642,8081,9723,0,9723,9723,1.0,0.0,256,1509,121,1374,189,1630,1630,1.1863173216885008,13.755458515283843,current_superbpe
train,stratum,indic_cjk_arabic,hi,uniq_superbpe,8192,observed,32,342431,153237,61359,44940,3.4098130841121495,0.7324108932674913,14460,32.176234979973295,3.4098130841121495,3,7,17,"{""1"": 18256, ""10"": 591, ""12"": 53, ""13"": 245, ""14"": 5, ""16"": 91, ""17"": 70, ""2"": 588, ""3"": 9895, ""4"": 3020, ""5"": 2, ""6"": 6199, ""7"": 5468, ""9"": 457}",8188,647,7.90180752320469,5,0.011125945705384957,0,0.0,45401,45369,461,1.016112323392625,274,0.6097018246550957,0,1879,9852,11810,0,11810,11810,1.0,0.0,245,1584,108,1447,222,1692,1692,1.1693158258465792,15.342087076710435,current_superbpe
train,stratum,indic_cjk_arabic,ja,uniq_superbpe,8192,observed,32,323403,142468,61333,52390,2.719373926321817,0.8541894249425268,0,0.0,2.719373926321817,3,6,12,"{""1"": 10430, ""12"": 75, ""2"": 3264, ""3"": 35553, ""4"": 328, ""5"": 30, ""6"": 2633, ""7"": 1, ""9"": 76}",8188,2298,28.065461651196873,1119,2.135903798434816,0,0.0,52603,52571,213,0.40516634646478095,0,0.0,0,2640,1793,4436,0,4436,4436,1.0,0.0,562,4443,201,4082,425,4644,4644,1.1376776090151886,10.41156295933366,current_superbpe
train,stratum,indic_cjk_arabic,kn,uniq_superbpe,8192,observed,32,458253,153841,60531,46478,3.309974611644219,0.767837967322529,12597,27.10314557425018,3.309974611644219,3,6,12,"{""1"": 17565, ""10"": 82, ""12"": 59, ""2"": 1348, ""3"": 9667, ""4"": 3274, ""5"": 8, ""6"": 12562, ""7"": 1337, ""9"": 576}",8188,734,8.964338055691256,45,0.09682000086062223,0,0.0,46686,46654,208,0.4458352981523556,0,0.0,0,1841,5402,7243,0,7243,7243,1.0,0.0,239,1458,204,1423,205,1662,1662,1.167955024595924,14.406184118060436,current_superbpe
train,stratum,indic_cjk_arabic,ko,uniq_superbpe,8192,observed,32,201347,118352,51206,42772,2.767043860469466,0.835292739132133,7,0.016365846815673806,2.767043860469466,3,4,12,"{""1"": 8683, ""12"": 57, ""2"": 1529, ""3"": 26792, ""4"": 4574, ""5"": 3, ""6"": 842, ""7"": 220, ""9"": 72}",8188,1511,18.45383488031265,926,2.164967735901992,0,0.0,44433,44401,1661,3.7409067363347672,68,0.1589825119236884,1,5248,5805,11052,1,11053,11053,1.0000904813608396,0.009048136083966703,489,2372,560,2443,386,2932,2934,1.2001637331150226,15.800245599672534,current_superbpe
train,stratum,indic_cjk_arabic,ml,uniq_superbpe,8192,observed,32,188792,137273,52226,42365,3.2402454856603327,0.8111859993106881,16398,38.70647940516936,3.2402454856603327,3,9,12,"{""1"": 19865, ""10"": 123, ""12"": 1354, ""2"": 827, ""3"": 8544, ""4"": 2694, ""5"": 2, ""6"": 5998, ""7"": 376, ""9"": 2582}",8188,611,7.462139716658525,18,0.04248790274991148,0,0.0,42540,42508,175,0.41168721181895174,2,0.004720878083323498,0,1460,3735,5197,0,5197,5197,1.0,0.0,205,1209,169,1173,171,1378,1378,1.174765558397272,14.578005115089514,current_superbpe
train,stratum,indic_cjk_arabic,mr,uniq_superbpe,8192,observed,32,362326,145113,56571,41925,3.461252236135957,0.7411040992734793,12657,30.189624329159212,3.461252236135957,3,7,16,"{""1"": 16125, ""10"": 578, ""12"": 627, ""13"": 75, ""16"": 60, ""2"": 757, ""3"": 9905, ""4"": 2540, ""5"": 11, ""6"": 7790, ""7"": 2774, ""9"": 683}",8188,698,8.52467024914509,1,0.002385211687537269,0,0.0,42088,42056,163,0.3875784668061632,4,0.009540846750149075,0,1345,6434,7780,0,7780,7780,1.0,0.0,227,1395,152,1323,187,1550,1551,1.1715797430083144,14.134542705971278,current_superbpe
train,stratum,indic_cjk_arabic,ta,uniq_superbpe,8192,observed,32,239434,140738,53567,36100,3.8985595567867035,0.6739223775832135,5775,15.997229916897506,3.8985595567867035,3,7,10,"{""1"": 10363, ""10"": 388, ""2"": 902, ""3"": 8711, ""4"": 184, ""5"": 5, ""6"": 12698, ""7"": 2016, ""9"": 833}",8188,527,6.436248168050806,5,0.013850415512465374,0,0.0,37186,37154,1086,2.9229692630672335,3,0.008310249307479225,0,2505,3286,5791,0,5791,5791,1.0,0.0,431,1365,420,1357,296,1788,1788,1.3176123802505526,21.812822402358144,current_superbpe
train,stratum,indic_cjk_arabic,te,uniq_superbpe,8192,observed,32,300221,158103,60933,47160,3.3524809160305344,0.7739648466348285,13704,29.05852417302799,3.3524809160305344,3,6,12,"{""1"": 18883, ""10"": 117, ""12"": 370, ""2"": 1107, ""3"": 8895, ""4"": 2371, ""5"": 12, ""6"": 13566, ""7"": 1390, ""9"": 449}",8188,626,7.64533463605276,24,0.05089058524173028,0,0.0,47557,47525,397,0.8353498158863756,1,0.0021204410517387615,0,2892,4596,7488,0,7488,7488,1.0,0.0,359,1554,384,1580,301,1939,1939,1.2272151898734178,19.050632911392405,current_superbpe
train,stratum,indic_cjk_arabic,ur,uniq_superbpe,8192,observed,32,431064,112341,64366,33571,3.34637037919633,0.5215641798465028,403,1.2004408566917875,3.34637037919633,3,7,12,"{""1"": 3709, ""11"": 93, ""12"": 126, ""2"": 10556, ""3"": 3829, ""4"": 7469, ""5"": 5719, ""6"": 283, ""7"": 1377, ""9"": 410}",8188,715,8.73229115779189,11,0.032766375740966906,0,0.0,33969,33937,398,1.1727612929840587,363,1.0812903994519079,0,1779,11639,13545,0,13545,13545,1.0,0.0,248,1742,33,1527,229,1775,1777,1.1624099541584807,14.996725605762935,current_superbpe
train,stratum,indic_cjk_arabic,zh,uniq_superbpe,8192,observed,32,616082,130086,53452,46742,2.7830644816225236,0.8744668113447579,4,0.008557614137178555,2.7830644816225236,3,3,12,"{""1"": 7419, ""12"": 154, ""2"": 2149, ""3"": 35401, ""4"": 202, ""5"": 24, ""6"": 820, ""7"": 343, ""8"": 1, ""9"": 229}",8188,3242,39.59452857840743,2795,5.979632878353515,0,0.0,47316,47284,574,1.2139412909229337,0,0.0,0,2024,1729,3755,0,3755,3755,1.0,0.0,365,3315,285,3235,285,3600,3602,1.1128284389489953,8.809891808346213,current_superbpe
train,stratum,latin_english,en,uniq_superbpe,8192,observed,32,128944,59492,59076,27079,2.196979208981129,0.4583756517028912,0,0.0,2.196979208981129,2,4,12,"{""1"": 9098, ""12"": 1, ""2"": 8189, ""3"": 6726, ""4"": 2127, ""5"": 582, ""6"": 106, ""7"": 229, ""8"": 20, ""9"": 1}",8188,867,10.58866634098681,12,0.044314782672919974,0,0.0,27328,27296,249,0.912221570926143,110,0.4062188411684331,3,2003,7189,9298,3,9301,9301,1.000322650032265,0.032265003226500326,332,1956,139,1764,266,2096,2096,1.1882086167800454,15.079365079365079,current_superbpe
train,language,,am,uniq_superbpe,8192,observed,32,390554,147317,59501,46836,3.145379622512597,0.7871464345137057,0,0.0,3.145379622512597,3,6,10,"{""1"": 5884, ""10"": 405, ""2"": 746, ""3"": 31267, ""4"": 5351, ""5"": 4, ""6"": 1587, ""7"": 1592}",8188,707,8.634587200781631,90,0.1921598770176787,0,0.0,46935,46903,99,0.2110739185126751,2,0.004270219489281749,0,3418,7785,11206,0,11206,11206,1.0,0.0,702,2718,89,2105,543,2807,2807,1.3334916864608075,25.795724465558195,current_superbpe
train,language,,ar,uniq_superbpe,8192,observed,32,215274,97740,54940,31420,3.11075747931254,0.5718966144885329,702,2.2342457033736474,3.11075747931254,3,7,9,"{""1"": 3630, ""2"": 11411, ""3"": 3340, ""4"": 8584, ""5"": 2095, ""6"": 163, ""7"": 2147, ""9"": 50}",8188,646,7.8895945285784075,15,0.047740292807129214,0,0.0,31489,31457,69,0.21934704517277553,1,0.003182686187141948,0,1102,7735,8838,0,8838,8838,1.0,0.0,331,1690,67,1426,269,1757,1757,1.2321178120617111,18.863955119214587,current_superbpe
train,language,,bg,uniq_superbpe,8192,observed,32,249249,102609,58537,30633,3.349622955636079,0.5233100432205272,0,0.0,3.349622955636079,4,6,9,"{""1"": 4538, ""2"": 6934, ""3"": 3152, ""4"": 9804, ""5"": 3480, ""6"": 1624, ""7"": 526, ""8"": 470, ""9"": 105}",8188,794,9.697117733268197,1,0.0032644533672836484,0,0.0,30854,30822,221,0.7170203101680618,78,0.2546273626481246,0,1449,7523,8973,0,8973,8973,1.0,0.0,325,2083,218,1976,258,2301,2303,1.1644736842105263,13.05668016194332,current_superbpe
train,language,,bn,uniq_superbpe,8192,observed,32,274908,152004,58399,49066,3.097949700403538,0.8401856196167743,16773,34.18456772510496,3.097949700403538,3,7,13,"{""1"": 20523, ""10"": 531, ""12"": 87, ""13"": 160, ""2"": 540, ""3"": 13497, ""4"": 2784, ""5"": 6, ""6"": 7720, ""7"": 2486, ""9"": 732}",8188,554,6.76599902296043,16,0.032609138711123795,0,0.0,49821,49789,755,1.516399204643596,90,0.18342640525007134,0,2214,6300,8515,0,8515,8515,1.0,0.0,232,1517,143,1429,220,1661,1661,1.1623512946116166,15.395381385584324,current_superbpe
train,language,,c,uniq_superbpe,8192,observed,32,269690,51063,51060,26502,1.9267602445098484,0.5190364277320799,0,0.0,1.9267602445098484,1,5,16,"{""1"": 15351, ""10"": 151, ""11"": 4, ""12"": 70, ""13"": 17, ""16"": 34, ""2"": 5437, ""3"": 2786, ""4"": 1306, ""5"": 561, ""6"": 431, ""7"": 196, ""8"": 88, ""9"": 70}",8188,847,10.344406448461163,1,0.0037733001282922044,0,0.0,28400,28368,1898,6.69063733784546,264,0.996151233869142,360,2452,3652,5926,279,6286,9740,1.060749240634492,4.708066149173136,1981,5224,715,4093,584,6074,6116,1.48399706816516,14.268262887857317,current_superbpe
train,language,,cpp,uniq_superbpe,8192,observed,32,735578,54217,54213,26855,2.0188791658908953,0.4953608912991349,0,0.0,2.0188791658908953,1,5,16,"{""1"": 15060, ""10"": 201, ""11"": 5, ""12"": 89, ""13"": 38, ""16"": 42, ""2"": 5602, ""3"": 2927, ""4"": 1277, ""5"": 649, ""6"": 578, ""7"": 165, ""8"": 101, ""9"": 121}",8188,870,10.625305324865657,0,0.0,0,0.0,28601,28569,1746,6.111519479155728,293,1.091044498231242,311,2496,3001,5352,218,5663,9575,1.0581091180866966,4.073243647234679,1754,5423,655,4478,986,6232,6268,1.3916927199642697,22.01875837427423,current_superbpe
train,language,,en,uniq_superbpe,8192,observed,32,128944,59492,59076,27079,2.196979208981129,0.4583756517028912,0,0.0,2.196979208981129,2,4,12,"{""1"": 9098, ""12"": 1, ""2"": 8189, ""3"": 6726, ""4"": 2127, ""5"": 582, ""6"": 106, ""7"": 229, ""8"": 20, ""9"": 1}",8188,867,10.58866634098681,12,0.044314782672919974,0,0.0,27328,27296,249,0.912221570926143,110,0.4062188411684331,3,2003,7189,9298,3,9301,9301,1.000322650032265,0.032265003226500326,332,1956,139,1764,266,2096,2096,1.1882086167800454,15.079365079365079,current_superbpe
train,language,,fa,uniq_superbpe,8192,observed,32,198722,93798,52677,27785,3.3758502789274787,0.5274598021907094,18,0.06478315637934137,3.3758502789274787,4,6,9,"{""1"": 2779, ""2"": 7462, ""3"": 3453, ""4"": 7978, ""5"": 4264, ""6"": 730, ""7"": 918, ""8"": 111, ""9"": 90}",8188,542,6.619443087445042,4,0.014396256973186972,0,0.0,27856,27824,71,0.25517538815411156,0,0.0,0,1297,8633,9930,0,9930,9930,1.0,0.0,236,1338,67,1169,191,1405,1405,1.2018819503849445,16.33875106928999,current_superbpe
train,language,,go,uniq_superbpe,8192,observed,32,514454,56813,56813,28245,2.0114356523278456,0.4971573407494764,0,0.0,2.0114356523278456,1,5,16,"{""1"": 14653, ""10"": 36, ""12"": 22, ""16"": 9, ""2"": 6337, ""3"": 3777, ""4"": 1698, ""5"": 486, ""6"": 676, ""7"": 323, ""8"": 204, ""9"": 24}",8188,850,10.38104543234001,0,0.0,0,0.0,28975,28943,730,2.522198804546868,111,0.39298990971853426,119,3199,3191,6386,93,6505,9031,1.0186345129971814,1.4563106796116505,1030,6016,368,5404,868,6434,6454,1.19059955588453,16.06217616580311,current_superbpe
train,language,,gu,uniq_superbpe,8192,observed,32,266235,146974,58881,46908,3.133239532702311,0.7966576654608447,15750,33.57636224098235,3.133239532702311,3,7,13,"{""1"": 19819, ""10"": 453, ""13"": 61, ""2"": 956, ""3"": 10299, ""4"": 4197, ""5"": 8, ""6"": 7384, ""7"": 2844, ""9"": 887}",8188,641,7.828529555446996,24,0.05116398055768739,0,0.0,47033,47001,125,0.26595178825982424,0,0.0,0,1642,8081,9723,0,9723,9723,1.0,0.0,256,1509,121,1374,189,1630,1630,1.1863173216885008,13.755458515283843,current_superbpe
train,language,,hi,uniq_superbpe,8192,observed,32,342431,153237,61359,44940,3.4098130841121495,0.7324108932674913,14460,32.176234979973295,3.4098130841121495,3,7,17,"{""1"": 18256, ""10"": 591, ""12"": 53, ""13"": 245, ""14"": 5, ""16"": 91, ""17"": 70, ""2"": 588, ""3"": 9895, ""4"": 3020, ""5"": 2, ""6"": 6199, ""7"": 5468, ""9"": 457}",8188,647,7.90180752320469,5,0.011125945705384957,0,0.0,45401,45369,461,1.016112323392625,274,0.6097018246550957,0,1879,9852,11810,0,11810,11810,1.0,0.0,245,1584,108,1447,222,1692,1692,1.1693158258465792,15.342087076710435,current_superbpe
train,language,,ja,uniq_superbpe,8192,observed,32,323403,142468,61333,52390,2.719373926321817,0.8541894249425268,0,0.0,2.719373926321817,3,6,12,"{""1"": 10430, ""12"": 75, ""2"": 3264, ""3"": 35553, ""4"": 328, ""5"": 30, ""6"": 2633, ""7"": 1, ""9"": 76}",8188,2298,28.065461651196873,1119,2.135903798434816,0,0.0,52603,52571,213,0.40516634646478095,0,0.0,0,2640,1793,4436,0,4436,4436,1.0,0.0,562,4443,201,4082,425,4644,4644,1.1376776090151886,10.41156295933366,current_superbpe
train,language,,java,uniq_superbpe,8192,observed,32,175611,43999,43605,19634,2.2409595599470307,0.45026946451095057,0,0.0,2.2409595599470307,2,6,16,"{""1"": 9656, ""10"": 156, ""12"": 13, ""13"": 30, ""16"": 34, ""2"": 4007, ""3"": 2860, ""4"": 1242, ""5"": 506, ""6"": 665, ""7"": 236, ""8"": 102, ""9"": 127}",8188,920,11.235955056179776,9,0.045838850972802284,0,0.0,21172,21140,1538,7.275307473982971,268,1.3649791178567792,209,1619,2231,3775,191,3984,7594,1.0553642384105961,5.059602649006623,842,3486,525,3273,493,4115,4145,1.2572563397494654,15.062633669416437,current_superbpe
train,language,,javascript,uniq_superbpe,8192,observed,32,112493,38980,38152,20215,1.928271085827356,0.5298542671419585,0,0.0,1.928271085827356,1,5,16,"{""1"": 11474, ""10"": 45, ""11"": 9, ""12"": 8, ""13"": 33, ""16"": 24, ""2"": 4387, ""3"": 2385, ""4"": 641, ""5"": 386, ""6"": 425, ""7"": 178, ""8"": 151, ""9"": 69}",8188,923,11.272594040058623,19,0.09398961167449914,0,0.0,21975,21943,1760,8.020781114706285,157,0.7766510017313876,220,1904,1890,3702,138,3922,7448,1.0594273365748244,3.727714748784441,1683,5192,610,4230,1254,5913,5941,1.397872340425532,29.645390070921987,current_superbpe
train,language,,kn,uniq_superbpe,8192,observed,32,458253,153841,60531,46478,3.309974611644219,0.767837967322529,12597,27.10314557425018,3.309974611644219,3,6,12,"{""1"": 17565, ""10"": 82, ""12"": 59, ""2"": 1348, ""3"": 9667, ""4"": 3274, ""5"": 8, ""6"": 12562, ""7"": 1337, ""9"": 576}",8188,734,8.964338055691256,45,0.09682000086062223,0,0.0,46686,46654,208,0.4458352981523556,0,0.0,0,1841,5402,7243,0,7243,7243,1.0,0.0,239,1458,204,1423,205,1662,1662,1.167955024595924,14.406184118060436,current_superbpe
train,language,,ko,uniq_superbpe,8192,observed,32,201347,118352,51206,42772,2.767043860469466,0.835292739132133,7,0.016365846815673806,2.767043860469466,3,4,12,"{""1"": 8683, ""12"": 57, ""2"": 1529, ""3"": 26792, ""4"": 4574, ""5"": 3, ""6"": 842, ""7"": 220, ""9"": 72}",8188,1511,18.45383488031265,926,2.164967735901992,0,0.0,44433,44401,1661,3.7409067363347672,68,0.1589825119236884,1,5248,5805,11052,1,11053,11053,1.0000904813608396,0.009048136083966703,489,2372,560,2443,386,2932,2934,1.2001637331150226,15.800245599672534,current_superbpe
train,language,,ml,uniq_superbpe,8192,observed,32,188792,137273,52226,42365,3.2402454856603327,0.8111859993106881,16398,38.70647940516936,3.2402454856603327,3,9,12,"{""1"": 19865, ""10"": 123, ""12"": 1354, ""2"": 827, ""3"": 8544, ""4"": 2694, ""5"": 2, ""6"": 5998, ""7"": 376, ""9"": 2582}",8188,611,7.462139716658525,18,0.04248790274991148,0,0.0,42540,42508,175,0.41168721181895174,2,0.004720878083323498,0,1460,3735,5197,0,5197,5197,1.0,0.0,205,1209,169,1173,171,1378,1378,1.174765558397272,14.578005115089514,current_superbpe
train,language,,mr,uniq_superbpe,8192,observed,32,362326,145113,56571,41925,3.461252236135957,0.7411040992734793,12657,30.189624329159212,3.461252236135957,3,7,16,"{""1"": 16125, ""10"": 578, ""12"": 627, ""13"": 75, ""16"": 60, ""2"": 757, ""3"": 9905, ""4"": 2540, ""5"": 11, ""6"": 7790, ""7"": 2774, ""9"": 683}",8188,698,8.52467024914509,1,0.002385211687537269,0,0.0,42088,42056,163,0.3875784668061632,4,0.009540846750149075,0,1345,6434,7780,0,7780,7780,1.0,0.0,227,1395,152,1323,187,1550,1551,1.1715797430083144,14.134542705971278,current_superbpe
train,language,,python,uniq_superbpe,8192,observed,32,193155,48487,48387,21881,2.2159407705315113,0.45220823774980884,0,0.0,2.2159407705315113,2,6,16,"{""1"": 10934, ""10"": 15, ""11"": 3, ""12"": 20, ""13"": 59, ""16"": 81, ""2"": 4452, ""3"": 3170, ""4"": 1416, ""5"": 659, ""6"": 418, ""7"": 295, ""8"": 110, ""9"": 249}",8188,870,10.625305324865657,6,0.027421050226223664,0,0.0,23272,23240,1391,5.985370051635112,58,0.2650701521868288,268,2132,2543,4625,106,4893,10776,1.057945945945946,2.291891891891892,1339,4872,303,3862,748,5201,5228,1.3467115484205074,19.368203003625066,current_superbpe
train,language,,ru,uniq_superbpe,8192,observed,32,231857,106212,58870,30626,3.468033696858878,0.5202310174961781,0,0.0,3.468033696858878,4,6,9,"{""1"": 3653, ""2"": 7486, ""3"": 2707, ""4"": 10376, ""5"": 2433, ""6"": 2603, ""7"": 848, ""8"": 437, ""9"": 83}",8188,717,8.756717147044455,2,0.006530399007379351,0,0.0,30866,30834,240,0.7783615489394824,39,0.12734278064389734,0,1467,6344,7811,0,7811,7811,1.0,0.0,275,1678,237,1640,220,1915,1917,1.1676829268292683,13.414634146341463,current_superbpe
train,language,,rust,uniq_superbpe,8192,observed,32,405448,56922,56922,28765,1.9788632018077525,0.5053406415797056,0,0.0,1.9788632018077525,1,5,16,"{""1"": 16491, ""10"": 108, ""12"": 14, ""13"": 136, ""16"": 71, ""2"": 5549, ""3"": 3417, ""4"": 1434, ""5"": 670, ""6"": 519, ""7"": 199, ""8"": 76, ""9"": 81}",8188,837,10.222276502198339,0,0.0,0,0.0,30695,30663,1930,6.294230831947298,58,0.20163393012341388,182,2715,3604,6228,159,6410,13231,1.0292228644829802,2.5529865125240847,2721,7687,828,5827,1956,8548,8582,1.4669641324866998,33.56787369143642,current_superbpe
train,language,,sql,uniq_superbpe,8192,observed,32,962841,36373,36088,19955,1.8227511901779003,0.5529538904899135,0,0.0,1.8227511901779003,1,5,16,"{""1"": 12315, ""10"": 10, ""12"": 5, ""13"": 13, ""16"": 50, ""2"": 3961, ""3"": 1777, ""4"": 871, ""5"": 267, ""6"": 298, ""7"": 172, ""8"": 79, ""9"": 137}",8188,818,9.990229604298975,3,0.015033826108744675,0,0.0,21135,21103,1180,5.59162204425911,233,1.167627161112503,142,1808,2115,3925,126,4067,6655,1.0361783439490446,3.210191082802548,1300,3934,352,3103,560,4403,4498,1.4189494038027715,18.047051240734774,current_superbpe
train,language,,sw,uniq_superbpe,8192,observed,32,302841,62449,62216,30557,2.043688843800111,0.49114375723286613,58,0.18980920901921,2.043688843800111,2,3,7,"{""1"": 9312, ""2"": 12011, ""3"": 8291, ""4"": 674, ""5"": 167, ""6"": 3, ""7"": 99}",8188,700,8.549096238397656,3,0.009817717707890172,0,0.0,30689,30657,132,0.43057050592034446,4,0.013090290277186896,5,1529,7575,9101,5,9106,9106,1.0005493901769036,0.054939017690363696,305,1624,127,1448,263,1753,1753,1.2106353591160222,18.162983425414364,current_superbpe
train,language,,ta,uniq_superbpe,8192,observed,32,239434,140738,53567,36100,3.8985595567867035,0.6739223775832135,5775,15.997229916897506,3.8985595567867035,3,7,10,"{""1"": 10363, ""10"": 388, ""2"": 902, ""3"": 8711, ""4"": 184, ""5"": 5, ""6"": 12698, ""7"": 2016, ""9"": 833}",8188,527,6.436248168050806,5,0.013850415512465374,0,0.0,37186,37154,1086,2.9229692630672335,3,0.008310249307479225,0,2505,3286,5791,0,5791,5791,1.0,0.0,431,1365,420,1357,296,1788,1788,1.3176123802505526,21.812822402358144,current_superbpe
train,language,,te,uniq_superbpe,8192,observed,32,300221,158103,60933,47160,3.3524809160305344,0.7739648466348285,13704,29.05852417302799,3.3524809160305344,3,6,12,"{""1"": 18883, ""10"": 117, ""12"": 370, ""2"": 1107, ""3"": 8895, ""4"": 2371, ""5"": 12, ""6"": 13566, ""7"": 1390, ""9"": 449}",8188,626,7.64533463605276,24,0.05089058524173028,0,0.0,47557,47525,397,0.8353498158863756,1,0.0021204410517387615,0,2892,4596,7488,0,7488,7488,1.0,0.0,359,1554,384,1580,301,1939,1939,1.2272151898734178,19.050632911392405,current_superbpe
train,language,,typescript,uniq_superbpe,8192,observed,32,734901,43989,43698,19055,2.308527945421149,0.43606114696324777,0,0.0,2.308527945421149,2,7,16,"{""1"": 9450, ""10"": 50, ""11"": 191, ""12"": 5, ""13"": 9, ""16"": 11, ""2"": 3903, ""3"": 2345, ""4"": 1138, ""5"": 528, ""6"": 735, ""7"": 484, ""8"": 100, ""9"": 106}",8188,914,11.16267708842208,7,0.036735764891104694,0,0.0,21686,21654,2631,12.150180105292325,437,2.293361322487536,113,1590,2639,4263,80,4376,8393,1.0265071545859723,1.8766127140511377,1081,3536,780,3292,733,4373,4406,1.3283718104495748,22.26609963547995,current_superbpe
train,language,,uk,uniq_superbpe,8192,observed,32,184737,95676,53182,28855,3.31575116964131,0.542570794629762,0,0.0,3.31575116964131,4,6,10,"{""1"": 3858, ""10"": 49, ""2"": 7872, ""3"": 2406, ""4"": 9724, ""5"": 2104, ""6"": 1578, ""7"": 694, ""8"": 506, ""9"": 64}",8188,690,8.426966292134832,14,0.048518454340668864,0,0.0,29108,29076,253,0.8701334433897372,9,0.031190434933287124,0,1530,5563,7093,0,7093,7093,1.0,0.0,316,1916,249,1849,283,2165,2167,1.1709031909140075,15.305570578691185,current_superbpe
train,language,,ur,uniq_superbpe,8192,observed,32,431064,112341,64366,33571,3.34637037919633,0.5215641798465028,403,1.2004408566917875,3.34637037919633,3,7,12,"{""1"": 3709, ""11"": 93, ""12"": 126, ""2"": 10556, ""3"": 3829, ""4"": 7469, ""5"": 5719, ""6"": 283, ""7"": 1377, ""9"": 410}",8188,715,8.73229115779189,11,0.032766375740966906,0,0.0,33969,33937,398,1.1727612929840587,363,1.0812903994519079,0,1779,11639,13545,0,13545,13545,1.0,0.0,248,1742,33,1527,229,1775,1777,1.1624099541584807,14.996725605762935,current_superbpe
train,language,,yo,uniq_superbpe,8192,observed,32,145697,69432,59766,30947,2.2435777296668498,0.5178027641133754,134,0.4329983520211975,2.2435777296668498,2,5,9,"{""1"": 9522, ""2"": 10693, ""3"": 7880, ""4"": 1161, ""5"": 688, ""6"": 395, ""7"": 520, ""8"": 2, ""9"": 86}",8188,696,8.500244259892526,10,0.03231330985232817,0,0.0,31438,31406,491,1.5633955295166528,297,0.9597053026141468,0,2397,8792,11487,0,11487,11487,1.0,0.0,267,1677,182,1592,237,1859,1859,1.1677135678391959,14.886934673366834,current_superbpe
train,language,,zh,uniq_superbpe,8192,observed,32,616082,130086,53452,46742,2.7830644816225236,0.8744668113447579,4,0.008557614137178555,2.7830644816225236,3,3,12,"{""1"": 7419, ""12"": 154, ""2"": 2149, ""3"": 35401, ""4"": 202, ""5"": 24, ""6"": 820, ""7"": 343, ""8"": 1, ""9"": 229}",8188,3242,39.59452857840743,2795,5.979632878353515,0,0.0,47316,47284,574,1.2139412909229337,0,0.0,0,2024,1729,3755,0,3755,3755,1.0,0.0,365,3315,285,3235,285,3600,3602,1.1128284389489953,8.809891808346213,current_superbpe
train,domain,code,,uniq_superbpe,8192,observed,288,4104171,430843,428938,211107,2.040875006513285,0.4921620374040071,0,0.0,2.040875006513285,1,6,16,"{""1"": 115384, ""10"": 772, ""11"": 212, ""12"": 246, ""13"": 335, ""16"": 356, ""2"": 43635, ""3"": 25444, ""4"": 11023, ""5"": 4712, ""6"": 4745, ""7"": 2248, ""8"": 1011, ""9"": 984}",8188,1347,16.450903761602344,45,0.021316204578720743,0,0.0,225911,225623,14804,6.5613878017755285,1879,0.8900699645203617,1924,19915,24866,44182,1390,46106,82443,1.0435471458965189,3.1460775881580734,13731,45370,5136,37562,8182,51293,51638,1.3655556147170012,21.78265268090091,current_superbpe
train,domain,cyrillic_african,,uniq_superbpe,8192,observed,192,1504935,583695,352072,198454,2.941210557610328,0.56367447567543,192,0.09674786096526147,2.941210557610328,3,6,10,"{""1"": 36767, ""10"": 454, ""2"": 45742, ""3"": 55703, ""4"": 37090, ""5"": 8876, ""6"": 7790, ""7"": 4279, ""8"": 1415, ""9"": 338}",8188,1647,20.114802149487055,120,0.06046741310328842,0,0.0,199890,199698,1436,0.7190858195875772,429,0.2161710018442561,5,11790,43582,55671,5,55676,55676,1.0000898133678218,0.008981336782166657,2190,11696,1102,10610,1804,12800,12806,1.2064090480678604,17.00282752120641,current_superbpe
train,domain,indic_cjk_arabic,,uniq_superbpe,8192,observed,448,4418492,1882068,800441,589622,3.1919908008859914,0.7366214374326153,109248,18.528480958987284,3.1919908008859914,3,7,17,"{""1"": 178049, ""10"": 2863, ""11"": 93, ""12"": 2962, ""13"": 541, ""14"": 5, ""16"": 151, ""17"": 70, ""2"": 43396, ""3"": 187781, ""4"": 50199, ""5"": 12189, ""6"": 79388, ""7"": 23697, ""8"": 112, ""9"": 8126}",8188,7019,85.72300928187592,5008,0.8493577241012038,0,0.0,595978,595530,6356,1.0672846036303796,806,0.13669774872715063,1,29868,85020,115103,1,115104,115104,1.0000086878708634,0.0008687870863487486,4425,26491,2914,24988,3576,29413,29420,1.1770850008003841,14.310869217224267,current_superbpe
train,domain,latin_english,,uniq_superbpe,8192,observed,32,128944,59492,59076,27079,2.196979208981129,0.4583756517028912,0,0.0,2.196979208981129,2,4,12,"{""1"": 9098, ""12"": 1, ""2"": 8189, ""3"": 6726, ""4"": 2127, ""5"": 582, ""6"": 106, ""7"": 229, ""8"": 20, ""9"": 1}",8188,867,10.58866634098681,12,0.044314782672919974,0,0.0,27328,27296,249,0.912221570926143,110,0.4062188411684331,3,2003,7189,9298,3,9301,9301,1.000322650032265,0.032265003226500326,332,1956,139,1764,266,2096,2096,1.1882086167800454,15.079365079365079,current_superbpe
train,aggregate,,,uniq_superbpe,8192,observed,960,10156542,2956098,1640527,1026262,2.8804515805905315,0.6255684911007255,109440,10.663943515398602,2.8804515805905315,3,7,17,"{""1"": 339298, ""10"": 4089, ""11"": 305, ""12"": 3209, ""13"": 876, ""14"": 5, ""16"": 507, ""17"": 70, ""2"": 140962, ""3"": 275654, ""4"": 100439, ""5"": 26359, ""6"": 92029, ""7"": 30453, ""8"": 2558, ""9"": 9449}",8188,7968,97.31314118221788,5185,0.505231607523225,0,0.0,1049107,1048147,22845,2.17956069139157,3224,0.314149798004798,1933,63576,160657,224254,1399,226187,262524,1.0086196901727504,0.623846174427212,20678,85513,9291,74924,13828,95602,95960,1.2759863328172547,18.456035449255246,current_superbpe
validation,stratum,flores200,am,uniq_superbpe,8192,observed,32,6471,6471,2573,2026,3.193978282329714,0.7874076952973184,0,0.0,3.193978282329714,3,6,10,"{""1"": 190, ""10"": 21, ""2"": 32, ""3"": 1418, ""4"": 250, ""6"": 52, ""7"": 63}",8188,276,3.3707865168539324,9,0.4442250740375123,0,0.0,2026,1994,0,0.0,0,0.0,0,133,353,486,0,486,486,1.0,0.0,1,76,0,75,1,76,76,1.0133333333333334,1.3333333333333333,current_superbpe
validation,stratum,flores200,ar,uniq_superbpe,8192,observed,32,6539,6539,3628,2057,3.1789013125911523,0.5669790518191842,48,2.333495381623724,3.1789013125911523,3,7,9,"{""1"": 198, ""2"": 754, ""3"": 203, ""4"": 586, ""5"": 161, ""6"": 12, ""7"": 142, ""9"": 1}",8188,281,3.4318514899853443,9,0.4375303840544482,5,0.24307243558580457,2058,2026,1,0.049358341559723594,0,0.0,0,64,517,581,0,581,581,1.0,0.0,2,87,1,86,2,88,88,1.0232558139534884,2.3255813953488373,current_superbpe
validation,stratum,flores200,bg,uniq_superbpe,8192,observed,32,7484,7482,4146,2136,3.502808988764045,0.5151953690303908,0,0.0,3.502808988764045,4,6,9,"{""1"": 217, ""2"": 480, ""3"": 217, ""4"": 775, ""5"": 253, ""6"": 113, ""7"": 42, ""8"": 34, ""9"": 5}",8188,354,4.323400097703957,0,0.0,0,0.0,2145,2113,9,0.4259346900141978,5,0.2340823970037453,0,92,525,617,0,617,617,1.0,0.0,3,115,9,121,3,124,124,1.024793388429752,2.479338842975207,current_superbpe
validation,stratum,flores200,bn,uniq_superbpe,8192,observed,32,10607,10772,4028,3441,3.130485324033711,0.8542701092353525,1260,36.61726242371404,3.130485324033711,3,7,13,"{""1"": 1469, ""10"": 50, ""12"": 5, ""13"": 14, ""2"": 15, ""3"": 937, ""4"": 170, ""6"": 551, ""7"": 168, ""9"": 62}",8188,206,2.515876893014167,0,0.0,0,0.0,3484,3452,43,1.2456546929316339,4,0.11624527753560011,2,146,414,558,2,560,560,1.003584229390681,0.35842293906810035,8,83,7,82,5,90,90,1.0975609756097562,6.097560975609756,current_superbpe
validation,stratum,flores200,fa,uniq_superbpe,8192,observed,32,6879,6879,3885,2044,3.36545988258317,0.5261261261261261,4,0.19569471624266144,3.36545988258317,3,6,9,"{""1"": 160, ""2"": 600, ""3"": 269, ""4"": 586, ""5"": 301, ""6"": 53, ""7"": 61, ""8"": 8, ""9"": 6}",8188,346,4.225696140693698,1,0.04892367906066536,0,0.0,2045,2013,1,0.04967709885742673,0,0.0,0,65,635,700,0,700,700,1.0,0.0,4,107,1,104,4,108,108,1.0384615384615385,3.8461538461538463,current_superbpe
validation,stratum,flores200,gu,uniq_superbpe,8192,observed,32,9612,9612,3700,3213,2.991596638655462,0.8683783783783784,1227,38.18860877684407,2.991596638655462,3,7,13,"{""1"": 1459, ""10"": 42, ""13"": 2, ""2"": 34, ""3"": 749, ""4"": 241, ""6"": 492, ""7"": 135, ""9"": 59}",8188,213,2.6013678553981436,1,0.03112356053532524,0,0.0,3223,3191,10,0.31338138514572234,0,0.0,2,124,446,568,2,570,570,1.0035211267605635,0.352112676056338,13,81,10,78,10,91,91,1.1666666666666667,12.820512820512821,current_superbpe
validation,stratum,flores200,hi,uniq_superbpe,8192,observed,32,10059,10074,3966,3077,3.27396815079623,0.775844679778114,1092,35.4891127721807,3.27396815079623,3,7,17,"{""1"": 1308, ""10"": 38, ""12"": 6, ""13"": 11, ""16"": 1, ""17"": 8, ""2"": 33, ""3"": 707, ""4"": 187, ""6"": 412, ""7"": 341, ""9"": 25}",8188,273,3.3341475329750856,0,0.0,0,0.0,3102,3070,25,0.8143322475570033,12,0.3899902502437439,0,127,612,747,0,747,747,1.0,0.0,1,76,5,80,1,81,81,1.0125,1.25,current_superbpe
validation,stratum,flores200,ja,uniq_superbpe,8192,observed,32,5120,5110,1782,1687,3.029045643153527,0.94668911335578,81,4.801422643746295,3.029045643153527,3,6,6,"{""1"": 145, ""2"": 21, ""3"": 1401, ""6"": 120}",8188,499,6.0942843185149,135,8.002371072910492,57,3.3787788974510966,1687,1655,0,0.0,0,0.0,0,0,2,2,0,2,2,1.0,0.0,2,113,0,111,2,113,113,1.018018018018018,1.8018018018018018,current_superbpe
validation,stratum,flores200,kn,uniq_superbpe,8192,observed,32,11332,11326,4264,3370,3.360830860534125,0.7903377110694184,1008,29.910979228486646,3.360830860534125,3,6,12,"{""1"": 1316, ""10"": 8, ""12"": 9, ""2"": 44, ""3"": 691, ""4"": 189, ""6"": 964, ""7"": 110, ""9"": 39}",8188,227,2.772349780166097,2,0.05934718100890208,0,0.0,3389,3357,19,0.5659815311289842,0,0.0,46,203,346,503,42,549,549,1.091451292246521,8.34990059642147,0,71,19,90,0,90,90,1.0,0.0,current_superbpe
validation,stratum,flores200,ko,uniq_superbpe,8192,observed,32,4735,4735,2037,1725,2.744927536231884,0.8468335787923417,45,2.608695652173913,2.744927536231884,3,4,9,"{""1"": 371, ""2"": 63, ""3"": 1056, ""4"": 174, ""6"": 55, ""7"": 5, ""9"": 1}",8188,480,5.862237420615535,86,4.9855072463768115,27,1.565217391304348,1787,1755,62,3.532763532763533,3,0.17391304347826086,0,210,220,430,0,430,430,1.0,0.0,6,70,11,75,4,81,81,1.08,5.333333333333333,current_superbpe
validation,stratum,flores200,ml,uniq_superbpe,8192,observed,32,11894,11894,4384,3740,3.1802139037433155,0.8531021897810219,1509,40.3475935828877,3.1802139037433155,3,9,12,"{""1"": 1779, ""10"": 16, ""12"": 123, ""2"": 37, ""3"": 807, ""4"": 205, ""6"": 571, ""7"": 40, ""9"": 162}",8188,223,2.7234978016609674,1,0.026737967914438502,0,0.0,3751,3719,11,0.295778435063189,0,0.0,5,159,288,442,5,447,447,1.01131221719457,1.1312217194570136,11,80,11,80,8,91,91,1.1375,10.0,current_superbpe
validation,stratum,flores200,mr,uniq_superbpe,8192,observed,32,10965,10965,4109,3382,3.2421643997634537,0.8230713068873206,1254,37.07865168539326,3.2421643997634537,3,7,13,"{""1"": 1467, ""10"": 33, ""12"": 67, ""13"": 7, ""2"": 23, ""3"": 816, ""4"": 172, ""6"": 560, ""7"": 201, ""9"": 36}",8188,278,3.3952125061064975,0,0.0,0,0.0,3389,3357,7,0.20851951146857314,0,0.0,1,114,430,543,1,544,544,1.0018416206261511,0.1841620626151013,10,81,7,78,7,88,88,1.1282051282051282,8.974358974358974,current_superbpe
validation,stratum,flores200,ru,uniq_superbpe,8192,observed,32,7654,7654,4261,2276,3.3629173989455183,0.5341469138699836,0,0.0,3.3629173989455183,4,6,9,"{""1"": 277, ""2"": 627, ""3"": 197, ""4"": 749, ""5"": 160, ""6"": 169, ""7"": 64, ""8"": 23, ""9"": 10}",8188,415,5.068392769907181,0,0.0,0,0.0,2288,2256,12,0.5319148936170213,4,0.1757469244288225,5,119,457,571,5,576,576,1.0087565674255692,0.8756567425569177,6,118,12,124,5,130,130,1.0483870967741935,4.032258064516129,current_superbpe
validation,stratum,flores200,sw,uniq_superbpe,8192,observed,32,4405,4405,4397,2036,2.163555992141454,0.46304298385262677,0,0.0,2.163555992141454,2,4,7,"{""1"": 531, ""2"": 801, ""3"": 602, ""4"": 74, ""5"": 13, ""7"": 15}",8188,385,4.70200293111871,0,0.0,0,0.0,2039,2007,3,0.14947683109118087,0,0.0,0,88,572,660,0,660,660,1.0,0.0,1,74,3,76,1,77,77,1.013157894736842,1.3157894736842106,current_superbpe
validation,stratum,flores200,ta,uniq_superbpe,8192,observed,32,12193,12193,4517,3050,3.997704918032787,0.6752269205224707,522,17.114754098360656,3.997704918032787,3,7,10,"{""1"": 854, ""10"": 25, ""2"": 53, ""3"": 697, ""4"": 17, ""6"": 1154, ""7"": 175, ""9"": 75}",8188,194,2.3693209574987786,2,0.06557377049180328,0,0.0,3128,3096,78,2.5193798449612403,0,0.0,1,213,262,474,1,475,475,1.0021097046413503,0.2109704641350211,13,84,27,98,10,111,111,1.1326530612244898,10.204081632653061,current_superbpe
validation,stratum,flores200,te,uniq_superbpe,8192,observed,32,10409,10409,3954,3097,3.3609945108169197,0.7832574607991907,915,29.544720697449144,3.3609945108169197,3,6,12,"{""1"": 1261, ""10"": 11, ""12"": 19, ""2"": 60, ""3"": 565, ""4"": 132, ""6"": 950, ""7"": 62, ""9"": 37}",8188,262,3.1998045920859797,0,0.0,0,0.0,3115,3083,18,0.5838469023678236,0,0.0,6,235,251,480,6,486,486,1.0125,1.25,7,74,18,85,7,92,92,1.0823529411764705,8.235294117647058,current_superbpe
validation,stratum,flores200,uk,uniq_superbpe,8192,observed,32,7446,7446,4118,2234,3.333034914950761,0.5424963574550753,0,0.0,3.333034914950761,4,6,10,"{""1"": 257, ""10"": 3, ""2"": 641, ""3"": 195, ""4"": 757, ""5"": 158, ""6"": 133, ""7"": 56, ""8"": 22, ""9"": 12}",8188,374,4.567659990229604,1,0.044762757385854966,0,0.0,2242,2210,8,0.36199095022624433,3,0.13428827215756492,0,111,444,555,0,555,555,1.0,0.0,2,118,8,124,2,126,126,1.0161290322580645,1.6129032258064515,current_superbpe
validation,stratum,flores200,ur,uniq_superbpe,8192,observed,32,6879,6879,3892,2071,3.3215837759536457,0.5321171634121274,10,0.48285852245292127,3.3215837759536457,3,6,12,"{""1"": 140, ""11"": 1, ""12"": 2, ""2"": 719, ""3"": 262, ""4"": 487, ""5"": 346, ""6"": 20, ""7"": 82, ""9"": 12}",8188,306,3.7371763556424034,0,0.0,0,0.0,2077,2045,6,0.293398533007335,6,0.28971511347175277,0,73,718,793,0,793,793,1.0,0.0,1,72,0,71,1,72,72,1.0140845070422535,1.408450704225352,current_superbpe
validation,stratum,flores200,yo,uniq_superbpe,8192,observed,32,5060,5063,3889,2832,1.7877824858757063,0.7282077654924145,292,10.310734463276836,1.7877824858757063,2,3,6,"{""1"": 1195, ""2"": 1160, ""3"": 401, ""4"": 43, ""5"": 25, ""6"": 8}",8188,357,4.360039081582804,11,0.3884180790960452,6,0.211864406779661,2853,2821,21,0.7444168734491315,4,0.14124293785310735,0,272,442,718,0,718,718,1.0,0.0,2,61,17,76,2,78,78,1.0263157894736843,2.6315789473684212,current_superbpe
validation,stratum,flores200,zh,uniq_superbpe,8192,observed,32,3887,3769,1485,1439,2.6191799861014595,0.969023569023569,78,5.42043085476025,2.6191799861014595,3,3,6,"{""1"": 243, ""2"": 68, ""3"": 1124, ""4"": 3, ""6"": 1}",8188,609,7.43771372740596,155,10.771369006254343,46,3.1966643502432244,1443,1411,4,0.28348688873139616,0,0.0,0,34,29,63,0,63,63,1.0,0.0,6,134,4,132,6,138,138,1.0454545454545454,4.545454545454546,current_superbpe
validation,language,,am,uniq_superbpe,8192,observed,32,6471,6471,2573,2026,3.193978282329714,0.7874076952973184,0,0.0,3.193978282329714,3,6,10,"{""1"": 190, ""10"": 21, ""2"": 32, ""3"": 1418, ""4"": 250, ""6"": 52, ""7"": 63}",8188,276,3.3707865168539324,9,0.4442250740375123,0,0.0,2026,1994,0,0.0,0,0.0,0,133,353,486,0,486,486,1.0,0.0,1,76,0,75,1,76,76,1.0133333333333334,1.3333333333333333,current_superbpe
validation,language,,ar,uniq_superbpe,8192,observed,32,6539,6539,3628,2057,3.1789013125911523,0.5669790518191842,48,2.333495381623724,3.1789013125911523,3,7,9,"{""1"": 198, ""2"": 754, ""3"": 203, ""4"": 586, ""5"": 161, ""6"": 12, ""7"": 142, ""9"": 1}",8188,281,3.4318514899853443,9,0.4375303840544482,5,0.24307243558580457,2058,2026,1,0.049358341559723594,0,0.0,0,64,517,581,0,581,581,1.0,0.0,2,87,1,86,2,88,88,1.0232558139534884,2.3255813953488373,current_superbpe
validation,language,,bg,uniq_superbpe,8192,observed,32,7484,7482,4146,2136,3.502808988764045,0.5151953690303908,0,0.0,3.502808988764045,4,6,9,"{""1"": 217, ""2"": 480, ""3"": 217, ""4"": 775, ""5"": 253, ""6"": 113, ""7"": 42, ""8"": 34, ""9"": 5}",8188,354,4.323400097703957,0,0.0,0,0.0,2145,2113,9,0.4259346900141978,5,0.2340823970037453,0,92,525,617,0,617,617,1.0,0.0,3,115,9,121,3,124,124,1.024793388429752,2.479338842975207,current_superbpe
validation,language,,bn,uniq_superbpe,8192,observed,32,10607,10772,4028,3441,3.130485324033711,0.8542701092353525,1260,36.61726242371404,3.130485324033711,3,7,13,"{""1"": 1469, ""10"": 50, ""12"": 5, ""13"": 14, ""2"": 15, ""3"": 937, ""4"": 170, ""6"": 551, ""7"": 168, ""9"": 62}",8188,206,2.515876893014167,0,0.0,0,0.0,3484,3452,43,1.2456546929316339,4,0.11624527753560011,2,146,414,558,2,560,560,1.003584229390681,0.35842293906810035,8,83,7,82,5,90,90,1.0975609756097562,6.097560975609756,current_superbpe
validation,language,,fa,uniq_superbpe,8192,observed,32,6879,6879,3885,2044,3.36545988258317,0.5261261261261261,4,0.19569471624266144,3.36545988258317,3,6,9,"{""1"": 160, ""2"": 600, ""3"": 269, ""4"": 586, ""5"": 301, ""6"": 53, ""7"": 61, ""8"": 8, ""9"": 6}",8188,346,4.225696140693698,1,0.04892367906066536,0,0.0,2045,2013,1,0.04967709885742673,0,0.0,0,65,635,700,0,700,700,1.0,0.0,4,107,1,104,4,108,108,1.0384615384615385,3.8461538461538463,current_superbpe
validation,language,,gu,uniq_superbpe,8192,observed,32,9612,9612,3700,3213,2.991596638655462,0.8683783783783784,1227,38.18860877684407,2.991596638655462,3,7,13,"{""1"": 1459, ""10"": 42, ""13"": 2, ""2"": 34, ""3"": 749, ""4"": 241, ""6"": 492, ""7"": 135, ""9"": 59}",8188,213,2.6013678553981436,1,0.03112356053532524,0,0.0,3223,3191,10,0.31338138514572234,0,0.0,2,124,446,568,2,570,570,1.0035211267605635,0.352112676056338,13,81,10,78,10,91,91,1.1666666666666667,12.820512820512821,current_superbpe
validation,language,,hi,uniq_superbpe,8192,observed,32,10059,10074,3966,3077,3.27396815079623,0.775844679778114,1092,35.4891127721807,3.27396815079623,3,7,17,"{""1"": 1308, ""10"": 38, ""12"": 6, ""13"": 11, ""16"": 1, ""17"": 8, ""2"": 33, ""3"": 707, ""4"": 187, ""6"": 412, ""7"": 341, ""9"": 25}",8188,273,3.3341475329750856,0,0.0,0,0.0,3102,3070,25,0.8143322475570033,12,0.3899902502437439,0,127,612,747,0,747,747,1.0,0.0,1,76,5,80,1,81,81,1.0125,1.25,current_superbpe
validation,language,,ja,uniq_superbpe,8192,observed,32,5120,5110,1782,1687,3.029045643153527,0.94668911335578,81,4.801422643746295,3.029045643153527,3,6,6,"{""1"": 145, ""2"": 21, ""3"": 1401, ""6"": 120}",8188,499,6.0942843185149,135,8.002371072910492,57,3.3787788974510966,1687,1655,0,0.0,0,0.0,0,0,2,2,0,2,2,1.0,0.0,2,113,0,111,2,113,113,1.018018018018018,1.8018018018018018,current_superbpe
validation,language,,kn,uniq_superbpe,8192,observed,32,11332,11326,4264,3370,3.360830860534125,0.7903377110694184,1008,29.910979228486646,3.360830860534125,3,6,12,"{""1"": 1316, ""10"": 8, ""12"": 9, ""2"": 44, ""3"": 691, ""4"": 189, ""6"": 964, ""7"": 110, ""9"": 39}",8188,227,2.772349780166097,2,0.05934718100890208,0,0.0,3389,3357,19,0.5659815311289842,0,0.0,46,203,346,503,42,549,549,1.091451292246521,8.34990059642147,0,71,19,90,0,90,90,1.0,0.0,current_superbpe
validation,language,,ko,uniq_superbpe,8192,observed,32,4735,4735,2037,1725,2.744927536231884,0.8468335787923417,45,2.608695652173913,2.744927536231884,3,4,9,"{""1"": 371, ""2"": 63, ""3"": 1056, ""4"": 174, ""6"": 55, ""7"": 5, ""9"": 1}",8188,480,5.862237420615535,86,4.9855072463768115,27,1.565217391304348,1787,1755,62,3.532763532763533,3,0.17391304347826086,0,210,220,430,0,430,430,1.0,0.0,6,70,11,75,4,81,81,1.08,5.333333333333333,current_superbpe
validation,language,,ml,uniq_superbpe,8192,observed,32,11894,11894,4384,3740,3.1802139037433155,0.8531021897810219,1509,40.3475935828877,3.1802139037433155,3,9,12,"{""1"": 1779, ""10"": 16, ""12"": 123, ""2"": 37, ""3"": 807, ""4"": 205, ""6"": 571, ""7"": 40, ""9"": 162}",8188,223,2.7234978016609674,1,0.026737967914438502,0,0.0,3751,3719,11,0.295778435063189,0,0.0,5,159,288,442,5,447,447,1.01131221719457,1.1312217194570136,11,80,11,80,8,91,91,1.1375,10.0,current_superbpe
validation,language,,mr,uniq_superbpe,8192,observed,32,10965,10965,4109,3382,3.2421643997634537,0.8230713068873206,1254,37.07865168539326,3.2421643997634537,3,7,13,"{""1"": 1467, ""10"": 33, ""12"": 67, ""13"": 7, ""2"": 23, ""3"": 816, ""4"": 172, ""6"": 560, ""7"": 201, ""9"": 36}",8188,278,3.3952125061064975,0,0.0,0,0.0,3389,3357,7,0.20851951146857314,0,0.0,1,114,430,543,1,544,544,1.0018416206261511,0.1841620626151013,10,81,7,78,7,88,88,1.1282051282051282,8.974358974358974,current_superbpe
validation,language,,ru,uniq_superbpe,8192,observed,32,7654,7654,4261,2276,3.3629173989455183,0.5341469138699836,0,0.0,3.3629173989455183,4,6,9,"{""1"": 277, ""2"": 627, ""3"": 197, ""4"": 749, ""5"": 160, ""6"": 169, ""7"": 64, ""8"": 23, ""9"": 10}",8188,415,5.068392769907181,0,0.0,0,0.0,2288,2256,12,0.5319148936170213,4,0.1757469244288225,5,119,457,571,5,576,576,1.0087565674255692,0.8756567425569177,6,118,12,124,5,130,130,1.0483870967741935,4.032258064516129,current_superbpe
validation,language,,sw,uniq_superbpe,8192,observed,32,4405,4405,4397,2036,2.163555992141454,0.46304298385262677,0,0.0,2.163555992141454,2,4,7,"{""1"": 531, ""2"": 801, ""3"": 602, ""4"": 74, ""5"": 13, ""7"": 15}",8188,385,4.70200293111871,0,0.0,0,0.0,2039,2007,3,0.14947683109118087,0,0.0,0,88,572,660,0,660,660,1.0,0.0,1,74,3,76,1,77,77,1.013157894736842,1.3157894736842106,current_superbpe
validation,language,,ta,uniq_superbpe,8192,observed,32,12193,12193,4517,3050,3.997704918032787,0.6752269205224707,522,17.114754098360656,3.997704918032787,3,7,10,"{""1"": 854, ""10"": 25, ""2"": 53, ""3"": 697, ""4"": 17, ""6"": 1154, ""7"": 175, ""9"": 75}",8188,194,2.3693209574987786,2,0.06557377049180328,0,0.0,3128,3096,78,2.5193798449612403,0,0.0,1,213,262,474,1,475,475,1.0021097046413503,0.2109704641350211,13,84,27,98,10,111,111,1.1326530612244898,10.204081632653061,current_superbpe
validation,language,,te,uniq_superbpe,8192,observed,32,10409,10409,3954,3097,3.3609945108169197,0.7832574607991907,915,29.544720697449144,3.3609945108169197,3,6,12,"{""1"": 1261, ""10"": 11, ""12"": 19, ""2"": 60, ""3"": 565, ""4"": 132, ""6"": 950, ""7"": 62, ""9"": 37}",8188,262,3.1998045920859797,0,0.0,0,0.0,3115,3083,18,0.5838469023678236,0,0.0,6,235,251,480,6,486,486,1.0125,1.25,7,74,18,85,7,92,92,1.0823529411764705,8.235294117647058,current_superbpe
validation,language,,uk,uniq_superbpe,8192,observed,32,7446,7446,4118,2234,3.333034914950761,0.5424963574550753,0,0.0,3.333034914950761,4,6,10,"{""1"": 257, ""10"": 3, ""2"": 641, ""3"": 195, ""4"": 757, ""5"": 158, ""6"": 133, ""7"": 56, ""8"": 22, ""9"": 12}",8188,374,4.567659990229604,1,0.044762757385854966,0,0.0,2242,2210,8,0.36199095022624433,3,0.13428827215756492,0,111,444,555,0,555,555,1.0,0.0,2,118,8,124,2,126,126,1.0161290322580645,1.6129032258064515,current_superbpe
validation,language,,ur,uniq_superbpe,8192,observed,32,6879,6879,3892,2071,3.3215837759536457,0.5321171634121274,10,0.48285852245292127,3.3215837759536457,3,6,12,"{""1"": 140, ""11"": 1, ""12"": 2, ""2"": 719, ""3"": 262, ""4"": 487, ""5"": 346, ""6"": 20, ""7"": 82, ""9"": 12}",8188,306,3.7371763556424034,0,0.0,0,0.0,2077,2045,6,0.293398533007335,6,0.28971511347175277,0,73,718,793,0,793,793,1.0,0.0,1,72,0,71,1,72,72,1.0140845070422535,1.408450704225352,current_superbpe
validation,language,,yo,uniq_superbpe,8192,observed,32,5060,5063,3889,2832,1.7877824858757063,0.7282077654924145,292,10.310734463276836,1.7877824858757063,2,3,6,"{""1"": 1195, ""2"": 1160, ""3"": 401, ""4"": 43, ""5"": 25, ""6"": 8}",8188,357,4.360039081582804,11,0.3884180790960452,6,0.211864406779661,2853,2821,21,0.7444168734491315,4,0.14124293785310735,0,272,442,718,0,718,718,1.0,0.0,2,61,17,76,2,78,78,1.0263157894736843,2.6315789473684212,current_superbpe
validation,language,,zh,uniq_superbpe,8192,observed,32,3887,3769,1485,1439,2.6191799861014595,0.969023569023569,78,5.42043085476025,2.6191799861014595,3,3,6,"{""1"": 243, ""2"": 68, ""3"": 1124, ""4"": 3, ""6"": 1}",8188,609,7.43771372740596,155,10.771369006254343,46,3.1966643502432244,1443,1411,4,0.28348688873139616,0,0.0,0,34,29,63,0,63,63,1.0,0.0,6,134,4,132,6,138,138,1.0454545454545454,4.545454545454546,current_superbpe
validation,domain,flores200,,uniq_superbpe,8192,observed,640,159630,159677,73015,50933,3.135040150786327,0.6975689926727385,9345,18.347633165138514,3.135040150786327,3,7,17,"{""1"": 14837, ""10"": 247, ""11"": 1, ""12"": 231, ""13"": 34, ""16"": 1, ""17"": 8, ""2"": 6265, ""3"": 13314, ""4"": 5797, ""5"": 1417, ""6"": 6390, ""7"": 1762, ""8"": 87, ""9"": 542}",8188,3847,46.98339032730826,413,0.810869181081028,141,0.2768342724756052,51271,50631,338,0.6675752009638364,41,0.08049790901772917,68,2582,7963,10491,64,10559,10559,1.006481746258698,0.6100467067009818,99,1775,170,1846,81,1945,1945,1.0536294691224268,4.387865655471289,current_superbpe
validation,aggregate,,,uniq_superbpe,8192,observed,640,159630,159677,73015,50933,3.135040150786327,0.6975689926727385,9345,18.347633165138514,3.135040150786327,3,7,17,"{""1"": 14837, ""10"": 247, ""11"": 1, ""12"": 231, ""13"": 34, ""16"": 1, ""17"": 8, ""2"": 6265, ""3"": 13314, ""4"": 5797, ""5"": 1417, ""6"": 6390, ""7"": 1762, ""8"": 87, ""9"": 542}",8188,3847,46.98339032730826,413,0.810869181081028,141,0.2768342724756052,51271,50631,338,0.6675752009638364,41,0.08049790901772917,68,2582,7963,10491,64,10559,10559,1.006481746258698,0.6100467067009818,99,1775,170,1846,81,1945,1945,1.0536294691224268,4.387865655471289,current_superbpe
train,stratum,code,c,uniq_superbpe,8192,observed,32,269690,51063,51060,27306,1.8700285651505164,0.5347826086956522,0,0.0,1.8700285651505164,1,5,16,"{""1"": 16118, ""10"": 46, ""12"": 24, ""13"": 17, ""16"": 34, ""2"": 5789, ""3"": 2583, ""4"": 1205, ""5"": 678, ""6"": 333, ""7"": 166, ""8"": 82, ""9"": 231}",8188,837,10.222276502198339,1,0.003662198784150004,0,0.0,28400,28368,1094,3.856457980823463,106,0.38819307111990037,489,3016,3305,5926,384,6415,9740,1.0825177185285184,6.479919001012488,2011,5720,376,4093,597,6104,6116,1.4913266552650868,14.585878328854141,pool_ce
train,stratum,code,cpp,uniq_superbpe,8192,observed,32,735578,54217,54213,27589,1.9651672768132227,0.5089000793167691,0,0.0,1.9651672768132227,1,5,16,"{""1"": 15788, ""10"": 37, ""12"": 29, ""13"": 38, ""16"": 42, ""2"": 5821, ""3"": 2790, ""4"": 1184, ""5"": 762, ""6"": 506, ""7"": 141, ""8"": 95, ""9"": 356}",8188,860,10.503175378602833,0,0.0,0,0.0,28601,28569,1012,3.5423010955931256,72,0.26097357642538693,412,2917,2769,5352,290,5764,9575,1.0769805680119582,5.418535127055306,1780,5821,431,4478,1001,6258,6268,1.3974988834301028,22.3537293434569,pool_ce
train,stratum,code,go,uniq_superbpe,8192,observed,32,514454,56813,56813,28306,2.0071009679926517,0.49823103867072677,0,0.0,2.0071009679926517,1,5,16,"{""1"": 14728, ""10"": 36, ""12"": 38, ""16"": 9, ""2"": 6442, ""3"": 3676, ""4"": 1653, ""5"": 514, ""6"": 675, ""7"": 323, ""8"": 188, ""9"": 24}",8188,851,10.393258426966293,0,0.0,0,0.0,28975,28943,669,2.311439726358705,82,0.28969123154101606,119,3231,3167,6386,93,6505,9031,1.0186345129971814,1.4563106796116505,1030,6074,360,5404,868,6434,6454,1.19059955588453,16.06217616580311,pool_ce
train,stratum,code,java,uniq_superbpe,8192,observed,32,175611,43999,43605,20065,2.192823324196362,0.4601536521041165,0,0.0,2.192823324196362,1,6,16,"{""1"": 10135, ""10"": 167, ""12"": 22, ""13"": 30, ""16"": 34, ""2"": 4245, ""3"": 2670, ""4"": 1150, ""5"": 596, ""6"": 535, ""7"": 265, ""8"": 93, ""9"": 123}",8188,914,11.16267708842208,9,0.0448542237727386,0,0.0,21172,21140,1107,5.236518448438979,226,1.1263393969598803,232,1986,1968,3775,213,4007,7594,1.0614569536423841,5.642384105960265,864,3875,220,3273,507,4137,4145,1.2639780018331805,15.490375802016498,pool_ce
train,stratum,code,javascript,uniq_superbpe,8192,observed,32,112493,38980,38152,20751,1.87846368849694,0.5439033340322919,0,0.0,1.87846368849694,1,5,16,"{""1"": 12008, ""10"": 18, ""11"": 1, ""12"": 8, ""13"": 33, ""16"": 24, ""2"": 4707, ""3"": 2110, ""4"": 590, ""5"": 479, ""6"": 367, ""7"": 171, ""8"": 141, ""9"": 94}",8188,908,11.089399120664387,19,0.09156185244084622,0,0.0,21975,21943,1224,5.578088684318462,34,0.16384752542046166,333,2297,1691,3702,241,4035,7448,1.0899513776337115,6.509994597514857,1703,5508,422,4230,1261,5933,5941,1.4026004728132389,29.810874704491727,pool_ce
train,stratum,code,python,uniq_superbpe,8192,observed,32,193155,48487,48387,22087,2.195273237651107,0.45646557959782585,0,0.0,2.195273237651107,1,6,16,"{""1"": 11142, ""10"": 12, ""11"": 2, ""12"": 24, ""13"": 59, ""16"": 81, ""2"": 4641, ""3"": 2996, ""4"": 1379, ""5"": 691, ""6"": 406, ""7"": 314, ""8"": 83, ""9"": 257}",8188,867,10.58866634098681,7,0.031692850998324806,0,0.0,23272,23240,1185,5.098967297762479,42,0.19015710598994884,263,2309,2522,4625,106,4888,10776,1.0568648648648649,2.291891891891892,1352,4928,286,3862,761,5214,5228,1.3500776799585708,19.70481615743138,pool_ce
train,stratum,code,rust,uniq_superbpe,8192,observed,32,405448,56922,56922,29206,1.9489830856673287,0.5130880854502653,0,0.0,1.9489830856673287,1,5,16,"{""1"": 16981, ""10"": 13, ""12"": 14, ""13"": 136, ""16"": 71, ""2"": 5652, ""3"": 3270, ""4"": 1408, ""5"": 922, ""6"": 267, ""7"": 171, ""8"": 125, ""9"": 176}",8188,830,10.136785539814362,1,0.003423953982058481,0,0.0,30695,30663,1489,4.856015393144832,84,0.2876121344929124,196,3154,3226,6228,173,6424,13231,1.031470777135517,2.7777777777777777,2749,8126,450,5827,1968,8576,8582,1.4717693495795434,33.773811566844,pool_ce
train,stratum,code,sql,uniq_superbpe,8192,observed,32,962841,36373,36088,20327,1.7893934176218822,0.5632620261582798,0,0.0,1.7893934176218822,1,5,16,"{""1"": 12777, ""10"": 8, ""12"": 5, ""13"": 13, ""16"": 50, ""2"": 4181, ""3"": 1650, ""4"": 686, ""5"": 292, ""6"": 181, ""7"": 172, ""8"": 127, ""9"": 185}",8188,812,9.91695163654128,3,0.01475869533133271,0,0.0,21135,21103,808,3.828839501492679,214,1.0527869336350666,263,2066,1991,3925,242,4188,6655,1.0670063694267515,6.165605095541402,1395,4268,230,3103,650,4498,4498,1.4495649371575894,20.947470190138574,pool_ce
train,stratum,code,typescript,uniq_superbpe,8192,observed,32,734901,43989,43698,20238,2.1735843462792768,0.4631333241795963,0,0.0,2.1735843462792768,1,6,16,"{""1"": 10631, ""10"": 29, ""11"": 90, ""12"": 9, ""13"": 9, ""16"": 11, ""2"": 4279, ""3"": 2152, ""4"": 945, ""5"": 734, ""6"": 652, ""7"": 442, ""8"": 88, ""9"": 167}",8188,898,10.967269174401563,6,0.029647198339756892,0,0.0,21686,21654,1448,6.686986238108433,125,0.6176499654116019,349,2438,2103,4263,314,4612,8393,1.081867229650481,7.365704902650715,1104,3991,400,3292,749,4396,4406,1.3353584447144593,22.752126366950183,pool_ce
train,stratum,cyrillic_african,am,uniq_superbpe,8192,observed,32,390554,147317,59501,46820,3.1464545066211023,0.7868775314700593,0,0.0,3.1464545066211023,3,6,10,"{""1"": 5868, ""10"": 405, ""2"": 747, ""3"": 31266, ""4"": 5334, ""5"": 21, ""6"": 1587, ""7"": 1592}",8188,708,8.646800195407915,90,0.19222554463904315,0,0.0,46935,46903,115,0.24518687503997613,19,0.04058094831268689,0,3419,7785,11206,0,11206,11206,1.0,0.0,702,2701,106,2105,543,2807,2807,1.3334916864608075,25.795724465558195,pool_ce
train,stratum,cyrillic_african,bg,uniq_superbpe,8192,observed,32,249249,102609,58537,30608,3.3523588604286463,0.522882962912346,0,0.0,3.3523588604286463,4,6,9,"{""1"": 4513, ""2"": 6934, ""3"": 3132, ""4"": 9819, ""5"": 3485, ""6"": 1624, ""7"": 526, ""8"": 470, ""9"": 105}",8188,797,9.733756717147044,1,0.003267119707266074,0,0.0,30854,30822,246,0.7981312049834534,103,0.33651332984840565,0,1449,7523,8973,0,8973,8973,1.0,0.0,325,2058,243,1976,258,2301,2303,1.1644736842105263,13.05668016194332,pool_ce
train,stratum,cyrillic_african,ru,uniq_superbpe,8192,observed,32,231857,106212,58870,30588,3.472342094939192,0.5195855274333276,0,0.0,3.472342094939192,4,6,9,"{""1"": 3615, ""2"": 7486, ""3"": 2672, ""4"": 10408, ""5"": 2436, ""6"": 2603, ""7"": 848, ""8"": 437, ""9"": 83}",8188,719,8.78114313629702,2,0.006538511834706421,0,0.0,30866,30834,278,0.9016021275215671,77,0.2517327056361972,0,1467,6344,7811,0,7811,7811,1.0,0.0,275,1640,275,1640,220,1915,1917,1.1676829268292683,13.414634146341463,pool_ce
train,stratum,cyrillic_african,sw,uniq_superbpe,8192,observed,32,302841,62449,62216,30547,2.0443578747503848,0.490983026874116,58,0.18987134579500442,2.0443578747503848,2,3,7,"{""1"": 9302, ""2"": 12013, ""3"": 8289, ""4"": 662, ""5"": 179, ""6"": 3, ""7"": 99}",8188,701,8.561309233023938,3,0.009820931679051953,0,0.0,30689,30657,142,0.4631894836415827,14,0.045831014502242445,5,1529,7575,9101,5,9106,9106,1.0005493901769036,0.054939017690363696,305,1614,139,1448,263,1753,1753,1.2106353591160222,18.162983425414364,pool_ce
train,stratum,cyrillic_african,uk,uniq_superbpe,8192,observed,32,184737,95676,53182,28825,3.319202081526453,0.5420066939942085,0,0.0,3.319202081526453,4,6,10,"{""1"": 3828, ""10"": 49, ""2"": 7872, ""3"": 2378, ""4"": 9750, ""5"": 2106, ""6"": 1578, ""7"": 694, ""8"": 506, ""9"": 64}",8188,692,8.451392281387395,14,0.04856895056374675,0,0.0,29108,29076,283,0.9733113220525519,39,0.13529921942758022,0,1530,5563,7093,0,7093,7093,1.0,0.0,316,1886,279,1849,283,2165,2167,1.1709031909140075,15.305570578691185,pool_ce
train,stratum,cyrillic_african,yo,uniq_superbpe,8192,observed,32,145697,69432,59766,30941,2.244012798552083,0.5177023725864204,134,0.43308231795998836,2.244012798552083,2,5,9,"{""1"": 9516, ""2"": 10694, ""3"": 7879, ""4"": 1154, ""5"": 695, ""6"": 395, ""7"": 520, ""8"": 2, ""9"": 86}",8188,698,8.52467024914509,10,0.03231957596716331,0,0.0,31438,31406,497,1.5825001592052474,304,0.9825151094017647,0,2398,8792,11487,0,11487,11487,1.0,0.0,267,1670,189,1592,237,1859,1859,1.1677135678391959,14.886934673366834,pool_ce
train,stratum,indic_cjk_arabic,ar,uniq_superbpe,8192,observed,32,215274,97740,54940,31417,3.1110545246204286,0.5718420094648707,702,2.234459050832352,3.1110545246204286,3,7,9,"{""1"": 3627, ""2"": 11411, ""3"": 3340, ""4"": 8581, ""5"": 2098, ""6"": 163, ""7"": 2147, ""9"": 50}",8188,649,7.926233512457254,15,0.04774485151351179,0,0.0,31489,31457,72,0.22888387322376577,3,0.009548970302702358,0,1101,7735,8838,0,8838,8838,1.0,0.0,331,1688,69,1426,269,1757,1757,1.2321178120617111,18.863955119214587,pool_ce
train,stratum,indic_cjk_arabic,bn,uniq_superbpe,8192,observed,32,274908,152004,58399,49064,3.0980759823903474,0.8401513724550078,16773,34.18596119354313,3.0980759823903474,3,7,13,"{""1"": 20506, ""10"": 531, ""12"": 87, ""13"": 160, ""2"": 541, ""3"": 13511, ""4"": 2781, ""5"": 24, ""6"": 7720, ""7"": 2471, ""9"": 732}",8188,555,6.778212017586712,16,0.03261046796021523,0,0.0,49821,49789,757,1.5204161561790757,91,0.18547203652372413,0,2213,6300,8515,0,8515,8515,1.0,0.0,232,1501,160,1429,220,1661,1661,1.1623512946116166,15.395381385584324,pool_ce
train,stratum,indic_cjk_arabic,fa,uniq_superbpe,8192,observed,32,198722,93798,52677,27782,3.376214815348067,0.5274028513392942,18,0.06479015189691167,3.376214815348067,4,6,9,"{""1"": 2776, ""2"": 7462, ""3"": 3453, ""4"": 7975, ""5"": 4267, ""6"": 730, ""7"": 918, ""8"": 111, ""9"": 90}",8188,543,6.6316560820713235,4,0.014397811532647038,0,0.0,27856,27824,74,0.26595744680851063,3,0.010798358649485279,0,1297,8633,9930,0,9930,9930,1.0,0.0,236,1335,70,1169,191,1405,1405,1.2018819503849445,16.33875106928999,pool_ce
train,stratum,indic_cjk_arabic,gu,uniq_superbpe,8192,observed,32,266235,146974,58881,46888,3.134576010919638,0.7963179973166217,15750,33.59068418358642,3.134576010919638,3,7,13,"{""1"": 19799, ""10"": 453, ""13"": 61, ""2"": 956, ""3"": 10299, ""4"": 4177, ""5"": 28, ""6"": 7384, ""7"": 2844, ""9"": 887}",8188,644,7.865168539325842,24,0.05118580447022692,0,0.0,47033,47001,145,0.30850407438139615,17,0.036256611499744074,0,1639,8081,9723,0,9723,9723,1.0,0.0,256,1492,138,1374,189,1630,1630,1.1863173216885008,13.755458515283843,pool_ce
train,stratum,indic_cjk_arabic,hi,uniq_superbpe,8192,observed,32,342431,153237,61359,45002,3.405115328207635,0.7334213399827246,14460,32.13190524865561,3.405115328207635,3,7,16,"{""1"": 18248, ""10"": 591, ""12"": 53, ""13"": 245, ""14"": 75, ""16"": 91, ""2"": 591, ""3"": 9962, ""4"": 3009, ""5"": 13, ""6"": 6199, ""7"": 5468, ""9"": 457}",8188,648,7.914020517830972,0,0.0,0,0.0,45401,45369,399,0.8794551345632481,285,0.6333051864361584,0,1882,9852,11810,0,11810,11810,1.0,0.0,245,1573,119,1447,222,1692,1692,1.1693158258465792,15.342087076710435,pool_ce
train,stratum,indic_cjk_arabic,ja,uniq_superbpe,8192,observed,32,323403,142468,61333,52388,2.719477742994579,0.8541568160696525,0,0.0,2.719477742994579,3,6,12,"{""1"": 10428, ""12"": 75, ""2"": 3267, ""3"": 35550, ""4"": 324, ""5"": 33, ""6"": 2634, ""7"": 1, ""9"": 76}",8188,2301,28.102100635075722,1119,2.135985340154234,0,0.0,52603,52571,215,0.40897072530482587,4,0.007635336336565626,0,2642,1793,4436,0,4436,4436,1.0,0.0,562,4439,205,4082,425,4644,4644,1.1376776090151886,10.41156295933366,pool_ce
train,stratum,indic_cjk_arabic,kn,uniq_superbpe,8192,observed,32,458253,153841,60531,46456,3.311542104356811,0.7674745171895393,12597,27.115980712932668,3.311542104356811,3,6,12,"{""1"": 17543, ""10"": 82, ""12"": 59, ""2"": 1348, ""3"": 9667, ""4"": 3252, ""5"": 30, ""6"": 12562, ""7"": 1337, ""9"": 576}",8188,737,9.000977039570103,45,0.09686585155846392,0,0.0,46686,46654,230,0.49299095468770093,21,0.0452040640606165,0,1840,5402,7243,0,7243,7243,1.0,0.0,239,1437,225,1423,205,1662,1662,1.167955024595924,14.406184118060436,pool_ce
train,stratum,indic_cjk_arabic,ko,uniq_superbpe,8192,observed,32,201347,118352,51206,41850,2.828004778972521,0.8172870366753896,7,0.016726403823178016,2.828004778972521,3,4,12,"{""1"": 7815, ""11"": 19, ""12"": 57, ""2"": 1529, ""3"": 25929, ""4"": 5343, ""5"": 8, ""6"": 842, ""7"": 201, ""8"": 35, ""9"": 72}",8188,1519,18.551538837322912,926,2.2126642771804064,0,0.0,44433,44401,2583,5.817436544221977,127,0.3034647550776583,1,4385,6614,11052,1,11053,11053,1.0000904813608396,0.009048136083966703,489,2367,565,2443,386,2932,2934,1.2001637331150226,15.800245599672534,pool_ce
train,stratum,indic_cjk_arabic,ml,uniq_superbpe,8192,observed,32,188792,137273,52226,42332,3.242771425871681,0.8105541301267568,16398,38.736653122933006,3.242771425871681,3,9,12,"{""1"": 19832, ""10"": 123, ""12"": 1354, ""2"": 828, ""3"": 8543, ""4"": 2660, ""5"": 36, ""6"": 5998, ""7"": 376, ""9"": 2582}",8188,611,7.462139716658525,18,0.04252102428422942,0,0.0,42541,42509,209,0.4916605895222188,36,0.08504204856845884,0,1461,3734,5197,0,5197,5197,1.0,0.0,205,1175,203,1173,171,1378,1378,1.174765558397272,14.578005115089514,pool_ce
train,stratum,indic_cjk_arabic,mr,uniq_superbpe,8192,observed,32,362326,145113,56571,41914,3.462160614591783,0.7409096533559598,12657,30.197547358877703,3.462160614591783,3,7,16,"{""1"": 16114, ""10"": 578, ""12"": 627, ""13"": 75, ""16"": 60, ""2"": 760, ""3"": 9903, ""4"": 2524, ""5"": 26, ""6"": 7790, ""7"": 2774, ""9"": 683}",8188,697,8.512457254518807,1,0.0023858376676050962,0,0.0,42088,42056,174,0.41373406886056685,16,0.03817340268168154,0,1345,6434,7780,0,7780,7780,1.0,0.0,228,1384,167,1323,188,1551,1551,1.1723356009070294,14.210128495842781,pool_ce
train,stratum,indic_cjk_arabic,ta,uniq_superbpe,8192,observed,32,239434,140738,53567,36082,3.900504406629344,0.6735863498049172,5775,16.005210354193228,3.900504406629344,3,7,10,"{""1"": 10345, ""10"": 388, ""2"": 905, ""3"": 8708, ""4"": 163, ""5"": 26, ""6"": 12698, ""7"": 2016, ""9"": 833}",8188,528,6.448461162677089,5,0.013857324981985478,0,0.0,37186,37154,1104,2.9714162674274642,21,0.058200764924339,0,2505,3286,5791,0,5791,5791,1.0,0.0,431,1347,441,1357,296,1788,1788,1.3176123802505526,21.812822402358144,pool_ce
train,stratum,indic_cjk_arabic,te,uniq_superbpe,8192,observed,32,300221,158103,60933,47153,3.352978601573601,0.77384996635649,13704,29.06283799546158,3.352978601573601,3,6,12,"{""1"": 18876, ""10"": 117, ""12"": 370, ""2"": 1108, ""3"": 8894, ""4"": 2364, ""5"": 18, ""6"": 13567, ""7"": 1390, ""9"": 449}",8188,627,7.657547630679042,24,0.05089814009713062,0,0.0,47557,47525,404,0.8500789058390321,7,0.014845290861663097,0,2891,4596,7488,0,7488,7488,1.0,0.0,359,1548,391,1580,301,1939,1939,1.2272151898734178,19.050632911392405,pool_ce
train,stratum,indic_cjk_arabic,ur,uniq_superbpe,8192,observed,32,431064,112341,64366,33474,3.3560673955906077,0.520057173041668,403,1.2039194598793093,3.3560673955906077,3,7,12,"{""1"": 3708, ""10"": 43, ""11"": 93, ""12"": 126, ""2"": 10557, ""3"": 3828, ""4"": 7414, ""5"": 5582, ""6"": 283, ""7"": 1377, ""9"": 463}",8188,719,8.78114313629702,11,0.032861325207623825,0,0.0,33969,33937,495,1.4585850251937413,461,1.3771882655195076,0,1780,11596,13545,0,13545,13545,1.0,0.0,248,1740,35,1527,229,1775,1777,1.1624099541584807,14.996725605762935,pool_ce
train,stratum,indic_cjk_arabic,zh,uniq_superbpe,8192,observed,32,616082,130086,53452,46740,2.783183568677792,0.8744293945970216,4,0.008557980316645272,2.783183568677792,3,3,12,"{""1"": 7417, ""12"": 154, ""2"": 2151, ""3"": 35399, ""4"": 199, ""5"": 26, ""6"": 821, ""7"": 343, ""8"": 1, ""9"": 229}",8188,3245,39.63116756228627,2795,5.979888746255884,0,0.0,47316,47284,576,1.218171051518484,2,0.004278990158322636,0,2024,1729,3755,0,3755,3755,1.0,0.0,365,3313,287,3235,285,3600,3602,1.1128284389489953,8.809891808346213,pool_ce
train,stratum,latin_english,en,uniq_superbpe,8192,observed,32,128944,59492,59076,26927,2.2093809187804063,0.45580269483377345,0,0.0,2.2093809187804063,2,4,12,"{""1"": 8987, ""10"": 41, ""12"": 1, ""2"": 8190, ""3"": 6684, ""4"": 2021, ""5"": 682, ""6"": 112, ""7"": 188, ""8"": 20, ""9"": 1}",8188,871,10.637518319491939,12,0.04456493482378282,0,0.0,27328,27296,401,1.4690797186400937,155,0.5756304081405281,3,1896,7189,9298,3,9301,9301,1.000322650032265,0.032265003226500326,332,1952,144,1764,266,2096,2096,1.1882086167800454,15.079365079365079,pool_ce
train,language,,am,uniq_superbpe,8192,observed,32,390554,147317,59501,46820,3.1464545066211023,0.7868775314700593,0,0.0,3.1464545066211023,3,6,10,"{""1"": 5868, ""10"": 405, ""2"": 747, ""3"": 31266, ""4"": 5334, ""5"": 21, ""6"": 1587, ""7"": 1592}",8188,708,8.646800195407915,90,0.19222554463904315,0,0.0,46935,46903,115,0.24518687503997613,19,0.04058094831268689,0,3419,7785,11206,0,11206,11206,1.0,0.0,702,2701,106,2105,543,2807,2807,1.3334916864608075,25.795724465558195,pool_ce
train,language,,ar,uniq_superbpe,8192,observed,32,215274,97740,54940,31417,3.1110545246204286,0.5718420094648707,702,2.234459050832352,3.1110545246204286,3,7,9,"{""1"": 3627, ""2"": 11411, ""3"": 3340, ""4"": 8581, ""5"": 2098, ""6"": 163, ""7"": 2147, ""9"": 50}",8188,649,7.926233512457254,15,0.04774485151351179,0,0.0,31489,31457,72,0.22888387322376577,3,0.009548970302702358,0,1101,7735,8838,0,8838,8838,1.0,0.0,331,1688,69,1426,269,1757,1757,1.2321178120617111,18.863955119214587,pool_ce
train,language,,bg,uniq_superbpe,8192,observed,32,249249,102609,58537,30608,3.3523588604286463,0.522882962912346,0,0.0,3.3523588604286463,4,6,9,"{""1"": 4513, ""2"": 6934, ""3"": 3132, ""4"": 9819, ""5"": 3485, ""6"": 1624, ""7"": 526, ""8"": 470, ""9"": 105}",8188,797,9.733756717147044,1,0.003267119707266074,0,0.0,30854,30822,246,0.7981312049834534,103,0.33651332984840565,0,1449,7523,8973,0,8973,8973,1.0,0.0,325,2058,243,1976,258,2301,2303,1.1644736842105263,13.05668016194332,pool_ce
train,language,,bn,uniq_superbpe,8192,observed,32,274908,152004,58399,49064,3.0980759823903474,0.8401513724550078,16773,34.18596119354313,3.0980759823903474,3,7,13,"{""1"": 20506, ""10"": 531, ""12"": 87, ""13"": 160, ""2"": 541, ""3"": 13511, ""4"": 2781, ""5"": 24, ""6"": 7720, ""7"": 2471, ""9"": 732}",8188,555,6.778212017586712,16,0.03261046796021523,0,0.0,49821,49789,757,1.5204161561790757,91,0.18547203652372413,0,2213,6300,8515,0,8515,8515,1.0,0.0,232,1501,160,1429,220,1661,1661,1.1623512946116166,15.395381385584324,pool_ce
train,language,,c,uniq_superbpe,8192,observed,32,269690,51063,51060,27306,1.8700285651505164,0.5347826086956522,0,0.0,1.8700285651505164,1,5,16,"{""1"": 16118, ""10"": 46, ""12"": 24, ""13"": 17, ""16"": 34, ""2"": 5789, ""3"": 2583, ""4"": 1205, ""5"": 678, ""6"": 333, ""7"": 166, ""8"": 82, ""9"": 231}",8188,837,10.222276502198339,1,0.003662198784150004,0,0.0,28400,28368,1094,3.856457980823463,106,0.38819307111990037,489,3016,3305,5926,384,6415,9740,1.0825177185285184,6.479919001012488,2011,5720,376,4093,597,6104,6116,1.4913266552650868,14.585878328854141,pool_ce
train,language,,cpp,uniq_superbpe,8192,observed,32,735578,54217,54213,27589,1.9651672768132227,0.5089000793167691,0,0.0,1.9651672768132227,1,5,16,"{""1"": 15788, ""10"": 37, ""12"": 29, ""13"": 38, ""16"": 42, ""2"": 5821, ""3"": 2790, ""4"": 1184, ""5"": 762, ""6"": 506, ""7"": 141, ""8"": 95, ""9"": 356}",8188,860,10.503175378602833,0,0.0,0,0.0,28601,28569,1012,3.5423010955931256,72,0.26097357642538693,412,2917,2769,5352,290,5764,9575,1.0769805680119582,5.418535127055306,1780,5821,431,4478,1001,6258,6268,1.3974988834301028,22.3537293434569,pool_ce
train,language,,en,uniq_superbpe,8192,observed,32,128944,59492,59076,26927,2.2093809187804063,0.45580269483377345,0,0.0,2.2093809187804063,2,4,12,"{""1"": 8987, ""10"": 41, ""12"": 1, ""2"": 8190, ""3"": 6684, ""4"": 2021, ""5"": 682, ""6"": 112, ""7"": 188, ""8"": 20, ""9"": 1}",8188,871,10.637518319491939,12,0.04456493482378282,0,0.0,27328,27296,401,1.4690797186400937,155,0.5756304081405281,3,1896,7189,9298,3,9301,9301,1.000322650032265,0.032265003226500326,332,1952,144,1764,266,2096,2096,1.1882086167800454,15.079365079365079,pool_ce
train,language,,fa,uniq_superbpe,8192,observed,32,198722,93798,52677,27782,3.376214815348067,0.5274028513392942,18,0.06479015189691167,3.376214815348067,4,6,9,"{""1"": 2776, ""2"": 7462, ""3"": 3453, ""4"": 7975, ""5"": 4267, ""6"": 730, ""7"": 918, ""8"": 111, ""9"": 90}",8188,543,6.6316560820713235,4,0.014397811532647038,0,0.0,27856,27824,74,0.26595744680851063,3,0.010798358649485279,0,1297,8633,9930,0,9930,9930,1.0,0.0,236,1335,70,1169,191,1405,1405,1.2018819503849445,16.33875106928999,pool_ce
train,language,,go,uniq_superbpe,8192,observed,32,514454,56813,56813,28306,2.0071009679926517,0.49823103867072677,0,0.0,2.0071009679926517,1,5,16,"{""1"": 14728, ""10"": 36, ""12"": 38, ""16"": 9, ""2"": 6442, ""3"": 3676, ""4"": 1653, ""5"": 514, ""6"": 675, ""7"": 323, ""8"": 188, ""9"": 24}",8188,851,10.393258426966293,0,0.0,0,0.0,28975,28943,669,2.311439726358705,82,0.28969123154101606,119,3231,3167,6386,93,6505,9031,1.0186345129971814,1.4563106796116505,1030,6074,360,5404,868,6434,6454,1.19059955588453,16.06217616580311,pool_ce
train,language,,gu,uniq_superbpe,8192,observed,32,266235,146974,58881,46888,3.134576010919638,0.7963179973166217,15750,33.59068418358642,3.134576010919638,3,7,13,"{""1"": 19799, ""10"": 453, ""13"": 61, ""2"": 956, ""3"": 10299, ""4"": 4177, ""5"": 28, ""6"": 7384, ""7"": 2844, ""9"": 887}",8188,644,7.865168539325842,24,0.05118580447022692,0,0.0,47033,47001,145,0.30850407438139615,17,0.036256611499744074,0,1639,8081,9723,0,9723,9723,1.0,0.0,256,1492,138,1374,189,1630,1630,1.1863173216885008,13.755458515283843,pool_ce
train,language,,hi,uniq_superbpe,8192,observed,32,342431,153237,61359,45002,3.405115328207635,0.7334213399827246,14460,32.13190524865561,3.405115328207635,3,7,16,"{""1"": 18248, ""10"": 591, ""12"": 53, ""13"": 245, ""14"": 75, ""16"": 91, ""2"": 591, ""3"": 9962, ""4"": 3009, ""5"": 13, ""6"": 6199, ""7"": 5468, ""9"": 457}",8188,648,7.914020517830972,0,0.0,0,0.0,45401,45369,399,0.8794551345632481,285,0.6333051864361584,0,1882,9852,11810,0,11810,11810,1.0,0.0,245,1573,119,1447,222,1692,1692,1.1693158258465792,15.342087076710435,pool_ce
train,language,,ja,uniq_superbpe,8192,observed,32,323403,142468,61333,52388,2.719477742994579,0.8541568160696525,0,0.0,2.719477742994579,3,6,12,"{""1"": 10428, ""12"": 75, ""2"": 3267, ""3"": 35550, ""4"": 324, ""5"": 33, ""6"": 2634, ""7"": 1, ""9"": 76}",8188,2301,28.102100635075722,1119,2.135985340154234,0,0.0,52603,52571,215,0.40897072530482587,4,0.007635336336565626,0,2642,1793,4436,0,4436,4436,1.0,0.0,562,4439,205,4082,425,4644,4644,1.1376776090151886,10.41156295933366,pool_ce
train,language,,java,uniq_superbpe,8192,observed,32,175611,43999,43605,20065,2.192823324196362,0.4601536521041165,0,0.0,2.192823324196362,1,6,16,"{""1"": 10135, ""10"": 167, ""12"": 22, ""13"": 30, ""16"": 34, ""2"": 4245, ""3"": 2670, ""4"": 1150, ""5"": 596, ""6"": 535, ""7"": 265, ""8"": 93, ""9"": 123}",8188,914,11.16267708842208,9,0.0448542237727386,0,0.0,21172,21140,1107,5.236518448438979,226,1.1263393969598803,232,1986,1968,3775,213,4007,7594,1.0614569536423841,5.642384105960265,864,3875,220,3273,507,4137,4145,1.2639780018331805,15.490375802016498,pool_ce
train,language,,javascript,uniq_superbpe,8192,observed,32,112493,38980,38152,20751,1.87846368849694,0.5439033340322919,0,0.0,1.87846368849694,1,5,16,"{""1"": 12008, ""10"": 18, ""11"": 1, ""12"": 8, ""13"": 33, ""16"": 24, ""2"": 4707, ""3"": 2110, ""4"": 590, ""5"": 479, ""6"": 367, ""7"": 171, ""8"": 141, ""9"": 94}",8188,908,11.089399120664387,19,0.09156185244084622,0,0.0,21975,21943,1224,5.578088684318462,34,0.16384752542046166,333,2297,1691,3702,241,4035,7448,1.0899513776337115,6.509994597514857,1703,5508,422,4230,1261,5933,5941,1.4026004728132389,29.810874704491727,pool_ce
train,language,,kn,uniq_superbpe,8192,observed,32,458253,153841,60531,46456,3.311542104356811,0.7674745171895393,12597,27.115980712932668,3.311542104356811,3,6,12,"{""1"": 17543, ""10"": 82, ""12"": 59, ""2"": 1348, ""3"": 9667, ""4"": 3252, ""5"": 30, ""6"": 12562, ""7"": 1337, ""9"": 576}",8188,737,9.000977039570103,45,0.09686585155846392,0,0.0,46686,46654,230,0.49299095468770093,21,0.0452040640606165,0,1840,5402,7243,0,7243,7243,1.0,0.0,239,1437,225,1423,205,1662,1662,1.167955024595924,14.406184118060436,pool_ce
train,language,,ko,uniq_superbpe,8192,observed,32,201347,118352,51206,41850,2.828004778972521,0.8172870366753896,7,0.016726403823178016,2.828004778972521,3,4,12,"{""1"": 7815, ""11"": 19, ""12"": 57, ""2"": 1529, ""3"": 25929, ""4"": 5343, ""5"": 8, ""6"": 842, ""7"": 201, ""8"": 35, ""9"": 72}",8188,1519,18.551538837322912,926,2.2126642771804064,0,0.0,44433,44401,2583,5.817436544221977,127,0.3034647550776583,1,4385,6614,11052,1,11053,11053,1.0000904813608396,0.009048136083966703,489,2367,565,2443,386,2932,2934,1.2001637331150226,15.800245599672534,pool_ce
train,language,,ml,uniq_superbpe,8192,observed,32,188792,137273,52226,42332,3.242771425871681,0.8105541301267568,16398,38.736653122933006,3.242771425871681,3,9,12,"{""1"": 19832, ""10"": 123, ""12"": 1354, ""2"": 828, ""3"": 8543, ""4"": 2660, ""5"": 36, ""6"": 5998, ""7"": 376, ""9"": 2582}",8188,611,7.462139716658525,18,0.04252102428422942,0,0.0,42541,42509,209,0.4916605895222188,36,0.08504204856845884,0,1461,3734,5197,0,5197,5197,1.0,0.0,205,1175,203,1173,171,1378,1378,1.174765558397272,14.578005115089514,pool_ce
train,language,,mr,uniq_superbpe,8192,observed,32,362326,145113,56571,41914,3.462160614591783,0.7409096533559598,12657,30.197547358877703,3.462160614591783,3,7,16,"{""1"": 16114, ""10"": 578, ""12"": 627, ""13"": 75, ""16"": 60, ""2"": 760, ""3"": 9903, ""4"": 2524, ""5"": 26, ""6"": 7790, ""7"": 2774, ""9"": 683}",8188,697,8.512457254518807,1,0.0023858376676050962,0,0.0,42088,42056,174,0.41373406886056685,16,0.03817340268168154,0,1345,6434,7780,0,7780,7780,1.0,0.0,228,1384,167,1323,188,1551,1551,1.1723356009070294,14.210128495842781,pool_ce
train,language,,python,uniq_superbpe,8192,observed,32,193155,48487,48387,22087,2.195273237651107,0.45646557959782585,0,0.0,2.195273237651107,1,6,16,"{""1"": 11142, ""10"": 12, ""11"": 2, ""12"": 24, ""13"": 59, ""16"": 81, ""2"": 4641, ""3"": 2996, ""4"": 1379, ""5"": 691, ""6"": 406, ""7"": 314, ""8"": 83, ""9"": 257}",8188,867,10.58866634098681,7,0.031692850998324806,0,0.0,23272,23240,1185,5.098967297762479,42,0.19015710598994884,263,2309,2522,4625,106,4888,10776,1.0568648648648649,2.291891891891892,1352,4928,286,3862,761,5214,5228,1.3500776799585708,19.70481615743138,pool_ce
train,language,,ru,uniq_superbpe,8192,observed,32,231857,106212,58870,30588,3.472342094939192,0.5195855274333276,0,0.0,3.472342094939192,4,6,9,"{""1"": 3615, ""2"": 7486, ""3"": 2672, ""4"": 10408, ""5"": 2436, ""6"": 2603, ""7"": 848, ""8"": 437, ""9"": 83}",8188,719,8.78114313629702,2,0.006538511834706421,0,0.0,30866,30834,278,0.9016021275215671,77,0.2517327056361972,0,1467,6344,7811,0,7811,7811,1.0,0.0,275,1640,275,1640,220,1915,1917,1.1676829268292683,13.414634146341463,pool_ce
train,language,,rust,uniq_superbpe,8192,observed,32,405448,56922,56922,29206,1.9489830856673287,0.5130880854502653,0,0.0,1.9489830856673287,1,5,16,"{""1"": 16981, ""10"": 13, ""12"": 14, ""13"": 136, ""16"": 71, ""2"": 5652, ""3"": 3270, ""4"": 1408, ""5"": 922, ""6"": 267, ""7"": 171, ""8"": 125, ""9"": 176}",8188,830,10.136785539814362,1,0.003423953982058481,0,0.0,30695,30663,1489,4.856015393144832,84,0.2876121344929124,196,3154,3226,6228,173,6424,13231,1.031470777135517,2.7777777777777777,2749,8126,450,5827,1968,8576,8582,1.4717693495795434,33.773811566844,pool_ce
train,language,,sql,uniq_superbpe,8192,observed,32,962841,36373,36088,20327,1.7893934176218822,0.5632620261582798,0,0.0,1.7893934176218822,1,5,16,"{""1"": 12777, ""10"": 8, ""12"": 5, ""13"": 13, ""16"": 50, ""2"": 4181, ""3"": 1650, ""4"": 686, ""5"": 292, ""6"": 181, ""7"": 172, ""8"": 127, ""9"": 185}",8188,812,9.91695163654128,3,0.01475869533133271,0,0.0,21135,21103,808,3.828839501492679,214,1.0527869336350666,263,2066,1991,3925,242,4188,6655,1.0670063694267515,6.165605095541402,1395,4268,230,3103,650,4498,4498,1.4495649371575894,20.947470190138574,pool_ce
train,language,,sw,uniq_superbpe,8192,observed,32,302841,62449,62216,30547,2.0443578747503848,0.490983026874116,58,0.18987134579500442,2.0443578747503848,2,3,7,"{""1"": 9302, ""2"": 12013, ""3"": 8289, ""4"": 662, ""5"": 179, ""6"": 3, ""7"": 99}",8188,701,8.561309233023938,3,0.009820931679051953,0,0.0,30689,30657,142,0.4631894836415827,14,0.045831014502242445,5,1529,7575,9101,5,9106,9106,1.0005493901769036,0.054939017690363696,305,1614,139,1448,263,1753,1753,1.2106353591160222,18.162983425414364,pool_ce
train,language,,ta,uniq_superbpe,8192,observed,32,239434,140738,53567,36082,3.900504406629344,0.6735863498049172,5775,16.005210354193228,3.900504406629344,3,7,10,"{""1"": 10345, ""10"": 388, ""2"": 905, ""3"": 8708, ""4"": 163, ""5"": 26, ""6"": 12698, ""7"": 2016, ""9"": 833}",8188,528,6.448461162677089,5,0.013857324981985478,0,0.0,37186,37154,1104,2.9714162674274642,21,0.058200764924339,0,2505,3286,5791,0,5791,5791,1.0,0.0,431,1347,441,1357,296,1788,1788,1.3176123802505526,21.812822402358144,pool_ce
train,language,,te,uniq_superbpe,8192,observed,32,300221,158103,60933,47153,3.352978601573601,0.77384996635649,13704,29.06283799546158,3.352978601573601,3,6,12,"{""1"": 18876, ""10"": 117, ""12"": 370, ""2"": 1108, ""3"": 8894, ""4"": 2364, ""5"": 18, ""6"": 13567, ""7"": 1390, ""9"": 449}",8188,627,7.657547630679042,24,0.05089814009713062,0,0.0,47557,47525,404,0.8500789058390321,7,0.014845290861663097,0,2891,4596,7488,0,7488,7488,1.0,0.0,359,1548,391,1580,301,1939,1939,1.2272151898734178,19.050632911392405,pool_ce
train,language,,typescript,uniq_superbpe,8192,observed,32,734901,43989,43698,20238,2.1735843462792768,0.4631333241795963,0,0.0,2.1735843462792768,1,6,16,"{""1"": 10631, ""10"": 29, ""11"": 90, ""12"": 9, ""13"": 9, ""16"": 11, ""2"": 4279, ""3"": 2152, ""4"": 945, ""5"": 734, ""6"": 652, ""7"": 442, ""8"": 88, ""9"": 167}",8188,898,10.967269174401563,6,0.029647198339756892,0,0.0,21686,21654,1448,6.686986238108433,125,0.6176499654116019,349,2438,2103,4263,314,4612,8393,1.081867229650481,7.365704902650715,1104,3991,400,3292,749,4396,4406,1.3353584447144593,22.752126366950183,pool_ce
train,language,,uk,uniq_superbpe,8192,observed,32,184737,95676,53182,28825,3.319202081526453,0.5420066939942085,0,0.0,3.319202081526453,4,6,10,"{""1"": 3828, ""10"": 49, ""2"": 7872, ""3"": 2378, ""4"": 9750, ""5"": 2106, ""6"": 1578, ""7"": 694, ""8"": 506, ""9"": 64}",8188,692,8.451392281387395,14,0.04856895056374675,0,0.0,29108,29076,283,0.9733113220525519,39,0.13529921942758022,0,1530,5563,7093,0,7093,7093,1.0,0.0,316,1886,279,1849,283,2165,2167,1.1709031909140075,15.305570578691185,pool_ce
train,language,,ur,uniq_superbpe,8192,observed,32,431064,112341,64366,33474,3.3560673955906077,0.520057173041668,403,1.2039194598793093,3.3560673955906077,3,7,12,"{""1"": 3708, ""10"": 43, ""11"": 93, ""12"": 126, ""2"": 10557, ""3"": 3828, ""4"": 7414, ""5"": 5582, ""6"": 283, ""7"": 1377, ""9"": 463}",8188,719,8.78114313629702,11,0.032861325207623825,0,0.0,33969,33937,495,1.4585850251937413,461,1.3771882655195076,0,1780,11596,13545,0,13545,13545,1.0,0.0,248,1740,35,1527,229,1775,1777,1.1624099541584807,14.996725605762935,pool_ce
train,language,,yo,uniq_superbpe,8192,observed,32,145697,69432,59766,30941,2.244012798552083,0.5177023725864204,134,0.43308231795998836,2.244012798552083,2,5,9,"{""1"": 9516, ""2"": 10694, ""3"": 7879, ""4"": 1154, ""5"": 695, ""6"": 395, ""7"": 520, ""8"": 2, ""9"": 86}",8188,698,8.52467024914509,10,0.03231957596716331,0,0.0,31438,31406,497,1.5825001592052474,304,0.9825151094017647,0,2398,8792,11487,0,11487,11487,1.0,0.0,267,1670,189,1592,237,1859,1859,1.1677135678391959,14.886934673366834,pool_ce
train,language,,zh,uniq_superbpe,8192,observed,32,616082,130086,53452,46740,2.783183568677792,0.8744293945970216,4,0.008557980316645272,2.783183568677792,3,3,12,"{""1"": 7417, ""12"": 154, ""2"": 2151, ""3"": 35399, ""4"": 199, ""5"": 26, ""6"": 821, ""7"": 343, ""8"": 1, ""9"": 229}",8188,3245,39.63116756228627,2795,5.979888746255884,0,0.0,47316,47284,576,1.218171051518484,2,0.004278990158322636,0,2024,1729,3755,0,3755,3755,1.0,0.0,365,3313,287,3235,285,3600,3602,1.1128284389489953,8.809891808346213,pool_ce
train,domain,code,,uniq_superbpe,8192,observed,288,4104171,430843,428938,215875,1.9957984944991314,0.5032778630011796,0,0.0,1.9957984944991314,1,5,16,"{""1"": 120308, ""10"": 366, ""11"": 93, ""12"": 173, ""13"": 335, ""16"": 356, ""2"": 45757, ""3"": 23897, ""4"": 10200, ""5"": 5668, ""6"": 3922, ""7"": 2165, ""8"": 1022, ""9"": 1613}",8188,1337,16.32877381533952,46,0.02130862767805443,0,0.0,225911,225623,10036,4.448128072049392,985,0.45628257093225244,2656,23414,22742,44182,2056,46838,82443,1.0601149789507038,4.653478792268345,13988,48311,3175,37562,8362,51550,51638,1.372397635908631,22.26186039082051,pool_ce
train,domain,cyrillic_african,,uniq_superbpe,8192,observed,192,1504935,583695,352072,198329,2.943064302245259,0.563319434661092,192,0.0968088378401545,2.943064302245259,3,6,10,"{""1"": 36642, ""10"": 454, ""2"": 45746, ""3"": 55616, ""4"": 37127, ""5"": 8922, ""6"": 7790, ""7"": 4279, ""8"": 1415, ""9"": 338}",8188,1649,20.139228138739618,120,0.06050552365009656,0,0.0,199890,199698,1561,0.7816803373093371,556,0.28034225957878073,5,11792,43582,55671,5,55676,55676,1.0000898133678218,0.008981336782166657,2190,11569,1231,10610,1804,12800,12806,1.2064090480678604,17.00282752120641,pool_ce
train,domain,indic_cjk_arabic,,uniq_superbpe,8192,observed,448,4418492,1882068,800441,588542,3.1978482419266596,0.735272181210108,109248,18.56248152213436,3.1978482419266596,3,7,16,"{""1"": 177034, ""10"": 2906, ""11"": 112, ""12"": 2962, ""13"": 541, ""14"": 75, ""16"": 151, ""2"": 43414, ""3"": 186986, ""4"": 50766, ""5"": 12215, ""6"": 79391, ""7"": 23663, ""8"": 147, ""9"": 8179}",8188,7027,85.82071323888617,5003,0.8500667751834193,0,0.0,595979,595531,7437,1.2488014897629174,1094,0.1858830805617951,1,29005,85785,115103,1,115104,115104,1.0000086878708634,0.0008687870863487486,4426,26339,3075,24988,3577,29414,29420,1.1771250200096046,14.31487113814631,pool_ce
train,domain,latin_english,,uniq_superbpe,8192,observed,32,128944,59492,59076,26927,2.2093809187804063,0.45580269483377345,0,0.0,2.2093809187804063,2,4,12,"{""1"": 8987, ""10"": 41, ""12"": 1, ""2"": 8190, ""3"": 6684, ""4"": 2021, ""5"": 682, ""6"": 112, ""7"": 188, ""8"": 20, ""9"": 1}",8188,871,10.637518319491939,12,0.04456493482378282,0,0.0,27328,27296,401,1.4690797186400937,155,0.5756304081405281,3,1896,7189,9298,3,9301,9301,1.000322650032265,0.032265003226500326,332,1952,144,1764,266,2096,2096,1.1882086167800454,15.079365079365079,pool_ce
train,aggregate,,,uniq_superbpe,8192,observed,960,10156542,2956098,1640527,1029673,2.87090950233715,0.62764770101315,109440,10.628617046382686,2.87090950233715,3,7,16,"{""1"": 342971, ""10"": 3767, ""11"": 205, ""12"": 3136, ""13"": 876, ""14"": 75, ""16"": 507, ""2"": 143107, ""3"": 273183, ""4"": 100114, ""5"": 27487, ""6"": 91215, ""7"": 30295, ""8"": 2604, ""9"": 10131}",8188,7967,97.3009281875916,5181,0.5031694528262857,0,0.0,1049108,1048148,19435,1.8542228769219613,2790,0.2709598095706113,2665,66107,159298,224254,2065,226919,262524,1.011883845996058,0.9208308435969927,20936,88171,7625,74924,14009,95860,95960,1.2794298222198495,18.69761358176285,pool_ce
validation,stratum,flores200,am,uniq_superbpe,8192,observed,32,6471,6471,2573,2026,3.193978282329714,0.7874076952973184,0,0.0,3.193978282329714,3,6,10,"{""1"": 190, ""10"": 21, ""2"": 32, ""3"": 1418, ""4"": 250, ""6"": 52, ""7"": 63}",8188,276,3.3707865168539324,9,0.4442250740375123,0,0.0,2026,1994,0,0.0,0,0.0,0,133,353,486,0,486,486,1.0,0.0,1,76,0,75,1,76,76,1.0133333333333334,1.3333333333333333,pool_ce
validation,stratum,flores200,ar,uniq_superbpe,8192,observed,32,6539,6539,3628,2057,3.1789013125911523,0.5669790518191842,48,2.333495381623724,3.1789013125911523,3,7,9,"{""1"": 198, ""2"": 754, ""3"": 203, ""4"": 586, ""5"": 161, ""6"": 12, ""7"": 142, ""9"": 1}",8188,281,3.4318514899853443,9,0.4375303840544482,5,0.24307243558580457,2058,2026,1,0.049358341559723594,0,0.0,0,64,517,581,0,581,581,1.0,0.0,2,87,1,86,2,88,88,1.0232558139534884,2.3255813953488373,pool_ce
validation,stratum,flores200,bg,uniq_superbpe,8192,observed,32,7484,7482,4146,2135,3.504449648711944,0.5149541726965751,0,0.0,3.504449648711944,4,6,9,"{""1"": 216, ""2"": 480, ""3"": 216, ""4"": 776, ""5"": 253, ""6"": 113, ""7"": 42, ""8"": 34, ""9"": 5}",8188,355,4.335613092330239,0,0.0,0,0.0,2145,2113,10,0.47326076668244205,6,0.2810304449648712,0,92,525,617,0,617,617,1.0,0.0,3,114,10,121,3,124,124,1.024793388429752,2.479338842975207,pool_ce
validation,stratum,flores200,bn,uniq_superbpe,8192,observed,32,10607,10772,4028,3433,3.137780367025925,0.8522840119165839,1260,36.70259248470725,3.137780367025925,3,7,13,"{""1"": 1469, ""10"": 50, ""12"": 5, ""13"": 14, ""2"": 15, ""3"": 929, ""4"": 162, ""6"": 551, ""7"": 176, ""9"": 62}",8188,206,2.515876893014167,0,0.0,0,0.0,3484,3452,51,1.477404403244496,12,0.34954849985435477,2,146,414,558,2,560,560,1.003584229390681,0.35842293906810035,8,83,7,82,5,90,90,1.0975609756097562,6.097560975609756,pool_ce
validation,stratum,flores200,fa,uniq_superbpe,8192,observed,32,6879,6879,3885,2044,3.36545988258317,0.5261261261261261,4,0.19569471624266144,3.36545988258317,3,6,9,"{""1"": 160, ""2"": 600, ""3"": 269, ""4"": 586, ""5"": 301, ""6"": 53, ""7"": 61, ""8"": 8, ""9"": 6}",8188,346,4.225696140693698,1,0.04892367906066536,0,0.0,2045,2013,1,0.04967709885742673,0,0.0,0,65,635,700,0,700,700,1.0,0.0,4,107,1,104,4,108,108,1.0384615384615385,3.8461538461538463,pool_ce
validation,stratum,flores200,gu,uniq_superbpe,8192,observed,32,9612,9612,3700,3213,2.991596638655462,0.8683783783783784,1227,38.18860877684407,2.991596638655462,3,7,13,"{""1"": 1459, ""10"": 42, ""13"": 2, ""2"": 34, ""3"": 749, ""4"": 241, ""6"": 492, ""7"": 135, ""9"": 59}",8188,213,2.6013678553981436,1,0.03112356053532524,0,0.0,3223,3191,10,0.31338138514572234,0,0.0,2,124,446,568,2,570,570,1.0035211267605635,0.352112676056338,13,81,10,78,10,91,91,1.1666666666666667,12.820512820512821,pool_ce
validation,stratum,flores200,hi,uniq_superbpe,8192,observed,32,10059,10074,3966,3085,3.26547811993517,0.7778618255168936,1092,35.39708265802269,3.26547811993517,3,7,16,"{""1"": 1308, ""10"": 38, ""12"": 6, ""13"": 11, ""14"": 8, ""16"": 1, ""2"": 33, ""3"": 715, ""4"": 187, ""6"": 412, ""7"": 341, ""9"": 25}",8188,273,3.3341475329750856,0,0.0,0,0.0,3102,3070,17,0.5537459283387622,12,0.3889789303079417,0,127,612,747,0,747,747,1.0,0.0,1,76,5,80,1,81,81,1.0125,1.25,pool_ce
validation,stratum,flores200,ja,uniq_superbpe,8192,observed,32,5120,5110,1782,1687,3.029045643153527,0.94668911335578,81,4.801422643746295,3.029045643153527,3,6,6,"{""1"": 145, ""2"": 21, ""3"": 1401, ""6"": 120}",8188,499,6.0942843185149,135,8.002371072910492,57,3.3787788974510966,1687,1655,0,0.0,0,0.0,0,0,2,2,0,2,2,1.0,0.0,2,113,0,111,2,113,113,1.018018018018018,1.8018018018018018,pool_ce
validation,stratum,flores200,kn,uniq_superbpe,8192,observed,32,11332,11326,4264,3370,3.360830860534125,0.7903377110694184,1008,29.910979228486646,3.360830860534125,3,6,12,"{""1"": 1316, ""10"": 8, ""12"": 9, ""2"": 44, ""3"": 691, ""4"": 189, ""6"": 964, ""7"": 110, ""9"": 39}",8188,227,2.772349780166097,2,0.05934718100890208,0,0.0,3389,3357,19,0.5659815311289842,0,0.0,46,203,346,503,42,549,549,1.091451292246521,8.34990059642147,0,71,19,90,0,90,90,1.0,0.0,pool_ce
validation,stratum,flores200,ko,uniq_superbpe,8192,observed,32,4735,4735,2037,1690,2.801775147928994,0.8296514482081493,45,2.662721893491124,2.801775147928994,3,4,9,"{""1"": 337, ""2"": 63, ""3"": 1022, ""4"": 206, ""6"": 55, ""7"": 5, ""8"": 1, ""9"": 1}",8188,485,5.923302393746947,86,5.088757396449704,27,1.5976331360946745,1787,1755,97,5.527065527065527,4,0.23668639053254437,0,176,253,430,0,430,430,1.0,0.0,6,70,11,75,4,81,81,1.08,5.333333333333333,pool_ce
validation,stratum,flores200,ml,uniq_superbpe,8192,observed,32,11894,11894,4384,3740,3.1802139037433155,0.8531021897810219,1509,40.3475935828877,3.1802139037433155,3,9,12,"{""1"": 1779, ""10"": 16, ""12"": 123, ""2"": 37, ""3"": 807, ""4"": 205, ""6"": 571, ""7"": 40, ""9"": 162}",8188,223,2.7234978016609674,1,0.026737967914438502,0,0.0,3751,3719,11,0.295778435063189,0,0.0,5,159,288,442,5,447,447,1.01131221719457,1.1312217194570136,11,80,11,80,8,91,91,1.1375,10.0,pool_ce
validation,stratum,flores200,mr,uniq_superbpe,8192,observed,32,10965,10965,4109,3382,3.2421643997634537,0.8230713068873206,1254,37.07865168539326,3.2421643997634537,3,7,13,"{""1"": 1467, ""10"": 33, ""12"": 67, ""13"": 7, ""2"": 23, ""3"": 816, ""4"": 172, ""6"": 560, ""7"": 201, ""9"": 36}",8188,278,3.3952125061064975,0,0.0,0,0.0,3389,3357,7,0.20851951146857314,0,0.0,1,114,430,543,1,544,544,1.0018416206261511,0.1841620626151013,10,81,7,78,7,88,88,1.1282051282051282,8.974358974358974,pool_ce
validation,stratum,flores200,ru,uniq_superbpe,8192,observed,32,7654,7654,4261,2275,3.3643956043956043,0.533912227176719,0,0.0,3.3643956043956043,4,6,9,"{""1"": 276, ""2"": 627, ""3"": 196, ""4"": 750, ""5"": 160, ""6"": 169, ""7"": 64, ""8"": 23, ""9"": 10}",8188,416,5.0806057645334635,0,0.0,0,0.0,2288,2256,13,0.5762411347517731,5,0.21978021978021978,5,119,457,571,5,576,576,1.0087565674255692,0.8756567425569177,6,117,13,124,5,130,130,1.0483870967741935,4.032258064516129,pool_ce
validation,stratum,flores200,sw,uniq_superbpe,8192,observed,32,4405,4405,4397,2036,2.163555992141454,0.46304298385262677,0,0.0,2.163555992141454,2,4,7,"{""1"": 531, ""2"": 801, ""3"": 602, ""4"": 74, ""5"": 13, ""7"": 15}",8188,385,4.70200293111871,0,0.0,0,0.0,2039,2007,3,0.14947683109118087,0,0.0,0,88,572,660,0,660,660,1.0,0.0,1,74,3,76,1,77,77,1.013157894736842,1.3157894736842106,pool_ce
validation,stratum,flores200,ta,uniq_superbpe,8192,observed,32,12193,12193,4517,3050,3.997704918032787,0.6752269205224707,522,17.114754098360656,3.997704918032787,3,7,10,"{""1"": 854, ""10"": 25, ""2"": 53, ""3"": 697, ""4"": 17, ""6"": 1154, ""7"": 175, ""9"": 75}",8188,194,2.3693209574987786,2,0.06557377049180328,0,0.0,3128,3096,78,2.5193798449612403,0,0.0,1,213,262,474,1,475,475,1.0021097046413503,0.2109704641350211,13,84,27,98,10,111,111,1.1326530612244898,10.204081632653061,pool_ce
validation,stratum,flores200,te,uniq_superbpe,8192,observed,32,10409,10409,3954,3096,3.362080103359173,0.7830045523520486,915,29.55426356589147,3.362080103359173,3,6,12,"{""1"": 1260, ""10"": 11, ""12"": 19, ""2"": 60, ""3"": 565, ""4"": 131, ""5"": 1, ""6"": 950, ""7"": 62, ""9"": 37}",8188,262,3.1998045920859797,0,0.0,0,0.0,3115,3083,19,0.6162828413882582,1,0.03229974160206718,6,235,251,480,6,486,486,1.0125,1.25,7,73,19,85,7,92,92,1.0823529411764705,8.235294117647058,pool_ce
validation,stratum,flores200,uk,uniq_superbpe,8192,observed,32,7446,7446,4118,2233,3.334527541424093,0.5422535211267606,0,0.0,3.334527541424093,4,6,10,"{""1"": 256, ""10"": 3, ""2"": 641, ""3"": 194, ""4"": 758, ""5"": 158, ""6"": 133, ""7"": 56, ""8"": 22, ""9"": 12}",8188,375,4.579872984855887,1,0.04478280340349306,0,0.0,2242,2210,9,0.4072398190045249,4,0.17913121361397225,0,111,444,555,0,555,555,1.0,0.0,2,117,9,124,2,126,126,1.0161290322580645,1.6129032258064515,pool_ce
validation,stratum,flores200,ur,uniq_superbpe,8192,observed,32,6879,6879,3892,2069,3.3247945867568873,0.5316032887975334,10,0.4833252779120348,3.3247945867568873,3,6,12,"{""1"": 140, ""11"": 1, ""12"": 2, ""2"": 719, ""3"": 262, ""4"": 485, ""5"": 344, ""6"": 20, ""7"": 82, ""9"": 14}",8188,307,3.749389350268686,0,0.0,0,0.0,2077,2045,8,0.39119804400978,8,0.3866602223296278,0,73,718,793,0,793,793,1.0,0.0,1,72,0,71,1,72,72,1.0140845070422535,1.408450704225352,pool_ce
validation,stratum,flores200,yo,uniq_superbpe,8192,observed,32,5060,5063,3889,2832,1.7877824858757063,0.7282077654924145,292,10.310734463276836,1.7877824858757063,2,3,6,"{""1"": 1195, ""2"": 1160, ""3"": 401, ""4"": 43, ""5"": 25, ""6"": 8}",8188,357,4.360039081582804,11,0.3884180790960452,6,0.211864406779661,2853,2821,21,0.7444168734491315,4,0.14124293785310735,0,272,442,718,0,718,718,1.0,0.0,2,61,17,76,2,78,78,1.0263157894736843,2.6315789473684212,pool_ce
validation,stratum,flores200,zh,uniq_superbpe,8192,observed,32,3887,3769,1485,1439,2.6191799861014595,0.969023569023569,78,5.42043085476025,2.6191799861014595,3,3,6,"{""1"": 243, ""2"": 68, ""3"": 1124, ""4"": 3, ""6"": 1}",8188,609,7.43771372740596,155,10.771369006254343,46,3.1966643502432244,1443,1411,4,0.28348688873139616,0,0.0,0,34,29,63,0,63,63,1.0,0.0,6,134,4,132,6,138,138,1.0454545454545454,4.545454545454546,pool_ce
validation,language,,am,uniq_superbpe,8192,observed,32,6471,6471,2573,2026,3.193978282329714,0.7874076952973184,0,0.0,3.193978282329714,3,6,10,"{""1"": 190, ""10"": 21, ""2"": 32, ""3"": 1418, ""4"": 250, ""6"": 52, ""7"": 63}",8188,276,3.3707865168539324,9,0.4442250740375123,0,0.0,2026,1994,0,0.0,0,0.0,0,133,353,486,0,486,486,1.0,0.0,1,76,0,75,1,76,76,1.0133333333333334,1.3333333333333333,pool_ce
validation,language,,ar,uniq_superbpe,8192,observed,32,6539,6539,3628,2057,3.1789013125911523,0.5669790518191842,48,2.333495381623724,3.1789013125911523,3,7,9,"{""1"": 198, ""2"": 754, ""3"": 203, ""4"": 586, ""5"": 161, ""6"": 12, ""7"": 142, ""9"": 1}",8188,281,3.4318514899853443,9,0.4375303840544482,5,0.24307243558580457,2058,2026,1,0.049358341559723594,0,0.0,0,64,517,581,0,581,581,1.0,0.0,2,87,1,86,2,88,88,1.0232558139534884,2.3255813953488373,pool_ce
validation,language,,bg,uniq_superbpe,8192,observed,32,7484,7482,4146,2135,3.504449648711944,0.5149541726965751,0,0.0,3.504449648711944,4,6,9,"{""1"": 216, ""2"": 480, ""3"": 216, ""4"": 776, ""5"": 253, ""6"": 113, ""7"": 42, ""8"": 34, ""9"": 5}",8188,355,4.335613092330239,0,0.0,0,0.0,2145,2113,10,0.47326076668244205,6,0.2810304449648712,0,92,525,617,0,617,617,1.0,0.0,3,114,10,121,3,124,124,1.024793388429752,2.479338842975207,pool_ce
validation,language,,bn,uniq_superbpe,8192,observed,32,10607,10772,4028,3433,3.137780367025925,0.8522840119165839,1260,36.70259248470725,3.137780367025925,3,7,13,"{""1"": 1469, ""10"": 50, ""12"": 5, ""13"": 14, ""2"": 15, ""3"": 929, ""4"": 162, ""6"": 551, ""7"": 176, ""9"": 62}",8188,206,2.515876893014167,0,0.0,0,0.0,3484,3452,51,1.477404403244496,12,0.34954849985435477,2,146,414,558,2,560,560,1.003584229390681,0.35842293906810035,8,83,7,82,5,90,90,1.0975609756097562,6.097560975609756,pool_ce
validation,language,,fa,uniq_superbpe,8192,observed,32,6879,6879,3885,2044,3.36545988258317,0.5261261261261261,4,0.19569471624266144,3.36545988258317,3,6,9,"{""1"": 160, ""2"": 600, ""3"": 269, ""4"": 586, ""5"": 301, ""6"": 53, ""7"": 61, ""8"": 8, ""9"": 6}",8188,346,4.225696140693698,1,0.04892367906066536,0,0.0,2045,2013,1,0.04967709885742673,0,0.0,0,65,635,700,0,700,700,1.0,0.0,4,107,1,104,4,108,108,1.0384615384615385,3.8461538461538463,pool_ce
validation,language,,gu,uniq_superbpe,8192,observed,32,9612,9612,3700,3213,2.991596638655462,0.8683783783783784,1227,38.18860877684407,2.991596638655462,3,7,13,"{""1"": 1459, ""10"": 42, ""13"": 2, ""2"": 34, ""3"": 749, ""4"": 241, ""6"": 492, ""7"": 135, ""9"": 59}",8188,213,2.6013678553981436,1,0.03112356053532524,0,0.0,3223,3191,10,0.31338138514572234,0,0.0,2,124,446,568,2,570,570,1.0035211267605635,0.352112676056338,13,81,10,78,10,91,91,1.1666666666666667,12.820512820512821,pool_ce
validation,language,,hi,uniq_superbpe,8192,observed,32,10059,10074,3966,3085,3.26547811993517,0.7778618255168936,1092,35.39708265802269,3.26547811993517,3,7,16,"{""1"": 1308, ""10"": 38, ""12"": 6, ""13"": 11, ""14"": 8, ""16"": 1, ""2"": 33, ""3"": 715, ""4"": 187, ""6"": 412, ""7"": 341, ""9"": 25}",8188,273,3.3341475329750856,0,0.0,0,0.0,3102,3070,17,0.5537459283387622,12,0.3889789303079417,0,127,612,747,0,747,747,1.0,0.0,1,76,5,80,1,81,81,1.0125,1.25,pool_ce
validation,language,,ja,uniq_superbpe,8192,observed,32,5120,5110,1782,1687,3.029045643153527,0.94668911335578,81,4.801422643746295,3.029045643153527,3,6,6,"{""1"": 145, ""2"": 21, ""3"": 1401, ""6"": 120}",8188,499,6.0942843185149,135,8.002371072910492,57,3.3787788974510966,1687,1655,0,0.0,0,0.0,0,0,2,2,0,2,2,1.0,0.0,2,113,0,111,2,113,113,1.018018018018018,1.8018018018018018,pool_ce
validation,language,,kn,uniq_superbpe,8192,observed,32,11332,11326,4264,3370,3.360830860534125,0.7903377110694184,1008,29.910979228486646,3.360830860534125,3,6,12,"{""1"": 1316, ""10"": 8, ""12"": 9, ""2"": 44, ""3"": 691, ""4"": 189, ""6"": 964, ""7"": 110, ""9"": 39}",8188,227,2.772349780166097,2,0.05934718100890208,0,0.0,3389,3357,19,0.5659815311289842,0,0.0,46,203,346,503,42,549,549,1.091451292246521,8.34990059642147,0,71,19,90,0,90,90,1.0,0.0,pool_ce
validation,language,,ko,uniq_superbpe,8192,observed,32,4735,4735,2037,1690,2.801775147928994,0.8296514482081493,45,2.662721893491124,2.801775147928994,3,4,9,"{""1"": 337, ""2"": 63, ""3"": 1022, ""4"": 206, ""6"": 55, ""7"": 5, ""8"": 1, ""9"": 1}",8188,485,5.923302393746947,86,5.088757396449704,27,1.5976331360946745,1787,1755,97,5.527065527065527,4,0.23668639053254437,0,176,253,430,0,430,430,1.0,0.0,6,70,11,75,4,81,81,1.08,5.333333333333333,pool_ce
validation,language,,ml,uniq_superbpe,8192,observed,32,11894,11894,4384,3740,3.1802139037433155,0.8531021897810219,1509,40.3475935828877,3.1802139037433155,3,9,12,"{""1"": 1779, ""10"": 16, ""12"": 123, ""2"": 37, ""3"": 807, ""4"": 205, ""6"": 571, ""7"": 40, ""9"": 162}",8188,223,2.7234978016609674,1,0.026737967914438502,0,0.0,3751,3719,11,0.295778435063189,0,0.0,5,159,288,442,5,447,447,1.01131221719457,1.1312217194570136,11,80,11,80,8,91,91,1.1375,10.0,pool_ce
validation,language,,mr,uniq_superbpe,8192,observed,32,10965,10965,4109,3382,3.2421643997634537,0.8230713068873206,1254,37.07865168539326,3.2421643997634537,3,7,13,"{""1"": 1467, ""10"": 33, ""12"": 67, ""13"": 7, ""2"": 23, ""3"": 816, ""4"": 172, ""6"": 560, ""7"": 201, ""9"": 36}",8188,278,3.3952125061064975,0,0.0,0,0.0,3389,3357,7,0.20851951146857314,0,0.0,1,114,430,543,1,544,544,1.0018416206261511,0.1841620626151013,10,81,7,78,7,88,88,1.1282051282051282,8.974358974358974,pool_ce
validation,language,,ru,uniq_superbpe,8192,observed,32,7654,7654,4261,2275,3.3643956043956043,0.533912227176719,0,0.0,3.3643956043956043,4,6,9,"{""1"": 276, ""2"": 627, ""3"": 196, ""4"": 750, ""5"": 160, ""6"": 169, ""7"": 64, ""8"": 23, ""9"": 10}",8188,416,5.0806057645334635,0,0.0,0,0.0,2288,2256,13,0.5762411347517731,5,0.21978021978021978,5,119,457,571,5,576,576,1.0087565674255692,0.8756567425569177,6,117,13,124,5,130,130,1.0483870967741935,4.032258064516129,pool_ce
validation,language,,sw,uniq_superbpe,8192,observed,32,4405,4405,4397,2036,2.163555992141454,0.46304298385262677,0,0.0,2.163555992141454,2,4,7,"{""1"": 531, ""2"": 801, ""3"": 602, ""4"": 74, ""5"": 13, ""7"": 15}",8188,385,4.70200293111871,0,0.0,0,0.0,2039,2007,3,0.14947683109118087,0,0.0,0,88,572,660,0,660,660,1.0,0.0,1,74,3,76,1,77,77,1.013157894736842,1.3157894736842106,pool_ce
validation,language,,ta,uniq_superbpe,8192,observed,32,12193,12193,4517,3050,3.997704918032787,0.6752269205224707,522,17.114754098360656,3.997704918032787,3,7,10,"{""1"": 854, ""10"": 25, ""2"": 53, ""3"": 697, ""4"": 17, ""6"": 1154, ""7"": 175, ""9"": 75}",8188,194,2.3693209574987786,2,0.06557377049180328,0,0.0,3128,3096,78,2.5193798449612403,0,0.0,1,213,262,474,1,475,475,1.0021097046413503,0.2109704641350211,13,84,27,98,10,111,111,1.1326530612244898,10.204081632653061,pool_ce
validation,language,,te,uniq_superbpe,8192,observed,32,10409,10409,3954,3096,3.362080103359173,0.7830045523520486,915,29.55426356589147,3.362080103359173,3,6,12,"{""1"": 1260, ""10"": 11, ""12"": 19, ""2"": 60, ""3"": 565, ""4"": 131, ""5"": 1, ""6"": 950, ""7"": 62, ""9"": 37}",8188,262,3.1998045920859797,0,0.0,0,0.0,3115,3083,19,0.6162828413882582,1,0.03229974160206718,6,235,251,480,6,486,486,1.0125,1.25,7,73,19,85,7,92,92,1.0823529411764705,8.235294117647058,pool_ce
validation,language,,uk,uniq_superbpe,8192,observed,32,7446,7446,4118,2233,3.334527541424093,0.5422535211267606,0,0.0,3.334527541424093,4,6,10,"{""1"": 256, ""10"": 3, ""2"": 641, ""3"": 194, ""4"": 758, ""5"": 158, ""6"": 133, ""7"": 56, ""8"": 22, ""9"": 12}",8188,375,4.579872984855887,1,0.04478280340349306,0,0.0,2242,2210,9,0.4072398190045249,4,0.17913121361397225,0,111,444,555,0,555,555,1.0,0.0,2,117,9,124,2,126,126,1.0161290322580645,1.6129032258064515,pool_ce
validation,language,,ur,uniq_superbpe,8192,observed,32,6879,6879,3892,2069,3.3247945867568873,0.5316032887975334,10,0.4833252779120348,3.3247945867568873,3,6,12,"{""1"": 140, ""11"": 1, ""12"": 2, ""2"": 719, ""3"": 262, ""4"": 485, ""5"": 344, ""6"": 20, ""7"": 82, ""9"": 14}",8188,307,3.749389350268686,0,0.0,0,0.0,2077,2045,8,0.39119804400978,8,0.3866602223296278,0,73,718,793,0,793,793,1.0,0.0,1,72,0,71,1,72,72,1.0140845070422535,1.408450704225352,pool_ce
validation,language,,yo,uniq_superbpe,8192,observed,32,5060,5063,3889,2832,1.7877824858757063,0.7282077654924145,292,10.310734463276836,1.7877824858757063,2,3,6,"{""1"": 1195, ""2"": 1160, ""3"": 401, ""4"": 43, ""5"": 25, ""6"": 8}",8188,357,4.360039081582804,11,0.3884180790960452,6,0.211864406779661,2853,2821,21,0.7444168734491315,4,0.14124293785310735,0,272,442,718,0,718,718,1.0,0.0,2,61,17,76,2,78,78,1.0263157894736843,2.6315789473684212,pool_ce
validation,language,,zh,uniq_superbpe,8192,observed,32,3887,3769,1485,1439,2.6191799861014595,0.969023569023569,78,5.42043085476025,2.6191799861014595,3,3,6,"{""1"": 243, ""2"": 68, ""3"": 1124, ""4"": 3, ""6"": 1}",8188,609,7.43771372740596,155,10.771369006254343,46,3.1966643502432244,1443,1411,4,0.28348688873139616,0,0.0,0,34,29,63,0,63,63,1.0,0.0,6,134,4,132,6,138,138,1.0454545454545454,4.545454545454546,pool_ce
validation,domain,flores200,,uniq_superbpe,8192,observed,640,159630,159677,73015,50892,3.1375658256700465,0.6970074642196809,9345,18.362414524876208,3.1375658256700465,3,7,16,"{""1"": 14799, ""10"": 247, ""11"": 1, ""12"": 231, ""13"": 34, ""14"": 8, ""16"": 1, ""2"": 6265, ""3"": 13277, ""4"": 5821, ""5"": 1416, ""6"": 6390, ""7"": 1770, ""8"": 88, ""9"": 544}",8188,3855,47.08109428431852,413,0.811522439676177,141,0.27705729780712096,51271,50631,379,0.7485532578854852,56,0.11003694097304095,68,2548,7996,10491,64,10559,10559,1.006481746258698,0.6100467067009818,99,1771,174,1846,81,1945,1945,1.0536294691224268,4.387865655471289,pool_ce
validation,aggregate,,,uniq_superbpe,8192,observed,640,159630,159677,73015,50892,3.1375658256700465,0.6970074642196809,9345,18.362414524876208,3.1375658256700465,3,7,16,"{""1"": 14799, ""10"": 247, ""11"": 1, ""12"": 231, ""13"": 34, ""14"": 8, ""16"": 1, ""2"": 6265, ""3"": 13277, ""4"": 5821, ""5"": 1416, ""6"": 6390, ""7"": 1770, ""8"": 88, ""9"": 544}",8188,3855,47.08109428431852,413,0.811522439676177,141,0.27705729780712096,51271,50631,379,0.7485532578854852,56,0.11003694097304095,68,2548,7996,10491,64,10559,10559,1.006481746258698,0.6100467067009818,99,1771,174,1846,81,1945,1945,1.0536294691224268,4.387865655471289,pool_ce
train,stratum,code,c,uniq_superbpe,8192,observed,32,269690,51063,51060,27188,1.878144769751361,0.5324716020368194,0,0.0,1.878144769751361,1,5,16,"{""1"": 15813, ""10"": 31, ""12"": 18, ""13"": 17, ""16"": 34, ""2"": 5965, ""3"": 2563, ""4"": 1241, ""5"": 684, ""6"": 348, ""7"": 155, ""8"": 88, ""9"": 231}",8188,841,10.271128480703469,1,0.0036780932764454905,0,0.0,28400,28368,1212,4.272419627749577,33,0.1213770781227012,489,2825,3512,5926,384,6415,9740,1.0825177185285184,6.479919001012488,2011,5624,480,4093,597,6104,6116,1.4913266552650868,14.585878328854141,compression
train,stratum,code,cpp,uniq_superbpe,8192,observed,32,735578,54217,54213,27500,1.9715272727272728,0.5072584066552303,0,0.0,1.9715272727272728,1,5,16,"{""1"": 15569, ""10"": 20, ""12"": 23, ""13"": 38, ""16"": 42, ""2"": 5913, ""3"": 2798, ""4"": 1215, ""5"": 769, ""6"": 523, ""7"": 133, ""8"": 101, ""9"": 356}",8188,865,10.564240351734245,0,0.0,0,0.0,28601,28569,1101,3.8538275753439044,20,0.07272727272727272,412,2776,2919,5352,290,5764,9575,1.0769805680119582,5.418535127055306,1780,5762,496,4478,1001,6258,6268,1.3974988834301028,22.3537293434569,compression
train,stratum,code,go,uniq_superbpe,8192,observed,32,514454,56813,56813,28264,2.010083498443249,0.497491771249538,0,0.0,2.010083498443249,1,5,16,"{""1"": 14600, ""10"": 12, ""12"": 22, ""16"": 9, ""2"": 6457, ""3"": 3696, ""4"": 1706, ""5"": 514, ""6"": 699, ""7"": 321, ""8"": 204, ""9"": 24}",8188,858,10.478749389350268,0,0.0,0,0.0,28975,28943,711,2.4565525342915384,35,0.1238324370223606,119,3142,3271,6386,93,6505,9031,1.0186345129971814,1.4563106796116505,1030,6063,371,5404,868,6434,6454,1.19059955588453,16.06217616580311,compression
train,stratum,code,java,uniq_superbpe,8192,observed,32,175611,43999,43605,20158,2.182706617720012,0.462286435041853,0,0.0,2.182706617720012,2,6,16,"{""1"": 9958, ""10"": 10, ""12"": 13, ""13"": 30, ""16"": 34, ""2"": 4375, ""3"": 2637, ""4"": 1325, ""5"": 599, ""6"": 692, ""7"": 260, ""8"": 102, ""9"": 123}",8188,915,11.174890083048364,9,0.04464728643714654,0,0.0,21172,21140,1014,4.796594134342478,9,0.04464728643714654,232,1862,2113,3775,213,4007,7594,1.0614569536423841,5.642384105960265,864,3868,269,3273,507,4137,4145,1.2639780018331805,15.490375802016498,compression
train,stratum,code,javascript,uniq_superbpe,8192,observed,32,112493,38980,38152,20616,1.8907644547923943,0.5403648563640177,0,0.0,1.8907644547923943,1,5,16,"{""1"": 11763, ""10"": 17, ""11"": 1, ""12"": 8, ""13"": 33, ""16"": 24, ""2"": 4787, ""3"": 2135, ""4"": 597, ""5"": 479, ""6"": 368, ""7"": 169, ""8"": 141, ""9"": 94}",8188,915,11.174890083048364,19,0.09216142801707412,0,0.0,21975,21943,1359,6.1933190539124094,1,0.004850601474582848,333,2129,1837,3702,241,4035,7448,1.0899513776337115,6.509994597514857,1703,5493,440,4230,1261,5933,5941,1.4026004728132389,29.810874704491727,compression
train,stratum,code,python,uniq_superbpe,8192,observed,32,193155,48487,48387,22045,2.1994556588795646,0.45559757786182237,0,0.0,2.1994556588795646,1,6,16,"{""1"": 11048, ""10"": 6, ""11"": 2, ""12"": 20, ""13"": 59, ""16"": 81, ""2"": 4654, ""3"": 3020, ""4"": 1400, ""5"": 692, ""6"": 412, ""7"": 307, ""8"": 91, ""9"": 253}",8188,872,10.649731314118222,6,0.027217056021773645,0,0.0,23272,23240,1227,5.279690189328743,18,0.08165116806532094,269,2243,2586,4625,106,4894,10776,1.0581621621621622,2.291891891891892,1352,4909,305,3862,761,5214,5228,1.3500776799585708,19.70481615743138,compression
train,stratum,code,rust,uniq_superbpe,8192,observed,32,405448,56922,56922,29062,1.9586401486477187,0.5105583078598784,0,0.0,1.9586401486477187,1,5,16,"{""1"": 16623, ""10"": 10, ""12"": 14, ""13"": 136, ""16"": 71, ""2"": 5778, ""3"": 3346, ""4"": 1423, ""5"": 972, ""6"": 270, ""7"": 167, ""8"": 76, ""9"": 176}",8188,837,10.222276502198339,0,0.0,0,0.0,30695,30663,1633,5.3256367609170665,18,0.06193654944601198,196,2944,3412,6228,173,6424,13231,1.031470777135517,2.7777777777777777,2749,8071,505,5827,1968,8576,8582,1.4717693495795434,33.773811566844,compression
train,stratum,code,sql,uniq_superbpe,8192,observed,32,962841,36373,36088,20494,1.7748121401385772,0.5678896031921968,0,0.0,1.7748121401385772,1,5,16,"{""1"": 12705, ""10"": 8, ""12"": 5, ""13"": 13, ""16"": 50, ""2"": 4265, ""3"": 1693, ""4"": 799, ""5"": 401, ""6"": 275, ""7"": 171, ""8"": 79, ""9"": 30}",8188,813,9.929164631167563,3,0.014638430760222504,0,0.0,21135,21103,641,3.0374828223475334,8,0.03903581536059334,263,2027,2136,3925,242,4188,6655,1.0670063694267515,6.165605095541402,1395,4244,254,3103,650,4498,4498,1.4495649371575894,20.947470190138574,compression
train,stratum,code,typescript,uniq_superbpe,8192,observed,32,734901,43989,43698,20152,2.1828602620087336,0.46116527072177216,0,0.0,2.1828602620087336,1,6,16,"{""1"": 10444, ""10"": 21, ""11"": 90, ""12"": 5, ""13"": 9, ""16"": 11, ""2"": 4351, ""3"": 2157, ""4"": 975, ""5"": 735, ""6"": 660, ""7"": 435, ""8"": 92, ""9"": 167}",8188,904,11.040547142159257,6,0.029773719730051607,0,0.0,21686,21654,1534,7.084141498106585,7,0.03473600635172688,349,2234,2213,4263,314,4612,8393,1.081867229650481,7.365704902650715,1104,4060,336,3292,749,4396,4406,1.3353584447144593,22.752126366950183,compression
train,stratum,cyrillic_african,am,uniq_superbpe,8192,observed,32,390554,147317,59501,45959,3.2054004656324113,0.7724071864338414,0,0.0,3.2054004656324113,3,6,10,"{""1"": 4986, ""10"": 405, ""2"": 768, ""3"": 30419, ""4"": 6188, ""5"": 14, ""6"": 1587, ""7"": 1592}",8188,718,8.768930141670738,90,0.19582671511564656,0,0.0,46935,46903,976,2.0808903481653624,12,0.026110228682086206,0,2551,8653,11206,0,11206,11206,1.0,0.0,702,2693,114,2105,543,2807,2807,1.3334916864608075,25.795724465558195,compression
train,stratum,cyrillic_african,bg,uniq_superbpe,8192,observed,32,249249,102609,58537,30482,3.3662161275506857,0.520730478159113,0,0.0,3.3662161275506857,4,6,9,"{""1"": 4366, ""2"": 6955, ""3"": 3114, ""4"": 9838, ""5"": 3396, ""6"": 1712, ""7"": 526, ""8"": 470, ""9"": 105}",8188,804,9.81924767953102,1,0.003280624630929729,0,0.0,30854,30822,372,1.2069301148530271,82,0.26901121973623776,0,1302,7544,8973,0,8973,8973,1.0,0.0,325,2066,235,1976,258,2301,2303,1.1644736842105263,13.05668016194332,compression
train,stratum,cyrillic_african,ru,uniq_superbpe,8192,observed,32,231857,106212,58870,30519,3.4801926668632657,0.5184134533718362,0,0.0,3.4801926668632657,4,6,9,"{""1"": 3530, ""2"": 7502, ""3"": 2653, ""4"": 10427, ""5"": 2402, ""6"": 2637, ""7"": 848, ""8"": 437, ""9"": 83}",8188,725,8.854421104054714,2,0.006553294668894787,0,0.0,30866,30834,347,1.1253810728416682,42,0.13761918804679052,0,1363,6360,7811,0,7811,7811,1.0,0.0,275,1672,243,1640,220,1915,1917,1.1676829268292683,13.414634146341463,compression
train,stratum,cyrillic_african,sw,uniq_superbpe,8192,observed,32,302841,62449,62216,30440,2.0515440210249674,0.4892632120354893,58,0.19053876478318002,2.0515440210249674,2,3,7,"{""1"": 9077, ""2"": 12129, ""3"": 8291, ""4"": 671, ""5"": 172, ""6"": 3, ""7"": 97}",8188,704,8.597948216902784,3,0.00985545335085414,0,0.0,30689,30657,249,0.8122125452588316,5,0.0164257555847569,5,1413,7693,9101,5,9106,9106,1.0005493901769036,0.054939017690363696,305,1618,135,1448,263,1753,1753,1.2106353591160222,18.162983425414364,compression
train,stratum,cyrillic_african,uk,uniq_superbpe,8192,observed,32,184737,95676,53182,28783,3.3240454434909497,0.5412169531044339,0,0.0,3.3240454434909497,4,6,10,"{""1"": 3778, ""10"": 49, ""2"": 7880, ""3"": 2372, ""4"": 9756, ""5"": 2078, ""6"": 1606, ""7"": 694, ""8"": 506, ""9"": 64}",8188,696,8.500244259892526,14,0.048639822117221974,0,0.0,29108,29076,325,1.1177603521804924,11,0.03821700309210298,0,1460,5571,7093,0,7093,7093,1.0,0.0,316,1913,252,1849,283,2165,2167,1.1709031909140075,15.305570578691185,compression
train,stratum,cyrillic_african,yo,uniq_superbpe,8192,observed,32,145697,69432,59766,30787,2.255237600285835,0.5151256567279054,134,0.43524864390814305,2.255237600285835,2,5,8,"{""1"": 9236, ""2"": 10785, ""3"": 7904, ""4"": 1167, ""5"": 694, ""6"": 395, ""7"": 442, ""8"": 164}",8188,705,8.610161211529068,10,0.032481242082697245,0,0.0,31438,31406,651,2.072852321212507,215,0.6983467047779907,0,2155,8918,11487,0,11487,11487,1.0,0.0,267,1665,194,1592,237,1859,1859,1.1677135678391959,14.886934673366834,compression
train,stratum,indic_cjk_arabic,ar,uniq_superbpe,8192,observed,32,215274,97740,54940,31345,3.1182006699633114,0.5705314888969785,702,2.2395916414101134,3.1182006699633114,3,7,9,"{""1"": 3541, ""2"": 11363, ""3"": 3402, ""4"": 8583, ""5"": 2097, ""6"": 163, ""7"": 2146, ""9"": 50}",8188,654,7.987298485588666,15,0.04785452225235285,0,0.0,31489,31457,144,0.45776774644753154,1,0.0031903014834901897,0,1027,7809,8838,0,8838,8838,1.0,0.0,331,1625,132,1426,269,1757,1757,1.2321178120617111,18.863955119214587,compression
train,stratum,indic_cjk_arabic,bn,uniq_superbpe,8192,observed,32,274908,152004,58399,48854,3.111393130552258,0.8365554204695286,16773,34.33291030417161,3.111393130552258,3,7,13,"{""1"": 20200, ""10"": 531, ""12"": 87, ""13"": 160, ""2"": 563, ""3"": 13312, ""4"": 3139, ""5"": 13, ""6"": 7720, ""7"": 2397, ""9"": 732}",8188,560,6.839276990718124,16,0.03275064477831907,0,0.0,49821,49789,967,1.9421960674044467,6,0.012281491791869652,0,1918,6596,8515,0,8515,8515,1.0,0.0,232,1399,262,1429,220,1661,1661,1.1623512946116166,15.395381385584324,compression
train,stratum,indic_cjk_arabic,fa,uniq_superbpe,8192,observed,32,198722,93798,52677,27744,3.3808391003460208,0.5266814738880347,18,0.06487889273356401,3.3808391003460208,4,6,9,"{""1"": 2736, ""2"": 7427, ""3"": 3490, ""4"": 7976, ""5"": 4266, ""6"": 730, ""7"": 918, ""8"": 111, ""9"": 90}",8188,546,6.668295065950171,4,0.01441753171856978,0,0.0,27856,27824,112,0.4025301897642323,2,0.00720876585928489,0,1258,8672,9930,0,9930,9930,1.0,0.0,236,1298,107,1169,191,1405,1405,1.2018819503849445,16.33875106928999,compression
train,stratum,indic_cjk_arabic,gu,uniq_superbpe,8192,observed,32,266235,146974,58881,46878,3.1352446776739624,0.7961481632445101,15750,33.59784973761679,3.1352446776739624,3,7,13,"{""1"": 19772, ""10"": 453, ""13"": 61, ""2"": 973, ""3"": 10298, ""4"": 4186, ""5"": 20, ""6"": 7384, ""7"": 2844, ""9"": 887}",8188,647,7.90180752320469,24,0.05119672340970178,0,0.0,47033,47001,155,0.32978021744218206,9,0.019198771278638168,0,1621,8098,9723,0,9723,9723,1.0,0.0,256,1487,143,1374,189,1630,1630,1.1863173216885008,13.755458515283843,compression
train,stratum,indic_cjk_arabic,hi,uniq_superbpe,8192,observed,32,342431,153237,61359,45181,3.391624798034572,0.7363385974347691,14460,32.004603705097274,3.391624798034572,3,7,13,"{""1"": 18129, ""10"": 682, ""12"": 53, ""13"": 138, ""2"": 615, ""3"": 9887, ""4"": 3091, ""5"": 8, ""6"": 6397, ""7"": 5724, ""9"": 457}",8188,652,7.962872496336102,0,0.0,0,0.0,45401,45369,220,0.4849126055235954,6,0.013279918549832894,0,1782,10028,11810,0,11810,11810,1.0,0.0,245,1525,167,1447,222,1692,1692,1.1693158258465792,15.342087076710435,compression
train,stratum,indic_cjk_arabic,ja,uniq_superbpe,8192,observed,32,323403,142468,61333,52145,2.7321507335314985,0.850194838015424,0,0.0,2.7321507335314985,3,6,12,"{""1"": 10091, ""12"": 75, ""2"": 3359, ""3"": 35404, ""4"": 473, ""5"": 32, ""6"": 2634, ""7"": 1, ""9"": 76}",8188,2311,28.224230581338546,1119,2.1459392079777544,0,0.0,52603,52571,458,0.8712027543702802,3,0.005753188225141433,0,2398,2034,4436,0,4436,4436,1.0,0.0,562,4239,405,4082,425,4644,4644,1.1376776090151886,10.41156295933366,compression
train,stratum,indic_cjk_arabic,kn,uniq_superbpe,8192,observed,32,458253,153841,60531,46440,3.3126830318690783,0.7672101898200921,12597,27.12532299741602,3.3126830318690783,3,6,12,"{""1"": 17500, ""10"": 82, ""12"": 59, ""2"": 1375, ""3"": 9665, ""4"": 3267, ""5"": 17, ""6"": 12562, ""7"": 1337, ""9"": 576}",8188,743,9.074255007327796,45,0.09689922480620156,0,0.0,46686,46654,246,0.5272859776224975,8,0.017226528854435832,0,1811,5429,7243,0,7243,7243,1.0,0.0,239,1442,220,1423,205,1662,1662,1.167955024595924,14.406184118060436,compression
train,stratum,indic_cjk_arabic,ko,uniq_superbpe,8192,observed,32,201347,118352,51206,41483,2.853024130366656,0.810119907823302,7,0.016874382277077358,2.853024130366656,3,4,12,"{""1"": 7267, ""12"": 57, ""2"": 1588, ""3"": 25564, ""4"": 5936, ""5"": 5, ""6"": 842, ""7"": 152, ""9"": 72}",8188,1524,18.612603810454324,926,2.232239712653376,0,0.0,44433,44401,2950,6.6439945046282745,2,0.004821252079164959,1,3893,7160,11052,1,11053,11053,1.0000904813608396,0.009048136083966703,489,2320,612,2443,386,2932,2934,1.2001637331150226,15.800245599672534,compression
train,stratum,indic_cjk_arabic,ml,uniq_superbpe,8192,observed,32,188792,137273,52226,42326,3.243231110901101,0.8104392448205875,16398,38.74214430846288,3.243231110901101,3,9,12,"{""1"": 19812, ""10"": 123, ""12"": 1354, ""2"": 841, ""3"": 8544, ""4"": 2669, ""5"": 27, ""6"": 5998, ""7"": 376, ""9"": 2582}",8188,619,7.559843673668784,18,0.04252705193025563,0,0.0,42540,42508,214,0.5034346475957466,27,0.06379057789538345,0,1446,3749,5197,0,5197,5197,1.0,0.0,205,1180,198,1173,171,1378,1378,1.174765558397272,14.578005115089514,compression
train,stratum,indic_cjk_arabic,mr,uniq_superbpe,8192,observed,32,362326,145113,56571,41813,3.4705235213928685,0.7391242862950982,12657,30.27049003898309,3.4705235213928685,3,7,16,"{""1"": 16003, ""10"": 578, ""12"": 627, ""13"": 75, ""16"": 60, ""2"": 769, ""3"": 9806, ""4"": 2628, ""5"": 21, ""6"": 7790, ""7"": 2773, ""9"": 683}",8188,703,8.585735222276503,1,0.002391600698347404,0,0.0,42088,42056,275,0.6538900513600913,9,0.021524406285126637,0,1237,6541,7780,0,7780,7780,1.0,0.0,228,1382,169,1323,188,1551,1551,1.1723356009070294,14.210128495842781,compression
train,stratum,indic_cjk_arabic,ta,uniq_superbpe,8192,observed,32,239434,140738,53567,35519,3.9623300205523804,0.6630761476282039,5775,16.258903685351502,3.9623300205523804,3,7,10,"{""1"": 9730, ""10"": 388, ""2"": 957, ""3"": 8708, ""4"": 169, ""5"": 20, ""6"": 12181, ""7"": 2533, ""9"": 833}",8188,537,6.55837811431363,5,0.014076972887750219,0,0.0,37186,37154,1667,4.486730903805781,15,0.042230918663250655,0,1936,3855,5791,0,5791,5791,1.0,0.0,431,1308,480,1357,296,1788,1788,1.3176123802505526,21.812822402358144,compression
train,stratum,indic_cjk_arabic,te,uniq_superbpe,8192,observed,32,300221,158103,60933,47116,3.355611681806605,0.7732427420281293,13704,29.085660921979795,3.355611681806605,3,6,12,"{""1"": 18797, ""10"": 117, ""12"": 370, ""2"": 1150, ""3"": 8893, ""4"": 2371, ""5"": 12, ""6"": 13567, ""7"": 1390, ""9"": 449}",8188,633,7.730825598436737,24,0.050938110196111726,0,0.0,47557,47525,441,0.9279326670173593,1,0.0021224212581713218,0,2848,4638,7488,0,7488,7488,1.0,0.0,359,1544,395,1580,301,1939,1939,1.2272151898734178,19.050632911392405,compression
train,stratum,indic_cjk_arabic,ur,uniq_superbpe,8192,observed,32,431064,112341,64366,33722,3.331386038787735,0.5239101388932045,403,1.1950655358519662,3.331386038787735,3,7,9,"{""1"": 3631, ""2"": 10509, ""3"": 3886, ""4"": 7561, ""5"": 5846, ""6"": 283, ""7"": 1596, ""9"": 410}",8188,720,8.793356130923302,6,0.017792538995314633,0,0.0,33969,33937,247,0.7278191943896043,145,0.4299863590534369,0,1712,11833,13545,0,13545,13545,1.0,0.0,248,1679,96,1527,229,1775,1777,1.1624099541584807,14.996725605762935,compression
train,stratum,indic_cjk_arabic,zh,uniq_superbpe,8192,observed,32,616082,130086,53452,46613,2.790766524360157,0.8720534311157674,4,0.00858129706305108,2.790766524360157,3,3,12,"{""1"": 7202, ""12"": 154, ""2"": 2234, ""3"": 35369, ""4"": 235, ""5"": 25, ""6"": 821, ""7"": 343, ""8"": 1, ""9"": 229}",8188,3256,39.76551050317538,2795,5.996181322806942,0,0.0,47316,47284,703,1.4867608493359277,1,0.00214532426576277,0,1896,1849,3755,0,3755,3755,1.0,0.0,365,3230,370,3235,285,3600,3602,1.1128284389489953,8.809891808346213,compression
train,stratum,latin_english,en,uniq_superbpe,8192,observed,32,128944,59492,59076,26823,2.217947284047273,0.45404225066016657,0,0.0,2.217947284047273,2,4,12,"{""1"": 8731, ""12"": 1, ""2"": 8197, ""3"": 6755, ""4"": 2137, ""5"": 691, ""6"": 112, ""7"": 178, ""8"": 20, ""9"": 1}",8188,875,10.686370297997069,12,0.04473772508667934,0,0.0,27328,27296,505,1.8500879249706916,61,0.22741676919061998,3,1698,7301,9298,3,9301,9301,1.000322650032265,0.032265003226500326,332,1949,147,1764,266,2096,2096,1.1882086167800454,15.079365079365079,compression
train,language,,am,uniq_superbpe,8192,observed,32,390554,147317,59501,45959,3.2054004656324113,0.7724071864338414,0,0.0,3.2054004656324113,3,6,10,"{""1"": 4986, ""10"": 405, ""2"": 768, ""3"": 30419, ""4"": 6188, ""5"": 14, ""6"": 1587, ""7"": 1592}",8188,718,8.768930141670738,90,0.19582671511564656,0,0.0,46935,46903,976,2.0808903481653624,12,0.026110228682086206,0,2551,8653,11206,0,11206,11206,1.0,0.0,702,2693,114,2105,543,2807,2807,1.3334916864608075,25.795724465558195,compression
train,language,,ar,uniq_superbpe,8192,observed,32,215274,97740,54940,31345,3.1182006699633114,0.5705314888969785,702,2.2395916414101134,3.1182006699633114,3,7,9,"{""1"": 3541, ""2"": 11363, ""3"": 3402, ""4"": 8583, ""5"": 2097, ""6"": 163, ""7"": 2146, ""9"": 50}",8188,654,7.987298485588666,15,0.04785452225235285,0,0.0,31489,31457,144,0.45776774644753154,1,0.0031903014834901897,0,1027,7809,8838,0,8838,8838,1.0,0.0,331,1625,132,1426,269,1757,1757,1.2321178120617111,18.863955119214587,compression
train,language,,bg,uniq_superbpe,8192,observed,32,249249,102609,58537,30482,3.3662161275506857,0.520730478159113,0,0.0,3.3662161275506857,4,6,9,"{""1"": 4366, ""2"": 6955, ""3"": 3114, ""4"": 9838, ""5"": 3396, ""6"": 1712, ""7"": 526, ""8"": 470, ""9"": 105}",8188,804,9.81924767953102,1,0.003280624630929729,0,0.0,30854,30822,372,1.2069301148530271,82,0.26901121973623776,0,1302,7544,8973,0,8973,8973,1.0,0.0,325,2066,235,1976,258,2301,2303,1.1644736842105263,13.05668016194332,compression
train,language,,bn,uniq_superbpe,8192,observed,32,274908,152004,58399,48854,3.111393130552258,0.8365554204695286,16773,34.33291030417161,3.111393130552258,3,7,13,"{""1"": 20200, ""10"": 531, ""12"": 87, ""13"": 160, ""2"": 563, ""3"": 13312, ""4"": 3139, ""5"": 13, ""6"": 7720, ""7"": 2397, ""9"": 732}",8188,560,6.839276990718124,16,0.03275064477831907,0,0.0,49821,49789,967,1.9421960674044467,6,0.012281491791869652,0,1918,6596,8515,0,8515,8515,1.0,0.0,232,1399,262,1429,220,1661,1661,1.1623512946116166,15.395381385584324,compression
train,language,,c,uniq_superbpe,8192,observed,32,269690,51063,51060,27188,1.878144769751361,0.5324716020368194,0,0.0,1.878144769751361,1,5,16,"{""1"": 15813, ""10"": 31, ""12"": 18, ""13"": 17, ""16"": 34, ""2"": 5965, ""3"": 2563, ""4"": 1241, ""5"": 684, ""6"": 348, ""7"": 155, ""8"": 88, ""9"": 231}",8188,841,10.271128480703469,1,0.0036780932764454905,0,0.0,28400,28368,1212,4.272419627749577,33,0.1213770781227012,489,2825,3512,5926,384,6415,9740,1.0825177185285184,6.479919001012488,2011,5624,480,4093,597,6104,6116,1.4913266552650868,14.585878328854141,compression
train,language,,cpp,uniq_superbpe,8192,observed,32,735578,54217,54213,27500,1.9715272727272728,0.5072584066552303,0,0.0,1.9715272727272728,1,5,16,"{""1"": 15569, ""10"": 20, ""12"": 23, ""13"": 38, ""16"": 42, ""2"": 5913, ""3"": 2798, ""4"": 1215, ""5"": 769, ""6"": 523, ""7"": 133, ""8"": 101, ""9"": 356}",8188,865,10.564240351734245,0,0.0,0,0.0,28601,28569,1101,3.8538275753439044,20,0.07272727272727272,412,2776,2919,5352,290,5764,9575,1.0769805680119582,5.418535127055306,1780,5762,496,4478,1001,6258,6268,1.3974988834301028,22.3537293434569,compression
train,language,,en,uniq_superbpe,8192,observed,32,128944,59492,59076,26823,2.217947284047273,0.45404225066016657,0,0.0,2.217947284047273,2,4,12,"{""1"": 8731, ""12"": 1, ""2"": 8197, ""3"": 6755, ""4"": 2137, ""5"": 691, ""6"": 112, ""7"": 178, ""8"": 20, ""9"": 1}",8188,875,10.686370297997069,12,0.04473772508667934,0,0.0,27328,27296,505,1.8500879249706916,61,0.22741676919061998,3,1698,7301,9298,3,9301,9301,1.000322650032265,0.032265003226500326,332,1949,147,1764,266,2096,2096,1.1882086167800454,15.079365079365079,compression
train,language,,fa,uniq_superbpe,8192,observed,32,198722,93798,52677,27744,3.3808391003460208,0.5266814738880347,18,0.06487889273356401,3.3808391003460208,4,6,9,"{""1"": 2736, ""2"": 7427, ""3"": 3490, ""4"": 7976, ""5"": 4266, ""6"": 730, ""7"": 918, ""8"": 111, ""9"": 90}",8188,546,6.668295065950171,4,0.01441753171856978,0,0.0,27856,27824,112,0.4025301897642323,2,0.00720876585928489,0,1258,8672,9930,0,9930,9930,1.0,0.0,236,1298,107,1169,191,1405,1405,1.2018819503849445,16.33875106928999,compression
train,language,,go,uniq_superbpe,8192,observed,32,514454,56813,56813,28264,2.010083498443249,0.497491771249538,0,0.0,2.010083498443249,1,5,16,"{""1"": 14600, ""10"": 12, ""12"": 22, ""16"": 9, ""2"": 6457, ""3"": 3696, ""4"": 1706, ""5"": 514, ""6"": 699, ""7"": 321, ""8"": 204, ""9"": 24}",8188,858,10.478749389350268,0,0.0,0,0.0,28975,28943,711,2.4565525342915384,35,0.1238324370223606,119,3142,3271,6386,93,6505,9031,1.0186345129971814,1.4563106796116505,1030,6063,371,5404,868,6434,6454,1.19059955588453,16.06217616580311,compression
train,language,,gu,uniq_superbpe,8192,observed,32,266235,146974,58881,46878,3.1352446776739624,0.7961481632445101,15750,33.59784973761679,3.1352446776739624,3,7,13,"{""1"": 19772, ""10"": 453, ""13"": 61, ""2"": 973, ""3"": 10298, ""4"": 4186, ""5"": 20, ""6"": 7384, ""7"": 2844, ""9"": 887}",8188,647,7.90180752320469,24,0.05119672340970178,0,0.0,47033,47001,155,0.32978021744218206,9,0.019198771278638168,0,1621,8098,9723,0,9723,9723,1.0,0.0,256,1487,143,1374,189,1630,1630,1.1863173216885008,13.755458515283843,compression
train,language,,hi,uniq_superbpe,8192,observed,32,342431,153237,61359,45181,3.391624798034572,0.7363385974347691,14460,32.004603705097274,3.391624798034572,3,7,13,"{""1"": 18129, ""10"": 682, ""12"": 53, ""13"": 138, ""2"": 615, ""3"": 9887, ""4"": 3091, ""5"": 8, ""6"": 6397, ""7"": 5724, ""9"": 457}",8188,652,7.962872496336102,0,0.0,0,0.0,45401,45369,220,0.4849126055235954,6,0.013279918549832894,0,1782,10028,11810,0,11810,11810,1.0,0.0,245,1525,167,1447,222,1692,1692,1.1693158258465792,15.342087076710435,compression
train,language,,ja,uniq_superbpe,8192,observed,32,323403,142468,61333,52145,2.7321507335314985,0.850194838015424,0,0.0,2.7321507335314985,3,6,12,"{""1"": 10091, ""12"": 75, ""2"": 3359, ""3"": 35404, ""4"": 473, ""5"": 32, ""6"": 2634, ""7"": 1, ""9"": 76}",8188,2311,28.224230581338546,1119,2.1459392079777544,0,0.0,52603,52571,458,0.8712027543702802,3,0.005753188225141433,0,2398,2034,4436,0,4436,4436,1.0,0.0,562,4239,405,4082,425,4644,4644,1.1376776090151886,10.41156295933366,compression
train,language,,java,uniq_superbpe,8192,observed,32,175611,43999,43605,20158,2.182706617720012,0.462286435041853,0,0.0,2.182706617720012,2,6,16,"{""1"": 9958, ""10"": 10, ""12"": 13, ""13"": 30, ""16"": 34, ""2"": 4375, ""3"": 2637, ""4"": 1325, ""5"": 599, ""6"": 692, ""7"": 260, ""8"": 102, ""9"": 123}",8188,915,11.174890083048364,9,0.04464728643714654,0,0.0,21172,21140,1014,4.796594134342478,9,0.04464728643714654,232,1862,2113,3775,213,4007,7594,1.0614569536423841,5.642384105960265,864,3868,269,3273,507,4137,4145,1.2639780018331805,15.490375802016498,compression
train,language,,javascript,uniq_superbpe,8192,observed,32,112493,38980,38152,20616,1.8907644547923943,0.5403648563640177,0,0.0,1.8907644547923943,1,5,16,"{""1"": 11763, ""10"": 17, ""11"": 1, ""12"": 8, ""13"": 33, ""16"": 24, ""2"": 4787, ""3"": 2135, ""4"": 597, ""5"": 479, ""6"": 368, ""7"": 169, ""8"": 141, ""9"": 94}",8188,915,11.174890083048364,19,0.09216142801707412,0,0.0,21975,21943,1359,6.1933190539124094,1,0.004850601474582848,333,2129,1837,3702,241,4035,7448,1.0899513776337115,6.509994597514857,1703,5493,440,4230,1261,5933,5941,1.4026004728132389,29.810874704491727,compression
train,language,,kn,uniq_superbpe,8192,observed,32,458253,153841,60531,46440,3.3126830318690783,0.7672101898200921,12597,27.12532299741602,3.3126830318690783,3,6,12,"{""1"": 17500, ""10"": 82, ""12"": 59, ""2"": 1375, ""3"": 9665, ""4"": 3267, ""5"": 17, ""6"": 12562, ""7"": 1337, ""9"": 576}",8188,743,9.074255007327796,45,0.09689922480620156,0,0.0,46686,46654,246,0.5272859776224975,8,0.017226528854435832,0,1811,5429,7243,0,7243,7243,1.0,0.0,239,1442,220,1423,205,1662,1662,1.167955024595924,14.406184118060436,compression
train,language,,ko,uniq_superbpe,8192,observed,32,201347,118352,51206,41483,2.853024130366656,0.810119907823302,7,0.016874382277077358,2.853024130366656,3,4,12,"{""1"": 7267, ""12"": 57, ""2"": 1588, ""3"": 25564, ""4"": 5936, ""5"": 5, ""6"": 842, ""7"": 152, ""9"": 72}",8188,1524,18.612603810454324,926,2.232239712653376,0,0.0,44433,44401,2950,6.6439945046282745,2,0.004821252079164959,1,3893,7160,11052,1,11053,11053,1.0000904813608396,0.009048136083966703,489,2320,612,2443,386,2932,2934,1.2001637331150226,15.800245599672534,compression
train,language,,ml,uniq_superbpe,8192,observed,32,188792,137273,52226,42326,3.243231110901101,0.8104392448205875,16398,38.74214430846288,3.243231110901101,3,9,12,"{""1"": 19812, ""10"": 123, ""12"": 1354, ""2"": 841, ""3"": 8544, ""4"": 2669, ""5"": 27, ""6"": 5998, ""7"": 376, ""9"": 2582}",8188,619,7.559843673668784,18,0.04252705193025563,0,0.0,42540,42508,214,0.5034346475957466,27,0.06379057789538345,0,1446,3749,5197,0,5197,5197,1.0,0.0,205,1180,198,1173,171,1378,1378,1.174765558397272,14.578005115089514,compression
train,language,,mr,uniq_superbpe,8192,observed,32,362326,145113,56571,41813,3.4705235213928685,0.7391242862950982,12657,30.27049003898309,3.4705235213928685,3,7,16,"{""1"": 16003, ""10"": 578, ""12"": 627, ""13"": 75, ""16"": 60, ""2"": 769, ""3"": 9806, ""4"": 2628, ""5"": 21, ""6"": 7790, ""7"": 2773, ""9"": 683}",8188,703,8.585735222276503,1,0.002391600698347404,0,0.0,42088,42056,275,0.6538900513600913,9,0.021524406285126637,0,1237,6541,7780,0,7780,7780,1.0,0.0,228,1382,169,1323,188,1551,1551,1.1723356009070294,14.210128495842781,compression
train,language,,python,uniq_superbpe,8192,observed,32,193155,48487,48387,22045,2.1994556588795646,0.45559757786182237,0,0.0,2.1994556588795646,1,6,16,"{""1"": 11048, ""10"": 6, ""11"": 2, ""12"": 20, ""13"": 59, ""16"": 81, ""2"": 4654, ""3"": 3020, ""4"": 1400, ""5"": 692, ""6"": 412, ""7"": 307, ""8"": 91, ""9"": 253}",8188,872,10.649731314118222,6,0.027217056021773645,0,0.0,23272,23240,1227,5.279690189328743,18,0.08165116806532094,269,2243,2586,4625,106,4894,10776,1.0581621621621622,2.291891891891892,1352,4909,305,3862,761,5214,5228,1.3500776799585708,19.70481615743138,compression
train,language,,ru,uniq_superbpe,8192,observed,32,231857,106212,58870,30519,3.4801926668632657,0.5184134533718362,0,0.0,3.4801926668632657,4,6,9,"{""1"": 3530, ""2"": 7502, ""3"": 2653, ""4"": 10427, ""5"": 2402, ""6"": 2637, ""7"": 848, ""8"": 437, ""9"": 83}",8188,725,8.854421104054714,2,0.006553294668894787,0,0.0,30866,30834,347,1.1253810728416682,42,0.13761918804679052,0,1363,6360,7811,0,7811,7811,1.0,0.0,275,1672,243,1640,220,1915,1917,1.1676829268292683,13.414634146341463,compression
train,language,,rust,uniq_superbpe,8192,observed,32,405448,56922,56922,29062,1.9586401486477187,0.5105583078598784,0,0.0,1.9586401486477187,1,5,16,"{""1"": 16623, ""10"": 10, ""12"": 14, ""13"": 136, ""16"": 71, ""2"": 5778, ""3"": 3346, ""4"": 1423, ""5"": 972, ""6"": 270, ""7"": 167, ""8"": 76, ""9"": 176}",8188,837,10.222276502198339,0,0.0,0,0.0,30695,30663,1633,5.3256367609170665,18,0.06193654944601198,196,2944,3412,6228,173,6424,13231,1.031470777135517,2.7777777777777777,2749,8071,505,5827,1968,8576,8582,1.4717693495795434,33.773811566844,compression
train,language,,sql,uniq_superbpe,8192,observed,32,962841,36373,36088,20494,1.7748121401385772,0.5678896031921968,0,0.0,1.7748121401385772,1,5,16,"{""1"": 12705, ""10"": 8, ""12"": 5, ""13"": 13, ""16"": 50, ""2"": 4265, ""3"": 1693, ""4"": 799, ""5"": 401, ""6"": 275, ""7"": 171, ""8"": 79, ""9"": 30}",8188,813,9.929164631167563,3,0.014638430760222504,0,0.0,21135,21103,641,3.0374828223475334,8,0.03903581536059334,263,2027,2136,3925,242,4188,6655,1.0670063694267515,6.165605095541402,1395,4244,254,3103,650,4498,4498,1.4495649371575894,20.947470190138574,compression
train,language,,sw,uniq_superbpe,8192,observed,32,302841,62449,62216,30440,2.0515440210249674,0.4892632120354893,58,0.19053876478318002,2.0515440210249674,2,3,7,"{""1"": 9077, ""2"": 12129, ""3"": 8291, ""4"": 671, ""5"": 172, ""6"": 3, ""7"": 97}",8188,704,8.597948216902784,3,0.00985545335085414,0,0.0,30689,30657,249,0.8122125452588316,5,0.0164257555847569,5,1413,7693,9101,5,9106,9106,1.0005493901769036,0.054939017690363696,305,1618,135,1448,263,1753,1753,1.2106353591160222,18.162983425414364,compression
train,language,,ta,uniq_superbpe,8192,observed,32,239434,140738,53567,35519,3.9623300205523804,0.6630761476282039,5775,16.258903685351502,3.9623300205523804,3,7,10,"{""1"": 9730, ""10"": 388, ""2"": 957, ""3"": 8708, ""4"": 169, ""5"": 20, ""6"": 12181, ""7"": 2533, ""9"": 833}",8188,537,6.55837811431363,5,0.014076972887750219,0,0.0,37186,37154,1667,4.486730903805781,15,0.042230918663250655,0,1936,3855,5791,0,5791,5791,1.0,0.0,431,1308,480,1357,296,1788,1788,1.3176123802505526,21.812822402358144,compression
train,language,,te,uniq_superbpe,8192,observed,32,300221,158103,60933,47116,3.355611681806605,0.7732427420281293,13704,29.085660921979795,3.355611681806605,3,6,12,"{""1"": 18797, ""10"": 117, ""12"": 370, ""2"": 1150, ""3"": 8893, ""4"": 2371, ""5"": 12, ""6"": 13567, ""7"": 1390, ""9"": 449}",8188,633,7.730825598436737,24,0.050938110196111726,0,0.0,47557,47525,441,0.9279326670173593,1,0.0021224212581713218,0,2848,4638,7488,0,7488,7488,1.0,0.0,359,1544,395,1580,301,1939,1939,1.2272151898734178,19.050632911392405,compression
train,language,,typescript,uniq_superbpe,8192,observed,32,734901,43989,43698,20152,2.1828602620087336,0.46116527072177216,0,0.0,2.1828602620087336,1,6,16,"{""1"": 10444, ""10"": 21, ""11"": 90, ""12"": 5, ""13"": 9, ""16"": 11, ""2"": 4351, ""3"": 2157, ""4"": 975, ""5"": 735, ""6"": 660, ""7"": 435, ""8"": 92, ""9"": 167}",8188,904,11.040547142159257,6,0.029773719730051607,0,0.0,21686,21654,1534,7.084141498106585,7,0.03473600635172688,349,2234,2213,4263,314,4612,8393,1.081867229650481,7.365704902650715,1104,4060,336,3292,749,4396,4406,1.3353584447144593,22.752126366950183,compression
train,language,,uk,uniq_superbpe,8192,observed,32,184737,95676,53182,28783,3.3240454434909497,0.5412169531044339,0,0.0,3.3240454434909497,4,6,10,"{""1"": 3778, ""10"": 49, ""2"": 7880, ""3"": 2372, ""4"": 9756, ""5"": 2078, ""6"": 1606, ""7"": 694, ""8"": 506, ""9"": 64}",8188,696,8.500244259892526,14,0.048639822117221974,0,0.0,29108,29076,325,1.1177603521804924,11,0.03821700309210298,0,1460,5571,7093,0,7093,7093,1.0,0.0,316,1913,252,1849,283,2165,2167,1.1709031909140075,15.305570578691185,compression
train,language,,ur,uniq_superbpe,8192,observed,32,431064,112341,64366,33722,3.331386038787735,0.5239101388932045,403,1.1950655358519662,3.331386038787735,3,7,9,"{""1"": 3631, ""2"": 10509, ""3"": 3886, ""4"": 7561, ""5"": 5846, ""6"": 283, ""7"": 1596, ""9"": 410}",8188,720,8.793356130923302,6,0.017792538995314633,0,0.0,33969,33937,247,0.7278191943896043,145,0.4299863590534369,0,1712,11833,13545,0,13545,13545,1.0,0.0,248,1679,96,1527,229,1775,1777,1.1624099541584807,14.996725605762935,compression
train,language,,yo,uniq_superbpe,8192,observed,32,145697,69432,59766,30787,2.255237600285835,0.5151256567279054,134,0.43524864390814305,2.255237600285835,2,5,8,"{""1"": 9236, ""2"": 10785, ""3"": 7904, ""4"": 1167, ""5"": 694, ""6"": 395, ""7"": 442, ""8"": 164}",8188,705,8.610161211529068,10,0.032481242082697245,0,0.0,31438,31406,651,2.072852321212507,215,0.6983467047779907,0,2155,8918,11487,0,11487,11487,1.0,0.0,267,1665,194,1592,237,1859,1859,1.1677135678391959,14.886934673366834,compression
train,language,,zh,uniq_superbpe,8192,observed,32,616082,130086,53452,46613,2.790766524360157,0.8720534311157674,4,0.00858129706305108,2.790766524360157,3,3,12,"{""1"": 7202, ""12"": 154, ""2"": 2234, ""3"": 35369, ""4"": 235, ""5"": 25, ""6"": 821, ""7"": 343, ""8"": 1, ""9"": 229}",8188,3256,39.76551050317538,2795,5.996181322806942,0,0.0,47316,47284,703,1.4867608493359277,1,0.00214532426576277,0,1896,1849,3755,0,3755,3755,1.0,0.0,365,3230,370,3235,285,3600,3602,1.1128284389489953,8.809891808346213,compression
train,domain,code,,uniq_superbpe,8192,observed,288,4104171,430843,428938,215479,1.9994663053012127,0.5023546526537634,0,0.0,1.9994663053012127,1,5,16,"{""1"": 118523, ""10"": 135, ""11"": 93, ""12"": 128, ""13"": 335, ""16"": 356, ""2"": 46545, ""3"": 24045, ""4"": 10681, ""5"": 5845, ""6"": 4247, ""7"": 2118, ""8"": 974, ""9"": 1454}",8188,1334,16.292134831460675,44,0.02041962325795089,0,0.0,225911,225623,10432,4.623642093226311,149,0.06914826966897006,2662,22182,23999,44182,2056,46844,82443,1.060250780860984,4.653478792268345,13988,48094,3456,37562,8362,51550,51638,1.372397635908631,22.26186039082051,compression
train,domain,cyrillic_african,,uniq_superbpe,8192,observed,192,1504935,583695,352072,196970,2.9633700563537593,0.5594594287532095,192,0.09747677311265675,2.9633700563537593,3,6,10,"{""1"": 34973, ""10"": 454, ""2"": 46019, ""3"": 54753, ""4"": 38047, ""5"": 8756, ""6"": 7940, ""7"": 4199, ""8"": 1577, ""9"": 252}",8188,1664,20.322423058133854,120,0.060922983195410466,0,0.0,199890,199698,2920,1.4622079339803102,367,0.18632279027263035,5,10244,44739,55671,5,55676,55676,1.0000898133678218,0.008981336782166657,2190,11627,1173,10610,1804,12800,12806,1.2064090480678604,17.00282752120641,compression
train,domain,indic_cjk_arabic,,uniq_superbpe,8192,observed,448,4418492,1882068,800441,587179,3.205271305683616,0.733569369884851,109248,18.605570022088664,3.205271305683616,3,7,16,"{""1"": 174411, ""10"": 2954, ""12"": 2836, ""13"": 434, ""16"": 60, ""2"": 43723, ""3"": 186228, ""4"": 52284, ""5"": 12409, ""6"": 79072, ""7"": 24530, ""8"": 112, ""9"": 8126}",8188,7035,85.91841719589644,4998,0.8511884791520132,0,0.0,595978,595530,8799,1.4775074303561533,235,0.040021867267051446,1,26783,88291,115103,1,115104,115104,1.0000086878708634,0.0008687870863487486,4426,25658,3756,24988,3577,29414,29420,1.1771250200096046,14.31487113814631,compression
train,domain,latin_english,,uniq_superbpe,8192,observed,32,128944,59492,59076,26823,2.217947284047273,0.45404225066016657,0,0.0,2.217947284047273,2,4,12,"{""1"": 8731, ""12"": 1, ""2"": 8197, ""3"": 6755, ""4"": 2137, ""5"": 691, ""6"": 112, ""7"": 178, ""8"": 20, ""9"": 1}",8188,875,10.686370297997069,12,0.04473772508667934,0,0.0,27328,27296,505,1.8500879249706916,61,0.22741676919061998,3,1698,7301,9298,3,9301,9301,1.000322650032265,0.032265003226500326,332,1949,147,1764,266,2096,2096,1.1882086167800454,15.079365079365079,compression
train,aggregate,,,uniq_superbpe,8192,observed,960,10156542,2956098,1640527,1026451,2.8799212042269917,0.6256836979824166,109440,10.661979967869874,2.8799212042269917,3,7,16,"{""1"": 336638, ""10"": 3543, ""11"": 93, ""12"": 2965, ""13"": 769, ""16"": 416, ""2"": 144484, ""3"": 271781, ""4"": 103149, ""5"": 27701, ""6"": 91371, ""7"": 31025, ""8"": 2683, ""9"": 9833}",8188,7968,97.31314118221788,5174,0.5040669257470644,0,0.0,1049107,1048147,22656,2.1615288695192563,812,0.07910752680839124,2671,60907,164330,224254,2065,226925,262524,1.011910601371659,0.9208308435969927,20936,87328,8532,74924,14009,95860,95960,1.2794298222198495,18.69761358176285,compression
validation,stratum,flores200,am,uniq_superbpe,8192,observed,32,6471,6471,2573,1996,3.2419839679358717,0.7757481539059463,0,0.0,3.2419839679358717,3,6,10,"{""1"": 160, ""10"": 21, ""2"": 32, ""3"": 1388, ""4"": 280, ""6"": 52, ""7"": 63}",8188,281,3.4318514899853443,9,0.45090180360721444,0,0.0,2026,1994,30,1.5045135406218655,0,0.0,0,103,383,486,0,486,486,1.0,0.0,1,76,0,75,1,76,76,1.0133333333333334,1.3333333333333333,compression
validation,stratum,flores200,ar,uniq_superbpe,8192,observed,32,6539,6539,3628,2053,3.185094982951778,0.5658765159867696,48,2.338041889917194,3.185094982951778,3,7,9,"{""1"": 194, ""2"": 750, ""3"": 207, ""4"": 586, ""5"": 161, ""6"": 12, ""7"": 142, ""9"": 1}",8188,282,3.444064484611627,9,0.43838285435947394,5,0.24354603019970775,2058,2026,5,0.24679170779861798,0,0.0,0,60,521,581,0,581,581,1.0,0.0,2,83,5,86,2,88,88,1.0232558139534884,2.3255813953488373,compression
validation,stratum,flores200,bg,uniq_superbpe,8192,observed,32,7484,7482,4146,2121,3.5275813295615275,0.5115774240231549,0,0.0,3.5275813295615275,4,6,9,"{""1"": 202, ""2"": 480, ""3"": 211, ""4"": 781, ""5"": 244, ""6"": 122, ""7"": 42, ""8"": 34, ""9"": 5}",8188,356,4.3478260869565215,0,0.0,0,0.0,2145,2113,24,1.135825840037861,5,0.23573785950023574,0,77,525,617,0,617,617,1.0,0.0,3,115,9,121,3,124,124,1.024793388429752,2.479338842975207,compression
validation,stratum,flores200,bn,uniq_superbpe,8192,observed,32,10607,10772,4028,3433,3.137780367025925,0.8522840119165839,1260,36.70259248470725,3.137780367025925,3,7,13,"{""1"": 1457, ""10"": 50, ""12"": 5, ""13"": 14, ""2"": 15, ""3"": 929, ""4"": 186, ""6"": 551, ""7"": 164, ""9"": 62}",8188,206,2.515876893014167,0,0.0,0,0.0,3484,3452,51,1.477404403244496,0,0.0,2,134,426,558,2,560,560,1.003584229390681,0.35842293906810035,8,83,7,82,5,90,90,1.0975609756097562,6.097560975609756,compression
validation,stratum,flores200,fa,uniq_superbpe,8192,observed,32,6879,6879,3885,2036,3.3786836935166993,0.524066924066924,4,0.19646365422396855,3.3786836935166993,3,6,9,"{""1"": 152, ""2"": 592, ""3"": 277, ""4"": 586, ""5"": 301, ""6"": 53, ""7"": 61, ""8"": 8, ""9"": 6}",8188,347,4.23790913531998,1,0.04911591355599214,0,0.0,2045,2013,9,0.44709388971684055,0,0.0,0,57,643,700,0,700,700,1.0,0.0,4,99,9,104,4,108,108,1.0384615384615385,3.8461538461538463,compression
validation,stratum,flores200,gu,uniq_superbpe,8192,observed,32,9612,9612,3700,3209,2.9953256466188845,0.8672972972972973,1227,38.23621065752571,2.9953256466188845,3,7,13,"{""1"": 1451, ""10"": 42, ""13"": 2, ""2"": 38, ""3"": 749, ""4"": 241, ""6"": 492, ""7"": 135, ""9"": 59}",8188,214,2.613580850024426,1,0.031162355874104083,0,0.0,3223,3191,14,0.43873393920401127,0,0.0,2,120,450,568,2,570,570,1.0035211267605635,0.352112676056338,13,81,10,78,10,91,91,1.1666666666666667,12.820512820512821,compression
validation,stratum,flores200,hi,uniq_superbpe,8192,observed,32,10059,10074,3966,3091,3.25913943707538,0.7793746848209783,1092,35.32837269492074,3.25913943707538,3,7,13,"{""1"": 1302, ""10"": 39, ""12"": 6, ""13"": 8, ""2"": 33, ""3"": 709, ""4"": 193, ""6"": 416, ""7"": 360, ""9"": 25}",8188,271,3.309721543722521,0,0.0,0,0.0,3102,3070,11,0.3583061889250814,0,0.0,0,121,626,747,0,747,747,1.0,0.0,1,76,5,80,1,81,81,1.0125,1.25,compression
validation,stratum,flores200,ja,uniq_superbpe,8192,observed,32,5120,5110,1782,1687,3.029045643153527,0.94668911335578,81,4.801422643746295,3.029045643153527,3,6,6,"{""1"": 145, ""2"": 21, ""3"": 1401, ""6"": 120}",8188,499,6.0942843185149,135,8.002371072910492,57,3.3787788974510966,1687,1655,0,0.0,0,0.0,0,0,2,2,0,2,2,1.0,0.0,2,113,0,111,2,113,113,1.018018018018018,1.8018018018018018,compression
validation,stratum,flores200,kn,uniq_superbpe,8192,observed,32,11332,11326,4264,3367,3.363825363825364,0.7896341463414634,1008,29.93762993762994,3.363825363825364,3,6,12,"{""1"": 1310, ""10"": 8, ""12"": 9, ""2"": 47, ""3"": 691, ""4"": 189, ""6"": 964, ""7"": 110, ""9"": 39}",8188,228,2.784562774792379,2,0.0594000594000594,0,0.0,3389,3357,22,0.655347036044087,0,0.0,46,200,349,503,42,549,549,1.091451292246521,8.34990059642147,0,71,19,90,0,90,90,1.0,0.0,compression
validation,stratum,flores200,ko,uniq_superbpe,8192,observed,32,4735,4735,2037,1670,2.8353293413173652,0.819833087874325,45,2.694610778443114,2.8353293413173652,3,4,9,"{""1"": 313, ""2"": 63, ""3"": 1001, ""4"": 235, ""6"": 55, ""7"": 2, ""9"": 1}",8188,486,5.935515388373229,86,5.149700598802395,27,1.6167664670658684,1787,1755,117,6.666666666666667,0,0.0,0,152,278,430,0,430,430,1.0,0.0,6,70,11,75,4,81,81,1.08,5.333333333333333,compression
validation,stratum,flores200,ml,uniq_superbpe,8192,observed,32,11894,11894,4384,3738,3.1819154628143393,0.8526459854014599,1509,40.36918138041734,3.1819154628143393,3,9,12,"{""1"": 1775, ""10"": 16, ""12"": 123, ""2"": 39, ""3"": 807, ""4"": 205, ""6"": 571, ""7"": 40, ""9"": 162}",8188,224,2.7357107962872496,1,0.02675227394328518,0,0.0,3751,3719,13,0.34955633234740524,0,0.0,5,157,290,442,5,447,447,1.01131221719457,1.1312217194570136,11,80,11,80,8,91,91,1.1375,10.0,compression
validation,stratum,flores200,mr,uniq_superbpe,8192,observed,32,10965,10965,4109,3375,3.2488888888888887,0.8213677293745437,1254,37.15555555555556,3.2488888888888887,3,7,13,"{""1"": 1459, ""10"": 33, ""12"": 67, ""13"": 7, ""2"": 24, ""3"": 810, ""4"": 178, ""6"": 560, ""7"": 201, ""9"": 36}",8188,280,3.419638495359062,0,0.0,0,0.0,3389,3357,14,0.4170390229371463,0,0.0,1,107,437,543,1,544,544,1.0018416206261511,0.1841620626151013,10,81,7,78,7,88,88,1.1282051282051282,8.974358974358974,compression
validation,stratum,flores200,ru,uniq_superbpe,8192,observed,32,7654,7654,4261,2263,3.3822359699513918,0.5310959868575452,0,0.0,3.3822359699513918,4,6,9,"{""1"": 264, ""2"": 627, ""3"": 188, ""4"": 758, ""5"": 156, ""6"": 173, ""7"": 64, ""8"": 23, ""9"": 10}",8188,417,5.092818759159746,0,0.0,0,0.0,2288,2256,25,1.1081560283687943,4,0.17675651789659744,5,106,457,571,5,576,576,1.0087565674255692,0.8756567425569177,6,118,12,124,5,130,130,1.0483870967741935,4.032258064516129,compression
validation,stratum,flores200,sw,uniq_superbpe,8192,observed,32,4405,4405,4397,2032,2.1678149606299213,0.46213327268592225,0,0.0,2.1678149606299213,2,4,7,"{""1"": 523, ""2"": 805, ""3"": 602, ""4"": 74, ""5"": 13, ""7"": 15}",8188,386,4.714215925744993,0,0.0,0,0.0,2039,2007,7,0.3487792725460887,0,0.0,0,84,576,660,0,660,660,1.0,0.0,1,74,3,76,1,77,77,1.013157894736842,1.3157894736842106,compression
validation,stratum,flores200,ta,uniq_superbpe,8192,observed,32,12193,12193,4517,2996,4.069759679572764,0.6632720832410892,522,17.423230974632844,4.069759679572764,3,7,10,"{""1"": 799, ""10"": 25, ""2"": 54, ""3"": 697, ""4"": 17, ""6"": 1101, ""7"": 228, ""9"": 75}",8188,198,2.4181729360039084,2,0.06675567423230974,0,0.0,3128,3096,132,4.263565891472868,0,0.0,1,159,316,474,1,475,475,1.0021097046413503,0.2109704641350211,13,84,27,98,10,111,111,1.1326530612244898,10.204081632653061,compression
validation,stratum,flores200,te,uniq_superbpe,8192,observed,32,10409,10409,3954,3095,3.3631663974151857,0.7827516439049064,915,29.563812600969307,3.3631663974151857,3,6,12,"{""1"": 1258, ""10"": 11, ""12"": 19, ""2"": 61, ""3"": 565, ""4"": 131, ""5"": 1, ""6"": 950, ""7"": 62, ""9"": 37}",8188,263,3.212017586712262,0,0.0,0,0.0,3115,3083,20,0.6487187804086928,1,0.03231017770597738,6,234,252,480,6,486,486,1.0125,1.25,7,73,19,85,7,92,92,1.0823529411764705,8.235294117647058,compression
validation,stratum,flores200,uk,uniq_superbpe,8192,observed,32,7446,7446,4118,2229,3.3405114401076714,0.5412821758135017,0,0.0,3.3405114401076714,4,6,10,"{""1"": 251, ""10"": 3, ""2"": 642, ""3"": 194, ""4"": 758, ""5"": 155, ""6"": 136, ""7"": 56, ""8"": 22, ""9"": 12}",8188,377,4.604298974108452,1,0.04486316733961418,0,0.0,2242,2210,13,0.5882352941176471,3,0.13458950201884254,0,106,445,555,0,555,555,1.0,0.0,2,118,8,124,2,126,126,1.0161290322580645,1.6129032258064515,compression
validation,stratum,flores200,ur,uniq_superbpe,8192,observed,32,6879,6879,3892,2072,3.319980694980695,0.5323741007194245,10,0.4826254826254826,3.319980694980695,3,6,9,"{""1"": 138, ""2"": 717, ""3"": 264, ""4"": 488, ""5"": 348, ""6"": 20, ""7"": 85, ""9"": 12}",8188,306,3.7371763556424034,0,0.0,0,0.0,2077,2045,5,0.24449877750611246,3,0.14478764478764478,0,71,722,793,0,793,793,1.0,0.0,1,70,2,71,1,72,72,1.0140845070422535,1.408450704225352,compression
validation,stratum,flores200,yo,uniq_superbpe,8192,observed,32,5060,5063,3889,2831,1.7884139879901095,0.7279506299820006,292,10.31437654539032,1.7884139879901095,2,3,6,"{""1"": 1194, ""2"": 1160, ""3"": 400, ""4"": 44, ""5"": 25, ""6"": 8}",8188,357,4.360039081582804,11,0.3885552808194984,6,0.21193924408336276,2853,2821,22,0.7798652959943283,4,0.14129282938890853,0,271,442,718,0,718,718,1.0,0.0,2,61,17,76,2,78,78,1.0263157894736843,2.6315789473684212,compression
validation,stratum,flores200,zh,uniq_superbpe,8192,observed,32,3887,3769,1485,1436,2.6246518105849583,0.967003367003367,78,5.43175487465181,2.6246518105849583,3,3,6,"{""1"": 237, ""2"": 71, ""3"": 1124, ""4"": 3, ""6"": 1}",8188,610,7.4499267220322425,155,10.793871866295264,46,3.203342618384401,1443,1411,7,0.4961020552799433,0,0.0,0,31,32,63,0,63,63,1.0,0.0,6,134,4,132,6,138,138,1.0454545454545454,4.545454545454546,compression
validation,language,,am,uniq_superbpe,8192,observed,32,6471,6471,2573,1996,3.2419839679358717,0.7757481539059463,0,0.0,3.2419839679358717,3,6,10,"{""1"": 160, ""10"": 21, ""2"": 32, ""3"": 1388, ""4"": 280, ""6"": 52, ""7"": 63}",8188,281,3.4318514899853443,9,0.45090180360721444,0,0.0,2026,1994,30,1.5045135406218655,0,0.0,0,103,383,486,0,486,486,1.0,0.0,1,76,0,75,1,76,76,1.0133333333333334,1.3333333333333333,compression
validation,language,,ar,uniq_superbpe,8192,observed,32,6539,6539,3628,2053,3.185094982951778,0.5658765159867696,48,2.338041889917194,3.185094982951778,3,7,9,"{""1"": 194, ""2"": 750, ""3"": 207, ""4"": 586, ""5"": 161, ""6"": 12, ""7"": 142, ""9"": 1}",8188,282,3.444064484611627,9,0.43838285435947394,5,0.24354603019970775,2058,2026,5,0.24679170779861798,0,0.0,0,60,521,581,0,581,581,1.0,0.0,2,83,5,86,2,88,88,1.0232558139534884,2.3255813953488373,compression
validation,language,,bg,uniq_superbpe,8192,observed,32,7484,7482,4146,2121,3.5275813295615275,0.5115774240231549,0,0.0,3.5275813295615275,4,6,9,"{""1"": 202, ""2"": 480, ""3"": 211, ""4"": 781, ""5"": 244, ""6"": 122, ""7"": 42, ""8"": 34, ""9"": 5}",8188,356,4.3478260869565215,0,0.0,0,0.0,2145,2113,24,1.135825840037861,5,0.23573785950023574,0,77,525,617,0,617,617,1.0,0.0,3,115,9,121,3,124,124,1.024793388429752,2.479338842975207,compression
validation,language,,bn,uniq_superbpe,8192,observed,32,10607,10772,4028,3433,3.137780367025925,0.8522840119165839,1260,36.70259248470725,3.137780367025925,3,7,13,"{""1"": 1457, ""10"": 50, ""12"": 5, ""13"": 14, ""2"": 15, ""3"": 929, ""4"": 186, ""6"": 551, ""7"": 164, ""9"": 62}",8188,206,2.515876893014167,0,0.0,0,0.0,3484,3452,51,1.477404403244496,0,0.0,2,134,426,558,2,560,560,1.003584229390681,0.35842293906810035,8,83,7,82,5,90,90,1.0975609756097562,6.097560975609756,compression
validation,language,,fa,uniq_superbpe,8192,observed,32,6879,6879,3885,2036,3.3786836935166993,0.524066924066924,4,0.19646365422396855,3.3786836935166993,3,6,9,"{""1"": 152, ""2"": 592, ""3"": 277, ""4"": 586, ""5"": 301, ""6"": 53, ""7"": 61, ""8"": 8, ""9"": 6}",8188,347,4.23790913531998,1,0.04911591355599214,0,0.0,2045,2013,9,0.44709388971684055,0,0.0,0,57,643,700,0,700,700,1.0,0.0,4,99,9,104,4,108,108,1.0384615384615385,3.8461538461538463,compression
validation,language,,gu,uniq_superbpe,8192,observed,32,9612,9612,3700,3209,2.9953256466188845,0.8672972972972973,1227,38.23621065752571,2.9953256466188845,3,7,13,"{""1"": 1451, ""10"": 42, ""13"": 2, ""2"": 38, ""3"": 749, ""4"": 241, ""6"": 492, ""7"": 135, ""9"": 59}",8188,214,2.613580850024426,1,0.031162355874104083,0,0.0,3223,3191,14,0.43873393920401127,0,0.0,2,120,450,568,2,570,570,1.0035211267605635,0.352112676056338,13,81,10,78,10,91,91,1.1666666666666667,12.820512820512821,compression
validation,language,,hi,uniq_superbpe,8192,observed,32,10059,10074,3966,3091,3.25913943707538,0.7793746848209783,1092,35.32837269492074,3.25913943707538,3,7,13,"{""1"": 1302, ""10"": 39, ""12"": 6, ""13"": 8, ""2"": 33, ""3"": 709, ""4"": 193, ""6"": 416, ""7"": 360, ""9"": 25}",8188,271,3.309721543722521,0,0.0,0,0.0,3102,3070,11,0.3583061889250814,0,0.0,0,121,626,747,0,747,747,1.0,0.0,1,76,5,80,1,81,81,1.0125,1.25,compression
validation,language,,ja,uniq_superbpe,8192,observed,32,5120,5110,1782,1687,3.029045643153527,0.94668911335578,81,4.801422643746295,3.029045643153527,3,6,6,"{""1"": 145, ""2"": 21, ""3"": 1401, ""6"": 120}",8188,499,6.0942843185149,135,8.002371072910492,57,3.3787788974510966,1687,1655,0,0.0,0,0.0,0,0,2,2,0,2,2,1.0,0.0,2,113,0,111,2,113,113,1.018018018018018,1.8018018018018018,compression
validation,language,,kn,uniq_superbpe,8192,observed,32,11332,11326,4264,3367,3.363825363825364,0.7896341463414634,1008,29.93762993762994,3.363825363825364,3,6,12,"{""1"": 1310, ""10"": 8, ""12"": 9, ""2"": 47, ""3"": 691, ""4"": 189, ""6"": 964, ""7"": 110, ""9"": 39}",8188,228,2.784562774792379,2,0.0594000594000594,0,0.0,3389,3357,22,0.655347036044087,0,0.0,46,200,349,503,42,549,549,1.091451292246521,8.34990059642147,0,71,19,90,0,90,90,1.0,0.0,compression
validation,language,,ko,uniq_superbpe,8192,observed,32,4735,4735,2037,1670,2.8353293413173652,0.819833087874325,45,2.694610778443114,2.8353293413173652,3,4,9,"{""1"": 313, ""2"": 63, ""3"": 1001, ""4"": 235, ""6"": 55, ""7"": 2, ""9"": 1}",8188,486,5.935515388373229,86,5.149700598802395,27,1.6167664670658684,1787,1755,117,6.666666666666667,0,0.0,0,152,278,430,0,430,430,1.0,0.0,6,70,11,75,4,81,81,1.08,5.333333333333333,compression
validation,language,,ml,uniq_superbpe,8192,observed,32,11894,11894,4384,3738,3.1819154628143393,0.8526459854014599,1509,40.36918138041734,3.1819154628143393,3,9,12,"{""1"": 1775, ""10"": 16, ""12"": 123, ""2"": 39, ""3"": 807, ""4"": 205, ""6"": 571, ""7"": 40, ""9"": 162}",8188,224,2.7357107962872496,1,0.02675227394328518,0,0.0,3751,3719,13,0.34955633234740524,0,0.0,5,157,290,442,5,447,447,1.01131221719457,1.1312217194570136,11,80,11,80,8,91,91,1.1375,10.0,compression
validation,language,,mr,uniq_superbpe,8192,observed,32,10965,10965,4109,3375,3.2488888888888887,0.8213677293745437,1254,37.15555555555556,3.2488888888888887,3,7,13,"{""1"": 1459, ""10"": 33, ""12"": 67, ""13"": 7, ""2"": 24, ""3"": 810, ""4"": 178, ""6"": 560, ""7"": 201, ""9"": 36}",8188,280,3.419638495359062,0,0.0,0,0.0,3389,3357,14,0.4170390229371463,0,0.0,1,107,437,543,1,544,544,1.0018416206261511,0.1841620626151013,10,81,7,78,7,88,88,1.1282051282051282,8.974358974358974,compression
validation,language,,ru,uniq_superbpe,8192,observed,32,7654,7654,4261,2263,3.3822359699513918,0.5310959868575452,0,0.0,3.3822359699513918,4,6,9,"{""1"": 264, ""2"": 627, ""3"": 188, ""4"": 758, ""5"": 156, ""6"": 173, ""7"": 64, ""8"": 23, ""9"": 10}",8188,417,5.092818759159746,0,0.0,0,0.0,2288,2256,25,1.1081560283687943,4,0.17675651789659744,5,106,457,571,5,576,576,1.0087565674255692,0.8756567425569177,6,118,12,124,5,130,130,1.0483870967741935,4.032258064516129,compression
validation,language,,sw,uniq_superbpe,8192,observed,32,4405,4405,4397,2032,2.1678149606299213,0.46213327268592225,0,0.0,2.1678149606299213,2,4,7,"{""1"": 523, ""2"": 805, ""3"": 602, ""4"": 74, ""5"": 13, ""7"": 15}",8188,386,4.714215925744993,0,0.0,0,0.0,2039,2007,7,0.3487792725460887,0,0.0,0,84,576,660,0,660,660,1.0,0.0,1,74,3,76,1,77,77,1.013157894736842,1.3157894736842106,compression
validation,language,,ta,uniq_superbpe,8192,observed,32,12193,12193,4517,2996,4.069759679572764,0.6632720832410892,522,17.423230974632844,4.069759679572764,3,7,10,"{""1"": 799, ""10"": 25, ""2"": 54, ""3"": 697, ""4"": 17, ""6"": 1101, ""7"": 228, ""9"": 75}",8188,198,2.4181729360039084,2,0.06675567423230974,0,0.0,3128,3096,132,4.263565891472868,0,0.0,1,159,316,474,1,475,475,1.0021097046413503,0.2109704641350211,13,84,27,98,10,111,111,1.1326530612244898,10.204081632653061,compression
validation,language,,te,uniq_superbpe,8192,observed,32,10409,10409,3954,3095,3.3631663974151857,0.7827516439049064,915,29.563812600969307,3.3631663974151857,3,6,12,"{""1"": 1258, ""10"": 11, ""12"": 19, ""2"": 61, ""3"": 565, ""4"": 131, ""5"": 1, ""6"": 950, ""7"": 62, ""9"": 37}",8188,263,3.212017586712262,0,0.0,0,0.0,3115,3083,20,0.6487187804086928,1,0.03231017770597738,6,234,252,480,6,486,486,1.0125,1.25,7,73,19,85,7,92,92,1.0823529411764705,8.235294117647058,compression
validation,language,,uk,uniq_superbpe,8192,observed,32,7446,7446,4118,2229,3.3405114401076714,0.5412821758135017,0,0.0,3.3405114401076714,4,6,10,"{""1"": 251, ""10"": 3, ""2"": 642, ""3"": 194, ""4"": 758, ""5"": 155, ""6"": 136, ""7"": 56, ""8"": 22, ""9"": 12}",8188,377,4.604298974108452,1,0.04486316733961418,0,0.0,2242,2210,13,0.5882352941176471,3,0.13458950201884254,0,106,445,555,0,555,555,1.0,0.0,2,118,8,124,2,126,126,1.0161290322580645,1.6129032258064515,compression
validation,language,,ur,uniq_superbpe,8192,observed,32,6879,6879,3892,2072,3.319980694980695,0.5323741007194245,10,0.4826254826254826,3.319980694980695,3,6,9,"{""1"": 138, ""2"": 717, ""3"": 264, ""4"": 488, ""5"": 348, ""6"": 20, ""7"": 85, ""9"": 12}",8188,306,3.7371763556424034,0,0.0,0,0.0,2077,2045,5,0.24449877750611246,3,0.14478764478764478,0,71,722,793,0,793,793,1.0,0.0,1,70,2,71,1,72,72,1.0140845070422535,1.408450704225352,compression
validation,language,,yo,uniq_superbpe,8192,observed,32,5060,5063,3889,2831,1.7884139879901095,0.7279506299820006,292,10.31437654539032,1.7884139879901095,2,3,6,"{""1"": 1194, ""2"": 1160, ""3"": 400, ""4"": 44, ""5"": 25, ""6"": 8}",8188,357,4.360039081582804,11,0.3885552808194984,6,0.21193924408336276,2853,2821,22,0.7798652959943283,4,0.14129282938890853,0,271,442,718,0,718,718,1.0,0.0,2,61,17,76,2,78,78,1.0263157894736843,2.6315789473684212,compression
validation,language,,zh,uniq_superbpe,8192,observed,32,3887,3769,1485,1436,2.6246518105849583,0.967003367003367,78,5.43175487465181,2.6246518105849583,3,3,6,"{""1"": 237, ""2"": 71, ""3"": 1124, ""4"": 3, ""6"": 1}",8188,610,7.4499267220322425,155,10.793871866295264,46,3.203342618384401,1443,1411,7,0.4961020552799433,0,0.0,0,31,32,63,0,63,63,1.0,0.0,6,134,4,132,6,138,138,1.0454545454545454,4.545454545454546,compression
validation,domain,flores200,,uniq_superbpe,8192,observed,640,159630,159677,73015,50730,3.147585255273014,0.694788742039307,9345,18.42105263157895,3.147585255273014,3,7,13,"{""1"": 14584, ""10"": 248, ""12"": 229, ""13"": 31, ""2"": 6271, ""3"": 13214, ""4"": 5933, ""5"": 1404, ""6"": 6357, ""7"": 1830, ""8"": 87, ""9"": 542}",8188,3864,47.19101123595506,413,0.81411393652671,141,0.2779420461265523,51271,50631,541,1.068515336453951,20,0.03942440370589395,68,2350,8172,10491,64,10559,10559,1.006481746258698,0.6100467067009818,99,1760,185,1846,81,1945,1945,1.0536294691224268,4.387865655471289,compression
validation,aggregate,,,uniq_superbpe,8192,observed,640,159630,159677,73015,50730,3.147585255273014,0.694788742039307,9345,18.42105263157895,3.147585255273014,3,7,13,"{""1"": 14584, ""10"": 248, ""12"": 229, ""13"": 31, ""2"": 6271, ""3"": 13214, ""4"": 5933, ""5"": 1404, ""6"": 6357, ""7"": 1830, ""8"": 87, ""9"": 542}",8188,3864,47.19101123595506,413,0.81411393652671,141,0.2779420461265523,51271,50631,541,1.068515336453951,20,0.03942440370589395,68,2350,8172,10491,64,10559,10559,1.006481746258698,0.6100467067009818,99,1760,185,1846,81,1945,1945,1.0536294691224268,4.387865655471289,compression
train,stratum,code,c,uniq_superbpe,8192,observed,32,269690,51063,51060,27034,1.8888436783309905,0.5294555424990207,0,0.0,1.8888436783309905,1,5,16,"{""1"": 15698, ""10"": 46, ""12"": 18, ""13"": 17, ""16"": 34, ""2"": 5913, ""3"": 2554, ""4"": 1239, ""5"": 684, ""6"": 330, ""7"": 168, ""8"": 93, ""9"": 240}",8188,863,10.53981436248168,1,0.0036990456462232743,0,0.0,28400,28368,1366,4.815284827975184,132,0.48827402530147224,493,2770,3519,5926,388,6419,9740,1.0831927100911238,6.547418157273034,2011,5600,504,4093,597,6104,6116,1.4913266552650868,14.585878328854141,frequency
train,stratum,code,cpp,uniq_superbpe,8192,observed,32,735578,54217,54213,27361,1.981543072256131,0.5046944459815911,0,0.0,1.981543072256131,1,5,16,"{""1"": 15471, ""10"": 37, ""12"": 23, ""13"": 38, ""16"": 42, ""2"": 5881, ""3"": 2757, ""4"": 1224, ""5"": 770, ""6"": 500, ""7"": 150, ""8"": 107, ""9"": 361}",8188,888,10.84513922813874,0,0.0,0,0.0,28601,28569,1240,4.340368931359166,100,0.36548371770037646,420,2717,2934,5352,298,5772,9575,1.0784753363228698,5.568011958146487,1780,5742,516,4478,1001,6258,6268,1.3974988834301028,22.3537293434569,frequency
train,stratum,code,go,uniq_superbpe,8192,observed,32,514454,56813,56813,28119,2.020448806856574,0.49493953848590994,0,0.0,2.020448806856574,1,5,16,"{""1"": 14512, ""10"": 36, ""12"": 22, ""16"": 9, ""2"": 6424, ""3"": 3680, ""4"": 1673, ""5"": 514, ""6"": 646, ""7"": 353, ""8"": 214, ""9"": 36}",8188,877,10.710796287249634,0,0.0,0,0.0,28975,28943,856,2.9575372283453687,114,0.40541982289555106,119,3076,3279,6386,93,6505,9031,1.0186345129971814,1.4563106796116505,1030,6060,374,5404,868,6434,6454,1.19059955588453,16.06217616580311,frequency
train,stratum,code,java,uniq_superbpe,8192,observed,32,175611,43999,43605,20081,2.191076141626413,0.46052058250200667,0,0.0,2.191076141626413,2,6,16,"{""1"": 9921, ""10"": 26, ""12"": 13, ""13"": 30, ""16"": 34, ""2"": 4354, ""3"": 2633, ""4"": 1292, ""5"": 597, ""6"": 665, ""7"": 278, ""8"": 110, ""9"": 128}",8188,933,11.394723986321447,9,0.04481848513520243,0,0.0,21172,21140,1091,5.160832544938505,73,0.3635277127633086,233,1849,2095,3775,214,4008,7594,1.0617218543046358,5.66887417218543,864,3857,280,3273,507,4137,4145,1.2639780018331805,15.490375802016498,frequency
train,stratum,code,javascript,uniq_superbpe,8192,observed,32,112493,38980,38152,20622,1.8902143342061877,0.5405221220381632,0,0.0,1.8902143342061877,1,5,16,"{""1"": 11776, ""10"": 18, ""11"": 1, ""12"": 8, ""13"": 33, ""16"": 24, ""2"": 4773, ""3"": 2132, ""4"": 603, ""5"": 476, ""6"": 407, ""7"": 135, ""8"": 141, ""9"": 95}",8188,931,11.370297997068882,19,0.09213461351954223,0,0.0,21975,21943,1353,6.165975481930456,13,0.06303947240810785,396,2147,1867,3702,304,4098,7448,1.106969205834684,8.211777417612101,1703,5489,444,4230,1261,5933,5941,1.4026004728132389,29.810874704491727,frequency
train,stratum,code,python,uniq_superbpe,8192,observed,32,193155,48487,48387,21925,2.2114937286202965,0.4531175729018125,0,0.0,2.2114937286202965,2,6,16,"{""1"": 10955, ""10"": 12, ""11"": 2, ""12"": 20, ""13"": 59, ""16"": 81, ""2"": 4617, ""3"": 2995, ""4"": 1414, ""5"": 696, ""6"": 398, ""7"": 322, ""8"": 96, ""9"": 258}",8188,893,10.906204201270151,6,0.027366020524515394,0,0.0,23272,23240,1347,5.796041308089501,72,0.32839224629418473,274,2177,2602,4625,108,4899,10776,1.0592432432432433,2.3351351351351353,1352,4893,321,3862,761,5214,5228,1.3500776799585708,19.70481615743138,frequency
train,stratum,code,rust,uniq_superbpe,8192,observed,32,405448,56922,56922,28943,1.966693155512559,0.5084677277678227,0,0.0,1.966693155512559,1,5,16,"{""1"": 16507, ""10"": 13, ""12"": 14, ""13"": 136, ""16"": 71, ""2"": 5724, ""3"": 3358, ""4"": 1449, ""5"": 978, ""6"": 277, ""7"": 161, ""8"": 79, ""9"": 176}",8188,856,10.454323400097705,0,0.0,0,0.0,30695,30663,1752,5.713726641228843,71,0.24530974674359948,206,2878,3448,6228,183,6434,13231,1.0330764290301861,2.9383429672447012,2749,8043,533,5827,1968,8576,8582,1.4717693495795434,33.773811566844,frequency
train,stratum,code,sql,uniq_superbpe,8192,observed,32,962841,36373,36088,20518,1.7727361341261332,0.5685546442030592,0,0.0,1.7727361341261332,1,5,16,"{""1"": 12729, ""10"": 8, ""12"": 5, ""13"": 13, ""16"": 50, ""2"": 4260, ""3"": 1684, ""4"": 811, ""5"": 402, ""6"": 322, ""7"": 125, ""8"": 79, ""9"": 30}",8188,827,10.100146555935515,3,0.014621308119699776,0,0.0,21135,21103,617,2.9237549163626024,14,0.06823277122526562,310,2057,2142,3925,289,4235,6655,1.0789808917197452,7.3630573248407645,1395,4242,256,3103,650,4498,4498,1.4495649371575894,20.947470190138574,frequency
train,stratum,code,typescript,uniq_superbpe,8192,observed,32,734901,43989,43698,20163,2.181669394435352,0.4614169984896334,0,0.0,2.181669394435352,1,6,16,"{""1"": 10482, ""10"": 29, ""11"": 90, ""12"": 5, ""13"": 9, ""16"": 11, ""2"": 4337, ""3"": 2140, ""4"": 966, ""5"": 731, ""6"": 714, ""7"": 385, ""8"": 94, ""9"": 170}",8188,923,11.272594040058623,6,0.029757476565987203,0,0.0,21686,21654,1523,7.03334256950217,44,0.2182214948172395,427,2282,2214,4263,391,4690,8393,1.1001642036124795,9.171944639924936,1104,4054,342,3292,749,4396,4406,1.3353584447144593,22.752126366950183,frequency
train,stratum,cyrillic_african,am,uniq_superbpe,8192,observed,32,390554,147317,59501,46790,3.14847189570421,0.7863733382632224,0,0.0,3.14847189570421,3,6,10,"{""1"": 5810, ""10"": 405, ""2"": 774, ""3"": 31266, ""4"": 5335, ""5"": 21, ""6"": 1587, ""7"": 1592}",8188,716,8.744504152418173,90,0.192348792477025,0,0.0,46935,46903,145,0.30914866852866557,19,0.04060696730070528,0,3389,7814,11206,0,11206,11206,1.0,0.0,702,2686,121,2105,543,2807,2807,1.3334916864608075,25.795724465558195,frequency
train,stratum,cyrillic_african,bg,uniq_superbpe,8192,observed,32,249249,102609,58537,30393,3.3760734379626887,0.5192100722619881,0,0.0,3.3760734379626887,4,6,9,"{""1"": 4271, ""2"": 6957, ""3"": 3043, ""4"": 9909, ""5"": 3400, ""6"": 1712, ""7"": 526, ""8"": 470, ""9"": 105}",8188,816,9.96580361504641,1,0.003290231303260619,0,0.0,30854,30822,461,1.4956849003958212,161,0.5297272398249597,0,1292,7551,8973,0,8973,8973,1.0,0.0,325,1988,313,1976,258,2301,2303,1.1644736842105263,13.05668016194332,frequency
train,stratum,cyrillic_african,ru,uniq_superbpe,8192,observed,32,231857,106212,58870,30420,3.491518737672584,0.5167317818923051,0,0.0,3.491518737672584,4,6,9,"{""1"": 3429, ""2"": 7503, ""3"": 2559, ""4"": 10521, ""5"": 2403, ""6"": 2637, ""7"": 848, ""8"": 437, ""9"": 83}",8188,732,8.93991206643869,2,0.006574621959237344,0,0.0,30866,30834,446,1.4464552117792047,137,0.45036160420775806,0,1359,6362,7811,0,7811,7811,1.0,0.0,275,1577,338,1640,220,1915,1917,1.1676829268292683,13.414634146341463,frequency
train,stratum,cyrillic_african,sw,uniq_superbpe,8192,observed,32,302841,62449,62216,30390,2.0549193813754525,0.4884595602417385,58,0.19085225403093123,2.0549193813754525,2,3,7,"{""1"": 9025, ""2"": 12099, ""3"": 8320, ""4"": 665, ""5"": 179, ""6"": 3, ""7"": 99}",8188,713,8.707865168539326,3,0.009871668311944718,0,0.0,30689,30657,299,0.9753074338650227,48,0.1579466929911155,5,1406,7696,9101,5,9106,9106,1.0005493901769036,0.054939017690363696,305,1577,176,1448,263,1753,1753,1.2106353591160222,18.162983425414364,frequency
train,stratum,cyrillic_african,uk,uniq_superbpe,8192,observed,32,184737,95676,53182,28703,3.333310106957461,0.5397126847429582,0,0.0,3.333310106957461,4,6,10,"{""1"": 3686, ""10"": 49, ""2"": 7892, ""3"": 2304, ""4"": 9824, ""5"": 2078, ""6"": 1606, ""7"": 694, ""8"": 506, ""9"": 64}",8188,701,8.561309233023938,14,0.04877538933212556,0,0.0,29108,29076,405,1.3929013619479984,78,0.2717485977075567,0,1447,5584,7093,0,7093,7093,1.0,0.0,316,1846,319,1849,283,2165,2167,1.1709031909140075,15.305570578691185,frequency
train,stratum,cyrillic_african,yo,uniq_superbpe,8192,observed,32,145697,69432,59766,31114,2.2315356431188533,0.5205969949469598,134,0.43067429452979367,2.2315356431188533,2,4,8,"{""1"": 9356, ""2"": 10958, ""3"": 8144, ""4"": 1165, ""5"": 488, ""6"": 395, ""7"": 606, ""8"": 2}",8188,711,8.683439179286761,10,0.032139872726104,0,0.0,31438,31406,324,1.031650003184105,39,0.1253455036318056,0,2306,9133,11487,0,11487,11487,1.0,0.0,267,1636,223,1592,237,1859,1859,1.1677135678391959,14.886934673366834,frequency
train,stratum,indic_cjk_arabic,ar,uniq_superbpe,8192,observed,32,215274,97740,54940,31336,3.119096247127904,0.570367673825992,702,2.2402348736277764,3.119096247127904,3,7,9,"{""1"": 3535, ""2"": 11363, ""3"": 3398, ""4"": 8579, ""5"": 2098, ""6"": 163, ""7"": 2149, ""8"": 1, ""9"": 50}",8188,662,8.085002442598926,15,0.04786826653050804,0,0.0,31489,31457,153,0.4863782306005023,7,0.02233852438090375,0,1024,7808,8838,0,8838,8838,1.0,0.0,331,1624,133,1426,269,1757,1757,1.2321178120617111,18.863955119214587,frequency
train,stratum,indic_cjk_arabic,bn,uniq_superbpe,8192,observed,32,274908,152004,58399,49533,3.0687420507540426,0.8481823318892446,16773,33.86227363575798,3.0687420507540426,3,7,13,"{""1"": 20880, ""10"": 531, ""12"": 87, ""13"": 160, ""2"": 562, ""3"": 14005, ""4"": 2433, ""5"": 25, ""6"": 7720, ""7"": 2398, ""9"": 732}",8188,563,6.875915974596971,16,0.03230169785799366,0,0.0,49821,49789,288,0.5784410211090804,19,0.038358266206367474,0,2610,5902,8515,0,8515,8515,1.0,0.0,232,1387,274,1429,220,1661,1661,1.1623512946116166,15.395381385584324,frequency
train,stratum,indic_cjk_arabic,fa,uniq_superbpe,8192,observed,32,198722,93798,52677,27735,3.3819361817198486,0.5265106213337889,18,0.06489994591671173,3.3819361817198486,4,6,9,"{""1"": 2720, ""2"": 7434, ""3"": 3489, ""4"": 7976, ""5"": 4267, ""6"": 730, ""7"": 918, ""8"": 111, ""9"": 90}",8188,548,6.692721055202735,4,0.014422210203713719,0,0.0,27856,27824,121,0.43487636572742955,4,0.014422210203713719,0,1251,8679,9930,0,9930,9930,1.0,0.0,236,1297,108,1169,191,1405,1405,1.2018819503849445,16.33875106928999,frequency
train,stratum,indic_cjk_arabic,gu,uniq_superbpe,8192,observed,32,266235,146974,58881,46853,3.1369175933238,0.7957235780642312,15750,33.61577700467419,3.1369175933238,3,7,13,"{""1"": 19742, ""10"": 453, ""13"": 61, ""2"": 972, ""3"": 10300, ""4"": 4180, ""5"": 30, ""6"": 7384, ""7"": 2844, ""9"": 887}",8188,655,7.999511480214949,24,0.05122404114997972,0,0.0,47033,47001,180,0.38297057509414695,22,0.04695537105414808,0,1609,8104,9723,0,9723,9723,1.0,0.0,256,1474,156,1374,189,1630,1630,1.1863173216885008,13.755458515283843,frequency
train,stratum,indic_cjk_arabic,hi,uniq_superbpe,8192,observed,32,342431,153237,61359,45128,3.395608048218401,0.7354748284685213,14460,32.04219110086864,3.395608048218401,3,7,13,"{""1"": 18076, ""10"": 682, ""12"": 53, ""13"": 138, ""2"": 615, ""3"": 9842, ""4"": 3130, ""5"": 13, ""6"": 6397, ""7"": 5725, ""9"": 457}",8188,660,8.06057645334636,0,0.0,0,0.0,45401,45369,273,0.6017324604906434,13,0.02880694912249601,0,1736,10072,11810,0,11810,11810,1.0,0.0,245,1520,172,1447,222,1692,1692,1.1693158258465792,15.342087076710435,frequency
train,stratum,indic_cjk_arabic,ja,uniq_superbpe,8192,observed,32,323403,142468,61333,52220,2.72822673305247,0.8514176707482106,0,0.0,2.72822673305247,3,6,12,"{""1"": 10124, ""12"": 75, ""2"": 3387, ""3"": 35554, ""4"": 334, ""5"": 34, ""6"": 2634, ""7"": 2, ""9"": 76}",8188,2325,28.395212506106496,1119,2.142857142857143,0,0.0,52603,52571,383,0.7285385478685967,11,0.02106472615855994,0,2481,1944,4436,0,4436,4436,1.0,0.0,562,4382,262,4082,425,4644,4644,1.1376776090151886,10.41156295933366,frequency
train,stratum,indic_cjk_arabic,kn,uniq_superbpe,8192,observed,32,458253,153841,60531,46408,3.3149672470263747,0.7666815350811981,12597,27.144026891915185,3.3149672470263747,3,6,12,"{""1"": 17461, ""10"": 82, ""12"": 59, ""2"": 1378, ""3"": 9666, ""4"": 3252, ""5"": 35, ""6"": 12562, ""7"": 1337, ""9"": 576}",8188,753,9.19638495359062,45,0.09696604033787277,0,0.0,46686,46654,278,0.5958760234920907,24,0.05171522151353215,0,1795,5439,7243,0,7243,7243,1.0,0.0,239,1428,234,1423,205,1662,1662,1.167955024595924,14.406184118060436,frequency
train,stratum,indic_cjk_arabic,ko,uniq_superbpe,8192,observed,32,201347,118352,51206,43790,2.702717515414478,0.85517322188806,7,0.015985384791048184,2.702717515414478,3,4,12,"{""1"": 9570, ""12"": 57, ""2"": 1587, ""3"": 27888, ""4"": 3614, ""5"": 8, ""6"": 842, ""7"": 152, ""9"": 72}",8188,1522,18.588177821201757,926,2.114638045215803,0,0.0,44433,44401,643,1.4481655818562644,8,0.018269011189769355,1,6206,4845,11052,1,11053,11053,1.0000904813608396,0.009048136083966703,489,2314,618,2443,386,2932,2934,1.2001637331150226,15.800245599672534,frequency
train,stratum,indic_cjk_arabic,ml,uniq_superbpe,8192,observed,32,188792,137273,52226,42309,3.24453425985015,0.8101137364531077,16398,38.75771112529249,3.24453425985015,3,9,12,"{""1"": 19791, ""10"": 123, ""12"": 1354, ""2"": 845, ""3"": 8540, ""4"": 2664, ""5"": 36, ""6"": 5998, ""7"": 376, ""9"": 2582}",8188,623,7.608695652173913,18,0.042544139544777704,0,0.0,42541,42509,232,0.5457667787997835,36,0.08508827908955541,0,1438,3754,5197,0,5197,5197,1.0,0.0,205,1171,207,1173,171,1378,1378,1.174765558397272,14.578005115089514,frequency
train,stratum,indic_cjk_arabic,mr,uniq_superbpe,8192,observed,32,362326,145113,56571,41721,3.4781764578988996,0.7374980113485708,12657,30.337240238728697,3.4781764578988996,3,7,16,"{""1"": 15912, ""10"": 578, ""12"": 627, ""13"": 75, ""16"": 60, ""2"": 766, ""3"": 9725, ""4"": 2705, ""5"": 26, ""6"": 7790, ""7"": 2774, ""9"": 683}",8188,709,8.659013190034196,1,0.0023968744756837084,0,0.0,42088,42056,367,0.8726459958151037,18,0.04314374056230675,0,1154,6622,7780,0,7780,7780,1.0,0.0,228,1374,177,1323,188,1551,1551,1.1723356009070294,14.210128495842781,frequency
train,stratum,indic_cjk_arabic,ta,uniq_superbpe,8192,observed,32,239434,140738,53567,36674,3.8375415825925723,0.6846379300688857,5775,15.746850629874025,3.8375415825925723,3,7,10,"{""1"": 10883, ""10"": 388, ""2"": 957, ""3"": 8706, ""4"": 163, ""5"": 30, ""6"": 13354, ""7"": 1360, ""9"": 833}",8188,539,6.582804103566194,5,0.01363363690898184,0,0.0,37186,37154,512,1.3780481240243312,23,0.06271472978131647,0,3099,2684,5791,0,5791,5791,1.0,0.0,431,1300,488,1357,296,1788,1788,1.3176123802505526,21.812822402358144,frequency
train,stratum,indic_cjk_arabic,te,uniq_superbpe,8192,observed,32,300221,158103,60933,47099,3.356822862481157,0.77296374706645,13704,29.09615915412217,3.356822862481157,3,6,12,"{""1"": 18776, ""10"": 117, ""12"": 370, ""2"": 1149, ""3"": 8896, ""4"": 2367, ""5"": 18, ""6"": 13567, ""7"": 1390, ""9"": 449}",8188,638,7.791890571568149,24,0.050956495891632515,0,0.0,47557,47525,458,0.9637033140452393,10,0.021231873288180218,0,2840,4644,7488,0,7488,7488,1.0,0.0,359,1535,404,1580,301,1939,1939,1.2272151898734178,19.050632911392405,frequency
train,stratum,indic_cjk_arabic,ur,uniq_superbpe,8192,observed,32,431064,112341,64366,33861,3.317710640559936,0.5260696641083802,403,1.190159770827796,3.317710640559936,3,7,9,"{""1"": 3623, ""2"": 10511, ""3"": 3887, ""4"": 7704, ""5"": 5991, ""6"": 283, ""7"": 1596, ""9"": 266}",8188,723,8.82999511480215,6,0.017719500310091254,0,0.0,33969,33937,108,0.31823673276954356,2,0.005906500103363752,0,1708,11837,13545,0,13545,13545,1.0,0.0,248,1678,97,1527,229,1775,1777,1.1624099541584807,14.996725605762935,frequency
train,stratum,indic_cjk_arabic,zh,uniq_superbpe,8192,observed,32,616082,130086,53452,46589,2.7922041683659233,0.871604430142932,4,0.008585717658674795,2.7922041683659233,3,3,12,"{""1"": 7152, ""12"": 154, ""2"": 2254, ""3"": 35388, ""4"": 217, ""5"": 30, ""6"": 821, ""7"": 343, ""8"": 1, ""9"": 229}",8188,3269,39.92427943331705,2795,5.999270213999012,0,0.0,47316,47284,727,1.537517976482531,7,0.015025005902680891,0,1878,1848,3755,0,3755,3755,1.0,0.0,365,3258,342,3235,285,3600,3602,1.1128284389489953,8.809891808346213,frequency
train,stratum,latin_english,en,uniq_superbpe,8192,observed,32,128944,59492,59076,26344,2.258275129061646,0.44593405105288103,0,0.0,2.258275129061646,2,4,12,"{""1"": 8361, ""12"": 1, ""2"": 8090, ""3"": 6575, ""4"": 2153, ""5"": 751, ""6"": 112, ""7"": 245, ""8"": 44, ""9"": 12}",8188,897,10.955056179775282,12,0.045551169146674765,0,0.0,27328,27296,984,3.6049237983587337,268,1.0173094442757364,3,1426,7336,9298,3,9301,9301,1.000322650032265,0.032265003226500326,332,1920,176,1764,266,2096,2096,1.1882086167800454,15.079365079365079,frequency
train,language,,am,uniq_superbpe,8192,observed,32,390554,147317,59501,46790,3.14847189570421,0.7863733382632224,0,0.0,3.14847189570421,3,6,10,"{""1"": 5810, ""10"": 405, ""2"": 774, ""3"": 31266, ""4"": 5335, ""5"": 21, ""6"": 1587, ""7"": 1592}",8188,716,8.744504152418173,90,0.192348792477025,0,0.0,46935,46903,145,0.30914866852866557,19,0.04060696730070528,0,3389,7814,11206,0,11206,11206,1.0,0.0,702,2686,121,2105,543,2807,2807,1.3334916864608075,25.795724465558195,frequency
train,language,,ar,uniq_superbpe,8192,observed,32,215274,97740,54940,31336,3.119096247127904,0.570367673825992,702,2.2402348736277764,3.119096247127904,3,7,9,"{""1"": 3535, ""2"": 11363, ""3"": 3398, ""4"": 8579, ""5"": 2098, ""6"": 163, ""7"": 2149, ""8"": 1, ""9"": 50}",8188,662,8.085002442598926,15,0.04786826653050804,0,0.0,31489,31457,153,0.4863782306005023,7,0.02233852438090375,0,1024,7808,8838,0,8838,8838,1.0,0.0,331,1624,133,1426,269,1757,1757,1.2321178120617111,18.863955119214587,frequency
train,language,,bg,uniq_superbpe,8192,observed,32,249249,102609,58537,30393,3.3760734379626887,0.5192100722619881,0,0.0,3.3760734379626887,4,6,9,"{""1"": 4271, ""2"": 6957, ""3"": 3043, ""4"": 9909, ""5"": 3400, ""6"": 1712, ""7"": 526, ""8"": 470, ""9"": 105}",8188,816,9.96580361504641,1,0.003290231303260619,0,0.0,30854,30822,461,1.4956849003958212,161,0.5297272398249597,0,1292,7551,8973,0,8973,8973,1.0,0.0,325,1988,313,1976,258,2301,2303,1.1644736842105263,13.05668016194332,frequency
train,language,,bn,uniq_superbpe,8192,observed,32,274908,152004,58399,49533,3.0687420507540426,0.8481823318892446,16773,33.86227363575798,3.0687420507540426,3,7,13,"{""1"": 20880, ""10"": 531, ""12"": 87, ""13"": 160, ""2"": 562, ""3"": 14005, ""4"": 2433, ""5"": 25, ""6"": 7720, ""7"": 2398, ""9"": 732}",8188,563,6.875915974596971,16,0.03230169785799366,0,0.0,49821,49789,288,0.5784410211090804,19,0.038358266206367474,0,2610,5902,8515,0,8515,8515,1.0,0.0,232,1387,274,1429,220,1661,1661,1.1623512946116166,15.395381385584324,frequency
train,language,,c,uniq_superbpe,8192,observed,32,269690,51063,51060,27034,1.8888436783309905,0.5294555424990207,0,0.0,1.8888436783309905,1,5,16,"{""1"": 15698, ""10"": 46, ""12"": 18, ""13"": 17, ""16"": 34, ""2"": 5913, ""3"": 2554, ""4"": 1239, ""5"": 684, ""6"": 330, ""7"": 168, ""8"": 93, ""9"": 240}",8188,863,10.53981436248168,1,0.0036990456462232743,0,0.0,28400,28368,1366,4.815284827975184,132,0.48827402530147224,493,2770,3519,5926,388,6419,9740,1.0831927100911238,6.547418157273034,2011,5600,504,4093,597,6104,6116,1.4913266552650868,14.585878328854141,frequency
train,language,,cpp,uniq_superbpe,8192,observed,32,735578,54217,54213,27361,1.981543072256131,0.5046944459815911,0,0.0,1.981543072256131,1,5,16,"{""1"": 15471, ""10"": 37, ""12"": 23, ""13"": 38, ""16"": 42, ""2"": 5881, ""3"": 2757, ""4"": 1224, ""5"": 770, ""6"": 500, ""7"": 150, ""8"": 107, ""9"": 361}",8188,888,10.84513922813874,0,0.0,0,0.0,28601,28569,1240,4.340368931359166,100,0.36548371770037646,420,2717,2934,5352,298,5772,9575,1.0784753363228698,5.568011958146487,1780,5742,516,4478,1001,6258,6268,1.3974988834301028,22.3537293434569,frequency
train,language,,en,uniq_superbpe,8192,observed,32,128944,59492,59076,26344,2.258275129061646,0.44593405105288103,0,0.0,2.258275129061646,2,4,12,"{""1"": 8361, ""12"": 1, ""2"": 8090, ""3"": 6575, ""4"": 2153, ""5"": 751, ""6"": 112, ""7"": 245, ""8"": 44, ""9"": 12}",8188,897,10.955056179775282,12,0.045551169146674765,0,0.0,27328,27296,984,3.6049237983587337,268,1.0173094442757364,3,1426,7336,9298,3,9301,9301,1.000322650032265,0.032265003226500326,332,1920,176,1764,266,2096,2096,1.1882086167800454,15.079365079365079,frequency
train,language,,fa,uniq_superbpe,8192,observed,32,198722,93798,52677,27735,3.3819361817198486,0.5265106213337889,18,0.06489994591671173,3.3819361817198486,4,6,9,"{""1"": 2720, ""2"": 7434, ""3"": 3489, ""4"": 7976, ""5"": 4267, ""6"": 730, ""7"": 918, ""8"": 111, ""9"": 90}",8188,548,6.692721055202735,4,0.014422210203713719,0,0.0,27856,27824,121,0.43487636572742955,4,0.014422210203713719,0,1251,8679,9930,0,9930,9930,1.0,0.0,236,1297,108,1169,191,1405,1405,1.2018819503849445,16.33875106928999,frequency
train,language,,go,uniq_superbpe,8192,observed,32,514454,56813,56813,28119,2.020448806856574,0.49493953848590994,0,0.0,2.020448806856574,1,5,16,"{""1"": 14512, ""10"": 36, ""12"": 22, ""16"": 9, ""2"": 6424, ""3"": 3680, ""4"": 1673, ""5"": 514, ""6"": 646, ""7"": 353, ""8"": 214, ""9"": 36}",8188,877,10.710796287249634,0,0.0,0,0.0,28975,28943,856,2.9575372283453687,114,0.40541982289555106,119,3076,3279,6386,93,6505,9031,1.0186345129971814,1.4563106796116505,1030,6060,374,5404,868,6434,6454,1.19059955588453,16.06217616580311,frequency
train,language,,gu,uniq_superbpe,8192,observed,32,266235,146974,58881,46853,3.1369175933238,0.7957235780642312,15750,33.61577700467419,3.1369175933238,3,7,13,"{""1"": 19742, ""10"": 453, ""13"": 61, ""2"": 972, ""3"": 10300, ""4"": 4180, ""5"": 30, ""6"": 7384, ""7"": 2844, ""9"": 887}",8188,655,7.999511480214949,24,0.05122404114997972,0,0.0,47033,47001,180,0.38297057509414695,22,0.04695537105414808,0,1609,8104,9723,0,9723,9723,1.0,0.0,256,1474,156,1374,189,1630,1630,1.1863173216885008,13.755458515283843,frequency
train,language,,hi,uniq_superbpe,8192,observed,32,342431,153237,61359,45128,3.395608048218401,0.7354748284685213,14460,32.04219110086864,3.395608048218401,3,7,13,"{""1"": 18076, ""10"": 682, ""12"": 53, ""13"": 138, ""2"": 615, ""3"": 9842, ""4"": 3130, ""5"": 13, ""6"": 6397, ""7"": 5725, ""9"": 457}",8188,660,8.06057645334636,0,0.0,0,0.0,45401,45369,273,0.6017324604906434,13,0.02880694912249601,0,1736,10072,11810,0,11810,11810,1.0,0.0,245,1520,172,1447,222,1692,1692,1.1693158258465792,15.342087076710435,frequency
train,language,,ja,uniq_superbpe,8192,observed,32,323403,142468,61333,52220,2.72822673305247,0.8514176707482106,0,0.0,2.72822673305247,3,6,12,"{""1"": 10124, ""12"": 75, ""2"": 3387, ""3"": 35554, ""4"": 334, ""5"": 34, ""6"": 2634, ""7"": 2, ""9"": 76}",8188,2325,28.395212506106496,1119,2.142857142857143,0,0.0,52603,52571,383,0.7285385478685967,11,0.02106472615855994,0,2481,1944,4436,0,4436,4436,1.0,0.0,562,4382,262,4082,425,4644,4644,1.1376776090151886,10.41156295933366,frequency
train,language,,java,uniq_superbpe,8192,observed,32,175611,43999,43605,20081,2.191076141626413,0.46052058250200667,0,0.0,2.191076141626413,2,6,16,"{""1"": 9921, ""10"": 26, ""12"": 13, ""13"": 30, ""16"": 34, ""2"": 4354, ""3"": 2633, ""4"": 1292, ""5"": 597, ""6"": 665, ""7"": 278, ""8"": 110, ""9"": 128}",8188,933,11.394723986321447,9,0.04481848513520243,0,0.0,21172,21140,1091,5.160832544938505,73,0.3635277127633086,233,1849,2095,3775,214,4008,7594,1.0617218543046358,5.66887417218543,864,3857,280,3273,507,4137,4145,1.2639780018331805,15.490375802016498,frequency
train,language,,javascript,uniq_superbpe,8192,observed,32,112493,38980,38152,20622,1.8902143342061877,0.5405221220381632,0,0.0,1.8902143342061877,1,5,16,"{""1"": 11776, ""10"": 18, ""11"": 1, ""12"": 8, ""13"": 33, ""16"": 24, ""2"": 4773, ""3"": 2132, ""4"": 603, ""5"": 476, ""6"": 407, ""7"": 135, ""8"": 141, ""9"": 95}",8188,931,11.370297997068882,19,0.09213461351954223,0,0.0,21975,21943,1353,6.165975481930456,13,0.06303947240810785,396,2147,1867,3702,304,4098,7448,1.106969205834684,8.211777417612101,1703,5489,444,4230,1261,5933,5941,1.4026004728132389,29.810874704491727,frequency
train,language,,kn,uniq_superbpe,8192,observed,32,458253,153841,60531,46408,3.3149672470263747,0.7666815350811981,12597,27.144026891915185,3.3149672470263747,3,6,12,"{""1"": 17461, ""10"": 82, ""12"": 59, ""2"": 1378, ""3"": 9666, ""4"": 3252, ""5"": 35, ""6"": 12562, ""7"": 1337, ""9"": 576}",8188,753,9.19638495359062,45,0.09696604033787277,0,0.0,46686,46654,278,0.5958760234920907,24,0.05171522151353215,0,1795,5439,7243,0,7243,7243,1.0,0.0,239,1428,234,1423,205,1662,1662,1.167955024595924,14.406184118060436,frequency
train,language,,ko,uniq_superbpe,8192,observed,32,201347,118352,51206,43790,2.702717515414478,0.85517322188806,7,0.015985384791048184,2.702717515414478,3,4,12,"{""1"": 9570, ""12"": 57, ""2"": 1587, ""3"": 27888, ""4"": 3614, ""5"": 8, ""6"": 842, ""7"": 152, ""9"": 72}",8188,1522,18.588177821201757,926,2.114638045215803,0,0.0,44433,44401,643,1.4481655818562644,8,0.018269011189769355,1,6206,4845,11052,1,11053,11053,1.0000904813608396,0.009048136083966703,489,2314,618,2443,386,2932,2934,1.2001637331150226,15.800245599672534,frequency
train,language,,ml,uniq_superbpe,8192,observed,32,188792,137273,52226,42309,3.24453425985015,0.8101137364531077,16398,38.75771112529249,3.24453425985015,3,9,12,"{""1"": 19791, ""10"": 123, ""12"": 1354, ""2"": 845, ""3"": 8540, ""4"": 2664, ""5"": 36, ""6"": 5998, ""7"": 376, ""9"": 2582}",8188,623,7.608695652173913,18,0.042544139544777704,0,0.0,42541,42509,232,0.5457667787997835,36,0.08508827908955541,0,1438,3754,5197,0,5197,5197,1.0,0.0,205,1171,207,1173,171,1378,1378,1.174765558397272,14.578005115089514,frequency
train,language,,mr,uniq_superbpe,8192,observed,32,362326,145113,56571,41721,3.4781764578988996,0.7374980113485708,12657,30.337240238728697,3.4781764578988996,3,7,16,"{""1"": 15912, ""10"": 578, ""12"": 627, ""13"": 75, ""16"": 60, ""2"": 766, ""3"": 9725, ""4"": 2705, ""5"": 26, ""6"": 7790, ""7"": 2774, ""9"": 683}",8188,709,8.659013190034196,1,0.0023968744756837084,0,0.0,42088,42056,367,0.8726459958151037,18,0.04314374056230675,0,1154,6622,7780,0,7780,7780,1.0,0.0,228,1374,177,1323,188,1551,1551,1.1723356009070294,14.210128495842781,frequency
train,language,,python,uniq_superbpe,8192,observed,32,193155,48487,48387,21925,2.2114937286202965,0.4531175729018125,0,0.0,2.2114937286202965,2,6,16,"{""1"": 10955, ""10"": 12, ""11"": 2, ""12"": 20, ""13"": 59, ""16"": 81, ""2"": 4617, ""3"": 2995, ""4"": 1414, ""5"": 696, ""6"": 398, ""7"": 322, ""8"": 96, ""9"": 258}",8188,893,10.906204201270151,6,0.027366020524515394,0,0.0,23272,23240,1347,5.796041308089501,72,0.32839224629418473,274,2177,2602,4625,108,4899,10776,1.0592432432432433,2.3351351351351353,1352,4893,321,3862,761,5214,5228,1.3500776799585708,19.70481615743138,frequency
train,language,,ru,uniq_superbpe,8192,observed,32,231857,106212,58870,30420,3.491518737672584,0.5167317818923051,0,0.0,3.491518737672584,4,6,9,"{""1"": 3429, ""2"": 7503, ""3"": 2559, ""4"": 10521, ""5"": 2403, ""6"": 2637, ""7"": 848, ""8"": 437, ""9"": 83}",8188,732,8.93991206643869,2,0.006574621959237344,0,0.0,30866,30834,446,1.4464552117792047,137,0.45036160420775806,0,1359,6362,7811,0,7811,7811,1.0,0.0,275,1577,338,1640,220,1915,1917,1.1676829268292683,13.414634146341463,frequency
train,language,,rust,uniq_superbpe,8192,observed,32,405448,56922,56922,28943,1.966693155512559,0.5084677277678227,0,0.0,1.966693155512559,1,5,16,"{""1"": 16507, ""10"": 13, ""12"": 14, ""13"": 136, ""16"": 71, ""2"": 5724, ""3"": 3358, ""4"": 1449, ""5"": 978, ""6"": 277, ""7"": 161, ""8"": 79, ""9"": 176}",8188,856,10.454323400097705,0,0.0,0,0.0,30695,30663,1752,5.713726641228843,71,0.24530974674359948,206,2878,3448,6228,183,6434,13231,1.0330764290301861,2.9383429672447012,2749,8043,533,5827,1968,8576,8582,1.4717693495795434,33.773811566844,frequency
train,language,,sql,uniq_superbpe,8192,observed,32,962841,36373,36088,20518,1.7727361341261332,0.5685546442030592,0,0.0,1.7727361341261332,1,5,16,"{""1"": 12729, ""10"": 8, ""12"": 5, ""13"": 13, ""16"": 50, ""2"": 4260, ""3"": 1684, ""4"": 811, ""5"": 402, ""6"": 322, ""7"": 125, ""8"": 79, ""9"": 30}",8188,827,10.100146555935515,3,0.014621308119699776,0,0.0,21135,21103,617,2.9237549163626024,14,0.06823277122526562,310,2057,2142,3925,289,4235,6655,1.0789808917197452,7.3630573248407645,1395,4242,256,3103,650,4498,4498,1.4495649371575894,20.947470190138574,frequency
train,language,,sw,uniq_superbpe,8192,observed,32,302841,62449,62216,30390,2.0549193813754525,0.4884595602417385,58,0.19085225403093123,2.0549193813754525,2,3,7,"{""1"": 9025, ""2"": 12099, ""3"": 8320, ""4"": 665, ""5"": 179, ""6"": 3, ""7"": 99}",8188,713,8.707865168539326,3,0.009871668311944718,0,0.0,30689,30657,299,0.9753074338650227,48,0.1579466929911155,5,1406,7696,9101,5,9106,9106,1.0005493901769036,0.054939017690363696,305,1577,176,1448,263,1753,1753,1.2106353591160222,18.162983425414364,frequency
train,language,,ta,uniq_superbpe,8192,observed,32,239434,140738,53567,36674,3.8375415825925723,0.6846379300688857,5775,15.746850629874025,3.8375415825925723,3,7,10,"{""1"": 10883, ""10"": 388, ""2"": 957, ""3"": 8706, ""4"": 163, ""5"": 30, ""6"": 13354, ""7"": 1360, ""9"": 833}",8188,539,6.582804103566194,5,0.01363363690898184,0,0.0,37186,37154,512,1.3780481240243312,23,0.06271472978131647,0,3099,2684,5791,0,5791,5791,1.0,0.0,431,1300,488,1357,296,1788,1788,1.3176123802505526,21.812822402358144,frequency
train,language,,te,uniq_superbpe,8192,observed,32,300221,158103,60933,47099,3.356822862481157,0.77296374706645,13704,29.09615915412217,3.356822862481157,3,6,12,"{""1"": 18776, ""10"": 117, ""12"": 370, ""2"": 1149, ""3"": 8896, ""4"": 2367, ""5"": 18, ""6"": 13567, ""7"": 1390, ""9"": 449}",8188,638,7.791890571568149,24,0.050956495891632515,0,0.0,47557,47525,458,0.9637033140452393,10,0.021231873288180218,0,2840,4644,7488,0,7488,7488,1.0,0.0,359,1535,404,1580,301,1939,1939,1.2272151898734178,19.050632911392405,frequency
train,language,,typescript,uniq_superbpe,8192,observed,32,734901,43989,43698,20163,2.181669394435352,0.4614169984896334,0,0.0,2.181669394435352,1,6,16,"{""1"": 10482, ""10"": 29, ""11"": 90, ""12"": 5, ""13"": 9, ""16"": 11, ""2"": 4337, ""3"": 2140, ""4"": 966, ""5"": 731, ""6"": 714, ""7"": 385, ""8"": 94, ""9"": 170}",8188,923,11.272594040058623,6,0.029757476565987203,0,0.0,21686,21654,1523,7.03334256950217,44,0.2182214948172395,427,2282,2214,4263,391,4690,8393,1.1001642036124795,9.171944639924936,1104,4054,342,3292,749,4396,4406,1.3353584447144593,22.752126366950183,frequency
train,language,,uk,uniq_superbpe,8192,observed,32,184737,95676,53182,28703,3.333310106957461,0.5397126847429582,0,0.0,3.333310106957461,4,6,10,"{""1"": 3686, ""10"": 49, ""2"": 7892, ""3"": 2304, ""4"": 9824, ""5"": 2078, ""6"": 1606, ""7"": 694, ""8"": 506, ""9"": 64}",8188,701,8.561309233023938,14,0.04877538933212556,0,0.0,29108,29076,405,1.3929013619479984,78,0.2717485977075567,0,1447,5584,7093,0,7093,7093,1.0,0.0,316,1846,319,1849,283,2165,2167,1.1709031909140075,15.305570578691185,frequency
train,language,,ur,uniq_superbpe,8192,observed,32,431064,112341,64366,33861,3.317710640559936,0.5260696641083802,403,1.190159770827796,3.317710640559936,3,7,9,"{""1"": 3623, ""2"": 10511, ""3"": 3887, ""4"": 7704, ""5"": 5991, ""6"": 283, ""7"": 1596, ""9"": 266}",8188,723,8.82999511480215,6,0.017719500310091254,0,0.0,33969,33937,108,0.31823673276954356,2,0.005906500103363752,0,1708,11837,13545,0,13545,13545,1.0,0.0,248,1678,97,1527,229,1775,1777,1.1624099541584807,14.996725605762935,frequency
train,language,,yo,uniq_superbpe,8192,observed,32,145697,69432,59766,31114,2.2315356431188533,0.5205969949469598,134,0.43067429452979367,2.2315356431188533,2,4,8,"{""1"": 9356, ""2"": 10958, ""3"": 8144, ""4"": 1165, ""5"": 488, ""6"": 395, ""7"": 606, ""8"": 2}",8188,711,8.683439179286761,10,0.032139872726104,0,0.0,31438,31406,324,1.031650003184105,39,0.1253455036318056,0,2306,9133,11487,0,11487,11487,1.0,0.0,267,1636,223,1592,237,1859,1859,1.1677135678391959,14.886934673366834,frequency
train,language,,zh,uniq_superbpe,8192,observed,32,616082,130086,53452,46589,2.7922041683659233,0.871604430142932,4,0.008585717658674795,2.7922041683659233,3,3,12,"{""1"": 7152, ""12"": 154, ""2"": 2254, ""3"": 35388, ""4"": 217, ""5"": 30, ""6"": 821, ""7"": 343, ""8"": 1, ""9"": 229}",8188,3269,39.92427943331705,2795,5.999270213999012,0,0.0,47316,47284,727,1.537517976482531,7,0.015025005902680891,0,1878,1848,3755,0,3755,3755,1.0,0.0,365,3258,342,3235,285,3600,3602,1.1128284389489953,8.809891808346213,frequency
train,domain,code,,uniq_superbpe,8192,observed,288,4104171,430843,428938,214766,2.0061043181881675,0.5006924077605621,0,0.0,2.0061043181881675,1,5,16,"{""1"": 118051, ""10"": 225, ""11"": 93, ""12"": 128, ""13"": 335, ""16"": 356, ""2"": 46283, ""3"": 23933, ""4"": 10671, ""5"": 5848, ""6"": 4259, ""7"": 2077, ""8"": 1013, ""9"": 1494}",8188,1357,16.573033707865168,44,0.020487414208953,0,0.0,225911,225623,11145,4.939655974789805,633,0.2947393907788011,2878,21953,24100,44182,2268,47060,82443,1.0651396496310714,5.133312208591734,13988,47980,3570,37562,8362,51550,51638,1.372397635908631,22.26186039082051,frequency
train,domain,cyrillic_african,,uniq_superbpe,8192,observed,192,1504935,583695,352072,197810,2.9507861078813002,0.5618453043695608,192,0.09706283807694252,2.9507861078813002,3,6,10,"{""1"": 35577, ""10"": 454, ""2"": 46183, ""3"": 55636, ""4"": 37419, ""5"": 8569, ""6"": 7940, ""7"": 4365, ""8"": 1415, ""9"": 252}",8188,1675,20.45676599902296,120,0.06066427379808908,0,0.0,199890,199698,2080,1.041572774890084,482,0.24366816642232444,5,11199,44140,55671,5,55676,55676,1.0000898133678218,0.008981336782166657,2190,11310,1490,10610,1804,12800,12806,1.2064090480678604,17.00282752120641,frequency
train,domain,indic_cjk_arabic,,uniq_superbpe,8192,observed,448,4418492,1882068,800441,591256,3.183169388555888,0.7386628121248162,109248,18.4772754948787,3.183169388555888,3,7,16,"{""1"": 178245, ""10"": 2954, ""12"": 2836, ""13"": 434, ""16"": 60, ""2"": 43780, ""3"": 189284, ""4"": 49318, ""5"": 12641, ""6"": 80245, ""7"": 23364, ""8"": 113, ""9"": 7982}",8188,7038,85.95505617977528,4998,0.8453191172690002,0,0.0,595979,595531,4723,0.7930737442719187,204,0.034502821113020415,1,30829,84182,115103,1,115104,115104,1.0000086878708634,0.0008687870863487486,4426,25742,3672,24988,3577,29414,29420,1.1771250200096046,14.31487113814631,frequency
train,domain,latin_english,,uniq_superbpe,8192,observed,32,128944,59492,59076,26344,2.258275129061646,0.44593405105288103,0,0.0,2.258275129061646,2,4,12,"{""1"": 8361, ""12"": 1, ""2"": 8090, ""3"": 6575, ""4"": 2153, ""5"": 751, ""6"": 112, ""7"": 245, ""8"": 44, ""9"": 12}",8188,897,10.955056179775282,12,0.045551169146674765,0,0.0,27328,27296,984,3.6049237983587337,268,1.0173094442757364,3,1426,7336,9298,3,9301,9301,1.000322650032265,0.032265003226500326,332,1920,176,1764,266,2096,2096,1.1882086167800454,15.079365079365079,frequency
train,aggregate,,,uniq_superbpe,8192,observed,960,10156542,2956098,1640527,1030176,2.8695077346006896,0.6279543098041056,109440,10.62342745317305,2.8695077346006896,3,6,16,"{""1"": 340234, ""10"": 3633, ""11"": 93, ""12"": 2965, ""13"": 769, ""16"": 416, ""2"": 144336, ""3"": 275428, ""4"": 99561, ""5"": 27809, ""6"": 92556, ""7"": 30051, ""8"": 2585, ""9"": 9740}",8188,7969,97.32535417684416,5174,0.5022442767061163,0,0.0,1049108,1048148,18932,1.8062334708457202,1587,0.15405134656602368,2887,65407,159758,224254,2277,227141,262524,1.0128737948932907,1.0153665040534394,20936,86952,8908,74924,14009,95860,95960,1.2794298222198495,18.69761358176285,frequency
validation,stratum,flores200,am,uniq_superbpe,8192,observed,32,6471,6471,2573,2024,3.197134387351779,0.7866303925378935,0,0.0,3.197134387351779,3,6,10,"{""1"": 186, ""10"": 21, ""2"": 34, ""3"": 1418, ""4"": 250, ""6"": 52, ""7"": 63}",8188,276,3.3707865168539324,9,0.44466403162055335,0,0.0,2026,1994,2,0.10030090270812438,0,0.0,0,131,355,486,0,486,486,1.0,0.0,1,76,0,75,1,76,76,1.0133333333333334,1.3333333333333333,frequency
validation,stratum,flores200,ar,uniq_superbpe,8192,observed,32,6539,6539,3628,2053,3.185094982951778,0.5658765159867696,48,2.338041889917194,3.185094982951778,3,7,9,"{""1"": 194, ""2"": 750, ""3"": 207, ""4"": 586, ""5"": 161, ""6"": 12, ""7"": 142, ""9"": 1}",8188,282,3.444064484611627,9,0.43838285435947394,5,0.24354603019970775,2058,2026,5,0.24679170779861798,0,0.0,0,60,521,581,0,581,581,1.0,0.0,2,83,5,86,2,88,88,1.0232558139534884,2.3255813953488373,frequency
validation,stratum,flores200,bg,uniq_superbpe,8192,observed,32,7484,7482,4146,2119,3.530910806984427,0.5110950313555234,0,0.0,3.530910806984427,4,6,9,"{""1"": 199, ""2"": 481, ""3"": 210, ""4"": 782, ""5"": 244, ""6"": 122, ""7"": 42, ""8"": 34, ""9"": 5}",8188,358,4.372252076209087,0,0.0,0,0.0,2145,2113,26,1.2304779933743493,6,0.2831524303916942,0,76,526,617,0,617,617,1.0,0.0,3,114,10,121,3,124,124,1.024793388429752,2.479338842975207,frequency
validation,stratum,flores200,bn,uniq_superbpe,8192,observed,32,10607,10772,4028,3477,3.098073051481162,0.8632075471698113,1260,36.2381363244176,3.098073051481162,3,7,13,"{""1"": 1501, ""10"": 50, ""12"": 5, ""13"": 14, ""2"": 15, ""3"": 973, ""4"": 142, ""6"": 551, ""7"": 164, ""9"": 62}",8188,204,2.4914509037616024,0,0.0,0,0.0,3484,3452,7,0.20278099652375434,0,0.0,2,178,382,558,2,560,560,1.003584229390681,0.35842293906810035,8,83,7,82,5,90,90,1.0975609756097562,6.097560975609756,frequency
validation,stratum,flores200,fa,uniq_superbpe,8192,observed,32,6879,6879,3885,2036,3.3786836935166993,0.524066924066924,4,0.19646365422396855,3.3786836935166993,3,6,9,"{""1"": 152, ""2"": 592, ""3"": 277, ""4"": 586, ""5"": 301, ""6"": 53, ""7"": 61, ""8"": 8, ""9"": 6}",8188,347,4.23790913531998,1,0.04911591355599214,0,0.0,2045,2013,9,0.44709388971684055,0,0.0,0,57,643,700,0,700,700,1.0,0.0,4,99,9,104,4,108,108,1.0384615384615385,3.8461538461538463,frequency
validation,stratum,flores200,gu,uniq_superbpe,8192,observed,32,9612,9612,3700,3208,2.9962593516209477,0.867027027027027,1227,38.248129675810475,2.9962593516209477,3,7,13,"{""1"": 1449, ""10"": 42, ""13"": 2, ""2"": 39, ""3"": 749, ""4"": 241, ""6"": 492, ""7"": 135, ""9"": 59}",8188,215,2.6257938446507083,1,0.03117206982543641,0,0.0,3223,3191,15,0.4700720777185835,0,0.0,2,119,451,568,2,570,570,1.0035211267605635,0.352112676056338,13,81,10,78,10,91,91,1.1666666666666667,12.820512820512821,frequency
validation,stratum,flores200,hi,uniq_superbpe,8192,observed,32,10059,10074,3966,3089,3.261249595338297,0.7788703983862834,1092,35.351246358044676,3.261249595338297,3,7,13,"{""1"": 1300, ""10"": 39, ""12"": 6, ""13"": 8, ""2"": 33, ""3"": 707, ""4"": 195, ""6"": 416, ""7"": 360, ""9"": 25}",8188,272,3.321934538348803,0,0.0,0,0.0,3102,3070,13,0.4234527687296417,0,0.0,0,119,628,747,0,747,747,1.0,0.0,1,76,5,80,1,81,81,1.0125,1.25,frequency
validation,stratum,flores200,ja,uniq_superbpe,8192,observed,32,5120,5110,1782,1687,3.029045643153527,0.94668911335578,81,4.801422643746295,3.029045643153527,3,6,6,"{""1"": 145, ""2"": 21, ""3"": 1401, ""6"": 120}",8188,499,6.0942843185149,135,8.002371072910492,57,3.3787788974510966,1687,1655,0,0.0,0,0.0,0,0,2,2,0,2,2,1.0,0.0,2,113,0,111,2,113,113,1.018018018018018,1.8018018018018018,frequency
validation,stratum,flores200,kn,uniq_superbpe,8192,observed,32,11332,11326,4264,3365,3.3658246656760773,0.7891651031894934,1008,29.955423476968797,3.3658246656760773,3,6,12,"{""1"": 1306, ""10"": 8, ""12"": 9, ""2"": 49, ""3"": 691, ""4"": 189, ""6"": 964, ""7"": 110, ""9"": 39}",8188,230,2.808988764044944,2,0.05943536404160475,0,0.0,3389,3357,24,0.7149240393208222,0,0.0,46,198,351,503,42,549,549,1.091451292246521,8.34990059642147,0,71,19,90,0,90,90,1.0,0.0,frequency
validation,stratum,flores200,ko,uniq_superbpe,8192,observed,32,4735,4735,2037,1776,2.6661036036036037,0.8718703976435935,45,2.5337837837837838,2.6661036036036037,3,4,9,"{""1"": 419, ""2"": 63, ""3"": 1107, ""4"": 129, ""6"": 55, ""7"": 2, ""9"": 1}",8188,476,5.813385442110405,86,4.842342342342342,27,1.5202702702702702,1787,1755,11,0.6267806267806267,0,0.0,0,258,172,430,0,430,430,1.0,0.0,6,70,11,75,4,81,81,1.08,5.333333333333333,frequency
validation,stratum,flores200,ml,uniq_superbpe,8192,observed,32,11894,11894,4384,3737,3.1827669253411828,0.8524178832116789,1509,40.37998394434038,3.1827669253411828,3,9,12,"{""1"": 1773, ""10"": 16, ""12"": 123, ""2"": 40, ""3"": 807, ""4"": 205, ""6"": 571, ""7"": 40, ""9"": 162}",8188,225,2.747923790913532,1,0.02675943270002676,0,0.0,3751,3719,14,0.3764452809895133,0,0.0,5,156,291,442,5,447,447,1.01131221719457,1.1312217194570136,11,80,11,80,8,91,91,1.1375,10.0,frequency
validation,stratum,flores200,mr,uniq_superbpe,8192,observed,32,10965,10965,4109,3368,3.255641330166271,0.8196641518617669,1254,37.23277909738717,3.255641330166271,3,7,13,"{""1"": 1452, ""10"": 33, ""12"": 67, ""13"": 7, ""2"": 24, ""3"": 803, ""4"": 185, ""6"": 560, ""7"": 201, ""9"": 36}",8188,281,3.4318514899853443,0,0.0,0,0.0,3389,3357,21,0.6255585344057194,0,0.0,1,100,444,543,1,544,544,1.0018416206261511,0.1841620626151013,10,81,7,78,7,88,88,1.1282051282051282,8.974358974358974,frequency
validation,stratum,flores200,ru,uniq_superbpe,8192,observed,32,7654,7654,4261,2262,3.3837312113174183,0.5308613001642807,0,0.0,3.3837312113174183,4,6,9,"{""1"": 263, ""2"": 627, ""3"": 187, ""4"": 759, ""5"": 156, ""6"": 173, ""7"": 64, ""8"": 23, ""9"": 10}",8188,418,5.105031753786029,0,0.0,0,0.0,2288,2256,26,1.1524822695035462,5,0.22104332449160036,5,106,457,571,5,576,576,1.0087565674255692,0.8756567425569177,6,117,13,124,5,130,130,1.0483870967741935,4.032258064516129,frequency
validation,stratum,flores200,sw,uniq_superbpe,8192,observed,32,4405,4405,4397,2030,2.1699507389162562,0.46167841710256996,0,0.0,2.1699507389162562,2,4,7,"{""1"": 520, ""2"": 805, ""3"": 603, ""4"": 74, ""5"": 13, ""7"": 15}",8188,388,4.738641914997557,0,0.0,0,0.0,2039,2007,9,0.4484304932735426,0,0.0,0,82,578,660,0,660,660,1.0,0.0,1,74,3,76,1,77,77,1.013157894736842,1.3157894736842106,frequency
validation,stratum,flores200,ta,uniq_superbpe,8192,observed,32,12193,12193,4517,3099,3.9344949983865765,0.6860748284259465,522,16.844143272023235,3.9344949983865765,3,7,10,"{""1"": 901, ""10"": 25, ""2"": 55, ""3"": 697, ""4"": 17, ""6"": 1205, ""7"": 124, ""9"": 75}",8188,194,2.3693209574987786,2,0.06453694740238787,0,0.0,3128,3096,29,0.9366925064599483,0,0.0,1,262,213,474,1,475,475,1.0021097046413503,0.2109704641350211,13,84,27,98,10,111,111,1.1326530612244898,10.204081632653061,frequency
validation,stratum,flores200,te,uniq_superbpe,8192,observed,32,10409,10409,3954,3095,3.3631663974151857,0.7827516439049064,915,29.563812600969307,3.3631663974151857,3,6,12,"{""1"": 1258, ""10"": 11, ""12"": 19, ""2"": 61, ""3"": 565, ""4"": 131, ""5"": 1, ""6"": 950, ""7"": 62, ""9"": 37}",8188,263,3.212017586712262,0,0.0,0,0.0,3115,3083,20,0.6487187804086928,1,0.03231017770597738,6,234,252,480,6,486,486,1.0125,1.25,7,73,19,85,7,92,92,1.0823529411764705,8.235294117647058,frequency
validation,stratum,flores200,uk,uniq_superbpe,8192,observed,32,7446,7446,4118,2228,3.3420107719928187,0.541039339485187,0,0.0,3.3420107719928187,4,6,10,"{""1"": 250, ""10"": 3, ""2"": 642, ""3"": 193, ""4"": 759, ""5"": 155, ""6"": 136, ""7"": 56, ""8"": 22, ""9"": 12}",8188,378,4.616511968734733,1,0.04488330341113106,0,0.0,2242,2210,14,0.6334841628959276,4,0.17953321364452424,0,106,445,555,0,555,555,1.0,0.0,2,117,9,124,2,126,126,1.0161290322580645,1.6129032258064515,frequency
validation,stratum,flores200,ur,uniq_superbpe,8192,observed,32,6879,6879,3892,2075,3.3151807228915664,0.5331449126413155,10,0.4819277108433735,3.3151807228915664,3,6,9,"{""1"": 138, ""2"": 717, ""3"": 264, ""4"": 491, ""5"": 351, ""6"": 20, ""7"": 85, ""9"": 9}",8188,305,3.7249633610161212,0,0.0,0,0.0,2077,2045,2,0.097799511002445,0,0.0,0,71,722,793,0,793,793,1.0,0.0,1,70,2,71,1,72,72,1.0140845070422535,1.408450704225352,frequency
validation,stratum,flores200,yo,uniq_superbpe,8192,observed,32,5060,5063,3889,2833,1.7871514295799507,0.7284649010028285,292,10.307094952347335,1.7871514295799507,2,3,6,"{""1"": 1192, ""2"": 1162, ""3"": 406, ""4"": 44, ""5"": 21, ""6"": 8}",8188,357,4.360039081582804,11,0.3882809742322626,6,0.21178962230850687,2853,2821,20,0.7089684509039348,0,0.0,0,269,448,718,0,718,718,1.0,0.0,2,61,17,76,2,78,78,1.0263157894736843,2.6315789473684212,frequency
validation,stratum,flores200,zh,uniq_superbpe,8192,observed,32,3887,3769,1485,1434,2.6283124128312414,0.9656565656565657,78,5.439330543933054,2.6283124128312414,3,3,6,"{""1"": 234, ""2"": 71, ""3"": 1125, ""4"": 3, ""6"": 1}",8188,611,7.462139716658525,155,10.808926080892608,46,3.2078103207810322,1443,1411,9,0.6378454996456414,0,0.0,0,29,34,63,0,63,63,1.0,0.0,6,134,4,132,6,138,138,1.0454545454545454,4.545454545454546,frequency
validation,language,,am,uniq_superbpe,8192,observed,32,6471,6471,2573,2024,3.197134387351779,0.7866303925378935,0,0.0,3.197134387351779,3,6,10,"{""1"": 186, ""10"": 21, ""2"": 34, ""3"": 1418, ""4"": 250, ""6"": 52, ""7"": 63}",8188,276,3.3707865168539324,9,0.44466403162055335,0,0.0,2026,1994,2,0.10030090270812438,0,0.0,0,131,355,486,0,486,486,1.0,0.0,1,76,0,75,1,76,76,1.0133333333333334,1.3333333333333333,frequency
validation,language,,ar,uniq_superbpe,8192,observed,32,6539,6539,3628,2053,3.185094982951778,0.5658765159867696,48,2.338041889917194,3.185094982951778,3,7,9,"{""1"": 194, ""2"": 750, ""3"": 207, ""4"": 586, ""5"": 161, ""6"": 12, ""7"": 142, ""9"": 1}",8188,282,3.444064484611627,9,0.43838285435947394,5,0.24354603019970775,2058,2026,5,0.24679170779861798,0,0.0,0,60,521,581,0,581,581,1.0,0.0,2,83,5,86,2,88,88,1.0232558139534884,2.3255813953488373,frequency
validation,language,,bg,uniq_superbpe,8192,observed,32,7484,7482,4146,2119,3.530910806984427,0.5110950313555234,0,0.0,3.530910806984427,4,6,9,"{""1"": 199, ""2"": 481, ""3"": 210, ""4"": 782, ""5"": 244, ""6"": 122, ""7"": 42, ""8"": 34, ""9"": 5}",8188,358,4.372252076209087,0,0.0,0,0.0,2145,2113,26,1.2304779933743493,6,0.2831524303916942,0,76,526,617,0,617,617,1.0,0.0,3,114,10,121,3,124,124,1.024793388429752,2.479338842975207,frequency
validation,language,,bn,uniq_superbpe,8192,observed,32,10607,10772,4028,3477,3.098073051481162,0.8632075471698113,1260,36.2381363244176,3.098073051481162,3,7,13,"{""1"": 1501, ""10"": 50, ""12"": 5, ""13"": 14, ""2"": 15, ""3"": 973, ""4"": 142, ""6"": 551, ""7"": 164, ""9"": 62}",8188,204,2.4914509037616024,0,0.0,0,0.0,3484,3452,7,0.20278099652375434,0,0.0,2,178,382,558,2,560,560,1.003584229390681,0.35842293906810035,8,83,7,82,5,90,90,1.0975609756097562,6.097560975609756,frequency
validation,language,,fa,uniq_superbpe,8192,observed,32,6879,6879,3885,2036,3.3786836935166993,0.524066924066924,4,0.19646365422396855,3.3786836935166993,3,6,9,"{""1"": 152, ""2"": 592, ""3"": 277, ""4"": 586, ""5"": 301, ""6"": 53, ""7"": 61, ""8"": 8, ""9"": 6}",8188,347,4.23790913531998,1,0.04911591355599214,0,0.0,2045,2013,9,0.44709388971684055,0,0.0,0,57,643,700,0,700,700,1.0,0.0,4,99,9,104,4,108,108,1.0384615384615385,3.8461538461538463,frequency
validation,language,,gu,uniq_superbpe,8192,observed,32,9612,9612,3700,3208,2.9962593516209477,0.867027027027027,1227,38.248129675810475,2.9962593516209477,3,7,13,"{""1"": 1449, ""10"": 42, ""13"": 2, ""2"": 39, ""3"": 749, ""4"": 241, ""6"": 492, ""7"": 135, ""9"": 59}",8188,215,2.6257938446507083,1,0.03117206982543641,0,0.0,3223,3191,15,0.4700720777185835,0,0.0,2,119,451,568,2,570,570,1.0035211267605635,0.352112676056338,13,81,10,78,10,91,91,1.1666666666666667,12.820512820512821,frequency
validation,language,,hi,uniq_superbpe,8192,observed,32,10059,10074,3966,3089,3.261249595338297,0.7788703983862834,1092,35.351246358044676,3.261249595338297,3,7,13,"{""1"": 1300, ""10"": 39, ""12"": 6, ""13"": 8, ""2"": 33, ""3"": 707, ""4"": 195, ""6"": 416, ""7"": 360, ""9"": 25}",8188,272,3.321934538348803,0,0.0,0,0.0,3102,3070,13,0.4234527687296417,0,0.0,0,119,628,747,0,747,747,1.0,0.0,1,76,5,80,1,81,81,1.0125,1.25,frequency
validation,language,,ja,uniq_superbpe,8192,observed,32,5120,5110,1782,1687,3.029045643153527,0.94668911335578,81,4.801422643746295,3.029045643153527,3,6,6,"{""1"": 145, ""2"": 21, ""3"": 1401, ""6"": 120}",8188,499,6.0942843185149,135,8.002371072910492,57,3.3787788974510966,1687,1655,0,0.0,0,0.0,0,0,2,2,0,2,2,1.0,0.0,2,113,0,111,2,113,113,1.018018018018018,1.8018018018018018,frequency
validation,language,,kn,uniq_superbpe,8192,observed,32,11332,11326,4264,3365,3.3658246656760773,0.7891651031894934,1008,29.955423476968797,3.3658246656760773,3,6,12,"{""1"": 1306, ""10"": 8, ""12"": 9, ""2"": 49, ""3"": 691, ""4"": 189, ""6"": 964, ""7"": 110, ""9"": 39}",8188,230,2.808988764044944,2,0.05943536404160475,0,0.0,3389,3357,24,0.7149240393208222,0,0.0,46,198,351,503,42,549,549,1.091451292246521,8.34990059642147,0,71,19,90,0,90,90,1.0,0.0,frequency
validation,language,,ko,uniq_superbpe,8192,observed,32,4735,4735,2037,1776,2.6661036036036037,0.8718703976435935,45,2.5337837837837838,2.6661036036036037,3,4,9,"{""1"": 419, ""2"": 63, ""3"": 1107, ""4"": 129, ""6"": 55, ""7"": 2, ""9"": 1}",8188,476,5.813385442110405,86,4.842342342342342,27,1.5202702702702702,1787,1755,11,0.6267806267806267,0,0.0,0,258,172,430,0,430,430,1.0,0.0,6,70,11,75,4,81,81,1.08,5.333333333333333,frequency
validation,language,,ml,uniq_superbpe,8192,observed,32,11894,11894,4384,3737,3.1827669253411828,0.8524178832116789,1509,40.37998394434038,3.1827669253411828,3,9,12,"{""1"": 1773, ""10"": 16, ""12"": 123, ""2"": 40, ""3"": 807, ""4"": 205, ""6"": 571, ""7"": 40, ""9"": 162}",8188,225,2.747923790913532,1,0.02675943270002676,0,0.0,3751,3719,14,0.3764452809895133,0,0.0,5,156,291,442,5,447,447,1.01131221719457,1.1312217194570136,11,80,11,80,8,91,91,1.1375,10.0,frequency
validation,language,,mr,uniq_superbpe,8192,observed,32,10965,10965,4109,3368,3.255641330166271,0.8196641518617669,1254,37.23277909738717,3.255641330166271,3,7,13,"{""1"": 1452, ""10"": 33, ""12"": 67, ""13"": 7, ""2"": 24, ""3"": 803, ""4"": 185, ""6"": 560, ""7"": 201, ""9"": 36}",8188,281,3.4318514899853443,0,0.0,0,0.0,3389,3357,21,0.6255585344057194,0,0.0,1,100,444,543,1,544,544,1.0018416206261511,0.1841620626151013,10,81,7,78,7,88,88,1.1282051282051282,8.974358974358974,frequency
validation,language,,ru,uniq_superbpe,8192,observed,32,7654,7654,4261,2262,3.3837312113174183,0.5308613001642807,0,0.0,3.3837312113174183,4,6,9,"{""1"": 263, ""2"": 627, ""3"": 187, ""4"": 759, ""5"": 156, ""6"": 173, ""7"": 64, ""8"": 23, ""9"": 10}",8188,418,5.105031753786029,0,0.0,0,0.0,2288,2256,26,1.1524822695035462,5,0.22104332449160036,5,106,457,571,5,576,576,1.0087565674255692,0.8756567425569177,6,117,13,124,5,130,130,1.0483870967741935,4.032258064516129,frequency
validation,language,,sw,uniq_superbpe,8192,observed,32,4405,4405,4397,2030,2.1699507389162562,0.46167841710256996,0,0.0,2.1699507389162562,2,4,7,"{""1"": 520, ""2"": 805, ""3"": 603, ""4"": 74, ""5"": 13, ""7"": 15}",8188,388,4.738641914997557,0,0.0,0,0.0,2039,2007,9,0.4484304932735426,0,0.0,0,82,578,660,0,660,660,1.0,0.0,1,74,3,76,1,77,77,1.013157894736842,1.3157894736842106,frequency
validation,language,,ta,uniq_superbpe,8192,observed,32,12193,12193,4517,3099,3.9344949983865765,0.6860748284259465,522,16.844143272023235,3.9344949983865765,3,7,10,"{""1"": 901, ""10"": 25, ""2"": 55, ""3"": 697, ""4"": 17, ""6"": 1205, ""7"": 124, ""9"": 75}",8188,194,2.3693209574987786,2,0.06453694740238787,0,0.0,3128,3096,29,0.9366925064599483,0,0.0,1,262,213,474,1,475,475,1.0021097046413503,0.2109704641350211,13,84,27,98,10,111,111,1.1326530612244898,10.204081632653061,frequency
validation,language,,te,uniq_superbpe,8192,observed,32,10409,10409,3954,3095,3.3631663974151857,0.7827516439049064,915,29.563812600969307,3.3631663974151857,3,6,12,"{""1"": 1258, ""10"": 11, ""12"": 19, ""2"": 61, ""3"": 565, ""4"": 131, ""5"": 1, ""6"": 950, ""7"": 62, ""9"": 37}",8188,263,3.212017586712262,0,0.0,0,0.0,3115,3083,20,0.6487187804086928,1,0.03231017770597738,6,234,252,480,6,486,486,1.0125,1.25,7,73,19,85,7,92,92,1.0823529411764705,8.235294117647058,frequency
validation,language,,uk,uniq_superbpe,8192,observed,32,7446,7446,4118,2228,3.3420107719928187,0.541039339485187,0,0.0,3.3420107719928187,4,6,10,"{""1"": 250, ""10"": 3, ""2"": 642, ""3"": 193, ""4"": 759, ""5"": 155, ""6"": 136, ""7"": 56, ""8"": 22, ""9"": 12}",8188,378,4.616511968734733,1,0.04488330341113106,0,0.0,2242,2210,14,0.6334841628959276,4,0.17953321364452424,0,106,445,555,0,555,555,1.0,0.0,2,117,9,124,2,126,126,1.0161290322580645,1.6129032258064515,frequency
validation,language,,ur,uniq_superbpe,8192,observed,32,6879,6879,3892,2075,3.3151807228915664,0.5331449126413155,10,0.4819277108433735,3.3151807228915664,3,6,9,"{""1"": 138, ""2"": 717, ""3"": 264, ""4"": 491, ""5"": 351, ""6"": 20, ""7"": 85, ""9"": 9}",8188,305,3.7249633610161212,0,0.0,0,0.0,2077,2045,2,0.097799511002445,0,0.0,0,71,722,793,0,793,793,1.0,0.0,1,70,2,71,1,72,72,1.0140845070422535,1.408450704225352,frequency
validation,language,,yo,uniq_superbpe,8192,observed,32,5060,5063,3889,2833,1.7871514295799507,0.7284649010028285,292,10.307094952347335,1.7871514295799507,2,3,6,"{""1"": 1192, ""2"": 1162, ""3"": 406, ""4"": 44, ""5"": 21, ""6"": 8}",8188,357,4.360039081582804,11,0.3882809742322626,6,0.21178962230850687,2853,2821,20,0.7089684509039348,0,0.0,0,269,448,718,0,718,718,1.0,0.0,2,61,17,76,2,78,78,1.0263157894736843,2.6315789473684212,frequency
validation,language,,zh,uniq_superbpe,8192,observed,32,3887,3769,1485,1434,2.6283124128312414,0.9656565656565657,78,5.439330543933054,2.6283124128312414,3,3,6,"{""1"": 234, ""2"": 71, ""3"": 1125, ""4"": 3, ""6"": 1}",8188,611,7.462139716658525,155,10.808926080892608,46,3.2078103207810322,1443,1411,9,0.6378454996456414,0,0.0,0,29,34,63,0,63,63,1.0,0.0,6,134,4,132,6,138,138,1.0454545454545454,4.545454545454546,frequency
validation,domain,flores200,,uniq_superbpe,8192,observed,640,159630,159677,73015,50995,3.131228551818806,0.698418133260289,9345,18.325326012354154,3.131228551818806,3,7,13,"{""1"": 14832, ""10"": 248, ""12"": 229, ""13"": 31, ""2"": 6281, ""3"": 13390, ""4"": 5768, ""5"": 1403, ""6"": 6461, ""7"": 1726, ""8"": 87, ""9"": 539}",8188,3845,46.958964338055694,413,0.8098833218943033,141,0.2764976958525346,51271,50631,276,0.5451205783018309,16,0.03137562506128052,68,2611,7915,10491,64,10559,10559,1.006481746258698,0.6100467067009818,99,1757,188,1846,81,1945,1945,1.0536294691224268,4.387865655471289,frequency
validation,aggregate,,,uniq_superbpe,8192,observed,640,159630,159677,73015,50995,3.131228551818806,0.698418133260289,9345,18.325326012354154,3.131228551818806,3,7,13,"{""1"": 14832, ""10"": 248, ""12"": 229, ""13"": 31, ""2"": 6281, ""3"": 13390, ""4"": 5768, ""5"": 1403, ""6"": 6461, ""7"": 1726, ""8"": 87, ""9"": 539}",8188,3845,46.958964338055694,413,0.8098833218943033,141,0.2764976958525346,51271,50631,276,0.5451205783018309,16,0.03137562506128052,68,2611,7915,10491,64,10559,10559,1.006481746258698,0.6100467067009818,99,1757,188,1846,81,1945,1945,1.0536294691224268,4.387865655471289,frequency
train,stratum,code,c,uniq_superbpe,8192,observed,32,269690,51063,51060,27722,1.8419666690714955,0.5429298864081473,0,0.0,1.8419666690714955,1,5,16,"{""1"": 16727, ""10"": 39, ""12"": 17, ""13"": 17, ""14"": 1, ""16"": 34, ""2"": 5553, ""3"": 2609, ""4"": 1261, ""5"": 646, ""6"": 378, ""7"": 125, ""8"": 222, ""9"": 93}",8188,831,10.148998534440645,4,0.014428973378544117,0,0.0,28401,28369,679,2.393457647432056,3,0.010821730033908088,421,3329,3018,5926,339,6347,9740,1.0710428619642254,5.720553493081336,2011,5904,198,4093,597,6104,6116,1.4913266552650868,14.585878328854141,boundary
train,stratum,code,cpp,uniq_superbpe,8192,observed,32,735578,54217,54213,28029,1.934318027756966,0.5170162138232527,0,0.0,1.934318027756966,1,5,16,"{""1"": 16446, ""10"": 25, ""11"": 7, ""12"": 22, ""13"": 38, ""14"": 1, ""16"": 42, ""2"": 5519, ""3"": 2851, ""4"": 1247, ""5"": 735, ""6"": 538, ""7"": 113, ""8"": 278, ""9"": 167}",8188,851,10.393258426966293,0,0.0,0,0.0,28602,28570,573,2.0056002800140007,0,0.0,323,3285,2390,5352,232,5675,9575,1.0603512705530642,4.334828101644245,1780,6011,247,4478,1001,6258,6268,1.3974988834301028,22.3537293434569,boundary
train,stratum,code,go,uniq_superbpe,8192,observed,32,514454,56813,56813,28961,1.9617071233728116,0.509760090120219,0,0.0,1.9617071233728116,1,5,16,"{""1"": 15822, ""10"": 12, ""12"": 22, ""16"": 9, ""2"": 5929, ""3"": 3710, ""4"": 1759, ""5"": 486, ""6"": 727, ""7"": 257, ""8"": 204, ""9"": 24}",8188,839,10.246702491450904,0,0.0,0,0.0,28977,28945,16,0.05527724995681465,0,0.0,117,3804,2699,6386,92,6503,9031,1.0183213279047918,1.4406514249921705,1030,6434,0,5404,868,6434,6454,1.19059955588453,16.06217616580311,boundary
train,stratum,code,java,uniq_superbpe,8192,observed,32,175611,43999,43605,20566,2.139404842944666,0.4716431601880518,0,0.0,2.139404842944666,1,6,16,"{""1"": 10693, ""10"": 23, ""12"": 13, ""13"": 30, ""16"": 34, ""2"": 4050, ""3"": 2644, ""4"": 1333, ""5"": 580, ""6"": 777, ""7"": 175, ""8"": 91, ""9"": 123}",8188,906,11.064973131411822,12,0.0583487309151026,0,0.0,21172,21140,606,2.866603595080416,1,0.004862394242925216,198,2262,1711,3775,190,3973,7594,1.0524503311258278,5.033112582781457,864,4092,45,3273,507,4137,4145,1.2639780018331805,15.490375802016498,boundary
train,stratum,code,javascript,uniq_superbpe,8192,observed,32,112493,38980,38152,21368,1.8242231374017222,0.5600754875235898,0,0.0,1.8242231374017222,1,5,16,"{""1"": 13214, ""10"": 7, ""11"": 15, ""12"": 3, ""13"": 33, ""14"": 5, ""16"": 24, ""2"": 4103, ""3"": 2122, ""4"": 598, ""5"": 519, ""6"": 348, ""7"": 145, ""8"": 138, ""9"": 94}",8188,900,10.991695163654128,24,0.11231748408835641,0,0.0,21975,21943,607,2.7662580321742696,4,0.018719580681392737,276,2884,1094,3702,211,3978,7448,1.0745542949756888,5.699621826039978,1703,5925,8,4230,1261,5933,5941,1.4026004728132389,29.810874704491727,boundary
train,stratum,code,python,uniq_superbpe,8192,observed,32,193155,48487,48387,22622,2.1433560251083015,0.4675222683778701,0,0.0,2.1433560251083015,1,6,16,"{""1"": 12122, ""10"": 18, ""11"": 3, ""12"": 17, ""13"": 62, ""16"": 81, ""2"": 4159, ""3"": 3021, ""4"": 1436, ""5"": 673, ""6"": 443, ""7"": 256, ""8"": 73, ""9"": 258}",8188,863,10.53981436248168,20,0.08840951286358412,0,0.0,23272,23240,650,2.7969018932874357,14,0.06188665900450888,248,2816,2057,4625,91,4873,10776,1.0536216216216217,1.9675675675675677,1352,5200,14,3862,761,5214,5228,1.3500776799585708,19.70481615743138,boundary
train,stratum,code,rust,uniq_superbpe,8192,observed,32,405448,56922,56922,29833,1.9080213186739516,0.524103158708408,0,0.0,1.9080213186739516,1,5,16,"{""1"": 18099, ""10"": 19, ""12"": 9, ""13"": 136, ""14"": 5, ""16"": 71, ""2"": 5086, ""3"": 3338, ""4"": 1458, ""5"": 950, ""6"": 270, ""7"": 149, ""8"": 67, ""9"": 176}",8188,824,10.063507572056668,8,0.026815942077565113,0,0.0,30695,30663,862,2.811205687636565,8,0.026815942077565113,175,3705,2698,6228,159,6403,13231,1.0280989081567116,2.5529865125240847,2749,8568,8,5827,1968,8576,8582,1.4717693495795434,33.773811566844,boundary
train,stratum,code,sql,uniq_superbpe,8192,observed,32,962841,36373,36088,20795,1.7491223851887472,0.5762303258700954,0,0.0,1.7491223851887472,1,4,16,"{""1"": 13284, ""10"": 5, ""11"": 3, ""12"": 5, ""13"": 13, ""16"": 50, ""2"": 3981, ""3"": 1702, ""4"": 806, ""5"": 406, ""6"": 264, ""7"": 167, ""8"": 79, ""9"": 30}",8188,801,9.782608695652174,5,0.024044241404183698,0,0.0,21135,21103,340,1.6111453347865232,2,0.009617696561673479,257,2322,1860,3925,237,4182,6655,1.0654777070063695,6.038216560509555,1395,4487,11,3103,650,4498,4498,1.4495649371575894,20.947470190138574,boundary
train,stratum,code,typescript,uniq_superbpe,8192,observed,32,734901,43989,43698,20805,2.1143475126171594,0.47610874639571604,0,0.0,2.1143475126171594,1,6,16,"{""1"": 11534, ""10"": 5, ""11"": 107, ""12"": 5, ""13"": 9, ""16"": 11, ""2"": 3896, ""3"": 2187, ""4"": 986, ""5"": 838, ""6"": 626, ""7"": 343, ""8"": 91, ""9"": 167}",8188,885,10.808500244259893,8,0.038452295121365054,0,0.0,21686,21654,881,4.068532372771775,2,0.009613073780341264,301,2882,1682,4263,293,4564,8393,1.070607553366174,6.873094065212292,1104,4385,11,3292,749,4396,4406,1.3353584447144593,22.752126366950183,boundary
train,stratum,cyrillic_african,am,uniq_superbpe,8192,observed,32,390554,147317,59501,46931,3.139012592955616,0.7887430463353557,0,0.0,3.139012592955616,3,6,10,"{""1"": 6073, ""10"": 405, ""2"": 651, ""3"": 31268, ""4"": 5349, ""5"": 8, ""6"": 1587, ""7"": 1590}",8188,704,8.597948216902784,94,0.20029404870980802,0,0.0,46935,46903,4,0.008528239131825256,4,0.008523151008928,0,3515,7691,11206,0,11206,11206,1.0,0.0,702,2803,4,2105,543,2807,2807,1.3334916864608075,25.795724465558195,boundary
train,stratum,cyrillic_african,bg,uniq_superbpe,8192,observed,32,249249,102609,58537,30850,3.326061588330632,0.5270171002955396,0,0.0,3.326061588330632,4,6,9,"{""1"": 4897, ""2"": 6791, ""3"": 3149, ""4"": 9809, ""5"": 3557, ""6"": 1547, ""7"": 525, ""8"": 470, ""9"": 105}",8188,790,9.648265754763068,5,0.01620745542949757,0,0.0,30854,30822,4,0.012977743170462656,4,0.012965964343598054,0,1592,7381,8973,0,8973,8973,1.0,0.0,325,2297,4,1976,258,2301,2303,1.1644736842105263,13.05668016194332,boundary
train,stratum,cyrillic_african,ru,uniq_superbpe,8192,observed,32,231857,106212,58870,30863,3.4414023264102647,0.5242568370986921,0,0.0,3.4414023264102647,4,6,9,"{""1"": 4091, ""2"": 7285, ""3"": 2704, ""4"": 10379, ""5"": 2472, ""6"": 2564, ""7"": 848, ""8"": 437, ""9"": 83}",8188,714,8.720078163165608,5,0.016200628584389073,0,0.0,30866,30834,3,0.00972951936174353,3,0.009720377150633444,0,1668,6143,7811,0,7811,7811,1.0,0.0,275,1912,3,1640,220,1915,1917,1.1676829268292683,13.414634146341463,boundary
train,stratum,cyrillic_african,sw,uniq_superbpe,8192,observed,32,302841,62449,62216,30690,2.034832192896709,0.4932814710042433,58,0.18898664059954381,2.034832192896709,2,3,7,"{""1"": 9571, ""2"": 11886, ""3"": 8290, ""4"": 676, ""5"": 167, ""6"": 3, ""7"": 97}",8188,693,8.463605276013679,3,0.009775171065493646,0,0.0,30690,30658,0,0.0,0,0.0,5,1658,7448,9101,5,9106,9106,1.0005493901769036,0.054939017690363696,305,1753,0,1448,263,1753,1753,1.2106353591160222,18.162983425414364,boundary
train,stratum,cyrillic_african,uk,uniq_superbpe,8192,observed,32,184737,95676,53182,29107,3.2870443535919196,0.5473092399684104,0,0.0,3.2870443535919196,4,6,10,"{""1"": 4354, ""10"": 49, ""2"": 7628, ""3"": 2405, ""4"": 9725, ""5"": 2113, ""6"": 1569, ""7"": 694, ""8"": 506, ""9"": 64}",8188,685,8.36590131900342,15,0.051533995258872436,0,0.0,29108,29076,1,0.0034392626220938233,1,0.003435599683924829,0,1774,5319,7093,0,7093,7093,1.0,0.0,316,2164,1,1849,283,2165,2167,1.1709031909140075,15.305570578691185,boundary
train,stratum,cyrillic_african,yo,uniq_superbpe,8192,observed,32,145697,69432,59766,31447,2.207905364581677,0.5261687246929693,134,0.42611377873883044,2.207905364581677,2,4,8,"{""1"": 9929, ""2"": 10783, ""3"": 8088, ""4"": 1167, ""5"": 481, ""6"": 395, ""7"": 602, ""8"": 2}",8188,689,8.414753297508549,12,0.03815944287213407,0,0.0,31449,31417,2,0.006365980201801572,2,0.006359907145355678,0,2602,8885,11487,0,11487,11487,1.0,0.0,267,1857,2,1592,237,1859,1859,1.1677135678391959,14.886934673366834,boundary
train,stratum,indic_cjk_arabic,ar,uniq_superbpe,8192,observed,32,215274,97740,54940,31482,3.104631217838765,0.5730251183108847,702,2.229845626072041,3.104631217838765,3,7,9,"{""1"": 3759, ""2"": 11343, ""3"": 3340, ""4"": 8586, ""5"": 2093, ""6"": 165, ""7"": 2142, ""8"": 4, ""9"": 50}",8188,644,7.865168539325842,22,0.06988120195667366,0,0.0,31489,31457,7,0.022252598785643896,7,0.022234927895305255,0,1170,7668,8838,0,8838,8838,1.0,0.0,331,1750,7,1426,269,1757,1757,1.2321178120617111,18.863955119214587,boundary
train,stratum,indic_cjk_arabic,bn,uniq_superbpe,8192,observed,32,274908,152004,58399,49818,3.0511863181982415,0.8530625524409664,16773,33.668553534866916,3.0511863181982415,3,7,13,"{""1"": 21334, ""10"": 531, ""12"": 87, ""13"": 160, ""2"": 391, ""3"": 14105, ""4"": 2353, ""5"": 8, ""6"": 7720, ""7"": 2397, ""9"": 732}",8188,547,6.680508060576454,20,0.04014613192018949,0,0.0,49822,49790,4,0.008033741715203857,4,0.008029226384037897,0,2880,5635,8515,0,8515,8515,1.0,0.0,232,1657,4,1429,220,1661,1661,1.1623512946116166,15.395381385584324,boundary
train,stratum,indic_cjk_arabic,fa,uniq_superbpe,8192,observed,32,198722,93798,52677,27855,3.367366720516963,0.5287886553903981,18,0.06462035541195477,3.367366720516963,4,6,9,"{""1"": 2920, ""2"": 7391, ""3"": 3452, ""4"": 7979, ""5"": 4264, ""6"": 730, ""7"": 918, ""8"": 111, ""9"": 90}",8188,538,6.5705911089399125,5,0.01795009872554299,0,0.0,27856,27824,1,0.00359401955146636,1,0.003590019745108598,0,1368,8562,9930,0,9930,9930,1.0,0.0,236,1404,1,1169,191,1405,1405,1.2018819503849445,16.33875106928999,boundary
train,stratum,indic_cjk_arabic,gu,uniq_superbpe,8192,observed,32,266235,146974,58881,47033,3.124912295622223,0.7987805913622391,15750,33.48712606042566,3.124912295622223,3,7,13,"{""1"": 20069, ""10"": 453, ""13"": 61, ""2"": 831, ""3"": 10299, ""4"": 4197, ""5"": 8, ""6"": 7384, ""7"": 2844, ""9"": 887}",8188,636,7.767464582315584,24,0.05102800161588672,0,0.0,47033,47001,0,0.0,0,0.0,0,1767,7956,9723,0,9723,9723,1.0,0.0,256,1630,0,1374,189,1630,1630,1.1863173216885008,13.755458515283843,boundary
train,stratum,indic_cjk_arabic,hi,uniq_superbpe,8192,observed,32,342431,153237,61359,45397,3.3754873670066305,0.7398588634104206,14460,31.85232504350508,3.3754873670066305,3,7,13,"{""1"": 18483, ""10"": 682, ""12"": 53, ""13"": 138, ""2"": 477, ""3"": 9963, ""4"": 3019, ""5"": 4, ""6"": 6397, ""7"": 5722, ""8"": 2, ""9"": 457}",8188,638,7.791890571568149,4,0.008811154922131418,0,0.0,45401,45369,4,0.008816592827701735,4,0.008811154922131418,0,1996,9814,11810,0,11810,11810,1.0,0.0,245,1688,4,1447,222,1692,1692,1.1693158258465792,15.342087076710435,boundary
train,stratum,indic_cjk_arabic,ja,uniq_superbpe,8192,observed,32,323403,142468,61333,52602,2.708414128740352,0.8576459654672036,0,0.0,2.708414128740352,3,6,12,"{""1"": 10854, ""12"": 75, ""2"": 3053, ""3"": 35552, ""4"": 327, ""5"": 31, ""6"": 2633, ""7"": 1, ""9"": 76}",8188,2294,28.016609672691743,1122,2.132998745294856,0,0.0,52605,52573,3,0.005706351168850931,3,0.005703205201323143,0,2855,1581,4436,0,4436,4436,1.0,0.0,562,4640,4,4082,425,4644,4644,1.1376776090151886,10.41156295933366,boundary
train,stratum,indic_cjk_arabic,kn,uniq_superbpe,8192,observed,32,458253,153841,60531,46684,3.295368862993745,0.7712411822041598,12597,26.983548967526346,3.295368862993745,3,6,12,"{""1"": 17979, ""10"": 82, ""12"": 59, ""2"": 1140, ""3"": 9667, ""4"": 3272, ""5"": 10, ""6"": 12562, ""7"": 1337, ""9"": 576}",8188,730,8.915486077186126,47,0.10067689144032217,0,0.0,46686,46654,2,0.004286877866849574,2,0.004284123040013709,0,2049,5194,7243,0,7243,7243,1.0,0.0,239,1660,2,1423,205,1662,1662,1.167955024595924,14.406184118060436,boundary
train,stratum,indic_cjk_arabic,ko,uniq_superbpe,8192,observed,32,201347,118352,51206,44433,2.6636058785137173,0.8677303441003007,7,0.01575405666959242,2.6636058785137173,3,4,12,"{""1"": 10843, ""12"": 57, ""2"": 962, ""3"": 27886, ""4"": 3616, ""5"": 3, ""6"": 842, ""7"": 152, ""9"": 72}",8188,1501,18.331704934049828,926,2.0840366394346543,0,0.0,44433,44401,0,0.0,0,0.0,1,6841,4212,11052,1,11053,11053,1.0000904813608396,0.009048136083966703,489,2932,0,2443,386,2932,2934,1.2001637331150226,15.800245599672534,boundary
train,stratum,indic_cjk_arabic,ml,uniq_superbpe,8192,observed,32,188792,137273,52226,42540,3.2269158439116126,0.8145368207406273,16398,38.54724964739069,3.2269158439116126,3,9,12,"{""1"": 20211, ""10"": 123, ""12"": 1354, ""2"": 654, ""3"": 8546, ""4"": 2696, ""5"": 2, ""6"": 5998, ""7"": 374, ""9"": 2582}",8188,604,7.376648754274548,19,0.04466384579219558,0,0.0,42541,42509,1,0.002352443012068033,1,0.0023507287259050304,0,1634,3563,5197,0,5197,5197,1.0,0.0,205,1377,1,1173,171,1378,1378,1.174765558397272,14.578005115089514,boundary
train,stratum,indic_cjk_arabic,mr,uniq_superbpe,8192,observed,32,362326,145113,56571,42086,3.4480112151309226,0.7439500804299023,12657,30.074133916266693,3.4480112151309226,3,7,16,"{""1"": 16443, ""10"": 578, ""12"": 627, ""13"": 75, ""16"": 60, ""2"": 602, ""3"": 9904, ""4"": 2540, ""5"": 11, ""6"": 7790, ""7"": 2771, ""8"": 2, ""9"": 683}",8188,692,8.451392281387395,3,0.007128261179489616,0,0.0,42088,42056,2,0.004755564009891573,2,0.004752174119659744,0,1503,6277,7780,0,7780,7780,1.0,0.0,228,1548,3,1323,188,1551,1551,1.1723356009070294,14.210128495842781,boundary
train,stratum,indic_cjk_arabic,ta,uniq_superbpe,8192,observed,32,239434,140738,53567,37182,3.7851110752514656,0.6941213807008046,5775,15.531708891399065,3.7851110752514656,3,7,11,"{""1"": 11872, ""10"": 386, ""11"": 2, ""2"": 478, ""3"": 8708, ""4"": 184, ""5"": 5, ""6"": 13354, ""7"": 1358, ""8"": 2, ""9"": 833}",8188,521,6.362970200293112,9,0.024205260609972568,0,0.0,37186,37154,4,0.010766000968940087,4,0.010757893604432252,0,3588,2203,5791,0,5791,5791,1.0,0.0,431,1784,4,1357,296,1788,1788,1.3176123802505526,21.812822402358144,boundary
train,stratum,indic_cjk_arabic,te,uniq_superbpe,8192,observed,32,300221,158103,60933,47555,3.324634633582168,0.7804473766267868,13704,28.817159078961204,3.324634633582168,3,6,12,"{""1"": 19674, ""10"": 117, ""12"": 370, ""2"": 712, ""3"": 8894, ""4"": 2369, ""5"": 14, ""6"": 13566, ""7"": 1390, ""9"": 449}",8188,621,7.584269662921348,26,0.05467353590579329,0,0.0,47557,47525,2,0.004208311415044713,2,0.004205656608137946,0,3288,4200,7488,0,7488,7488,1.0,0.0,359,1937,2,1580,301,1939,1939,1.2272151898734178,19.050632911392405,boundary
train,stratum,indic_cjk_arabic,ur,uniq_superbpe,8192,observed,32,431064,112341,64366,33962,3.3078440610093636,0.5276388155237237,403,1.1866203403804252,3.3078440610093636,3,7,9,"{""1"": 3771, ""2"": 10525, ""3"": 3822, ""4"": 7709, ""5"": 5986, ""6"": 287, ""7"": 1596, ""9"": 266}",8188,713,8.707865168539326,15,0.044167010187857014,0,0.0,33971,33939,9,0.026518164942985947,9,0.02650020611271421,0,1816,11729,13545,0,13545,13545,1.0,0.0,248,1766,9,1527,229,1775,1777,1.1624099541584807,14.996725605762935,boundary
train,stratum,indic_cjk_arabic,zh,uniq_superbpe,8192,observed,32,616082,130086,53452,47314,2.749418776683434,0.885168001197336,4,0.008454157331867947,2.749418776683434,3,3,12,"{""1"": 8563, ""12"": 154, ""2"": 1577, ""3"": 35401, ""4"": 202, ""5"": 24, ""6"": 820, ""7"": 343, ""8"": 1, ""9"": 229}",8188,3236,39.52125061064973,2797,5.9115695143086615,0,0.0,47316,47284,2,0.004229760595550292,2,0.004227078665933973,0,2598,1157,3755,0,3755,3755,1.0,0.0,365,3598,2,3235,285,3600,3602,1.1128284389489953,8.809891808346213,boundary
train,stratum,latin_english,en,uniq_superbpe,8192,observed,32,128944,59492,59076,27325,2.1772003659652333,0.4625397792673844,0,0.0,2.1772003659652333,2,4,12,"{""1"": 9374, ""12"": 1, ""2"": 8048, ""3"": 6837, ""4"": 2236, ""5"": 582, ""6"": 106, ""7"": 120, ""8"": 20, ""9"": 1}",8188,862,10.527601367855398,15,0.05489478499542543,0,0.0,27328,27296,3,0.010990621336459554,3,0.010978956999085087,3,2142,7159,9298,3,9301,9301,1.000322650032265,0.032265003226500326,332,2093,3,1764,266,2096,2096,1.1882086167800454,15.079365079365079,boundary
train,language,,am,uniq_superbpe,8192,observed,32,390554,147317,59501,46931,3.139012592955616,0.7887430463353557,0,0.0,3.139012592955616,3,6,10,"{""1"": 6073, ""10"": 405, ""2"": 651, ""3"": 31268, ""4"": 5349, ""5"": 8, ""6"": 1587, ""7"": 1590}",8188,704,8.597948216902784,94,0.20029404870980802,0,0.0,46935,46903,4,0.008528239131825256,4,0.008523151008928,0,3515,7691,11206,0,11206,11206,1.0,0.0,702,2803,4,2105,543,2807,2807,1.3334916864608075,25.795724465558195,boundary
train,language,,ar,uniq_superbpe,8192,observed,32,215274,97740,54940,31482,3.104631217838765,0.5730251183108847,702,2.229845626072041,3.104631217838765,3,7,9,"{""1"": 3759, ""2"": 11343, ""3"": 3340, ""4"": 8586, ""5"": 2093, ""6"": 165, ""7"": 2142, ""8"": 4, ""9"": 50}",8188,644,7.865168539325842,22,0.06988120195667366,0,0.0,31489,31457,7,0.022252598785643896,7,0.022234927895305255,0,1170,7668,8838,0,8838,8838,1.0,0.0,331,1750,7,1426,269,1757,1757,1.2321178120617111,18.863955119214587,boundary
train,language,,bg,uniq_superbpe,8192,observed,32,249249,102609,58537,30850,3.326061588330632,0.5270171002955396,0,0.0,3.326061588330632,4,6,9,"{""1"": 4897, ""2"": 6791, ""3"": 3149, ""4"": 9809, ""5"": 3557, ""6"": 1547, ""7"": 525, ""8"": 470, ""9"": 105}",8188,790,9.648265754763068,5,0.01620745542949757,0,0.0,30854,30822,4,0.012977743170462656,4,0.012965964343598054,0,1592,7381,8973,0,8973,8973,1.0,0.0,325,2297,4,1976,258,2301,2303,1.1644736842105263,13.05668016194332,boundary
train,language,,bn,uniq_superbpe,8192,observed,32,274908,152004,58399,49818,3.0511863181982415,0.8530625524409664,16773,33.668553534866916,3.0511863181982415,3,7,13,"{""1"": 21334, ""10"": 531, ""12"": 87, ""13"": 160, ""2"": 391, ""3"": 14105, ""4"": 2353, ""5"": 8, ""6"": 7720, ""7"": 2397, ""9"": 732}",8188,547,6.680508060576454,20,0.04014613192018949,0,0.0,49822,49790,4,0.008033741715203857,4,0.008029226384037897,0,2880,5635,8515,0,8515,8515,1.0,0.0,232,1657,4,1429,220,1661,1661,1.1623512946116166,15.395381385584324,boundary
train,language,,c,uniq_superbpe,8192,observed,32,269690,51063,51060,27722,1.8419666690714955,0.5429298864081473,0,0.0,1.8419666690714955,1,5,16,"{""1"": 16727, ""10"": 39, ""12"": 17, ""13"": 17, ""14"": 1, ""16"": 34, ""2"": 5553, ""3"": 2609, ""4"": 1261, ""5"": 646, ""6"": 378, ""7"": 125, ""8"": 222, ""9"": 93}",8188,831,10.148998534440645,4,0.014428973378544117,0,0.0,28401,28369,679,2.393457647432056,3,0.010821730033908088,421,3329,3018,5926,339,6347,9740,1.0710428619642254,5.720553493081336,2011,5904,198,4093,597,6104,6116,1.4913266552650868,14.585878328854141,boundary
train,language,,cpp,uniq_superbpe,8192,observed,32,735578,54217,54213,28029,1.934318027756966,0.5170162138232527,0,0.0,1.934318027756966,1,5,16,"{""1"": 16446, ""10"": 25, ""11"": 7, ""12"": 22, ""13"": 38, ""14"": 1, ""16"": 42, ""2"": 5519, ""3"": 2851, ""4"": 1247, ""5"": 735, ""6"": 538, ""7"": 113, ""8"": 278, ""9"": 167}",8188,851,10.393258426966293,0,0.0,0,0.0,28602,28570,573,2.0056002800140007,0,0.0,323,3285,2390,5352,232,5675,9575,1.0603512705530642,4.334828101644245,1780,6011,247,4478,1001,6258,6268,1.3974988834301028,22.3537293434569,boundary
train,language,,en,uniq_superbpe,8192,observed,32,128944,59492,59076,27325,2.1772003659652333,0.4625397792673844,0,0.0,2.1772003659652333,2,4,12,"{""1"": 9374, ""12"": 1, ""2"": 8048, ""3"": 6837, ""4"": 2236, ""5"": 582, ""6"": 106, ""7"": 120, ""8"": 20, ""9"": 1}",8188,862,10.527601367855398,15,0.05489478499542543,0,0.0,27328,27296,3,0.010990621336459554,3,0.010978956999085087,3,2142,7159,9298,3,9301,9301,1.000322650032265,0.032265003226500326,332,2093,3,1764,266,2096,2096,1.1882086167800454,15.079365079365079,boundary
train,language,,fa,uniq_superbpe,8192,observed,32,198722,93798,52677,27855,3.367366720516963,0.5287886553903981,18,0.06462035541195477,3.367366720516963,4,6,9,"{""1"": 2920, ""2"": 7391, ""3"": 3452, ""4"": 7979, ""5"": 4264, ""6"": 730, ""7"": 918, ""8"": 111, ""9"": 90}",8188,538,6.5705911089399125,5,0.01795009872554299,0,0.0,27856,27824,1,0.00359401955146636,1,0.003590019745108598,0,1368,8562,9930,0,9930,9930,1.0,0.0,236,1404,1,1169,191,1405,1405,1.2018819503849445,16.33875106928999,boundary
train,language,,go,uniq_superbpe,8192,observed,32,514454,56813,56813,28961,1.9617071233728116,0.509760090120219,0,0.0,1.9617071233728116,1,5,16,"{""1"": 15822, ""10"": 12, ""12"": 22, ""16"": 9, ""2"": 5929, ""3"": 3710, ""4"": 1759, ""5"": 486, ""6"": 727, ""7"": 257, ""8"": 204, ""9"": 24}",8188,839,10.246702491450904,0,0.0,0,0.0,28977,28945,16,0.05527724995681465,0,0.0,117,3804,2699,6386,92,6503,9031,1.0183213279047918,1.4406514249921705,1030,6434,0,5404,868,6434,6454,1.19059955588453,16.06217616580311,boundary
train,language,,gu,uniq_superbpe,8192,observed,32,266235,146974,58881,47033,3.124912295622223,0.7987805913622391,15750,33.48712606042566,3.124912295622223,3,7,13,"{""1"": 20069, ""10"": 453, ""13"": 61, ""2"": 831, ""3"": 10299, ""4"": 4197, ""5"": 8, ""6"": 7384, ""7"": 2844, ""9"": 887}",8188,636,7.767464582315584,24,0.05102800161588672,0,0.0,47033,47001,0,0.0,0,0.0,0,1767,7956,9723,0,9723,9723,1.0,0.0,256,1630,0,1374,189,1630,1630,1.1863173216885008,13.755458515283843,boundary
train,language,,hi,uniq_superbpe,8192,observed,32,342431,153237,61359,45397,3.3754873670066305,0.7398588634104206,14460,31.85232504350508,3.3754873670066305,3,7,13,"{""1"": 18483, ""10"": 682, ""12"": 53, ""13"": 138, ""2"": 477, ""3"": 9963, ""4"": 3019, ""5"": 4, ""6"": 6397, ""7"": 5722, ""8"": 2, ""9"": 457}",8188,638,7.791890571568149,4,0.008811154922131418,0,0.0,45401,45369,4,0.008816592827701735,4,0.008811154922131418,0,1996,9814,11810,0,11810,11810,1.0,0.0,245,1688,4,1447,222,1692,1692,1.1693158258465792,15.342087076710435,boundary
train,language,,ja,uniq_superbpe,8192,observed,32,323403,142468,61333,52602,2.708414128740352,0.8576459654672036,0,0.0,2.708414128740352,3,6,12,"{""1"": 10854, ""12"": 75, ""2"": 3053, ""3"": 35552, ""4"": 327, ""5"": 31, ""6"": 2633, ""7"": 1, ""9"": 76}",8188,2294,28.016609672691743,1122,2.132998745294856,0,0.0,52605,52573,3,0.005706351168850931,3,0.005703205201323143,0,2855,1581,4436,0,4436,4436,1.0,0.0,562,4640,4,4082,425,4644,4644,1.1376776090151886,10.41156295933366,boundary
train,language,,java,uniq_superbpe,8192,observed,32,175611,43999,43605,20566,2.139404842944666,0.4716431601880518,0,0.0,2.139404842944666,1,6,16,"{""1"": 10693, ""10"": 23, ""12"": 13, ""13"": 30, ""16"": 34, ""2"": 4050, ""3"": 2644, ""4"": 1333, ""5"": 580, ""6"": 777, ""7"": 175, ""8"": 91, ""9"": 123}",8188,906,11.064973131411822,12,0.0583487309151026,0,0.0,21172,21140,606,2.866603595080416,1,0.004862394242925216,198,2262,1711,3775,190,3973,7594,1.0524503311258278,5.033112582781457,864,4092,45,3273,507,4137,4145,1.2639780018331805,15.490375802016498,boundary
train,language,,javascript,uniq_superbpe,8192,observed,32,112493,38980,38152,21368,1.8242231374017222,0.5600754875235898,0,0.0,1.8242231374017222,1,5,16,"{""1"": 13214, ""10"": 7, ""11"": 15, ""12"": 3, ""13"": 33, ""14"": 5, ""16"": 24, ""2"": 4103, ""3"": 2122, ""4"": 598, ""5"": 519, ""6"": 348, ""7"": 145, ""8"": 138, ""9"": 94}",8188,900,10.991695163654128,24,0.11231748408835641,0,0.0,21975,21943,607,2.7662580321742696,4,0.018719580681392737,276,2884,1094,3702,211,3978,7448,1.0745542949756888,5.699621826039978,1703,5925,8,4230,1261,5933,5941,1.4026004728132389,29.810874704491727,boundary
train,language,,kn,uniq_superbpe,8192,observed,32,458253,153841,60531,46684,3.295368862993745,0.7712411822041598,12597,26.983548967526346,3.295368862993745,3,6,12,"{""1"": 17979, ""10"": 82, ""12"": 59, ""2"": 1140, ""3"": 9667, ""4"": 3272, ""5"": 10, ""6"": 12562, ""7"": 1337, ""9"": 576}",8188,730,8.915486077186126,47,0.10067689144032217,0,0.0,46686,46654,2,0.004286877866849574,2,0.004284123040013709,0,2049,5194,7243,0,7243,7243,1.0,0.0,239,1660,2,1423,205,1662,1662,1.167955024595924,14.406184118060436,boundary
train,language,,ko,uniq_superbpe,8192,observed,32,201347,118352,51206,44433,2.6636058785137173,0.8677303441003007,7,0.01575405666959242,2.6636058785137173,3,4,12,"{""1"": 10843, ""12"": 57, ""2"": 962, ""3"": 27886, ""4"": 3616, ""5"": 3, ""6"": 842, ""7"": 152, ""9"": 72}",8188,1501,18.331704934049828,926,2.0840366394346543,0,0.0,44433,44401,0,0.0,0,0.0,1,6841,4212,11052,1,11053,11053,1.0000904813608396,0.009048136083966703,489,2932,0,2443,386,2932,2934,1.2001637331150226,15.800245599672534,boundary
train,language,,ml,uniq_superbpe,8192,observed,32,188792,137273,52226,42540,3.2269158439116126,0.8145368207406273,16398,38.54724964739069,3.2269158439116126,3,9,12,"{""1"": 20211, ""10"": 123, ""12"": 1354, ""2"": 654, ""3"": 8546, ""4"": 2696, ""5"": 2, ""6"": 5998, ""7"": 374, ""9"": 2582}",8188,604,7.376648754274548,19,0.04466384579219558,0,0.0,42541,42509,1,0.002352443012068033,1,0.0023507287259050304,0,1634,3563,5197,0,5197,5197,1.0,0.0,205,1377,1,1173,171,1378,1378,1.174765558397272,14.578005115089514,boundary
train,language,,mr,uniq_superbpe,8192,observed,32,362326,145113,56571,42086,3.4480112151309226,0.7439500804299023,12657,30.074133916266693,3.4480112151309226,3,7,16,"{""1"": 16443, ""10"": 578, ""12"": 627, ""13"": 75, ""16"": 60, ""2"": 602, ""3"": 9904, ""4"": 2540, ""5"": 11, ""6"": 7790, ""7"": 2771, ""8"": 2, ""9"": 683}",8188,692,8.451392281387395,3,0.007128261179489616,0,0.0,42088,42056,2,0.004755564009891573,2,0.004752174119659744,0,1503,6277,7780,0,7780,7780,1.0,0.0,228,1548,3,1323,188,1551,1551,1.1723356009070294,14.210128495842781,boundary
train,language,,python,uniq_superbpe,8192,observed,32,193155,48487,48387,22622,2.1433560251083015,0.4675222683778701,0,0.0,2.1433560251083015,1,6,16,"{""1"": 12122, ""10"": 18, ""11"": 3, ""12"": 17, ""13"": 62, ""16"": 81, ""2"": 4159, ""3"": 3021, ""4"": 1436, ""5"": 673, ""6"": 443, ""7"": 256, ""8"": 73, ""9"": 258}",8188,863,10.53981436248168,20,0.08840951286358412,0,0.0,23272,23240,650,2.7969018932874357,14,0.06188665900450888,248,2816,2057,4625,91,4873,10776,1.0536216216216217,1.9675675675675677,1352,5200,14,3862,761,5214,5228,1.3500776799585708,19.70481615743138,boundary
train,language,,ru,uniq_superbpe,8192,observed,32,231857,106212,58870,30863,3.4414023264102647,0.5242568370986921,0,0.0,3.4414023264102647,4,6,9,"{""1"": 4091, ""2"": 7285, ""3"": 2704, ""4"": 10379, ""5"": 2472, ""6"": 2564, ""7"": 848, ""8"": 437, ""9"": 83}",8188,714,8.720078163165608,5,0.016200628584389073,0,0.0,30866,30834,3,0.00972951936174353,3,0.009720377150633444,0,1668,6143,7811,0,7811,7811,1.0,0.0,275,1912,3,1640,220,1915,1917,1.1676829268292683,13.414634146341463,boundary
train,language,,rust,uniq_superbpe,8192,observed,32,405448,56922,56922,29833,1.9080213186739516,0.524103158708408,0,0.0,1.9080213186739516,1,5,16,"{""1"": 18099, ""10"": 19, ""12"": 9, ""13"": 136, ""14"": 5, ""16"": 71, ""2"": 5086, ""3"": 3338, ""4"": 1458, ""5"": 950, ""6"": 270, ""7"": 149, ""8"": 67, ""9"": 176}",8188,824,10.063507572056668,8,0.026815942077565113,0,0.0,30695,30663,862,2.811205687636565,8,0.026815942077565113,175,3705,2698,6228,159,6403,13231,1.0280989081567116,2.5529865125240847,2749,8568,8,5827,1968,8576,8582,1.4717693495795434,33.773811566844,boundary
train,language,,sql,uniq_superbpe,8192,observed,32,962841,36373,36088,20795,1.7491223851887472,0.5762303258700954,0,0.0,1.7491223851887472,1,4,16,"{""1"": 13284, ""10"": 5, ""11"": 3, ""12"": 5, ""13"": 13, ""16"": 50, ""2"": 3981, ""3"": 1702, ""4"": 806, ""5"": 406, ""6"": 264, ""7"": 167, ""8"": 79, ""9"": 30}",8188,801,9.782608695652174,5,0.024044241404183698,0,0.0,21135,21103,340,1.6111453347865232,2,0.009617696561673479,257,2322,1860,3925,237,4182,6655,1.0654777070063695,6.038216560509555,1395,4487,11,3103,650,4498,4498,1.4495649371575894,20.947470190138574,boundary
train,language,,sw,uniq_superbpe,8192,observed,32,302841,62449,62216,30690,2.034832192896709,0.4932814710042433,58,0.18898664059954381,2.034832192896709,2,3,7,"{""1"": 9571, ""2"": 11886, ""3"": 8290, ""4"": 676, ""5"": 167, ""6"": 3, ""7"": 97}",8188,693,8.463605276013679,3,0.009775171065493646,0,0.0,30690,30658,0,0.0,0,0.0,5,1658,7448,9101,5,9106,9106,1.0005493901769036,0.054939017690363696,305,1753,0,1448,263,1753,1753,1.2106353591160222,18.162983425414364,boundary
train,language,,ta,uniq_superbpe,8192,observed,32,239434,140738,53567,37182,3.7851110752514656,0.6941213807008046,5775,15.531708891399065,3.7851110752514656,3,7,11,"{""1"": 11872, ""10"": 386, ""11"": 2, ""2"": 478, ""3"": 8708, ""4"": 184, ""5"": 5, ""6"": 13354, ""7"": 1358, ""8"": 2, ""9"": 833}",8188,521,6.362970200293112,9,0.024205260609972568,0,0.0,37186,37154,4,0.010766000968940087,4,0.010757893604432252,0,3588,2203,5791,0,5791,5791,1.0,0.0,431,1784,4,1357,296,1788,1788,1.3176123802505526,21.812822402358144,boundary
train,language,,te,uniq_superbpe,8192,observed,32,300221,158103,60933,47555,3.324634633582168,0.7804473766267868,13704,28.817159078961204,3.324634633582168,3,6,12,"{""1"": 19674, ""10"": 117, ""12"": 370, ""2"": 712, ""3"": 8894, ""4"": 2369, ""5"": 14, ""6"": 13566, ""7"": 1390, ""9"": 449}",8188,621,7.584269662921348,26,0.05467353590579329,0,0.0,47557,47525,2,0.004208311415044713,2,0.004205656608137946,0,3288,4200,7488,0,7488,7488,1.0,0.0,359,1937,2,1580,301,1939,1939,1.2272151898734178,19.050632911392405,boundary
train,language,,typescript,uniq_superbpe,8192,observed,32,734901,43989,43698,20805,2.1143475126171594,0.47610874639571604,0,0.0,2.1143475126171594,1,6,16,"{""1"": 11534, ""10"": 5, ""11"": 107, ""12"": 5, ""13"": 9, ""16"": 11, ""2"": 3896, ""3"": 2187, ""4"": 986, ""5"": 838, ""6"": 626, ""7"": 343, ""8"": 91, ""9"": 167}",8188,885,10.808500244259893,8,0.038452295121365054,0,0.0,21686,21654,881,4.068532372771775,2,0.009613073780341264,301,2882,1682,4263,293,4564,8393,1.070607553366174,6.873094065212292,1104,4385,11,3292,749,4396,4406,1.3353584447144593,22.752126366950183,boundary
train,language,,uk,uniq_superbpe,8192,observed,32,184737,95676,53182,29107,3.2870443535919196,0.5473092399684104,0,0.0,3.2870443535919196,4,6,10,"{""1"": 4354, ""10"": 49, ""2"": 7628, ""3"": 2405, ""4"": 9725, ""5"": 2113, ""6"": 1569, ""7"": 694, ""8"": 506, ""9"": 64}",8188,685,8.36590131900342,15,0.051533995258872436,0,0.0,29108,29076,1,0.0034392626220938233,1,0.003435599683924829,0,1774,5319,7093,0,7093,7093,1.0,0.0,316,2164,1,1849,283,2165,2167,1.1709031909140075,15.305570578691185,boundary
train,language,,ur,uniq_superbpe,8192,observed,32,431064,112341,64366,33962,3.3078440610093636,0.5276388155237237,403,1.1866203403804252,3.3078440610093636,3,7,9,"{""1"": 3771, ""2"": 10525, ""3"": 3822, ""4"": 7709, ""5"": 5986, ""6"": 287, ""7"": 1596, ""9"": 266}",8188,713,8.707865168539326,15,0.044167010187857014,0,0.0,33971,33939,9,0.026518164942985947,9,0.02650020611271421,0,1816,11729,13545,0,13545,13545,1.0,0.0,248,1766,9,1527,229,1775,1777,1.1624099541584807,14.996725605762935,boundary
train,language,,yo,uniq_superbpe,8192,observed,32,145697,69432,59766,31447,2.207905364581677,0.5261687246929693,134,0.42611377873883044,2.207905364581677,2,4,8,"{""1"": 9929, ""2"": 10783, ""3"": 8088, ""4"": 1167, ""5"": 481, ""6"": 395, ""7"": 602, ""8"": 2}",8188,689,8.414753297508549,12,0.03815944287213407,0,0.0,31449,31417,2,0.006365980201801572,2,0.006359907145355678,0,2602,8885,11487,0,11487,11487,1.0,0.0,267,1857,2,1592,237,1859,1859,1.1677135678391959,14.886934673366834,boundary
train,language,,zh,uniq_superbpe,8192,observed,32,616082,130086,53452,47314,2.749418776683434,0.885168001197336,4,0.008454157331867947,2.749418776683434,3,3,12,"{""1"": 8563, ""12"": 154, ""2"": 1577, ""3"": 35401, ""4"": 202, ""5"": 24, ""6"": 820, ""7"": 343, ""8"": 1, ""9"": 229}",8188,3236,39.52125061064973,2797,5.9115695143086615,0,0.0,47316,47284,2,0.004229760595550292,2,0.004227078665933973,0,2598,1157,3755,0,3755,3755,1.0,0.0,365,3598,2,3235,285,3600,3602,1.1128284389489953,8.809891808346213,boundary
train,domain,code,,uniq_superbpe,8192,observed,288,4104171,430843,428938,220701,1.9521569906796978,0.5145289062754991,0,0.0,1.9521569906796978,1,5,16,"{""1"": 127941, ""10"": 153, ""11"": 135, ""12"": 113, ""13"": 338, ""14"": 12, ""16"": 356, ""2"": 42276, ""3"": 24184, ""4"": 10884, ""5"": 5833, ""6"": 4371, ""7"": 1730, ""8"": 1243, ""9"": 1132}",8188,1340,16.36541279921837,81,0.036701238326967256,0,0.0,225915,225627,5214,2.3108936430480393,34,0.01540545806317144,2316,27289,19209,44182,1844,46498,82443,1.052419537368159,4.173645375944955,13988,51006,542,37562,8362,51550,51638,1.372397635908631,22.26186039082051,boundary
train,domain,cyrillic_african,,uniq_superbpe,8192,observed,192,1504935,583695,352072,199888,2.920110261746578,0.5677475061919153,192,0.09605379012246858,2.920110261746578,3,6,10,"{""1"": 38915, ""10"": 454, ""2"": 45024, ""3"": 55904, ""4"": 37105, ""5"": 8798, ""6"": 7665, ""7"": 4356, ""8"": 1415, ""9"": 252}",8188,1642,20.053737176355643,134,0.06703754102297287,0,0.0,199902,199710,14,0.0070101647388713636,14,0.007003922196430001,5,12809,42867,55671,5,55676,55676,1.0000898133678218,0.008981336782166657,2190,12786,14,10610,1804,12800,12806,1.2064090480678604,17.00282752120641,boundary
train,domain,indic_cjk_arabic,,uniq_superbpe,8192,observed,448,4418492,1882068,800441,595943,3.158134251094484,0.7445183342682347,109248,18.33195456612461,3.158134251094484,3,7,16,"{""1"": 186775, ""10"": 2952, ""11"": 2, ""12"": 2836, ""13"": 434, ""16"": 60, ""2"": 40136, ""3"": 189539, ""4"": 49049, ""5"": 12463, ""6"": 80248, ""7"": 23345, ""8"": 122, ""9"": 7982}",8188,7013,85.64973131411823,5039,0.8455506650803852,0,0.0,595984,595536,41,0.0068845544182047766,41,0.006879852603353005,1,35353,79751,115103,1,115104,115104,1.0000086878708634,0.0008687870863487486,4426,29371,43,24988,3577,29414,29420,1.1771250200096046,14.31487113814631,boundary
train,domain,latin_english,,uniq_superbpe,8192,observed,32,128944,59492,59076,27325,2.1772003659652333,0.4625397792673844,0,0.0,2.1772003659652333,2,4,12,"{""1"": 9374, ""12"": 1, ""2"": 8048, ""3"": 6837, ""4"": 2236, ""5"": 582, ""6"": 106, ""7"": 120, ""8"": 20, ""9"": 1}",8188,862,10.527601367855398,15,0.05489478499542543,0,0.0,27328,27296,3,0.010990621336459554,3,0.010978956999085087,3,2142,7159,9298,3,9301,9301,1.000322650032265,0.032265003226500326,332,2093,3,1764,266,2096,2096,1.1882086167800454,15.079365079365079,boundary
train,aggregate,,,uniq_superbpe,8192,observed,960,10156542,2956098,1640527,1043857,2.831899388517776,0.6362937031819653,109440,10.48419467417472,2.831899388517776,3,6,16,"{""1"": 363005, ""10"": 3559, ""11"": 137, ""12"": 2950, ""13"": 772, ""14"": 12, ""16"": 416, ""2"": 135484, ""3"": 276464, ""4"": 99274, ""5"": 27676, ""6"": 92390, ""7"": 29551, ""8"": 2800, ""9"": 9367}",8188,7970,97.33756717147044,5269,0.5047626255320413,0,0.0,1049129,1048169,5272,0.5029723260275776,92,0.008813467745103018,2325,77593,148986,224254,1853,226579,262524,1.0103677080453415,0.826295183140546,20936,95256,602,74924,14009,95860,95960,1.2794298222198495,18.69761358176285,boundary
validation,stratum,flores200,am,uniq_superbpe,8192,observed,32,6471,6471,2573,2026,3.193978282329714,0.7874076952973184,0,0.0,3.193978282329714,3,6,10,"{""1"": 190, ""10"": 21, ""2"": 32, ""3"": 1418, ""4"": 250, ""6"": 52, ""7"": 63}",8188,276,3.3707865168539324,9,0.4442250740375123,0,0.0,2026,1994,0,0.0,0,0.0,0,133,353,486,0,486,486,1.0,0.0,1,76,0,75,1,76,76,1.0133333333333334,1.3333333333333333,boundary
validation,stratum,flores200,ar,uniq_superbpe,8192,observed,32,6539,6539,3628,2057,3.1789013125911523,0.5669790518191842,48,2.333495381623724,3.1789013125911523,3,7,9,"{""1"": 199, ""2"": 753, ""3"": 203, ""4"": 586, ""5"": 160, ""6"": 13, ""7"": 142, ""9"": 1}",8188,281,3.4318514899853443,10,0.48614487117160915,5,0.24307243558580457,2058,2026,1,0.049358341559723594,1,0.04861448711716091,0,65,516,581,0,581,581,1.0,0.0,2,87,1,86,2,88,88,1.0232558139534884,2.3255813953488373,boundary
validation,stratum,flores200,bg,uniq_superbpe,8192,observed,32,7484,7482,4146,2145,3.488111888111888,0.5173661360347322,0,0.0,3.488111888111888,4,6,9,"{""1"": 230, ""2"": 476, ""3"": 217, ""4"": 775, ""5"": 258, ""6"": 108, ""7"": 42, ""8"": 34, ""9"": 5}",8188,350,4.274548119198828,0,0.0,0,0.0,2145,2113,0,0.0,0,0.0,0,96,521,617,0,617,617,1.0,0.0,3,124,0,121,3,124,124,1.024793388429752,2.479338842975207,boundary
validation,stratum,flores200,bn,uniq_superbpe,8192,observed,32,10607,10772,4028,3484,3.0918484500574053,0.8649453823237339,1260,36.16532721010333,3.0918484500574053,3,7,13,"{""1"": 1515, ""10"": 50, ""12"": 5, ""13"": 14, ""2"": 8, ""3"": 973, ""4"": 142, ""6"": 551, ""7"": 164, ""9"": 62}",8188,202,2.4670249145090377,0,0.0,0,0.0,3484,3452,0,0.0,0,0.0,2,185,375,558,2,560,560,1.003584229390681,0.35842293906810035,8,90,0,82,5,90,90,1.0975609756097562,6.097560975609756,boundary
validation,stratum,flores200,fa,uniq_superbpe,8192,observed,32,6879,6879,3885,2045,3.3638141809290953,0.5263835263835264,4,0.19559902200489,3.3638141809290953,3,6,9,"{""1"": 162, ""2"": 599, ""3"": 269, ""4"": 586, ""5"": 301, ""6"": 53, ""7"": 61, ""8"": 8, ""9"": 6}",8188,345,4.213483146067416,1,0.0488997555012225,0,0.0,2045,2013,0,0.0,0,0.0,0,66,634,700,0,700,700,1.0,0.0,4,108,0,104,4,108,108,1.0384615384615385,3.8461538461538463,boundary
validation,stratum,flores200,gu,uniq_superbpe,8192,observed,32,9612,9612,3700,3223,2.982314613713931,0.8710810810810811,1227,38.070121005274586,2.982314613713931,3,7,13,"{""1"": 1479, ""10"": 42, ""13"": 2, ""2"": 24, ""3"": 749, ""4"": 241, ""6"": 492, ""7"": 135, ""9"": 59}",8188,210,2.5647288715192964,1,0.03102699348433137,0,0.0,3223,3191,0,0.0,0,0.0,2,134,436,568,2,570,570,1.0035211267605635,0.352112676056338,13,91,0,78,10,91,91,1.1666666666666667,12.820512820512821,boundary
validation,stratum,flores200,hi,uniq_superbpe,8192,observed,32,10059,10074,3966,3102,3.2475822050290137,0.7821482602118003,1092,35.20309477756286,3.2475822050290137,3,7,13,"{""1"": 1318, ""10"": 39, ""12"": 6, ""13"": 8, ""2"": 28, ""3"": 715, ""4"": 187, ""6"": 416, ""7"": 360, ""9"": 25}",8188,269,3.2852955544699562,0,0.0,0,0.0,3102,3070,0,0.0,0,0.0,0,132,615,747,0,747,747,1.0,0.0,1,81,0,80,1,81,81,1.0125,1.25,boundary
validation,stratum,flores200,ja,uniq_superbpe,8192,observed,32,5120,5110,1782,1687,3.029045643153527,0.94668911335578,81,4.801422643746295,3.029045643153527,3,6,6,"{""1"": 145, ""2"": 21, ""3"": 1401, ""6"": 120}",8188,499,6.0942843185149,135,8.002371072910492,57,3.3787788974510966,1687,1655,0,0.0,0,0.0,0,0,2,2,0,2,2,1.0,0.0,2,113,0,111,2,113,113,1.018018018018018,1.8018018018018018,boundary
validation,stratum,flores200,kn,uniq_superbpe,8192,observed,32,11332,11326,4264,3389,3.341988787252877,0.7947936210131332,1008,29.74328710534081,3.341988787252877,3,6,12,"{""1"": 1354, ""10"": 8, ""12"": 9, ""2"": 25, ""3"": 691, ""4"": 189, ""6"": 964, ""7"": 110, ""9"": 39}",8188,225,2.747923790913532,2,0.05901445854234287,0,0.0,3389,3357,0,0.0,0,0.0,46,222,327,503,42,549,549,1.091451292246521,8.34990059642147,0,90,0,90,0,90,90,1.0,0.0,boundary
validation,stratum,flores200,ko,uniq_superbpe,8192,observed,32,4735,4735,2037,1787,2.6496922216004477,0.8772704958271969,45,2.5181869054280916,2.6496922216004477,3,4,9,"{""1"": 441, ""2"": 52, ""3"": 1107, ""4"": 129, ""6"": 55, ""7"": 2, ""9"": 1}",8188,474,5.78895945285784,86,4.8125349748181305,27,1.510912143256855,1787,1755,0,0.0,0,0.0,0,269,161,430,0,430,430,1.0,0.0,6,81,0,75,4,81,81,1.08,5.333333333333333,boundary
validation,stratum,flores200,ml,uniq_superbpe,8192,observed,32,11894,11894,4384,3751,3.17088776326313,0.8556113138686131,1509,40.22927219408158,3.17088776326313,3,9,12,"{""1"": 1801, ""10"": 16, ""12"": 123, ""2"": 26, ""3"": 807, ""4"": 205, ""6"": 571, ""7"": 40, ""9"": 162}",8188,220,2.68685881778212,1,0.026659557451346308,0,0.0,3751,3719,0,0.0,0,0.0,5,170,277,442,5,447,447,1.01131221719457,1.1312217194570136,11,91,0,80,8,91,91,1.1375,10.0,boundary
validation,stratum,flores200,mr,uniq_superbpe,8192,observed,32,10965,10965,4109,3389,3.235467689583948,0.8247748844000974,1254,37.00206550604898,3.235467689583948,3,7,13,"{""1"": 1481, ""10"": 33, ""12"": 67, ""13"": 7, ""2"": 16, ""3"": 816, ""4"": 172, ""6"": 560, ""7"": 201, ""9"": 36}",8188,276,3.3707865168539324,0,0.0,0,0.0,3389,3357,0,0.0,0,0.0,1,121,423,543,1,544,544,1.0018416206261511,0.1841620626151013,10,88,0,78,7,88,88,1.1282051282051282,8.974358974358974,boundary
validation,stratum,flores200,ru,uniq_superbpe,8192,observed,32,7654,7654,4261,2288,3.3452797202797204,0.5369631541891575,0,0.0,3.3452797202797204,4,6,9,"{""1"": 297, ""2"": 619, ""3"": 197, ""4"": 749, ""5"": 164, ""6"": 165, ""7"": 64, ""8"": 23, ""9"": 10}",8188,410,5.007327796775769,0,0.0,0,0.0,2288,2256,0,0.0,0,0.0,5,127,449,571,5,576,576,1.0087565674255692,0.8756567425569177,6,130,0,124,5,130,130,1.0483870967741935,4.032258064516129,boundary
validation,stratum,flores200,sw,uniq_superbpe,8192,observed,32,4405,4405,4397,2040,2.159313725490196,0.46395269501933134,0,0.0,2.159313725490196,2,3,7,"{""1"": 539, ""2"": 797, ""3"": 602, ""4"": 74, ""5"": 13, ""7"": 15}",8188,384,4.689789936492428,0,0.0,0,0.0,2040,2008,0,0.0,0,0.0,0,92,568,660,0,660,660,1.0,0.0,1,77,0,76,1,77,77,1.013157894736842,1.3157894736842106,boundary
validation,stratum,flores200,ta,uniq_superbpe,8192,observed,32,12193,12193,4517,3126,3.900511836212412,0.6920522470666371,522,16.698656429942417,3.900511836212412,3,7,11,"{""1"": 957, ""10"": 23, ""11"": 2, ""2"": 26, ""3"": 697, ""4"": 17, ""6"": 1205, ""7"": 124, ""9"": 75}",8188,190,2.3204689789936492,4,0.12795905310300704,0,0.0,3128,3096,2,0.06459948320413436,2,0.06397952655150352,1,291,184,474,1,475,475,1.0021097046413503,0.2109704641350211,13,109,2,98,10,111,111,1.1326530612244898,10.204081632653061,boundary
validation,stratum,flores200,te,uniq_superbpe,8192,observed,32,10409,10409,3954,3115,3.3415730337078653,0.7878098128477491,915,29.373996789727126,3.3415730337078653,3,6,12,"{""1"": 1297, ""10"": 11, ""12"": 19, ""2"": 42, ""3"": 565, ""4"": 132, ""6"": 950, ""7"": 62, ""9"": 37}",8188,258,3.15095261358085,0,0.0,0,0.0,3115,3083,0,0.0,0,0.0,6,253,233,480,6,486,486,1.0125,1.25,7,92,0,85,7,92,92,1.0823529411764705,8.235294117647058,boundary
validation,stratum,flores200,uk,uniq_superbpe,8192,observed,32,7446,7446,4118,2242,3.32114183764496,0.544439048081593,0,0.0,3.32114183764496,4,6,10,"{""1"": 270, ""10"": 3, ""2"": 636, ""3"": 195, ""4"": 757, ""5"": 161, ""6"": 130, ""7"": 56, ""8"": 22, ""9"": 12}",8188,370,4.518808011724475,1,0.04460303300624442,0,0.0,2242,2210,0,0.0,0,0.0,0,116,439,555,0,555,555,1.0,0.0,2,126,0,124,2,126,126,1.0161290322580645,1.6129032258064515,boundary
validation,stratum,flores200,ur,uniq_superbpe,8192,observed,32,6879,6879,3892,2079,3.3088023088023086,0.5341726618705036,10,0.481000481000481,3.3088023088023086,3,6,9,"{""1"": 142, ""2"": 721, ""3"": 260, ""4"": 491, ""5"": 351, ""6"": 20, ""7"": 85, ""9"": 9}",8188,304,3.7127503663898387,0,0.0,0,0.0,2079,2047,0,0.0,0,0.0,0,75,718,793,0,793,793,1.0,0.0,1,72,0,71,1,72,72,1.0140845070422535,1.408450704225352,boundary
validation,stratum,flores200,yo,uniq_superbpe,8192,observed,32,5060,5063,3889,2854,1.7740014015416958,0.7338647467215222,292,10.2312543798178,1.7740014015416958,2,3,6,"{""1"": 1231, ""2"": 1146, ""3"": 405, ""4"": 43, ""5"": 21, ""6"": 8}",8188,354,4.323400097703957,11,0.3854239663629993,6,0.2102312543798178,2854,2822,0,0.0,0,0.0,0,290,428,718,0,718,718,1.0,0.0,2,78,0,76,2,78,78,1.0263157894736843,2.6315789473684212,boundary
validation,stratum,flores200,zh,uniq_superbpe,8192,observed,32,3887,3769,1485,1443,2.6119196119196118,0.9717171717171718,78,5.405405405405405,2.6119196119196118,3,3,6,"{""1"": 251, ""2"": 64, ""3"": 1124, ""4"": 3, ""6"": 1}",8188,608,7.425500732779677,155,10.74151074151074,46,3.187803187803188,1443,1411,0,0.0,0,0.0,0,38,25,63,0,63,63,1.0,0.0,6,138,0,132,6,138,138,1.0454545454545454,4.545454545454546,boundary
validation,language,,am,uniq_superbpe,8192,observed,32,6471,6471,2573,2026,3.193978282329714,0.7874076952973184,0,0.0,3.193978282329714,3,6,10,"{""1"": 190, ""10"": 21, ""2"": 32, ""3"": 1418, ""4"": 250, ""6"": 52, ""7"": 63}",8188,276,3.3707865168539324,9,0.4442250740375123,0,0.0,2026,1994,0,0.0,0,0.0,0,133,353,486,0,486,486,1.0,0.0,1,76,0,75,1,76,76,1.0133333333333334,1.3333333333333333,boundary
validation,language,,ar,uniq_superbpe,8192,observed,32,6539,6539,3628,2057,3.1789013125911523,0.5669790518191842,48,2.333495381623724,3.1789013125911523,3,7,9,"{""1"": 199, ""2"": 753, ""3"": 203, ""4"": 586, ""5"": 160, ""6"": 13, ""7"": 142, ""9"": 1}",8188,281,3.4318514899853443,10,0.48614487117160915,5,0.24307243558580457,2058,2026,1,0.049358341559723594,1,0.04861448711716091,0,65,516,581,0,581,581,1.0,0.0,2,87,1,86,2,88,88,1.0232558139534884,2.3255813953488373,boundary
validation,language,,bg,uniq_superbpe,8192,observed,32,7484,7482,4146,2145,3.488111888111888,0.5173661360347322,0,0.0,3.488111888111888,4,6,9,"{""1"": 230, ""2"": 476, ""3"": 217, ""4"": 775, ""5"": 258, ""6"": 108, ""7"": 42, ""8"": 34, ""9"": 5}",8188,350,4.274548119198828,0,0.0,0,0.0,2145,2113,0,0.0,0,0.0,0,96,521,617,0,617,617,1.0,0.0,3,124,0,121,3,124,124,1.024793388429752,2.479338842975207,boundary
validation,language,,bn,uniq_superbpe,8192,observed,32,10607,10772,4028,3484,3.0918484500574053,0.8649453823237339,1260,36.16532721010333,3.0918484500574053,3,7,13,"{""1"": 1515, ""10"": 50, ""12"": 5, ""13"": 14, ""2"": 8, ""3"": 973, ""4"": 142, ""6"": 551, ""7"": 164, ""9"": 62}",8188,202,2.4670249145090377,0,0.0,0,0.0,3484,3452,0,0.0,0,0.0,2,185,375,558,2,560,560,1.003584229390681,0.35842293906810035,8,90,0,82,5,90,90,1.0975609756097562,6.097560975609756,boundary
validation,language,,fa,uniq_superbpe,8192,observed,32,6879,6879,3885,2045,3.3638141809290953,0.5263835263835264,4,0.19559902200489,3.3638141809290953,3,6,9,"{""1"": 162, ""2"": 599, ""3"": 269, ""4"": 586, ""5"": 301, ""6"": 53, ""7"": 61, ""8"": 8, ""9"": 6}",8188,345,4.213483146067416,1,0.0488997555012225,0,0.0,2045,2013,0,0.0,0,0.0,0,66,634,700,0,700,700,1.0,0.0,4,108,0,104,4,108,108,1.0384615384615385,3.8461538461538463,boundary
validation,language,,gu,uniq_superbpe,8192,observed,32,9612,9612,3700,3223,2.982314613713931,0.8710810810810811,1227,38.070121005274586,2.982314613713931,3,7,13,"{""1"": 1479, ""10"": 42, ""13"": 2, ""2"": 24, ""3"": 749, ""4"": 241, ""6"": 492, ""7"": 135, ""9"": 59}",8188,210,2.5647288715192964,1,0.03102699348433137,0,0.0,3223,3191,0,0.0,0,0.0,2,134,436,568,2,570,570,1.0035211267605635,0.352112676056338,13,91,0,78,10,91,91,1.1666666666666667,12.820512820512821,boundary
validation,language,,hi,uniq_superbpe,8192,observed,32,10059,10074,3966,3102,3.2475822050290137,0.7821482602118003,1092,35.20309477756286,3.2475822050290137,3,7,13,"{""1"": 1318, ""10"": 39, ""12"": 6, ""13"": 8, ""2"": 28, ""3"": 715, ""4"": 187, ""6"": 416, ""7"": 360, ""9"": 25}",8188,269,3.2852955544699562,0,0.0,0,0.0,3102,3070,0,0.0,0,0.0,0,132,615,747,0,747,747,1.0,0.0,1,81,0,80,1,81,81,1.0125,1.25,boundary
validation,language,,ja,uniq_superbpe,8192,observed,32,5120,5110,1782,1687,3.029045643153527,0.94668911335578,81,4.801422643746295,3.029045643153527,3,6,6,"{""1"": 145, ""2"": 21, ""3"": 1401, ""6"": 120}",8188,499,6.0942843185149,135,8.002371072910492,57,3.3787788974510966,1687,1655,0,0.0,0,0.0,0,0,2,2,0,2,2,1.0,0.0,2,113,0,111,2,113,113,1.018018018018018,1.8018018018018018,boundary
validation,language,,kn,uniq_superbpe,8192,observed,32,11332,11326,4264,3389,3.341988787252877,0.7947936210131332,1008,29.74328710534081,3.341988787252877,3,6,12,"{""1"": 1354, ""10"": 8, ""12"": 9, ""2"": 25, ""3"": 691, ""4"": 189, ""6"": 964, ""7"": 110, ""9"": 39}",8188,225,2.747923790913532,2,0.05901445854234287,0,0.0,3389,3357,0,0.0,0,0.0,46,222,327,503,42,549,549,1.091451292246521,8.34990059642147,0,90,0,90,0,90,90,1.0,0.0,boundary
validation,language,,ko,uniq_superbpe,8192,observed,32,4735,4735,2037,1787,2.6496922216004477,0.8772704958271969,45,2.5181869054280916,2.6496922216004477,3,4,9,"{""1"": 441, ""2"": 52, ""3"": 1107, ""4"": 129, ""6"": 55, ""7"": 2, ""9"": 1}",8188,474,5.78895945285784,86,4.8125349748181305,27,1.510912143256855,1787,1755,0,0.0,0,0.0,0,269,161,430,0,430,430,1.0,0.0,6,81,0,75,4,81,81,1.08,5.333333333333333,boundary
validation,language,,ml,uniq_superbpe,8192,observed,32,11894,11894,4384,3751,3.17088776326313,0.8556113138686131,1509,40.22927219408158,3.17088776326313,3,9,12,"{""1"": 1801, ""10"": 16, ""12"": 123, ""2"": 26, ""3"": 807, ""4"": 205, ""6"": 571, ""7"": 40, ""9"": 162}",8188,220,2.68685881778212,1,0.026659557451346308,0,0.0,3751,3719,0,0.0,0,0.0,5,170,277,442,5,447,447,1.01131221719457,1.1312217194570136,11,91,0,80,8,91,91,1.1375,10.0,boundary
validation,language,,mr,uniq_superbpe,8192,observed,32,10965,10965,4109,3389,3.235467689583948,0.8247748844000974,1254,37.00206550604898,3.235467689583948,3,7,13,"{""1"": 1481, ""10"": 33, ""12"": 67, ""13"": 7, ""2"": 16, ""3"": 816, ""4"": 172, ""6"": 560, ""7"": 201, ""9"": 36}",8188,276,3.3707865168539324,0,0.0,0,0.0,3389,3357,0,0.0,0,0.0,1,121,423,543,1,544,544,1.0018416206261511,0.1841620626151013,10,88,0,78,7,88,88,1.1282051282051282,8.974358974358974,boundary
validation,language,,ru,uniq_superbpe,8192,observed,32,7654,7654,4261,2288,3.3452797202797204,0.5369631541891575,0,0.0,3.3452797202797204,4,6,9,"{""1"": 297, ""2"": 619, ""3"": 197, ""4"": 749, ""5"": 164, ""6"": 165, ""7"": 64, ""8"": 23, ""9"": 10}",8188,410,5.007327796775769,0,0.0,0,0.0,2288,2256,0,0.0,0,0.0,5,127,449,571,5,576,576,1.0087565674255692,0.8756567425569177,6,130,0,124,5,130,130,1.0483870967741935,4.032258064516129,boundary
validation,language,,sw,uniq_superbpe,8192,observed,32,4405,4405,4397,2040,2.159313725490196,0.46395269501933134,0,0.0,2.159313725490196,2,3,7,"{""1"": 539, ""2"": 797, ""3"": 602, ""4"": 74, ""5"": 13, ""7"": 15}",8188,384,4.689789936492428,0,0.0,0,0.0,2040,2008,0,0.0,0,0.0,0,92,568,660,0,660,660,1.0,0.0,1,77,0,76,1,77,77,1.013157894736842,1.3157894736842106,boundary
validation,language,,ta,uniq_superbpe,8192,observed,32,12193,12193,4517,3126,3.900511836212412,0.6920522470666371,522,16.698656429942417,3.900511836212412,3,7,11,"{""1"": 957, ""10"": 23, ""11"": 2, ""2"": 26, ""3"": 697, ""4"": 17, ""6"": 1205, ""7"": 124, ""9"": 75}",8188,190,2.3204689789936492,4,0.12795905310300704,0,0.0,3128,3096,2,0.06459948320413436,2,0.06397952655150352,1,291,184,474,1,475,475,1.0021097046413503,0.2109704641350211,13,109,2,98,10,111,111,1.1326530612244898,10.204081632653061,boundary
validation,language,,te,uniq_superbpe,8192,observed,32,10409,10409,3954,3115,3.3415730337078653,0.7878098128477491,915,29.373996789727126,3.3415730337078653,3,6,12,"{""1"": 1297, ""10"": 11, ""12"": 19, ""2"": 42, ""3"": 565, ""4"": 132, ""6"": 950, ""7"": 62, ""9"": 37}",8188,258,3.15095261358085,0,0.0,0,0.0,3115,3083,0,0.0,0,0.0,6,253,233,480,6,486,486,1.0125,1.25,7,92,0,85,7,92,92,1.0823529411764705,8.235294117647058,boundary
validation,language,,uk,uniq_superbpe,8192,observed,32,7446,7446,4118,2242,3.32114183764496,0.544439048081593,0,0.0,3.32114183764496,4,6,10,"{""1"": 270, ""10"": 3, ""2"": 636, ""3"": 195, ""4"": 757, ""5"": 161, ""6"": 130, ""7"": 56, ""8"": 22, ""9"": 12}",8188,370,4.518808011724475,1,0.04460303300624442,0,0.0,2242,2210,0,0.0,0,0.0,0,116,439,555,0,555,555,1.0,0.0,2,126,0,124,2,126,126,1.0161290322580645,1.6129032258064515,boundary
validation,language,,ur,uniq_superbpe,8192,observed,32,6879,6879,3892,2079,3.3088023088023086,0.5341726618705036,10,0.481000481000481,3.3088023088023086,3,6,9,"{""1"": 142, ""2"": 721, ""3"": 260, ""4"": 491, ""5"": 351, ""6"": 20, ""7"": 85, ""9"": 9}",8188,304,3.7127503663898387,0,0.0,0,0.0,2079,2047,0,0.0,0,0.0,0,75,718,793,0,793,793,1.0,0.0,1,72,0,71,1,72,72,1.0140845070422535,1.408450704225352,boundary
validation,language,,yo,uniq_superbpe,8192,observed,32,5060,5063,3889,2854,1.7740014015416958,0.7338647467215222,292,10.2312543798178,1.7740014015416958,2,3,6,"{""1"": 1231, ""2"": 1146, ""3"": 405, ""4"": 43, ""5"": 21, ""6"": 8}",8188,354,4.323400097703957,11,0.3854239663629993,6,0.2102312543798178,2854,2822,0,0.0,0,0.0,0,290,428,718,0,718,718,1.0,0.0,2,78,0,76,2,78,78,1.0263157894736843,2.6315789473684212,boundary
validation,language,,zh,uniq_superbpe,8192,observed,32,3887,3769,1485,1443,2.6119196119196118,0.9717171717171718,78,5.405405405405405,2.6119196119196118,3,3,6,"{""1"": 251, ""2"": 64, ""3"": 1124, ""4"": 3, ""6"": 1}",8188,608,7.425500732779677,155,10.74151074151074,46,3.187803187803188,1443,1411,0,0.0,0,0.0,0,38,25,63,0,63,63,1.0,0.0,6,138,0,132,6,138,138,1.0454545454545454,4.545454545454546,boundary
validation,domain,flores200,,uniq_superbpe,8192,observed,640,159630,159677,73015,51272,3.1143119051334063,0.7022118742724098,9345,18.2263223591824,3.1143119051334063,3,7,13,"{""1"": 15299, ""10"": 246, ""11"": 2, ""12"": 229, ""13"": 31, ""2"": 6111, ""3"": 13411, ""4"": 5728, ""5"": 1429, ""6"": 6434, ""7"": 1726, ""8"": 87, ""9"": 539}",8188,3830,46.775769418661454,416,0.8113590263691683,141,0.27500390076454984,51275,50635,3,0.005924755603831342,3,0.0058511468247776565,68,2875,7684,10491,64,10559,10559,1.006481746258698,0.6100467067009818,99,1942,3,1846,81,1945,1945,1.0536294691224268,4.387865655471289,boundary
validation,aggregate,,,uniq_superbpe,8192,observed,640,159630,159677,73015,51272,3.1143119051334063,0.7022118742724098,9345,18.2263223591824,3.1143119051334063,3,7,13,"{""1"": 15299, ""10"": 246, ""11"": 2, ""12"": 229, ""13"": 31, ""2"": 6111, ""3"": 13411, ""4"": 5728, ""5"": 1429, ""6"": 6434, ""7"": 1726, ""8"": 87, ""9"": 539}",8188,3830,46.775769418661454,416,0.8113590263691683,141,0.27500390076454984,51275,50635,3,0.005924755603831342,3,0.0058511468247776565,68,2875,7684,10491,64,10559,10559,1.006481746258698,0.6100467067009818,99,1942,3,1846,81,1945,1945,1.0536294691224268,4.387865655471289,boundary
train,stratum,code,c,uniq_superbpe,8192,observed,32,269690,51063,51060,27188,1.878144769751361,0.5324716020368194,0,0.0,1.878144769751361,1,5,16,"{""1"": 15813, ""10"": 31, ""12"": 18, ""13"": 17, ""16"": 34, ""2"": 5965, ""3"": 2563, ""4"": 1241, ""5"": 684, ""6"": 348, ""7"": 155, ""8"": 88, ""9"": 231}",8188,841,10.271128480703469,1,0.0036780932764454905,0,0.0,28400,28368,1212,4.272419627749577,33,0.1213770781227012,489,2825,3512,5926,384,6415,9740,1.0825177185285184,6.479919001012488,2011,5624,480,4093,597,6104,6116,1.4913266552650868,14.585878328854141,fallback
train,stratum,code,cpp,uniq_superbpe,8192,observed,32,735578,54217,54213,27500,1.9715272727272728,0.5072584066552303,0,0.0,1.9715272727272728,1,5,16,"{""1"": 15569, ""10"": 20, ""12"": 23, ""13"": 38, ""16"": 42, ""2"": 5913, ""3"": 2798, ""4"": 1215, ""5"": 769, ""6"": 523, ""7"": 133, ""8"": 101, ""9"": 356}",8188,865,10.564240351734245,0,0.0,0,0.0,28601,28569,1101,3.8538275753439044,20,0.07272727272727272,412,2776,2919,5352,290,5764,9575,1.0769805680119582,5.418535127055306,1780,5762,496,4478,1001,6258,6268,1.3974988834301028,22.3537293434569,fallback
train,stratum,code,go,uniq_superbpe,8192,observed,32,514454,56813,56813,28264,2.010083498443249,0.497491771249538,0,0.0,2.010083498443249,1,5,16,"{""1"": 14600, ""10"": 12, ""12"": 22, ""16"": 9, ""2"": 6457, ""3"": 3696, ""4"": 1706, ""5"": 514, ""6"": 699, ""7"": 321, ""8"": 204, ""9"": 24}",8188,858,10.478749389350268,0,0.0,0,0.0,28975,28943,711,2.4565525342915384,35,0.1238324370223606,119,3142,3271,6386,93,6505,9031,1.0186345129971814,1.4563106796116505,1030,6063,371,5404,868,6434,6454,1.19059955588453,16.06217616580311,fallback
train,stratum,code,java,uniq_superbpe,8192,observed,32,175611,43999,43605,20158,2.182706617720012,0.462286435041853,0,0.0,2.182706617720012,2,6,16,"{""1"": 9958, ""10"": 10, ""12"": 13, ""13"": 30, ""16"": 34, ""2"": 4375, ""3"": 2637, ""4"": 1325, ""5"": 599, ""6"": 692, ""7"": 260, ""8"": 102, ""9"": 123}",8188,915,11.174890083048364,9,0.04464728643714654,0,0.0,21172,21140,1014,4.796594134342478,9,0.04464728643714654,232,1862,2113,3775,213,4007,7594,1.0614569536423841,5.642384105960265,864,3868,269,3273,507,4137,4145,1.2639780018331805,15.490375802016498,fallback
train,stratum,code,javascript,uniq_superbpe,8192,observed,32,112493,38980,38152,20616,1.8907644547923943,0.5403648563640177,0,0.0,1.8907644547923943,1,5,16,"{""1"": 11763, ""10"": 17, ""11"": 1, ""12"": 8, ""13"": 33, ""16"": 24, ""2"": 4787, ""3"": 2135, ""4"": 597, ""5"": 479, ""6"": 368, ""7"": 169, ""8"": 141, ""9"": 94}",8188,915,11.174890083048364,19,0.09216142801707412,0,0.0,21975,21943,1359,6.1933190539124094,1,0.004850601474582848,333,2129,1837,3702,241,4035,7448,1.0899513776337115,6.509994597514857,1703,5493,440,4230,1261,5933,5941,1.4026004728132389,29.810874704491727,fallback
train,stratum,code,python,uniq_superbpe,8192,observed,32,193155,48487,48387,22045,2.1994556588795646,0.45559757786182237,0,0.0,2.1994556588795646,1,6,16,"{""1"": 11048, ""10"": 6, ""11"": 2, ""12"": 20, ""13"": 59, ""16"": 81, ""2"": 4654, ""3"": 3020, ""4"": 1400, ""5"": 692, ""6"": 412, ""7"": 307, ""8"": 91, ""9"": 253}",8188,872,10.649731314118222,6,0.027217056021773645,0,0.0,23272,23240,1227,5.279690189328743,18,0.08165116806532094,269,2243,2586,4625,106,4894,10776,1.0581621621621622,2.291891891891892,1352,4909,305,3862,761,5214,5228,1.3500776799585708,19.70481615743138,fallback
train,stratum,code,rust,uniq_superbpe,8192,observed,32,405448,56922,56922,29062,1.9586401486477187,0.5105583078598784,0,0.0,1.9586401486477187,1,5,16,"{""1"": 16623, ""10"": 10, ""12"": 14, ""13"": 136, ""16"": 71, ""2"": 5778, ""3"": 3346, ""4"": 1423, ""5"": 972, ""6"": 270, ""7"": 167, ""8"": 76, ""9"": 176}",8188,837,10.222276502198339,0,0.0,0,0.0,30695,30663,1633,5.3256367609170665,18,0.06193654944601198,196,2944,3412,6228,173,6424,13231,1.031470777135517,2.7777777777777777,2749,8071,505,5827,1968,8576,8582,1.4717693495795434,33.773811566844,fallback
train,stratum,code,sql,uniq_superbpe,8192,observed,32,962841,36373,36088,20494,1.7748121401385772,0.5678896031921968,0,0.0,1.7748121401385772,1,5,16,"{""1"": 12705, ""10"": 8, ""12"": 5, ""13"": 13, ""16"": 50, ""2"": 4265, ""3"": 1693, ""4"": 799, ""5"": 401, ""6"": 275, ""7"": 171, ""8"": 79, ""9"": 30}",8188,813,9.929164631167563,3,0.014638430760222504,0,0.0,21135,21103,641,3.0374828223475334,8,0.03903581536059334,263,2027,2136,3925,242,4188,6655,1.0670063694267515,6.165605095541402,1395,4244,254,3103,650,4498,4498,1.4495649371575894,20.947470190138574,fallback
train,stratum,code,typescript,uniq_superbpe,8192,observed,32,734901,43989,43698,20152,2.1828602620087336,0.46116527072177216,0,0.0,2.1828602620087336,1,6,16,"{""1"": 10444, ""10"": 21, ""11"": 90, ""12"": 5, ""13"": 9, ""16"": 11, ""2"": 4351, ""3"": 2157, ""4"": 975, ""5"": 735, ""6"": 660, ""7"": 435, ""8"": 92, ""9"": 167}",8188,904,11.040547142159257,6,0.029773719730051607,0,0.0,21686,21654,1534,7.084141498106585,7,0.03473600635172688,349,2234,2213,4263,314,4612,8393,1.081867229650481,7.365704902650715,1104,4060,336,3292,749,4396,4406,1.3353584447144593,22.752126366950183,fallback
train,stratum,cyrillic_african,am,uniq_superbpe,8192,observed,32,390554,147317,59501,45959,3.2054004656324113,0.7724071864338414,0,0.0,3.2054004656324113,3,6,10,"{""1"": 4986, ""10"": 405, ""2"": 768, ""3"": 30419, ""4"": 6188, ""5"": 14, ""6"": 1587, ""7"": 1592}",8188,718,8.768930141670738,90,0.19582671511564656,0,0.0,46935,46903,976,2.0808903481653624,12,0.026110228682086206,0,2551,8653,11206,0,11206,11206,1.0,0.0,702,2693,114,2105,543,2807,2807,1.3334916864608075,25.795724465558195,fallback
train,stratum,cyrillic_african,bg,uniq_superbpe,8192,observed,32,249249,102609,58537,30482,3.3662161275506857,0.520730478159113,0,0.0,3.3662161275506857,4,6,9,"{""1"": 4366, ""2"": 6955, ""3"": 3114, ""4"": 9838, ""5"": 3396, ""6"": 1712, ""7"": 526, ""8"": 470, ""9"": 105}",8188,804,9.81924767953102,1,0.003280624630929729,0,0.0,30854,30822,372,1.2069301148530271,82,0.26901121973623776,0,1302,7544,8973,0,8973,8973,1.0,0.0,325,2066,235,1976,258,2301,2303,1.1644736842105263,13.05668016194332,fallback
train,stratum,cyrillic_african,ru,uniq_superbpe,8192,observed,32,231857,106212,58870,30519,3.4801926668632657,0.5184134533718362,0,0.0,3.4801926668632657,4,6,9,"{""1"": 3530, ""2"": 7502, ""3"": 2653, ""4"": 10427, ""5"": 2402, ""6"": 2637, ""7"": 848, ""8"": 437, ""9"": 83}",8188,725,8.854421104054714,2,0.006553294668894787,0,0.0,30866,30834,347,1.1253810728416682,42,0.13761918804679052,0,1363,6360,7811,0,7811,7811,1.0,0.0,275,1672,243,1640,220,1915,1917,1.1676829268292683,13.414634146341463,fallback
train,stratum,cyrillic_african,sw,uniq_superbpe,8192,observed,32,302841,62449,62216,30440,2.0515440210249674,0.4892632120354893,58,0.19053876478318002,2.0515440210249674,2,3,7,"{""1"": 9077, ""2"": 12129, ""3"": 8291, ""4"": 671, ""5"": 172, ""6"": 3, ""7"": 97}",8188,704,8.597948216902784,3,0.00985545335085414,0,0.0,30689,30657,249,0.8122125452588316,5,0.0164257555847569,5,1413,7693,9101,5,9106,9106,1.0005493901769036,0.054939017690363696,305,1618,135,1448,263,1753,1753,1.2106353591160222,18.162983425414364,fallback
train,stratum,cyrillic_african,uk,uniq_superbpe,8192,observed,32,184737,95676,53182,28783,3.3240454434909497,0.5412169531044339,0,0.0,3.3240454434909497,4,6,10,"{""1"": 3778, ""10"": 49, ""2"": 7880, ""3"": 2372, ""4"": 9756, ""5"": 2078, ""6"": 1606, ""7"": 694, ""8"": 506, ""9"": 64}",8188,696,8.500244259892526,14,0.048639822117221974,0,0.0,29108,29076,325,1.1177603521804924,11,0.03821700309210298,0,1460,5571,7093,0,7093,7093,1.0,0.0,316,1913,252,1849,283,2165,2167,1.1709031909140075,15.305570578691185,fallback
train,stratum,cyrillic_african,yo,uniq_superbpe,8192,observed,32,145697,69432,59766,30787,2.255237600285835,0.5151256567279054,134,0.43524864390814305,2.255237600285835,2,5,8,"{""1"": 9236, ""2"": 10785, ""3"": 7904, ""4"": 1167, ""5"": 694, ""6"": 395, ""7"": 442, ""8"": 164}",8188,705,8.610161211529068,10,0.032481242082697245,0,0.0,31438,31406,651,2.072852321212507,215,0.6983467047779907,0,2155,8918,11487,0,11487,11487,1.0,0.0,267,1665,194,1592,237,1859,1859,1.1677135678391959,14.886934673366834,fallback
train,stratum,indic_cjk_arabic,ar,uniq_superbpe,8192,observed,32,215274,97740,54940,31345,3.1182006699633114,0.5705314888969785,702,2.2395916414101134,3.1182006699633114,3,7,9,"{""1"": 3541, ""2"": 11363, ""3"": 3402, ""4"": 8583, ""5"": 2097, ""6"": 163, ""7"": 2146, ""9"": 50}",8188,654,7.987298485588666,15,0.04785452225235285,0,0.0,31489,31457,144,0.45776774644753154,1,0.0031903014834901897,0,1027,7809,8838,0,8838,8838,1.0,0.0,331,1625,132,1426,269,1757,1757,1.2321178120617111,18.863955119214587,fallback
train,stratum,indic_cjk_arabic,bn,uniq_superbpe,8192,observed,32,274908,152004,58399,48854,3.111393130552258,0.8365554204695286,16773,34.33291030417161,3.111393130552258,3,7,13,"{""1"": 20200, ""10"": 531, ""12"": 87, ""13"": 160, ""2"": 563, ""3"": 13312, ""4"": 3139, ""5"": 13, ""6"": 7720, ""7"": 2397, ""9"": 732}",8188,560,6.839276990718124,16,0.03275064477831907,0,0.0,49821,49789,967,1.9421960674044467,6,0.012281491791869652,0,1918,6596,8515,0,8515,8515,1.0,0.0,232,1399,262,1429,220,1661,1661,1.1623512946116166,15.395381385584324,fallback
train,stratum,indic_cjk_arabic,fa,uniq_superbpe,8192,observed,32,198722,93798,52677,27744,3.3808391003460208,0.5266814738880347,18,0.06487889273356401,3.3808391003460208,4,6,9,"{""1"": 2736, ""2"": 7427, ""3"": 3490, ""4"": 7976, ""5"": 4266, ""6"": 730, ""7"": 918, ""8"": 111, ""9"": 90}",8188,546,6.668295065950171,4,0.01441753171856978,0,0.0,27856,27824,112,0.4025301897642323,2,0.00720876585928489,0,1258,8672,9930,0,9930,9930,1.0,0.0,236,1298,107,1169,191,1405,1405,1.2018819503849445,16.33875106928999,fallback
train,stratum,indic_cjk_arabic,gu,uniq_superbpe,8192,observed,32,266235,146974,58881,46878,3.1352446776739624,0.7961481632445101,15750,33.59784973761679,3.1352446776739624,3,7,13,"{""1"": 19772, ""10"": 453, ""13"": 61, ""2"": 973, ""3"": 10298, ""4"": 4186, ""5"": 20, ""6"": 7384, ""7"": 2844, ""9"": 887}",8188,647,7.90180752320469,24,0.05119672340970178,0,0.0,47033,47001,155,0.32978021744218206,9,0.019198771278638168,0,1621,8098,9723,0,9723,9723,1.0,0.0,256,1487,143,1374,189,1630,1630,1.1863173216885008,13.755458515283843,fallback
train,stratum,indic_cjk_arabic,hi,uniq_superbpe,8192,observed,32,342431,153237,61359,45181,3.391624798034572,0.7363385974347691,14460,32.004603705097274,3.391624798034572,3,7,13,"{""1"": 18129, ""10"": 682, ""12"": 53, ""13"": 138, ""2"": 615, ""3"": 9887, ""4"": 3091, ""5"": 8, ""6"": 6397, ""7"": 5724, ""9"": 457}",8188,652,7.962872496336102,0,0.0,0,0.0,45401,45369,220,0.4849126055235954,6,0.013279918549832894,0,1782,10028,11810,0,11810,11810,1.0,0.0,245,1525,167,1447,222,1692,1692,1.1693158258465792,15.342087076710435,fallback
train,stratum,indic_cjk_arabic,ja,uniq_superbpe,8192,observed,32,323403,142468,61333,52145,2.7321507335314985,0.850194838015424,0,0.0,2.7321507335314985,3,6,12,"{""1"": 10091, ""12"": 75, ""2"": 3359, ""3"": 35404, ""4"": 473, ""5"": 32, ""6"": 2634, ""7"": 1, ""9"": 76}",8188,2311,28.224230581338546,1119,2.1459392079777544,0,0.0,52603,52571,458,0.8712027543702802,3,0.005753188225141433,0,2398,2034,4436,0,4436,4436,1.0,0.0,562,4239,405,4082,425,4644,4644,1.1376776090151886,10.41156295933366,fallback
train,stratum,indic_cjk_arabic,kn,uniq_superbpe,8192,observed,32,458253,153841,60531,46440,3.3126830318690783,0.7672101898200921,12597,27.12532299741602,3.3126830318690783,3,6,12,"{""1"": 17500, ""10"": 82, ""12"": 59, ""2"": 1375, ""3"": 9665, ""4"": 3267, ""5"": 17, ""6"": 12562, ""7"": 1337, ""9"": 576}",8188,743,9.074255007327796,45,0.09689922480620156,0,0.0,46686,46654,246,0.5272859776224975,8,0.017226528854435832,0,1811,5429,7243,0,7243,7243,1.0,0.0,239,1442,220,1423,205,1662,1662,1.167955024595924,14.406184118060436,fallback
train,stratum,indic_cjk_arabic,ko,uniq_superbpe,8192,observed,32,201347,118352,51206,41483,2.853024130366656,0.810119907823302,7,0.016874382277077358,2.853024130366656,3,4,12,"{""1"": 7267, ""12"": 57, ""2"": 1588, ""3"": 25564, ""4"": 5936, ""5"": 5, ""6"": 842, ""7"": 152, ""9"": 72}",8188,1524,18.612603810454324,926,2.232239712653376,0,0.0,44433,44401,2950,6.6439945046282745,2,0.004821252079164959,1,3893,7160,11052,1,11053,11053,1.0000904813608396,0.009048136083966703,489,2320,612,2443,386,2932,2934,1.2001637331150226,15.800245599672534,fallback
train,stratum,indic_cjk_arabic,ml,uniq_superbpe,8192,observed,32,188792,137273,52226,42326,3.243231110901101,0.8104392448205875,16398,38.74214430846288,3.243231110901101,3,9,12,"{""1"": 19812, ""10"": 123, ""12"": 1354, ""2"": 841, ""3"": 8544, ""4"": 2669, ""5"": 27, ""6"": 5998, ""7"": 376, ""9"": 2582}",8188,619,7.559843673668784,18,0.04252705193025563,0,0.0,42540,42508,214,0.5034346475957466,27,0.06379057789538345,0,1446,3749,5197,0,5197,5197,1.0,0.0,205,1180,198,1173,171,1378,1378,1.174765558397272,14.578005115089514,fallback
train,stratum,indic_cjk_arabic,mr,uniq_superbpe,8192,observed,32,362326,145113,56571,41813,3.4705235213928685,0.7391242862950982,12657,30.27049003898309,3.4705235213928685,3,7,16,"{""1"": 16003, ""10"": 578, ""12"": 627, ""13"": 75, ""16"": 60, ""2"": 769, ""3"": 9806, ""4"": 2628, ""5"": 21, ""6"": 7790, ""7"": 2773, ""9"": 683}",8188,703,8.585735222276503,1,0.002391600698347404,0,0.0,42088,42056,275,0.6538900513600913,9,0.021524406285126637,0,1237,6541,7780,0,7780,7780,1.0,0.0,228,1382,169,1323,188,1551,1551,1.1723356009070294,14.210128495842781,fallback
train,stratum,indic_cjk_arabic,ta,uniq_superbpe,8192,observed,32,239434,140738,53567,35519,3.9623300205523804,0.6630761476282039,5775,16.258903685351502,3.9623300205523804,3,7,10,"{""1"": 9730, ""10"": 388, ""2"": 957, ""3"": 8708, ""4"": 169, ""5"": 20, ""6"": 12181, ""7"": 2533, ""9"": 833}",8188,537,6.55837811431363,5,0.014076972887750219,0,0.0,37186,37154,1667,4.486730903805781,15,0.042230918663250655,0,1936,3855,5791,0,5791,5791,1.0,0.0,431,1308,480,1357,296,1788,1788,1.3176123802505526,21.812822402358144,fallback
train,stratum,indic_cjk_arabic,te,uniq_superbpe,8192,observed,32,300221,158103,60933,47116,3.355611681806605,0.7732427420281293,13704,29.085660921979795,3.355611681806605,3,6,12,"{""1"": 18797, ""10"": 117, ""12"": 370, ""2"": 1150, ""3"": 8893, ""4"": 2371, ""5"": 12, ""6"": 13567, ""7"": 1390, ""9"": 449}",8188,633,7.730825598436737,24,0.050938110196111726,0,0.0,47557,47525,441,0.9279326670173593,1,0.0021224212581713218,0,2848,4638,7488,0,7488,7488,1.0,0.0,359,1544,395,1580,301,1939,1939,1.2272151898734178,19.050632911392405,fallback
train,stratum,indic_cjk_arabic,ur,uniq_superbpe,8192,observed,32,431064,112341,64366,33722,3.331386038787735,0.5239101388932045,403,1.1950655358519662,3.331386038787735,3,7,9,"{""1"": 3631, ""2"": 10509, ""3"": 3886, ""4"": 7561, ""5"": 5846, ""6"": 283, ""7"": 1596, ""9"": 410}",8188,720,8.793356130923302,6,0.017792538995314633,0,0.0,33969,33937,247,0.7278191943896043,145,0.4299863590534369,0,1712,11833,13545,0,13545,13545,1.0,0.0,248,1679,96,1527,229,1775,1777,1.1624099541584807,14.996725605762935,fallback
train,stratum,indic_cjk_arabic,zh,uniq_superbpe,8192,observed,32,616082,130086,53452,46613,2.790766524360157,0.8720534311157674,4,0.00858129706305108,2.790766524360157,3,3,12,"{""1"": 7202, ""12"": 154, ""2"": 2234, ""3"": 35369, ""4"": 235, ""5"": 25, ""6"": 821, ""7"": 343, ""8"": 1, ""9"": 229}",8188,3256,39.76551050317538,2795,5.996181322806942,0,0.0,47316,47284,703,1.4867608493359277,1,0.00214532426576277,0,1896,1849,3755,0,3755,3755,1.0,0.0,365,3230,370,3235,285,3600,3602,1.1128284389489953,8.809891808346213,fallback
train,stratum,latin_english,en,uniq_superbpe,8192,observed,32,128944,59492,59076,26823,2.217947284047273,0.45404225066016657,0,0.0,2.217947284047273,2,4,12,"{""1"": 8731, ""12"": 1, ""2"": 8197, ""3"": 6755, ""4"": 2137, ""5"": 691, ""6"": 112, ""7"": 178, ""8"": 20, ""9"": 1}",8188,875,10.686370297997069,12,0.04473772508667934,0,0.0,27328,27296,505,1.8500879249706916,61,0.22741676919061998,3,1698,7301,9298,3,9301,9301,1.000322650032265,0.032265003226500326,332,1949,147,1764,266,2096,2096,1.1882086167800454,15.079365079365079,fallback
train,language,,am,uniq_superbpe,8192,observed,32,390554,147317,59501,45959,3.2054004656324113,0.7724071864338414,0,0.0,3.2054004656324113,3,6,10,"{""1"": 4986, ""10"": 405, ""2"": 768, ""3"": 30419, ""4"": 6188, ""5"": 14, ""6"": 1587, ""7"": 1592}",8188,718,8.768930141670738,90,0.19582671511564656,0,0.0,46935,46903,976,2.0808903481653624,12,0.026110228682086206,0,2551,8653,11206,0,11206,11206,1.0,0.0,702,2693,114,2105,543,2807,2807,1.3334916864608075,25.795724465558195,fallback
train,language,,ar,uniq_superbpe,8192,observed,32,215274,97740,54940,31345,3.1182006699633114,0.5705314888969785,702,2.2395916414101134,3.1182006699633114,3,7,9,"{""1"": 3541, ""2"": 11363, ""3"": 3402, ""4"": 8583, ""5"": 2097, ""6"": 163, ""7"": 2146, ""9"": 50}",8188,654,7.987298485588666,15,0.04785452225235285,0,0.0,31489,31457,144,0.45776774644753154,1,0.0031903014834901897,0,1027,7809,8838,0,8838,8838,1.0,0.0,331,1625,132,1426,269,1757,1757,1.2321178120617111,18.863955119214587,fallback
train,language,,bg,uniq_superbpe,8192,observed,32,249249,102609,58537,30482,3.3662161275506857,0.520730478159113,0,0.0,3.3662161275506857,4,6,9,"{""1"": 4366, ""2"": 6955, ""3"": 3114, ""4"": 9838, ""5"": 3396, ""6"": 1712, ""7"": 526, ""8"": 470, ""9"": 105}",8188,804,9.81924767953102,1,0.003280624630929729,0,0.0,30854,30822,372,1.2069301148530271,82,0.26901121973623776,0,1302,7544,8973,0,8973,8973,1.0,0.0,325,2066,235,1976,258,2301,2303,1.1644736842105263,13.05668016194332,fallback
train,language,,bn,uniq_superbpe,8192,observed,32,274908,152004,58399,48854,3.111393130552258,0.8365554204695286,16773,34.33291030417161,3.111393130552258,3,7,13,"{""1"": 20200, ""10"": 531, ""12"": 87, ""13"": 160, ""2"": 563, ""3"": 13312, ""4"": 3139, ""5"": 13, ""6"": 7720, ""7"": 2397, ""9"": 732}",8188,560,6.839276990718124,16,0.03275064477831907,0,0.0,49821,49789,967,1.9421960674044467,6,0.012281491791869652,0,1918,6596,8515,0,8515,8515,1.0,0.0,232,1399,262,1429,220,1661,1661,1.1623512946116166,15.395381385584324,fallback
train,language,,c,uniq_superbpe,8192,observed,32,269690,51063,51060,27188,1.878144769751361,0.5324716020368194,0,0.0,1.878144769751361,1,5,16,"{""1"": 15813, ""10"": 31, ""12"": 18, ""13"": 17, ""16"": 34, ""2"": 5965, ""3"": 2563, ""4"": 1241, ""5"": 684, ""6"": 348, ""7"": 155, ""8"": 88, ""9"": 231}",8188,841,10.271128480703469,1,0.0036780932764454905,0,0.0,28400,28368,1212,4.272419627749577,33,0.1213770781227012,489,2825,3512,5926,384,6415,9740,1.0825177185285184,6.479919001012488,2011,5624,480,4093,597,6104,6116,1.4913266552650868,14.585878328854141,fallback
train,language,,cpp,uniq_superbpe,8192,observed,32,735578,54217,54213,27500,1.9715272727272728,0.5072584066552303,0,0.0,1.9715272727272728,1,5,16,"{""1"": 15569, ""10"": 20, ""12"": 23, ""13"": 38, ""16"": 42, ""2"": 5913, ""3"": 2798, ""4"": 1215, ""5"": 769, ""6"": 523, ""7"": 133, ""8"": 101, ""9"": 356}",8188,865,10.564240351734245,0,0.0,0,0.0,28601,28569,1101,3.8538275753439044,20,0.07272727272727272,412,2776,2919,5352,290,5764,9575,1.0769805680119582,5.418535127055306,1780,5762,496,4478,1001,6258,6268,1.3974988834301028,22.3537293434569,fallback
train,language,,en,uniq_superbpe,8192,observed,32,128944,59492,59076,26823,2.217947284047273,0.45404225066016657,0,0.0,2.217947284047273,2,4,12,"{""1"": 8731, ""12"": 1, ""2"": 8197, ""3"": 6755, ""4"": 2137, ""5"": 691, ""6"": 112, ""7"": 178, ""8"": 20, ""9"": 1}",8188,875,10.686370297997069,12,0.04473772508667934,0,0.0,27328,27296,505,1.8500879249706916,61,0.22741676919061998,3,1698,7301,9298,3,9301,9301,1.000322650032265,0.032265003226500326,332,1949,147,1764,266,2096,2096,1.1882086167800454,15.079365079365079,fallback
train,language,,fa,uniq_superbpe,8192,observed,32,198722,93798,52677,27744,3.3808391003460208,0.5266814738880347,18,0.06487889273356401,3.3808391003460208,4,6,9,"{""1"": 2736, ""2"": 7427, ""3"": 3490, ""4"": 7976, ""5"": 4266, ""6"": 730, ""7"": 918, ""8"": 111, ""9"": 90}",8188,546,6.668295065950171,4,0.01441753171856978,0,0.0,27856,27824,112,0.4025301897642323,2,0.00720876585928489,0,1258,8672,9930,0,9930,9930,1.0,0.0,236,1298,107,1169,191,1405,1405,1.2018819503849445,16.33875106928999,fallback
train,language,,go,uniq_superbpe,8192,observed,32,514454,56813,56813,28264,2.010083498443249,0.497491771249538,0,0.0,2.010083498443249,1,5,16,"{""1"": 14600, ""10"": 12, ""12"": 22, ""16"": 9, ""2"": 6457, ""3"": 3696, ""4"": 1706, ""5"": 514, ""6"": 699, ""7"": 321, ""8"": 204, ""9"": 24}",8188,858,10.478749389350268,0,0.0,0,0.0,28975,28943,711,2.4565525342915384,35,0.1238324370223606,119,3142,3271,6386,93,6505,9031,1.0186345129971814,1.4563106796116505,1030,6063,371,5404,868,6434,6454,1.19059955588453,16.06217616580311,fallback
train,language,,gu,uniq_superbpe,8192,observed,32,266235,146974,58881,46878,3.1352446776739624,0.7961481632445101,15750,33.59784973761679,3.1352446776739624,3,7,13,"{""1"": 19772, ""10"": 453, ""13"": 61, ""2"": 973, ""3"": 10298, ""4"": 4186, ""5"": 20, ""6"": 7384, ""7"": 2844, ""9"": 887}",8188,647,7.90180752320469,24,0.05119672340970178,0,0.0,47033,47001,155,0.32978021744218206,9,0.019198771278638168,0,1621,8098,9723,0,9723,9723,1.0,0.0,256,1487,143,1374,189,1630,1630,1.1863173216885008,13.755458515283843,fallback
train,language,,hi,uniq_superbpe,8192,observed,32,342431,153237,61359,45181,3.391624798034572,0.7363385974347691,14460,32.004603705097274,3.391624798034572,3,7,13,"{""1"": 18129, ""10"": 682, ""12"": 53, ""13"": 138, ""2"": 615, ""3"": 9887, ""4"": 3091, ""5"": 8, ""6"": 6397, ""7"": 5724, ""9"": 457}",8188,652,7.962872496336102,0,0.0,0,0.0,45401,45369,220,0.4849126055235954,6,0.013279918549832894,0,1782,10028,11810,0,11810,11810,1.0,0.0,245,1525,167,1447,222,1692,1692,1.1693158258465792,15.342087076710435,fallback
train,language,,ja,uniq_superbpe,8192,observed,32,323403,142468,61333,52145,2.7321507335314985,0.850194838015424,0,0.0,2.7321507335314985,3,6,12,"{""1"": 10091, ""12"": 75, ""2"": 3359, ""3"": 35404, ""4"": 473, ""5"": 32, ""6"": 2634, ""7"": 1, ""9"": 76}",8188,2311,28.224230581338546,1119,2.1459392079777544,0,0.0,52603,52571,458,0.8712027543702802,3,0.005753188225141433,0,2398,2034,4436,0,4436,4436,1.0,0.0,562,4239,405,4082,425,4644,4644,1.1376776090151886,10.41156295933366,fallback
train,language,,java,uniq_superbpe,8192,observed,32,175611,43999,43605,20158,2.182706617720012,0.462286435041853,0,0.0,2.182706617720012,2,6,16,"{""1"": 9958, ""10"": 10, ""12"": 13, ""13"": 30, ""16"": 34, ""2"": 4375, ""3"": 2637, ""4"": 1325, ""5"": 599, ""6"": 692, ""7"": 260, ""8"": 102, ""9"": 123}",8188,915,11.174890083048364,9,0.04464728643714654,0,0.0,21172,21140,1014,4.796594134342478,9,0.04464728643714654,232,1862,2113,3775,213,4007,7594,1.0614569536423841,5.642384105960265,864,3868,269,3273,507,4137,4145,1.2639780018331805,15.490375802016498,fallback
train,language,,javascript,uniq_superbpe,8192,observed,32,112493,38980,38152,20616,1.8907644547923943,0.5403648563640177,0,0.0,1.8907644547923943,1,5,16,"{""1"": 11763, ""10"": 17, ""11"": 1, ""12"": 8, ""13"": 33, ""16"": 24, ""2"": 4787, ""3"": 2135, ""4"": 597, ""5"": 479, ""6"": 368, ""7"": 169, ""8"": 141, ""9"": 94}",8188,915,11.174890083048364,19,0.09216142801707412,0,0.0,21975,21943,1359,6.1933190539124094,1,0.004850601474582848,333,2129,1837,3702,241,4035,7448,1.0899513776337115,6.509994597514857,1703,5493,440,4230,1261,5933,5941,1.4026004728132389,29.810874704491727,fallback
train,language,,kn,uniq_superbpe,8192,observed,32,458253,153841,60531,46440,3.3126830318690783,0.7672101898200921,12597,27.12532299741602,3.3126830318690783,3,6,12,"{""1"": 17500, ""10"": 82, ""12"": 59, ""2"": 1375, ""3"": 9665, ""4"": 3267, ""5"": 17, ""6"": 12562, ""7"": 1337, ""9"": 576}",8188,743,9.074255007327796,45,0.09689922480620156,0,0.0,46686,46654,246,0.5272859776224975,8,0.017226528854435832,0,1811,5429,7243,0,7243,7243,1.0,0.0,239,1442,220,1423,205,1662,1662,1.167955024595924,14.406184118060436,fallback
train,language,,ko,uniq_superbpe,8192,observed,32,201347,118352,51206,41483,2.853024130366656,0.810119907823302,7,0.016874382277077358,2.853024130366656,3,4,12,"{""1"": 7267, ""12"": 57, ""2"": 1588, ""3"": 25564, ""4"": 5936, ""5"": 5, ""6"": 842, ""7"": 152, ""9"": 72}",8188,1524,18.612603810454324,926,2.232239712653376,0,0.0,44433,44401,2950,6.6439945046282745,2,0.004821252079164959,1,3893,7160,11052,1,11053,11053,1.0000904813608396,0.009048136083966703,489,2320,612,2443,386,2932,2934,1.2001637331150226,15.800245599672534,fallback
train,language,,ml,uniq_superbpe,8192,observed,32,188792,137273,52226,42326,3.243231110901101,0.8104392448205875,16398,38.74214430846288,3.243231110901101,3,9,12,"{""1"": 19812, ""10"": 123, ""12"": 1354, ""2"": 841, ""3"": 8544, ""4"": 2669, ""5"": 27, ""6"": 5998, ""7"": 376, ""9"": 2582}",8188,619,7.559843673668784,18,0.04252705193025563,0,0.0,42540,42508,214,0.5034346475957466,27,0.06379057789538345,0,1446,3749,5197,0,5197,5197,1.0,0.0,205,1180,198,1173,171,1378,1378,1.174765558397272,14.578005115089514,fallback
train,language,,mr,uniq_superbpe,8192,observed,32,362326,145113,56571,41813,3.4705235213928685,0.7391242862950982,12657,30.27049003898309,3.4705235213928685,3,7,16,"{""1"": 16003, ""10"": 578, ""12"": 627, ""13"": 75, ""16"": 60, ""2"": 769, ""3"": 9806, ""4"": 2628, ""5"": 21, ""6"": 7790, ""7"": 2773, ""9"": 683}",8188,703,8.585735222276503,1,0.002391600698347404,0,0.0,42088,42056,275,0.6538900513600913,9,0.021524406285126637,0,1237,6541,7780,0,7780,7780,1.0,0.0,228,1382,169,1323,188,1551,1551,1.1723356009070294,14.210128495842781,fallback
train,language,,python,uniq_superbpe,8192,observed,32,193155,48487,48387,22045,2.1994556588795646,0.45559757786182237,0,0.0,2.1994556588795646,1,6,16,"{""1"": 11048, ""10"": 6, ""11"": 2, ""12"": 20, ""13"": 59, ""16"": 81, ""2"": 4654, ""3"": 3020, ""4"": 1400, ""5"": 692, ""6"": 412, ""7"": 307, ""8"": 91, ""9"": 253}",8188,872,10.649731314118222,6,0.027217056021773645,0,0.0,23272,23240,1227,5.279690189328743,18,0.08165116806532094,269,2243,2586,4625,106,4894,10776,1.0581621621621622,2.291891891891892,1352,4909,305,3862,761,5214,5228,1.3500776799585708,19.70481615743138,fallback
train,language,,ru,uniq_superbpe,8192,observed,32,231857,106212,58870,30519,3.4801926668632657,0.5184134533718362,0,0.0,3.4801926668632657,4,6,9,"{""1"": 3530, ""2"": 7502, ""3"": 2653, ""4"": 10427, ""5"": 2402, ""6"": 2637, ""7"": 848, ""8"": 437, ""9"": 83}",8188,725,8.854421104054714,2,0.006553294668894787,0,0.0,30866,30834,347,1.1253810728416682,42,0.13761918804679052,0,1363,6360,7811,0,7811,7811,1.0,0.0,275,1672,243,1640,220,1915,1917,1.1676829268292683,13.414634146341463,fallback
train,language,,rust,uniq_superbpe,8192,observed,32,405448,56922,56922,29062,1.9586401486477187,0.5105583078598784,0,0.0,1.9586401486477187,1,5,16,"{""1"": 16623, ""10"": 10, ""12"": 14, ""13"": 136, ""16"": 71, ""2"": 5778, ""3"": 3346, ""4"": 1423, ""5"": 972, ""6"": 270, ""7"": 167, ""8"": 76, ""9"": 176}",8188,837,10.222276502198339,0,0.0,0,0.0,30695,30663,1633,5.3256367609170665,18,0.06193654944601198,196,2944,3412,6228,173,6424,13231,1.031470777135517,2.7777777777777777,2749,8071,505,5827,1968,8576,8582,1.4717693495795434,33.773811566844,fallback
train,language,,sql,uniq_superbpe,8192,observed,32,962841,36373,36088,20494,1.7748121401385772,0.5678896031921968,0,0.0,1.7748121401385772,1,5,16,"{""1"": 12705, ""10"": 8, ""12"": 5, ""13"": 13, ""16"": 50, ""2"": 4265, ""3"": 1693, ""4"": 799, ""5"": 401, ""6"": 275, ""7"": 171, ""8"": 79, ""9"": 30}",8188,813,9.929164631167563,3,0.014638430760222504,0,0.0,21135,21103,641,3.0374828223475334,8,0.03903581536059334,263,2027,2136,3925,242,4188,6655,1.0670063694267515,6.165605095541402,1395,4244,254,3103,650,4498,4498,1.4495649371575894,20.947470190138574,fallback
train,language,,sw,uniq_superbpe,8192,observed,32,302841,62449,62216,30440,2.0515440210249674,0.4892632120354893,58,0.19053876478318002,2.0515440210249674,2,3,7,"{""1"": 9077, ""2"": 12129, ""3"": 8291, ""4"": 671, ""5"": 172, ""6"": 3, ""7"": 97}",8188,704,8.597948216902784,3,0.00985545335085414,0,0.0,30689,30657,249,0.8122125452588316,5,0.0164257555847569,5,1413,7693,9101,5,9106,9106,1.0005493901769036,0.054939017690363696,305,1618,135,1448,263,1753,1753,1.2106353591160222,18.162983425414364,fallback
train,language,,ta,uniq_superbpe,8192,observed,32,239434,140738,53567,35519,3.9623300205523804,0.6630761476282039,5775,16.258903685351502,3.9623300205523804,3,7,10,"{""1"": 9730, ""10"": 388, ""2"": 957, ""3"": 8708, ""4"": 169, ""5"": 20, ""6"": 12181, ""7"": 2533, ""9"": 833}",8188,537,6.55837811431363,5,0.014076972887750219,0,0.0,37186,37154,1667,4.486730903805781,15,0.042230918663250655,0,1936,3855,5791,0,5791,5791,1.0,0.0,431,1308,480,1357,296,1788,1788,1.3176123802505526,21.812822402358144,fallback
train,language,,te,uniq_superbpe,8192,observed,32,300221,158103,60933,47116,3.355611681806605,0.7732427420281293,13704,29.085660921979795,3.355611681806605,3,6,12,"{""1"": 18797, ""10"": 117, ""12"": 370, ""2"": 1150, ""3"": 8893, ""4"": 2371, ""5"": 12, ""6"": 13567, ""7"": 1390, ""9"": 449}",8188,633,7.730825598436737,24,0.050938110196111726,0,0.0,47557,47525,441,0.9279326670173593,1,0.0021224212581713218,0,2848,4638,7488,0,7488,7488,1.0,0.0,359,1544,395,1580,301,1939,1939,1.2272151898734178,19.050632911392405,fallback
train,language,,typescript,uniq_superbpe,8192,observed,32,734901,43989,43698,20152,2.1828602620087336,0.46116527072177216,0,0.0,2.1828602620087336,1,6,16,"{""1"": 10444, ""10"": 21, ""11"": 90, ""12"": 5, ""13"": 9, ""16"": 11, ""2"": 4351, ""3"": 2157, ""4"": 975, ""5"": 735, ""6"": 660, ""7"": 435, ""8"": 92, ""9"": 167}",8188,904,11.040547142159257,6,0.029773719730051607,0,0.0,21686,21654,1534,7.084141498106585,7,0.03473600635172688,349,2234,2213,4263,314,4612,8393,1.081867229650481,7.365704902650715,1104,4060,336,3292,749,4396,4406,1.3353584447144593,22.752126366950183,fallback
train,language,,uk,uniq_superbpe,8192,observed,32,184737,95676,53182,28783,3.3240454434909497,0.5412169531044339,0,0.0,3.3240454434909497,4,6,10,"{""1"": 3778, ""10"": 49, ""2"": 7880, ""3"": 2372, ""4"": 9756, ""5"": 2078, ""6"": 1606, ""7"": 694, ""8"": 506, ""9"": 64}",8188,696,8.500244259892526,14,0.048639822117221974,0,0.0,29108,29076,325,1.1177603521804924,11,0.03821700309210298,0,1460,5571,7093,0,7093,7093,1.0,0.0,316,1913,252,1849,283,2165,2167,1.1709031909140075,15.305570578691185,fallback
train,language,,ur,uniq_superbpe,8192,observed,32,431064,112341,64366,33722,3.331386038787735,0.5239101388932045,403,1.1950655358519662,3.331386038787735,3,7,9,"{""1"": 3631, ""2"": 10509, ""3"": 3886, ""4"": 7561, ""5"": 5846, ""6"": 283, ""7"": 1596, ""9"": 410}",8188,720,8.793356130923302,6,0.017792538995314633,0,0.0,33969,33937,247,0.7278191943896043,145,0.4299863590534369,0,1712,11833,13545,0,13545,13545,1.0,0.0,248,1679,96,1527,229,1775,1777,1.1624099541584807,14.996725605762935,fallback
train,language,,yo,uniq_superbpe,8192,observed,32,145697,69432,59766,30787,2.255237600285835,0.5151256567279054,134,0.43524864390814305,2.255237600285835,2,5,8,"{""1"": 9236, ""2"": 10785, ""3"": 7904, ""4"": 1167, ""5"": 694, ""6"": 395, ""7"": 442, ""8"": 164}",8188,705,8.610161211529068,10,0.032481242082697245,0,0.0,31438,31406,651,2.072852321212507,215,0.6983467047779907,0,2155,8918,11487,0,11487,11487,1.0,0.0,267,1665,194,1592,237,1859,1859,1.1677135678391959,14.886934673366834,fallback
train,language,,zh,uniq_superbpe,8192,observed,32,616082,130086,53452,46613,2.790766524360157,0.8720534311157674,4,0.00858129706305108,2.790766524360157,3,3,12,"{""1"": 7202, ""12"": 154, ""2"": 2234, ""3"": 35369, ""4"": 235, ""5"": 25, ""6"": 821, ""7"": 343, ""8"": 1, ""9"": 229}",8188,3256,39.76551050317538,2795,5.996181322806942,0,0.0,47316,47284,703,1.4867608493359277,1,0.00214532426576277,0,1896,1849,3755,0,3755,3755,1.0,0.0,365,3230,370,3235,285,3600,3602,1.1128284389489953,8.809891808346213,fallback
train,domain,code,,uniq_superbpe,8192,observed,288,4104171,430843,428938,215479,1.9994663053012127,0.5023546526537634,0,0.0,1.9994663053012127,1,5,16,"{""1"": 118523, ""10"": 135, ""11"": 93, ""12"": 128, ""13"": 335, ""16"": 356, ""2"": 46545, ""3"": 24045, ""4"": 10681, ""5"": 5845, ""6"": 4247, ""7"": 2118, ""8"": 974, ""9"": 1454}",8188,1334,16.292134831460675,44,0.02041962325795089,0,0.0,225911,225623,10432,4.623642093226311,149,0.06914826966897006,2662,22182,23999,44182,2056,46844,82443,1.060250780860984,4.653478792268345,13988,48094,3456,37562,8362,51550,51638,1.372397635908631,22.26186039082051,fallback
train,domain,cyrillic_african,,uniq_superbpe,8192,observed,192,1504935,583695,352072,196970,2.9633700563537593,0.5594594287532095,192,0.09747677311265675,2.9633700563537593,3,6,10,"{""1"": 34973, ""10"": 454, ""2"": 46019, ""3"": 54753, ""4"": 38047, ""5"": 8756, ""6"": 7940, ""7"": 4199, ""8"": 1577, ""9"": 252}",8188,1664,20.322423058133854,120,0.060922983195410466,0,0.0,199890,199698,2920,1.4622079339803102,367,0.18632279027263035,5,10244,44739,55671,5,55676,55676,1.0000898133678218,0.008981336782166657,2190,11627,1173,10610,1804,12800,12806,1.2064090480678604,17.00282752120641,fallback
train,domain,indic_cjk_arabic,,uniq_superbpe,8192,observed,448,4418492,1882068,800441,587179,3.205271305683616,0.733569369884851,109248,18.605570022088664,3.205271305683616,3,7,16,"{""1"": 174411, ""10"": 2954, ""12"": 2836, ""13"": 434, ""16"": 60, ""2"": 43723, ""3"": 186228, ""4"": 52284, ""5"": 12409, ""6"": 79072, ""7"": 24530, ""8"": 112, ""9"": 8126}",8188,7035,85.91841719589644,4998,0.8511884791520132,0,0.0,595978,595530,8799,1.4775074303561533,235,0.040021867267051446,1,26783,88291,115103,1,115104,115104,1.0000086878708634,0.0008687870863487486,4426,25658,3756,24988,3577,29414,29420,1.1771250200096046,14.31487113814631,fallback
train,domain,latin_english,,uniq_superbpe,8192,observed,32,128944,59492,59076,26823,2.217947284047273,0.45404225066016657,0,0.0,2.217947284047273,2,4,12,"{""1"": 8731, ""12"": 1, ""2"": 8197, ""3"": 6755, ""4"": 2137, ""5"": 691, ""6"": 112, ""7"": 178, ""8"": 20, ""9"": 1}",8188,875,10.686370297997069,12,0.04473772508667934,0,0.0,27328,27296,505,1.8500879249706916,61,0.22741676919061998,3,1698,7301,9298,3,9301,9301,1.000322650032265,0.032265003226500326,332,1949,147,1764,266,2096,2096,1.1882086167800454,15.079365079365079,fallback
train,aggregate,,,uniq_superbpe,8192,observed,960,10156542,2956098,1640527,1026451,2.8799212042269917,0.6256836979824166,109440,10.661979967869874,2.8799212042269917,3,7,16,"{""1"": 336638, ""10"": 3543, ""11"": 93, ""12"": 2965, ""13"": 769, ""16"": 416, ""2"": 144484, ""3"": 271781, ""4"": 103149, ""5"": 27701, ""6"": 91371, ""7"": 31025, ""8"": 2683, ""9"": 9833}",8188,7968,97.31314118221788,5174,0.5040669257470644,0,0.0,1049107,1048147,22656,2.1615288695192563,812,0.07910752680839124,2671,60907,164330,224254,2065,226925,262524,1.011910601371659,0.9208308435969927,20936,87328,8532,74924,14009,95860,95960,1.2794298222198495,18.69761358176285,fallback
validation,stratum,flores200,am,uniq_superbpe,8192,observed,32,6471,6471,2573,1996,3.2419839679358717,0.7757481539059463,0,0.0,3.2419839679358717,3,6,10,"{""1"": 160, ""10"": 21, ""2"": 32, ""3"": 1388, ""4"": 280, ""6"": 52, ""7"": 63}",8188,281,3.4318514899853443,9,0.45090180360721444,0,0.0,2026,1994,30,1.5045135406218655,0,0.0,0,103,383,486,0,486,486,1.0,0.0,1,76,0,75,1,76,76,1.0133333333333334,1.3333333333333333,fallback
validation,stratum,flores200,ar,uniq_superbpe,8192,observed,32,6539,6539,3628,2053,3.185094982951778,0.5658765159867696,48,2.338041889917194,3.185094982951778,3,7,9,"{""1"": 194, ""2"": 750, ""3"": 207, ""4"": 586, ""5"": 161, ""6"": 12, ""7"": 142, ""9"": 1}",8188,282,3.444064484611627,9,0.43838285435947394,5,0.24354603019970775,2058,2026,5,0.24679170779861798,0,0.0,0,60,521,581,0,581,581,1.0,0.0,2,83,5,86,2,88,88,1.0232558139534884,2.3255813953488373,fallback
validation,stratum,flores200,bg,uniq_superbpe,8192,observed,32,7484,7482,4146,2121,3.5275813295615275,0.5115774240231549,0,0.0,3.5275813295615275,4,6,9,"{""1"": 202, ""2"": 480, ""3"": 211, ""4"": 781, ""5"": 244, ""6"": 122, ""7"": 42, ""8"": 34, ""9"": 5}",8188,356,4.3478260869565215,0,0.0,0,0.0,2145,2113,24,1.135825840037861,5,0.23573785950023574,0,77,525,617,0,617,617,1.0,0.0,3,115,9,121,3,124,124,1.024793388429752,2.479338842975207,fallback
validation,stratum,flores200,bn,uniq_superbpe,8192,observed,32,10607,10772,4028,3433,3.137780367025925,0.8522840119165839,1260,36.70259248470725,3.137780367025925,3,7,13,"{""1"": 1457, ""10"": 50, ""12"": 5, ""13"": 14, ""2"": 15, ""3"": 929, ""4"": 186, ""6"": 551, ""7"": 164, ""9"": 62}",8188,206,2.515876893014167,0,0.0,0,0.0,3484,3452,51,1.477404403244496,0,0.0,2,134,426,558,2,560,560,1.003584229390681,0.35842293906810035,8,83,7,82,5,90,90,1.0975609756097562,6.097560975609756,fallback
validation,stratum,flores200,fa,uniq_superbpe,8192,observed,32,6879,6879,3885,2036,3.3786836935166993,0.524066924066924,4,0.19646365422396855,3.3786836935166993,3,6,9,"{""1"": 152, ""2"": 592, ""3"": 277, ""4"": 586, ""5"": 301, ""6"": 53, ""7"": 61, ""8"": 8, ""9"": 6}",8188,347,4.23790913531998,1,0.04911591355599214,0,0.0,2045,2013,9,0.44709388971684055,0,0.0,0,57,643,700,0,700,700,1.0,0.0,4,99,9,104,4,108,108,1.0384615384615385,3.8461538461538463,fallback
validation,stratum,flores200,gu,uniq_superbpe,8192,observed,32,9612,9612,3700,3209,2.9953256466188845,0.8672972972972973,1227,38.23621065752571,2.9953256466188845,3,7,13,"{""1"": 1451, ""10"": 42, ""13"": 2, ""2"": 38, ""3"": 749, ""4"": 241, ""6"": 492, ""7"": 135, ""9"": 59}",8188,214,2.613580850024426,1,0.031162355874104083,0,0.0,3223,3191,14,0.43873393920401127,0,0.0,2,120,450,568,2,570,570,1.0035211267605635,0.352112676056338,13,81,10,78,10,91,91,1.1666666666666667,12.820512820512821,fallback
validation,stratum,flores200,hi,uniq_superbpe,8192,observed,32,10059,10074,3966,3091,3.25913943707538,0.7793746848209783,1092,35.32837269492074,3.25913943707538,3,7,13,"{""1"": 1302, ""10"": 39, ""12"": 6, ""13"": 8, ""2"": 33, ""3"": 709, ""4"": 193, ""6"": 416, ""7"": 360, ""9"": 25}",8188,271,3.309721543722521,0,0.0,0,0.0,3102,3070,11,0.3583061889250814,0,0.0,0,121,626,747,0,747,747,1.0,0.0,1,76,5,80,1,81,81,1.0125,1.25,fallback
validation,stratum,flores200,ja,uniq_superbpe,8192,observed,32,5120,5110,1782,1687,3.029045643153527,0.94668911335578,81,4.801422643746295,3.029045643153527,3,6,6,"{""1"": 145, ""2"": 21, ""3"": 1401, ""6"": 120}",8188,499,6.0942843185149,135,8.002371072910492,57,3.3787788974510966,1687,1655,0,0.0,0,0.0,0,0,2,2,0,2,2,1.0,0.0,2,113,0,111,2,113,113,1.018018018018018,1.8018018018018018,fallback
validation,stratum,flores200,kn,uniq_superbpe,8192,observed,32,11332,11326,4264,3367,3.363825363825364,0.7896341463414634,1008,29.93762993762994,3.363825363825364,3,6,12,"{""1"": 1310, ""10"": 8, ""12"": 9, ""2"": 47, ""3"": 691, ""4"": 189, ""6"": 964, ""7"": 110, ""9"": 39}",8188,228,2.784562774792379,2,0.0594000594000594,0,0.0,3389,3357,22,0.655347036044087,0,0.0,46,200,349,503,42,549,549,1.091451292246521,8.34990059642147,0,71,19,90,0,90,90,1.0,0.0,fallback
validation,stratum,flores200,ko,uniq_superbpe,8192,observed,32,4735,4735,2037,1670,2.8353293413173652,0.819833087874325,45,2.694610778443114,2.8353293413173652,3,4,9,"{""1"": 313, ""2"": 63, ""3"": 1001, ""4"": 235, ""6"": 55, ""7"": 2, ""9"": 1}",8188,486,5.935515388373229,86,5.149700598802395,27,1.6167664670658684,1787,1755,117,6.666666666666667,0,0.0,0,152,278,430,0,430,430,1.0,0.0,6,70,11,75,4,81,81,1.08,5.333333333333333,fallback
validation,stratum,flores200,ml,uniq_superbpe,8192,observed,32,11894,11894,4384,3738,3.1819154628143393,0.8526459854014599,1509,40.36918138041734,3.1819154628143393,3,9,12,"{""1"": 1775, ""10"": 16, ""12"": 123, ""2"": 39, ""3"": 807, ""4"": 205, ""6"": 571, ""7"": 40, ""9"": 162}",8188,224,2.7357107962872496,1,0.02675227394328518,0,0.0,3751,3719,13,0.34955633234740524,0,0.0,5,157,290,442,5,447,447,1.01131221719457,1.1312217194570136,11,80,11,80,8,91,91,1.1375,10.0,fallback
validation,stratum,flores200,mr,uniq_superbpe,8192,observed,32,10965,10965,4109,3375,3.2488888888888887,0.8213677293745437,1254,37.15555555555556,3.2488888888888887,3,7,13,"{""1"": 1459, ""10"": 33, ""12"": 67, ""13"": 7, ""2"": 24, ""3"": 810, ""4"": 178, ""6"": 560, ""7"": 201, ""9"": 36}",8188,280,3.419638495359062,0,0.0,0,0.0,3389,3357,14,0.4170390229371463,0,0.0,1,107,437,543,1,544,544,1.0018416206261511,0.1841620626151013,10,81,7,78,7,88,88,1.1282051282051282,8.974358974358974,fallback
validation,stratum,flores200,ru,uniq_superbpe,8192,observed,32,7654,7654,4261,2263,3.3822359699513918,0.5310959868575452,0,0.0,3.3822359699513918,4,6,9,"{""1"": 264, ""2"": 627, ""3"": 188, ""4"": 758, ""5"": 156, ""6"": 173, ""7"": 64, ""8"": 23, ""9"": 10}",8188,417,5.092818759159746,0,0.0,0,0.0,2288,2256,25,1.1081560283687943,4,0.17675651789659744,5,106,457,571,5,576,576,1.0087565674255692,0.8756567425569177,6,118,12,124,5,130,130,1.0483870967741935,4.032258064516129,fallback
validation,stratum,flores200,sw,uniq_superbpe,8192,observed,32,4405,4405,4397,2032,2.1678149606299213,0.46213327268592225,0,0.0,2.1678149606299213,2,4,7,"{""1"": 523, ""2"": 805, ""3"": 602, ""4"": 74, ""5"": 13, ""7"": 15}",8188,386,4.714215925744993,0,0.0,0,0.0,2039,2007,7,0.3487792725460887,0,0.0,0,84,576,660,0,660,660,1.0,0.0,1,74,3,76,1,77,77,1.013157894736842,1.3157894736842106,fallback
validation,stratum,flores200,ta,uniq_superbpe,8192,observed,32,12193,12193,4517,2996,4.069759679572764,0.6632720832410892,522,17.423230974632844,4.069759679572764,3,7,10,"{""1"": 799, ""10"": 25, ""2"": 54, ""3"": 697, ""4"": 17, ""6"": 1101, ""7"": 228, ""9"": 75}",8188,198,2.4181729360039084,2,0.06675567423230974,0,0.0,3128,3096,132,4.263565891472868,0,0.0,1,159,316,474,1,475,475,1.0021097046413503,0.2109704641350211,13,84,27,98,10,111,111,1.1326530612244898,10.204081632653061,fallback
validation,stratum,flores200,te,uniq_superbpe,8192,observed,32,10409,10409,3954,3095,3.3631663974151857,0.7827516439049064,915,29.563812600969307,3.3631663974151857,3,6,12,"{""1"": 1258, ""10"": 11, ""12"": 19, ""2"": 61, ""3"": 565, ""4"": 131, ""5"": 1, ""6"": 950, ""7"": 62, ""9"": 37}",8188,263,3.212017586712262,0,0.0,0,0.0,3115,3083,20,0.6487187804086928,1,0.03231017770597738,6,234,252,480,6,486,486,1.0125,1.25,7,73,19,85,7,92,92,1.0823529411764705,8.235294117647058,fallback
validation,stratum,flores200,uk,uniq_superbpe,8192,observed,32,7446,7446,4118,2229,3.3405114401076714,0.5412821758135017,0,0.0,3.3405114401076714,4,6,10,"{""1"": 251, ""10"": 3, ""2"": 642, ""3"": 194, ""4"": 758, ""5"": 155, ""6"": 136, ""7"": 56, ""8"": 22, ""9"": 12}",8188,377,4.604298974108452,1,0.04486316733961418,0,0.0,2242,2210,13,0.5882352941176471,3,0.13458950201884254,0,106,445,555,0,555,555,1.0,0.0,2,118,8,124,2,126,126,1.0161290322580645,1.6129032258064515,fallback
validation,stratum,flores200,ur,uniq_superbpe,8192,observed,32,6879,6879,3892,2072,3.319980694980695,0.5323741007194245,10,0.4826254826254826,3.319980694980695,3,6,9,"{""1"": 138, ""2"": 717, ""3"": 264, ""4"": 488, ""5"": 348, ""6"": 20, ""7"": 85, ""9"": 12}",8188,306,3.7371763556424034,0,0.0,0,0.0,2077,2045,5,0.24449877750611246,3,0.14478764478764478,0,71,722,793,0,793,793,1.0,0.0,1,70,2,71,1,72,72,1.0140845070422535,1.408450704225352,fallback
validation,stratum,flores200,yo,uniq_superbpe,8192,observed,32,5060,5063,3889,2831,1.7884139879901095,0.7279506299820006,292,10.31437654539032,1.7884139879901095,2,3,6,"{""1"": 1194, ""2"": 1160, ""3"": 400, ""4"": 44, ""5"": 25, ""6"": 8}",8188,357,4.360039081582804,11,0.3885552808194984,6,0.21193924408336276,2853,2821,22,0.7798652959943283,4,0.14129282938890853,0,271,442,718,0,718,718,1.0,0.0,2,61,17,76,2,78,78,1.0263157894736843,2.6315789473684212,fallback
validation,stratum,flores200,zh,uniq_superbpe,8192,observed,32,3887,3769,1485,1436,2.6246518105849583,0.967003367003367,78,5.43175487465181,2.6246518105849583,3,3,6,"{""1"": 237, ""2"": 71, ""3"": 1124, ""4"": 3, ""6"": 1}",8188,610,7.4499267220322425,155,10.793871866295264,46,3.203342618384401,1443,1411,7,0.4961020552799433,0,0.0,0,31,32,63,0,63,63,1.0,0.0,6,134,4,132,6,138,138,1.0454545454545454,4.545454545454546,fallback
validation,language,,am,uniq_superbpe,8192,observed,32,6471,6471,2573,1996,3.2419839679358717,0.7757481539059463,0,0.0,3.2419839679358717,3,6,10,"{""1"": 160, ""10"": 21, ""2"": 32, ""3"": 1388, ""4"": 280, ""6"": 52, ""7"": 63}",8188,281,3.4318514899853443,9,0.45090180360721444,0,0.0,2026,1994,30,1.5045135406218655,0,0.0,0,103,383,486,0,486,486,1.0,0.0,1,76,0,75,1,76,76,1.0133333333333334,1.3333333333333333,fallback
validation,language,,ar,uniq_superbpe,8192,observed,32,6539,6539,3628,2053,3.185094982951778,0.5658765159867696,48,2.338041889917194,3.185094982951778,3,7,9,"{""1"": 194, ""2"": 750, ""3"": 207, ""4"": 586, ""5"": 161, ""6"": 12, ""7"": 142, ""9"": 1}",8188,282,3.444064484611627,9,0.43838285435947394,5,0.24354603019970775,2058,2026,5,0.24679170779861798,0,0.0,0,60,521,581,0,581,581,1.0,0.0,2,83,5,86,2,88,88,1.0232558139534884,2.3255813953488373,fallback
validation,language,,bg,uniq_superbpe,8192,observed,32,7484,7482,4146,2121,3.5275813295615275,0.5115774240231549,0,0.0,3.5275813295615275,4,6,9,"{""1"": 202, ""2"": 480, ""3"": 211, ""4"": 781, ""5"": 244, ""6"": 122, ""7"": 42, ""8"": 34, ""9"": 5}",8188,356,4.3478260869565215,0,0.0,0,0.0,2145,2113,24,1.135825840037861,5,0.23573785950023574,0,77,525,617,0,617,617,1.0,0.0,3,115,9,121,3,124,124,1.024793388429752,2.479338842975207,fallback
validation,language,,bn,uniq_superbpe,8192,observed,32,10607,10772,4028,3433,3.137780367025925,0.8522840119165839,1260,36.70259248470725,3.137780367025925,3,7,13,"{""1"": 1457, ""10"": 50, ""12"": 5, ""13"": 14, ""2"": 15, ""3"": 929, ""4"": 186, ""6"": 551, ""7"": 164, ""9"": 62}",8188,206,2.515876893014167,0,0.0,0,0.0,3484,3452,51,1.477404403244496,0,0.0,2,134,426,558,2,560,560,1.003584229390681,0.35842293906810035,8,83,7,82,5,90,90,1.0975609756097562,6.097560975609756,fallback
validation,language,,fa,uniq_superbpe,8192,observed,32,6879,6879,3885,2036,3.3786836935166993,0.524066924066924,4,0.19646365422396855,3.3786836935166993,3,6,9,"{""1"": 152, ""2"": 592, ""3"": 277, ""4"": 586, ""5"": 301, ""6"": 53, ""7"": 61, ""8"": 8, ""9"": 6}",8188,347,4.23790913531998,1,0.04911591355599214,0,0.0,2045,2013,9,0.44709388971684055,0,0.0,0,57,643,700,0,700,700,1.0,0.0,4,99,9,104,4,108,108,1.0384615384615385,3.8461538461538463,fallback
validation,language,,gu,uniq_superbpe,8192,observed,32,9612,9612,3700,3209,2.9953256466188845,0.8672972972972973,1227,38.23621065752571,2.9953256466188845,3,7,13,"{""1"": 1451, ""10"": 42, ""13"": 2, ""2"": 38, ""3"": 749, ""4"": 241, ""6"": 492, ""7"": 135, ""9"": 59}",8188,214,2.613580850024426,1,0.031162355874104083,0,0.0,3223,3191,14,0.43873393920401127,0,0.0,2,120,450,568,2,570,570,1.0035211267605635,0.352112676056338,13,81,10,78,10,91,91,1.1666666666666667,12.820512820512821,fallback
validation,language,,hi,uniq_superbpe,8192,observed,32,10059,10074,3966,3091,3.25913943707538,0.7793746848209783,1092,35.32837269492074,3.25913943707538,3,7,13,"{""1"": 1302, ""10"": 39, ""12"": 6, ""13"": 8, ""2"": 33, ""3"": 709, ""4"": 193, ""6"": 416, ""7"": 360, ""9"": 25}",8188,271,3.309721543722521,0,0.0,0,0.0,3102,3070,11,0.3583061889250814,0,0.0,0,121,626,747,0,747,747,1.0,0.0,1,76,5,80,1,81,81,1.0125,1.25,fallback
validation,language,,ja,uniq_superbpe,8192,observed,32,5120,5110,1782,1687,3.029045643153527,0.94668911335578,81,4.801422643746295,3.029045643153527,3,6,6,"{""1"": 145, ""2"": 21, ""3"": 1401, ""6"": 120}",8188,499,6.0942843185149,135,8.002371072910492,57,3.3787788974510966,1687,1655,0,0.0,0,0.0,0,0,2,2,0,2,2,1.0,0.0,2,113,0,111,2,113,113,1.018018018018018,1.8018018018018018,fallback
validation,language,,kn,uniq_superbpe,8192,observed,32,11332,11326,4264,3367,3.363825363825364,0.7896341463414634,1008,29.93762993762994,3.363825363825364,3,6,12,"{""1"": 1310, ""10"": 8, ""12"": 9, ""2"": 47, ""3"": 691, ""4"": 189, ""6"": 964, ""7"": 110, ""9"": 39}",8188,228,2.784562774792379,2,0.0594000594000594,0,0.0,3389,3357,22,0.655347036044087,0,0.0,46,200,349,503,42,549,549,1.091451292246521,8.34990059642147,0,71,19,90,0,90,90,1.0,0.0,fallback
validation,language,,ko,uniq_superbpe,8192,observed,32,4735,4735,2037,1670,2.8353293413173652,0.819833087874325,45,2.694610778443114,2.8353293413173652,3,4,9,"{""1"": 313, ""2"": 63, ""3"": 1001, ""4"": 235, ""6"": 55, ""7"": 2, ""9"": 1}",8188,486,5.935515388373229,86,5.149700598802395,27,1.6167664670658684,1787,1755,117,6.666666666666667,0,0.0,0,152,278,430,0,430,430,1.0,0.0,6,70,11,75,4,81,81,1.08,5.333333333333333,fallback
validation,language,,ml,uniq_superbpe,8192,observed,32,11894,11894,4384,3738,3.1819154628143393,0.8526459854014599,1509,40.36918138041734,3.1819154628143393,3,9,12,"{""1"": 1775, ""10"": 16, ""12"": 123, ""2"": 39, ""3"": 807, ""4"": 205, ""6"": 571, ""7"": 40, ""9"": 162}",8188,224,2.7357107962872496,1,0.02675227394328518,0,0.0,3751,3719,13,0.34955633234740524,0,0.0,5,157,290,442,5,447,447,1.01131221719457,1.1312217194570136,11,80,11,80,8,91,91,1.1375,10.0,fallback
validation,language,,mr,uniq_superbpe,8192,observed,32,10965,10965,4109,3375,3.2488888888888887,0.8213677293745437,1254,37.15555555555556,3.2488888888888887,3,7,13,"{""1"": 1459, ""10"": 33, ""12"": 67, ""13"": 7, ""2"": 24, ""3"": 810, ""4"": 178, ""6"": 560, ""7"": 201, ""9"": 36}",8188,280,3.419638495359062,0,0.0,0,0.0,3389,3357,14,0.4170390229371463,0,0.0,1,107,437,543,1,544,544,1.0018416206261511,0.1841620626151013,10,81,7,78,7,88,88,1.1282051282051282,8.974358974358974,fallback
validation,language,,ru,uniq_superbpe,8192,observed,32,7654,7654,4261,2263,3.3822359699513918,0.5310959868575452,0,0.0,3.3822359699513918,4,6,9,"{""1"": 264, ""2"": 627, ""3"": 188, ""4"": 758, ""5"": 156, ""6"": 173, ""7"": 64, ""8"": 23, ""9"": 10}",8188,417,5.092818759159746,0,0.0,0,0.0,2288,2256,25,1.1081560283687943,4,0.17675651789659744,5,106,457,571,5,576,576,1.0087565674255692,0.8756567425569177,6,118,12,124,5,130,130,1.0483870967741935,4.032258064516129,fallback
validation,language,,sw,uniq_superbpe,8192,observed,32,4405,4405,4397,2032,2.1678149606299213,0.46213327268592225,0,0.0,2.1678149606299213,2,4,7,"{""1"": 523, ""2"": 805, ""3"": 602, ""4"": 74, ""5"": 13, ""7"": 15}",8188,386,4.714215925744993,0,0.0,0,0.0,2039,2007,7,0.3487792725460887,0,0.0,0,84,576,660,0,660,660,1.0,0.0,1,74,3,76,1,77,77,1.013157894736842,1.3157894736842106,fallback
validation,language,,ta,uniq_superbpe,8192,observed,32,12193,12193,4517,2996,4.069759679572764,0.6632720832410892,522,17.423230974632844,4.069759679572764,3,7,10,"{""1"": 799, ""10"": 25, ""2"": 54, ""3"": 697, ""4"": 17, ""6"": 1101, ""7"": 228, ""9"": 75}",8188,198,2.4181729360039084,2,0.06675567423230974,0,0.0,3128,3096,132,4.263565891472868,0,0.0,1,159,316,474,1,475,475,1.0021097046413503,0.2109704641350211,13,84,27,98,10,111,111,1.1326530612244898,10.204081632653061,fallback
validation,language,,te,uniq_superbpe,8192,observed,32,10409,10409,3954,3095,3.3631663974151857,0.7827516439049064,915,29.563812600969307,3.3631663974151857,3,6,12,"{""1"": 1258, ""10"": 11, ""12"": 19, ""2"": 61, ""3"": 565, ""4"": 131, ""5"": 1, ""6"": 950, ""7"": 62, ""9"": 37}",8188,263,3.212017586712262,0,0.0,0,0.0,3115,3083,20,0.6487187804086928,1,0.03231017770597738,6,234,252,480,6,486,486,1.0125,1.25,7,73,19,85,7,92,92,1.0823529411764705,8.235294117647058,fallback
validation,language,,uk,uniq_superbpe,8192,observed,32,7446,7446,4118,2229,3.3405114401076714,0.5412821758135017,0,0.0,3.3405114401076714,4,6,10,"{""1"": 251, ""10"": 3, ""2"": 642, ""3"": 194, ""4"": 758, ""5"": 155, ""6"": 136, ""7"": 56, ""8"": 22, ""9"": 12}",8188,377,4.604298974108452,1,0.04486316733961418,0,0.0,2242,2210,13,0.5882352941176471,3,0.13458950201884254,0,106,445,555,0,555,555,1.0,0.0,2,118,8,124,2,126,126,1.0161290322580645,1.6129032258064515,fallback
validation,language,,ur,uniq_superbpe,8192,observed,32,6879,6879,3892,2072,3.319980694980695,0.5323741007194245,10,0.4826254826254826,3.319980694980695,3,6,9,"{""1"": 138, ""2"": 717, ""3"": 264, ""4"": 488, ""5"": 348, ""6"": 20, ""7"": 85, ""9"": 12}",8188,306,3.7371763556424034,0,0.0,0,0.0,2077,2045,5,0.24449877750611246,3,0.14478764478764478,0,71,722,793,0,793,793,1.0,0.0,1,70,2,71,1,72,72,1.0140845070422535,1.408450704225352,fallback
validation,language,,yo,uniq_superbpe,8192,observed,32,5060,5063,3889,2831,1.7884139879901095,0.7279506299820006,292,10.31437654539032,1.7884139879901095,2,3,6,"{""1"": 1194, ""2"": 1160, ""3"": 400, ""4"": 44, ""5"": 25, ""6"": 8}",8188,357,4.360039081582804,11,0.3885552808194984,6,0.21193924408336276,2853,2821,22,0.7798652959943283,4,0.14129282938890853,0,271,442,718,0,718,718,1.0,0.0,2,61,17,76,2,78,78,1.0263157894736843,2.6315789473684212,fallback
validation,language,,zh,uniq_superbpe,8192,observed,32,3887,3769,1485,1436,2.6246518105849583,0.967003367003367,78,5.43175487465181,2.6246518105849583,3,3,6,"{""1"": 237, ""2"": 71, ""3"": 1124, ""4"": 3, ""6"": 1}",8188,610,7.4499267220322425,155,10.793871866295264,46,3.203342618384401,1443,1411,7,0.4961020552799433,0,0.0,0,31,32,63,0,63,63,1.0,0.0,6,134,4,132,6,138,138,1.0454545454545454,4.545454545454546,fallback
validation,domain,flores200,,uniq_superbpe,8192,observed,640,159630,159677,73015,50730,3.147585255273014,0.694788742039307,9345,18.42105263157895,3.147585255273014,3,7,13,"{""1"": 14584, ""10"": 248, ""12"": 229, ""13"": 31, ""2"": 6271, ""3"": 13214, ""4"": 5933, ""5"": 1404, ""6"": 6357, ""7"": 1830, ""8"": 87, ""9"": 542}",8188,3864,47.19101123595506,413,0.81411393652671,141,0.2779420461265523,51271,50631,541,1.068515336453951,20,0.03942440370589395,68,2350,8172,10491,64,10559,10559,1.006481746258698,0.6100467067009818,99,1760,185,1846,81,1945,1945,1.0536294691224268,4.387865655471289,fallback
validation,aggregate,,,uniq_superbpe,8192,observed,640,159630,159677,73015,50730,3.147585255273014,0.694788742039307,9345,18.42105263157895,3.147585255273014,3,7,13,"{""1"": 14584, ""10"": 248, ""12"": 229, ""13"": 31, ""2"": 6271, ""3"": 13214, ""4"": 5933, ""5"": 1404, ""6"": 6357, ""7"": 1830, ""8"": 87, ""9"": 542}",8188,3864,47.19101123595506,413,0.81411393652671,141,0.2779420461265523,51271,50631,541,1.068515336453951,20,0.03942440370589395,68,2350,8172,10491,64,10559,10559,1.006481746258698,0.6100467067009818,99,1760,185,1846,81,1945,1945,1.0536294691224268,4.387865655471289,fallback
train,stratum,code,c,uniq_superbpe,8192,observed,32,269690,51063,51060,27130,1.882159970512348,0.5313356835095966,0,0.0,1.882159970512348,1,5,16,"{""1"": 15807, ""10"": 39, ""12"": 17, ""13"": 17, ""14"": 1, ""16"": 34, ""2"": 5894, ""3"": 2586, ""4"": 1204, ""5"": 682, ""6"": 378, ""7"": 156, ""8"": 84, ""9"": 231}",8188,846,10.332193453834881,1,0.003685956505713233,0,0.0,28400,28368,1270,4.47687535250987,31,0.11426465167711021,423,2765,3506,5926,339,6349,9740,1.071380357745528,5.720553493081336,2011,5626,478,4093,597,6104,6116,1.4913266552650868,14.585878328854141,fragmentation
train,stratum,code,cpp,uniq_superbpe,8192,observed,32,735578,54217,54213,27417,1.9774957143378196,0.5057274085551436,0,0.0,1.9774957143378196,1,5,16,"{""1"": 15520, ""10"": 25, ""11"": 7, ""12"": 22, ""13"": 38, ""14"": 1, ""16"": 42, ""2"": 5827, ""3"": 2850, ""4"": 1200, ""5"": 767, ""6"": 540, ""7"": 133, ""8"": 89, ""9"": 356}",8188,870,10.625305324865657,0,0.0,0,0.0,28601,28569,1184,4.144352269942945,20,0.072947441368494,324,2693,2914,5352,232,5676,9575,1.0605381165919283,4.334828101644245,1780,5764,494,4478,1001,6258,6268,1.3974988834301028,22.3537293434569,fragmentation
train,stratum,code,go,uniq_superbpe,8192,observed,32,514454,56813,56813,28270,2.0096568800848957,0.49759738088113636,0,0.0,2.0096568800848957,1,5,16,"{""1"": 14614, ""10"": 12, ""12"": 22, ""16"": 9, ""2"": 6447, ""3"": 3698, ""4"": 1706, ""5"": 514, ""6"": 699, ""7"": 321, ""8"": 204, ""9"": 24}",8188,858,10.478749389350268,0,0.0,0,0.0,28975,28943,705,2.435822133158277,35,0.1238061549345596,117,3148,3263,6386,92,6503,9031,1.0183213279047918,1.4406514249921705,1030,6063,371,5404,868,6434,6454,1.19059955588453,16.06217616580311,fragmentation
train,stratum,code,java,uniq_superbpe,8192,observed,32,175611,43999,43605,20131,2.185634096666832,0.46166723999541337,0,0.0,2.185634096666832,2,6,16,"{""1"": 9960, ""10"": 23, ""12"": 13, ""13"": 30, ""16"": 34, ""2"": 4342, ""3"": 2643, ""4"": 1314, ""5"": 598, ""6"": 695, ""7"": 265, ""8"": 91, ""9"": 123}",8188,920,11.235955056179776,11,0.054642094282449954,0,0.0,21172,21140,1041,4.924314096499527,9,0.044707168049277234,198,1835,2106,3775,190,3973,7594,1.0524503311258278,5.033112582781457,864,3869,268,3273,507,4137,4145,1.2639780018331805,15.490375802016498,fragmentation
train,stratum,code,javascript,uniq_superbpe,8192,observed,32,112493,38980,38152,20561,1.895822187636788,0.538923254351017,0,0.0,1.895822187636788,1,5,16,"{""1"": 11727, ""10"": 7, ""11"": 15, ""12"": 3, ""13"": 33, ""14"": 5, ""16"": 24, ""2"": 4743, ""3"": 2160, ""4"": 590, ""5"": 478, ""6"": 375, ""7"": 169, ""8"": 138, ""9"": 94}",8188,918,11.211529066927211,20,0.0972715334857254,0,0.0,21975,21943,1414,6.443968463746981,1,0.00486357667428627,276,2074,1835,3702,211,3978,7448,1.0745542949756888,5.699621826039978,1703,5494,439,4230,1261,5933,5941,1.4026004728132389,29.810874704491727,fragmentation
train,stratum,code,python,uniq_superbpe,8192,observed,32,193155,48487,48387,22041,2.1998548160246814,0.45551491102982206,0,0.0,2.1998548160246814,1,6,16,"{""1"": 11074, ""10"": 16, ""11"": 5, ""12"": 20, ""13"": 59, ""16"": 81, ""2"": 4623, ""3"": 3021, ""4"": 1396, ""5"": 696, ""6"": 412, ""7"": 307, ""8"": 78, ""9"": 253}",8188,873,10.661944308744504,6,0.027221995372260787,0,0.0,23272,23240,1231,5.296901893287435,18,0.08166598611678236,262,2239,2583,4625,91,4887,10776,1.0566486486486486,1.9675675675675677,1352,4909,305,3862,761,5214,5228,1.3500776799585708,19.70481615743138,fragmentation
train,stratum,code,rust,uniq_superbpe,8192,observed,32,405448,56922,56922,29047,1.9596515991324406,0.5102947893608798,0,0.0,1.9596515991324406,1,5,16,"{""1"": 16628, ""10"": 19, ""12"": 9, ""13"": 136, ""14"": 5, ""16"": 71, ""2"": 5751, ""3"": 3353, ""4"": 1423, ""5"": 972, ""6"": 270, ""7"": 167, ""8"": 67, ""9"": 176}",8188,839,10.246702491450904,1,0.0034426963197576343,0,0.0,30695,30663,1648,5.37455565339334,18,0.06196853375563741,175,2929,3406,6228,159,6403,13231,1.0280989081567116,2.5529865125240847,2749,8071,505,5827,1968,8576,8582,1.4717693495795434,33.773811566844,fragmentation
train,stratum,code,sql,uniq_superbpe,8192,observed,32,962841,36373,36088,20490,1.7751586139580282,0.5677787630237198,0,0.0,1.7751586139580282,1,5,16,"{""1"": 12703, ""10"": 5, ""11"": 3, ""12"": 5, ""13"": 13, ""16"": 50, ""2"": 4264, ""3"": 1692, ""4"": 799, ""5"": 399, ""6"": 275, ""7"": 173, ""8"": 79, ""9"": 30}",8188,815,9.953590620420128,3,0.014641288433382138,0,0.0,21135,21103,645,3.056437473345022,6,0.029282576866764276,257,2021,2136,3925,237,4182,6655,1.0654777070063695,6.038216560509555,1395,4246,252,3103,650,4498,4498,1.4495649371575894,20.947470190138574,fragmentation
train,stratum,code,typescript,uniq_superbpe,8192,observed,32,734901,43989,43698,20108,2.187636761487965,0.46015835965032725,0,0.0,2.187636761487965,1,6,16,"{""1"": 10407, ""10"": 5, ""11"": 107, ""12"": 5, ""13"": 9, ""16"": 11, ""2"": 4320, ""3"": 2181, ""4"": 973, ""5"": 734, ""6"": 660, ""7"": 438, ""8"": 91, ""9"": 167}",8188,904,11.040547142159257,6,0.02983887010145216,0,0.0,21686,21654,1578,7.287337212524245,7,0.03481201511836085,301,2190,2209,4263,293,4564,8393,1.070607553366174,6.873094065212292,1104,4061,335,3292,749,4396,4406,1.3353584447144593,22.752126366950183,fragmentation
train,stratum,cyrillic_african,am,uniq_superbpe,8192,observed,32,390554,147317,59501,46377,3.176509907928499,0.7794322784491017,0,0.0,3.176509907928499,3,6,10,"{""1"": 5408, ""10"": 405, ""2"": 764, ""3"": 30823, ""4"": 5794, ""5"": 4, ""6"": 1587, ""7"": 1592}",8188,713,8.707865168539326,90,0.19406171162429653,0,0.0,46935,46903,558,1.1896893588896233,2,0.004312482480539922,0,2959,8245,11206,0,11206,11206,1.0,0.0,702,2703,104,2105,543,2807,2807,1.3334916864608075,25.795724465558195,fragmentation
train,stratum,cyrillic_african,bg,uniq_superbpe,8192,observed,32,249249,102609,58537,30606,3.352577925896883,0.5228487964876916,0,0.0,3.352577925896883,4,6,9,"{""1"": 4495, ""2"": 6950, ""3"": 3152, ""4"": 9804, ""5"": 3469, ""6"": 1635, ""7"": 526, ""8"": 470, ""9"": 105}",8188,800,9.770395701025892,1,0.0032673332026400053,0,0.0,30854,30822,248,0.8046200765686847,1,0.0032673332026400053,0,1345,7539,8973,0,8973,8973,1.0,0.0,325,2147,154,1976,258,2301,2303,1.1644736842105263,13.05668016194332,fragmentation
train,stratum,cyrillic_african,ru,uniq_superbpe,8192,observed,32,231857,106212,58870,30622,3.4684867089020965,0.5201630711737727,0,0.0,3.4684867089020965,4,6,9,"{""1"": 3640, ""2"": 7495, ""3"": 2707, ""4"": 10376, ""5"": 2438, ""6"": 2598, ""7"": 848, ""8"": 437, ""9"": 83}",8188,721,8.805569125549585,2,0.006531252041016263,0,0.0,30866,30834,244,0.7913342414218071,0,0.0,0,1424,6353,7811,0,7811,7811,1.0,0.0,275,1714,201,1640,220,1915,1917,1.1676829268292683,13.414634146341463,fragmentation
train,stratum,cyrillic_african,sw,uniq_superbpe,8192,observed,32,302841,62449,62216,30449,2.050937633419817,0.4894078693583644,58,0.1904824460573418,2.050937633419817,2,3,7,"{""1"": 9090, ""2"": 12125, ""3"": 8291, ""4"": 676, ""5"": 167, ""6"": 3, ""7"": 97}",8188,702,8.57352222765022,3,0.009852540313310782,0,0.0,30689,30657,240,0.7828554653097172,0,0.0,5,1417,7689,9101,5,9106,9106,1.0005493901769036,0.054939017690363696,305,1623,130,1448,263,1753,1753,1.2106353591160222,18.162983425414364,fragmentation
train,stratum,cyrillic_african,uk,uniq_superbpe,8192,observed,32,184737,95676,53182,28832,3.318396226415094,0.5421383174758377,0,0.0,3.318396226415094,4,6,10,"{""1"": 3831, ""10"": 49, ""2"": 7876, ""3"": 2406, ""4"": 9724, ""5"": 2085, ""6"": 1597, ""7"": 694, ""8"": 506, ""9"": 64}",8188,692,8.451392281387395,14,0.04855715871254162,0,0.0,29108,29076,276,0.9492364836978952,0,0.0,0,1498,5567,7093,0,7093,7093,1.0,0.0,316,1924,241,1849,283,2165,2167,1.1709031909140075,15.305570578691185,fragmentation
train,stratum,cyrillic_african,yo,uniq_superbpe,8192,observed,32,145697,69432,59766,30797,2.254505308958665,0.5152929759394974,134,0.435107315647628,2.254505308958665,2,5,8,"{""1"": 9250, ""2"": 10781, ""3"": 7904, ""4"": 1173, ""5"": 688, ""6"": 395, ""7"": 442, ""8"": 164}",8188,703,8.585735222276503,10,0.03247069519758418,0,0.0,31438,31406,641,2.041011271731516,209,0.6786375296295094,0,2159,8914,11487,0,11487,11487,1.0,0.0,267,1671,188,1592,237,1859,1859,1.1677135678391959,14.886934673366834,fragmentation
train,stratum,indic_cjk_arabic,ar,uniq_superbpe,8192,observed,32,215274,97740,54940,31350,3.1177033492822965,0.5706224972697488,702,2.2392344497607657,3.1177033492822965,3,7,9,"{""1"": 3550, ""2"": 11359, ""3"": 3402, ""4"": 8584, ""5"": 2096, ""6"": 163, ""7"": 2146, ""9"": 50}",8188,652,7.962872496336102,15,0.04784688995215311,0,0.0,31489,31457,139,0.4418730330292145,0,0.0,0,1031,7805,8838,0,8838,8838,1.0,0.0,331,1626,131,1426,269,1757,1757,1.2321178120617111,18.863955119214587,fragmentation
train,stratum,indic_cjk_arabic,bn,uniq_superbpe,8192,observed,32,274908,152004,58399,48959,3.1047202761494312,0.8383533964622681,16773,34.25927817153128,3.1047202761494312,3,7,13,"{""1"": 20307, ""10"": 531, ""12"": 87, ""13"": 160, ""2"": 561, ""3"": 13409, ""4"": 3048, ""5"": 7, ""6"": 7720, ""7"": 2397, ""9"": 732}",8188,558,6.814851001465559,16,0.03268040605404522,0,0.0,49821,49789,862,1.7313061117917612,0,0.0,0,2017,6497,8515,0,8515,8515,1.0,0.0,232,1502,159,1429,220,1661,1661,1.1623512946116166,15.395381385584324,fragmentation
train,stratum,indic_cjk_arabic,fa,uniq_superbpe,8192,observed,32,198722,93798,52677,27747,3.3804735647096984,0.5267384247394499,18,0.06487187804086929,3.3804735647096984,4,6,9,"{""1"": 2740, ""2"": 7426, ""3"": 3490, ""4"": 7978, ""5"": 4264, ""6"": 730, ""7"": 918, ""8"": 111, ""9"": 90}",8188,544,6.643869076697606,4,0.014415972897970952,0,0.0,27856,27824,109,0.39174813110983325,0,0.0,0,1259,8671,9930,0,9930,9930,1.0,0.0,236,1300,105,1169,191,1405,1405,1.2018819503849445,16.33875106928999,fragmentation
train,stratum,indic_cjk_arabic,gu,uniq_superbpe,8192,observed,32,266235,146974,58881,46890,3.1344423117935594,0.7963519641310439,15750,33.589251439539346,3.1344423117935594,3,7,13,"{""1"": 19787, ""10"": 453, ""13"": 61, ""2"": 970, ""3"": 10298, ""4"": 4195, ""5"": 11, ""6"": 7384, ""7"": 2844, ""9"": 887}",8188,645,7.877381533952125,24,0.05118362124120281,0,0.0,47033,47001,143,0.30424884576923894,0,0.0,0,1624,8095,9723,0,9723,9723,1.0,0.0,256,1496,134,1374,189,1630,1630,1.1863173216885008,13.755458515283843,fragmentation
train,stratum,indic_cjk_arabic,hi,uniq_superbpe,8192,observed,32,342431,153237,61359,45264,3.3854056203605514,0.7376912922309685,14460,31.94591728525981,3.3854056203605514,3,7,13,"{""1"": 18213, ""10"": 682, ""12"": 53, ""13"": 138, ""2"": 614, ""3"": 9963, ""4"": 3021, ""5"": 2, ""6"": 6397, ""7"": 5724, ""9"": 457}",8188,648,7.914020517830972,0,0.0,0,0.0,45401,45369,137,0.3019683043487844,0,0.0,0,1859,9951,11810,0,11810,11810,1.0,0.0,245,1566,126,1447,222,1692,1692,1.1693158258465792,15.342087076710435,fragmentation
train,stratum,indic_cjk_arabic,ja,uniq_superbpe,8192,observed,32,323403,142468,61333,52162,2.7312603044361796,0.8504720134348557,0,0.0,2.7312603044361796,3,6,12,"{""1"": 10122, ""12"": 75, ""2"": 3345, ""3"": 35404, ""4"": 476, ""5"": 29, ""6"": 2634, ""7"": 1, ""9"": 76}",8188,2309,28.19980459208598,1119,2.145239829761129,0,0.0,52603,52571,441,0.8388655342298986,0,0.0,0,2412,2020,4436,0,4436,4436,1.0,0.0,562,4242,402,4082,425,4644,4644,1.1376776090151886,10.41156295933366,fragmentation
train,stratum,indic_cjk_arabic,kn,uniq_superbpe,8192,observed,32,458253,153841,60531,46455,3.3116133893014745,0.7674579967289488,12597,27.116564417177916,3.3116133893014745,3,6,12,"{""1"": 17522, ""10"": 82, ""12"": 59, ""2"": 1368, ""3"": 9665, ""4"": 3275, ""5"": 9, ""6"": 12562, ""7"": 1337, ""9"": 576}",8188,741,9.049829018075233,45,0.09686793671294801,0,0.0,46686,46654,231,0.4951343936211257,0,0.0,0,1818,5422,7243,0,7243,7243,1.0,0.0,239,1450,212,1423,205,1662,1662,1.167955024595924,14.406184118060436,fragmentation
train,stratum,indic_cjk_arabic,ko,uniq_superbpe,8192,observed,32,201347,118352,51206,41624,2.8433596002306363,0.812873491387728,7,0.016817220834134155,2.8433596002306363,3,4,12,"{""1"": 7411, ""12"": 57, ""2"": 1585, ""3"": 25700, ""4"": 5802, ""5"": 3, ""6"": 842, ""7"": 152, ""9"": 72}",8188,1521,18.575964826575476,926,2.2246780703440323,0,0.0,44433,44401,2809,6.326434089322313,0,0.0,1,4032,7021,11052,1,11053,11053,1.0000904813608396,0.009048136083966703,489,2322,610,2443,386,2932,2934,1.2001637331150226,15.800245599672534,fragmentation
train,stratum,indic_cjk_arabic,ml,uniq_superbpe,8192,observed,32,188792,137273,52226,42355,3.241010506433715,0.8109945238004059,16398,38.71561799079211,3.241010506433715,3,9,12,"{""1"": 19844, ""10"": 123, ""12"": 1354, ""2"": 839, ""3"": 8543, ""4"": 2694, ""5"": 2, ""6"": 5998, ""7"": 376, ""9"": 2582}",8188,615,7.510991695163654,18,0.0424979341282021,0,0.0,42541,42509,186,0.4375544002446541,2,0.004721992680911344,0,1450,3745,5197,0,5197,5197,1.0,0.0,205,1205,173,1173,171,1378,1378,1.174765558397272,14.578005115089514,fragmentation
train,stratum,indic_cjk_arabic,mr,uniq_superbpe,8192,observed,32,362326,145113,56571,41919,3.4617476561940888,0.7409980378639233,12657,30.193945466256352,3.4617476561940888,3,7,16,"{""1"": 16109, ""10"": 578, ""12"": 627, ""13"": 75, ""16"": 60, ""2"": 769, ""3"": 9903, ""4"": 2540, ""5"": 12, ""6"": 7790, ""7"": 2773, ""9"": 683}",8188,700,8.549096238397656,1,0.0023855530904840286,0,0.0,42088,42056,169,0.40184515883583793,0,0.0,0,1334,6444,7780,0,7780,7780,1.0,0.0,228,1392,159,1323,188,1551,1551,1.1723356009070294,14.210128495842781,fragmentation
train,stratum,indic_cjk_arabic,ta,uniq_superbpe,8192,observed,32,239434,140738,53567,35665,3.946109631291182,0.6658017062743854,5775,16.19234543670265,3.946109631291182,3,7,10,"{""1"": 9878, ""10"": 388, ""2"": 955, ""3"": 8708, ""4"": 184, ""5"": 5, ""6"": 12310, ""7"": 2404, ""9"": 833}",8188,534,6.521739130434782,5,0.014019346698443853,0,0.0,37186,37154,1521,4.093771868439468,0,0.0,0,2067,3724,5791,0,5791,5791,1.0,0.0,431,1323,465,1357,296,1788,1788,1.3176123802505526,21.812822402358144,fragmentation
train,stratum,indic_cjk_arabic,te,uniq_superbpe,8192,observed,32,300221,158103,60933,47125,3.354970822281167,0.7733904452431359,13704,29.080106100795756,3.354970822281167,3,6,12,"{""1"": 18814, ""10"": 117, ""12"": 370, ""2"": 1142, ""3"": 8893, ""4"": 2372, ""5"": 11, ""6"": 13567, ""7"": 1390, ""9"": 449}",8188,631,7.706399609184172,24,0.05092838196286472,0,0.0,47557,47525,432,0.908995265649658,0,0.0,0,2856,4630,7488,0,7488,7488,1.0,0.0,359,1545,394,1580,301,1939,1939,1.2272151898734178,19.050632911392405,fragmentation
train,stratum,indic_cjk_arabic,ur,uniq_superbpe,8192,observed,32,431064,112341,64366,33727,3.3308921635484925,0.5239878196563403,403,1.1948883683695555,3.3308921635484925,3,7,9,"{""1"": 3640, ""2"": 10505, ""3"": 3886, ""4"": 7562, ""5"": 5845, ""6"": 283, ""7"": 1596, ""9"": 410}",8188,718,8.768930141670738,6,0.017789901266047972,0,0.0,33969,33937,242,0.7130860123169402,144,0.4269576303851514,0,1716,11829,13545,0,13545,13545,1.0,0.0,248,1680,95,1527,229,1775,1777,1.1624099541584807,14.996725605762935,fragmentation
train,stratum,indic_cjk_arabic,zh,uniq_superbpe,8192,observed,32,616082,130086,53452,46624,2.790108098833219,0.872259223228317,4,0.008579272477693892,2.790108098833219,3,3,12,"{""1"": 7223, ""12"": 154, ""2"": 2224, ""3"": 35369, ""4"": 236, ""5"": 24, ""6"": 821, ""7"": 343, ""8"": 1, ""9"": 229}",8188,3254,39.741084513922814,2795,5.994766643788607,0,0.0,47316,47284,692,1.463497166060401,0,0.0,0,1906,1839,3755,0,3755,3755,1.0,0.0,365,3231,369,3235,285,3600,3602,1.1128284389489953,8.809891808346213,fragmentation
train,stratum,latin_english,en,uniq_superbpe,8192,observed,32,128944,59492,59076,26830,2.21736861721953,0.45416074209492857,0,0.0,2.21736861721953,2,4,12,"{""1"": 8742, ""12"": 1, ""2"": 8193, ""3"": 6755, ""4"": 2140, ""5"": 688, ""6"": 112, ""7"": 178, ""8"": 20, ""9"": 1}",8188,873,10.661944308744504,12,0.0447260529258293,0,0.0,27328,27296,498,1.824443141852286,58,0.2161759224748416,3,1702,7297,9298,3,9301,9301,1.000322650032265,0.032265003226500326,332,1952,144,1764,266,2096,2096,1.1882086167800454,15.079365079365079,fragmentation
train,language,,am,uniq_superbpe,8192,observed,32,390554,147317,59501,46377,3.176509907928499,0.7794322784491017,0,0.0,3.176509907928499,3,6,10,"{""1"": 5408, ""10"": 405, ""2"": 764, ""3"": 30823, ""4"": 5794, ""5"": 4, ""6"": 1587, ""7"": 1592}",8188,713,8.707865168539326,90,0.19406171162429653,0,0.0,46935,46903,558,1.1896893588896233,2,0.004312482480539922,0,2959,8245,11206,0,11206,11206,1.0,0.0,702,2703,104,2105,543,2807,2807,1.3334916864608075,25.795724465558195,fragmentation
train,language,,ar,uniq_superbpe,8192,observed,32,215274,97740,54940,31350,3.1177033492822965,0.5706224972697488,702,2.2392344497607657,3.1177033492822965,3,7,9,"{""1"": 3550, ""2"": 11359, ""3"": 3402, ""4"": 8584, ""5"": 2096, ""6"": 163, ""7"": 2146, ""9"": 50}",8188,652,7.962872496336102,15,0.04784688995215311,0,0.0,31489,31457,139,0.4418730330292145,0,0.0,0,1031,7805,8838,0,8838,8838,1.0,0.0,331,1626,131,1426,269,1757,1757,1.2321178120617111,18.863955119214587,fragmentation
train,language,,bg,uniq_superbpe,8192,observed,32,249249,102609,58537,30606,3.352577925896883,0.5228487964876916,0,0.0,3.352577925896883,4,6,9,"{""1"": 4495, ""2"": 6950, ""3"": 3152, ""4"": 9804, ""5"": 3469, ""6"": 1635, ""7"": 526, ""8"": 470, ""9"": 105}",8188,800,9.770395701025892,1,0.0032673332026400053,0,0.0,30854,30822,248,0.8046200765686847,1,0.0032673332026400053,0,1345,7539,8973,0,8973,8973,1.0,0.0,325,2147,154,1976,258,2301,2303,1.1644736842105263,13.05668016194332,fragmentation
train,language,,bn,uniq_superbpe,8192,observed,32,274908,152004,58399,48959,3.1047202761494312,0.8383533964622681,16773,34.25927817153128,3.1047202761494312,3,7,13,"{""1"": 20307, ""10"": 531, ""12"": 87, ""13"": 160, ""2"": 561, ""3"": 13409, ""4"": 3048, ""5"": 7, ""6"": 7720, ""7"": 2397, ""9"": 732}",8188,558,6.814851001465559,16,0.03268040605404522,0,0.0,49821,49789,862,1.7313061117917612,0,0.0,0,2017,6497,8515,0,8515,8515,1.0,0.0,232,1502,159,1429,220,1661,1661,1.1623512946116166,15.395381385584324,fragmentation
train,language,,c,uniq_superbpe,8192,observed,32,269690,51063,51060,27130,1.882159970512348,0.5313356835095966,0,0.0,1.882159970512348,1,5,16,"{""1"": 15807, ""10"": 39, ""12"": 17, ""13"": 17, ""14"": 1, ""16"": 34, ""2"": 5894, ""3"": 2586, ""4"": 1204, ""5"": 682, ""6"": 378, ""7"": 156, ""8"": 84, ""9"": 231}",8188,846,10.332193453834881,1,0.003685956505713233,0,0.0,28400,28368,1270,4.47687535250987,31,0.11426465167711021,423,2765,3506,5926,339,6349,9740,1.071380357745528,5.720553493081336,2011,5626,478,4093,597,6104,6116,1.4913266552650868,14.585878328854141,fragmentation
train,language,,cpp,uniq_superbpe,8192,observed,32,735578,54217,54213,27417,1.9774957143378196,0.5057274085551436,0,0.0,1.9774957143378196,1,5,16,"{""1"": 15520, ""10"": 25, ""11"": 7, ""12"": 22, ""13"": 38, ""14"": 1, ""16"": 42, ""2"": 5827, ""3"": 2850, ""4"": 1200, ""5"": 767, ""6"": 540, ""7"": 133, ""8"": 89, ""9"": 356}",8188,870,10.625305324865657,0,0.0,0,0.0,28601,28569,1184,4.144352269942945,20,0.072947441368494,324,2693,2914,5352,232,5676,9575,1.0605381165919283,4.334828101644245,1780,5764,494,4478,1001,6258,6268,1.3974988834301028,22.3537293434569,fragmentation
train,language,,en,uniq_superbpe,8192,observed,32,128944,59492,59076,26830,2.21736861721953,0.45416074209492857,0,0.0,2.21736861721953,2,4,12,"{""1"": 8742, ""12"": 1, ""2"": 8193, ""3"": 6755, ""4"": 2140, ""5"": 688, ""6"": 112, ""7"": 178, ""8"": 20, ""9"": 1}",8188,873,10.661944308744504,12,0.0447260529258293,0,0.0,27328,27296,498,1.824443141852286,58,0.2161759224748416,3,1702,7297,9298,3,9301,9301,1.000322650032265,0.032265003226500326,332,1952,144,1764,266,2096,2096,1.1882086167800454,15.079365079365079,fragmentation
train,language,,fa,uniq_superbpe,8192,observed,32,198722,93798,52677,27747,3.3804735647096984,0.5267384247394499,18,0.06487187804086929,3.3804735647096984,4,6,9,"{""1"": 2740, ""2"": 7426, ""3"": 3490, ""4"": 7978, ""5"": 4264, ""6"": 730, ""7"": 918, ""8"": 111, ""9"": 90}",8188,544,6.643869076697606,4,0.014415972897970952,0,0.0,27856,27824,109,0.39174813110983325,0,0.0,0,1259,8671,9930,0,9930,9930,1.0,0.0,236,1300,105,1169,191,1405,1405,1.2018819503849445,16.33875106928999,fragmentation
train,language,,go,uniq_superbpe,8192,observed,32,514454,56813,56813,28270,2.0096568800848957,0.49759738088113636,0,0.0,2.0096568800848957,1,5,16,"{""1"": 14614, ""10"": 12, ""12"": 22, ""16"": 9, ""2"": 6447, ""3"": 3698, ""4"": 1706, ""5"": 514, ""6"": 699, ""7"": 321, ""8"": 204, ""9"": 24}",8188,858,10.478749389350268,0,0.0,0,0.0,28975,28943,705,2.435822133158277,35,0.1238061549345596,117,3148,3263,6386,92,6503,9031,1.0183213279047918,1.4406514249921705,1030,6063,371,5404,868,6434,6454,1.19059955588453,16.06217616580311,fragmentation
train,language,,gu,uniq_superbpe,8192,observed,32,266235,146974,58881,46890,3.1344423117935594,0.7963519641310439,15750,33.589251439539346,3.1344423117935594,3,7,13,"{""1"": 19787, ""10"": 453, ""13"": 61, ""2"": 970, ""3"": 10298, ""4"": 4195, ""5"": 11, ""6"": 7384, ""7"": 2844, ""9"": 887}",8188,645,7.877381533952125,24,0.05118362124120281,0,0.0,47033,47001,143,0.30424884576923894,0,0.0,0,1624,8095,9723,0,9723,9723,1.0,0.0,256,1496,134,1374,189,1630,1630,1.1863173216885008,13.755458515283843,fragmentation
train,language,,hi,uniq_superbpe,8192,observed,32,342431,153237,61359,45264,3.3854056203605514,0.7376912922309685,14460,31.94591728525981,3.3854056203605514,3,7,13,"{""1"": 18213, ""10"": 682, ""12"": 53, ""13"": 138, ""2"": 614, ""3"": 9963, ""4"": 3021, ""5"": 2, ""6"": 6397, ""7"": 5724, ""9"": 457}",8188,648,7.914020517830972,0,0.0,0,0.0,45401,45369,137,0.3019683043487844,0,0.0,0,1859,9951,11810,0,11810,11810,1.0,0.0,245,1566,126,1447,222,1692,1692,1.1693158258465792,15.342087076710435,fragmentation
train,language,,ja,uniq_superbpe,8192,observed,32,323403,142468,61333,52162,2.7312603044361796,0.8504720134348557,0,0.0,2.7312603044361796,3,6,12,"{""1"": 10122, ""12"": 75, ""2"": 3345, ""3"": 35404, ""4"": 476, ""5"": 29, ""6"": 2634, ""7"": 1, ""9"": 76}",8188,2309,28.19980459208598,1119,2.145239829761129,0,0.0,52603,52571,441,0.8388655342298986,0,0.0,0,2412,2020,4436,0,4436,4436,1.0,0.0,562,4242,402,4082,425,4644,4644,1.1376776090151886,10.41156295933366,fragmentation
train,language,,java,uniq_superbpe,8192,observed,32,175611,43999,43605,20131,2.185634096666832,0.46166723999541337,0,0.0,2.185634096666832,2,6,16,"{""1"": 9960, ""10"": 23, ""12"": 13, ""13"": 30, ""16"": 34, ""2"": 4342, ""3"": 2643, ""4"": 1314, ""5"": 598, ""6"": 695, ""7"": 265, ""8"": 91, ""9"": 123}",8188,920,11.235955056179776,11,0.054642094282449954,0,0.0,21172,21140,1041,4.924314096499527,9,0.044707168049277234,198,1835,2106,3775,190,3973,7594,1.0524503311258278,5.033112582781457,864,3869,268,3273,507,4137,4145,1.2639780018331805,15.490375802016498,fragmentation
train,language,,javascript,uniq_superbpe,8192,observed,32,112493,38980,38152,20561,1.895822187636788,0.538923254351017,0,0.0,1.895822187636788,1,5,16,"{""1"": 11727, ""10"": 7, ""11"": 15, ""12"": 3, ""13"": 33, ""14"": 5, ""16"": 24, ""2"": 4743, ""3"": 2160, ""4"": 590, ""5"": 478, ""6"": 375, ""7"": 169, ""8"": 138, ""9"": 94}",8188,918,11.211529066927211,20,0.0972715334857254,0,0.0,21975,21943,1414,6.443968463746981,1,0.00486357667428627,276,2074,1835,3702,211,3978,7448,1.0745542949756888,5.699621826039978,1703,5494,439,4230,1261,5933,5941,1.4026004728132389,29.810874704491727,fragmentation
train,language,,kn,uniq_superbpe,8192,observed,32,458253,153841,60531,46455,3.3116133893014745,0.7674579967289488,12597,27.116564417177916,3.3116133893014745,3,6,12,"{""1"": 17522, ""10"": 82, ""12"": 59, ""2"": 1368, ""3"": 9665, ""4"": 3275, ""5"": 9, ""6"": 12562, ""7"": 1337, ""9"": 576}",8188,741,9.049829018075233,45,0.09686793671294801,0,0.0,46686,46654,231,0.4951343936211257,0,0.0,0,1818,5422,7243,0,7243,7243,1.0,0.0,239,1450,212,1423,205,1662,1662,1.167955024595924,14.406184118060436,fragmentation
train,language,,ko,uniq_superbpe,8192,observed,32,201347,118352,51206,41624,2.8433596002306363,0.812873491387728,7,0.016817220834134155,2.8433596002306363,3,4,12,"{""1"": 7411, ""12"": 57, ""2"": 1585, ""3"": 25700, ""4"": 5802, ""5"": 3, ""6"": 842, ""7"": 152, ""9"": 72}",8188,1521,18.575964826575476,926,2.2246780703440323,0,0.0,44433,44401,2809,6.326434089322313,0,0.0,1,4032,7021,11052,1,11053,11053,1.0000904813608396,0.009048136083966703,489,2322,610,2443,386,2932,2934,1.2001637331150226,15.800245599672534,fragmentation
train,language,,ml,uniq_superbpe,8192,observed,32,188792,137273,52226,42355,3.241010506433715,0.8109945238004059,16398,38.71561799079211,3.241010506433715,3,9,12,"{""1"": 19844, ""10"": 123, ""12"": 1354, ""2"": 839, ""3"": 8543, ""4"": 2694, ""5"": 2, ""6"": 5998, ""7"": 376, ""9"": 2582}",8188,615,7.510991695163654,18,0.0424979341282021,0,0.0,42541,42509,186,0.4375544002446541,2,0.004721992680911344,0,1450,3745,5197,0,5197,5197,1.0,0.0,205,1205,173,1173,171,1378,1378,1.174765558397272,14.578005115089514,fragmentation
train,language,,mr,uniq_superbpe,8192,observed,32,362326,145113,56571,41919,3.4617476561940888,0.7409980378639233,12657,30.193945466256352,3.4617476561940888,3,7,16,"{""1"": 16109, ""10"": 578, ""12"": 627, ""13"": 75, ""16"": 60, ""2"": 769, ""3"": 9903, ""4"": 2540, ""5"": 12, ""6"": 7790, ""7"": 2773, ""9"": 683}",8188,700,8.549096238397656,1,0.0023855530904840286,0,0.0,42088,42056,169,0.40184515883583793,0,0.0,0,1334,6444,7780,0,7780,7780,1.0,0.0,228,1392,159,1323,188,1551,1551,1.1723356009070294,14.210128495842781,fragmentation
train,language,,python,uniq_superbpe,8192,observed,32,193155,48487,48387,22041,2.1998548160246814,0.45551491102982206,0,0.0,2.1998548160246814,1,6,16,"{""1"": 11074, ""10"": 16, ""11"": 5, ""12"": 20, ""13"": 59, ""16"": 81, ""2"": 4623, ""3"": 3021, ""4"": 1396, ""5"": 696, ""6"": 412, ""7"": 307, ""8"": 78, ""9"": 253}",8188,873,10.661944308744504,6,0.027221995372260787,0,0.0,23272,23240,1231,5.296901893287435,18,0.08166598611678236,262,2239,2583,4625,91,4887,10776,1.0566486486486486,1.9675675675675677,1352,4909,305,3862,761,5214,5228,1.3500776799585708,19.70481615743138,fragmentation
train,language,,ru,uniq_superbpe,8192,observed,32,231857,106212,58870,30622,3.4684867089020965,0.5201630711737727,0,0.0,3.4684867089020965,4,6,9,"{""1"": 3640, ""2"": 7495, ""3"": 2707, ""4"": 10376, ""5"": 2438, ""6"": 2598, ""7"": 848, ""8"": 437, ""9"": 83}",8188,721,8.805569125549585,2,0.006531252041016263,0,0.0,30866,30834,244,0.7913342414218071,0,0.0,0,1424,6353,7811,0,7811,7811,1.0,0.0,275,1714,201,1640,220,1915,1917,1.1676829268292683,13.414634146341463,fragmentation
train,language,,rust,uniq_superbpe,8192,observed,32,405448,56922,56922,29047,1.9596515991324406,0.5102947893608798,0,0.0,1.9596515991324406,1,5,16,"{""1"": 16628, ""10"": 19, ""12"": 9, ""13"": 136, ""14"": 5, ""16"": 71, ""2"": 5751, ""3"": 3353, ""4"": 1423, ""5"": 972, ""6"": 270, ""7"": 167, ""8"": 67, ""9"": 176}",8188,839,10.246702491450904,1,0.0034426963197576343,0,0.0,30695,30663,1648,5.37455565339334,18,0.06196853375563741,175,2929,3406,6228,159,6403,13231,1.0280989081567116,2.5529865125240847,2749,8071,505,5827,1968,8576,8582,1.4717693495795434,33.773811566844,fragmentation
train,language,,sql,uniq_superbpe,8192,observed,32,962841,36373,36088,20490,1.7751586139580282,0.5677787630237198,0,0.0,1.7751586139580282,1,5,16,"{""1"": 12703, ""10"": 5, ""11"": 3, ""12"": 5, ""13"": 13, ""16"": 50, ""2"": 4264, ""3"": 1692, ""4"": 799, ""5"": 399, ""6"": 275, ""7"": 173, ""8"": 79, ""9"": 30}",8188,815,9.953590620420128,3,0.014641288433382138,0,0.0,21135,21103,645,3.056437473345022,6,0.029282576866764276,257,2021,2136,3925,237,4182,6655,1.0654777070063695,6.038216560509555,1395,4246,252,3103,650,4498,4498,1.4495649371575894,20.947470190138574,fragmentation
train,language,,sw,uniq_superbpe,8192,observed,32,302841,62449,62216,30449,2.050937633419817,0.4894078693583644,58,0.1904824460573418,2.050937633419817,2,3,7,"{""1"": 9090, ""2"": 12125, ""3"": 8291, ""4"": 676, ""5"": 167, ""6"": 3, ""7"": 97}",8188,702,8.57352222765022,3,0.009852540313310782,0,0.0,30689,30657,240,0.7828554653097172,0,0.0,5,1417,7689,9101,5,9106,9106,1.0005493901769036,0.054939017690363696,305,1623,130,1448,263,1753,1753,1.2106353591160222,18.162983425414364,fragmentation
train,language,,ta,uniq_superbpe,8192,observed,32,239434,140738,53567,35665,3.946109631291182,0.6658017062743854,5775,16.19234543670265,3.946109631291182,3,7,10,"{""1"": 9878, ""10"": 388, ""2"": 955, ""3"": 8708, ""4"": 184, ""5"": 5, ""6"": 12310, ""7"": 2404, ""9"": 833}",8188,534,6.521739130434782,5,0.014019346698443853,0,0.0,37186,37154,1521,4.093771868439468,0,0.0,0,2067,3724,5791,0,5791,5791,1.0,0.0,431,1323,465,1357,296,1788,1788,1.3176123802505526,21.812822402358144,fragmentation
train,language,,te,uniq_superbpe,8192,observed,32,300221,158103,60933,47125,3.354970822281167,0.7733904452431359,13704,29.080106100795756,3.354970822281167,3,6,12,"{""1"": 18814, ""10"": 117, ""12"": 370, ""2"": 1142, ""3"": 8893, ""4"": 2372, ""5"": 11, ""6"": 13567, ""7"": 1390, ""9"": 449}",8188,631,7.706399609184172,24,0.05092838196286472,0,0.0,47557,47525,432,0.908995265649658,0,0.0,0,2856,4630,7488,0,7488,7488,1.0,0.0,359,1545,394,1580,301,1939,1939,1.2272151898734178,19.050632911392405,fragmentation
train,language,,typescript,uniq_superbpe,8192,observed,32,734901,43989,43698,20108,2.187636761487965,0.46015835965032725,0,0.0,2.187636761487965,1,6,16,"{""1"": 10407, ""10"": 5, ""11"": 107, ""12"": 5, ""13"": 9, ""16"": 11, ""2"": 4320, ""3"": 2181, ""4"": 973, ""5"": 734, ""6"": 660, ""7"": 438, ""8"": 91, ""9"": 167}",8188,904,11.040547142159257,6,0.02983887010145216,0,0.0,21686,21654,1578,7.287337212524245,7,0.03481201511836085,301,2190,2209,4263,293,4564,8393,1.070607553366174,6.873094065212292,1104,4061,335,3292,749,4396,4406,1.3353584447144593,22.752126366950183,fragmentation
train,language,,uk,uniq_superbpe,8192,observed,32,184737,95676,53182,28832,3.318396226415094,0.5421383174758377,0,0.0,3.318396226415094,4,6,10,"{""1"": 3831, ""10"": 49, ""2"": 7876, ""3"": 2406, ""4"": 9724, ""5"": 2085, ""6"": 1597, ""7"": 694, ""8"": 506, ""9"": 64}",8188,692,8.451392281387395,14,0.04855715871254162,0,0.0,29108,29076,276,0.9492364836978952,0,0.0,0,1498,5567,7093,0,7093,7093,1.0,0.0,316,1924,241,1849,283,2165,2167,1.1709031909140075,15.305570578691185,fragmentation
train,language,,ur,uniq_superbpe,8192,observed,32,431064,112341,64366,33727,3.3308921635484925,0.5239878196563403,403,1.1948883683695555,3.3308921635484925,3,7,9,"{""1"": 3640, ""2"": 10505, ""3"": 3886, ""4"": 7562, ""5"": 5845, ""6"": 283, ""7"": 1596, ""9"": 410}",8188,718,8.768930141670738,6,0.017789901266047972,0,0.0,33969,33937,242,0.7130860123169402,144,0.4269576303851514,0,1716,11829,13545,0,13545,13545,1.0,0.0,248,1680,95,1527,229,1775,1777,1.1624099541584807,14.996725605762935,fragmentation
train,language,,yo,uniq_superbpe,8192,observed,32,145697,69432,59766,30797,2.254505308958665,0.5152929759394974,134,0.435107315647628,2.254505308958665,2,5,8,"{""1"": 9250, ""2"": 10781, ""3"": 7904, ""4"": 1173, ""5"": 688, ""6"": 395, ""7"": 442, ""8"": 164}",8188,703,8.585735222276503,10,0.03247069519758418,0,0.0,31438,31406,641,2.041011271731516,209,0.6786375296295094,0,2159,8914,11487,0,11487,11487,1.0,0.0,267,1671,188,1592,237,1859,1859,1.1677135678391959,14.886934673366834,fragmentation
train,language,,zh,uniq_superbpe,8192,observed,32,616082,130086,53452,46624,2.790108098833219,0.872259223228317,4,0.008579272477693892,2.790108098833219,3,3,12,"{""1"": 7223, ""12"": 154, ""2"": 2224, ""3"": 35369, ""4"": 236, ""5"": 24, ""6"": 821, ""7"": 343, ""8"": 1, ""9"": 229}",8188,3254,39.741084513922814,2795,5.994766643788607,0,0.0,47316,47284,692,1.463497166060401,0,0.0,0,1906,1839,3755,0,3755,3755,1.0,0.0,365,3231,369,3235,285,3600,3602,1.1128284389489953,8.809891808346213,fragmentation
train,domain,code,,uniq_superbpe,8192,observed,288,4104171,430843,428938,215195,2.002105067496921,0.5016925523035963,0,0.0,2.002105067496921,1,5,16,"{""1"": 118440, ""10"": 151, ""11"": 137, ""12"": 116, ""13"": 335, ""14"": 12, ""16"": 356, ""2"": 46211, ""3"": 24184, ""4"": 10605, ""5"": 5840, ""6"": 4304, ""7"": 2129, ""8"": 921, ""9"": 1454}",8188,1344,16.4142647777235,48,0.022305350960756525,0,0.0,225911,225623,10716,4.749515785181475,145,0.067380747693952,2333,21894,23958,44182,1844,46515,82443,1.0528043094472863,4.173645375944955,13988,48103,3447,37562,8362,51550,51638,1.372397635908631,22.26186039082051,fragmentation
train,domain,cyrillic_african,,uniq_superbpe,8192,observed,192,1504935,583695,352072,197683,2.952681818871628,0.5614845826989934,192,0.09712519538857665,2.952681818871628,3,6,10,"{""1"": 35714, ""10"": 454, ""2"": 45991, ""3"": 55283, ""4"": 37547, ""5"": 8851, ""6"": 7815, ""7"": 4199, ""8"": 1577, ""9"": 252}",8188,1657,20.23693209574988,120,0.06070324711786041,0,0.0,199890,199698,2207,1.105168804895392,212,0.1072424032415534,5,10802,44307,55671,5,55676,55676,1.0000898133678218,0.008981336782166657,2190,11782,1018,10610,1804,12800,12806,1.2064090480678604,17.00282752120641,fragmentation
train,domain,indic_cjk_arabic,,uniq_superbpe,8192,observed,448,4418492,1882068,800441,587866,3.201525517720025,0.7344276467597237,109248,18.583826926544486,3.201525517720025,3,7,16,"{""1"": 175160, ""10"": 2954, ""12"": 2836, ""13"": 434, ""16"": 60, ""2"": 43662, ""3"": 186633, ""4"": 51967, ""5"": 12320, ""6"": 79201, ""7"": 24401, ""8"": 112, ""9"": 8126}",8188,7029,85.84513922813873,4998,0.8501937516372778,0,0.0,595979,595531,8113,1.3623136327076173,146,0.024835591784522323,1,27381,87693,115103,1,115104,115104,1.0000086878708634,0.0008687870863487486,4426,25880,3534,24988,3577,29414,29420,1.1771250200096046,14.31487113814631,fragmentation
train,domain,latin_english,,uniq_superbpe,8192,observed,32,128944,59492,59076,26830,2.21736861721953,0.45416074209492857,0,0.0,2.21736861721953,2,4,12,"{""1"": 8742, ""12"": 1, ""2"": 8193, ""3"": 6755, ""4"": 2140, ""5"": 688, ""6"": 112, ""7"": 178, ""8"": 20, ""9"": 1}",8188,873,10.661944308744504,12,0.0447260529258293,0,0.0,27328,27296,498,1.824443141852286,58,0.2161759224748416,3,1702,7297,9298,3,9301,9301,1.000322650032265,0.032265003226500326,332,1952,144,1764,266,2096,2096,1.1882086167800454,15.079365079365079,fragmentation
train,aggregate,,,uniq_superbpe,8192,observed,960,10156542,2956098,1640527,1027574,2.876773838185863,0.6263682341101365,109440,10.650327859599406,2.876773838185863,3,6,16,"{""1"": 338056, ""10"": 3559, ""11"": 137, ""12"": 2953, ""13"": 769, ""14"": 12, ""16"": 416, ""2"": 144057, ""3"": 272855, ""4"": 102259, ""5"": 27699, ""6"": 91432, ""7"": 30907, ""8"": 2630, ""9"": 9833}",8188,7969,97.32535417684416,5178,0.503905314848371,0,0.0,1049108,1048148,21534,2.0544808557570113,561,0.05459460827152108,2342,61779,163255,224254,1853,226596,262524,1.0104435149428772,0.826295183140546,20936,87717,8143,74924,14009,95860,95960,1.2794298222198495,18.69761358176285,fragmentation
validation,stratum,flores200,am,uniq_superbpe,8192,observed,32,6471,6471,2573,2010,3.219402985074627,0.7811892732219199,0,0.0,3.219402985074627,3,6,10,"{""1"": 174, ""10"": 21, ""2"": 32, ""3"": 1402, ""4"": 266, ""6"": 52, ""7"": 63}",8188,278,3.3952125061064975,9,0.44776119402985076,0,0.0,2026,1994,16,0.802407221664995,0,0.0,0,117,369,486,0,486,486,1.0,0.0,1,76,0,75,1,76,76,1.0133333333333334,1.3333333333333333,fragmentation
validation,stratum,flores200,ar,uniq_superbpe,8192,observed,32,6539,6539,3628,2053,3.185094982951778,0.5658765159867696,48,2.338041889917194,3.185094982951778,3,7,9,"{""1"": 194, ""2"": 750, ""3"": 207, ""4"": 586, ""5"": 161, ""6"": 12, ""7"": 142, ""9"": 1}",8188,282,3.444064484611627,9,0.43838285435947394,5,0.24354603019970775,2058,2026,5,0.24679170779861798,0,0.0,0,60,521,581,0,581,581,1.0,0.0,2,83,5,86,2,88,88,1.0232558139534884,2.3255813953488373,fragmentation
validation,stratum,flores200,bg,uniq_superbpe,8192,observed,32,7484,7482,4146,2132,3.5093808630393997,0.5142305836951279,0,0.0,3.5093808630393997,4,6,9,"{""1"": 213, ""2"": 480, ""3"": 217, ""4"": 775, ""5"": 249, ""6"": 117, ""7"": 42, ""8"": 34, ""9"": 5}",8188,354,4.323400097703957,0,0.0,0,0.0,2145,2113,13,0.6152389966871746,0,0.0,0,83,525,617,0,617,617,1.0,0.0,3,120,4,121,3,124,124,1.024793388429752,2.479338842975207,fragmentation
validation,stratum,flores200,bn,uniq_superbpe,8192,observed,32,10607,10772,4028,3433,3.137780367025925,0.8522840119165839,1260,36.70259248470725,3.137780367025925,3,7,13,"{""1"": 1457, ""10"": 50, ""12"": 5, ""13"": 14, ""2"": 15, ""3"": 929, ""4"": 186, ""6"": 551, ""7"": 164, ""9"": 62}",8188,206,2.515876893014167,0,0.0,0,0.0,3484,3452,51,1.477404403244496,0,0.0,2,134,426,558,2,560,560,1.003584229390681,0.35842293906810035,8,83,7,82,5,90,90,1.0975609756097562,6.097560975609756,fragmentation
validation,stratum,flores200,fa,uniq_superbpe,8192,observed,32,6879,6879,3885,2036,3.3786836935166993,0.524066924066924,4,0.19646365422396855,3.3786836935166993,3,6,9,"{""1"": 152, ""2"": 592, ""3"": 277, ""4"": 586, ""5"": 301, ""6"": 53, ""7"": 61, ""8"": 8, ""9"": 6}",8188,347,4.23790913531998,1,0.04911591355599214,0,0.0,2045,2013,9,0.44709388971684055,0,0.0,0,57,643,700,0,700,700,1.0,0.0,4,99,9,104,4,108,108,1.0384615384615385,3.8461538461538463,fragmentation
validation,stratum,flores200,gu,uniq_superbpe,8192,observed,32,9612,9612,3700,3213,2.991596638655462,0.8683783783783784,1227,38.18860877684407,2.991596638655462,3,7,13,"{""1"": 1459, ""10"": 42, ""13"": 2, ""2"": 34, ""3"": 749, ""4"": 241, ""6"": 492, ""7"": 135, ""9"": 59}",8188,213,2.6013678553981436,1,0.03112356053532524,0,0.0,3223,3191,10,0.31338138514572234,0,0.0,2,124,446,568,2,570,570,1.0035211267605635,0.352112676056338,13,81,10,78,10,91,91,1.1666666666666667,12.820512820512821,fragmentation
validation,stratum,flores200,hi,uniq_superbpe,8192,observed,32,10059,10074,3966,3097,3.2528253148207944,0.780887544125063,1092,35.259928963513076,3.2528253148207944,3,7,13,"{""1"": 1308, ""10"": 39, ""12"": 6, ""13"": 8, ""2"": 33, ""3"": 715, ""4"": 187, ""6"": 416, ""7"": 360, ""9"": 25}",8188,270,3.2975085490962384,0,0.0,0,0.0,3102,3070,5,0.16286644951140064,0,0.0,0,127,620,747,0,747,747,1.0,0.0,1,76,5,80,1,81,81,1.0125,1.25,fragmentation
validation,stratum,flores200,ja,uniq_superbpe,8192,observed,32,5120,5110,1782,1687,3.029045643153527,0.94668911335578,81,4.801422643746295,3.029045643153527,3,6,6,"{""1"": 145, ""2"": 21, ""3"": 1401, ""6"": 120}",8188,499,6.0942843185149,135,8.002371072910492,57,3.3787788974510966,1687,1655,0,0.0,0,0.0,0,0,2,2,0,2,2,1.0,0.0,2,113,0,111,2,113,113,1.018018018018018,1.8018018018018018,fragmentation
validation,stratum,flores200,kn,uniq_superbpe,8192,observed,32,11332,11326,4264,3370,3.360830860534125,0.7903377110694184,1008,29.910979228486646,3.360830860534125,3,6,12,"{""1"": 1316, ""10"": 8, ""12"": 9, ""2"": 44, ""3"": 691, ""4"": 189, ""6"": 964, ""7"": 110, ""9"": 39}",8188,227,2.772349780166097,2,0.05934718100890208,0,0.0,3389,3357,19,0.5659815311289842,0,0.0,46,203,346,503,42,549,549,1.091451292246521,8.34990059642147,0,71,19,90,0,90,90,1.0,0.0,fragmentation
validation,stratum,flores200,ko,uniq_superbpe,8192,observed,32,4735,4735,2037,1677,2.823494335122242,0.8232695139911634,45,2.6833631484794274,2.823494335122242,3,4,9,"{""1"": 320, ""2"": 63, ""3"": 1008, ""4"": 228, ""6"": 55, ""7"": 2, ""9"": 1}",8188,485,5.923302393746947,86,5.128205128205129,27,1.6100178890876566,1787,1755,110,6.267806267806268,0,0.0,0,159,271,430,0,430,430,1.0,0.0,6,70,11,75,4,81,81,1.08,5.333333333333333,fragmentation
validation,stratum,flores200,ml,uniq_superbpe,8192,observed,32,11894,11894,4384,3740,3.1802139037433155,0.8531021897810219,1509,40.3475935828877,3.1802139037433155,3,9,12,"{""1"": 1779, ""10"": 16, ""12"": 123, ""2"": 37, ""3"": 807, ""4"": 205, ""6"": 571, ""7"": 40, ""9"": 162}",8188,223,2.7234978016609674,1,0.026737967914438502,0,0.0,3751,3719,11,0.295778435063189,0,0.0,5,159,288,442,5,447,447,1.01131221719457,1.1312217194570136,11,80,11,80,8,91,91,1.1375,10.0,fragmentation
validation,stratum,flores200,mr,uniq_superbpe,8192,observed,32,10965,10965,4109,3382,3.2421643997634537,0.8230713068873206,1254,37.07865168539326,3.2421643997634537,3,7,13,"{""1"": 1467, ""10"": 33, ""12"": 67, ""13"": 7, ""2"": 23, ""3"": 816, ""4"": 172, ""6"": 560, ""7"": 201, ""9"": 36}",8188,278,3.3952125061064975,0,0.0,0,0.0,3389,3357,7,0.20851951146857314,0,0.0,1,114,430,543,1,544,544,1.0018416206261511,0.1841620626151013,10,81,7,78,7,88,88,1.1282051282051282,8.974358974358974,fragmentation
validation,stratum,flores200,ru,uniq_superbpe,8192,observed,32,7654,7654,4261,2276,3.3629173989455183,0.5341469138699836,0,0.0,3.3629173989455183,4,6,9,"{""1"": 277, ""2"": 627, ""3"": 197, ""4"": 749, ""5"": 160, ""6"": 169, ""7"": 64, ""8"": 23, ""9"": 10}",8188,415,5.068392769907181,0,0.0,0,0.0,2288,2256,12,0.5319148936170213,0,0.0,5,115,457,571,5,576,576,1.0087565674255692,0.8756567425569177,6,122,8,124,5,130,130,1.0483870967741935,4.032258064516129,fragmentation
validation,stratum,flores200,sw,uniq_superbpe,8192,observed,32,4405,4405,4397,2032,2.1678149606299213,0.46213327268592225,0,0.0,2.1678149606299213,2,4,7,"{""1"": 523, ""2"": 805, ""3"": 602, ""4"": 74, ""5"": 13, ""7"": 15}",8188,386,4.714215925744993,0,0.0,0,0.0,2039,2007,7,0.3487792725460887,0,0.0,0,84,576,660,0,660,660,1.0,0.0,1,74,3,76,1,77,77,1.013157894736842,1.3157894736842106,fragmentation
validation,stratum,flores200,ta,uniq_superbpe,8192,observed,32,12193,12193,4517,3008,4.053523936170213,0.6659287137480628,522,17.35372340425532,4.053523936170213,3,7,10,"{""1"": 812, ""10"": 25, ""2"": 53, ""3"": 697, ""4"": 17, ""6"": 1112, ""7"": 217, ""9"": 75}",8188,196,2.3937469467513433,2,0.06648936170212766,0,0.0,3128,3096,120,3.875968992248062,0,0.0,1,171,304,474,1,475,475,1.0021097046413503,0.2109704641350211,13,84,27,98,10,111,111,1.1326530612244898,10.204081632653061,fragmentation
validation,stratum,flores200,te,uniq_superbpe,8192,observed,32,10409,10409,3954,3097,3.3609945108169197,0.7832574607991907,915,29.544720697449144,3.3609945108169197,3,6,12,"{""1"": 1261, ""10"": 11, ""12"": 19, ""2"": 60, ""3"": 565, ""4"": 132, ""6"": 950, ""7"": 62, ""9"": 37}",8188,262,3.1998045920859797,0,0.0,0,0.0,3115,3083,18,0.5838469023678236,0,0.0,6,235,251,480,6,486,486,1.0125,1.25,7,74,18,85,7,92,92,1.0823529411764705,8.235294117647058,fragmentation
validation,stratum,flores200,uk,uniq_superbpe,8192,observed,32,7446,7446,4118,2234,3.333034914950761,0.5424963574550753,0,0.0,3.333034914950761,4,6,10,"{""1"": 257, ""10"": 3, ""2"": 641, ""3"": 195, ""4"": 757, ""5"": 158, ""6"": 133, ""7"": 56, ""8"": 22, ""9"": 12}",8188,374,4.567659990229604,1,0.044762757385854966,0,0.0,2242,2210,8,0.36199095022624433,0,0.0,0,108,444,555,0,555,555,1.0,0.0,2,121,5,124,2,126,126,1.0161290322580645,1.6129032258064515,fragmentation
validation,stratum,flores200,ur,uniq_superbpe,8192,observed,32,6879,6879,3892,2072,3.319980694980695,0.5323741007194245,10,0.4826254826254826,3.319980694980695,3,6,9,"{""1"": 138, ""2"": 717, ""3"": 264, ""4"": 488, ""5"": 348, ""6"": 20, ""7"": 85, ""9"": 12}",8188,306,3.7371763556424034,0,0.0,0,0.0,2077,2045,5,0.24449877750611246,3,0.14478764478764478,0,71,722,793,0,793,793,1.0,0.0,1,70,2,71,1,72,72,1.0140845070422535,1.408450704225352,fragmentation
validation,stratum,flores200,yo,uniq_superbpe,8192,observed,32,5060,5063,3889,2831,1.7884139879901095,0.7279506299820006,292,10.31437654539032,1.7884139879901095,2,3,6,"{""1"": 1194, ""2"": 1160, ""3"": 400, ""4"": 44, ""5"": 25, ""6"": 8}",8188,357,4.360039081582804,11,0.3885552808194984,6,0.21193924408336276,2853,2821,22,0.7798652959943283,4,0.14129282938890853,0,271,442,718,0,718,718,1.0,0.0,2,61,17,76,2,78,78,1.0263157894736843,2.6315789473684212,fragmentation
validation,stratum,flores200,zh,uniq_superbpe,8192,observed,32,3887,3769,1485,1439,2.6191799861014595,0.969023569023569,78,5.42043085476025,2.6191799861014595,3,3,6,"{""1"": 243, ""2"": 68, ""3"": 1124, ""4"": 3, ""6"": 1}",8188,609,7.43771372740596,155,10.771369006254343,46,3.1966643502432244,1443,1411,4,0.28348688873139616,0,0.0,0,34,29,63,0,63,63,1.0,0.0,6,134,4,132,6,138,138,1.0454545454545454,4.545454545454546,fragmentation
validation,language,,am,uniq_superbpe,8192,observed,32,6471,6471,2573,2010,3.219402985074627,0.7811892732219199,0,0.0,3.219402985074627,3,6,10,"{""1"": 174, ""10"": 21, ""2"": 32, ""3"": 1402, ""4"": 266, ""6"": 52, ""7"": 63}",8188,278,3.3952125061064975,9,0.44776119402985076,0,0.0,2026,1994,16,0.802407221664995,0,0.0,0,117,369,486,0,486,486,1.0,0.0,1,76,0,75,1,76,76,1.0133333333333334,1.3333333333333333,fragmentation
validation,language,,ar,uniq_superbpe,8192,observed,32,6539,6539,3628,2053,3.185094982951778,0.5658765159867696,48,2.338041889917194,3.185094982951778,3,7,9,"{""1"": 194, ""2"": 750, ""3"": 207, ""4"": 586, ""5"": 161, ""6"": 12, ""7"": 142, ""9"": 1}",8188,282,3.444064484611627,9,0.43838285435947394,5,0.24354603019970775,2058,2026,5,0.24679170779861798,0,0.0,0,60,521,581,0,581,581,1.0,0.0,2,83,5,86,2,88,88,1.0232558139534884,2.3255813953488373,fragmentation
validation,language,,bg,uniq_superbpe,8192,observed,32,7484,7482,4146,2132,3.5093808630393997,0.5142305836951279,0,0.0,3.5093808630393997,4,6,9,"{""1"": 213, ""2"": 480, ""3"": 217, ""4"": 775, ""5"": 249, ""6"": 117, ""7"": 42, ""8"": 34, ""9"": 5}",8188,354,4.323400097703957,0,0.0,0,0.0,2145,2113,13,0.6152389966871746,0,0.0,0,83,525,617,0,617,617,1.0,0.0,3,120,4,121,3,124,124,1.024793388429752,2.479338842975207,fragmentation
validation,language,,bn,uniq_superbpe,8192,observed,32,10607,10772,4028,3433,3.137780367025925,0.8522840119165839,1260,36.70259248470725,3.137780367025925,3,7,13,"{""1"": 1457, ""10"": 50, ""12"": 5, ""13"": 14, ""2"": 15, ""3"": 929, ""4"": 186, ""6"": 551, ""7"": 164, ""9"": 62}",8188,206,2.515876893014167,0,0.0,0,0.0,3484,3452,51,1.477404403244496,0,0.0,2,134,426,558,2,560,560,1.003584229390681,0.35842293906810035,8,83,7,82,5,90,90,1.0975609756097562,6.097560975609756,fragmentation
validation,language,,fa,uniq_superbpe,8192,observed,32,6879,6879,3885,2036,3.3786836935166993,0.524066924066924,4,0.19646365422396855,3.3786836935166993,3,6,9,"{""1"": 152, ""2"": 592, ""3"": 277, ""4"": 586, ""5"": 301, ""6"": 53, ""7"": 61, ""8"": 8, ""9"": 6}",8188,347,4.23790913531998,1,0.04911591355599214,0,0.0,2045,2013,9,0.44709388971684055,0,0.0,0,57,643,700,0,700,700,1.0,0.0,4,99,9,104,4,108,108,1.0384615384615385,3.8461538461538463,fragmentation
validation,language,,gu,uniq_superbpe,8192,observed,32,9612,9612,3700,3213,2.991596638655462,0.8683783783783784,1227,38.18860877684407,2.991596638655462,3,7,13,"{""1"": 1459, ""10"": 42, ""13"": 2, ""2"": 34, ""3"": 749, ""4"": 241, ""6"": 492, ""7"": 135, ""9"": 59}",8188,213,2.6013678553981436,1,0.03112356053532524,0,0.0,3223,3191,10,0.31338138514572234,0,0.0,2,124,446,568,2,570,570,1.0035211267605635,0.352112676056338,13,81,10,78,10,91,91,1.1666666666666667,12.820512820512821,fragmentation
validation,language,,hi,uniq_superbpe,8192,observed,32,10059,10074,3966,3097,3.2528253148207944,0.780887544125063,1092,35.259928963513076,3.2528253148207944,3,7,13,"{""1"": 1308, ""10"": 39, ""12"": 6, ""13"": 8, ""2"": 33, ""3"": 715, ""4"": 187, ""6"": 416, ""7"": 360, ""9"": 25}",8188,270,3.2975085490962384,0,0.0,0,0.0,3102,3070,5,0.16286644951140064,0,0.0,0,127,620,747,0,747,747,1.0,0.0,1,76,5,80,1,81,81,1.0125,1.25,fragmentation
validation,language,,ja,uniq_superbpe,8192,observed,32,5120,5110,1782,1687,3.029045643153527,0.94668911335578,81,4.801422643746295,3.029045643153527,3,6,6,"{""1"": 145, ""2"": 21, ""3"": 1401, ""6"": 120}",8188,499,6.0942843185149,135,8.002371072910492,57,3.3787788974510966,1687,1655,0,0.0,0,0.0,0,0,2,2,0,2,2,1.0,0.0,2,113,0,111,2,113,113,1.018018018018018,1.8018018018018018,fragmentation
validation,language,,kn,uniq_superbpe,8192,observed,32,11332,11326,4264,3370,3.360830860534125,0.7903377110694184,1008,29.910979228486646,3.360830860534125,3,6,12,"{""1"": 1316, ""10"": 8, ""12"": 9, ""2"": 44, ""3"": 691, ""4"": 189, ""6"": 964, ""7"": 110, ""9"": 39}",8188,227,2.772349780166097,2,0.05934718100890208,0,0.0,3389,3357,19,0.5659815311289842,0,0.0,46,203,346,503,42,549,549,1.091451292246521,8.34990059642147,0,71,19,90,0,90,90,1.0,0.0,fragmentation
validation,language,,ko,uniq_superbpe,8192,observed,32,4735,4735,2037,1677,2.823494335122242,0.8232695139911634,45,2.6833631484794274,2.823494335122242,3,4,9,"{""1"": 320, ""2"": 63, ""3"": 1008, ""4"": 228, ""6"": 55, ""7"": 2, ""9"": 1}",8188,485,5.923302393746947,86,5.128205128205129,27,1.6100178890876566,1787,1755,110,6.267806267806268,0,0.0,0,159,271,430,0,430,430,1.0,0.0,6,70,11,75,4,81,81,1.08,5.333333333333333,fragmentation
validation,language,,ml,uniq_superbpe,8192,observed,32,11894,11894,4384,3740,3.1802139037433155,0.8531021897810219,1509,40.3475935828877,3.1802139037433155,3,9,12,"{""1"": 1779, ""10"": 16, ""12"": 123, ""2"": 37, ""3"": 807, ""4"": 205, ""6"": 571, ""7"": 40, ""9"": 162}",8188,223,2.7234978016609674,1,0.026737967914438502,0,0.0,3751,3719,11,0.295778435063189,0,0.0,5,159,288,442,5,447,447,1.01131221719457,1.1312217194570136,11,80,11,80,8,91,91,1.1375,10.0,fragmentation
validation,language,,mr,uniq_superbpe,8192,observed,32,10965,10965,4109,3382,3.2421643997634537,0.8230713068873206,1254,37.07865168539326,3.2421643997634537,3,7,13,"{""1"": 1467, ""10"": 33, ""12"": 67, ""13"": 7, ""2"": 23, ""3"": 816, ""4"": 172, ""6"": 560, ""7"": 201, ""9"": 36}",8188,278,3.3952125061064975,0,0.0,0,0.0,3389,3357,7,0.20851951146857314,0,0.0,1,114,430,543,1,544,544,1.0018416206261511,0.1841620626151013,10,81,7,78,7,88,88,1.1282051282051282,8.974358974358974,fragmentation
validation,language,,ru,uniq_superbpe,8192,observed,32,7654,7654,4261,2276,3.3629173989455183,0.5341469138699836,0,0.0,3.3629173989455183,4,6,9,"{""1"": 277, ""2"": 627, ""3"": 197, ""4"": 749, ""5"": 160, ""6"": 169, ""7"": 64, ""8"": 23, ""9"": 10}",8188,415,5.068392769907181,0,0.0,0,0.0,2288,2256,12,0.5319148936170213,0,0.0,5,115,457,571,5,576,576,1.0087565674255692,0.8756567425569177,6,122,8,124,5,130,130,1.0483870967741935,4.032258064516129,fragmentation
validation,language,,sw,uniq_superbpe,8192,observed,32,4405,4405,4397,2032,2.1678149606299213,0.46213327268592225,0,0.0,2.1678149606299213,2,4,7,"{""1"": 523, ""2"": 805, ""3"": 602, ""4"": 74, ""5"": 13, ""7"": 15}",8188,386,4.714215925744993,0,0.0,0,0.0,2039,2007,7,0.3487792725460887,0,0.0,0,84,576,660,0,660,660,1.0,0.0,1,74,3,76,1,77,77,1.013157894736842,1.3157894736842106,fragmentation
validation,language,,ta,uniq_superbpe,8192,observed,32,12193,12193,4517,3008,4.053523936170213,0.6659287137480628,522,17.35372340425532,4.053523936170213,3,7,10,"{""1"": 812, ""10"": 25, ""2"": 53, ""3"": 697, ""4"": 17, ""6"": 1112, ""7"": 217, ""9"": 75}",8188,196,2.3937469467513433,2,0.06648936170212766,0,0.0,3128,3096,120,3.875968992248062,0,0.0,1,171,304,474,1,475,475,1.0021097046413503,0.2109704641350211,13,84,27,98,10,111,111,1.1326530612244898,10.204081632653061,fragmentation
validation,language,,te,uniq_superbpe,8192,observed,32,10409,10409,3954,3097,3.3609945108169197,0.7832574607991907,915,29.544720697449144,3.3609945108169197,3,6,12,"{""1"": 1261, ""10"": 11, ""12"": 19, ""2"": 60, ""3"": 565, ""4"": 132, ""6"": 950, ""7"": 62, ""9"": 37}",8188,262,3.1998045920859797,0,0.0,0,0.0,3115,3083,18,0.5838469023678236,0,0.0,6,235,251,480,6,486,486,1.0125,1.25,7,74,18,85,7,92,92,1.0823529411764705,8.235294117647058,fragmentation
validation,language,,uk,uniq_superbpe,8192,observed,32,7446,7446,4118,2234,3.333034914950761,0.5424963574550753,0,0.0,3.333034914950761,4,6,10,"{""1"": 257, ""10"": 3, ""2"": 641, ""3"": 195, ""4"": 757, ""5"": 158, ""6"": 133, ""7"": 56, ""8"": 22, ""9"": 12}",8188,374,4.567659990229604,1,0.044762757385854966,0,0.0,2242,2210,8,0.36199095022624433,0,0.0,0,108,444,555,0,555,555,1.0,0.0,2,121,5,124,2,126,126,1.0161290322580645,1.6129032258064515,fragmentation
validation,language,,ur,uniq_superbpe,8192,observed,32,6879,6879,3892,2072,3.319980694980695,0.5323741007194245,10,0.4826254826254826,3.319980694980695,3,6,9,"{""1"": 138, ""2"": 717, ""3"": 264, ""4"": 488, ""5"": 348, ""6"": 20, ""7"": 85, ""9"": 12}",8188,306,3.7371763556424034,0,0.0,0,0.0,2077,2045,5,0.24449877750611246,3,0.14478764478764478,0,71,722,793,0,793,793,1.0,0.0,1,70,2,71,1,72,72,1.0140845070422535,1.408450704225352,fragmentation
validation,language,,yo,uniq_superbpe,8192,observed,32,5060,5063,3889,2831,1.7884139879901095,0.7279506299820006,292,10.31437654539032,1.7884139879901095,2,3,6,"{""1"": 1194, ""2"": 1160, ""3"": 400, ""4"": 44, ""5"": 25, ""6"": 8}",8188,357,4.360039081582804,11,0.3885552808194984,6,0.21193924408336276,2853,2821,22,0.7798652959943283,4,0.14129282938890853,0,271,442,718,0,718,718,1.0,0.0,2,61,17,76,2,78,78,1.0263157894736843,2.6315789473684212,fragmentation
validation,language,,zh,uniq_superbpe,8192,observed,32,3887,3769,1485,1439,2.6191799861014595,0.969023569023569,78,5.42043085476025,2.6191799861014595,3,3,6,"{""1"": 243, ""2"": 68, ""3"": 1124, ""4"": 3, ""6"": 1}",8188,609,7.43771372740596,155,10.771369006254343,46,3.1966643502432244,1443,1411,4,0.28348688873139616,0,0.0,0,34,29,63,0,63,63,1.0,0.0,6,134,4,132,6,138,138,1.0454545454545454,4.545454545454546,fragmentation
validation,domain,flores200,,uniq_superbpe,8192,observed,640,159630,159677,73015,50819,3.142072846769909,0.6960076696569198,9345,18.38879159369527,3.142072846769909,3,7,13,"{""1"": 14689, ""10"": 248, ""12"": 229, ""13"": 31, ""2"": 6255, ""3"": 13263, ""4"": 5885, ""5"": 1415, ""6"": 6356, ""7"": 1819, ""8"": 87, ""9"": 542}",8188,3854,47.068881289692236,413,0.8126881678112517,141,0.27745528247309076,51271,50631,452,0.8927337006972014,7,0.013774375725614435,68,2426,8112,10491,64,10559,10559,1.006481746258698,0.6100467067009818,99,1773,172,1846,81,1945,1945,1.0536294691224268,4.387865655471289,fragmentation
validation,aggregate,,,uniq_superbpe,8192,observed,640,159630,159677,73015,50819,3.142072846769909,0.6960076696569198,9345,18.38879159369527,3.142072846769909,3,7,13,"{""1"": 14689, ""10"": 248, ""12"": 229, ""13"": 31, ""2"": 6255, ""3"": 13263, ""4"": 5885, ""5"": 1415, ""6"": 6356, ""7"": 1819, ""8"": 87, ""9"": 542}",8188,3854,47.068881289692236,413,0.8126881678112517,141,0.27745528247309076,51271,50631,452,0.8927337006972014,7,0.013774375725614435,68,2426,8112,10491,64,10559,10559,1.006481746258698,0.6100467067009818,99,1773,172,1846,81,1945,1945,1.0536294691224268,4.387865655471289,fragmentation
train,stratum,code,c,uniq_superbpe,8192,observed,32,269690,51063,51060,27130,1.882159970512348,0.5313356835095966,0,0.0,1.882159970512348,1,5,16,"{""1"": 15807, ""10"": 39, ""12"": 17, ""13"": 17, ""14"": 1, ""16"": 34, ""2"": 5894, ""3"": 2586, ""4"": 1204, ""5"": 682, ""6"": 378, ""7"": 156, ""8"": 84, ""9"": 231}",8188,846,10.332193453834881,1,0.003685956505713233,0,0.0,28400,28368,1270,4.47687535250987,31,0.11426465167711021,423,2765,3506,5926,339,6349,9740,1.071380357745528,5.720553493081336,2011,5626,478,4093,597,6104,6116,1.4913266552650868,14.585878328854141,compression_boundary_fragmentation
train,stratum,code,cpp,uniq_superbpe,8192,observed,32,735578,54217,54213,27417,1.9774957143378196,0.5057274085551436,0,0.0,1.9774957143378196,1,5,16,"{""1"": 15520, ""10"": 25, ""11"": 7, ""12"": 22, ""13"": 38, ""14"": 1, ""16"": 42, ""2"": 5827, ""3"": 2850, ""4"": 1200, ""5"": 767, ""6"": 540, ""7"": 133, ""8"": 89, ""9"": 356}",8188,870,10.625305324865657,0,0.0,0,0.0,28601,28569,1184,4.144352269942945,20,0.072947441368494,324,2693,2914,5352,232,5676,9575,1.0605381165919283,4.334828101644245,1780,5764,494,4478,1001,6258,6268,1.3974988834301028,22.3537293434569,compression_boundary_fragmentation
train,stratum,code,go,uniq_superbpe,8192,observed,32,514454,56813,56813,28270,2.0096568800848957,0.49759738088113636,0,0.0,2.0096568800848957,1,5,16,"{""1"": 14614, ""10"": 12, ""12"": 22, ""16"": 9, ""2"": 6447, ""3"": 3698, ""4"": 1706, ""5"": 514, ""6"": 699, ""7"": 321, ""8"": 204, ""9"": 24}",8188,858,10.478749389350268,0,0.0,0,0.0,28975,28943,705,2.435822133158277,35,0.1238061549345596,117,3148,3263,6386,92,6503,9031,1.0183213279047918,1.4406514249921705,1030,6063,371,5404,868,6434,6454,1.19059955588453,16.06217616580311,compression_boundary_fragmentation
train,stratum,code,java,uniq_superbpe,8192,observed,32,175611,43999,43605,20131,2.185634096666832,0.46166723999541337,0,0.0,2.185634096666832,2,6,16,"{""1"": 9960, ""10"": 23, ""12"": 13, ""13"": 30, ""16"": 34, ""2"": 4342, ""3"": 2643, ""4"": 1314, ""5"": 598, ""6"": 695, ""7"": 265, ""8"": 91, ""9"": 123}",8188,920,11.235955056179776,11,0.054642094282449954,0,0.0,21172,21140,1041,4.924314096499527,9,0.044707168049277234,198,1835,2106,3775,190,3973,7594,1.0524503311258278,5.033112582781457,864,3869,268,3273,507,4137,4145,1.2639780018331805,15.490375802016498,compression_boundary_fragmentation
train,stratum,code,javascript,uniq_superbpe,8192,observed,32,112493,38980,38152,20561,1.895822187636788,0.538923254351017,0,0.0,1.895822187636788,1,5,16,"{""1"": 11727, ""10"": 7, ""11"": 15, ""12"": 3, ""13"": 33, ""14"": 5, ""16"": 24, ""2"": 4743, ""3"": 2160, ""4"": 590, ""5"": 478, ""6"": 375, ""7"": 169, ""8"": 138, ""9"": 94}",8188,918,11.211529066927211,20,0.0972715334857254,0,0.0,21975,21943,1414,6.443968463746981,1,0.00486357667428627,276,2074,1835,3702,211,3978,7448,1.0745542949756888,5.699621826039978,1703,5494,439,4230,1261,5933,5941,1.4026004728132389,29.810874704491727,compression_boundary_fragmentation
train,stratum,code,python,uniq_superbpe,8192,observed,32,193155,48487,48387,22041,2.1998548160246814,0.45551491102982206,0,0.0,2.1998548160246814,1,6,16,"{""1"": 11074, ""10"": 16, ""11"": 5, ""12"": 20, ""13"": 59, ""16"": 81, ""2"": 4623, ""3"": 3021, ""4"": 1396, ""5"": 696, ""6"": 412, ""7"": 307, ""8"": 78, ""9"": 253}",8188,873,10.661944308744504,6,0.027221995372260787,0,0.0,23272,23240,1231,5.296901893287435,18,0.08166598611678236,262,2239,2583,4625,91,4887,10776,1.0566486486486486,1.9675675675675677,1352,4909,305,3862,761,5214,5228,1.3500776799585708,19.70481615743138,compression_boundary_fragmentation
train,stratum,code,rust,uniq_superbpe,8192,observed,32,405448,56922,56922,29047,1.9596515991324406,0.5102947893608798,0,0.0,1.9596515991324406,1,5,16,"{""1"": 16628, ""10"": 19, ""12"": 9, ""13"": 136, ""14"": 5, ""16"": 71, ""2"": 5751, ""3"": 3353, ""4"": 1423, ""5"": 972, ""6"": 270, ""7"": 167, ""8"": 67, ""9"": 176}",8188,839,10.246702491450904,1,0.0034426963197576343,0,0.0,30695,30663,1648,5.37455565339334,18,0.06196853375563741,175,2929,3406,6228,159,6403,13231,1.0280989081567116,2.5529865125240847,2749,8071,505,5827,1968,8576,8582,1.4717693495795434,33.773811566844,compression_boundary_fragmentation
train,stratum,code,sql,uniq_superbpe,8192,observed,32,962841,36373,36088,20490,1.7751586139580282,0.5677787630237198,0,0.0,1.7751586139580282,1,5,16,"{""1"": 12703, ""10"": 5, ""11"": 3, ""12"": 5, ""13"": 13, ""16"": 50, ""2"": 4264, ""3"": 1692, ""4"": 799, ""5"": 399, ""6"": 275, ""7"": 173, ""8"": 79, ""9"": 30}",8188,815,9.953590620420128,3,0.014641288433382138,0,0.0,21135,21103,645,3.056437473345022,6,0.029282576866764276,257,2021,2136,3925,237,4182,6655,1.0654777070063695,6.038216560509555,1395,4246,252,3103,650,4498,4498,1.4495649371575894,20.947470190138574,compression_boundary_fragmentation
train,stratum,code,typescript,uniq_superbpe,8192,observed,32,734901,43989,43698,20108,2.187636761487965,0.46015835965032725,0,0.0,2.187636761487965,1,6,16,"{""1"": 10407, ""10"": 5, ""11"": 107, ""12"": 5, ""13"": 9, ""16"": 11, ""2"": 4320, ""3"": 2181, ""4"": 973, ""5"": 734, ""6"": 660, ""7"": 438, ""8"": 91, ""9"": 167}",8188,904,11.040547142159257,6,0.02983887010145216,0,0.0,21686,21654,1578,7.287337212524245,7,0.03481201511836085,301,2190,2209,4263,293,4564,8393,1.070607553366174,6.873094065212292,1104,4061,335,3292,749,4396,4406,1.3353584447144593,22.752126366950183,compression_boundary_fragmentation
train,stratum,cyrillic_african,am,uniq_superbpe,8192,observed,32,390554,147317,59501,46377,3.176509907928499,0.7794322784491017,0,0.0,3.176509907928499,3,6,10,"{""1"": 5408, ""10"": 405, ""2"": 764, ""3"": 30823, ""4"": 5794, ""5"": 4, ""6"": 1587, ""7"": 1592}",8188,713,8.707865168539326,90,0.19406171162429653,0,0.0,46935,46903,558,1.1896893588896233,2,0.004312482480539922,0,2959,8245,11206,0,11206,11206,1.0,0.0,702,2703,104,2105,543,2807,2807,1.3334916864608075,25.795724465558195,compression_boundary_fragmentation
train,stratum,cyrillic_african,bg,uniq_superbpe,8192,observed,32,249249,102609,58537,30606,3.352577925896883,0.5228487964876916,0,0.0,3.352577925896883,4,6,9,"{""1"": 4495, ""2"": 6950, ""3"": 3152, ""4"": 9804, ""5"": 3469, ""6"": 1635, ""7"": 526, ""8"": 470, ""9"": 105}",8188,800,9.770395701025892,1,0.0032673332026400053,0,0.0,30854,30822,248,0.8046200765686847,1,0.0032673332026400053,0,1345,7539,8973,0,8973,8973,1.0,0.0,325,2147,154,1976,258,2301,2303,1.1644736842105263,13.05668016194332,compression_boundary_fragmentation
train,stratum,cyrillic_african,ru,uniq_superbpe,8192,observed,32,231857,106212,58870,30622,3.4684867089020965,0.5201630711737727,0,0.0,3.4684867089020965,4,6,9,"{""1"": 3640, ""2"": 7495, ""3"": 2707, ""4"": 10376, ""5"": 2438, ""6"": 2598, ""7"": 848, ""8"": 437, ""9"": 83}",8188,721,8.805569125549585,2,0.006531252041016263,0,0.0,30866,30834,244,0.7913342414218071,0,0.0,0,1424,6353,7811,0,7811,7811,1.0,0.0,275,1714,201,1640,220,1915,1917,1.1676829268292683,13.414634146341463,compression_boundary_fragmentation
train,stratum,cyrillic_african,sw,uniq_superbpe,8192,observed,32,302841,62449,62216,30449,2.050937633419817,0.4894078693583644,58,0.1904824460573418,2.050937633419817,2,3,7,"{""1"": 9090, ""2"": 12125, ""3"": 8291, ""4"": 676, ""5"": 167, ""6"": 3, ""7"": 97}",8188,702,8.57352222765022,3,0.009852540313310782,0,0.0,30689,30657,240,0.7828554653097172,0,0.0,5,1417,7689,9101,5,9106,9106,1.0005493901769036,0.054939017690363696,305,1623,130,1448,263,1753,1753,1.2106353591160222,18.162983425414364,compression_boundary_fragmentation
train,stratum,cyrillic_african,uk,uniq_superbpe,8192,observed,32,184737,95676,53182,28832,3.318396226415094,0.5421383174758377,0,0.0,3.318396226415094,4,6,10,"{""1"": 3831, ""10"": 49, ""2"": 7876, ""3"": 2406, ""4"": 9724, ""5"": 2085, ""6"": 1597, ""7"": 694, ""8"": 506, ""9"": 64}",8188,692,8.451392281387395,14,0.04855715871254162,0,0.0,29108,29076,276,0.9492364836978952,0,0.0,0,1498,5567,7093,0,7093,7093,1.0,0.0,316,1924,241,1849,283,2165,2167,1.1709031909140075,15.305570578691185,compression_boundary_fragmentation
train,stratum,cyrillic_african,yo,uniq_superbpe,8192,observed,32,145697,69432,59766,30797,2.254505308958665,0.5152929759394974,134,0.435107315647628,2.254505308958665,2,5,8,"{""1"": 9250, ""2"": 10781, ""3"": 7904, ""4"": 1173, ""5"": 688, ""6"": 395, ""7"": 442, ""8"": 164}",8188,703,8.585735222276503,10,0.03247069519758418,0,0.0,31438,31406,641,2.041011271731516,209,0.6786375296295094,0,2159,8914,11487,0,11487,11487,1.0,0.0,267,1671,188,1592,237,1859,1859,1.1677135678391959,14.886934673366834,compression_boundary_fragmentation
train,stratum,indic_cjk_arabic,ar,uniq_superbpe,8192,observed,32,215274,97740,54940,31350,3.1177033492822965,0.5706224972697488,702,2.2392344497607657,3.1177033492822965,3,7,9,"{""1"": 3550, ""2"": 11359, ""3"": 3402, ""4"": 8584, ""5"": 2096, ""6"": 163, ""7"": 2146, ""9"": 50}",8188,652,7.962872496336102,15,0.04784688995215311,0,0.0,31489,31457,139,0.4418730330292145,0,0.0,0,1031,7805,8838,0,8838,8838,1.0,0.0,331,1626,131,1426,269,1757,1757,1.2321178120617111,18.863955119214587,compression_boundary_fragmentation
train,stratum,indic_cjk_arabic,bn,uniq_superbpe,8192,observed,32,274908,152004,58399,48959,3.1047202761494312,0.8383533964622681,16773,34.25927817153128,3.1047202761494312,3,7,13,"{""1"": 20307, ""10"": 531, ""12"": 87, ""13"": 160, ""2"": 561, ""3"": 13409, ""4"": 3048, ""5"": 7, ""6"": 7720, ""7"": 2397, ""9"": 732}",8188,558,6.814851001465559,16,0.03268040605404522,0,0.0,49821,49789,862,1.7313061117917612,0,0.0,0,2017,6497,8515,0,8515,8515,1.0,0.0,232,1502,159,1429,220,1661,1661,1.1623512946116166,15.395381385584324,compression_boundary_fragmentation
train,stratum,indic_cjk_arabic,fa,uniq_superbpe,8192,observed,32,198722,93798,52677,27747,3.3804735647096984,0.5267384247394499,18,0.06487187804086929,3.3804735647096984,4,6,9,"{""1"": 2740, ""2"": 7426, ""3"": 3490, ""4"": 7978, ""5"": 4264, ""6"": 730, ""7"": 918, ""8"": 111, ""9"": 90}",8188,544,6.643869076697606,4,0.014415972897970952,0,0.0,27856,27824,109,0.39174813110983325,0,0.0,0,1259,8671,9930,0,9930,9930,1.0,0.0,236,1300,105,1169,191,1405,1405,1.2018819503849445,16.33875106928999,compression_boundary_fragmentation
train,stratum,indic_cjk_arabic,gu,uniq_superbpe,8192,observed,32,266235,146974,58881,46890,3.1344423117935594,0.7963519641310439,15750,33.589251439539346,3.1344423117935594,3,7,13,"{""1"": 19787, ""10"": 453, ""13"": 61, ""2"": 970, ""3"": 10298, ""4"": 4195, ""5"": 11, ""6"": 7384, ""7"": 2844, ""9"": 887}",8188,645,7.877381533952125,24,0.05118362124120281,0,0.0,47033,47001,143,0.30424884576923894,0,0.0,0,1624,8095,9723,0,9723,9723,1.0,0.0,256,1496,134,1374,189,1630,1630,1.1863173216885008,13.755458515283843,compression_boundary_fragmentation
train,stratum,indic_cjk_arabic,hi,uniq_superbpe,8192,observed,32,342431,153237,61359,45264,3.3854056203605514,0.7376912922309685,14460,31.94591728525981,3.3854056203605514,3,7,13,"{""1"": 18213, ""10"": 682, ""12"": 53, ""13"": 138, ""2"": 614, ""3"": 9963, ""4"": 3021, ""5"": 2, ""6"": 6397, ""7"": 5724, ""9"": 457}",8188,648,7.914020517830972,0,0.0,0,0.0,45401,45369,137,0.3019683043487844,0,0.0,0,1859,9951,11810,0,11810,11810,1.0,0.0,245,1566,126,1447,222,1692,1692,1.1693158258465792,15.342087076710435,compression_boundary_fragmentation
train,stratum,indic_cjk_arabic,ja,uniq_superbpe,8192,observed,32,323403,142468,61333,52162,2.7312603044361796,0.8504720134348557,0,0.0,2.7312603044361796,3,6,12,"{""1"": 10122, ""12"": 75, ""2"": 3345, ""3"": 35404, ""4"": 476, ""5"": 29, ""6"": 2634, ""7"": 1, ""9"": 76}",8188,2309,28.19980459208598,1119,2.145239829761129,0,0.0,52603,52571,441,0.8388655342298986,0,0.0,0,2412,2020,4436,0,4436,4436,1.0,0.0,562,4242,402,4082,425,4644,4644,1.1376776090151886,10.41156295933366,compression_boundary_fragmentation
train,stratum,indic_cjk_arabic,kn,uniq_superbpe,8192,observed,32,458253,153841,60531,46455,3.3116133893014745,0.7674579967289488,12597,27.116564417177916,3.3116133893014745,3,6,12,"{""1"": 17522, ""10"": 82, ""12"": 59, ""2"": 1368, ""3"": 9665, ""4"": 3275, ""5"": 9, ""6"": 12562, ""7"": 1337, ""9"": 576}",8188,741,9.049829018075233,45,0.09686793671294801,0,0.0,46686,46654,231,0.4951343936211257,0,0.0,0,1818,5422,7243,0,7243,7243,1.0,0.0,239,1450,212,1423,205,1662,1662,1.167955024595924,14.406184118060436,compression_boundary_fragmentation
train,stratum,indic_cjk_arabic,ko,uniq_superbpe,8192,observed,32,201347,118352,51206,41624,2.8433596002306363,0.812873491387728,7,0.016817220834134155,2.8433596002306363,3,4,12,"{""1"": 7411, ""12"": 57, ""2"": 1585, ""3"": 25700, ""4"": 5802, ""5"": 3, ""6"": 842, ""7"": 152, ""9"": 72}",8188,1521,18.575964826575476,926,2.2246780703440323,0,0.0,44433,44401,2809,6.326434089322313,0,0.0,1,4032,7021,11052,1,11053,11053,1.0000904813608396,0.009048136083966703,489,2322,610,2443,386,2932,2934,1.2001637331150226,15.800245599672534,compression_boundary_fragmentation
train,stratum,indic_cjk_arabic,ml,uniq_superbpe,8192,observed,32,188792,137273,52226,42355,3.241010506433715,0.8109945238004059,16398,38.71561799079211,3.241010506433715,3,9,12,"{""1"": 19844, ""10"": 123, ""12"": 1354, ""2"": 839, ""3"": 8543, ""4"": 2694, ""5"": 2, ""6"": 5998, ""7"": 376, ""9"": 2582}",8188,615,7.510991695163654,18,0.0424979341282021,0,0.0,42541,42509,186,0.4375544002446541,2,0.004721992680911344,0,1450,3745,5197,0,5197,5197,1.0,0.0,205,1205,173,1173,171,1378,1378,1.174765558397272,14.578005115089514,compression_boundary_fragmentation
train,stratum,indic_cjk_arabic,mr,uniq_superbpe,8192,observed,32,362326,145113,56571,41919,3.4617476561940888,0.7409980378639233,12657,30.193945466256352,3.4617476561940888,3,7,16,"{""1"": 16109, ""10"": 578, ""12"": 627, ""13"": 75, ""16"": 60, ""2"": 769, ""3"": 9903, ""4"": 2540, ""5"": 12, ""6"": 7790, ""7"": 2773, ""9"": 683}",8188,700,8.549096238397656,1,0.0023855530904840286,0,0.0,42088,42056,169,0.40184515883583793,0,0.0,0,1334,6444,7780,0,7780,7780,1.0,0.0,228,1392,159,1323,188,1551,1551,1.1723356009070294,14.210128495842781,compression_boundary_fragmentation
train,stratum,indic_cjk_arabic,ta,uniq_superbpe,8192,observed,32,239434,140738,53567,35665,3.946109631291182,0.6658017062743854,5775,16.19234543670265,3.946109631291182,3,7,10,"{""1"": 9878, ""10"": 388, ""2"": 955, ""3"": 8708, ""4"": 184, ""5"": 5, ""6"": 12310, ""7"": 2404, ""9"": 833}",8188,534,6.521739130434782,5,0.014019346698443853,0,0.0,37186,37154,1521,4.093771868439468,0,0.0,0,2067,3724,5791,0,5791,5791,1.0,0.0,431,1323,465,1357,296,1788,1788,1.3176123802505526,21.812822402358144,compression_boundary_fragmentation
train,stratum,indic_cjk_arabic,te,uniq_superbpe,8192,observed,32,300221,158103,60933,47125,3.354970822281167,0.7733904452431359,13704,29.080106100795756,3.354970822281167,3,6,12,"{""1"": 18814, ""10"": 117, ""12"": 370, ""2"": 1142, ""3"": 8893, ""4"": 2372, ""5"": 11, ""6"": 13567, ""7"": 1390, ""9"": 449}",8188,631,7.706399609184172,24,0.05092838196286472,0,0.0,47557,47525,432,0.908995265649658,0,0.0,0,2856,4630,7488,0,7488,7488,1.0,0.0,359,1545,394,1580,301,1939,1939,1.2272151898734178,19.050632911392405,compression_boundary_fragmentation
train,stratum,indic_cjk_arabic,ur,uniq_superbpe,8192,observed,32,431064,112341,64366,33727,3.3308921635484925,0.5239878196563403,403,1.1948883683695555,3.3308921635484925,3,7,9,"{""1"": 3640, ""2"": 10505, ""3"": 3886, ""4"": 7562, ""5"": 5845, ""6"": 283, ""7"": 1596, ""9"": 410}",8188,718,8.768930141670738,6,0.017789901266047972,0,0.0,33969,33937,242,0.7130860123169402,144,0.4269576303851514,0,1716,11829,13545,0,13545,13545,1.0,0.0,248,1680,95,1527,229,1775,1777,1.1624099541584807,14.996725605762935,compression_boundary_fragmentation
train,stratum,indic_cjk_arabic,zh,uniq_superbpe,8192,observed,32,616082,130086,53452,46624,2.790108098833219,0.872259223228317,4,0.008579272477693892,2.790108098833219,3,3,12,"{""1"": 7223, ""12"": 154, ""2"": 2224, ""3"": 35369, ""4"": 236, ""5"": 24, ""6"": 821, ""7"": 343, ""8"": 1, ""9"": 229}",8188,3254,39.741084513922814,2795,5.994766643788607,0,0.0,47316,47284,692,1.463497166060401,0,0.0,0,1906,1839,3755,0,3755,3755,1.0,0.0,365,3231,369,3235,285,3600,3602,1.1128284389489953,8.809891808346213,compression_boundary_fragmentation
train,stratum,latin_english,en,uniq_superbpe,8192,observed,32,128944,59492,59076,26830,2.21736861721953,0.45416074209492857,0,0.0,2.21736861721953,2,4,12,"{""1"": 8742, ""12"": 1, ""2"": 8193, ""3"": 6755, ""4"": 2140, ""5"": 688, ""6"": 112, ""7"": 178, ""8"": 20, ""9"": 1}",8188,873,10.661944308744504,12,0.0447260529258293,0,0.0,27328,27296,498,1.824443141852286,58,0.2161759224748416,3,1702,7297,9298,3,9301,9301,1.000322650032265,0.032265003226500326,332,1952,144,1764,266,2096,2096,1.1882086167800454,15.079365079365079,compression_boundary_fragmentation
train,language,,am,uniq_superbpe,8192,observed,32,390554,147317,59501,46377,3.176509907928499,0.7794322784491017,0,0.0,3.176509907928499,3,6,10,"{""1"": 5408, ""10"": 405, ""2"": 764, ""3"": 30823, ""4"": 5794, ""5"": 4, ""6"": 1587, ""7"": 1592}",8188,713,8.707865168539326,90,0.19406171162429653,0,0.0,46935,46903,558,1.1896893588896233,2,0.004312482480539922,0,2959,8245,11206,0,11206,11206,1.0,0.0,702,2703,104,2105,543,2807,2807,1.3334916864608075,25.795724465558195,compression_boundary_fragmentation
train,language,,ar,uniq_superbpe,8192,observed,32,215274,97740,54940,31350,3.1177033492822965,0.5706224972697488,702,2.2392344497607657,3.1177033492822965,3,7,9,"{""1"": 3550, ""2"": 11359, ""3"": 3402, ""4"": 8584, ""5"": 2096, ""6"": 163, ""7"": 2146, ""9"": 50}",8188,652,7.962872496336102,15,0.04784688995215311,0,0.0,31489,31457,139,0.4418730330292145,0,0.0,0,1031,7805,8838,0,8838,8838,1.0,0.0,331,1626,131,1426,269,1757,1757,1.2321178120617111,18.863955119214587,compression_boundary_fragmentation
train,language,,bg,uniq_superbpe,8192,observed,32,249249,102609,58537,30606,3.352577925896883,0.5228487964876916,0,0.0,3.352577925896883,4,6,9,"{""1"": 4495, ""2"": 6950, ""3"": 3152, ""4"": 9804, ""5"": 3469, ""6"": 1635, ""7"": 526, ""8"": 470, ""9"": 105}",8188,800,9.770395701025892,1,0.0032673332026400053,0,0.0,30854,30822,248,0.8046200765686847,1,0.0032673332026400053,0,1345,7539,8973,0,8973,8973,1.0,0.0,325,2147,154,1976,258,2301,2303,1.1644736842105263,13.05668016194332,compression_boundary_fragmentation
train,language,,bn,uniq_superbpe,8192,observed,32,274908,152004,58399,48959,3.1047202761494312,0.8383533964622681,16773,34.25927817153128,3.1047202761494312,3,7,13,"{""1"": 20307, ""10"": 531, ""12"": 87, ""13"": 160, ""2"": 561, ""3"": 13409, ""4"": 3048, ""5"": 7, ""6"": 7720, ""7"": 2397, ""9"": 732}",8188,558,6.814851001465559,16,0.03268040605404522,0,0.0,49821,49789,862,1.7313061117917612,0,0.0,0,2017,6497,8515,0,8515,8515,1.0,0.0,232,1502,159,1429,220,1661,1661,1.1623512946116166,15.395381385584324,compression_boundary_fragmentation
train,language,,c,uniq_superbpe,8192,observed,32,269690,51063,51060,27130,1.882159970512348,0.5313356835095966,0,0.0,1.882159970512348,1,5,16,"{""1"": 15807, ""10"": 39, ""12"": 17, ""13"": 17, ""14"": 1, ""16"": 34, ""2"": 5894, ""3"": 2586, ""4"": 1204, ""5"": 682, ""6"": 378, ""7"": 156, ""8"": 84, ""9"": 231}",8188,846,10.332193453834881,1,0.003685956505713233,0,0.0,28400,28368,1270,4.47687535250987,31,0.11426465167711021,423,2765,3506,5926,339,6349,9740,1.071380357745528,5.720553493081336,2011,5626,478,4093,597,6104,6116,1.4913266552650868,14.585878328854141,compression_boundary_fragmentation
train,language,,cpp,uniq_superbpe,8192,observed,32,735578,54217,54213,27417,1.9774957143378196,0.5057274085551436,0,0.0,1.9774957143378196,1,5,16,"{""1"": 15520, ""10"": 25, ""11"": 7, ""12"": 22, ""13"": 38, ""14"": 1, ""16"": 42, ""2"": 5827, ""3"": 2850, ""4"": 1200, ""5"": 767, ""6"": 540, ""7"": 133, ""8"": 89, ""9"": 356}",8188,870,10.625305324865657,0,0.0,0,0.0,28601,28569,1184,4.144352269942945,20,0.072947441368494,324,2693,2914,5352,232,5676,9575,1.0605381165919283,4.334828101644245,1780,5764,494,4478,1001,6258,6268,1.3974988834301028,22.3537293434569,compression_boundary_fragmentation
train,language,,en,uniq_superbpe,8192,observed,32,128944,59492,59076,26830,2.21736861721953,0.45416074209492857,0,0.0,2.21736861721953,2,4,12,"{""1"": 8742, ""12"": 1, ""2"": 8193, ""3"": 6755, ""4"": 2140, ""5"": 688, ""6"": 112, ""7"": 178, ""8"": 20, ""9"": 1}",8188,873,10.661944308744504,12,0.0447260529258293,0,0.0,27328,27296,498,1.824443141852286,58,0.2161759224748416,3,1702,7297,9298,3,9301,9301,1.000322650032265,0.032265003226500326,332,1952,144,1764,266,2096,2096,1.1882086167800454,15.079365079365079,compression_boundary_fragmentation
train,language,,fa,uniq_superbpe,8192,observed,32,198722,93798,52677,27747,3.3804735647096984,0.5267384247394499,18,0.06487187804086929,3.3804735647096984,4,6,9,"{""1"": 2740, ""2"": 7426, ""3"": 3490, ""4"": 7978, ""5"": 4264, ""6"": 730, ""7"": 918, ""8"": 111, ""9"": 90}",8188,544,6.643869076697606,4,0.014415972897970952,0,0.0,27856,27824,109,0.39174813110983325,0,0.0,0,1259,8671,9930,0,9930,9930,1.0,0.0,236,1300,105,1169,191,1405,1405,1.2018819503849445,16.33875106928999,compression_boundary_fragmentation
train,language,,go,uniq_superbpe,8192,observed,32,514454,56813,56813,28270,2.0096568800848957,0.49759738088113636,0,0.0,2.0096568800848957,1,5,16,"{""1"": 14614, ""10"": 12, ""12"": 22, ""16"": 9, ""2"": 6447, ""3"": 3698, ""4"": 1706, ""5"": 514, ""6"": 699, ""7"": 321, ""8"": 204, ""9"": 24}",8188,858,10.478749389350268,0,0.0,0,0.0,28975,28943,705,2.435822133158277,35,0.1238061549345596,117,3148,3263,6386,92,6503,9031,1.0183213279047918,1.4406514249921705,1030,6063,371,5404,868,6434,6454,1.19059955588453,16.06217616580311,compression_boundary_fragmentation
train,language,,gu,uniq_superbpe,8192,observed,32,266235,146974,58881,46890,3.1344423117935594,0.7963519641310439,15750,33.589251439539346,3.1344423117935594,3,7,13,"{""1"": 19787, ""10"": 453, ""13"": 61, ""2"": 970, ""3"": 10298, ""4"": 4195, ""5"": 11, ""6"": 7384, ""7"": 2844, ""9"": 887}",8188,645,7.877381533952125,24,0.05118362124120281,0,0.0,47033,47001,143,0.30424884576923894,0,0.0,0,1624,8095,9723,0,9723,9723,1.0,0.0,256,1496,134,1374,189,1630,1630,1.1863173216885008,13.755458515283843,compression_boundary_fragmentation
train,language,,hi,uniq_superbpe,8192,observed,32,342431,153237,61359,45264,3.3854056203605514,0.7376912922309685,14460,31.94591728525981,3.3854056203605514,3,7,13,"{""1"": 18213, ""10"": 682, ""12"": 53, ""13"": 138, ""2"": 614, ""3"": 9963, ""4"": 3021, ""5"": 2, ""6"": 6397, ""7"": 5724, ""9"": 457}",8188,648,7.914020517830972,0,0.0,0,0.0,45401,45369,137,0.3019683043487844,0,0.0,0,1859,9951,11810,0,11810,11810,1.0,0.0,245,1566,126,1447,222,1692,1692,1.1693158258465792,15.342087076710435,compression_boundary_fragmentation
train,language,,ja,uniq_superbpe,8192,observed,32,323403,142468,61333,52162,2.7312603044361796,0.8504720134348557,0,0.0,2.7312603044361796,3,6,12,"{""1"": 10122, ""12"": 75, ""2"": 3345, ""3"": 35404, ""4"": 476, ""5"": 29, ""6"": 2634, ""7"": 1, ""9"": 76}",8188,2309,28.19980459208598,1119,2.145239829761129,0,0.0,52603,52571,441,0.8388655342298986,0,0.0,0,2412,2020,4436,0,4436,4436,1.0,0.0,562,4242,402,4082,425,4644,4644,1.1376776090151886,10.41156295933366,compression_boundary_fragmentation
train,language,,java,uniq_superbpe,8192,observed,32,175611,43999,43605,20131,2.185634096666832,0.46166723999541337,0,0.0,2.185634096666832,2,6,16,"{""1"": 9960, ""10"": 23, ""12"": 13, ""13"": 30, ""16"": 34, ""2"": 4342, ""3"": 2643, ""4"": 1314, ""5"": 598, ""6"": 695, ""7"": 265, ""8"": 91, ""9"": 123}",8188,920,11.235955056179776,11,0.054642094282449954,0,0.0,21172,21140,1041,4.924314096499527,9,0.044707168049277234,198,1835,2106,3775,190,3973,7594,1.0524503311258278,5.033112582781457,864,3869,268,3273,507,4137,4145,1.2639780018331805,15.490375802016498,compression_boundary_fragmentation
train,language,,javascript,uniq_superbpe,8192,observed,32,112493,38980,38152,20561,1.895822187636788,0.538923254351017,0,0.0,1.895822187636788,1,5,16,"{""1"": 11727, ""10"": 7, ""11"": 15, ""12"": 3, ""13"": 33, ""14"": 5, ""16"": 24, ""2"": 4743, ""3"": 2160, ""4"": 590, ""5"": 478, ""6"": 375, ""7"": 169, ""8"": 138, ""9"": 94}",8188,918,11.211529066927211,20,0.0972715334857254,0,0.0,21975,21943,1414,6.443968463746981,1,0.00486357667428627,276,2074,1835,3702,211,3978,7448,1.0745542949756888,5.699621826039978,1703,5494,439,4230,1261,5933,5941,1.4026004728132389,29.810874704491727,compression_boundary_fragmentation
train,language,,kn,uniq_superbpe,8192,observed,32,458253,153841,60531,46455,3.3116133893014745,0.7674579967289488,12597,27.116564417177916,3.3116133893014745,3,6,12,"{""1"": 17522, ""10"": 82, ""12"": 59, ""2"": 1368, ""3"": 9665, ""4"": 3275, ""5"": 9, ""6"": 12562, ""7"": 1337, ""9"": 576}",8188,741,9.049829018075233,45,0.09686793671294801,0,0.0,46686,46654,231,0.4951343936211257,0,0.0,0,1818,5422,7243,0,7243,7243,1.0,0.0,239,1450,212,1423,205,1662,1662,1.167955024595924,14.406184118060436,compression_boundary_fragmentation
train,language,,ko,uniq_superbpe,8192,observed,32,201347,118352,51206,41624,2.8433596002306363,0.812873491387728,7,0.016817220834134155,2.8433596002306363,3,4,12,"{""1"": 7411, ""12"": 57, ""2"": 1585, ""3"": 25700, ""4"": 5802, ""5"": 3, ""6"": 842, ""7"": 152, ""9"": 72}",8188,1521,18.575964826575476,926,2.2246780703440323,0,0.0,44433,44401,2809,6.326434089322313,0,0.0,1,4032,7021,11052,1,11053,11053,1.0000904813608396,0.009048136083966703,489,2322,610,2443,386,2932,2934,1.2001637331150226,15.800245599672534,compression_boundary_fragmentation
train,language,,ml,uniq_superbpe,8192,observed,32,188792,137273,52226,42355,3.241010506433715,0.8109945238004059,16398,38.71561799079211,3.241010506433715,3,9,12,"{""1"": 19844, ""10"": 123, ""12"": 1354, ""2"": 839, ""3"": 8543, ""4"": 2694, ""5"": 2, ""6"": 5998, ""7"": 376, ""9"": 2582}",8188,615,7.510991695163654,18,0.0424979341282021,0,0.0,42541,42509,186,0.4375544002446541,2,0.004721992680911344,0,1450,3745,5197,0,5197,5197,1.0,0.0,205,1205,173,1173,171,1378,1378,1.174765558397272,14.578005115089514,compression_boundary_fragmentation
train,language,,mr,uniq_superbpe,8192,observed,32,362326,145113,56571,41919,3.4617476561940888,0.7409980378639233,12657,30.193945466256352,3.4617476561940888,3,7,16,"{""1"": 16109, ""10"": 578, ""12"": 627, ""13"": 75, ""16"": 60, ""2"": 769, ""3"": 9903, ""4"": 2540, ""5"": 12, ""6"": 7790, ""7"": 2773, ""9"": 683}",8188,700,8.549096238397656,1,0.0023855530904840286,0,0.0,42088,42056,169,0.40184515883583793,0,0.0,0,1334,6444,7780,0,7780,7780,1.0,0.0,228,1392,159,1323,188,1551,1551,1.1723356009070294,14.210128495842781,compression_boundary_fragmentation
train,language,,python,uniq_superbpe,8192,observed,32,193155,48487,48387,22041,2.1998548160246814,0.45551491102982206,0,0.0,2.1998548160246814,1,6,16,"{""1"": 11074, ""10"": 16, ""11"": 5, ""12"": 20, ""13"": 59, ""16"": 81, ""2"": 4623, ""3"": 3021, ""4"": 1396, ""5"": 696, ""6"": 412, ""7"": 307, ""8"": 78, ""9"": 253}",8188,873,10.661944308744504,6,0.027221995372260787,0,0.0,23272,23240,1231,5.296901893287435,18,0.08166598611678236,262,2239,2583,4625,91,4887,10776,1.0566486486486486,1.9675675675675677,1352,4909,305,3862,761,5214,5228,1.3500776799585708,19.70481615743138,compression_boundary_fragmentation
train,language,,ru,uniq_superbpe,8192,observed,32,231857,106212,58870,30622,3.4684867089020965,0.5201630711737727,0,0.0,3.4684867089020965,4,6,9,"{""1"": 3640, ""2"": 7495, ""3"": 2707, ""4"": 10376, ""5"": 2438, ""6"": 2598, ""7"": 848, ""8"": 437, ""9"": 83}",8188,721,8.805569125549585,2,0.006531252041016263,0,0.0,30866,30834,244,0.7913342414218071,0,0.0,0,1424,6353,7811,0,7811,7811,1.0,0.0,275,1714,201,1640,220,1915,1917,1.1676829268292683,13.414634146341463,compression_boundary_fragmentation
train,language,,rust,uniq_superbpe,8192,observed,32,405448,56922,56922,29047,1.9596515991324406,0.5102947893608798,0,0.0,1.9596515991324406,1,5,16,"{""1"": 16628, ""10"": 19, ""12"": 9, ""13"": 136, ""14"": 5, ""16"": 71, ""2"": 5751, ""3"": 3353, ""4"": 1423, ""5"": 972, ""6"": 270, ""7"": 167, ""8"": 67, ""9"": 176}",8188,839,10.246702491450904,1,0.0034426963197576343,0,0.0,30695,30663,1648,5.37455565339334,18,0.06196853375563741,175,2929,3406,6228,159,6403,13231,1.0280989081567116,2.5529865125240847,2749,8071,505,5827,1968,8576,8582,1.4717693495795434,33.773811566844,compression_boundary_fragmentation
train,language,,sql,uniq_superbpe,8192,observed,32,962841,36373,36088,20490,1.7751586139580282,0.5677787630237198,0,0.0,1.7751586139580282,1,5,16,"{""1"": 12703, ""10"": 5, ""11"": 3, ""12"": 5, ""13"": 13, ""16"": 50, ""2"": 4264, ""3"": 1692, ""4"": 799, ""5"": 399, ""6"": 275, ""7"": 173, ""8"": 79, ""9"": 30}",8188,815,9.953590620420128,3,0.014641288433382138,0,0.0,21135,21103,645,3.056437473345022,6,0.029282576866764276,257,2021,2136,3925,237,4182,6655,1.0654777070063695,6.038216560509555,1395,4246,252,3103,650,4498,4498,1.4495649371575894,20.947470190138574,compression_boundary_fragmentation
train,language,,sw,uniq_superbpe,8192,observed,32,302841,62449,62216,30449,2.050937633419817,0.4894078693583644,58,0.1904824460573418,2.050937633419817,2,3,7,"{""1"": 9090, ""2"": 12125, ""3"": 8291, ""4"": 676, ""5"": 167, ""6"": 3, ""7"": 97}",8188,702,8.57352222765022,3,0.009852540313310782,0,0.0,30689,30657,240,0.7828554653097172,0,0.0,5,1417,7689,9101,5,9106,9106,1.0005493901769036,0.054939017690363696,305,1623,130,1448,263,1753,1753,1.2106353591160222,18.162983425414364,compression_boundary_fragmentation
train,language,,ta,uniq_superbpe,8192,observed,32,239434,140738,53567,35665,3.946109631291182,0.6658017062743854,5775,16.19234543670265,3.946109631291182,3,7,10,"{""1"": 9878, ""10"": 388, ""2"": 955, ""3"": 8708, ""4"": 184, ""5"": 5, ""6"": 12310, ""7"": 2404, ""9"": 833}",8188,534,6.521739130434782,5,0.014019346698443853,0,0.0,37186,37154,1521,4.093771868439468,0,0.0,0,2067,3724,5791,0,5791,5791,1.0,0.0,431,1323,465,1357,296,1788,1788,1.3176123802505526,21.812822402358144,compression_boundary_fragmentation
train,language,,te,uniq_superbpe,8192,observed,32,300221,158103,60933,47125,3.354970822281167,0.7733904452431359,13704,29.080106100795756,3.354970822281167,3,6,12,"{""1"": 18814, ""10"": 117, ""12"": 370, ""2"": 1142, ""3"": 8893, ""4"": 2372, ""5"": 11, ""6"": 13567, ""7"": 1390, ""9"": 449}",8188,631,7.706399609184172,24,0.05092838196286472,0,0.0,47557,47525,432,0.908995265649658,0,0.0,0,2856,4630,7488,0,7488,7488,1.0,0.0,359,1545,394,1580,301,1939,1939,1.2272151898734178,19.050632911392405,compression_boundary_fragmentation
train,language,,typescript,uniq_superbpe,8192,observed,32,734901,43989,43698,20108,2.187636761487965,0.46015835965032725,0,0.0,2.187636761487965,1,6,16,"{""1"": 10407, ""10"": 5, ""11"": 107, ""12"": 5, ""13"": 9, ""16"": 11, ""2"": 4320, ""3"": 2181, ""4"": 973, ""5"": 734, ""6"": 660, ""7"": 438, ""8"": 91, ""9"": 167}",8188,904,11.040547142159257,6,0.02983887010145216,0,0.0,21686,21654,1578,7.287337212524245,7,0.03481201511836085,301,2190,2209,4263,293,4564,8393,1.070607553366174,6.873094065212292,1104,4061,335,3292,749,4396,4406,1.3353584447144593,22.752126366950183,compression_boundary_fragmentation
train,language,,uk,uniq_superbpe,8192,observed,32,184737,95676,53182,28832,3.318396226415094,0.5421383174758377,0,0.0,3.318396226415094,4,6,10,"{""1"": 3831, ""10"": 49, ""2"": 7876, ""3"": 2406, ""4"": 9724, ""5"": 2085, ""6"": 1597, ""7"": 694, ""8"": 506, ""9"": 64}",8188,692,8.451392281387395,14,0.04855715871254162,0,0.0,29108,29076,276,0.9492364836978952,0,0.0,0,1498,5567,7093,0,7093,7093,1.0,0.0,316,1924,241,1849,283,2165,2167,1.1709031909140075,15.305570578691185,compression_boundary_fragmentation
train,language,,ur,uniq_superbpe,8192,observed,32,431064,112341,64366,33727,3.3308921635484925,0.5239878196563403,403,1.1948883683695555,3.3308921635484925,3,7,9,"{""1"": 3640, ""2"": 10505, ""3"": 3886, ""4"": 7562, ""5"": 5845, ""6"": 283, ""7"": 1596, ""9"": 410}",8188,718,8.768930141670738,6,0.017789901266047972,0,0.0,33969,33937,242,0.7130860123169402,144,0.4269576303851514,0,1716,11829,13545,0,13545,13545,1.0,0.0,248,1680,95,1527,229,1775,1777,1.1624099541584807,14.996725605762935,compression_boundary_fragmentation
train,language,,yo,uniq_superbpe,8192,observed,32,145697,69432,59766,30797,2.254505308958665,0.5152929759394974,134,0.435107315647628,2.254505308958665,2,5,8,"{""1"": 9250, ""2"": 10781, ""3"": 7904, ""4"": 1173, ""5"": 688, ""6"": 395, ""7"": 442, ""8"": 164}",8188,703,8.585735222276503,10,0.03247069519758418,0,0.0,31438,31406,641,2.041011271731516,209,0.6786375296295094,0,2159,8914,11487,0,11487,11487,1.0,0.0,267,1671,188,1592,237,1859,1859,1.1677135678391959,14.886934673366834,compression_boundary_fragmentation
train,language,,zh,uniq_superbpe,8192,observed,32,616082,130086,53452,46624,2.790108098833219,0.872259223228317,4,0.008579272477693892,2.790108098833219,3,3,12,"{""1"": 7223, ""12"": 154, ""2"": 2224, ""3"": 35369, ""4"": 236, ""5"": 24, ""6"": 821, ""7"": 343, ""8"": 1, ""9"": 229}",8188,3254,39.741084513922814,2795,5.994766643788607,0,0.0,47316,47284,692,1.463497166060401,0,0.0,0,1906,1839,3755,0,3755,3755,1.0,0.0,365,3231,369,3235,285,3600,3602,1.1128284389489953,8.809891808346213,compression_boundary_fragmentation
train,domain,code,,uniq_superbpe,8192,observed,288,4104171,430843,428938,215195,2.002105067496921,0.5016925523035963,0,0.0,2.002105067496921,1,5,16,"{""1"": 118440, ""10"": 151, ""11"": 137, ""12"": 116, ""13"": 335, ""14"": 12, ""16"": 356, ""2"": 46211, ""3"": 24184, ""4"": 10605, ""5"": 5840, ""6"": 4304, ""7"": 2129, ""8"": 921, ""9"": 1454}",8188,1344,16.4142647777235,48,0.022305350960756525,0,0.0,225911,225623,10716,4.749515785181475,145,0.067380747693952,2333,21894,23958,44182,1844,46515,82443,1.0528043094472863,4.173645375944955,13988,48103,3447,37562,8362,51550,51638,1.372397635908631,22.26186039082051,compression_boundary_fragmentation
train,domain,cyrillic_african,,uniq_superbpe,8192,observed,192,1504935,583695,352072,197683,2.952681818871628,0.5614845826989934,192,0.09712519538857665,2.952681818871628,3,6,10,"{""1"": 35714, ""10"": 454, ""2"": 45991, ""3"": 55283, ""4"": 37547, ""5"": 8851, ""6"": 7815, ""7"": 4199, ""8"": 1577, ""9"": 252}",8188,1657,20.23693209574988,120,0.06070324711786041,0,0.0,199890,199698,2207,1.105168804895392,212,0.1072424032415534,5,10802,44307,55671,5,55676,55676,1.0000898133678218,0.008981336782166657,2190,11782,1018,10610,1804,12800,12806,1.2064090480678604,17.00282752120641,compression_boundary_fragmentation
train,domain,indic_cjk_arabic,,uniq_superbpe,8192,observed,448,4418492,1882068,800441,587866,3.201525517720025,0.7344276467597237,109248,18.583826926544486,3.201525517720025,3,7,16,"{""1"": 175160, ""10"": 2954, ""12"": 2836, ""13"": 434, ""16"": 60, ""2"": 43662, ""3"": 186633, ""4"": 51967, ""5"": 12320, ""6"": 79201, ""7"": 24401, ""8"": 112, ""9"": 8126}",8188,7029,85.84513922813873,4998,0.8501937516372778,0,0.0,595979,595531,8113,1.3623136327076173,146,0.024835591784522323,1,27381,87693,115103,1,115104,115104,1.0000086878708634,0.0008687870863487486,4426,25880,3534,24988,3577,29414,29420,1.1771250200096046,14.31487113814631,compression_boundary_fragmentation
train,domain,latin_english,,uniq_superbpe,8192,observed,32,128944,59492,59076,26830,2.21736861721953,0.45416074209492857,0,0.0,2.21736861721953,2,4,12,"{""1"": 8742, ""12"": 1, ""2"": 8193, ""3"": 6755, ""4"": 2140, ""5"": 688, ""6"": 112, ""7"": 178, ""8"": 20, ""9"": 1}",8188,873,10.661944308744504,12,0.0447260529258293,0,0.0,27328,27296,498,1.824443141852286,58,0.2161759224748416,3,1702,7297,9298,3,9301,9301,1.000322650032265,0.032265003226500326,332,1952,144,1764,266,2096,2096,1.1882086167800454,15.079365079365079,compression_boundary_fragmentation
train,aggregate,,,uniq_superbpe,8192,observed,960,10156542,2956098,1640527,1027574,2.876773838185863,0.6263682341101365,109440,10.650327859599406,2.876773838185863,3,6,16,"{""1"": 338056, ""10"": 3559, ""11"": 137, ""12"": 2953, ""13"": 769, ""14"": 12, ""16"": 416, ""2"": 144057, ""3"": 272855, ""4"": 102259, ""5"": 27699, ""6"": 91432, ""7"": 30907, ""8"": 2630, ""9"": 9833}",8188,7969,97.32535417684416,5178,0.503905314848371,0,0.0,1049108,1048148,21534,2.0544808557570113,561,0.05459460827152108,2342,61779,163255,224254,1853,226596,262524,1.0104435149428772,0.826295183140546,20936,87717,8143,74924,14009,95860,95960,1.2794298222198495,18.69761358176285,compression_boundary_fragmentation
validation,stratum,flores200,am,uniq_superbpe,8192,observed,32,6471,6471,2573,2010,3.219402985074627,0.7811892732219199,0,0.0,3.219402985074627,3,6,10,"{""1"": 174, ""10"": 21, ""2"": 32, ""3"": 1402, ""4"": 266, ""6"": 52, ""7"": 63}",8188,278,3.3952125061064975,9,0.44776119402985076,0,0.0,2026,1994,16,0.802407221664995,0,0.0,0,117,369,486,0,486,486,1.0,0.0,1,76,0,75,1,76,76,1.0133333333333334,1.3333333333333333,compression_boundary_fragmentation
validation,stratum,flores200,ar,uniq_superbpe,8192,observed,32,6539,6539,3628,2053,3.185094982951778,0.5658765159867696,48,2.338041889917194,3.185094982951778,3,7,9,"{""1"": 194, ""2"": 750, ""3"": 207, ""4"": 586, ""5"": 161, ""6"": 12, ""7"": 142, ""9"": 1}",8188,282,3.444064484611627,9,0.43838285435947394,5,0.24354603019970775,2058,2026,5,0.24679170779861798,0,0.0,0,60,521,581,0,581,581,1.0,0.0,2,83,5,86,2,88,88,1.0232558139534884,2.3255813953488373,compression_boundary_fragmentation
validation,stratum,flores200,bg,uniq_superbpe,8192,observed,32,7484,7482,4146,2132,3.5093808630393997,0.5142305836951279,0,0.0,3.5093808630393997,4,6,9,"{""1"": 213, ""2"": 480, ""3"": 217, ""4"": 775, ""5"": 249, ""6"": 117, ""7"": 42, ""8"": 34, ""9"": 5}",8188,354,4.323400097703957,0,0.0,0,0.0,2145,2113,13,0.6152389966871746,0,0.0,0,83,525,617,0,617,617,1.0,0.0,3,120,4,121,3,124,124,1.024793388429752,2.479338842975207,compression_boundary_fragmentation
validation,stratum,flores200,bn,uniq_superbpe,8192,observed,32,10607,10772,4028,3433,3.137780367025925,0.8522840119165839,1260,36.70259248470725,3.137780367025925,3,7,13,"{""1"": 1457, ""10"": 50, ""12"": 5, ""13"": 14, ""2"": 15, ""3"": 929, ""4"": 186, ""6"": 551, ""7"": 164, ""9"": 62}",8188,206,2.515876893014167,0,0.0,0,0.0,3484,3452,51,1.477404403244496,0,0.0,2,134,426,558,2,560,560,1.003584229390681,0.35842293906810035,8,83,7,82,5,90,90,1.0975609756097562,6.097560975609756,compression_boundary_fragmentation
validation,stratum,flores200,fa,uniq_superbpe,8192,observed,32,6879,6879,3885,2036,3.3786836935166993,0.524066924066924,4,0.19646365422396855,3.3786836935166993,3,6,9,"{""1"": 152, ""2"": 592, ""3"": 277, ""4"": 586, ""5"": 301, ""6"": 53, ""7"": 61, ""8"": 8, ""9"": 6}",8188,347,4.23790913531998,1,0.04911591355599214,0,0.0,2045,2013,9,0.44709388971684055,0,0.0,0,57,643,700,0,700,700,1.0,0.0,4,99,9,104,4,108,108,1.0384615384615385,3.8461538461538463,compression_boundary_fragmentation
validation,stratum,flores200,gu,uniq_superbpe,8192,observed,32,9612,9612,3700,3213,2.991596638655462,0.8683783783783784,1227,38.18860877684407,2.991596638655462,3,7,13,"{""1"": 1459, ""10"": 42, ""13"": 2, ""2"": 34, ""3"": 749, ""4"": 241, ""6"": 492, ""7"": 135, ""9"": 59}",8188,213,2.6013678553981436,1,0.03112356053532524,0,0.0,3223,3191,10,0.31338138514572234,0,0.0,2,124,446,568,2,570,570,1.0035211267605635,0.352112676056338,13,81,10,78,10,91,91,1.1666666666666667,12.820512820512821,compression_boundary_fragmentation
validation,stratum,flores200,hi,uniq_superbpe,8192,observed,32,10059,10074,3966,3097,3.2528253148207944,0.780887544125063,1092,35.259928963513076,3.2528253148207944,3,7,13,"{""1"": 1308, ""10"": 39, ""12"": 6, ""13"": 8, ""2"": 33, ""3"": 715, ""4"": 187, ""6"": 416, ""7"": 360, ""9"": 25}",8188,270,3.2975085490962384,0,0.0,0,0.0,3102,3070,5,0.16286644951140064,0,0.0,0,127,620,747,0,747,747,1.0,0.0,1,76,5,80,1,81,81,1.0125,1.25,compression_boundary_fragmentation
validation,stratum,flores200,ja,uniq_superbpe,8192,observed,32,5120,5110,1782,1687,3.029045643153527,0.94668911335578,81,4.801422643746295,3.029045643153527,3,6,6,"{""1"": 145, ""2"": 21, ""3"": 1401, ""6"": 120}",8188,499,6.0942843185149,135,8.002371072910492,57,3.3787788974510966,1687,1655,0,0.0,0,0.0,0,0,2,2,0,2,2,1.0,0.0,2,113,0,111,2,113,113,1.018018018018018,1.8018018018018018,compression_boundary_fragmentation
validation,stratum,flores200,kn,uniq_superbpe,8192,observed,32,11332,11326,4264,3370,3.360830860534125,0.7903377110694184,1008,29.910979228486646,3.360830860534125,3,6,12,"{""1"": 1316, ""10"": 8, ""12"": 9, ""2"": 44, ""3"": 691, ""4"": 189, ""6"": 964, ""7"": 110, ""9"": 39}",8188,227,2.772349780166097,2,0.05934718100890208,0,0.0,3389,3357,19,0.5659815311289842,0,0.0,46,203,346,503,42,549,549,1.091451292246521,8.34990059642147,0,71,19,90,0,90,90,1.0,0.0,compression_boundary_fragmentation
validation,stratum,flores200,ko,uniq_superbpe,8192,observed,32,4735,4735,2037,1677,2.823494335122242,0.8232695139911634,45,2.6833631484794274,2.823494335122242,3,4,9,"{""1"": 320, ""2"": 63, ""3"": 1008, ""4"": 228, ""6"": 55, ""7"": 2, ""9"": 1}",8188,485,5.923302393746947,86,5.128205128205129,27,1.6100178890876566,1787,1755,110,6.267806267806268,0,0.0,0,159,271,430,0,430,430,1.0,0.0,6,70,11,75,4,81,81,1.08,5.333333333333333,compression_boundary_fragmentation
validation,stratum,flores200,ml,uniq_superbpe,8192,observed,32,11894,11894,4384,3740,3.1802139037433155,0.8531021897810219,1509,40.3475935828877,3.1802139037433155,3,9,12,"{""1"": 1779, ""10"": 16, ""12"": 123, ""2"": 37, ""3"": 807, ""4"": 205, ""6"": 571, ""7"": 40, ""9"": 162}",8188,223,2.7234978016609674,1,0.026737967914438502,0,0.0,3751,3719,11,0.295778435063189,0,0.0,5,159,288,442,5,447,447,1.01131221719457,1.1312217194570136,11,80,11,80,8,91,91,1.1375,10.0,compression_boundary_fragmentation
validation,stratum,flores200,mr,uniq_superbpe,8192,observed,32,10965,10965,4109,3382,3.2421643997634537,0.8230713068873206,1254,37.07865168539326,3.2421643997634537,3,7,13,"{""1"": 1467, ""10"": 33, ""12"": 67, ""13"": 7, ""2"": 23, ""3"": 816, ""4"": 172, ""6"": 560, ""7"": 201, ""9"": 36}",8188,278,3.3952125061064975,0,0.0,0,0.0,3389,3357,7,0.20851951146857314,0,0.0,1,114,430,543,1,544,544,1.0018416206261511,0.1841620626151013,10,81,7,78,7,88,88,1.1282051282051282,8.974358974358974,compression_boundary_fragmentation
validation,stratum,flores200,ru,uniq_superbpe,8192,observed,32,7654,7654,4261,2276,3.3629173989455183,0.5341469138699836,0,0.0,3.3629173989455183,4,6,9,"{""1"": 277, ""2"": 627, ""3"": 197, ""4"": 749, ""5"": 160, ""6"": 169, ""7"": 64, ""8"": 23, ""9"": 10}",8188,415,5.068392769907181,0,0.0,0,0.0,2288,2256,12,0.5319148936170213,0,0.0,5,115,457,571,5,576,576,1.0087565674255692,0.8756567425569177,6,122,8,124,5,130,130,1.0483870967741935,4.032258064516129,compression_boundary_fragmentation
validation,stratum,flores200,sw,uniq_superbpe,8192,observed,32,4405,4405,4397,2032,2.1678149606299213,0.46213327268592225,0,0.0,2.1678149606299213,2,4,7,"{""1"": 523, ""2"": 805, ""3"": 602, ""4"": 74, ""5"": 13, ""7"": 15}",8188,386,4.714215925744993,0,0.0,0,0.0,2039,2007,7,0.3487792725460887,0,0.0,0,84,576,660,0,660,660,1.0,0.0,1,74,3,76,1,77,77,1.013157894736842,1.3157894736842106,compression_boundary_fragmentation
validation,stratum,flores200,ta,uniq_superbpe,8192,observed,32,12193,12193,4517,3008,4.053523936170213,0.6659287137480628,522,17.35372340425532,4.053523936170213,3,7,10,"{""1"": 812, ""10"": 25, ""2"": 53, ""3"": 697, ""4"": 17, ""6"": 1112, ""7"": 217, ""9"": 75}",8188,196,2.3937469467513433,2,0.06648936170212766,0,0.0,3128,3096,120,3.875968992248062,0,0.0,1,171,304,474,1,475,475,1.0021097046413503,0.2109704641350211,13,84,27,98,10,111,111,1.1326530612244898,10.204081632653061,compression_boundary_fragmentation
validation,stratum,flores200,te,uniq_superbpe,8192,observed,32,10409,10409,3954,3097,3.3609945108169197,0.7832574607991907,915,29.544720697449144,3.3609945108169197,3,6,12,"{""1"": 1261, ""10"": 11, ""12"": 19, ""2"": 60, ""3"": 565, ""4"": 132, ""6"": 950, ""7"": 62, ""9"": 37}",8188,262,3.1998045920859797,0,0.0,0,0.0,3115,3083,18,0.5838469023678236,0,0.0,6,235,251,480,6,486,486,1.0125,1.25,7,74,18,85,7,92,92,1.0823529411764705,8.235294117647058,compression_boundary_fragmentation
validation,stratum,flores200,uk,uniq_superbpe,8192,observed,32,7446,7446,4118,2234,3.333034914950761,0.5424963574550753,0,0.0,3.333034914950761,4,6,10,"{""1"": 257, ""10"": 3, ""2"": 641, ""3"": 195, ""4"": 757, ""5"": 158, ""6"": 133, ""7"": 56, ""8"": 22, ""9"": 12}",8188,374,4.567659990229604,1,0.044762757385854966,0,0.0,2242,2210,8,0.36199095022624433,0,0.0,0,108,444,555,0,555,555,1.0,0.0,2,121,5,124,2,126,126,1.0161290322580645,1.6129032258064515,compression_boundary_fragmentation
validation,stratum,flores200,ur,uniq_superbpe,8192,observed,32,6879,6879,3892,2072,3.319980694980695,0.5323741007194245,10,0.4826254826254826,3.319980694980695,3,6,9,"{""1"": 138, ""2"": 717, ""3"": 264, ""4"": 488, ""5"": 348, ""6"": 20, ""7"": 85, ""9"": 12}",8188,306,3.7371763556424034,0,0.0,0,0.0,2077,2045,5,0.24449877750611246,3,0.14478764478764478,0,71,722,793,0,793,793,1.0,0.0,1,70,2,71,1,72,72,1.0140845070422535,1.408450704225352,compression_boundary_fragmentation
validation,stratum,flores200,yo,uniq_superbpe,8192,observed,32,5060,5063,3889,2831,1.7884139879901095,0.7279506299820006,292,10.31437654539032,1.7884139879901095,2,3,6,"{""1"": 1194, ""2"": 1160, ""3"": 400, ""4"": 44, ""5"": 25, ""6"": 8}",8188,357,4.360039081582804,11,0.3885552808194984,6,0.21193924408336276,2853,2821,22,0.7798652959943283,4,0.14129282938890853,0,271,442,718,0,718,718,1.0,0.0,2,61,17,76,2,78,78,1.0263157894736843,2.6315789473684212,compression_boundary_fragmentation
validation,stratum,flores200,zh,uniq_superbpe,8192,observed,32,3887,3769,1485,1439,2.6191799861014595,0.969023569023569,78,5.42043085476025,2.6191799861014595,3,3,6,"{""1"": 243, ""2"": 68, ""3"": 1124, ""4"": 3, ""6"": 1}",8188,609,7.43771372740596,155,10.771369006254343,46,3.1966643502432244,1443,1411,4,0.28348688873139616,0,0.0,0,34,29,63,0,63,63,1.0,0.0,6,134,4,132,6,138,138,1.0454545454545454,4.545454545454546,compression_boundary_fragmentation
validation,language,,am,uniq_superbpe,8192,observed,32,6471,6471,2573,2010,3.219402985074627,0.7811892732219199,0,0.0,3.219402985074627,3,6,10,"{""1"": 174, ""10"": 21, ""2"": 32, ""3"": 1402, ""4"": 266, ""6"": 52, ""7"": 63}",8188,278,3.3952125061064975,9,0.44776119402985076,0,0.0,2026,1994,16,0.802407221664995,0,0.0,0,117,369,486,0,486,486,1.0,0.0,1,76,0,75,1,76,76,1.0133333333333334,1.3333333333333333,compression_boundary_fragmentation
validation,language,,ar,uniq_superbpe,8192,observed,32,6539,6539,3628,2053,3.185094982951778,0.5658765159867696,48,2.338041889917194,3.185094982951778,3,7,9,"{""1"": 194, ""2"": 750, ""3"": 207, ""4"": 586, ""5"": 161, ""6"": 12, ""7"": 142, ""9"": 1}",8188,282,3.444064484611627,9,0.43838285435947394,5,0.24354603019970775,2058,2026,5,0.24679170779861798,0,0.0,0,60,521,581,0,581,581,1.0,0.0,2,83,5,86,2,88,88,1.0232558139534884,2.3255813953488373,compression_boundary_fragmentation
validation,language,,bg,uniq_superbpe,8192,observed,32,7484,7482,4146,2132,3.5093808630393997,0.5142305836951279,0,0.0,3.5093808630393997,4,6,9,"{""1"": 213, ""2"": 480, ""3"": 217, ""4"": 775, ""5"": 249, ""6"": 117, ""7"": 42, ""8"": 34, ""9"": 5}",8188,354,4.323400097703957,0,0.0,0,0.0,2145,2113,13,0.6152389966871746,0,0.0,0,83,525,617,0,617,617,1.0,0.0,3,120,4,121,3,124,124,1.024793388429752,2.479338842975207,compression_boundary_fragmentation
validation,language,,bn,uniq_superbpe,8192,observed,32,10607,10772,4028,3433,3.137780367025925,0.8522840119165839,1260,36.70259248470725,3.137780367025925,3,7,13,"{""1"": 1457, ""10"": 50, ""12"": 5, ""13"": 14, ""2"": 15, ""3"": 929, ""4"": 186, ""6"": 551, ""7"": 164, ""9"": 62}",8188,206,2.515876893014167,0,0.0,0,0.0,3484,3452,51,1.477404403244496,0,0.0,2,134,426,558,2,560,560,1.003584229390681,0.35842293906810035,8,83,7,82,5,90,90,1.0975609756097562,6.097560975609756,compression_boundary_fragmentation
validation,language,,fa,uniq_superbpe,8192,observed,32,6879,6879,3885,2036,3.3786836935166993,0.524066924066924,4,0.19646365422396855,3.3786836935166993,3,6,9,"{""1"": 152, ""2"": 592, ""3"": 277, ""4"": 586, ""5"": 301, ""6"": 53, ""7"": 61, ""8"": 8, ""9"": 6}",8188,347,4.23790913531998,1,0.04911591355599214,0,0.0,2045,2013,9,0.44709388971684055,0,0.0,0,57,643,700,0,700,700,1.0,0.0,4,99,9,104,4,108,108,1.0384615384615385,3.8461538461538463,compression_boundary_fragmentation
validation,language,,gu,uniq_superbpe,8192,observed,32,9612,9612,3700,3213,2.991596638655462,0.8683783783783784,1227,38.18860877684407,2.991596638655462,3,7,13,"{""1"": 1459, ""10"": 42, ""13"": 2, ""2"": 34, ""3"": 749, ""4"": 241, ""6"": 492, ""7"": 135, ""9"": 59}",8188,213,2.6013678553981436,1,0.03112356053532524,0,0.0,3223,3191,10,0.31338138514572234,0,0.0,2,124,446,568,2,570,570,1.0035211267605635,0.352112676056338,13,81,10,78,10,91,91,1.1666666666666667,12.820512820512821,compression_boundary_fragmentation
validation,language,,hi,uniq_superbpe,8192,observed,32,10059,10074,3966,3097,3.2528253148207944,0.780887544125063,1092,35.259928963513076,3.2528253148207944,3,7,13,"{""1"": 1308, ""10"": 39, ""12"": 6, ""13"": 8, ""2"": 33, ""3"": 715, ""4"": 187, ""6"": 416, ""7"": 360, ""9"": 25}",8188,270,3.2975085490962384,0,0.0,0,0.0,3102,3070,5,0.16286644951140064,0,0.0,0,127,620,747,0,747,747,1.0,0.0,1,76,5,80,1,81,81,1.0125,1.25,compression_boundary_fragmentation
validation,language,,ja,uniq_superbpe,8192,observed,32,5120,5110,1782,1687,3.029045643153527,0.94668911335578,81,4.801422643746295,3.029045643153527,3,6,6,"{""1"": 145, ""2"": 21, ""3"": 1401, ""6"": 120}",8188,499,6.0942843185149,135,8.002371072910492,57,3.3787788974510966,1687,1655,0,0.0,0,0.0,0,0,2,2,0,2,2,1.0,0.0,2,113,0,111,2,113,113,1.018018018018018,1.8018018018018018,compression_boundary_fragmentation
validation,language,,kn,uniq_superbpe,8192,observed,32,11332,11326,4264,3370,3.360830860534125,0.7903377110694184,1008,29.910979228486646,3.360830860534125,3,6,12,"{""1"": 1316, ""10"": 8, ""12"": 9, ""2"": 44, ""3"": 691, ""4"": 189, ""6"": 964, ""7"": 110, ""9"": 39}",8188,227,2.772349780166097,2,0.05934718100890208,0,0.0,3389,3357,19,0.5659815311289842,0,0.0,46,203,346,503,42,549,549,1.091451292246521,8.34990059642147,0,71,19,90,0,90,90,1.0,0.0,compression_boundary_fragmentation
validation,language,,ko,uniq_superbpe,8192,observed,32,4735,4735,2037,1677,2.823494335122242,0.8232695139911634,45,2.6833631484794274,2.823494335122242,3,4,9,"{""1"": 320, ""2"": 63, ""3"": 1008, ""4"": 228, ""6"": 55, ""7"": 2, ""9"": 1}",8188,485,5.923302393746947,86,5.128205128205129,27,1.6100178890876566,1787,1755,110,6.267806267806268,0,0.0,0,159,271,430,0,430,430,1.0,0.0,6,70,11,75,4,81,81,1.08,5.333333333333333,compression_boundary_fragmentation
validation,language,,ml,uniq_superbpe,8192,observed,32,11894,11894,4384,3740,3.1802139037433155,0.8531021897810219,1509,40.3475935828877,3.1802139037433155,3,9,12,"{""1"": 1779, ""10"": 16, ""12"": 123, ""2"": 37, ""3"": 807, ""4"": 205, ""6"": 571, ""7"": 40, ""9"": 162}",8188,223,2.7234978016609674,1,0.026737967914438502,0,0.0,3751,3719,11,0.295778435063189,0,0.0,5,159,288,442,5,447,447,1.01131221719457,1.1312217194570136,11,80,11,80,8,91,91,1.1375,10.0,compression_boundary_fragmentation
validation,language,,mr,uniq_superbpe,8192,observed,32,10965,10965,4109,3382,3.2421643997634537,0.8230713068873206,1254,37.07865168539326,3.2421643997634537,3,7,13,"{""1"": 1467, ""10"": 33, ""12"": 67, ""13"": 7, ""2"": 23, ""3"": 816, ""4"": 172, ""6"": 560, ""7"": 201, ""9"": 36}",8188,278,3.3952125061064975,0,0.0,0,0.0,3389,3357,7,0.20851951146857314,0,0.0,1,114,430,543,1,544,544,1.0018416206261511,0.1841620626151013,10,81,7,78,7,88,88,1.1282051282051282,8.974358974358974,compression_boundary_fragmentation
validation,language,,ru,uniq_superbpe,8192,observed,32,7654,7654,4261,2276,3.3629173989455183,0.5341469138699836,0,0.0,3.3629173989455183,4,6,9,"{""1"": 277, ""2"": 627, ""3"": 197, ""4"": 749, ""5"": 160, ""6"": 169, ""7"": 64, ""8"": 23, ""9"": 10}",8188,415,5.068392769907181,0,0.0,0,0.0,2288,2256,12,0.5319148936170213,0,0.0,5,115,457,571,5,576,576,1.0087565674255692,0.8756567425569177,6,122,8,124,5,130,130,1.0483870967741935,4.032258064516129,compression_boundary_fragmentation
validation,language,,sw,uniq_superbpe,8192,observed,32,4405,4405,4397,2032,2.1678149606299213,0.46213327268592225,0,0.0,2.1678149606299213,2,4,7,"{""1"": 523, ""2"": 805, ""3"": 602, ""4"": 74, ""5"": 13, ""7"": 15}",8188,386,4.714215925744993,0,0.0,0,0.0,2039,2007,7,0.3487792725460887,0,0.0,0,84,576,660,0,660,660,1.0,0.0,1,74,3,76,1,77,77,1.013157894736842,1.3157894736842106,compression_boundary_fragmentation
validation,language,,ta,uniq_superbpe,8192,observed,32,12193,12193,4517,3008,4.053523936170213,0.6659287137480628,522,17.35372340425532,4.053523936170213,3,7,10,"{""1"": 812, ""10"": 25, ""2"": 53, ""3"": 697, ""4"": 17, ""6"": 1112, ""7"": 217, ""9"": 75}",8188,196,2.3937469467513433,2,0.06648936170212766,0,0.0,3128,3096,120,3.875968992248062,0,0.0,1,171,304,474,1,475,475,1.0021097046413503,0.2109704641350211,13,84,27,98,10,111,111,1.1326530612244898,10.204081632653061,compression_boundary_fragmentation
validation,language,,te,uniq_superbpe,8192,observed,32,10409,10409,3954,3097,3.3609945108169197,0.7832574607991907,915,29.544720697449144,3.3609945108169197,3,6,12,"{""1"": 1261, ""10"": 11, ""12"": 19, ""2"": 60, ""3"": 565, ""4"": 132, ""6"": 950, ""7"": 62, ""9"": 37}",8188,262,3.1998045920859797,0,0.0,0,0.0,3115,3083,18,0.5838469023678236,0,0.0,6,235,251,480,6,486,486,1.0125,1.25,7,74,18,85,7,92,92,1.0823529411764705,8.235294117647058,compression_boundary_fragmentation
validation,language,,uk,uniq_superbpe,8192,observed,32,7446,7446,4118,2234,3.333034914950761,0.5424963574550753,0,0.0,3.333034914950761,4,6,10,"{""1"": 257, ""10"": 3, ""2"": 641, ""3"": 195, ""4"": 757, ""5"": 158, ""6"": 133, ""7"": 56, ""8"": 22, ""9"": 12}",8188,374,4.567659990229604,1,0.044762757385854966,0,0.0,2242,2210,8,0.36199095022624433,0,0.0,0,108,444,555,0,555,555,1.0,0.0,2,121,5,124,2,126,126,1.0161290322580645,1.6129032258064515,compression_boundary_fragmentation
validation,language,,ur,uniq_superbpe,8192,observed,32,6879,6879,3892,2072,3.319980694980695,0.5323741007194245,10,0.4826254826254826,3.319980694980695,3,6,9,"{""1"": 138, ""2"": 717, ""3"": 264, ""4"": 488, ""5"": 348, ""6"": 20, ""7"": 85, ""9"": 12}",8188,306,3.7371763556424034,0,0.0,0,0.0,2077,2045,5,0.24449877750611246,3,0.14478764478764478,0,71,722,793,0,793,793,1.0,0.0,1,70,2,71,1,72,72,1.0140845070422535,1.408450704225352,compression_boundary_fragmentation
validation,language,,yo,uniq_superbpe,8192,observed,32,5060,5063,3889,2831,1.7884139879901095,0.7279506299820006,292,10.31437654539032,1.7884139879901095,2,3,6,"{""1"": 1194, ""2"": 1160, ""3"": 400, ""4"": 44, ""5"": 25, ""6"": 8}",8188,357,4.360039081582804,11,0.3885552808194984,6,0.21193924408336276,2853,2821,22,0.7798652959943283,4,0.14129282938890853,0,271,442,718,0,718,718,1.0,0.0,2,61,17,76,2,78,78,1.0263157894736843,2.6315789473684212,compression_boundary_fragmentation
validation,language,,zh,uniq_superbpe,8192,observed,32,3887,3769,1485,1439,2.6191799861014595,0.969023569023569,78,5.42043085476025,2.6191799861014595,3,3,6,"{""1"": 243, ""2"": 68, ""3"": 1124, ""4"": 3, ""6"": 1}",8188,609,7.43771372740596,155,10.771369006254343,46,3.1966643502432244,1443,1411,4,0.28348688873139616,0,0.0,0,34,29,63,0,63,63,1.0,0.0,6,134,4,132,6,138,138,1.0454545454545454,4.545454545454546,compression_boundary_fragmentation
validation,domain,flores200,,uniq_superbpe,8192,observed,640,159630,159677,73015,50819,3.142072846769909,0.6960076696569198,9345,18.38879159369527,3.142072846769909,3,7,13,"{""1"": 14689, ""10"": 248, ""12"": 229, ""13"": 31, ""2"": 6255, ""3"": 13263, ""4"": 5885, ""5"": 1415, ""6"": 6356, ""7"": 1819, ""8"": 87, ""9"": 542}",8188,3854,47.068881289692236,413,0.8126881678112517,141,0.27745528247309076,51271,50631,452,0.8927337006972014,7,0.013774375725614435,68,2426,8112,10491,64,10559,10559,1.006481746258698,0.6100467067009818,99,1773,172,1846,81,1945,1945,1.0536294691224268,4.387865655471289,compression_boundary_fragmentation
validation,aggregate,,,uniq_superbpe,8192,observed,640,159630,159677,73015,50819,3.142072846769909,0.6960076696569198,9345,18.38879159369527,3.142072846769909,3,7,13,"{""1"": 14689, ""10"": 248, ""12"": 229, ""13"": 31, ""2"": 6255, ""3"": 13263, ""4"": 5885, ""5"": 1415, ""6"": 6356, ""7"": 1819, ""8"": 87, ""9"": 542}",8188,3854,47.068881289692236,413,0.8126881678112517,141,0.27745528247309076,51271,50631,452,0.8927337006972014,7,0.013774375725614435,68,2426,8112,10491,64,10559,10559,1.006481746258698,0.6100467067009818,99,1773,172,1846,81,1945,1945,1.0536294691224268,4.387865655471289,compression_boundary_fragmentation
train,stratum,code,c,uniq_superbpe,8192,observed,32,269690,51063,51060,27170,1.879389032020611,0.5321190755973365,0,0.0,1.879389032020611,1,5,16,"{""1"": 15868, ""10"": 46, ""12"": 24, ""13"": 17, ""16"": 34, ""2"": 5891, ""3"": 2585, ""4"": 1215, ""5"": 678, ""6"": 333, ""7"": 166, ""8"": 82, ""9"": 231}",8188,840,10.258915486077186,1,0.00368052999631947,0,0.0,28400,28368,1230,4.335871404399323,98,0.36069193963930807,489,2872,3439,5926,384,6415,9740,1.0825177185285184,6.479919001012488,2011,5633,471,4093,597,6104,6116,1.4913266552650868,14.585878328854141,ce_compression
train,stratum,code,cpp,uniq_superbpe,8192,observed,32,735578,54217,54213,27504,1.971240546829552,0.5073321896961983,0,0.0,1.971240546829552,1,5,16,"{""1"": 15637, ""10"": 37, ""12"": 29, ""13"": 38, ""16"": 42, ""2"": 5873, ""3"": 2797, ""4"": 1193, ""5"": 760, ""6"": 506, ""7"": 141, ""8"": 95, ""9"": 356}",8188,862,10.527601367855398,0,0.0,0,0.0,28601,28569,1097,3.8398263852427457,64,0.2326934264107039,412,2824,2855,5352,290,5764,9575,1.0769805680119582,5.418535127055306,1780,5776,482,4478,1001,6258,6268,1.3974988834301028,22.3537293434569,ce_compression
train,stratum,code,go,uniq_superbpe,8192,observed,32,514454,56813,56813,28273,2.0094436388073427,0.4976501856969356,0,0.0,2.0094436388073427,1,5,16,"{""1"": 14691, ""10"": 36, ""12"": 38, ""16"": 9, ""2"": 6428, ""3"": 3683, ""4"": 1664, ""5"": 514, ""6"": 675, ""7"": 323, ""8"": 188, ""9"": 24}",8188,854,10.42989741084514,0,0.0,0,0.0,28975,28943,702,2.4254569325916457,82,0.29002935663000035,119,3198,3189,6386,93,6505,9031,1.0186345129971814,1.4563106796116505,1030,6070,364,5404,868,6434,6454,1.19059955588453,16.06217616580311,ce_compression
train,stratum,code,java,uniq_superbpe,8192,observed,32,175611,43999,43605,20072,2.1920585890793145,0.4603141841531934,0,0.0,2.1920585890793145,2,6,16,"{""1"": 10013, ""10"": 109, ""12"": 22, ""13"": 30, ""16"": 34, ""2"": 4343, ""3"": 2636, ""4"": 1215, ""5"": 596, ""6"": 593, ""7"": 265, ""8"": 93, ""9"": 123}",8188,916,11.187103077674646,9,0.04483858110801116,0,0.0,21172,21140,1100,5.203405865657522,126,0.6277401355121562,232,1893,2055,3775,213,4007,7594,1.0614569536423841,5.642384105960265,864,3873,264,3273,507,4137,4145,1.2639780018331805,15.490375802016498,ce_compression
train,stratum,code,javascript,uniq_superbpe,8192,observed,32,112493,38980,38152,20683,1.8846395590581637,0.5421209897253093,0,0.0,1.8846395590581637,1,5,16,"{""1"": 11908, ""10"": 18, ""11"": 1, ""12"": 8, ""13"": 33, ""16"": 24, ""2"": 4706, ""3"": 2139, ""4"": 595, ""5"": 478, ""6"": 367, ""7"": 171, ""8"": 141, ""9"": 94}",8188,912,11.138251099169516,19,0.09186288256055698,0,0.0,21975,21943,1292,5.887982500113932,30,0.14504665667456365,333,2225,1759,3702,241,4035,7448,1.0899513776337115,6.509994597514857,1703,5496,437,4230,1261,5933,5941,1.4026004728132389,29.810874704491727,ce_compression
train,stratum,code,python,uniq_superbpe,8192,observed,32,193155,48487,48387,22072,2.1967651322943094,0.4561555789778246,0,0.0,2.1967651322943094,1,6,16,"{""1"": 11124, ""10"": 12, ""11"": 2, ""12"": 24, ""13"": 59, ""16"": 81, ""2"": 4634, ""3"": 3001, ""4"": 1384, ""5"": 691, ""6"": 406, ""7"": 314, ""8"": 86, ""9"": 254}",8188,871,10.637518319491939,7,0.03171438927147517,0,0.0,23272,23240,1200,5.163511187607573,42,0.19028633562885103,268,2294,2537,4625,106,4893,10776,1.057945945945946,2.291891891891892,1352,4924,290,3862,761,5214,5228,1.3500776799585708,19.70481615743138,ce_compression
train,stratum,code,rust,uniq_superbpe,8192,observed,32,405448,56922,56922,29135,1.9537326239917625,0.511840764555005,0,0.0,1.9537326239917625,1,5,16,"{""1"": 16772, ""10"": 13, ""12"": 14, ""13"": 136, ""16"": 71, ""2"": 5719, ""3"": 3332, ""4"": 1417, ""5"": 971, ""6"": 267, ""7"": 171, ""8"": 76, ""9"": 176}",8188,834,10.185637518319492,1,0.003432297923459756,0,0.0,30695,30663,1560,5.087564817532531,35,0.12013042732109147,196,3034,3337,6228,173,6424,13231,1.031470777135517,2.7777777777777777,2749,8122,454,5827,1968,8576,8582,1.4717693495795434,33.773811566844,ce_compression
train,stratum,code,sql,uniq_superbpe,8192,observed,32,962841,36373,36088,20412,1.781941994904958,0.5656173797384172,0,0.0,1.781941994904958,1,5,16,"{""1"": 12762, ""10"": 8, ""12"": 5, ""13"": 13, ""16"": 50, ""2"": 4235, ""3"": 1693, ""4"": 689, ""5"": 292, ""6"": 275, ""7"": 172, ""8"": 79, ""9"": 139}",8188,812,9.91695163654128,3,0.014697236919459141,0,0.0,21135,21103,723,3.4260531677960477,120,0.5878894767783657,263,2057,1997,3925,242,4188,6655,1.0670063694267515,6.165605095541402,1395,4266,232,3103,650,4498,4498,1.4495649371575894,20.947470190138574,ce_compression
train,stratum,code,typescript,uniq_superbpe,8192,observed,32,734901,43989,43698,20181,2.1797235023041477,0.4618289166552245,0,0.0,2.1797235023041477,1,6,16,"{""1"": 10533, ""10"": 29, ""11"": 90, ""12"": 9, ""13"": 9, ""16"": 11, ""2"": 4316, ""3"": 2144, ""4"": 957, ""5"": 734, ""6"": 652, ""7"": 442, ""8"": 88, ""9"": 167}",8188,902,11.016121152906694,6,0.02973093503790694,0,0.0,21686,21654,1505,6.950217049967673,120,0.5946187007581388,349,2376,2153,4263,314,4612,8393,1.081867229650481,7.365704902650715,1104,3984,412,3292,749,4396,4406,1.3353584447144593,22.752126366950183,ce_compression
train,stratum,cyrillic_african,am,uniq_superbpe,8192,observed,32,390554,147317,59501,46374,3.1767154008711778,0.7793818591284181,0,0.0,3.1767154008711778,3,6,10,"{""1"": 5412, ""10"": 405, ""2"": 757, ""3"": 30823, ""4"": 5784, ""5"": 14, ""6"": 1587, ""7"": 1592}",8188,711,8.683439179286761,90,0.19407426575236122,0,0.0,46935,46903,561,1.1960855382384923,12,0.025876568766981498,0,2966,8238,11206,0,11206,11206,1.0,0.0,702,2698,109,2105,543,2807,2807,1.3334916864608075,25.795724465558195,ce_compression
train,stratum,cyrillic_african,bg,uniq_superbpe,8192,observed,32,249249,102609,58537,30620,3.351045068582626,0.523087961460273,0,0.0,3.351045068582626,4,6,9,"{""1"": 4516, ""2"": 6943, ""3"": 3152, ""4"": 9800, ""5"": 3484, ""6"": 1624, ""7"": 526, ""8"": 470, ""9"": 105}",8188,798,9.745969711773327,1,0.0032658393207054214,0,0.0,30854,30822,234,0.7591979754720654,82,0.2677988242978446,0,1440,7532,8973,0,8973,8973,1.0,0.0,325,2072,229,1976,258,2301,2303,1.1644736842105263,13.05668016194332,ce_compression
train,stratum,cyrillic_african,ru,uniq_superbpe,8192,observed,32,231857,106212,58870,30620,3.468713259307642,0.5201290980125701,0,0.0,3.468713259307642,4,6,9,"{""1"": 3644, ""2"": 7489, ""3"": 2707, ""4"": 10373, ""5"": 2436, ""6"": 2603, ""7"": 848, ""8"": 437, ""9"": 83}",8188,720,8.793356130923302,2,0.006531678641410843,0,0.0,30866,30834,246,0.7978205876629695,42,0.13716525146962769,0,1464,6347,7811,0,7811,7811,1.0,0.0,275,1673,242,1640,220,1915,1917,1.1676829268292683,13.414634146341463,ce_compression
train,stratum,cyrillic_african,sw,uniq_superbpe,8192,observed,32,302841,62449,62216,30551,2.0440902098130995,0.49104731901761606,58,0.18984648620339759,2.0440902098130995,2,3,7,"{""1"": 9303, ""2"": 12016, ""3"": 8289, ""4"": 669, ""5"": 172, ""6"": 3, ""7"": 99}",8188,701,8.561309233023938,3,0.009819645838106772,0,0.0,30689,30657,138,0.4501418925530874,7,0.02291250695558247,5,1526,7578,9101,5,9106,9106,1.0005493901769036,0.054939017690363696,305,1618,135,1448,263,1753,1753,1.2106353591160222,18.162983425414364,ce_compression
train,stratum,cyrillic_african,uk,uniq_superbpe,8192,observed,32,184737,95676,53182,28852,3.316095937889921,0.5425143845662066,0,0.0,3.316095937889921,4,6,10,"{""1"": 3854, ""10"": 49, ""2"": 7873, ""3"": 2406, ""4"": 9722, ""5"": 2106, ""6"": 1578, ""7"": 694, ""8"": 506, ""9"": 64}",8188,692,8.451392281387395,14,0.04852349923748787,0,0.0,29108,29076,256,0.8804512312560188,11,0.03812560654374047,0,1529,5564,7093,0,7093,7093,1.0,0.0,316,1913,252,1849,283,2165,2167,1.1709031909140075,15.305570578691185,ce_compression
train,stratum,cyrillic_african,yo,uniq_superbpe,8192,observed,32,145697,69432,59766,30767,2.2567036110117984,0.5147910183047217,134,0.43553157603926285,2.2567036110117984,2,5,9,"{""1"": 9339, ""2"": 10697, ""3"": 7869, ""4"": 1165, ""5"": 694, ""6"": 395, ""7"": 358, ""8"": 164, ""9"": 86}",8188,700,8.549096238397656,10,0.03250235642084051,0,0.0,31438,31406,671,2.136534420174489,303,0.9848213995514675,0,2223,8795,11487,0,11487,11487,1.0,0.0,267,1668,191,1592,237,1859,1859,1.1677135678391959,14.886934673366834,ce_compression
train,stratum,indic_cjk_arabic,ar,uniq_superbpe,8192,observed,32,215274,97740,54940,31418,3.1109555032147176,0.5718602111394249,702,2.234387930485709,3.1109555032147176,3,7,9,"{""1"": 3628, ""2"": 11411, ""3"": 3340, ""4"": 8582, ""5"": 2097, ""6"": 163, ""7"": 2147, ""9"": 50}",8188,648,7.914020517830972,15,0.04774333184798523,0,0.0,31489,31457,71,0.22570493054010235,2,0.006365777579731364,0,1101,7735,8838,0,8838,8838,1.0,0.0,331,1689,68,1426,269,1757,1757,1.2321178120617111,18.863955119214587,ce_compression
train,stratum,indic_cjk_arabic,bn,uniq_superbpe,8192,observed,32,274908,152004,58399,48962,3.104530043707365,0.8384047672049179,16773,34.257179036804054,3.104530043707365,3,7,13,"{""1"": 20321, ""10"": 531, ""12"": 87, ""13"": 160, ""2"": 551, ""3"": 13408, ""4"": 3041, ""5"": 13, ""6"": 7720, ""7"": 2398, ""9"": 732}",8188,555,6.778212017586712,16,0.03267840365998121,0,0.0,49821,49789,859,1.7252806844885415,7,0.01429680160124178,0,2027,6486,8515,0,8515,8515,1.0,0.0,232,1502,159,1429,220,1661,1661,1.1623512946116166,15.395381385584324,ce_compression
train,stratum,indic_cjk_arabic,fa,uniq_superbpe,8192,observed,32,198722,93798,52677,27783,3.376093294460641,0.5274218349564326,18,0.06478781988986071,3.376093294460641,4,6,9,"{""1"": 2777, ""2"": 7462, ""3"": 3453, ""4"": 7976, ""5"": 4266, ""6"": 730, ""7"": 918, ""8"": 111, ""9"": 90}",8188,543,6.6316560820713235,4,0.014397293308857934,0,0.0,27856,27824,73,0.26236342725704426,2,0.007198646654428967,0,1297,8633,9930,0,9930,9930,1.0,0.0,236,1336,69,1169,191,1405,1405,1.2018819503849445,16.33875106928999,ce_compression
train,stratum,indic_cjk_arabic,gu,uniq_superbpe,8192,observed,32,266235,146974,58881,46889,3.1345091599309005,0.7963349807238328,15750,33.589967796284846,3.1345091599309005,3,7,13,"{""1"": 19794, ""10"": 453, ""13"": 61, ""2"": 962, ""3"": 10298, ""4"": 4186, ""5"": 20, ""6"": 7384, ""7"": 2844, ""9"": 887}",8188,644,7.865168539325842,24,0.051184712832434046,0,0.0,47033,47001,144,0.30637646007531755,9,0.01919426731216277,0,1632,8087,9723,0,9723,9723,1.0,0.0,256,1494,136,1374,189,1630,1630,1.1863173216885008,13.755458515283843,ce_compression
train,stratum,indic_cjk_arabic,hi,uniq_superbpe,8192,observed,32,342431,153237,61359,44994,3.405720762768369,0.7332909597614042,14460,32.13761834911322,3.405720762768369,3,7,16,"{""1"": 18227, ""10"": 591, ""12"": 53, ""13"": 245, ""14"": 75, ""16"": 91, ""2"": 604, ""3"": 9962, ""4"": 3014, ""5"": 8, ""6"": 6199, ""7"": 5468, ""9"": 457}",8188,649,7.926233512457254,0,0.0,0,0.0,45401,45369,407,0.8970883202186515,280,0.6223051962483886,0,1869,9865,11810,0,11810,11810,1.0,0.0,245,1565,127,1447,222,1692,1692,1.1693158258465792,15.342087076710435,ce_compression
train,stratum,indic_cjk_arabic,ja,uniq_superbpe,8192,observed,32,323403,142468,61333,52214,2.728540238250278,0.8513198441295876,0,0.0,2.728540238250278,3,6,12,"{""1"": 10227, ""12"": 75, ""2"": 3294, ""3"": 35402, ""4"": 473, ""5"": 32, ""6"": 2634, ""7"": 1, ""9"": 76}",8188,2304,28.138739618954567,1119,2.1431033822346497,0,0.0,52603,52571,389,0.7399516843887314,3,0.0057455854751599185,0,2467,1967,4436,0,4436,4436,1.0,0.0,562,4267,377,4082,425,4644,4644,1.1376776090151886,10.41156295933366,ce_compression
train,stratum,indic_cjk_arabic,kn,uniq_superbpe,8192,observed,32,458253,153841,60531,46462,3.3111144591278894,0.7675736399530819,12597,27.11247901510912,3.3111144591278894,3,6,12,"{""1"": 17544, ""10"": 82, ""12"": 59, ""2"": 1353, ""3"": 9665, ""4"": 3267, ""5"": 17, ""6"": 12562, ""7"": 1337, ""9"": 576}",8188,738,9.013190034196384,45,0.09685334251646507,0,0.0,46686,46654,224,0.4801303210871522,8,0.017218372002927123,0,1833,5407,7243,0,7243,7243,1.0,0.0,239,1445,217,1423,205,1662,1662,1.167955024595924,14.406184118060436,ce_compression
train,stratum,indic_cjk_arabic,ko,uniq_superbpe,8192,observed,32,201347,118352,51206,41573,2.8468477136603085,0.8118775143537866,7,0.016837851490149856,2.8468477136603085,3,4,12,"{""1"": 7447, ""12"": 57, ""2"": 1566, ""3"": 25632, ""4"": 5732, ""5"": 5, ""6"": 842, ""7"": 220, ""9"": 72}",8188,1521,18.575964826575476,926,2.2274072114112524,0,0.0,44433,44401,2860,6.441296367198937,70,0.16837851490149858,1,4051,7002,11052,1,11053,11053,1.0000904813608396,0.009048136083966703,489,2339,593,2443,386,2932,2934,1.2001637331150226,15.800245599672534,ce_compression
train,stratum,indic_cjk_arabic,ml,uniq_superbpe,8192,observed,32,188792,137273,52226,42339,3.2422352913389547,0.8106881629839543,16398,38.73024870686601,3.2422352913389547,3,9,12,"{""1"": 19837, ""10"": 123, ""12"": 1354, ""2"": 830, ""3"": 8543, ""4"": 2669, ""5"": 27, ""6"": 5998, ""7"": 376, ""9"": 2582}",8188,611,7.462139716658525,18,0.04251399418975413,0,0.0,42541,42509,202,0.4751934884377426,27,0.06377099128463119,0,1459,3736,5197,0,5197,5197,1.0,0.0,205,1182,196,1173,171,1378,1378,1.174765558397272,14.578005115089514,ce_compression
train,stratum,indic_cjk_arabic,mr,uniq_superbpe,8192,observed,32,362326,145113,56571,41915,3.4620780150304187,0.7409273302575524,12657,30.196826911606824,3.4620780150304187,3,7,16,"{""1"": 16111, ""10"": 578, ""12"": 627, ""13"": 75, ""16"": 60, ""2"": 764, ""3"": 9902, ""4"": 2531, ""5"": 20, ""6"": 7790, ""7"": 2774, ""9"": 683}",8188,699,8.536883243771372,1,0.002385780746749374,0,0.0,42088,42056,173,0.4113562868556211,10,0.023857807467493736,0,1340,6438,7780,0,7780,7780,1.0,0.0,228,1386,165,1323,188,1551,1551,1.1723356009070294,14.210128495842781,ce_compression
train,stratum,indic_cjk_arabic,ta,uniq_superbpe,8192,observed,32,239434,140738,53567,35676,3.9448929252158313,0.6660070565833442,5775,16.187352842246888,3.9448929252158313,3,7,10,"{""1"": 9915, ""10"": 388, ""2"": 929, ""3"": 8708, ""4"": 169, ""5"": 20, ""6"": 12310, ""7"": 2404, ""9"": 833}",8188,532,6.497313141182218,5,0.014015024105841462,0,0.0,37186,37154,1510,4.064165365774883,15,0.042045072317524385,0,2093,3698,5791,0,5791,5791,1.0,0.0,431,1330,458,1357,296,1788,1788,1.3176123802505526,21.812822402358144,ce_compression
train,stratum,indic_cjk_arabic,te,uniq_superbpe,8192,observed,32,300221,158103,60933,47154,3.3529074945921873,0.773866377824824,13704,29.062221656699325,3.3529074945921873,3,6,12,"{""1"": 18873, ""10"": 117, ""12"": 370, ""2"": 1112, ""3"": 8893, ""4"": 2371, ""5"": 12, ""6"": 13567, ""7"": 1390, ""9"": 449}",8188,629,7.6819736199316075,24,0.05089706069474488,0,0.0,47557,47525,403,0.8479747501315097,1,0.0021207108622810365,0,2886,4600,7488,0,7488,7488,1.0,0.0,359,1551,388,1580,301,1939,1939,1.2272151898734178,19.050632911392405,ce_compression
train,stratum,indic_cjk_arabic,ur,uniq_superbpe,8192,observed,32,431064,112341,64366,33569,3.3465697518543895,0.5215331075412485,403,1.2005123774911377,3.3465697518543895,3,7,12,"{""1"": 3705, ""11"": 93, ""12"": 126, ""2"": 10559, ""3"": 3828, ""4"": 7468, ""5"": 5720, ""6"": 283, ""7"": 1377, ""9"": 410}",8188,717,8.756717147044455,11,0.03276832792159433,0,0.0,33969,33937,400,1.1786545658131242,364,1.084333760314576,0,1778,11641,13545,0,13545,13545,1.0,0.0,248,1739,36,1527,229,1775,1777,1.1624099541584807,14.996725605762935,ce_compression
train,stratum,indic_cjk_arabic,zh,uniq_superbpe,8192,observed,32,616082,130086,53452,46667,2.7875372318769154,0.8730636833046471,4,0.00857136734737609,2.7875372318769154,3,3,12,"{""1"": 7305, ""12"": 154, ""2"": 2190, ""3"": 35364, ""4"": 235, ""5"": 25, ""6"": 821, ""7"": 343, ""8"": 1, ""9"": 229}",8188,3249,39.6800195407914,2795,5.989242933979043,0,0.0,47316,47284,649,1.3725573132560698,1,0.0021428418368440224,0,1950,1800,3755,0,3755,3755,1.0,0.0,365,3253,347,3235,285,3600,3602,1.1128284389489953,8.809891808346213,ce_compression
train,stratum,latin_english,en,uniq_superbpe,8192,observed,32,128944,59492,59076,26893,2.2121741717175474,0.4552271650077866,0,0.0,2.2121741717175474,2,4,12,"{""1"": 8910, ""12"": 1, ""2"": 8191, ""3"": 6652, ""4"": 2097, ""5"": 680, ""6"": 112, ""7"": 229, ""8"": 20, ""9"": 1}",8188,872,10.649731314118222,12,0.04462127691220764,0,0.0,27328,27296,435,1.5936400937866355,112,0.4164652511806046,3,1819,7192,9298,3,9301,9301,1.000322650032265,0.032265003226500326,332,1952,144,1764,266,2096,2096,1.1882086167800454,15.079365079365079,ce_compression
train,language,,am,uniq_superbpe,8192,observed,32,390554,147317,59501,46374,3.1767154008711778,0.7793818591284181,0,0.0,3.1767154008711778,3,6,10,"{""1"": 5412, ""10"": 405, ""2"": 757, ""3"": 30823, ""4"": 5784, ""5"": 14, ""6"": 1587, ""7"": 1592}",8188,711,8.683439179286761,90,0.19407426575236122,0,0.0,46935,46903,561,1.1960855382384923,12,0.025876568766981498,0,2966,8238,11206,0,11206,11206,1.0,0.0,702,2698,109,2105,543,2807,2807,1.3334916864608075,25.795724465558195,ce_compression
train,language,,ar,uniq_superbpe,8192,observed,32,215274,97740,54940,31418,3.1109555032147176,0.5718602111394249,702,2.234387930485709,3.1109555032147176,3,7,9,"{""1"": 3628, ""2"": 11411, ""3"": 3340, ""4"": 8582, ""5"": 2097, ""6"": 163, ""7"": 2147, ""9"": 50}",8188,648,7.914020517830972,15,0.04774333184798523,0,0.0,31489,31457,71,0.22570493054010235,2,0.006365777579731364,0,1101,7735,8838,0,8838,8838,1.0,0.0,331,1689,68,1426,269,1757,1757,1.2321178120617111,18.863955119214587,ce_compression
train,language,,bg,uniq_superbpe,8192,observed,32,249249,102609,58537,30620,3.351045068582626,0.523087961460273,0,0.0,3.351045068582626,4,6,9,"{""1"": 4516, ""2"": 6943, ""3"": 3152, ""4"": 9800, ""5"": 3484, ""6"": 1624, ""7"": 526, ""8"": 470, ""9"": 105}",8188,798,9.745969711773327,1,0.0032658393207054214,0,0.0,30854,30822,234,0.7591979754720654,82,0.2677988242978446,0,1440,7532,8973,0,8973,8973,1.0,0.0,325,2072,229,1976,258,2301,2303,1.1644736842105263,13.05668016194332,ce_compression
train,language,,bn,uniq_superbpe,8192,observed,32,274908,152004,58399,48962,3.104530043707365,0.8384047672049179,16773,34.257179036804054,3.104530043707365,3,7,13,"{""1"": 20321, ""10"": 531, ""12"": 87, ""13"": 160, ""2"": 551, ""3"": 13408, ""4"": 3041, ""5"": 13, ""6"": 7720, ""7"": 2398, ""9"": 732}",8188,555,6.778212017586712,16,0.03267840365998121,0,0.0,49821,49789,859,1.7252806844885415,7,0.01429680160124178,0,2027,6486,8515,0,8515,8515,1.0,0.0,232,1502,159,1429,220,1661,1661,1.1623512946116166,15.395381385584324,ce_compression
train,language,,c,uniq_superbpe,8192,observed,32,269690,51063,51060,27170,1.879389032020611,0.5321190755973365,0,0.0,1.879389032020611,1,5,16,"{""1"": 15868, ""10"": 46, ""12"": 24, ""13"": 17, ""16"": 34, ""2"": 5891, ""3"": 2585, ""4"": 1215, ""5"": 678, ""6"": 333, ""7"": 166, ""8"": 82, ""9"": 231}",8188,840,10.258915486077186,1,0.00368052999631947,0,0.0,28400,28368,1230,4.335871404399323,98,0.36069193963930807,489,2872,3439,5926,384,6415,9740,1.0825177185285184,6.479919001012488,2011,5633,471,4093,597,6104,6116,1.4913266552650868,14.585878328854141,ce_compression
train,language,,cpp,uniq_superbpe,8192,observed,32,735578,54217,54213,27504,1.971240546829552,0.5073321896961983,0,0.0,1.971240546829552,1,5,16,"{""1"": 15637, ""10"": 37, ""12"": 29, ""13"": 38, ""16"": 42, ""2"": 5873, ""3"": 2797, ""4"": 1193, ""5"": 760, ""6"": 506, ""7"": 141, ""8"": 95, ""9"": 356}",8188,862,10.527601367855398,0,0.0,0,0.0,28601,28569,1097,3.8398263852427457,64,0.2326934264107039,412,2824,2855,5352,290,5764,9575,1.0769805680119582,5.418535127055306,1780,5776,482,4478,1001,6258,6268,1.3974988834301028,22.3537293434569,ce_compression
train,language,,en,uniq_superbpe,8192,observed,32,128944,59492,59076,26893,2.2121741717175474,0.4552271650077866,0,0.0,2.2121741717175474,2,4,12,"{""1"": 8910, ""12"": 1, ""2"": 8191, ""3"": 6652, ""4"": 2097, ""5"": 680, ""6"": 112, ""7"": 229, ""8"": 20, ""9"": 1}",8188,872,10.649731314118222,12,0.04462127691220764,0,0.0,27328,27296,435,1.5936400937866355,112,0.4164652511806046,3,1819,7192,9298,3,9301,9301,1.000322650032265,0.032265003226500326,332,1952,144,1764,266,2096,2096,1.1882086167800454,15.079365079365079,ce_compression
train,language,,fa,uniq_superbpe,8192,observed,32,198722,93798,52677,27783,3.376093294460641,0.5274218349564326,18,0.06478781988986071,3.376093294460641,4,6,9,"{""1"": 2777, ""2"": 7462, ""3"": 3453, ""4"": 7976, ""5"": 4266, ""6"": 730, ""7"": 918, ""8"": 111, ""9"": 90}",8188,543,6.6316560820713235,4,0.014397293308857934,0,0.0,27856,27824,73,0.26236342725704426,2,0.007198646654428967,0,1297,8633,9930,0,9930,9930,1.0,0.0,236,1336,69,1169,191,1405,1405,1.2018819503849445,16.33875106928999,ce_compression
train,language,,go,uniq_superbpe,8192,observed,32,514454,56813,56813,28273,2.0094436388073427,0.4976501856969356,0,0.0,2.0094436388073427,1,5,16,"{""1"": 14691, ""10"": 36, ""12"": 38, ""16"": 9, ""2"": 6428, ""3"": 3683, ""4"": 1664, ""5"": 514, ""6"": 675, ""7"": 323, ""8"": 188, ""9"": 24}",8188,854,10.42989741084514,0,0.0,0,0.0,28975,28943,702,2.4254569325916457,82,0.29002935663000035,119,3198,3189,6386,93,6505,9031,1.0186345129971814,1.4563106796116505,1030,6070,364,5404,868,6434,6454,1.19059955588453,16.06217616580311,ce_compression
train,language,,gu,uniq_superbpe,8192,observed,32,266235,146974,58881,46889,3.1345091599309005,0.7963349807238328,15750,33.589967796284846,3.1345091599309005,3,7,13,"{""1"": 19794, ""10"": 453, ""13"": 61, ""2"": 962, ""3"": 10298, ""4"": 4186, ""5"": 20, ""6"": 7384, ""7"": 2844, ""9"": 887}",8188,644,7.865168539325842,24,0.051184712832434046,0,0.0,47033,47001,144,0.30637646007531755,9,0.01919426731216277,0,1632,8087,9723,0,9723,9723,1.0,0.0,256,1494,136,1374,189,1630,1630,1.1863173216885008,13.755458515283843,ce_compression
train,language,,hi,uniq_superbpe,8192,observed,32,342431,153237,61359,44994,3.405720762768369,0.7332909597614042,14460,32.13761834911322,3.405720762768369,3,7,16,"{""1"": 18227, ""10"": 591, ""12"": 53, ""13"": 245, ""14"": 75, ""16"": 91, ""2"": 604, ""3"": 9962, ""4"": 3014, ""5"": 8, ""6"": 6199, ""7"": 5468, ""9"": 457}",8188,649,7.926233512457254,0,0.0,0,0.0,45401,45369,407,0.8970883202186515,280,0.6223051962483886,0,1869,9865,11810,0,11810,11810,1.0,0.0,245,1565,127,1447,222,1692,1692,1.1693158258465792,15.342087076710435,ce_compression
train,language,,ja,uniq_superbpe,8192,observed,32,323403,142468,61333,52214,2.728540238250278,0.8513198441295876,0,0.0,2.728540238250278,3,6,12,"{""1"": 10227, ""12"": 75, ""2"": 3294, ""3"": 35402, ""4"": 473, ""5"": 32, ""6"": 2634, ""7"": 1, ""9"": 76}",8188,2304,28.138739618954567,1119,2.1431033822346497,0,0.0,52603,52571,389,0.7399516843887314,3,0.0057455854751599185,0,2467,1967,4436,0,4436,4436,1.0,0.0,562,4267,377,4082,425,4644,4644,1.1376776090151886,10.41156295933366,ce_compression
train,language,,java,uniq_superbpe,8192,observed,32,175611,43999,43605,20072,2.1920585890793145,0.4603141841531934,0,0.0,2.1920585890793145,2,6,16,"{""1"": 10013, ""10"": 109, ""12"": 22, ""13"": 30, ""16"": 34, ""2"": 4343, ""3"": 2636, ""4"": 1215, ""5"": 596, ""6"": 593, ""7"": 265, ""8"": 93, ""9"": 123}",8188,916,11.187103077674646,9,0.04483858110801116,0,0.0,21172,21140,1100,5.203405865657522,126,0.6277401355121562,232,1893,2055,3775,213,4007,7594,1.0614569536423841,5.642384105960265,864,3873,264,3273,507,4137,4145,1.2639780018331805,15.490375802016498,ce_compression
train,language,,javascript,uniq_superbpe,8192,observed,32,112493,38980,38152,20683,1.8846395590581637,0.5421209897253093,0,0.0,1.8846395590581637,1,5,16,"{""1"": 11908, ""10"": 18, ""11"": 1, ""12"": 8, ""13"": 33, ""16"": 24, ""2"": 4706, ""3"": 2139, ""4"": 595, ""5"": 478, ""6"": 367, ""7"": 171, ""8"": 141, ""9"": 94}",8188,912,11.138251099169516,19,0.09186288256055698,0,0.0,21975,21943,1292,5.887982500113932,30,0.14504665667456365,333,2225,1759,3702,241,4035,7448,1.0899513776337115,6.509994597514857,1703,5496,437,4230,1261,5933,5941,1.4026004728132389,29.810874704491727,ce_compression
train,language,,kn,uniq_superbpe,8192,observed,32,458253,153841,60531,46462,3.3111144591278894,0.7675736399530819,12597,27.11247901510912,3.3111144591278894,3,6,12,"{""1"": 17544, ""10"": 82, ""12"": 59, ""2"": 1353, ""3"": 9665, ""4"": 3267, ""5"": 17, ""6"": 12562, ""7"": 1337, ""9"": 576}",8188,738,9.013190034196384,45,0.09685334251646507,0,0.0,46686,46654,224,0.4801303210871522,8,0.017218372002927123,0,1833,5407,7243,0,7243,7243,1.0,0.0,239,1445,217,1423,205,1662,1662,1.167955024595924,14.406184118060436,ce_compression
train,language,,ko,uniq_superbpe,8192,observed,32,201347,118352,51206,41573,2.8468477136603085,0.8118775143537866,7,0.016837851490149856,2.8468477136603085,3,4,12,"{""1"": 7447, ""12"": 57, ""2"": 1566, ""3"": 25632, ""4"": 5732, ""5"": 5, ""6"": 842, ""7"": 220, ""9"": 72}",8188,1521,18.575964826575476,926,2.2274072114112524,0,0.0,44433,44401,2860,6.441296367198937,70,0.16837851490149858,1,4051,7002,11052,1,11053,11053,1.0000904813608396,0.009048136083966703,489,2339,593,2443,386,2932,2934,1.2001637331150226,15.800245599672534,ce_compression
train,language,,ml,uniq_superbpe,8192,observed,32,188792,137273,52226,42339,3.2422352913389547,0.8106881629839543,16398,38.73024870686601,3.2422352913389547,3,9,12,"{""1"": 19837, ""10"": 123, ""12"": 1354, ""2"": 830, ""3"": 8543, ""4"": 2669, ""5"": 27, ""6"": 5998, ""7"": 376, ""9"": 2582}",8188,611,7.462139716658525,18,0.04251399418975413,0,0.0,42541,42509,202,0.4751934884377426,27,0.06377099128463119,0,1459,3736,5197,0,5197,5197,1.0,0.0,205,1182,196,1173,171,1378,1378,1.174765558397272,14.578005115089514,ce_compression
train,language,,mr,uniq_superbpe,8192,observed,32,362326,145113,56571,41915,3.4620780150304187,0.7409273302575524,12657,30.196826911606824,3.4620780150304187,3,7,16,"{""1"": 16111, ""10"": 578, ""12"": 627, ""13"": 75, ""16"": 60, ""2"": 764, ""3"": 9902, ""4"": 2531, ""5"": 20, ""6"": 7790, ""7"": 2774, ""9"": 683}",8188,699,8.536883243771372,1,0.002385780746749374,0,0.0,42088,42056,173,0.4113562868556211,10,0.023857807467493736,0,1340,6438,7780,0,7780,7780,1.0,0.0,228,1386,165,1323,188,1551,1551,1.1723356009070294,14.210128495842781,ce_compression
train,language,,python,uniq_superbpe,8192,observed,32,193155,48487,48387,22072,2.1967651322943094,0.4561555789778246,0,0.0,2.1967651322943094,1,6,16,"{""1"": 11124, ""10"": 12, ""11"": 2, ""12"": 24, ""13"": 59, ""16"": 81, ""2"": 4634, ""3"": 3001, ""4"": 1384, ""5"": 691, ""6"": 406, ""7"": 314, ""8"": 86, ""9"": 254}",8188,871,10.637518319491939,7,0.03171438927147517,0,0.0,23272,23240,1200,5.163511187607573,42,0.19028633562885103,268,2294,2537,4625,106,4893,10776,1.057945945945946,2.291891891891892,1352,4924,290,3862,761,5214,5228,1.3500776799585708,19.70481615743138,ce_compression
train,language,,ru,uniq_superbpe,8192,observed,32,231857,106212,58870,30620,3.468713259307642,0.5201290980125701,0,0.0,3.468713259307642,4,6,9,"{""1"": 3644, ""2"": 7489, ""3"": 2707, ""4"": 10373, ""5"": 2436, ""6"": 2603, ""7"": 848, ""8"": 437, ""9"": 83}",8188,720,8.793356130923302,2,0.006531678641410843,0,0.0,30866,30834,246,0.7978205876629695,42,0.13716525146962769,0,1464,6347,7811,0,7811,7811,1.0,0.0,275,1673,242,1640,220,1915,1917,1.1676829268292683,13.414634146341463,ce_compression
train,language,,rust,uniq_superbpe,8192,observed,32,405448,56922,56922,29135,1.9537326239917625,0.511840764555005,0,0.0,1.9537326239917625,1,5,16,"{""1"": 16772, ""10"": 13, ""12"": 14, ""13"": 136, ""16"": 71, ""2"": 5719, ""3"": 3332, ""4"": 1417, ""5"": 971, ""6"": 267, ""7"": 171, ""8"": 76, ""9"": 176}",8188,834,10.185637518319492,1,0.003432297923459756,0,0.0,30695,30663,1560,5.087564817532531,35,0.12013042732109147,196,3034,3337,6228,173,6424,13231,1.031470777135517,2.7777777777777777,2749,8122,454,5827,1968,8576,8582,1.4717693495795434,33.773811566844,ce_compression
train,language,,sql,uniq_superbpe,8192,observed,32,962841,36373,36088,20412,1.781941994904958,0.5656173797384172,0,0.0,1.781941994904958,1,5,16,"{""1"": 12762, ""10"": 8, ""12"": 5, ""13"": 13, ""16"": 50, ""2"": 4235, ""3"": 1693, ""4"": 689, ""5"": 292, ""6"": 275, ""7"": 172, ""8"": 79, ""9"": 139}",8188,812,9.91695163654128,3,0.014697236919459141,0,0.0,21135,21103,723,3.4260531677960477,120,0.5878894767783657,263,2057,1997,3925,242,4188,6655,1.0670063694267515,6.165605095541402,1395,4266,232,3103,650,4498,4498,1.4495649371575894,20.947470190138574,ce_compression
train,language,,sw,uniq_superbpe,8192,observed,32,302841,62449,62216,30551,2.0440902098130995,0.49104731901761606,58,0.18984648620339759,2.0440902098130995,2,3,7,"{""1"": 9303, ""2"": 12016, ""3"": 8289, ""4"": 669, ""5"": 172, ""6"": 3, ""7"": 99}",8188,701,8.561309233023938,3,0.009819645838106772,0,0.0,30689,30657,138,0.4501418925530874,7,0.02291250695558247,5,1526,7578,9101,5,9106,9106,1.0005493901769036,0.054939017690363696,305,1618,135,1448,263,1753,1753,1.2106353591160222,18.162983425414364,ce_compression
train,language,,ta,uniq_superbpe,8192,observed,32,239434,140738,53567,35676,3.9448929252158313,0.6660070565833442,5775,16.187352842246888,3.9448929252158313,3,7,10,"{""1"": 9915, ""10"": 388, ""2"": 929, ""3"": 8708, ""4"": 169, ""5"": 20, ""6"": 12310, ""7"": 2404, ""9"": 833}",8188,532,6.497313141182218,5,0.014015024105841462,0,0.0,37186,37154,1510,4.064165365774883,15,0.042045072317524385,0,2093,3698,5791,0,5791,5791,1.0,0.0,431,1330,458,1357,296,1788,1788,1.3176123802505526,21.812822402358144,ce_compression
train,language,,te,uniq_superbpe,8192,observed,32,300221,158103,60933,47154,3.3529074945921873,0.773866377824824,13704,29.062221656699325,3.3529074945921873,3,6,12,"{""1"": 18873, ""10"": 117, ""12"": 370, ""2"": 1112, ""3"": 8893, ""4"": 2371, ""5"": 12, ""6"": 13567, ""7"": 1390, ""9"": 449}",8188,629,7.6819736199316075,24,0.05089706069474488,0,0.0,47557,47525,403,0.8479747501315097,1,0.0021207108622810365,0,2886,4600,7488,0,7488,7488,1.0,0.0,359,1551,388,1580,301,1939,1939,1.2272151898734178,19.050632911392405,ce_compression
train,language,,typescript,uniq_superbpe,8192,observed,32,734901,43989,43698,20181,2.1797235023041477,0.4618289166552245,0,0.0,2.1797235023041477,1,6,16,"{""1"": 10533, ""10"": 29, ""11"": 90, ""12"": 9, ""13"": 9, ""16"": 11, ""2"": 4316, ""3"": 2144, ""4"": 957, ""5"": 734, ""6"": 652, ""7"": 442, ""8"": 88, ""9"": 167}",8188,902,11.016121152906694,6,0.02973093503790694,0,0.0,21686,21654,1505,6.950217049967673,120,0.5946187007581388,349,2376,2153,4263,314,4612,8393,1.081867229650481,7.365704902650715,1104,3984,412,3292,749,4396,4406,1.3353584447144593,22.752126366950183,ce_compression
train,language,,uk,uniq_superbpe,8192,observed,32,184737,95676,53182,28852,3.316095937889921,0.5425143845662066,0,0.0,3.316095937889921,4,6,10,"{""1"": 3854, ""10"": 49, ""2"": 7873, ""3"": 2406, ""4"": 9722, ""5"": 2106, ""6"": 1578, ""7"": 694, ""8"": 506, ""9"": 64}",8188,692,8.451392281387395,14,0.04852349923748787,0,0.0,29108,29076,256,0.8804512312560188,11,0.03812560654374047,0,1529,5564,7093,0,7093,7093,1.0,0.0,316,1913,252,1849,283,2165,2167,1.1709031909140075,15.305570578691185,ce_compression
train,language,,ur,uniq_superbpe,8192,observed,32,431064,112341,64366,33569,3.3465697518543895,0.5215331075412485,403,1.2005123774911377,3.3465697518543895,3,7,12,"{""1"": 3705, ""11"": 93, ""12"": 126, ""2"": 10559, ""3"": 3828, ""4"": 7468, ""5"": 5720, ""6"": 283, ""7"": 1377, ""9"": 410}",8188,717,8.756717147044455,11,0.03276832792159433,0,0.0,33969,33937,400,1.1786545658131242,364,1.084333760314576,0,1778,11641,13545,0,13545,13545,1.0,0.0,248,1739,36,1527,229,1775,1777,1.1624099541584807,14.996725605762935,ce_compression
train,language,,yo,uniq_superbpe,8192,observed,32,145697,69432,59766,30767,2.2567036110117984,0.5147910183047217,134,0.43553157603926285,2.2567036110117984,2,5,9,"{""1"": 9339, ""2"": 10697, ""3"": 7869, ""4"": 1165, ""5"": 694, ""6"": 395, ""7"": 358, ""8"": 164, ""9"": 86}",8188,700,8.549096238397656,10,0.03250235642084051,0,0.0,31438,31406,671,2.136534420174489,303,0.9848213995514675,0,2223,8795,11487,0,11487,11487,1.0,0.0,267,1668,191,1592,237,1859,1859,1.1677135678391959,14.886934673366834,ce_compression
train,language,,zh,uniq_superbpe,8192,observed,32,616082,130086,53452,46667,2.7875372318769154,0.8730636833046471,4,0.00857136734737609,2.7875372318769154,3,3,12,"{""1"": 7305, ""12"": 154, ""2"": 2190, ""3"": 35364, ""4"": 235, ""5"": 25, ""6"": 821, ""7"": 343, ""8"": 1, ""9"": 229}",8188,3249,39.6800195407914,2795,5.989242933979043,0,0.0,47316,47284,649,1.3725573132560698,1,0.0021428418368440224,0,1950,1800,3755,0,3755,3755,1.0,0.0,365,3253,347,3235,285,3600,3602,1.1128284389489953,8.809891808346213,ce_compression
train,domain,code,,uniq_superbpe,8192,observed,288,4104171,430843,428938,215502,1.9992529071655947,0.50240827345677,0,0.0,1.9992529071655947,1,5,16,"{""1"": 119308, ""10"": 308, ""11"": 93, ""12"": 173, ""13"": 335, ""16"": 356, ""2"": 46145, ""3"": 24010, ""4"": 10329, ""5"": 5714, ""6"": 4074, ""7"": 2165, ""8"": 928, ""9"": 1564}",8188,1336,16.31656082071324,46,0.02134550955443569,0,0.0,225911,225623,10409,4.613448097046843,717,0.3327115293593563,2661,22773,23321,44182,2056,46843,82443,1.0602281472092707,4.653478792268345,13988,48144,3406,37562,8362,51550,51638,1.372397635908631,22.26186039082051,ce_compression
train,domain,cyrillic_african,,uniq_superbpe,8192,observed,192,1504935,583695,352072,197784,2.9511740080087367,0.5617714558385785,192,0.09707559762164786,2.9511740080087367,3,6,10,"{""1"": 36068, ""10"": 454, ""2"": 45775, ""3"": 55246, ""4"": 37513, ""5"": 8906, ""6"": 7790, ""7"": 4117, ""8"": 1577, ""9"": 338}",8188,1654,20.20029311187103,120,0.06067224851352991,0,0.0,199890,199698,2106,1.05459243457621,457,0.23106014642235975,5,11148,44054,55671,5,55676,55676,1.0000898133678218,0.008981336782166657,2190,11642,1158,10610,1804,12800,12806,1.2064090480678604,17.00282752120641,ce_compression
train,domain,indic_cjk_arabic,,uniq_superbpe,8192,observed,448,4418492,1882068,800441,587615,3.202893050721986,0.7341140696191225,109248,18.591765016209592,3.202893050721986,3,7,16,"{""1"": 175711, ""10"": 2863, ""11"": 93, ""12"": 2962, ""13"": 541, ""14"": 75, ""16"": 151, ""2"": 43587, ""3"": 186398, ""4"": 51714, ""5"": 12282, ""6"": 79003, ""7"": 23997, ""8"": 112, ""9"": 8126}",8188,7031,85.8695652173913,5003,0.8514078095351548,0,0.0,595979,595531,8364,1.4044608928838298,799,0.13597338393335773,1,27783,87095,115103,1,115104,115104,1.0000086878708634,0.0008687870863487486,4426,26078,3336,24988,3577,29414,29420,1.1771250200096046,14.31487113814631,ce_compression
train,domain,latin_english,,uniq_superbpe,8192,observed,32,128944,59492,59076,26893,2.2121741717175474,0.4552271650077866,0,0.0,2.2121741717175474,2,4,12,"{""1"": 8910, ""12"": 1, ""2"": 8191, ""3"": 6652, ""4"": 2097, ""5"": 680, ""6"": 112, ""7"": 229, ""8"": 20, ""9"": 1}",8188,872,10.649731314118222,12,0.04462127691220764,0,0.0,27328,27296,435,1.5936400937866355,112,0.4164652511806046,3,1819,7192,9298,3,9301,9301,1.000322650032265,0.032265003226500326,332,1952,144,1764,266,2096,2096,1.1882086167800454,15.079365079365079,ce_compression
train,aggregate,,,uniq_superbpe,8192,observed,960,10156542,2956098,1640527,1027794,2.8761580628024683,0.6265023373586659,109440,10.648048149726502,2.8761580628024683,3,7,16,"{""1"": 339997, ""10"": 3625, ""11"": 186, ""12"": 3136, ""13"": 876, ""14"": 75, ""16"": 507, ""2"": 143698, ""3"": 272306, ""4"": 101653, ""5"": 27582, ""6"": 90979, ""7"": 30508, ""8"": 2637, ""9"": 10029}",8188,7968,97.31314118221788,5181,0.5040893408601335,0,0.0,1049108,1048148,21314,2.0334914534970254,2085,0.202861662940239,2670,63523,161662,224254,2065,226924,262524,1.011906142142392,0.9208308435969927,20936,87816,8044,74924,14009,95860,95960,1.2794298222198495,18.69761358176285,ce_compression
validation,stratum,flores200,am,uniq_superbpe,8192,observed,32,6471,6471,2573,2010,3.219402985074627,0.7811892732219199,0,0.0,3.219402985074627,3,6,10,"{""1"": 174, ""10"": 21, ""2"": 32, ""3"": 1402, ""4"": 266, ""6"": 52, ""7"": 63}",8188,278,3.3952125061064975,9,0.44776119402985076,0,0.0,2026,1994,16,0.802407221664995,0,0.0,0,117,369,486,0,486,486,1.0,0.0,1,76,0,75,1,76,76,1.0133333333333334,1.3333333333333333,ce_compression
validation,stratum,flores200,ar,uniq_superbpe,8192,observed,32,6539,6539,3628,2057,3.1789013125911523,0.5669790518191842,48,2.333495381623724,3.1789013125911523,3,7,9,"{""1"": 198, ""2"": 754, ""3"": 203, ""4"": 586, ""5"": 161, ""6"": 12, ""7"": 142, ""9"": 1}",8188,281,3.4318514899853443,9,0.4375303840544482,5,0.24307243558580457,2058,2026,1,0.049358341559723594,0,0.0,0,64,517,581,0,581,581,1.0,0.0,2,87,1,86,2,88,88,1.0232558139534884,2.3255813953488373,ce_compression
validation,stratum,flores200,bg,uniq_superbpe,8192,observed,32,7484,7482,4146,2136,3.502808988764045,0.5151953690303908,0,0.0,3.502808988764045,4,6,9,"{""1"": 217, ""2"": 480, ""3"": 217, ""4"": 775, ""5"": 253, ""6"": 113, ""7"": 42, ""8"": 34, ""9"": 5}",8188,354,4.323400097703957,0,0.0,0,0.0,2145,2113,9,0.4259346900141978,5,0.2340823970037453,0,92,525,617,0,617,617,1.0,0.0,3,115,9,121,3,124,124,1.024793388429752,2.479338842975207,ce_compression
validation,stratum,flores200,bn,uniq_superbpe,8192,observed,32,10607,10772,4028,3433,3.137780367025925,0.8522840119165839,1260,36.70259248470725,3.137780367025925,3,7,13,"{""1"": 1457, ""10"": 50, ""12"": 5, ""13"": 14, ""2"": 15, ""3"": 929, ""4"": 186, ""6"": 551, ""7"": 164, ""9"": 62}",8188,206,2.515876893014167,0,0.0,0,0.0,3484,3452,51,1.477404403244496,0,0.0,2,134,426,558,2,560,560,1.003584229390681,0.35842293906810035,8,83,7,82,5,90,90,1.0975609756097562,6.097560975609756,ce_compression
validation,stratum,flores200,fa,uniq_superbpe,8192,observed,32,6879,6879,3885,2044,3.36545988258317,0.5261261261261261,4,0.19569471624266144,3.36545988258317,3,6,9,"{""1"": 160, ""2"": 600, ""3"": 269, ""4"": 586, ""5"": 301, ""6"": 53, ""7"": 61, ""8"": 8, ""9"": 6}",8188,346,4.225696140693698,1,0.04892367906066536,0,0.0,2045,2013,1,0.04967709885742673,0,0.0,0,65,635,700,0,700,700,1.0,0.0,4,107,1,104,4,108,108,1.0384615384615385,3.8461538461538463,ce_compression
validation,stratum,flores200,gu,uniq_superbpe,8192,observed,32,9612,9612,3700,3213,2.991596638655462,0.8683783783783784,1227,38.18860877684407,2.991596638655462,3,7,13,"{""1"": 1459, ""10"": 42, ""13"": 2, ""2"": 34, ""3"": 749, ""4"": 241, ""6"": 492, ""7"": 135, ""9"": 59}",8188,213,2.6013678553981436,1,0.03112356053532524,0,0.0,3223,3191,10,0.31338138514572234,0,0.0,2,124,446,568,2,570,570,1.0035211267605635,0.352112676056338,13,81,10,78,10,91,91,1.1666666666666667,12.820512820512821,ce_compression
validation,stratum,flores200,hi,uniq_superbpe,8192,observed,32,10059,10074,3966,3085,3.26547811993517,0.7778618255168936,1092,35.39708265802269,3.26547811993517,3,7,16,"{""1"": 1308, ""10"": 38, ""12"": 6, ""13"": 11, ""14"": 8, ""16"": 1, ""2"": 33, ""3"": 715, ""4"": 187, ""6"": 412, ""7"": 341, ""9"": 25}",8188,273,3.3341475329750856,0,0.0,0,0.0,3102,3070,17,0.5537459283387622,12,0.3889789303079417,0,127,612,747,0,747,747,1.0,0.0,1,76,5,80,1,81,81,1.0125,1.25,ce_compression
validation,stratum,flores200,ja,uniq_superbpe,8192,observed,32,5120,5110,1782,1687,3.029045643153527,0.94668911335578,81,4.801422643746295,3.029045643153527,3,6,6,"{""1"": 145, ""2"": 21, ""3"": 1401, ""6"": 120}",8188,499,6.0942843185149,135,8.002371072910492,57,3.3787788974510966,1687,1655,0,0.0,0,0.0,0,0,2,2,0,2,2,1.0,0.0,2,113,0,111,2,113,113,1.018018018018018,1.8018018018018018,ce_compression
validation,stratum,flores200,kn,uniq_superbpe,8192,observed,32,11332,11326,4264,3370,3.360830860534125,0.7903377110694184,1008,29.910979228486646,3.360830860534125,3,6,12,"{""1"": 1316, ""10"": 8, ""12"": 9, ""2"": 44, ""3"": 691, ""4"": 189, ""6"": 964, ""7"": 110, ""9"": 39}",8188,227,2.772349780166097,2,0.05934718100890208,0,0.0,3389,3357,19,0.5659815311289842,0,0.0,46,203,346,503,42,549,549,1.091451292246521,8.34990059642147,0,71,19,90,0,90,90,1.0,0.0,ce_compression
validation,stratum,flores200,ko,uniq_superbpe,8192,observed,32,4735,4735,2037,1674,2.8285543608124253,0.8217967599410898,45,2.6881720430107525,2.8285543608124253,3,4,9,"{""1"": 320, ""2"": 63, ""3"": 1005, ""4"": 225, ""6"": 55, ""7"": 5, ""9"": 1}",8188,486,5.935515388373229,86,5.137395459976105,27,1.6129032258064515,1787,1755,113,6.438746438746438,3,0.17921146953405018,0,159,271,430,0,430,430,1.0,0.0,6,70,11,75,4,81,81,1.08,5.333333333333333,ce_compression
validation,stratum,flores200,ml,uniq_superbpe,8192,observed,32,11894,11894,4384,3740,3.1802139037433155,0.8531021897810219,1509,40.3475935828877,3.1802139037433155,3,9,12,"{""1"": 1779, ""10"": 16, ""12"": 123, ""2"": 37, ""3"": 807, ""4"": 205, ""6"": 571, ""7"": 40, ""9"": 162}",8188,223,2.7234978016609674,1,0.026737967914438502,0,0.0,3751,3719,11,0.295778435063189,0,0.0,5,159,288,442,5,447,447,1.01131221719457,1.1312217194570136,11,80,11,80,8,91,91,1.1375,10.0,ce_compression
validation,stratum,flores200,mr,uniq_superbpe,8192,observed,32,10965,10965,4109,3382,3.2421643997634537,0.8230713068873206,1254,37.07865168539326,3.2421643997634537,3,7,13,"{""1"": 1467, ""10"": 33, ""12"": 67, ""13"": 7, ""2"": 23, ""3"": 816, ""4"": 172, ""6"": 560, ""7"": 201, ""9"": 36}",8188,278,3.3952125061064975,0,0.0,0,0.0,3389,3357,7,0.20851951146857314,0,0.0,1,114,430,543,1,544,544,1.0018416206261511,0.1841620626151013,10,81,7,78,7,88,88,1.1282051282051282,8.974358974358974,ce_compression
validation,stratum,flores200,ru,uniq_superbpe,8192,observed,32,7654,7654,4261,2276,3.3629173989455183,0.5341469138699836,0,0.0,3.3629173989455183,4,6,9,"{""1"": 277, ""2"": 627, ""3"": 197, ""4"": 749, ""5"": 160, ""6"": 169, ""7"": 64, ""8"": 23, ""9"": 10}",8188,415,5.068392769907181,0,0.0,0,0.0,2288,2256,12,0.5319148936170213,4,0.1757469244288225,5,119,457,571,5,576,576,1.0087565674255692,0.8756567425569177,6,118,12,124,5,130,130,1.0483870967741935,4.032258064516129,ce_compression
validation,stratum,flores200,sw,uniq_superbpe,8192,observed,32,4405,4405,4397,2036,2.163555992141454,0.46304298385262677,0,0.0,2.163555992141454,2,4,7,"{""1"": 531, ""2"": 801, ""3"": 602, ""4"": 74, ""5"": 13, ""7"": 15}",8188,385,4.70200293111871,0,0.0,0,0.0,2039,2007,3,0.14947683109118087,0,0.0,0,88,572,660,0,660,660,1.0,0.0,1,74,3,76,1,77,77,1.013157894736842,1.3157894736842106,ce_compression
validation,stratum,flores200,ta,uniq_superbpe,8192,observed,32,12193,12193,4517,3008,4.053523936170213,0.6659287137480628,522,17.35372340425532,4.053523936170213,3,7,10,"{""1"": 812, ""10"": 25, ""2"": 53, ""3"": 697, ""4"": 17, ""6"": 1112, ""7"": 217, ""9"": 75}",8188,196,2.3937469467513433,2,0.06648936170212766,0,0.0,3128,3096,120,3.875968992248062,0,0.0,1,171,304,474,1,475,475,1.0021097046413503,0.2109704641350211,13,84,27,98,10,111,111,1.1326530612244898,10.204081632653061,ce_compression
validation,stratum,flores200,te,uniq_superbpe,8192,observed,32,10409,10409,3954,3096,3.362080103359173,0.7830045523520486,915,29.55426356589147,3.362080103359173,3,6,12,"{""1"": 1260, ""10"": 11, ""12"": 19, ""2"": 60, ""3"": 565, ""4"": 131, ""5"": 1, ""6"": 950, ""7"": 62, ""9"": 37}",8188,262,3.1998045920859797,0,0.0,0,0.0,3115,3083,19,0.6162828413882582,1,0.03229974160206718,6,235,251,480,6,486,486,1.0125,1.25,7,73,19,85,7,92,92,1.0823529411764705,8.235294117647058,ce_compression
validation,stratum,flores200,uk,uniq_superbpe,8192,observed,32,7446,7446,4118,2234,3.333034914950761,0.5424963574550753,0,0.0,3.333034914950761,4,6,10,"{""1"": 257, ""10"": 3, ""2"": 641, ""3"": 195, ""4"": 757, ""5"": 158, ""6"": 133, ""7"": 56, ""8"": 22, ""9"": 12}",8188,374,4.567659990229604,1,0.044762757385854966,0,0.0,2242,2210,8,0.36199095022624433,3,0.13428827215756492,0,111,444,555,0,555,555,1.0,0.0,2,118,8,124,2,126,126,1.0161290322580645,1.6129032258064515,ce_compression
validation,stratum,flores200,ur,uniq_superbpe,8192,observed,32,6879,6879,3892,2071,3.3215837759536457,0.5321171634121274,10,0.48285852245292127,3.3215837759536457,3,6,12,"{""1"": 140, ""11"": 1, ""12"": 2, ""2"": 719, ""3"": 262, ""4"": 487, ""5"": 346, ""6"": 20, ""7"": 82, ""9"": 12}",8188,306,3.7371763556424034,0,0.0,0,0.0,2077,2045,6,0.293398533007335,6,0.28971511347175277,0,73,718,793,0,793,793,1.0,0.0,1,72,0,71,1,72,72,1.0140845070422535,1.408450704225352,ce_compression
validation,stratum,flores200,yo,uniq_superbpe,8192,observed,32,5060,5063,3889,2831,1.7884139879901095,0.7279506299820006,292,10.31437654539032,1.7884139879901095,2,3,6,"{""1"": 1194, ""2"": 1160, ""3"": 400, ""4"": 44, ""5"": 25, ""6"": 8}",8188,357,4.360039081582804,11,0.3885552808194984,6,0.21193924408336276,2853,2821,22,0.7798652959943283,4,0.14129282938890853,0,271,442,718,0,718,718,1.0,0.0,2,61,17,76,2,78,78,1.0263157894736843,2.6315789473684212,ce_compression
validation,stratum,flores200,zh,uniq_superbpe,8192,observed,32,3887,3769,1485,1439,2.6191799861014595,0.969023569023569,78,5.42043085476025,2.6191799861014595,3,3,6,"{""1"": 243, ""2"": 68, ""3"": 1124, ""4"": 3, ""6"": 1}",8188,609,7.43771372740596,155,10.771369006254343,46,3.1966643502432244,1443,1411,4,0.28348688873139616,0,0.0,0,34,29,63,0,63,63,1.0,0.0,6,134,4,132,6,138,138,1.0454545454545454,4.545454545454546,ce_compression
validation,language,,am,uniq_superbpe,8192,observed,32,6471,6471,2573,2010,3.219402985074627,0.7811892732219199,0,0.0,3.219402985074627,3,6,10,"{""1"": 174, ""10"": 21, ""2"": 32, ""3"": 1402, ""4"": 266, ""6"": 52, ""7"": 63}",8188,278,3.3952125061064975,9,0.44776119402985076,0,0.0,2026,1994,16,0.802407221664995,0,0.0,0,117,369,486,0,486,486,1.0,0.0,1,76,0,75,1,76,76,1.0133333333333334,1.3333333333333333,ce_compression
validation,language,,ar,uniq_superbpe,8192,observed,32,6539,6539,3628,2057,3.1789013125911523,0.5669790518191842,48,2.333495381623724,3.1789013125911523,3,7,9,"{""1"": 198, ""2"": 754, ""3"": 203, ""4"": 586, ""5"": 161, ""6"": 12, ""7"": 142, ""9"": 1}",8188,281,3.4318514899853443,9,0.4375303840544482,5,0.24307243558580457,2058,2026,1,0.049358341559723594,0,0.0,0,64,517,581,0,581,581,1.0,0.0,2,87,1,86,2,88,88,1.0232558139534884,2.3255813953488373,ce_compression
validation,language,,bg,uniq_superbpe,8192,observed,32,7484,7482,4146,2136,3.502808988764045,0.5151953690303908,0,0.0,3.502808988764045,4,6,9,"{""1"": 217, ""2"": 480, ""3"": 217, ""4"": 775, ""5"": 253, ""6"": 113, ""7"": 42, ""8"": 34, ""9"": 5}",8188,354,4.323400097703957,0,0.0,0,0.0,2145,2113,9,0.4259346900141978,5,0.2340823970037453,0,92,525,617,0,617,617,1.0,0.0,3,115,9,121,3,124,124,1.024793388429752,2.479338842975207,ce_compression
validation,language,,bn,uniq_superbpe,8192,observed,32,10607,10772,4028,3433,3.137780367025925,0.8522840119165839,1260,36.70259248470725,3.137780367025925,3,7,13,"{""1"": 1457, ""10"": 50, ""12"": 5, ""13"": 14, ""2"": 15, ""3"": 929, ""4"": 186, ""6"": 551, ""7"": 164, ""9"": 62}",8188,206,2.515876893014167,0,0.0,0,0.0,3484,3452,51,1.477404403244496,0,0.0,2,134,426,558,2,560,560,1.003584229390681,0.35842293906810035,8,83,7,82,5,90,90,1.0975609756097562,6.097560975609756,ce_compression
validation,language,,fa,uniq_superbpe,8192,observed,32,6879,6879,3885,2044,3.36545988258317,0.5261261261261261,4,0.19569471624266144,3.36545988258317,3,6,9,"{""1"": 160, ""2"": 600, ""3"": 269, ""4"": 586, ""5"": 301, ""6"": 53, ""7"": 61, ""8"": 8, ""9"": 6}",8188,346,4.225696140693698,1,0.04892367906066536,0,0.0,2045,2013,1,0.04967709885742673,0,0.0,0,65,635,700,0,700,700,1.0,0.0,4,107,1,104,4,108,108,1.0384615384615385,3.8461538461538463,ce_compression
validation,language,,gu,uniq_superbpe,8192,observed,32,9612,9612,3700,3213,2.991596638655462,0.8683783783783784,1227,38.18860877684407,2.991596638655462,3,7,13,"{""1"": 1459, ""10"": 42, ""13"": 2, ""2"": 34, ""3"": 749, ""4"": 241, ""6"": 492, ""7"": 135, ""9"": 59}",8188,213,2.6013678553981436,1,0.03112356053532524,0,0.0,3223,3191,10,0.31338138514572234,0,0.0,2,124,446,568,2,570,570,1.0035211267605635,0.352112676056338,13,81,10,78,10,91,91,1.1666666666666667,12.820512820512821,ce_compression
validation,language,,hi,uniq_superbpe,8192,observed,32,10059,10074,3966,3085,3.26547811993517,0.7778618255168936,1092,35.39708265802269,3.26547811993517,3,7,16,"{""1"": 1308, ""10"": 38, ""12"": 6, ""13"": 11, ""14"": 8, ""16"": 1, ""2"": 33, ""3"": 715, ""4"": 187, ""6"": 412, ""7"": 341, ""9"": 25}",8188,273,3.3341475329750856,0,0.0,0,0.0,3102,3070,17,0.5537459283387622,12,0.3889789303079417,0,127,612,747,0,747,747,1.0,0.0,1,76,5,80,1,81,81,1.0125,1.25,ce_compression
validation,language,,ja,uniq_superbpe,8192,observed,32,5120,5110,1782,1687,3.029045643153527,0.94668911335578,81,4.801422643746295,3.029045643153527,3,6,6,"{""1"": 145, ""2"": 21, ""3"": 1401, ""6"": 120}",8188,499,6.0942843185149,135,8.002371072910492,57,3.3787788974510966,1687,1655,0,0.0,0,0.0,0,0,2,2,0,2,2,1.0,0.0,2,113,0,111,2,113,113,1.018018018018018,1.8018018018018018,ce_compression
validation,language,,kn,uniq_superbpe,8192,observed,32,11332,11326,4264,3370,3.360830860534125,0.7903377110694184,1008,29.910979228486646,3.360830860534125,3,6,12,"{""1"": 1316, ""10"": 8, ""12"": 9, ""2"": 44, ""3"": 691, ""4"": 189, ""6"": 964, ""7"": 110, ""9"": 39}",8188,227,2.772349780166097,2,0.05934718100890208,0,0.0,3389,3357,19,0.5659815311289842,0,0.0,46,203,346,503,42,549,549,1.091451292246521,8.34990059642147,0,71,19,90,0,90,90,1.0,0.0,ce_compression
validation,language,,ko,uniq_superbpe,8192,observed,32,4735,4735,2037,1674,2.8285543608124253,0.8217967599410898,45,2.6881720430107525,2.8285543608124253,3,4,9,"{""1"": 320, ""2"": 63, ""3"": 1005, ""4"": 225, ""6"": 55, ""7"": 5, ""9"": 1}",8188,486,5.935515388373229,86,5.137395459976105,27,1.6129032258064515,1787,1755,113,6.438746438746438,3,0.17921146953405018,0,159,271,430,0,430,430,1.0,0.0,6,70,11,75,4,81,81,1.08,5.333333333333333,ce_compression
validation,language,,ml,uniq_superbpe,8192,observed,32,11894,11894,4384,3740,3.1802139037433155,0.8531021897810219,1509,40.3475935828877,3.1802139037433155,3,9,12,"{""1"": 1779, ""10"": 16, ""12"": 123, ""2"": 37, ""3"": 807, ""4"": 205, ""6"": 571, ""7"": 40, ""9"": 162}",8188,223,2.7234978016609674,1,0.026737967914438502,0,0.0,3751,3719,11,0.295778435063189,0,0.0,5,159,288,442,5,447,447,1.01131221719457,1.1312217194570136,11,80,11,80,8,91,91,1.1375,10.0,ce_compression
validation,language,,mr,uniq_superbpe,8192,observed,32,10965,10965,4109,3382,3.2421643997634537,0.8230713068873206,1254,37.07865168539326,3.2421643997634537,3,7,13,"{""1"": 1467, ""10"": 33, ""12"": 67, ""13"": 7, ""2"": 23, ""3"": 816, ""4"": 172, ""6"": 560, ""7"": 201, ""9"": 36}",8188,278,3.3952125061064975,0,0.0,0,0.0,3389,3357,7,0.20851951146857314,0,0.0,1,114,430,543,1,544,544,1.0018416206261511,0.1841620626151013,10,81,7,78,7,88,88,1.1282051282051282,8.974358974358974,ce_compression
validation,language,,ru,uniq_superbpe,8192,observed,32,7654,7654,4261,2276,3.3629173989455183,0.5341469138699836,0,0.0,3.3629173989455183,4,6,9,"{""1"": 277, ""2"": 627, ""3"": 197, ""4"": 749, ""5"": 160, ""6"": 169, ""7"": 64, ""8"": 23, ""9"": 10}",8188,415,5.068392769907181,0,0.0,0,0.0,2288,2256,12,0.5319148936170213,4,0.1757469244288225,5,119,457,571,5,576,576,1.0087565674255692,0.8756567425569177,6,118,12,124,5,130,130,1.0483870967741935,4.032258064516129,ce_compression
validation,language,,sw,uniq_superbpe,8192,observed,32,4405,4405,4397,2036,2.163555992141454,0.46304298385262677,0,0.0,2.163555992141454,2,4,7,"{""1"": 531, ""2"": 801, ""3"": 602, ""4"": 74, ""5"": 13, ""7"": 15}",8188,385,4.70200293111871,0,0.0,0,0.0,2039,2007,3,0.14947683109118087,0,0.0,0,88,572,660,0,660,660,1.0,0.0,1,74,3,76,1,77,77,1.013157894736842,1.3157894736842106,ce_compression
validation,language,,ta,uniq_superbpe,8192,observed,32,12193,12193,4517,3008,4.053523936170213,0.6659287137480628,522,17.35372340425532,4.053523936170213,3,7,10,"{""1"": 812, ""10"": 25, ""2"": 53, ""3"": 697, ""4"": 17, ""6"": 1112, ""7"": 217, ""9"": 75}",8188,196,2.3937469467513433,2,0.06648936170212766,0,0.0,3128,3096,120,3.875968992248062,0,0.0,1,171,304,474,1,475,475,1.0021097046413503,0.2109704641350211,13,84,27,98,10,111,111,1.1326530612244898,10.204081632653061,ce_compression
validation,language,,te,uniq_superbpe,8192,observed,32,10409,10409,3954,3096,3.362080103359173,0.7830045523520486,915,29.55426356589147,3.362080103359173,3,6,12,"{""1"": 1260, ""10"": 11, ""12"": 19, ""2"": 60, ""3"": 565, ""4"": 131, ""5"": 1, ""6"": 950, ""7"": 62, ""9"": 37}",8188,262,3.1998045920859797,0,0.0,0,0.0,3115,3083,19,0.6162828413882582,1,0.03229974160206718,6,235,251,480,6,486,486,1.0125,1.25,7,73,19,85,7,92,92,1.0823529411764705,8.235294117647058,ce_compression
validation,language,,uk,uniq_superbpe,8192,observed,32,7446,7446,4118,2234,3.333034914950761,0.5424963574550753,0,0.0,3.333034914950761,4,6,10,"{""1"": 257, ""10"": 3, ""2"": 641, ""3"": 195, ""4"": 757, ""5"": 158, ""6"": 133, ""7"": 56, ""8"": 22, ""9"": 12}",8188,374,4.567659990229604,1,0.044762757385854966,0,0.0,2242,2210,8,0.36199095022624433,3,0.13428827215756492,0,111,444,555,0,555,555,1.0,0.0,2,118,8,124,2,126,126,1.0161290322580645,1.6129032258064515,ce_compression
validation,language,,ur,uniq_superbpe,8192,observed,32,6879,6879,3892,2071,3.3215837759536457,0.5321171634121274,10,0.48285852245292127,3.3215837759536457,3,6,12,"{""1"": 140, ""11"": 1, ""12"": 2, ""2"": 719, ""3"": 262, ""4"": 487, ""5"": 346, ""6"": 20, ""7"": 82, ""9"": 12}",8188,306,3.7371763556424034,0,0.0,0,0.0,2077,2045,6,0.293398533007335,6,0.28971511347175277,0,73,718,793,0,793,793,1.0,0.0,1,72,0,71,1,72,72,1.0140845070422535,1.408450704225352,ce_compression
validation,language,,yo,uniq_superbpe,8192,observed,32,5060,5063,3889,2831,1.7884139879901095,0.7279506299820006,292,10.31437654539032,1.7884139879901095,2,3,6,"{""1"": 1194, ""2"": 1160, ""3"": 400, ""4"": 44, ""5"": 25, ""6"": 8}",8188,357,4.360039081582804,11,0.3885552808194984,6,0.21193924408336276,2853,2821,22,0.7798652959943283,4,0.14129282938890853,0,271,442,718,0,718,718,1.0,0.0,2,61,17,76,2,78,78,1.0263157894736843,2.6315789473684212,ce_compression
validation,language,,zh,uniq_superbpe,8192,observed,32,3887,3769,1485,1439,2.6191799861014595,0.969023569023569,78,5.42043085476025,2.6191799861014595,3,3,6,"{""1"": 243, ""2"": 68, ""3"": 1124, ""4"": 3, ""6"": 1}",8188,609,7.43771372740596,155,10.771369006254343,46,3.1966643502432244,1443,1411,4,0.28348688873139616,0,0.0,0,34,29,63,0,63,63,1.0,0.0,6,134,4,132,6,138,138,1.0454545454545454,4.545454545454546,ce_compression
validation,domain,flores200,,uniq_superbpe,8192,observed,640,159630,159677,73015,50822,3.1418873716107196,0.6960487571047045,9345,18.387706111526505,3.1418873716107196,3,7,16,"{""1"": 14714, ""10"": 247, ""11"": 1, ""12"": 231, ""13"": 34, ""14"": 8, ""16"": 1, ""2"": 6265, ""3"": 13246, ""4"": 5880, ""5"": 1418, ""6"": 6348, ""7"": 1800, ""8"": 87, ""9"": 542}",8188,3858,47.11773326819736,413,0.812640195191059,141,0.27743890441147534,51271,50631,449,0.8868084770200075,38,0.07477076856479477,68,2460,8084,10491,64,10559,10559,1.006481746258698,0.6100467067009818,99,1774,171,1846,81,1945,1945,1.0536294691224268,4.387865655471289,ce_compression
validation,aggregate,,,uniq_superbpe,8192,observed,640,159630,159677,73015,50822,3.1418873716107196,0.6960487571047045,9345,18.387706111526505,3.1418873716107196,3,7,16,"{""1"": 14714, ""10"": 247, ""11"": 1, ""12"": 231, ""13"": 34, ""14"": 8, ""16"": 1, ""2"": 6265, ""3"": 13246, ""4"": 5880, ""5"": 1418, ""6"": 6348, ""7"": 1800, ""8"": 87, ""9"": 542}",8188,3858,47.11773326819736,413,0.812640195191059,141,0.27743890441147534,51271,50631,449,0.8868084770200075,38,0.07477076856479477,68,2460,8084,10491,64,10559,10559,1.006481746258698,0.6100467067009818,99,1774,171,1846,81,1945,1945,1.0536294691224268,4.387865655471289,ce_compression
