split,scope,domain,language,tokenizer,vocab_budget,tokens,normalized_utf8_bytes,unicode_characters,model_kind,actual_vocab_size,tokens_per_unicode_character,tokens_per_normalized_utf8_byte,bytes_per_token,token_length_bytes_histogram,token_length_bytes_p50,token_length_bytes_p95,token_length_bytes_p99,token_length_bytes_max
train,stratum,code,c,sp_unigram,16384,124364,269690,269687,tokenizer_only,16384,0.4611419905297623,0.461136860840224,2.1685536007204655,"{""1"": 64290, ""10"": 231, ""11"": 120, ""12"": 59, ""13"": 3, ""15"": 74, ""16"": 127, ""2"": 24336, ""3"": 14652, ""4"": 8881, ""5"": 4551, ""6"": 3992, ""7"": 1754, ""8"": 902, ""9"": 392}",1,6,8,16
train,stratum,code,cpp,sp_unigram,16384,308673,735578,735574,tokenizer_only,16384,0.4196355499242768,0.41963326798789524,2.383033177504997,"{""1"": 148093, ""10"": 1618, ""11"": 510, ""12"": 549, ""13"": 7, ""15"": 9, ""16"": 253, ""2"": 65905, ""3"": 32611, ""4"": 19603, ""5"": 10704, ""6"": 14514, ""7"": 9995, ""8"": 2509, ""9"": 1793}",2,7,9,16
train,stratum,code,go,sp_unigram,16384,208118,514454,514451,tokenizer_only,16384,0.40454387298304406,0.40454151391572424,2.4719341911800035,"{""1"": 94709, ""10"": 288, ""11"": 258, ""12"": 29, ""13"": 13, ""15"": 7, ""2"": 36958, ""3"": 27065, ""4"": 20409, ""5"": 9251, ""6"": 9041, ""7"": 6060, ""8"": 2533, ""9"": 1497}",2,7,9,15
train,stratum,code,java,sp_unigram,16384,85936,175539,174303,tokenizer_only,16384,0.4930265113050263,0.4895550276576715,2.042671290262521,"{""1"": 52844, ""10"": 171, ""11"": 85, ""12"": 21, ""13"": 5, ""16"": 31, ""2"": 10636, ""3"": 8115, ""4"": 6294, ""5"": 2443, ""6"": 2309, ""7"": 1879, ""8"": 705, ""9"": 398}",1,6,8,16
train,stratum,code,javascript,sp_unigram,16384,55503,112471,110533,tokenizer_only,16384,0.5021396325079388,0.4934872100363649,2.026394969641281,"{""1"": 29689, ""10"": 170, ""11"": 47, ""12"": 2, ""2"": 12846, ""3"": 5488, ""4"": 2696, ""5"": 1759, ""6"": 1521, ""7"": 785, ""8"": 315, ""9"": 185}",1,6,8,12
train,stratum,code,python,sp_unigram,16384,94974,193153,192883,tokenizer_only,16384,0.4923917608083657,0.49170346823502614,2.0337460778739445,"{""1"": 58786, ""10"": 66, ""11"": 105, ""12"": 26, ""13"": 5, ""15"": 2, ""16"": 84, ""2"": 12217, ""3"": 7654, ""4"": 6459, ""5"": 3938, ""6"": 3032, ""7"": 1544, ""8"": 625, ""9"": 431}",1,6,8,16
train,stratum,code,rust,sp_unigram,16384,205794,405448,405437,tokenizer_only,16384,0.5075856421589544,0.5075718711154081,1.970164339096378,"{""1"": 123958, ""10"": 230, ""11"": 99, ""12"": 17, ""15"": 21, ""16"": 26, ""2"": 28783, ""3"": 21757, ""4"": 14663, ""5"": 7710, ""6"": 4430, ""7"": 2731, ""8"": 891, ""9"": 478}",1,5,7,16
train,stratum,code,sql,sp_unigram,16384,418527,962820,962198,tokenizer_only,16384,0.4349697255658399,0.43468872686483456,2.300496742145668,"{""1"": 147287, ""10"": 470, ""11"": 376, ""12"": 95, ""16"": 85, ""2"": 163091, ""3"": 40157, ""4"": 23635, ""5"": 20126, ""6"": 10565, ""7"": 6536, ""8"": 1704, ""9"": 4400}",2,6,9,16
train,stratum,code,typescript,sp_unigram,16384,373560,734901,727952,tokenizer_only,16384,0.5131657032331802,0.5083133646572804,1.9672903951172502,"{""1"": 227522, ""10"": 666, ""11"": 2616, ""12"": 137, ""13"": 21, ""15"": 2, ""16"": 409, ""2"": 65293, ""3"": 28901, ""4"": 21372, ""5"": 11249, ""6"": 6806, ""7"": 5846, ""8"": 1808, ""9"": 912}",1,6,10,16
train,stratum,cyrillic_african,am,sp_unigram,16384,118229,390552,158149,tokenizer_only,16384,0.747579813972899,0.3027228128392634,3.3033519694829527,"{""1"": 16768, ""10"": 1696, ""11"": 1, ""12"": 59, ""13"": 126, ""15"": 155, ""2"": 2194, ""3"": 75186, ""4"": 8825, ""5"": 149, ""6"": 6838, ""7"": 5463, ""8"": 39, ""9"": 730}",3,7,10,15
train,stratum,cyrillic_african,bg,sp_unigram,16384,71502,249242,140975,tokenizer_only,16384,0.507196311402731,0.28687781353062486,3.485804592878521,"{""1"": 14206, ""10"": 293, ""11"": 367, ""12"": 110, ""13"": 128, ""15"": 18, ""16"": 12, ""2"": 14225, ""3"": 4059, ""4"": 22776, ""5"": 5969, ""6"": 5628, ""7"": 1135, ""8"": 1850, ""9"": 726}",4,7,10,16
train,stratum,cyrillic_african,ru,sp_unigram,16384,65553,231855,128599,tokenizer_only,16384,0.5097473541784928,0.28273274244678787,3.5369090659466385,"{""1"": 11991, ""10"": 464, ""11"": 281, ""12"": 110, ""13"": 103, ""14"": 34, ""15"": 9, ""16"": 20, ""2"": 14100, ""3"": 3389, ""4"": 21386, ""5"": 3302, ""6"": 6797, ""7"": 1585, ""8"": 1593, ""9"": 389}",4,7,10,16
train,stratum,cyrillic_african,sw,sp_unigram,16384,125274,302851,302208,tokenizer_only,16384,0.4145290660736976,0.4136489560873169,2.4175088206651023,"{""1"": 33206, ""10"": 241, ""11"": 6, ""12"": 2, ""2"": 39755, ""3"": 35389, ""4"": 8956, ""5"": 3583, ""6"": 1851, ""7"": 1898, ""8"": 146, ""9"": 241}",2,5,7,12
train,stratum,cyrillic_african,uk,sp_unigram,16384,54301,184724,102382,tokenizer_only,16384,0.5303764333574261,0.29395747168749053,3.401852636231377,"{""1"": 9865, ""10"": 438, ""11"": 32, ""12"": 70, ""13"": 42, ""15"": 58, ""16"": 13, ""2"": 13153, ""3"": 2640, ""4"": 18088, ""5"": 2785, ""6"": 4470, ""7"": 1105, ""8"": 1273, ""9"": 269}",4,7,10,16
train,stratum,cyrillic_african,yo,sp_unigram,16384,53714,145693,125826,tokenizer_only,16384,0.4268911035874938,0.3686793462966649,2.7123841084261087,"{""1"": 15398, ""10"": 49, ""11"": 100, ""12"": 1, ""16"": 36, ""2"": 13668, ""3"": 12336, ""4"": 4623, ""5"": 3253, ""6"": 1244, ""7"": 2600, ""8"": 302, ""9"": 104}",2,7,8,16
train,stratum,indic_cjk_arabic,ar,sp_unigram,16384,65591,215273,120548,tokenizer_only,16384,0.5441069117695856,0.304687536291128,3.282050891128356,"{""1"": 8323, ""10"": 10, ""11"": 31, ""12"": 20, ""15"": 3, ""2"": 20484, ""3"": 4551, ""4"": 21233, ""5"": 4515, ""6"": 1655, ""7"": 4251, ""8"": 226, ""9"": 289}",3,7,7,15
train,stratum,indic_cjk_arabic,bn,sp_unigram,16384,67507,278982,106840,tokenizer_only,16384,0.6318513665293898,0.2419761848434666,4.132638096789963,"{""1"": 12505, ""10"": 1174, ""12"": 613, ""13"": 655, ""15"": 78, ""16"": 197, ""19"": 51, ""2"": 614, ""3"": 29072, ""4"": 1685, ""5"": 97, ""6"": 15458, ""7"": 1298, ""8"": 18, ""9"": 3992}",3,9,13,19
train,stratum,indic_cjk_arabic,fa,sp_unigram,16384,58225,198737,111850,tokenizer_only,16384,0.5205632543585159,0.2929751379964476,3.413258909403177,"{""1"": 10288, ""10"": 26, ""11"": 337, ""12"": 38, ""15"": 61, ""2"": 14679, ""3"": 3849, ""4"": 16360, ""5"": 5902, ""6"": 2511, ""7"": 2230, ""8"": 916, ""9"": 1028}",4,7,9,15
train,stratum,indic_cjk_arabic,gu,sp_unigram,16384,67540,266235,106404,tokenizer_only,16384,0.6347505732867186,0.2536856536518489,3.9418862896061593,"{""1"": 14002, ""10"": 1467, ""11"": 1, ""12"": 129, ""13"": 481, ""15"": 72, ""2"": 1253, ""3"": 26968, ""4"": 1950, ""5"": 129, ""6"": 15800, ""7"": 2779, ""8"": 18, ""9"": 2491}",3,9,12,15
train,stratum,indic_cjk_arabic,hi,sp_unigram,16384,78970,342710,137684,tokenizer_only,16384,0.573559745504198,0.2304280587085291,4.339749271875395,"{""1"": 13885, ""10"": 2452, ""11"": 4, ""12"": 198, ""13"": 932, ""15"": 1, ""16"": 185, ""2"": 1113, ""21"": 17, ""3"": 29261, ""4"": 2927, ""5"": 83, ""6"": 16083, ""7"": 9322, ""8"": 10, ""9"": 2497}",3,9,13,21
train,stratum,indic_cjk_arabic,ja,sp_unigram,16384,109024,318463,134867,tokenizer_only,16384,0.8083815907523708,0.342344322574365,2.9210357352509537,"{""1"": 18149, ""10"": 5, ""11"": 6, ""12"": 248, ""13"": 1, ""2"": 6822, ""3"": 73701, ""4"": 680, ""5"": 334, ""6"": 7820, ""7"": 57, ""8"": 56, ""9"": 1145}",3,6,9,13
train,stratum,indic_cjk_arabic,kn,sp_unigram,16384,108069,457719,180531,tokenizer_only,16384,0.5986174119680276,0.2361033734671272,4.235432917858035,"{""1"": 22296, ""10"": 1158, ""11"": 3, ""12"": 2495, ""13"": 263, ""15"": 1186, ""16"": 324, ""18"": 607, ""2"": 3327, ""21"": 91, ""3"": 39127, ""4"": 6613, ""5"": 106, ""6"": 23254, ""7"": 429, ""8"": 14, ""9"": 6776}",3,10,15,21
train,stratum,indic_cjk_arabic,ko,sp_unigram,16384,77180,201183,86266,tokenizer_only,16384,0.894674611086639,0.38363082367794493,2.606672713138119,"{""1"": 20846, ""10"": 2, ""13"": 98, ""2"": 1890, ""3"": 50087, ""4"": 1127, ""5"": 74, ""6"": 2052, ""7"": 612, ""9"": 392}",3,4,7,13
train,stratum,indic_cjk_arabic,ml,sp_unigram,16384,41643,188704,72486,tokenizer_only,16384,0.5744971442761361,0.2206789469221638,4.531469874888937,"{""1"": 7804, ""10"": 56, ""12"": 2083, ""13"": 86, ""15"": 452, ""18"": 104, ""2"": 971, ""21"": 28, ""24"": 61, ""27"": 35, ""3"": 16884, ""4"": 977, ""5"": 73, ""6"": 7438, ""7"": 107, ""8"": 23, ""9"": 4461}",3,12,15,27
train,stratum,indic_cjk_arabic,mr,sp_unigram,16384,81545,362338,142528,tokenizer_only,16384,0.5721331948810059,0.2250522992344165,4.443411613219695,"{""1"": 14768, ""10"": 1534, ""11"": 7, ""12"": 1922, ""13"": 968, ""15"": 89, ""16"": 158, ""18"": 206, ""19"": 58, ""2"": 1584, ""21"": 24, ""24"": 57, ""3"": 29681, ""4"": 2502, ""5"": 150, ""6"": 19952, ""7"": 3836, ""8"": 14, ""9"": 4035}",3,10,13,24
train,stratum,indic_cjk_arabic,ta,sp_unigram,16384,46933,239341,90715,tokenizer_only,16384,0.5173675797828363,0.1960926042759076,5.099631389427482,"{""1"": 7538, ""10"": 147, ""11"": 1, ""12"": 2161, ""13"": 278, ""15"": 623, ""16"": 113, ""18"": 331, ""19"": 148, ""2"": 857, ""3"": 12559, ""4"": 3569, ""5"": 57, ""6"": 13039, ""7"": 465, ""8"": 11, ""9"": 5036}",4,12,18,19
train,stratum,indic_cjk_arabic,te,sp_unigram,16384,70877,300203,115621,tokenizer_only,16384,0.6130114771538042,0.236096907759083,4.235548908672771,"{""1"": 13859, ""10"": 661, ""12"": 470, ""13"": 203, ""15"": 225, ""18"": 204, ""2"": 1404, ""21"": 63, ""3"": 23524, ""4"": 2471, ""5"": 77, ""6"": 23222, ""7"": 167, ""8"": 8, ""9"": 4319}",3,9,12,21
train,stratum,indic_cjk_arabic,ur,sp_unigram,16384,124195,430336,244935,tokenizer_only,16384,0.5070528915834813,0.2886000706424747,3.46500261685253,"{""1"": 19643, ""10"": 17, ""11"": 460, ""12"": 24, ""15"": 130, ""2"": 34674, ""3"": 6835, ""4"": 30498, ""5"": 17530, ""6"": 3085, ""7"": 7909, ""8"": 653, ""9"": 2737}",4,7,9,15
train,stratum,indic_cjk_arabic,zh,sp_unigram,16384,180649,612143,250435,tokenizer_only,16384,0.7213408668916086,0.29510914933275395,3.388576742744217,"{""1"": 28170, ""10"": 12, ""11"": 6, ""12"": 1117, ""13"": 1541, ""15"": 18, ""16"": 1198, ""2"": 10473, ""3"": 110096, ""4"": 459, ""5"": 296, ""6"": 20765, ""7"": 3338, ""8"": 34, ""9"": 3126}",3,7,13,16
train,stratum,latin_english,en,sp_unigram,16384,42594,128943,128062,tokenizer_only,16384,0.3326045196857772,0.33033200716595706,3.027257360191576,"{""1"": 12437, ""10"": 265, ""11"": 123, ""12"": 50, ""13"": 13, ""14"": 3, ""2"": 7438, ""3"": 8371, ""4"": 5895, ""5"": 3778, ""6"": 1871, ""7"": 1205, ""8"": 733, ""9"": 412}",3,7,10,14
validation,stratum,flores200,am,sp_unigram,16384,32192,109651,42703,tokenizer_only,16384,0.7538580427604618,0.2935860138074436,3.4061568091451293,"{""1"": 3667, ""10"": 555, ""12"": 21, ""13"": 20, ""15"": 2, ""2"": 289, ""3"": 21344, ""4"": 2323, ""5"": 10, ""6"": 2173, ""7"": 1595, ""9"": 193}",3,7,10,15
validation,stratum,flores200,ar,sp_unigram,16384,29830,99690,54980,tokenizer_only,16384,0.5425609312477264,0.2992276055772896,3.341937646664432,"{""1"": 3237, ""10"": 6, ""11"": 14, ""12"": 6, ""2"": 9487, ""3"": 1867, ""4"": 10058, ""5"": 2168, ""6"": 703, ""7"": 2078, ""8"": 98, ""9"": 108}",4,7,7,12
validation,stratum,flores200,bg,sp_unigram,16384,31679,114709,63267,tokenizer_only,16384,0.5007191742930753,0.27616839132064613,3.620979197575681,"{""1"": 5582, ""10"": 119, ""11"": 184, ""12"": 68, ""13"": 35, ""15"": 7, ""16"": 7, ""2"": 5981, ""3"": 1674, ""4"": 10636, ""5"": 2815, ""6"": 2790, ""7"": 506, ""8"": 935, ""9"": 340}",4,8,10,16
validation,stratum,flores200,bn,sp_unigram,16384,37092,160235,59847,tokenizer_only,16384,0.6197804401223119,0.23148500639685463,4.31993421762105,"{""1"": 6241, ""10"": 840, ""12"": 486, ""13"": 473, ""16"": 85, ""19"": 21, ""2"": 182, ""3"": 15959, ""4"": 713, ""5"": 1, ""6"": 8835, ""7"": 779, ""9"": 2477}",3,10,13,19
validation,stratum,flores200,fa,sp_unigram,16384,32557,114142,63254,tokenizer_only,16384,0.514702627501818,0.28523242978044894,3.505912706944743,"{""1"": 4899, ""10"": 17, ""11"": 140, ""12"": 15, ""15"": 31, ""2"": 8250, ""3"": 2209, ""4"": 9686, ""5"": 3302, ""6"": 1441, ""7"": 1325, ""8"": 592, ""9"": 650}",4,7,9,15
validation,stratum,flores200,gu,sp_unigram,16384,34925,144544,55214,tokenizer_only,16384,0.6325388488426849,0.2416219282709763,4.138697208303507,"{""1"": 6191, ""10"": 941, ""12"": 58, ""13"": 366, ""15"": 42, ""2"": 241, ""3"": 14807, ""4"": 863, ""5"": 3, ""6"": 8452, ""7"": 1436, ""9"": 1525}",3,9,13,15
validation,stratum,flores200,hi,sp_unigram,16384,33186,148664,57809,tokenizer_only,16384,0.574062862184089,0.22322821934025722,4.479720364008919,"{""1"": 4973, ""10"": 1140, ""12"": 73, ""13"": 422, ""16"": 76, ""2"": 190, ""21"": 15, ""3"": 13040, ""4"": 1109, ""5"": 6, ""6"": 6965, ""7"": 3975, ""8"": 1, ""9"": 1201}",3,10,13,21
validation,stratum,flores200,ja,sp_unigram,16384,24035,79352,27145,tokenizer_only,16384,0.8854300976238718,0.3028909164230265,3.30151861868109,"{""1"": 458, ""12"": 85, ""2"": 201, ""3"": 21030, ""4"": 12, ""5"": 3, ""6"": 1965, ""9"": 281}",3,6,9,12
validation,stratum,flores200,kn,sp_unigram,16384,39276,183479,67713,tokenizer_only,16384,0.5800363298037304,0.21406264477133624,4.67152968734087,"{""1"": 5555, ""10"": 494, ""12"": 1017, ""13"": 140, ""15"": 517, ""16"": 279, ""18"": 362, ""2"": 291, ""21"": 41, ""3"": 15741, ""4"": 2319, ""5"": 7, ""6"": 10035, ""7"": 132, ""9"": 2346}",3,12,18,21
validation,stratum,flores200,ko,sp_unigram,16384,29089,77684,32348,tokenizer_only,16384,0.8992518857425498,0.3744529117965089,2.6705627556808413,"{""1"": 7756, ""13"": 58, ""2"": 355, ""3"": 19151, ""4"": 306, ""5"": 9, ""6"": 948, ""7"": 250, ""9"": 256}",3,6,9,13
validation,stratum,flores200,ml,sp_unigram,16384,42393,200492,72763,tokenizer_only,16384,0.5826175391339005,0.21144484567962812,4.729365697166985,"{""1"": 6879, ""10"": 154, ""12"": 2289, ""13"": 109, ""15"": 522, ""18"": 93, ""2"": 255, ""21"": 2, ""24"": 186, ""27"": 30, ""3"": 18338, ""4"": 852, ""5"": 4, ""6"": 8154, ""7"": 121, ""9"": 4405}",3,12,15,27
validation,stratum,flores200,mr,sp_unigram,16384,36802,171557,64243,tokenizer_only,16384,0.5728561866662516,0.2145176238801098,4.661621650997229,"{""1"": 5810, ""10"": 782, ""12"": 1018, ""13"": 451, ""15"": 167, ""16"": 53, ""18"": 88, ""19"": 18, ""2"": 245, ""21"": 14, ""24"": 54, ""3"": 14037, ""4"": 901, ""5"": 1, ""6"": 9302, ""7"": 1896, ""9"": 1965}",3,12,15,24
validation,stratum,flores200,ru,sp_unigram,16384,34289,124729,68235,tokenizer_only,16384,0.5025133729024694,0.27490800054518194,3.6375805651958353,"{""1"": 5663, ""10"": 301, ""11"": 182, ""12"": 65, ""13"": 38, ""14"": 19, ""15"": 10, ""16"": 19, ""2"": 7534, ""3"": 1669, ""4"": 11226, ""5"": 1818, ""6"": 3642, ""7"": 909, ""8"": 970, ""9"": 224}",4,8,10,16
validation,stratum,flores200,sw,sp_unigram,16384,28151,66996,66926,tokenizer_only,16384,0.42062875414637063,0.4201892650307481,2.3798799332172926,"{""1"": 8020, ""11"": 4, ""2"": 8519, ""3"": 7911, ""4"": 1973, ""5"": 677, ""6"": 488, ""7"": 523, ""8"": 29, ""9"": 7}",2,5,7,11
validation,stratum,flores200,ta,sp_unigram,16384,37699,197234,72334,tokenizer_only,16384,0.5211795282992784,0.19113844469006358,5.231809862330566,"{""1"": 5418, ""10"": 178, ""11"": 1, ""12"": 1639, ""13"": 168, ""15"": 497, ""16"": 85, ""18"": 348, ""19"": 116, ""2"": 287, ""3"": 10474, ""4"": 2694, ""5"": 5, ""6"": 11120, ""7"": 324, ""9"": 4345}",4,12,18,19
validation,stratum,flores200,te,sp_unigram,16384,38644,169259,63608,tokenizer_only,16384,0.6075336435668469,0.22831282236099706,4.3799554911499845,"{""1"": 7191, ""10"": 395, ""12"": 360, ""13"": 153, ""15"": 111, ""18"": 137, ""2"": 455, ""21"": 26, ""3"": 12648, ""4"": 1245, ""5"": 16, ""6"": 13213, ""7"": 153, ""9"": 2541}",3,9,13,21
validation,stratum,flores200,uk,sp_unigram,16384,34980,120966,66197,tokenizer_only,16384,0.5284227381905524,0.28917216407916274,3.458147512864494,"{""1"": 6063, ""10"": 294, ""11"": 39, ""12"": 47, ""13"": 28, ""15"": 4, ""16"": 4, ""2"": 8078, ""3"": 1504, ""4"": 12388, ""5"": 1872, ""6"": 2886, ""7"": 819, ""8"": 733, ""9"": 221}",4,7,10,16
validation,stratum,flores200,ur,sp_unigram,16384,32095,112125,62990,tokenizer_only,16384,0.5095253214796,0.2862430323299889,3.493534818507556,"{""1"": 4552, ""10"": 7, ""11"": 108, ""12"": 9, ""15"": 23, ""2"": 9171, ""3"": 1366, ""4"": 8780, ""5"": 4423, ""6"": 812, ""7"": 2066, ""8"": 149, ""9"": 629}",4,7,9,15
validation,stratum,flores200,yo,sp_unigram,16384,41192,79356,59988,tokenizer_only,16384,0.6866706674668267,0.5190785825898483,1.9264905806952806,"{""1"": 19145, ""10"": 7, ""11"": 5, ""16"": 1, ""2"": 14518, ""3"": 3588, ""4"": 902, ""5"": 2367, ""6"": 163, ""7"": 142, ""8"": 331, ""9"": 23}",2,5,7,16
validation,stratum,flores200,zh,sp_unigram,16384,19846,56546,21068,tokenizer_only,16384,0.9419973419403835,0.3509708909560358,2.849239141388693,"{""1"": 1682, ""2"": 476, ""3"": 17367, ""4"": 52, ""5"": 12, ""6"": 256, ""7"": 1}",3,3,6,7
train,stratum,code,c,sp_unigram,32768,107633,269690,269687,tokenizer_only,32768,0.39910340505845665,0.3990989654788832,2.505644179758996,"{""1"": 52063, ""10"": 633, ""11"": 310, ""12"": 103, ""13"": 64, ""14"": 35, ""15"": 9, ""16"": 166, ""2"": 16949, ""3"": 12408, ""4"": 9912, ""5"": 5446, ""6"": 4866, ""7"": 2597, ""8"": 1485, ""9"": 587}",2,7,10,16
train,stratum,code,cpp,sp_unigram,32768,271223,735578,735574,tokenizer_only,32768,0.36872292930418965,0.368720924225575,2.712078252950524,"{""1"": 123937, ""10"": 1955, ""11"": 854, ""12"": 549, ""13"": 342, ""14"": 202, ""15"": 247, ""16"": 277, ""2"": 46111, ""3"": 27410, ""4"": 22356, ""5"": 12054, ""6"": 17299, ""7"": 11132, ""8"": 3648, ""9"": 2850}",2,7,10,16
train,stratum,code,go,sp_unigram,32768,181649,514454,514451,tokenizer_only,32768,0.35309290875127075,0.35309084971639837,2.8321322991043165,"{""1"": 78756, ""10"": 855, ""11"": 623, ""12"": 103, ""13"": 442, ""14"": 22, ""15"": 148, ""16"": 171, ""2"": 25346, ""3"": 22541, ""4"": 19008, ""5"": 10232, ""6"": 9784, ""7"": 7061, ""8"": 4602, ""9"": 1955}",2,7,10,16
train,stratum,code,java,sp_unigram,32768,78605,175539,174303,tokenizer_only,32768,0.45096756797071763,0.44779222850762507,2.2331785509827617,"{""1"": 48347, ""10"": 399, ""11"": 183, ""12"": 71, ""13"": 38, ""14"": 4, ""15"": 13, ""16"": 33, ""2"": 7894, ""3"": 6349, ""4"": 5283, ""5"": 3250, ""6"": 2608, ""7"": 2384, ""8"": 1230, ""9"": 519}",1,7,9,16
train,stratum,code,javascript,sp_unigram,32768,49174,112471,110533,tokenizer_only,32768,0.44488071435679843,0.43721492651439037,2.2872046203278154,"{""1"": 24506, ""10"": 218, ""11"": 125, ""12"": 7, ""13"": 72, ""14"": 12, ""16"": 5, ""2"": 10155, ""3"": 5779, ""4"": 2806, ""5"": 1999, ""6"": 1599, ""7"": 918, ""8"": 501, ""9"": 472}",2,6,9,16
train,stratum,code,python,sp_unigram,32768,85473,193153,192883,tokenizer_only,32768,0.443133920563243,0.4425144833370437,2.2598130403753234,"{""1"": 52198, ""10"": 341, ""11"": 337, ""12"": 80, ""13"": 9, ""14"": 16, ""15"": 15, ""16"": 91, ""2"": 8582, ""3"": 6236, ""4"": 6306, ""5"": 4098, ""6"": 3389, ""7"": 1956, ""8"": 1127, ""9"": 692}",1,7,10,16
train,stratum,code,rust,sp_unigram,32768,187552,405448,405437,tokenizer_only,32768,0.46259221531335326,0.4625796649632012,2.161789796962976,"{""1"": 109678, ""10"": 740, ""11"": 160, ""12"": 67, ""13"": 14, ""14"": 73, ""15"": 23, ""16"": 29, ""2"": 22254, ""3"": 20231, ""4"": 14208, ""5"": 8314, ""6"": 5413, ""7"": 3948, ""8"": 1524, ""9"": 876}",1,6,9,16
train,stratum,code,sql,sp_unigram,32768,333298,962820,962198,tokenizer_only,32768,0.3463923225780972,0.3461685465611433,2.888766209218177,"{""1"": 89211, ""10"": 1214, ""11"": 987, ""12"": 297, ""13"": 134, ""14"": 4, ""16"": 84, ""2"": 101924, ""3"": 60682, ""4"": 21950, ""5"": 20344, ""6"": 10901, ""7"": 10623, ""8"": 5762, ""9"": 9181}",2,8,9,16
train,stratum,code,typescript,sp_unigram,32768,336647,734901,727952,tokenizer_only,32768,0.4624576895179902,0.45808483047376447,2.183001779311861,"{""1"": 201762, ""10"": 1088, ""11"": 3040, ""12"": 280, ""13"": 56, ""14"": 9, ""15"": 106, ""16"": 351, ""2"": 45935, ""3"": 26876, ""4"": 21773, ""5"": 13493, ""6"": 9557, ""7"": 7110, ""8"": 3667, ""9"": 1544}",1,7,11,16
train,stratum,cyrillic_african,am,sp_unigram,32768,95641,390552,158149,tokenizer_only,32768,0.6047524802559612,0.2448867244310617,4.083520665823235,"{""1"": 14152, ""10"": 2796, ""11"": 3, ""12"": 1141, ""13"": 843, ""14"": 1, ""15"": 466, ""16"": 206, ""18"": 65, ""19"": 69, ""2"": 1776, ""21"": 21, ""3"": 44620, ""4"": 8250, ""5"": 275, ""6"": 12775, ""7"": 5745, ""8"": 51, ""9"": 2386}",3,10,13,21
train,stratum,cyrillic_african,bg,sp_unigram,32768,56963,249242,140975,tokenizer_only,32768,0.40406455045220785,0.22854494828319466,4.375506907992908,"{""1"": 10195, ""10"": 869, ""11"": 1038, ""12"": 371, ""13"": 614, ""14"": 36, ""15"": 381, ""16"": 22, ""17"": 210, ""18"": 15, ""19"": 66, ""2"": 8546, ""20"": 22, ""21"": 38, ""25"": 2, ""3"": 3934, ""4"": 11927, ""5"": 6488, ""6"": 6291, ""7"": 1811, ""8"": 2696, ""9"": 1391}",4,10,15,25
train,stratum,cyrillic_african,ru,sp_unigram,32768,52245,231855,128599,tokenizer_only,32768,0.4062628791825753,0.2253347997670958,4.437840941716911,"{""1"": 9318, ""10"": 946, ""11"": 1044, ""12"": 291, ""13"": 570, ""14"": 231, ""15"": 368, ""16"": 40, ""17"": 249, ""18"": 34, ""19"": 84, ""2"": 8447, ""20"": 14, ""21"": 74, ""23"": 5, ""25"": 8, ""3"": 3199, ""4"": 12238, ""5"": 3013, ""6"": 6705, ""7"": 1951, ""8"": 2432, ""9"": 984}",4,11,15,25
train,stratum,cyrillic_african,sw,sp_unigram,32768,93349,302851,302208,tokenizer_only,32768,0.30888990364252433,0.30823408210638237,3.2442875660157044,"{""1"": 18622, ""10"": 777, ""11"": 183, ""12"": 45, ""13"": 67, ""14"": 5, ""2"": 18599, ""3"": 26387, ""4"": 9290, ""5"": 7553, ""6"": 4681, ""7"": 4593, ""8"": 1479, ""9"": 1068}",3,7,10,14
train,stratum,cyrillic_african,uk,sp_unigram,32768,43212,184724,102382,tokenizer_only,32768,0.42206637885565823,0.2339273727290444,4.274831065444784,"{""1"": 7212, ""10"": 796, ""11"": 569, ""12"": 300, ""13"": 384, ""14"": 65, ""15"": 256, ""16"": 52, ""17"": 194, ""18"": 43, ""19"": 52, ""2"": 8129, ""20"": 3, ""21"": 15, ""23"": 14, ""3"": 2733, ""4"": 9903, ""5"": 3024, ""6"": 5396, ""7"": 1534, ""8"": 1783, ""9"": 755}",4,10,15,23
train,stratum,cyrillic_african,yo,sp_unigram,32768,42067,145693,125826,tokenizer_only,32768,0.3343267687123488,0.2887372763276204,3.4633560748330043,"{""1"": 8929, ""10"": 375, ""11"": 236, ""12"": 159, ""13"": 53, ""14"": 52, ""15"": 23, ""16"": 55, ""17"": 8, ""19"": 2, ""2"": 7852, ""3"": 9682, ""4"": 4636, ""5"": 3894, ""6"": 1711, ""7"": 2918, ""8"": 1100, ""9"": 382}",3,8,11,19
train,stratum,indic_cjk_arabic,ar,sp_unigram,32768,54767,215273,120548,tokenizer_only,32768,0.45431695258320337,0.25440719458547983,3.930706447313163,"{""1"": 7586, ""10"": 595, ""11"": 366, ""12"": 119, ""13"": 161, ""14"": 26, ""15"": 75, ""16"": 14, ""17"": 16, ""18"": 11, ""19"": 28, ""2"": 11563, ""21"": 12, ""3"": 3510, ""4"": 15453, ""5"": 4905, ""6"": 4134, ""7"": 4157, ""8"": 997, ""9"": 1039}",4,8,11,21
train,stratum,indic_cjk_arabic,bn,sp_unigram,32768,51223,278982,106840,tokenizer_only,32768,0.4794365406214901,0.1836068276806389,5.446420553267087,"{""1"": 8641, ""10"": 2011, ""11"": 3, ""12"": 1129, ""13"": 1667, ""14"": 1, ""15"": 419, ""16"": 795, ""18"": 92, ""19"": 378, ""2"": 494, ""21"": 116, ""22"": 123, ""24"": 27, ""25"": 89, ""27"": 37, ""28"": 21, ""3"": 15723, ""4"": 1619, ""42"": 1, ""5"": 116, ""6"": 11032, ""7"": 2053, ""8"": 22, ""9"": 4614}",4,13,19,42
train,stratum,indic_cjk_arabic,fa,sp_unigram,32768,44391,198737,111850,tokenizer_only,32768,0.39687974966472955,0.2233655534701641,4.476966051677142,"{""1"": 6818, ""10"": 261, ""11"": 1407, ""12"": 74, ""13"": 297, ""14"": 67, ""15"": 282, ""16"": 61, ""18"": 5, ""2"": 7666, ""21"": 1, ""26"": 49, ""3"": 2732, ""4"": 8821, ""5"": 5798, ""6"": 2840, ""7"": 3559, ""8"": 1078, ""9"": 2575}",4,11,14,26
train,stratum,indic_cjk_arabic,gu,sp_unigram,32768,51253,266235,106404,tokenizer_only,32768,0.48168301943535957,0.1925103761714275,5.194525198524964,"{""1"": 9415, ""10"": 2716, ""11"": 1, ""12"": 442, ""13"": 1576, ""15"": 254, ""16"": 731, ""18"": 112, ""19"": 329, ""2"": 996, ""21"": 18, ""22"": 39, ""24"": 45, ""25"": 11, ""28"": 1, ""3"": 13653, ""4"": 2008, ""5"": 159, ""6"": 11993, ""7"": 3513, ""8"": 31, ""9"": 3210}",4,13,18,28
train,stratum,indic_cjk_arabic,hi,sp_unigram,32768,60452,342710,137684,tokenizer_only,32768,0.4390633624822056,0.1763940357736862,5.669125918083769,"{""1"": 9090, ""10"": 3960, ""11"": 3, ""12"": 529, ""13"": 2562, ""15"": 189, ""16"": 792, ""18"": 83, ""19"": 367, ""2"": 861, ""21"": 116, ""22"": 50, ""24"": 14, ""25"": 14, ""27"": 8, ""28"": 20, ""3"": 13895, ""33"": 2, ""4"": 2493, ""5"": 154, ""6"": 12008, ""7"": 10027, ""8"": 26, ""9"": 3189}",6,13,18,33
train,stratum,indic_cjk_arabic,ja,sp_unigram,32768,92951,318463,134867,tokenizer_only,32768,0.6892049204030638,0.29187378125559327,3.426138503082269,"{""1"": 15400, ""10"": 83, ""11"": 11, ""12"": 1230, ""13"": 1, ""14"": 2, ""15"": 510, ""16"": 1, ""18"": 138, ""2"": 5866, ""21"": 65, ""24"": 15, ""3"": 53756, ""4"": 982, ""5"": 412, ""6"": 11179, ""7"": 117, ""8"": 92, ""9"": 3091}",3,9,12,24
train,stratum,indic_cjk_arabic,kn,sp_unigram,32768,84820,457719,180531,tokenizer_only,32768,0.4698362054162443,0.18531020123700348,5.396356991275643,"{""1"": 17684, ""10"": 2025, ""11"": 4, ""12"": 3311, ""13"": 1936, ""14"": 1, ""15"": 2091, ""16"": 1125, ""18"": 996, ""19"": 296, ""2"": 3596, ""21"": 359, ""22"": 75, ""24"": 223, ""27"": 31, ""3"": 20899, ""4"": 4398, ""42"": 85, ""5"": 169, ""6"": 17232, ""7"": 1634, ""8"": 44, ""9"": 6606}",4,15,19,42
train,stratum,indic_cjk_arabic,ko,sp_unigram,32768,65096,201183,86266,tokenizer_only,32768,0.7545962488118146,0.3235661064801698,3.0905585596657246,"{""1"": 15290, ""10"": 364, ""11"": 1, ""12"": 103, ""13"": 339, ""14"": 1, ""15"": 11, ""2"": 1656, ""3"": 36402, ""4"": 3358, ""5"": 115, ""6"": 3729, ""7"": 3001, ""8"": 20, ""9"": 706}",3,7,10,15
train,stratum,indic_cjk_arabic,ml,sp_unigram,32768,32482,188704,72486,tokenizer_only,32768,0.4481141185884171,0.17213201627946415,5.809494489255588,"{""1"": 5436, ""10"": 373, ""12"": 2096, ""13"": 223, ""15"": 830, ""16"": 178, ""18"": 475, ""19"": 174, ""2"": 676, ""21"": 190, ""22"": 57, ""24"": 113, ""25"": 63, ""27"": 88, ""28"": 10, ""3"": 9154, ""30"": 8, ""31"": 6, ""36"": 22, ""4"": 1639, ""5"": 171, ""6"": 6276, ""7"": 475, ""8"": 19, ""9"": 3730}",4,15,22,36
train,stratum,indic_cjk_arabic,mr,sp_unigram,32768,61575,362338,142528,tokenizer_only,32768,0.4320203749438707,0.1699380136778367,5.884498578968738,"{""1"": 10053, ""10"": 3150, ""11"": 15, ""12"": 1939, ""13"": 2420, ""15"": 767, ""16"": 686, ""18"": 388, ""19"": 818, ""2"": 1166, ""21"": 88, ""22"": 261, ""24"": 71, ""25"": 88, ""27"": 1, ""28"": 83, ""3"": 15181, ""31"": 13, ""33"": 10, ""36"": 5, ""4"": 2247, ""5"": 202, ""6"": 13935, ""7"": 3608, ""8"": 32, ""9"": 4348}",6,15,21,36
train,stratum,indic_cjk_arabic,ta,sp_unigram,32768,36777,239341,90715,tokenizer_only,32768,0.4054125558066472,0.15365942316611028,6.507898958588248,"{""1"": 5848, ""10"": 636, ""11"": 2, ""12"": 2725, ""13"": 690, ""15"": 1018, ""16"": 502, ""18"": 624, ""19"": 378, ""2"": 705, ""21"": 157, ""22"": 179, ""24"": 137, ""25"": 25, ""27"": 70, ""28"": 29, ""3"": 6505, ""30"": 13, ""31"": 23, ""4"": 2634, ""5"": 113, ""6"": 8375, ""7"": 993, ""8"": 19, ""9"": 4377}",6,16,22,31
train,stratum,indic_cjk_arabic,te,sp_unigram,32768,54841,300203,115621,tokenizer_only,32768,0.4743169493431124,0.18267972005609537,5.474061377436589,"{""1"": 10151, ""10"": 1001, ""11"": 6, ""12"": 1354, ""13"": 958, ""15"": 756, ""16"": 684, ""18"": 444, ""19"": 455, ""2"": 1044, ""21"": 178, ""22"": 170, ""24"": 45, ""25"": 19, ""27"": 87, ""28"": 56, ""3"": 11706, ""4"": 2865, ""5"": 116, ""6"": 17716, ""7"": 696, ""8"": 17, ""9"": 4317}",6,15,21,28
train,stratum,indic_cjk_arabic,ur,sp_unigram,32768,96620,430336,244935,tokenizer_only,32768,0.3944720027762468,0.22452223378941105,4.453901883667978,"{""1"": 12188, ""10"": 209, ""11"": 2061, ""12"": 103, ""13"": 461, ""14"": 10, ""15"": 277, ""16"": 1, ""17"": 17, ""2"": 17688, ""3"": 4379, ""4"": 18102, ""5"": 18192, ""6"": 4546, ""7"": 10882, ""8"": 1309, ""9"": 6195}",4,9,11,17
train,stratum,indic_cjk_arabic,zh,sp_unigram,32768,156838,612143,250435,tokenizer_only,32768,0.6262623035917504,0.25621137544658684,3.9030273275609226,"{""1"": 25041, ""10"": 22, ""11"": 6, ""12"": 1702, ""13"": 1862, ""15"": 613, ""16"": 1471, ""19"": 403, ""2"": 9792, ""21"": 272, ""22"": 414, ""25"": 172, ""3"": 80580, ""33"": 56, ""4"": 1002, ""5"": 363, ""6"": 26434, ""7"": 2281, ""8"": 56, ""9"": 4296}",3,9,16,33
train,stratum,latin_english,en,sp_unigram,32768,34417,128943,128062,tokenizer_only,32768,0.2687526354422077,0.266916389412376,3.746491559403783,"{""1"": 7765, ""10"": 521, ""11"": 286, ""12"": 147, ""13"": 43, ""14"": 30, ""15"": 6, ""2"": 4019, ""3"": 6531, ""4"": 5396, ""5"": 3742, ""6"": 2220, ""7"": 1739, ""8"": 1177, ""9"": 795}",3,9,11,15
validation,stratum,flores200,am,sp_unigram,32768,26313,109651,42703,tokenizer_only,32768,0.6161862164250755,0.23997045170586678,4.167179721050432,"{""1"": 3093, ""10"": 886, ""11"": 1, ""12"": 280, ""13"": 255, ""15"": 77, ""16"": 50, ""18"": 9, ""19"": 17, ""2"": 234, ""21"": 1, ""3"": 13218, ""4"": 2185, ""5"": 13, ""6"": 3690, ""7"": 1626, ""9"": 678}",3,10,13,21
validation,stratum,flores200,ar,sp_unigram,32768,24908,99690,54980,tokenizer_only,32768,0.4530374681702437,0.24985454910221688,4.002328569134415,"{""1"": 2977, ""10"": 240, ""11"": 180, ""12"": 31, ""13"": 82, ""14"": 18, ""15"": 19, ""16"": 4, ""17"": 12, ""19"": 1, ""2"": 5349, ""3"": 1353, ""4"": 7387, ""5"": 2315, ""6"": 1900, ""7"": 2026, ""8"": 517, ""9"": 497}",4,8,11,19
validation,stratum,flores200,bg,sp_unigram,32768,25083,114709,63267,tokenizer_only,32768,0.3964626108397743,0.21866636445265847,4.57317705218674,"{""1"": 3888, ""10"": 401, ""11"": 501, ""12"": 205, ""13"": 254, ""14"": 13, ""15"": 124, ""16"": 15, ""17"": 102, ""18"": 4, ""19"": 32, ""2"": 3489, ""20"": 10, ""21"": 18, ""23"": 2, ""25"": 2, ""3"": 1584, ""4"": 5520, ""5"": 2940, ""6"": 3025, ""7"": 832, ""8"": 1414, ""9"": 708}",4,11,15,25
validation,stratum,flores200,bn,sp_unigram,32768,28210,160235,59847,tokenizer_only,32768,0.47136865674135714,0.1760539208038194,5.680077986529599,"{""1"": 4139, ""10"": 1360, ""12"": 707, ""13"": 1204, ""15"": 263, ""16"": 348, ""18"": 39, ""19"": 199, ""2"": 155, ""21"": 49, ""22"": 70, ""24"": 30, ""25"": 54, ""27"": 4, ""28"": 4, ""3"": 8854, ""4"": 522, ""42"": 5, ""5"": 7, ""6"": 6353, ""7"": 1207, ""9"": 2637}",6,13,19,42
validation,stratum,flores200,fa,sp_unigram,32768,25419,114142,63254,tokenizer_only,32768,0.4018560091061435,0.22269629058541116,4.490420551555923,"{""1"": 3224, ""10"": 159, ""11"": 756, ""12"": 46, ""13"": 121, ""14"": 82, ""15"": 65, ""16"": 69, ""18"": 5, ""2"": 4515, ""26"": 1, ""3"": 1580, ""4"": 5610, ""5"": 3337, ""6"": 1847, ""7"": 1938, ""8"": 575, ""9"": 1489}",4,10,13,26
validation,stratum,flores200,gu,sp_unigram,32768,27103,144544,55214,tokenizer_only,32768,0.4908718803202086,0.1875069183086119,5.333136553149098,"{""1"": 4390, ""10"": 1498, ""12"": 261, ""13"": 883, ""15"": 215, ""16"": 344, ""18"": 42, ""19"": 143, ""2"": 198, ""22"": 23, ""25"": 5, ""3"": 7867, ""4"": 690, ""5"": 14, ""6"": 6775, ""7"": 1771, ""9"": 1984}",6,13,16,25
validation,stratum,flores200,hi,sp_unigram,32768,25707,148664,57809,tokenizer_only,32768,0.44468854330640556,0.17292014206532852,5.7830162990625125,"{""1"": 3294, ""10"": 1710, ""12"": 194, ""13"": 991, ""15"": 109, ""16"": 275, ""18"": 48, ""19"": 148, ""2"": 162, ""21"": 69, ""22"": 18, ""24"": 5, ""25"": 20, ""27"": 1, ""28"": 12, ""3"": 6351, ""4"": 911, ""5"": 15, ""6"": 5465, ""7"": 4273, ""8"": 1, ""9"": 1635}",6,13,19,28
validation,stratum,flores200,ja,sp_unigram,32768,21488,79352,27145,tokenizer_only,32768,0.7916006631055443,0.2707934267567295,3.6928518242740136,"{""1"": 393, ""10"": 1, ""12"": 186, ""15"": 105, ""18"": 10, ""2"": 184, ""21"": 6, ""3"": 17014, ""4"": 17, ""5"": 9, ""6"": 2916, ""7"": 3, ""9"": 644}",3,6,12,21
validation,stratum,flores200,kn,sp_unigram,32768,30583,183479,67713,tokenizer_only,32768,0.4516562550765732,0.16668392568086812,5.999378739822777,"{""1"": 4426, ""10"": 858, ""12"": 1199, ""13"": 746, ""15"": 845, ""16"": 623, ""18"": 521, ""19"": 116, ""2"": 253, ""21"": 159, ""22"": 23, ""24"": 87, ""27"": 24, ""3"": 8222, ""4"": 1505, ""5"": 16, ""6"": 7733, ""7"": 566, ""9"": 2661}",6,16,19,27
validation,stratum,flores200,ko,sp_unigram,32768,25035,77684,32348,tokenizer_only,32768,0.7739272907134908,0.322267133515267,3.1030157779109246,"{""1"": 5826, ""10"": 133, ""12"": 56, ""13"": 92, ""15"": 11, ""2"": 310, ""3"": 14410, ""4"": 1214, ""5"": 27, ""6"": 1666, ""7"": 975, ""8"": 2, ""9"": 313}",3,7,10,15
validation,stratum,flores200,ml,sp_unigram,32768,32584,200492,72763,tokenizer_only,32768,0.44781001333095116,0.16252020030724418,6.15308126687945,"{""1"": 4618, ""10"": 617, ""12"": 2017, ""13"": 238, ""15"": 905, ""16"": 176, ""18"": 554, ""19"": 227, ""2"": 220, ""21"": 245, ""22"": 28, ""24"": 192, ""25"": 56, ""27"": 145, ""28"": 47, ""3"": 9739, ""30"": 24, ""31"": 9, ""36"": 10, ""4"": 1507, ""5"": 15, ""6"": 6758, ""7"": 535, ""9"": 3702}",6,16,24,36
validation,stratum,flores200,mr,sp_unigram,32768,27955,171557,64243,tokenizer_only,32768,0.4351446850240493,0.16294875755579777,6.136898587014845,"{""1"": 4112, ""10"": 1174, ""12"": 941, ""13"": 1188, ""15"": 506, ""16"": 353, ""18"": 220, ""19"": 323, ""2"": 227, ""21"": 78, ""22"": 122, ""24"": 39, ""25"": 69, ""28"": 34, ""3"": 7209, ""31"": 19, ""36"": 2, ""4"": 814, ""5"": 9, ""6"": 6564, ""7"": 1648, ""9"": 2304}",6,15,22,36
validation,stratum,flores200,ru,sp_unigram,32768,27426,124729,68235,tokenizer_only,32768,0.4019344910969444,0.21988471005139143,4.547837818128783,"{""1"": 4255, ""10"": 539, ""11"": 660, ""12"": 161, ""13"": 259, ""14"": 125, ""15"": 154, ""16"": 23, ""17"": 94, ""18"": 9, ""19"": 70, ""2"": 4501, ""20"": 5, ""21"": 48, ""23"": 2, ""25"": 6, ""3"": 1652, ""4"": 6550, ""5"": 1702, ""6"": 3666, ""7"": 1051, ""8"": 1364, ""9"": 530}",4,11,15,25
validation,stratum,flores200,sw,sp_unigram,32768,21442,66996,66926,tokenizer_only,32768,0.3203837073782984,0.32004895814675505,3.124521966234493,"{""1"": 4646, ""10"": 57, ""11"": 14, ""12"": 2, ""13"": 1, ""2"": 4016, ""3"": 6278, ""4"": 2239, ""5"": 1571, ""6"": 1039, ""7"": 1090, ""8"": 353, ""9"": 136}",3,7,8,13
validation,stratum,flores200,ta,sp_unigram,32768,29170,197234,72334,tokenizer_only,32768,0.4032681726435701,0.1478953932891895,6.761535824477202,"{""1"": 4227, ""10"": 617, ""11"": 1, ""12"": 1952, ""13"": 521, ""15"": 980, ""16"": 318, ""18"": 520, ""19"": 333, ""2"": 241, ""21"": 114, ""22"": 228, ""24"": 106, ""25"": 14, ""27"": 109, ""28"": 42, ""3"": 5267, ""30"": 15, ""31"": 23, ""4"": 1878, ""5"": 14, ""6"": 7243, ""7"": 708, ""8"": 2, ""9"": 3697}",6,18,24,31
validation,stratum,flores200,te,sp_unigram,32768,30084,169259,63608,tokenizer_only,32768,0.47295937617909695,0.17773944073874948,5.626213269512033,"{""1"": 5201, ""10"": 602, ""12"": 814, ""13"": 631, ""15"": 413, ""16"": 381, ""18"": 266, ""19"": 240, ""2"": 340, ""21"": 79, ""22"": 110, ""24"": 28, ""25"": 14, ""27"": 3, ""28"": 34, ""3"": 6276, ""4"": 1405, ""5"": 35, ""6"": 10365, ""7"": 409, ""8"": 4, ""9"": 2434}",6,15,19,28
validation,stratum,flores200,uk,sp_unigram,32768,27896,120966,66197,tokenizer_only,32768,0.4214088251733462,0.23061025412099267,4.336320619443648,"{""1"": 4418, ""10"": 542, ""11"": 441, ""12"": 213, ""13"": 234, ""14"": 64, ""15"": 77, ""16"": 10, ""17"": 64, ""18"": 7, ""19"": 13, ""2"": 4701, ""20"": 6, ""21"": 6, ""23"": 12, ""3"": 1472, ""4"": 7125, ""5"": 2020, ""6"": 3564, ""7"": 1175, ""8"": 1130, ""9"": 602}",4,10,13,23
validation,stratum,flores200,ur,sp_unigram,32768,25583,112125,62990,tokenizer_only,32768,0.406143832354342,0.228164994425864,4.382793261149982,"{""1"": 2842, ""10"": 84, ""11"": 523, ""12"": 17, ""13"": 91, ""14"": 6, ""15"": 33, ""17"": 4, ""2"": 5188, ""3"": 833, ""4"": 5479, ""5"": 4623, ""6"": 1401, ""7"": 2771, ""8"": 245, ""9"": 1443}",4,9,11,17
validation,stratum,flores200,yo,sp_unigram,32768,33596,79356,59988,tokenizer_only,32768,0.5600453424018137,0.42335803215887896,2.362066912727706,"{""1"": 12602, ""10"": 19, ""11"": 10, ""12"": 2, ""13"": 2, ""14"": 1, ""16"": 1, ""2"": 9869, ""3"": 4616, ""4"": 2562, ""5"": 2386, ""6"": 702, ""7"": 239, ""8"": 540, ""9"": 45}",2,5,8,16
validation,stratum,flores200,zh,sp_unigram,32768,18750,56546,21068,tokenizer_only,32768,0.889975318017847,0.3315884412690553,3.0157866666666666,"{""1"": 1584, ""10"": 2, ""11"": 1, ""2"": 375, ""3"": 15481, ""4"": 64, ""5"": 34, ""6"": 1186, ""7"": 5, ""8"": 1, ""9"": 17}",3,6,6,11
train,stratum,code,c,sp_unigram,65536,100914,269690,269687,tokenizer_only,65536,0.37418933801036014,0.37418517557195297,2.672473591374834,"{""1"": 47609, ""10"": 736, ""11"": 363, ""12"": 175, ""13"": 136, ""14"": 76, ""15"": 35, ""16"": 191, ""2"": 13708, ""3"": 12091, ""4"": 9709, ""5"": 5702, ""6"": 4926, ""7"": 2950, ""8"": 1589, ""9"": 918}",2,7,10,16
train,stratum,code,cpp,sp_unigram,65536,253139,735578,735574,tokenizer_only,65536,0.34413804729367814,0.3441361759052065,2.905826443179439,"{""1"": 113338, ""10"": 2597, ""11"": 1391, ""12"": 599, ""13"": 510, ""14"": 513, ""15"": 280, ""16"": 577, ""2"": 37228, ""3"": 26865, ""4"": 21648, ""5"": 11346, ""6"": 16589, ""7"": 11971, ""8"": 4350, ""9"": 3337}",2,8,11,16
train,stratum,code,go,sp_unigram,65536,168703,514454,514451,tokenizer_only,65536,0.3279282186252918,0.32792630633642655,3.0494656289455433,"{""1"": 70231, ""10"": 1299, ""11"": 787, ""12"": 455, ""13"": 455, ""14"": 183, ""15"": 305, ""16"": 415, ""2"": 21747, ""3"": 20990, ""4"": 17370, ""5"": 10135, ""6"": 9515, ""7"": 7268, ""8"": 5093, ""9"": 2455}",2,8,12,16
train,stratum,code,java,sp_unigram,65536,73417,175539,174303,tokenizer_only,65536,0.4212033068851368,0.41823754265433893,2.39098573899778,"{""1"": 45342, ""10"": 517, ""11"": 352, ""12"": 150, ""13"": 51, ""14"": 45, ""15"": 87, ""16"": 136, ""2"": 5885, ""3"": 6118, ""4"": 4241, ""5"": 3084, ""6"": 2759, ""7"": 2490, ""8"": 1351, ""9"": 809}",1,7,11,16
train,stratum,code,javascript,sp_unigram,65536,45828,112471,110533,tokenizer_only,65536,0.414609211728624,0.40746503543135565,2.454198306712054,"{""1"": 22198, ""10"": 278, ""11"": 177, ""12"": 9, ""13"": 72, ""14"": 49, ""16"": 5, ""2"": 8570, ""3"": 5307, ""4"": 3262, ""5"": 1972, ""6"": 1647, ""7"": 1002, ""8"": 649, ""9"": 631}",2,7,10,16
train,stratum,code,python,sp_unigram,65536,81783,193153,192883,tokenizer_only,65536,0.4240031521699683,0.4234104569952318,2.3617744519032073,"{""1"": 49711, ""10"": 473, ""11"": 440, ""12"": 94, ""13"": 44, ""14"": 26, ""15"": 57, ""16"": 99, ""2"": 7523, ""3"": 5751, ""4"": 5845, ""5"": 4089, ""6"": 3213, ""7"": 2247, ""8"": 1301, ""9"": 870}",1,7,10,16
train,stratum,code,rust,sp_unigram,65536,178716,405448,405437,tokenizer_only,65536,0.44079844710768873,0.44078648803299064,2.2686720830815372,"{""1"": 102712, ""10"": 833, ""11"": 406, ""12"": 80, ""13"": 51, ""14"": 120, ""15"": 27, ""16"": 30, ""2"": 19327, ""3"": 19720, ""4"": 13583, ""5"": 8998, ""6"": 5423, ""7"": 4344, ""8"": 1888, ""9"": 1174}",1,7,9,16
train,stratum,code,sql,sp_unigram,65536,308952,962820,962198,tokenizer_only,65536,0.32108983805827906,0.3208824079267153,3.116406432067117,"{""1"": 76913, ""10"": 1621, ""11"": 1271, ""12"": 335, ""13"": 212, ""14"": 8, ""15"": 54, ""16"": 622, ""2"": 82330, ""3"": 63391, ""4"": 22678, ""5"": 20691, ""6"": 10197, ""7"": 11589, ""8"": 6599, ""9"": 10441}",2,8,10,16
train,stratum,code,typescript,sp_unigram,65536,321064,734901,727952,tokenizer_only,65536,0.441051058311537,0.4368806138513895,2.28895485012334,"{""1"": 191872, ""10"": 1540, ""11"": 3239, ""12"": 366, ""13"": 182, ""14"": 81, ""15"": 142, ""16"": 430, ""18"": 26, ""2"": 39936, ""3"": 23843, ""4"": 21454, ""5"": 13263, ""6"": 9925, ""7"": 8588, ""8"": 4161, ""9"": 2016}",1,7,11,18
train,stratum,cyrillic_african,am,sp_unigram,65536,78716,390552,158149,tokenizer_only,65536,0.4977331503834991,0.20155062578094593,4.961532598201128,"{""1"": 12457, ""10"": 3998, ""11"": 6, ""12"": 2291, ""13"": 1679, ""14"": 1, ""15"": 772, ""16"": 611, ""18"": 190, ""19"": 262, ""2"": 1488, ""21"": 31, ""22"": 25, ""24"": 17, ""3"": 26089, ""4"": 6923, ""5"": 330, ""6"": 11740, ""7"": 5931, ""8"": 64, ""9"": 3811}",3,12,16,24
train,stratum,cyrillic_african,bg,sp_unigram,65536,48010,249242,140975,tokenizer_only,65536,0.3405568363184962,0.19262403607738662,5.191460112476568,"{""1"": 8225, ""10"": 986, ""11"": 1431, ""12"": 419, ""13"": 1188, ""14"": 174, ""15"": 723, ""16"": 91, ""17"": 498, ""18"": 82, ""19"": 246, ""2"": 5772, ""20"": 14, ""21"": 181, ""22"": 14, ""23"": 63, ""25"": 16, ""26"": 4, ""27"": 8, ""29"": 7, ""3"": 3557, ""4"": 7566, ""5"": 5994, ""6"": 4866, ""7"": 1802, ""8"": 2176, ""9"": 1907}",4,13,19,29
train,stratum,cyrillic_african,ru,sp_unigram,65536,43169,231855,128599,tokenizer_only,65536,0.33568690269753265,0.1861896443898126,5.370867983969979,"{""1"": 7122, ""10"": 976, ""11"": 1571, ""12"": 438, ""13"": 1131, ""14"": 301, ""15"": 734, ""16"": 106, ""17"": 470, ""18"": 102, ""19"": 282, ""2"": 5989, ""20"": 32, ""21"": 154, ""22"": 9, ""23"": 66, ""24"": 8, ""25"": 28, ""26"": 1, ""27"": 34, ""29"": 11, ""3"": 2924, ""4"": 7318, ""5"": 2836, ""6"": 4945, ""7"": 1994, ""8"": 2229, ""9"": 1358}",4,14,19,29
train,stratum,cyrillic_african,sw,sp_unigram,65536,78080,302851,302208,tokenizer_only,65536,0.2583650995340957,0.2578165500526662,3.8787269467213115,"{""1"": 13787, ""10"": 1201, ""11"": 384, ""12"": 203, ""13"": 84, ""14"": 5, ""2"": 10173, ""3"": 19022, ""4"": 8120, ""5"": 8506, ""6"": 5831, ""7"": 6190, ""8"": 2672, ""9"": 1902}",3,8,10,14
train,stratum,cyrillic_african,uk,sp_unigram,65536,35746,184724,102382,tokenizer_only,65536,0.3491434041140044,0.19351031809618674,5.1676830974095,"{""1"": 5830, ""10"": 861, ""11"": 1033, ""12"": 366, ""13"": 808, ""14"": 178, ""15"": 616, ""16"": 102, ""17"": 379, ""18"": 95, ""19"": 198, ""2"": 5593, ""20"": 32, ""21"": 122, ""22"": 7, ""23"": 63, ""25"": 16, ""27"": 2, ""28"": 3, ""29"": 2, ""3"": 2532, ""4"": 6171, ""5"": 2435, ""6"": 4098, ""7"": 1573, ""8"": 1574, ""9"": 1057}",4,14,19,29
train,stratum,cyrillic_african,yo,sp_unigram,65536,36543,145693,125826,tokenizer_only,65536,0.29042487244289733,0.2508219337922893,3.986892154448184,"{""1"": 6352, ""10"": 540, ""11"": 309, ""12"": 209, ""13"": 86, ""14"": 86, ""15"": 53, ""16"": 63, ""17"": 13, ""19"": 2, ""2"": 5104, ""3"": 8004, ""4"": 4391, ""5"": 4071, ""6"": 1974, ""7"": 3246, ""8"": 1415, ""9"": 625}",3,9,12,19
train,stratum,indic_cjk_arabic,ar,sp_unigram,65536,45909,215273,120548,tokenizer_only,65536,0.38083584962006833,0.21325944266117905,4.689124136879479,"{""1"": 6440, ""10"": 1222, ""11"": 769, ""12"": 379, ""13"": 404, ""14"": 134, ""15"": 448, ""16"": 35, ""17"": 117, ""18"": 14, ""19"": 29, ""2"": 7108, ""20"": 7, ""21"": 44, ""22"": 3, ""3"": 3057, ""4"": 9360, ""5"": 5084, ""6"": 4335, ""7"": 3815, ""8"": 1631, ""9"": 1474}",4,11,15,22
train,stratum,indic_cjk_arabic,bn,sp_unigram,65536,39091,278982,106840,tokenizer_only,65536,0.36588356420816176,0.14012015112086085,7.136732240157581,"{""1"": 6222, ""10"": 2237, ""11"": 5, ""12"": 1177, ""13"": 2327, ""14"": 1, ""15"": 444, ""16"": 1594, ""18"": 357, ""19"": 949, ""2"": 438, ""21"": 261, ""22"": 379, ""24"": 91, ""25"": 253, ""27"": 50, ""28"": 163, ""3"": 8630, ""30"": 13, ""31"": 62, ""33"": 31, ""34"": 43, ""36"": 9, ""37"": 1, ""4"": 1295, ""42"": 1, ""43"": 2, ""46"": 16, ""5"": 128, ""6"": 7069, ""7"": 1751, ""8"": 24, ""9"": 3068}",6,19,27,46
train,stratum,indic_cjk_arabic,fa,sp_unigram,65536,36592,198737,111850,tokenizer_only,65536,0.32715243629861424,0.18412273507197954,5.4311598163533015,"{""1"": 4934, ""10"": 387, ""11"": 2281, ""12"": 131, ""13"": 742, ""14"": 100, ""15"": 529, ""16"": 109, ""17"": 42, ""18"": 10, ""2"": 4690, ""21"": 1, ""22"": 17, ""26"": 49, ""28"": 19, ""3"": 2137, ""4"": 4610, ""5"": 5379, ""6"": 2293, ""7"": 3860, ""8"": 902, ""9"": 3370}",5,11,15,28
train,stratum,indic_cjk_arabic,gu,sp_unigram,65536,41643,266235,106404,tokenizer_only,65536,0.3913668659072967,0.15641444588427517,6.393271378142785,"{""1"": 6803, ""10"": 3219, ""11"": 1, ""12"": 691, ""13"": 2386, ""15"": 326, ""16"": 1241, ""18"": 216, ""19"": 730, ""2"": 853, ""21"": 27, ""22"": 195, ""24"": 61, ""25"": 88, ""27"": 16, ""28"": 16, ""3"": 7721, ""31"": 6, ""33"": 6, ""34"": 21, ""4"": 2093, ""5"": 181, ""6"": 8397, ""7"": 3350, ""8"": 51, ""9"": 2948}",6,16,21,34
train,stratum,indic_cjk_arabic,hi,sp_unigram,65536,50044,342710,137684,tokenizer_only,65536,0.36346997472473197,0.14602433544396137,6.848173607225641,"{""1"": 7138, ""10"": 4957, ""11"": 3, ""12"": 908, ""13"": 3501, ""15"": 434, ""16"": 1432, ""18"": 198, ""19"": 785, ""2"": 741, ""21"": 153, ""22"": 223, ""24"": 47, ""25"": 72, ""27"": 11, ""28"": 39, ""3"": 7911, ""30"": 10, ""31"": 6, ""33"": 13, ""34"": 5, ""4"": 1548, ""5"": 160, ""6"": 7589, ""7"": 9505, ""8"": 33, ""9"": 2622}",6,16,21,34
train,stratum,indic_cjk_arabic,ja,sp_unigram,65536,79840,318463,134867,tokenizer_only,65536,0.591990627803688,0.25070416343499874,3.98876503006012,"{""1"": 13608, ""10"": 224, ""11"": 14, ""12"": 2159, ""13"": 22, ""14"": 2, ""15"": 1010, ""16"": 23, ""18"": 350, ""2"": 4946, ""21"": 144, ""24"": 53, ""27"": 29, ""3"": 38669, ""30"": 3, ""33"": 5, ""4"": 1344, ""5"": 496, ""6"": 11521, ""7"": 316, ""8"": 124, ""9"": 4778}",3,10,15,33
train,stratum,indic_cjk_arabic,kn,sp_unigram,65536,70113,457719,180531,tokenizer_only,65536,0.3883709722983864,0.15317913392277796,6.5283043087587185,"{""1"": 14729, ""10"": 2206, ""11"": 7, ""12"": 3294, ""13"": 2810, ""14"": 1, ""15"": 2375, ""16"": 1944, ""18"": 1304, ""19"": 874, ""2"": 3832, ""21"": 679, ""22"": 333, ""24"": 314, ""25"": 192, ""27"": 136, ""28"": 77, ""3"": 12659, ""30"": 36, ""31"": 29, ""33"": 31, ""34"": 28, ""4"": 3185, ""42"": 85, ""5"": 175, ""6"": 11504, ""7"": 1492, ""8"": 61, ""9"": 5721}",6,18,24,42
train,stratum,indic_cjk_arabic,ko,sp_unigram,65536,55022,201183,86266,tokenizer_only,65536,0.6378179120395057,0.273492293086394,3.656410163207444,"{""1"": 11536, ""10"": 939, ""11"": 2, ""12"": 196, ""13"": 452, ""14"": 2, ""15"": 62, ""16"": 13, ""2"": 1508, ""3"": 24601, ""4"": 4205, ""5"": 135, ""6"": 5304, ""7"": 4937, ""8"": 26, ""9"": 1104}",3,9,12,16
train,stratum,indic_cjk_arabic,ml,sp_unigram,65536,26165,188704,72486,tokenizer_only,65536,0.3609662555527964,0.13865630829235204,7.212077202369578,"{""1"": 4375, ""10"": 446, ""12"": 1994, ""13"": 401, ""15"": 994, ""16"": 461, ""18"": 641, ""19"": 391, ""2"": 580, ""21"": 302, ""22"": 187, ""24"": 185, ""25"": 124, ""27"": 91, ""28"": 88, ""3"": 5252, ""30"": 34, ""31"": 34, ""33"": 24, ""34"": 20, ""36"": 33, ""37"": 36, ""39"": 6, ""4"": 1342, ""40"": 11, ""5"": 169, ""6"": 4544, ""7"": 570, ""8"": 35, ""9"": 2795}",6,19,28,40
train,stratum,indic_cjk_arabic,mr,sp_unigram,65536,49337,362338,142528,tokenizer_only,65536,0.3461565446789403,0.136162919704806,7.344143340697651,"{""1"": 7672, ""10"": 3619, ""11"": 15, ""12"": 1828, ""13"": 3259, ""15"": 970, ""16"": 1425, ""18"": 549, ""19"": 1388, ""2"": 1007, ""21"": 253, ""22"": 668, ""24"": 136, ""25"": 274, ""27"": 25, ""28"": 136, ""3"": 8588, ""30"": 5, ""31"": 45, ""33"": 18, ""34"": 2, ""36"": 7, ""39"": 4, ""4"": 1448, ""43"": 5, ""5"": 198, ""6"": 9033, ""7"": 3267, ""8"": 96, ""9"": 3397}",6,19,25,43
train,stratum,indic_cjk_arabic,ta,sp_unigram,65536,30100,239341,90715,tokenizer_only,65536,0.33180841095739405,0.12576198812572856,7.951528239202657,"{""1"": 4859, ""10"": 859, ""11"": 3, ""12"": 2484, ""13"": 1127, ""15"": 877, ""16"": 813, ""18"": 669, ""19"": 706, ""2"": 631, ""21"": 330, ""22"": 456, ""24"": 181, ""25"": 256, ""27"": 60, ""28"": 111, ""3"": 3838, ""30"": 56, ""31"": 56, ""33"": 19, ""34"": 22, ""36"": 8, ""39"": 9, ""4"": 1537, ""40"": 7, ""46"": 4, ""5"": 120, ""6"": 5348, ""7"": 1012, ""8"": 21, ""9"": 3621}",6,21,27,46
train,stratum,indic_cjk_arabic,te,sp_unigram,65536,43123,300203,115621,tokenizer_only,65536,0.372968578372441,0.14364613278348318,6.961551840085337,"{""1"": 7876, ""10"": 1107, ""11"": 9, ""12"": 1915, ""13"": 1455, ""15"": 948, ""16"": 1070, ""18"": 613, ""19"": 1000, ""2"": 932, ""21"": 299, ""22"": 433, ""24"": 78, ""25"": 317, ""27"": 132, ""28"": 170, ""3"": 6847, ""30"": 58, ""31"": 113, ""33"": 7, ""34"": 29, ""37"": 42, ""4"": 1967, ""5"": 188, ""6"": 10796, ""7"": 1256, ""8"": 26, ""9"": 3440}",6,19,27,37
train,stratum,indic_cjk_arabic,ur,sp_unigram,65536,82307,430336,244935,tokenizer_only,65536,0.3360360912078715,0.19126217653182628,5.228425285820161,"{""1"": 8578, ""10"": 399, ""11"": 3276, ""12"": 157, ""13"": 1121, ""14"": 58, ""15"": 467, ""16"": 11, ""17"": 55, ""18"": 1, ""19"": 18, ""2"": 10827, ""3"": 3091, ""4"": 11207, ""5"": 17299, ""6"": 3874, ""7"": 12498, ""8"": 1323, ""9"": 8047}",5,11,13,19
train,stratum,indic_cjk_arabic,zh,sp_unigram,65536,139788,612143,250435,tokenizer_only,65536,0.5581807654680855,0.2283584064507803,4.379081180072681,"{""1"": 21848, ""10"": 544, ""11"": 10, ""12"": 2827, ""13"": 1930, ""15"": 758, ""16"": 1280, ""18"": 72, ""19"": 791, ""2"": 8636, ""21"": 174, ""22"": 1024, ""24"": 28, ""25"": 342, ""28"": 23, ""3"": 62078, ""33"": 56, ""4"": 1754, ""5"": 412, ""6"": 28417, ""7"": 2208, ""8"": 64, ""9"": 4512}",3,12,22,33
train,stratum,latin_english,en,sp_unigram,65536,30726,128943,128062,tokenizer_only,65536,0.2399306585872468,0.2382913380330844,4.196543643819567,"{""1"": 5812, ""10"": 644, ""11"": 377, ""12"": 209, ""13"": 70, ""14"": 50, ""15"": 9, ""16"": 4, ""2"": 2830, ""3"": 5274, ""4"": 4960, ""5"": 3799, ""6"": 2315, ""7"": 1945, ""8"": 1447, ""9"": 981}",4,9,12,16
validation,stratum,flores200,am,sp_unigram,65536,21901,109651,42703,tokenizer_only,65536,0.5128679483877011,0.19973370055904643,5.0066663622665635,"{""1"": 2634, ""10"": 1117, ""11"": 1, ""12"": 513, ""13"": 530, ""15"": 156, ""16"": 162, ""18"": 34, ""19"": 65, ""2"": 195, ""21"": 3, ""22"": 5, ""3"": 8215, ""4"": 1940, ""5"": 16, ""6"": 3526, ""7"": 1646, ""8"": 2, ""9"": 1141}",3,12,16,22
validation,stratum,flores200,ar,sp_unigram,65536,21006,99690,54980,tokenizer_only,65536,0.382066205893052,0.21071321095395726,4.745786918023422,"{""1"": 2391, ""10"": 502, ""11"": 358, ""12"": 128, ""13"": 216, ""14"": 67, ""15"": 113, ""16"": 12, ""17"": 46, ""18"": 1, ""19"": 14, ""2"": 3249, ""20"": 4, ""21"": 1, ""3"": 1196, ""4"": 4796, ""5"": 2422, ""6"": 2037, ""7"": 1951, ""8"": 772, ""9"": 730}",4,10,14,21
validation,stratum,flores200,bg,sp_unigram,65536,21497,114709,63267,tokenizer_only,65536,0.3397821929283829,0.1874046500274608,5.3360468902637574,"{""1"": 3143, ""10"": 492, ""11"": 669, ""12"": 231, ""13"": 450, ""14"": 56, ""15"": 323, ""16"": 25, ""17"": 214, ""18"": 23, ""19"": 102, ""2"": 2343, ""20"": 6, ""21"": 84, ""22"": 2, ""23"": 24, ""25"": 12, ""26"": 1, ""27"": 4, ""29"": 1, ""3"": 1481, ""4"": 3727, ""5"": 2749, ""6"": 2434, ""7"": 801, ""8"": 1190, ""9"": 910}",5,13,19,29
validation,stratum,flores200,bn,sp_unigram,65536,22517,160235,59847,tokenizer_only,65536,0.3762427523518305,0.1405248541205105,7.116178887063108,"{""1"": 3019, ""10"": 1443, ""12"": 735, ""13"": 1465, ""15"": 317, ""16"": 731, ""18"": 151, ""19"": 465, ""2"": 122, ""21"": 133, ""22"": 224, ""24"": 50, ""25"": 138, ""27"": 18, ""28"": 53, ""3"": 5303, ""30"": 7, ""31"": 15, ""33"": 7, ""34"": 4, ""36"": 1, ""4"": 412, ""42"": 5, ""43"": 2, ""5"": 7, ""6"": 4573, ""7"": 1062, ""8"": 1, ""9"": 2054}",6,18,25,43
validation,stratum,flores200,fa,sp_unigram,65536,21240,114142,63254,tokenizer_only,65536,0.3357890410092642,0.18608400063079322,5.373917137476459,"{""1"": 2253, ""10"": 204, ""11"": 1284, ""12"": 78, ""13"": 339, ""14"": 103, ""15"": 141, ""16"": 104, ""17"": 9, ""18"": 12, ""19"": 1, ""2"": 2786, ""22"": 5, ""26"": 1, ""3"": 1211, ""4"": 3433, ""5"": 3048, ""6"": 1555, ""7"": 2174, ""8"": 579, ""9"": 1920}",5,11,15,26
validation,stratum,flores200,gu,sp_unigram,65536,22363,144544,55214,tokenizer_only,65536,0.40502408809359947,0.15471413548815585,6.463533515181326,"{""1"": 3267, ""10"": 1622, ""12"": 399, ""13"": 1206, ""15"": 294, ""16"": 628, ""18"": 81, ""19"": 360, ""2"": 144, ""21"": 9, ""22"": 117, ""24"": 10, ""25"": 16, ""27"": 2, ""28"": 18, ""3"": 4625, ""30"": 1, ""31"": 11, ""33"": 2, ""4"": 752, ""5"": 17, ""6"": 5159, ""7"": 1690, ""9"": 1933}",6,16,19,33
validation,stratum,flores200,hi,sp_unigram,65536,21817,148664,57809,tokenizer_only,65536,0.37739798301302563,0.1467537534305548,6.8141357656873085,"{""1"": 2529, ""10"": 1964, ""12"": 323, ""13"": 1322, ""15"": 172, ""16"": 536, ""18"": 78, ""19"": 305, ""2"": 134, ""21"": 85, ""22"": 87, ""24"": 14, ""25"": 61, ""27"": 1, ""28"": 23, ""3"": 3893, ""30"": 4, ""31"": 2, ""33"": 3, ""34"": 1, ""4"": 652, ""5"": 22, ""6"": 4095, ""7"": 4150, ""8"": 2, ""9"": 1359}",6,16,21,34
validation,stratum,flores200,ja,sp_unigram,65536,19294,79352,27145,tokenizer_only,65536,0.7107754650948609,0.2431444702086904,4.112781175494972,"{""1"": 365, ""10"": 2, ""12"": 427, ""15"": 135, ""18"": 21, ""2"": 150, ""21"": 10, ""24"": 6, ""27"": 3, ""3"": 13759, ""4"": 31, ""5"": 10, ""6"": 3371, ""7"": 4, ""9"": 1000}",3,9,12,27
validation,stratum,flores200,kn,sp_unigram,65536,25524,183479,67713,tokenizer_only,65536,0.3769438660227726,0.13911128794030925,7.188489265005485,"{""1"": 3747, ""10"": 935, ""12"": 1164, ""13"": 1019, ""15"": 942, ""16"": 901, ""18"": 595, ""19"": 357, ""2"": 208, ""21"": 266, ""22"": 139, ""24"": 117, ""25"": 56, ""27"": 48, ""28"": 36, ""3"": 5128, ""30"": 5, ""31"": 10, ""33"": 27, ""34"": 8, ""4"": 1056, ""5"": 21, ""6"": 5762, ""7"": 572, ""8"": 1, ""9"": 2404}",6,18,24,34
validation,stratum,flores200,ko,sp_unigram,65536,21611,77684,32348,tokenizer_only,65536,0.6680783974279708,0.27819113330930434,3.5946508722409884,"{""1"": 4381, ""10"": 298, ""12"": 78, ""13"": 135, ""15"": 11, ""16"": 3, ""2"": 252, ""3"": 10491, ""4"": 1633, ""5"": 30, ""6"": 2171, ""7"": 1707, ""8"": 4, ""9"": 417}",3,7,12,16
validation,stratum,flores200,ml,sp_unigram,65536,26995,200492,72763,tokenizer_only,65536,0.3709989967428501,0.1346437763102767,7.427005000926098,"{""1"": 3729, ""10"": 697, ""12"": 2027, ""13"": 389, ""15"": 1043, ""16"": 432, ""18"": 655, ""19"": 438, ""2"": 162, ""21"": 252, ""22"": 124, ""24"": 283, ""25"": 106, ""27"": 193, ""28"": 101, ""3"": 6106, ""30"": 52, ""31"": 36, ""33"": 11, ""34"": 21, ""36"": 24, ""37"": 22, ""4"": 1220, ""40"": 5, ""5"": 24, ""6"": 5097, ""7"": 663, ""8"": 1, ""9"": 3082}",6,19,28,40
validation,stratum,flores200,mr,sp_unigram,65536,22928,171557,64243,tokenizer_only,65536,0.3568949146210482,0.13364654313143737,7.482423237962317,"{""1"": 3112, ""10"": 1476, ""12"": 935, ""13"": 1405, ""15"": 583, ""16"": 707, ""18"": 296, ""19"": 539, ""2"": 167, ""21"": 144, ""22"": 293, ""24"": 68, ""25"": 143, ""27"": 1, ""28"": 48, ""3"": 4327, ""30"": 7, ""31"": 25, ""33"": 3, ""36"": 2, ""39"": 2, ""4"": 592, ""5"": 13, ""6"": 4660, ""7"": 1418, ""9"": 1962}",6,19,25,39
validation,stratum,flores200,ru,sp_unigram,65536,23055,124729,68235,tokenizer_only,65536,0.33787645636403607,0.18484073471285747,5.410062893081761,"{""1"": 3311, ""10"": 496, ""11"": 858, ""12"": 219, ""13"": 529, ""14"": 118, ""15"": 348, ""16"": 53, ""17"": 235, ""18"": 37, ""19"": 161, ""2"": 3222, ""20"": 6, ""21"": 136, ""22"": 7, ""23"": 40, ""25"": 18, ""26"": 3, ""27"": 17, ""29"": 4, ""3"": 1412, ""4"": 4337, ""5"": 1598, ""6"": 2923, ""7"": 1069, ""8"": 1199, ""9"": 699}",4,14,20,29
validation,stratum,flores200,sw,sp_unigram,65536,18074,66996,66926,tokenizer_only,65536,0.2700594686668858,0.26977730013732165,3.7067610932831694,"{""1"": 3364, ""10"": 139, ""11"": 44, ""12"": 21, ""13"": 7, ""2"": 2152, ""3"": 4785, ""4"": 2150, ""5"": 1802, ""6"": 1301, ""7"": 1413, ""8"": 615, ""9"": 281}",3,8,10,13
validation,stratum,flores200,ta,sp_unigram,65536,24248,197234,72334,tokenizer_only,65536,0.33522271684131943,0.12294026384903212,8.134031672715276,"{""1"": 3443, ""10"": 799, ""11"": 1, ""12"": 1800, ""13"": 772, ""15"": 855, ""16"": 622, ""18"": 553, ""19"": 551, ""2"": 162, ""21"": 249, ""22"": 464, ""24"": 124, ""25"": 152, ""27"": 100, ""28"": 95, ""3"": 3242, ""30"": 28, ""31"": 44, ""33"": 12, ""34"": 32, ""36"": 7, ""37"": 2, ""4"": 1100, ""40"": 5, ""46"": 1, ""5"": 20, ""6"": 5021, ""7"": 740, ""8"": 3, ""9"": 3249}",6,21,27,46
validation,stratum,flores200,te,sp_unigram,65536,25085,169259,63608,tokenizer_only,65536,0.39436863287636775,0.1482048221955701,6.7474187761610525,"{""1"": 4174, ""10"": 671, ""11"": 2, ""12"": 1162, ""13"": 877, ""15"": 488, ""16"": 595, ""18"": 380, ""19"": 449, ""2"": 261, ""21"": 117, ""22"": 207, ""24"": 51, ""25"": 154, ""27"": 12, ""28"": 65, ""3"": 4153, ""30"": 17, ""31"": 29, ""33"": 2, ""34"": 8, ""37"": 3, ""4"": 1052, ""5"": 41, ""6"": 7514, ""7"": 586, ""8"": 5, ""9"": 2010}",6,18,25,37
validation,stratum,flores200,uk,sp_unigram,65536,23568,120966,66197,tokenizer_only,65536,0.35602821880145624,0.19483160557512028,5.132637474541752,"{""1"": 3487, ""10"": 566, ""11"": 698, ""12"": 276, ""13"": 520, ""14"": 112, ""15"": 236, ""16"": 31, ""17"": 211, ""18"": 31, ""19"": 85, ""2"": 3314, ""20"": 22, ""21"": 34, ""22"": 1, ""23"": 26, ""25"": 13, ""27"": 2, ""3"": 1415, ""4"": 4685, ""5"": 1740, ""6"": 2930, ""7"": 1225, ""8"": 1088, ""9"": 820}",4,13,17,27
validation,stratum,flores200,ur,sp_unigram,65536,22286,112125,62990,tokenizer_only,65536,0.3538021908239403,0.1987603121516165,5.031185497621825,"{""1"": 1967, ""10"": 105, ""11"": 803, ""12"": 20, ""13"": 214, ""14"": 14, ""15"": 61, ""16"": 1, ""17"": 14, ""18"": 1, ""19"": 4, ""2"": 3531, ""3"": 583, ""4"": 3939, ""5"": 4484, ""6"": 1203, ""7"": 3086, ""8"": 317, ""9"": 1939}",5,11,13,19
validation,stratum,flores200,yo,sp_unigram,65536,28369,79356,59988,tokenizer_only,65536,0.47291124891645,0.3574902968899642,2.797278719729282,"{""1"": 8537, ""10"": 155, ""11"": 13, ""12"": 24, ""13"": 4, ""14"": 1, ""16"": 1, ""2"": 5991, ""3"": 6373, ""4"": 2826, ""5"": 2256, ""6"": 1058, ""7"": 416, ""8"": 615, ""9"": 99}",2,6,9,16
validation,stratum,flores200,zh,sp_unigram,65536,17267,56546,21068,tokenizer_only,65536,0.819584203531422,0.3053620061542815,3.2748016447558927,"{""1"": 1476, ""10"": 3, ""11"": 1, ""2"": 324, ""3"": 12780, ""4"": 112, ""5"": 46, ""6"": 2447, ""7"": 10, ""8"": 1, ""9"": 67}",3,6,6,11
train,stratum,code,c,boundary_bpe,16384,143870,269690,269687,tokenizer_only,16384,0.5334702822160504,0.5334643479550595,1.8745395148397859,"{""1"": 86814, ""10"": 122, ""11"": 42, ""12"": 4, ""16"": 19, ""2"": 27710, ""3"": 12687, ""32"": 83, ""4"": 6838, ""5"": 3776, ""6"": 3195, ""7"": 1522, ""8"": 873, ""9"": 185}",1,5,7,32
train,stratum,code,cpp,boundary_bpe,16384,327876,735578,735574,tokenizer_only,16384,0.44574169288202137,0.445739268983031,2.2434639924849638,"{""1"": 175701, ""10"": 50, ""11"": 707, ""12"": 529, ""14"": 740, ""16"": 67, ""17"": 915, ""18"": 57, ""2"": 69376, ""21"": 38, ""23"": 689, ""3"": 30062, ""30"": 486, ""32"": 101, ""4"": 17856, ""5"": 10518, ""6"": 12629, ""7"": 5364, ""8"": 1411, ""9"": 580}",1,6,12,32
train,stratum,code,go,boundary_bpe,16384,241549,514454,514451,tokenizer_only,16384,0.46952771012205247,0.46952497210634964,2.129812170615486,"{""1"": 130971, ""10"": 43, ""11"": 98, ""12"": 121, ""2"": 41129, ""3"": 27664, ""4"": 17904, ""5"": 9087, ""6"": 7309, ""7"": 4392, ""8"": 1855, ""9"": 976}",1,6,8,12
train,stratum,code,java,boundary_bpe,16384,93460,175539,174303,tokenizer_only,16384,0.5361927218693884,0.5324172975805946,1.8782259790284614,"{""1"": 61774, ""10"": 88, ""11"": 25, ""16"": 15, ""2"": 10507, ""3"": 7520, ""32"": 8, ""4"": 6302, ""5"": 2776, ""6"": 2535, ""7"": 1315, ""8"": 318, ""9"": 277}",1,5,7,32
train,stratum,code,javascript,boundary_bpe,16384,58065,112471,110533,tokenizer_only,16384,0.5253182307546163,0.5162664153426216,1.936984414018772,"{""1"": 32847, ""10"": 7, ""11"": 19, ""18"": 3, ""2"": 12932, ""3"": 4972, ""4"": 2583, ""5"": 1641, ""6"": 1931, ""7"": 751, ""8"": 280, ""9"": 99}",1,6,7,18
train,stratum,code,python,boundary_bpe,16384,102905,193153,192883,tokenizer_only,16384,0.5335099516287075,0.5327641817626442,1.8770030610757495,"{""1"": 67783, ""10"": 21, ""11"": 70, ""12"": 2, ""16"": 12, ""2"": 12507, ""3"": 8077, ""32"": 36, ""4"": 5784, ""5"": 3901, ""6"": 2771, ""7"": 1209, ""8"": 541, ""9"": 191}",1,5,7,32
train,stratum,code,rust,boundary_bpe,16384,231207,405448,405437,tokenizer_only,16384,0.5702661572574778,0.5702506856612932,1.7536147261977362,"{""1"": 154974, ""10"": 45, ""11"": 275, ""16"": 24, ""2"": 30558, ""3"": 20745, ""32"": 2, ""4"": 10860, ""5"": 6795, ""6"": 4087, ""7"": 1803, ""8"": 709, ""9"": 330}",1,5,7,32
train,stratum,code,sql,boundary_bpe,16384,472904,962820,962198,tokenizer_only,16384,0.4914830419518644,0.49116553457551776,2.0359734745318288,"{""1"": 221430, ""10"": 1529, ""11"": 620, ""12"": 1353, ""13"": 861, ""16"": 51, ""2"": 152456, ""3"": 45540, ""32"": 31, ""4"": 21582, ""5"": 14073, ""6"": 6276, ""7"": 4540, ""8"": 676, ""9"": 1886}",2,5,9,32
train,stratum,code,typescript,boundary_bpe,16384,409811,734901,727952,tokenizer_only,16384,0.5629643163285492,0.5576410972362263,1.7932681162779915,"{""1"": 292963, ""10"": 1456, ""11"": 46, ""13"": 1220, ""14"": 1220, ""16"": 36, ""2"": 51062, ""3"": 23764, ""32"": 210, ""4"": 13728, ""5"": 8362, ""6"": 5612, ""7"": 2521, ""8"": 3320, ""9"": 4291}",1,5,10,32
train,stratum,cyrillic_african,am,boundary_bpe,16384,134101,390552,158149,tokenizer_only,16384,0.8479408658922915,0.34336272762653886,2.912372018105756,"{""1"": 32132, ""12"": 156, ""2"": 2038, ""3"": 83220, ""4"": 372, ""5"": 364, ""6"": 14205, ""7"": 33, ""8"": 186, ""9"": 1395}",3,6,9,12
train,stratum,cyrillic_african,bg,boundary_bpe,16384,83563,249242,140975,tokenizer_only,16384,0.5927504876751197,0.3352685341956813,2.9826837236576,"{""1"": 25202, ""10"": 372, ""2"": 16547, ""3"": 1382, ""4"": 30573, ""5"": 452, ""6"": 6874, ""7"": 8, ""8"": 2149, ""9"": 4}",3,6,8,10
train,stratum,cyrillic_african,ru,boundary_bpe,16384,75009,231855,128599,tokenizer_only,16384,0.5832782525525082,0.3235168532056673,3.091029076510819,"{""1"": 20082, ""10"": 332, ""11"": 3, ""12"": 116, ""2"": 17038, ""3"": 1067, ""4"": 25990, ""5"": 216, ""6"": 8303, ""7"": 3, ""8"": 1859}",3,6,8,12
train,stratum,cyrillic_african,sw,boundary_bpe,16384,159444,302851,302208,tokenizer_only,16384,0.5275968869123253,0.5264767162730187,1.8994192318306113,"{""1"": 71957, ""11"": 3, ""2"": 48241, ""3"": 28068, ""4"": 7825, ""5"": 1448, ""6"": 1705, ""7"": 177, ""8"": 14, ""9"": 6}",2,4,6,11
train,stratum,cyrillic_african,uk,boundary_bpe,16384,61768,184724,102382,tokenizer_only,16384,0.6033091754409955,0.3343799398020831,2.9906100246082112,"{""1"": 16170, ""10"": 253, ""2"": 15236, ""3"": 887, ""4"": 22379, ""5"": 171, ""6"": 5428, ""7"": 1, ""8"": 1242, ""9"": 1}",2,6,8,10
train,stratum,cyrillic_african,yo,boundary_bpe,16384,70239,145693,125826,tokenizer_only,16384,0.5582232606933384,0.4821027777587118,2.0742465012315097,"{""1"": 33902, ""10"": 136, ""11"": 42, ""15"": 36, ""2"": 16572, ""3"": 10150, ""4"": 5153, ""5"": 1243, ""6"": 2203, ""7"": 628, ""8"": 172, ""9"": 2}",2,5,7,15
train,stratum,indic_cjk_arabic,ar,boundary_bpe,16384,79087,215273,120548,tokenizer_only,16384,0.6560623154262203,0.3673800244340907,2.72197706323416,"{""1"": 21362, ""14"": 3, ""2"": 25852, ""3"": 661, ""4"": 23898, ""5"": 129, ""6"": 6753, ""7"": 5, ""8"": 424}",2,6,6,14
train,stratum,indic_cjk_arabic,bn,boundary_bpe,16384,72281,278982,106840,tokenizer_only,16384,0.6765350056158742,0.25908839996845673,3.8596865012935626,"{""1"": 17030, ""11"": 1, ""12"": 683, ""15"": 102, ""2"": 607, ""3"": 28623, ""4"": 146, ""5"": 266, ""6"": 20053, ""7"": 8, ""8"": 14, ""9"": 4748}",3,9,12,15
train,stratum,indic_cjk_arabic,fa,boundary_bpe,16384,71417,198737,111850,tokenizer_only,16384,0.6385069289226643,0.35935432254688354,2.782768808546985,"{""1"": 22449, ""14"": 61, ""2"": 17960, ""3"": 756, ""4"": 22826, ""5"": 326, ""6"": 5871, ""7"": 353, ""8"": 720, ""9"": 95}",2,6,8,14
train,stratum,indic_cjk_arabic,gu,boundary_bpe,16384,73496,266235,106404,tokenizer_only,16384,0.6907259125596782,0.27605686705354293,3.6224420376619135,"{""1"": 19976, ""12"": 440, ""15"": 72, ""2"": 1091, ""3"": 27750, ""4"": 229, ""5"": 90, ""6"": 20214, ""7"": 439, ""8"": 11, ""9"": 3184}",3,9,9,15
train,stratum,indic_cjk_arabic,hi,boundary_bpe,16384,93429,342710,137684,tokenizer_only,16384,0.6785755788617414,0.2726182486650521,3.6681330207965406,"{""1"": 28943, ""10"": 3, ""11"": 54, ""12"": 578, ""15"": 1, ""2"": 1046, ""3"": 28267, ""4"": 222, ""5"": 185, ""6"": 29776, ""7"": 170, ""8"": 16, ""9"": 4168}",3,9,9,15
train,stratum,indic_cjk_arabic,ja,boundary_bpe,16384,111682,318463,134867,tokenizer_only,16384,0.8280898959715868,0.3506906610815071,2.8515159112480077,"{""1"": 19936, ""10"": 1, ""11"": 1, ""12"": 88, ""2"": 6846, ""3"": 75270, ""4"": 711, ""5"": 174, ""6"": 7803, ""7"": 117, ""8"": 18, ""9"": 717}",3,6,6,12
train,stratum,indic_cjk_arabic,kn,boundary_bpe,16384,119967,457719,180531,tokenizer_only,16384,0.6645229905113249,0.2620974877599575,3.815374227912676,"{""1"": 29273, ""10"": 169, ""12"": 2400, ""15"": 923, ""18"": 289, ""2"": 3374, ""3"": 48717, ""4"": 656, ""5"": 70, ""6"": 27927, ""7"": 17, ""8"": 13, ""9"": 6139}",3,9,15,18
train,stratum,indic_cjk_arabic,ko,boundary_bpe,16384,78945,201183,86266,tokenizer_only,16384,0.9151345837293952,0.39240393074961605,2.548394451833555,"{""1"": 21960, ""10"": 225, ""11"": 1, ""2"": 1275, ""3"": 52746, ""4"": 549, ""5"": 64, ""6"": 1722, ""7"": 147, ""8"": 7, ""9"": 249}",3,3,6,11
train,stratum,indic_cjk_arabic,ml,boundary_bpe,16384,44408,188704,72486,tokenizer_only,16384,0.6126424412990095,0.2353315245039851,4.249324446045757,"{""1"": 8512, ""12"": 2042, ""15"": 128, ""18"": 60, ""2"": 945, ""3"": 19322, ""4"": 324, ""5"": 89, ""6"": 8531, ""7"": 88, ""8"": 14, ""9"": 4353}",3,12,12,18
train,stratum,indic_cjk_arabic,mr,boundary_bpe,16384,90261,362338,142528,tokenizer_only,16384,0.6332860911540189,0.24910718721194022,4.014336202789687,"{""1"": 23195, ""10"": 245, ""11"": 1, ""12"": 2268, ""15"": 231, ""2"": 1303, ""3"": 29467, ""4"": 457, ""5"": 102, ""6"": 27998, ""7"": 128, ""8"": 22, ""9"": 4844}",3,9,12,15
train,stratum,indic_cjk_arabic,ta,boundary_bpe,16384,52918,239341,90715,tokenizer_only,16384,0.5833434382406437,0.22109876703113968,4.522865565592048,"{""1"": 11421, ""10"": 44, ""12"": 1561, ""15"": 600, ""18"": 218, ""2"": 752, ""3"": 18260, ""4"": 189, ""5"": 39, ""6"": 13169, ""7"": 202, ""8"": 6, ""9"": 6457}",3,9,15,18
train,stratum,indic_cjk_arabic,te,boundary_bpe,16384,76064,300203,115621,tokenizer_only,16384,0.6578735696802483,0.2533752161037698,3.946715923432899,"{""1"": 16413, ""10"": 382, ""12"": 895, ""2"": 1314, ""3"": 28639, ""4"": 205, ""5"": 67, ""6"": 24593, ""7"": 13, ""8"": 6, ""9"": 3537}",3,9,12,12
train,stratum,indic_cjk_arabic,ur,boundary_bpe,16384,158227,430336,244935,tokenizer_only,16384,0.6459958764570192,0.36768246207614513,2.719738097796204,"{""1"": 53751, ""10"": 172, ""14"": 130, ""2"": 38294, ""3"": 1219, ""4"": 49723, ""5"": 87, ""6"": 12658, ""7"": 21, ""8"": 2170, ""9"": 2}",2,6,8,14
train,stratum,indic_cjk_arabic,zh,boundary_bpe,16384,184799,612143,250435,tokenizer_only,16384,0.7379120330624713,0.3018886109944898,3.3124800458876944,"{""1"": 34870, ""10"": 701, ""11"": 2, ""12"": 3722, ""15"": 699, ""2"": 7118, ""3"": 110032, ""4"": 2644, ""5"": 166, ""6"": 20611, ""7"": 1199, ""8"": 20, ""9"": 3015}",3,7,12,15
train,stratum,latin_english,en,boundary_bpe,16384,56573,128943,128062,tokenizer_only,16384,0.4417625837484968,0.4387442513358616,2.279232142541495,"{""1"": 26305, ""10"": 67, ""11"": 36, ""2"": 10031, ""3"": 9216, ""4"": 5618, ""5"": 2500, ""6"": 1473, ""7"": 750, ""8"": 391, ""9"": 186}",2,6,8,11
validation,stratum,flores200,am,boundary_bpe,16384,37087,109651,42703,tokenizer_only,16384,0.8684869915462614,0.33822764954263984,2.956588562029822,"{""1"": 8332, ""12"": 2, ""2"": 264, ""3"": 23748, ""4"": 20, ""5"": 10, ""6"": 4335, ""8"": 1, ""9"": 375}",3,6,9,12
validation,stratum,flores200,ar,boundary_bpe,16384,36415,99690,54980,tokenizer_only,16384,0.6623317570025464,0.36528237536362723,2.7376081285184677,"{""1"": 9677, ""2"": 11909, ""3"": 49, ""4"": 11493, ""6"": 3110, ""8"": 177}",2,6,6,8
validation,stratum,flores200,bg,boundary_bpe,16384,37348,114709,63267,tokenizer_only,16384,0.5903235494017418,0.3255890993731965,3.0713558958980403,"{""1"": 10794, ""10"": 185, ""2"": 7013, ""3"": 320, ""4"": 14474, ""5"": 217, ""6"": 3331, ""8"": 1014}",4,6,8,10
validation,stratum,flores200,bn,boundary_bpe,16384,40233,160235,59847,tokenizer_only,16384,0.672264273898441,0.25108746528536213,3.982675912807894,"{""1"": 9225, ""12"": 548, ""15"": 50, ""2"": 139, ""3"": 15838, ""4"": 9, ""6"": 11320, ""9"": 3104}",3,9,12,15
validation,stratum,flores200,fa,boundary_bpe,16384,39821,114142,63254,tokenizer_only,16384,0.6295412147848357,0.3488724571148219,2.8663770372416564,"{""1"": 11936, ""14"": 32, ""2"": 9753, ""3"": 457, ""4"": 13142, ""5"": 318, ""6"": 3208, ""7"": 466, ""8"": 368, ""9"": 141}",2,6,8,14
validation,stratum,flores200,gu,boundary_bpe,16384,38452,144544,55214,tokenizer_only,16384,0.6964175752526534,0.26602280274518486,3.759076250910226,"{""1"": 9616, ""12"": 312, ""15"": 42, ""2"": 227, ""3"": 15053, ""4"": 12, ""6"": 11083, ""7"": 284, ""9"": 1823}",3,9,9,15
validation,stratum,flores200,hi,boundary_bpe,16384,39735,148664,57809,tokenizer_only,16384,0.6873497206317355,0.267280579023839,3.7413866868000505,"{""1"": 11779, ""12"": 257, ""2"": 151, ""3"": 12501, ""4"": 21, ""5"": 4, ""6"": 13048, ""7"": 81, ""9"": 1893}",3,9,9,12
validation,stratum,flores200,ja,boundary_bpe,16384,24075,79352,27145,tokenizer_only,16384,0.8869036655000921,0.3033949994959169,3.2960332294911736,"{""1"": 460, ""2"": 211, ""3"": 20942, ""4"": 19, ""5"": 2, ""6"": 2137, ""9"": 304}",3,6,9,9
validation,stratum,flores200,kn,boundary_bpe,16384,44491,183479,67713,tokenizer_only,16384,0.6570525600697059,0.24248551605360832,4.123957654357061,"{""1"": 8884, ""10"": 96, ""12"": 1062, ""15"": 510, ""18"": 187, ""2"": 223, ""3"": 19326, ""4"": 198, ""5"": 1, ""6"": 11794, ""9"": 2210}",3,9,15,18
validation,stratum,flores200,ko,boundary_bpe,16384,29648,77684,32348,tokenizer_only,16384,0.9165327068134043,0.3816487307553679,2.6202104695089043,"{""1"": 7890, ""10"": 224, ""2"": 371, ""3"": 19956, ""4"": 251, ""5"": 7, ""6"": 790, ""7"": 133, ""9"": 26}",3,3,7,10
validation,stratum,flores200,ml,boundary_bpe,16384,45576,200492,72763,tokenizer_only,16384,0.6263622995203606,0.22732079085449794,4.399069685799543,"{""1"": 8115, ""12"": 2720, ""15"": 221, ""18"": 56, ""2"": 215, ""3"": 20594, ""4"": 106, ""5"": 1, ""6"": 9691, ""7"": 43, ""9"": 3814}",3,12,12,18
validation,stratum,flores200,mr,boundary_bpe,16384,40833,171557,64243,tokenizer_only,16384,0.635602322432016,0.23801418770437813,4.201430215756863,"{""1"": 9754, ""10"": 109, ""12"": 1205, ""15"": 225, ""2"": 200, ""3"": 13450, ""4"": 112, ""6"": 13392, ""7"": 73, ""9"": 2313}",3,9,12,15
validation,stratum,flores200,ru,boundary_bpe,16384,39763,124729,68235,tokenizer_only,16384,0.5827361324833297,0.31879514788060515,3.136810602821719,"{""1"": 10439, ""10"": 178, ""12"": 101, ""2"": 9070, ""3"": 374, ""4"": 13829, ""5"": 78, ""6"": 4611, ""8"": 1083}",3,6,8,12
validation,stratum,flores200,sw,boundary_bpe,16384,35159,66996,66926,tokenizer_only,16384,0.5253414218689298,0.5247925249268613,1.905514946386416,"{""1"": 15385, ""2"": 11113, ""3"": 6421, ""4"": 1528, ""5"": 270, ""6"": 437, ""7"": 3, ""8"": 1, ""9"": 1}",2,4,6,9
validation,stratum,flores200,ta,boundary_bpe,16384,42592,197234,72334,tokenizer_only,16384,0.5888240661376393,0.21594654065729033,4.630775732531931,"{""1"": 8818, ""10"": 61, ""12"": 1114, ""15"": 447, ""18"": 187, ""2"": 273, ""3"": 14746, ""4"": 21, ""5"": 3, ""6"": 10822, ""7"": 174, ""9"": 5926}",3,9,15,18
validation,stratum,flores200,te,boundary_bpe,16384,42074,169259,63608,tokenizer_only,16384,0.6614576782794617,0.24857762364187427,4.022888244521558,"{""1"": 9008, ""10"": 247, ""12"": 461, ""2"": 456, ""3"": 15600, ""4"": 32, ""5"": 9, ""6"": 13995, ""9"": 2266}",3,9,12,12
validation,stratum,flores200,uk,boundary_bpe,16384,39984,120966,66197,tokenizer_only,16384,0.6040152877018596,0.3305391597639006,3.025360144057623,"{""1"": 10481, ""10"": 129, ""12"": 1, ""2"": 9280, ""3"": 342, ""4"": 15198, ""5"": 81, ""6"": 3688, ""8"": 784}",3,6,8,12
validation,stratum,flores200,ur,boundary_bpe,16384,40873,112125,62990,tokenizer_only,16384,0.648880774726147,0.36453065774804905,2.743253492525628,"{""1"": 13322, ""10"": 59, ""14"": 23, ""2"": 10156, ""3"": 66, ""4"": 13553, ""5"": 1, ""6"": 3190, ""8"": 503}",2,6,8,14
validation,stratum,flores200,yo,boundary_bpe,16384,44945,79356,59988,tokenizer_only,16384,0.7492331799693271,0.5663717929331116,1.7656246523528758,"{""1"": 21378, ""10"": 3, ""15"": 1, ""2"": 17081, ""3"": 3576, ""4"": 2035, ""5"": 535, ""6"": 161, ""7"": 138, ""8"": 37}",2,4,5,15
validation,stratum,flores200,zh,boundary_bpe,16384,20188,56546,21068,tokenizer_only,16384,0.958230491741029,0.35701906412478335,2.8009708737864076,"{""1"": 1905, ""2"": 462, ""3"": 17705, ""4"": 44, ""5"": 6, ""6"": 66}",3,3,3,6
train,stratum,code,c,boundary_bpe,32768,127338,269690,269687,tokenizer_only,32768,0.4721695891904319,0.47216433683117653,2.117906673577408,"{""1"": 75085, ""10"": 379, ""11"": 156, ""12"": 15, ""13"": 16, ""16"": 6, ""2"": 19719, ""24"": 1, ""27"": 1, ""3"": 11280, ""32"": 13, ""4"": 7277, ""42"": 1, ""5"": 4614, ""6"": 4221, ""64"": 14, ""7"": 2198, ""76"": 24, ""8"": 1644, ""9"": 674}",1,6,9,76
train,stratum,code,cpp,boundary_bpe,32768,277628,735578,735574,tokenizer_only,32768,0.37743041488687745,0.3774283624578223,2.649509415476825,"{""1"": 146547, ""10"": 1212, ""11"": 377, ""12"": 84, ""13"": 488, ""14"": 624, ""15"": 383, ""16"": 224, ""17"": 687, ""18"": 287, ""2"": 47635, ""21"": 38, ""23"": 225, ""27"": 1, ""28"": 130, ""29"": 237, ""3"": 22510, ""30"": 263, ""32"": 247, ""33"": 48, ""4"": 15779, ""42"": 2, ""47"": 178, ""5"": 10775, ""6"": 14616, ""62"": 226, ""64"": 47, ""7"": 8577, ""8"": 3014, ""9"": 2167}",1,7,16,64
train,stratum,code,go,boundary_bpe,32768,213313,514454,514451,tokenizer_only,32768,0.4146420164408272,0.41463959848693954,2.411732993300924,"{""1"": 116228, ""10"": 426, ""11"": 666, ""12"": 354, ""13"": 130, ""14"": 205, ""16"": 56, ""2"": 27707, ""3"": 20500, ""4"": 15620, ""42"": 8, ""5"": 10358, ""6"": 9258, ""7"": 6182, ""8"": 3941, ""9"": 1674}",1,7,9,42
train,stratum,code,java,boundary_bpe,32768,84820,175539,174303,tokenizer_only,32768,0.48662386763280036,0.4831974660901566,2.069547276585711,"{""1"": 56945, ""10"": 359, ""11"": 131, ""12"": 4, ""13"": 10, ""14"": 125, ""16"": 15, ""2"": 6869, ""20"": 29, ""3"": 5524, ""4"": 5735, ""42"": 4, ""5"": 2940, ""6"": 2589, ""64"": 4, ""7"": 1840, ""8"": 1246, ""9"": 451}",1,6,9,64
train,stratum,code,javascript,boundary_bpe,32768,52550,112471,110533,tokenizer_only,32768,0.47542362914242803,0.4672315530225569,2.1402664129400573,"{""1"": 28666, ""10"": 101, ""11"": 66, ""12"": 1, ""13"": 6, ""14"": 73, ""16"": 176, ""18"": 3, ""2"": 11176, ""26"": 2, ""3"": 4492, ""4"": 2553, ""5"": 1738, ""6"": 2036, ""7"": 813, ""8"": 434, ""9"": 214}",1,6,9,26
train,stratum,code,python,boundary_bpe,32768,94400,193153,192883,tokenizer_only,32768,0.4894158635027452,0.4887317308040776,2.046112288135593,"{""1"": 62533, ""10"": 172, ""11"": 191, ""12"": 18, ""13"": 5, ""14"": 21, ""16"": 43, ""2"": 9138, ""24"": 1, ""3"": 6104, ""32"": 10, ""4"": 5032, ""42"": 2, ""48"": 2, ""5"": 4320, ""6"": 3487, ""64"": 12, ""7"": 1920, ""8"": 935, ""9"": 454}",1,6,8,64
train,stratum,code,rust,boundary_bpe,32768,211741,405448,405437,tokenizer_only,32768,0.5222537656898606,0.5222395966930408,1.9148299101260502,"{""1"": 141515, ""10"": 415, ""11"": 598, ""12"": 134, ""13"": 18, ""14"": 17, ""16"": 34, ""2"": 23074, ""3"": 17549, ""32"": 12, ""4"": 10030, ""42"": 3, ""5"": 7597, ""6"": 5307, ""64"": 1, ""7"": 3021, ""8"": 1626, ""9"": 790}",1,6,8,64
train,stratum,code,sql,boundary_bpe,32768,392404,962820,962198,tokenizer_only,32768,0.4078204278121551,0.4075569680729524,2.453644713101803,"{""1"": 170283, ""10"": 3415, ""11"": 743, ""12"": 1228, ""13"": 1276, ""14"": 739, ""15"": 487, ""16"": 5, ""17"": 160, ""18"": 163, ""19"": 320, ""2"": 108637, ""20"": 333, ""24"": 44, ""27"": 174, ""3"": 46305, ""32"": 27, ""4"": 19770, ""48"": 2, ""5"": 14230, ""6"": 9472, ""64"": 1, ""7"": 7667, ""8"": 3240, ""9"": 3683}",2,7,12,64
train,stratum,code,typescript,boundary_bpe,32768,376686,734901,727952,tokenizer_only,32768,0.5174599424137856,0.5125669988202493,1.950964463770886,"{""1"": 270633, ""10"": 1833, ""11"": 524, ""12"": 80, ""13"": 1709, ""14"": 1211, ""15"": 57, ""16"": 251, ""18"": 61, ""2"": 35882, ""21"": 129, ""3"": 21432, ""32"": 12, ""4"": 13160, ""42"": 2, ""48"": 19, ""5"": 9480, ""56"": 15, ""6"": 7059, ""64"": 82, ""7"": 4220, ""8"": 3612, ""9"": 5223}",1,7,11,64
train,stratum,cyrillic_african,am,boundary_bpe,32768,113097,390552,158149,tokenizer_only,32768,0.7151294032842446,0.2895824371658576,3.4532480967664925,"{""1"": 31469, ""10"": 2, ""11"": 61, ""12"": 906, ""13"": 1, ""15"": 401, ""18"": 6, ""2"": 1708, ""21"": 15, ""3"": 49118, ""4"": 445, ""5"": 377, ""6"": 23454, ""7"": 54, ""8"": 188, ""9"": 4892}",3,9,12,21
train,stratum,cyrillic_african,bg,boundary_bpe,32768,71682,249242,140975,tokenizer_only,32768,0.5084731335343146,0.2876000032097319,3.477051421556318,"{""1"": 23912, ""10"": 1779, ""11"": 1, ""12"": 644, ""14"": 106, ""16"": 79, ""18"": 14, ""2"": 9627, ""20"": 4, ""3"": 1607, ""4"": 19985, ""5"": 968, ""6"": 7835, ""7"": 148, ""8"": 4937, ""9"": 36}",4,8,12,20
train,stratum,cyrillic_african,ru,boundary_bpe,32768,63376,231855,128599,tokenizer_only,32768,0.4928187621987729,0.27334325332643244,3.658403812168644,"{""1"": 19126, ""10"": 1925, ""11"": 3, ""12"": 664, ""14"": 144, ""16"": 52, ""18"": 10, ""2"": 9504, ""20"": 13, ""3"": 1330, ""4"": 16344, ""5"": 596, ""6"": 9204, ""7"": 105, ""8"": 4327, ""9"": 29}",4,8,12,20
train,stratum,cyrillic_african,sw,boundary_bpe,32768,134679,302851,302208,tokenizer_only,32768,0.4456500158831004,0.44470383125695473,2.2486876201932002,"{""1"": 57305, ""10"": 139, ""11"": 29, ""12"": 1, ""13"": 127, ""2"": 32206, ""3"": 22061, ""4"": 11760, ""5"": 4741, ""6"": 4297, ""7"": 1138, ""8"": 789, ""9"": 86}",2,5,7,13
train,stratum,cyrillic_african,uk,boundary_bpe,32768,52351,184724,102382,tokenizer_only,32768,0.5113301166220625,0.2834011823044109,3.5285667895551183,"{""1"": 15450, ""10"": 1280, ""12"": 335, ""14"": 145, ""16"": 38, ""18"": 2, ""2"": 8477, ""3"": 1011, ""4"": 14924, ""5"": 527, ""6"": 6894, ""7"": 67, ""8"": 3180, ""9"": 21}",4,8,10,18
train,stratum,cyrillic_african,yo,boundary_bpe,32768,61735,145693,125826,tokenizer_only,32768,0.49063786498815826,0.42373346694762276,2.3599740827731432,"{""1"": 29693, ""10"": 193, ""11"": 192, ""12"": 25, ""13"": 59, ""15"": 36, ""18"": 2, ""2"": 11126, ""3"": 8046, ""4"": 5632, ""5"": 1914, ""6"": 2900, ""7"": 1178, ""8"": 470, ""9"": 269}",2,6,9,18
train,stratum,indic_cjk_arabic,ar,boundary_bpe,32768,69251,215273,120548,tokenizer_only,32768,0.5744682616053356,0.3216892039410423,3.1085904896680194,"{""1"": 21019, ""10"": 438, ""12"": 82, ""13"": 1, ""14"": 56, ""16"": 8, ""2"": 14448, ""3"": 669, ""4"": 20974, ""5"": 209, ""6"": 9317, ""7"": 28, ""8"": 1995, ""9"": 7}",2,6,8,16
train,stratum,indic_cjk_arabic,bn,boundary_bpe,32768,59404,278982,106840,tokenizer_only,32768,0.5560089853987271,0.21293130022725482,4.696350414113527,"{""1"": 16807, ""10"": 3, ""11"": 1, ""12"": 2898, ""13"": 24, ""15"": 943, ""18"": 231, ""2"": 546, ""21"": 174, ""24"": 30, ""3"": 14616, ""4"": 166, ""5"": 269, ""6"": 15566, ""7"": 60, ""8"": 26, ""9"": 7044}",3,12,15,24
train,stratum,indic_cjk_arabic,fa,boundary_bpe,32768,61082,198737,111850,tokenizer_only,32768,0.5461063924899419,0.30735092106653517,3.253609901443961,"{""1"": 22113, ""10"": 1109, ""11"": 31, ""12"": 219, ""13"": 27, ""14"": 103, ""2"": 9192, ""20"": 1, ""3"": 665, ""4"": 16204, ""5"": 297, ""6"": 7350, ""7"": 455, ""8"": 3057, ""9"": 259}",2,8,10,20
train,stratum,indic_cjk_arabic,gu,boundary_bpe,32768,62454,266235,106404,tokenizer_only,32768,0.586951618360212,0.23458222998478787,4.26289749255452,"{""1"": 19486, ""10"": 124, ""11"": 3, ""12"": 1603, ""15"": 494, ""18"": 201, ""2"": 902, ""21"": 57, ""3"": 14381, ""4"": 246, ""5"": 96, ""6"": 18336, ""7"": 544, ""8"": 49, ""9"": 5932}",3,9,15,21
train,stratum,indic_cjk_arabic,hi,boundary_bpe,32768,79276,342710,137684,tokenizer_only,32768,0.5757822259667064,0.2313209419042339,4.322998133104597,"{""1"": 28228, ""10"": 194, ""11"": 56, ""12"": 3178, ""14"": 37, ""15"": 629, ""18"": 141, ""2"": 891, ""21"": 37, ""24"": 25, ""3"": 13098, ""4"": 286, ""5"": 179, ""6"": 24378, ""7"": 354, ""8"": 24, ""9"": 7541}",3,12,15,24
train,stratum,indic_cjk_arabic,ja,boundary_bpe,32768,96307,318463,134867,tokenizer_only,32768,0.7140886947881987,0.3024118971434672,3.3067482114488045,"{""1"": 17286, ""10"": 6, ""11"": 6, ""12"": 744, ""13"": 1, ""15"": 266, ""18"": 98, ""2"": 6319, ""21"": 50, ""3"": 54328, ""4"": 779, ""5"": 288, ""6"": 13243, ""7"": 158, ""8"": 51, ""9"": 2684}",3,6,12,21
train,stratum,indic_cjk_arabic,kn,boundary_bpe,32768,99395,457719,180531,tokenizer_only,32768,0.5505702621710399,0.2171528820083938,4.605050555862971,"{""1"": 27564, ""10"": 340, ""11"": 1, ""12"": 4917, ""13"": 98, ""15"": 1879, ""16"": 47, ""18"": 611, ""19"": 122, ""2"": 3527, ""22"": 50, ""24"": 65, ""3"": 25397, ""4"": 432, ""5"": 101, ""6"": 23847, ""7"": 272, ""8"": 36, ""9"": 10089}",3,12,15,24
train,stratum,indic_cjk_arabic,ko,boundary_bpe,32768,71461,201183,86266,tokenizer_only,32768,0.8283796629031136,0.3552039685261677,2.8152838611270483,"{""1"": 21528, ""10"": 224, ""11"": 1, ""12"": 246, ""13"": 59, ""15"": 36, ""2"": 1137, ""3"": 39741, ""4"": 522, ""5"": 95, ""6"": 7069, ""7"": 270, ""8"": 16, ""9"": 517}",3,6,9,15
train,stratum,indic_cjk_arabic,ml,boundary_bpe,32768,36407,188704,72486,tokenizer_only,32768,0.5022625058632012,0.19293178734949976,5.183179058972176,"{""1"": 8145, ""10"": 21, ""12"": 2613, ""13"": 49, ""15"": 940, ""16"": 21, ""18"": 218, ""19"": 15, ""2"": 749, ""21"": 143, ""24"": 37, ""27"": 36, ""28"": 9, ""3"": 10091, ""4"": 383, ""5"": 138, ""6"": 8102, ""7"": 130, ""8"": 22, ""9"": 4545}",3,12,18,28
train,stratum,indic_cjk_arabic,mr,boundary_bpe,32768,75758,362338,142528,tokenizer_only,32768,0.531530646609789,0.2090810237954617,4.78283481612503,"{""1"": 22514, ""10"": 333, ""11"": 9, ""12"": 3896, ""13"": 158, ""15"": 941, ""18"": 696, ""2"": 961, ""21"": 145, ""24"": 87, ""27"": 52, ""3"": 15253, ""30"": 13, ""4"": 423, ""5"": 139, ""6"": 22255, ""7"": 245, ""8"": 36, ""9"": 7602}",3,12,18,30
train,stratum,indic_cjk_arabic,ta,boundary_bpe,32768,43271,239341,90715,tokenizer_only,32768,0.4769993937055614,0.1807922587438007,5.5312102794019085,"{""1"": 11011, ""10"": 128, ""11"": 1, ""12"": 3367, ""15"": 1381, ""16"": 19, ""18"": 676, ""19"": 21, ""2"": 552, ""21"": 139, ""24"": 73, ""27"": 13, ""3"": 8546, ""4"": 269, ""5"": 78, ""6"": 10854, ""7"": 290, ""8"": 12, ""9"": 5841}",6,15,18,27
train,stratum,indic_cjk_arabic,te,boundary_bpe,32768,62401,300203,115621,tokenizer_only,32768,0.5397029951306423,0.20786267958681293,4.810868415570264,"{""1"": 15729, ""10"": 173, ""11"": 1, ""12"": 3062, ""13"": 41, ""15"": 715, ""16"": 75, ""18"": 320, ""19"": 94, ""2"": 1109, ""21"": 91, ""22"": 66, ""3"": 13952, ""4"": 239, ""5"": 110, ""6"": 20668, ""7"": 279, ""8"": 12, ""9"": 5665}",6,12,16,22
train,stratum,indic_cjk_arabic,ur,boundary_bpe,32768,138991,430336,244935,tokenizer_only,32768,0.5674607548941556,0.322982506692445,3.0961429157283566,"{""1"": 53186, ""10"": 1465, ""11"": 1, ""12"": 441, ""13"": 2, ""14"": 243, ""16"": 2, ""2"": 20655, ""3"": 748, ""4"": 38121, ""5"": 115, ""6"": 17451, ""7"": 78, ""8"": 6475, ""9"": 8}",2,8,10,16
train,stratum,indic_cjk_arabic,zh,boundary_bpe,32768,161951,612143,250435,tokenizer_only,32768,0.6466787789246711,0.2645639989348894,3.7798037678063117,"{""1"": 29972, ""10"": 1110, ""11"": 4, ""12"": 3415, ""13"": 340, ""15"": 1778, ""18"": 132, ""2"": 6363, ""21"": 742, ""3"": 84266, ""4"": 2561, ""5"": 285, ""6"": 23917, ""7"": 999, ""8"": 1292, ""9"": 4775}",3,9,15,21
train,stratum,latin_english,en,boundary_bpe,32768,50629,128943,128062,tokenizer_only,32768,0.39534756602270776,0.39264636312168943,2.546820991921626,"{""1"": 23746, ""10"": 226, ""11"": 99, ""12"": 25, ""13"": 17, ""2"": 6937, ""3"": 7231, ""4"": 4998, ""5"": 2734, ""6"": 1981, ""7"": 1362, ""8"": 779, ""9"": 494}",2,7,9,13
validation,stratum,flores200,am,boundary_bpe,32768,31448,109651,42703,tokenizer_only,32768,0.7364353792473597,0.28680084996944855,3.4867400152632917,"{""1"": 8269, ""10"": 1, ""12"": 301, ""15"": 77, ""2"": 234, ""21"": 1, ""3"": 14504, ""4"": 30, ""5"": 10, ""6"": 6584, ""7"": 1, ""8"": 1, ""9"": 1435}",3,9,12,21
validation,stratum,flores200,ar,boundary_bpe,32768,31851,99690,54980,tokenizer_only,32768,0.5793197526373227,0.31950045139933797,3.1298860318357353,"{""1"": 9512, ""10"": 204, ""12"": 25, ""14"": 32, ""16"": 8, ""2"": 6842, ""3"": 121, ""4"": 9685, ""5"": 56, ""6"": 4367, ""8"": 998, ""9"": 1}",2,6,8,16
validation,stratum,flores200,bg,boundary_bpe,32768,31868,114709,63267,tokenizer_only,32768,0.5037065136643115,0.27781603884612366,3.5995042048449855,"{""1"": 10277, ""10"": 919, ""12"": 276, ""14"": 44, ""16"": 42, ""18"": 3, ""2"": 3956, ""20"": 8, ""3"": 463, ""4"": 9321, ""5"": 452, ""6"": 3615, ""7"": 53, ""8"": 2429, ""9"": 10}",4,8,12,20
validation,stratum,flores200,bn,boundary_bpe,32768,33044,160235,59847,tokenizer_only,32768,0.5521412936320952,0.20622211127406623,4.849140539886212,"{""1"": 9169, ""12"": 1998, ""13"": 1, ""15"": 508, ""18"": 80, ""2"": 136, ""21"": 71, ""24"": 26, ""3"": 7950, ""4"": 11, ""6"": 8684, ""7"": 29, ""9"": 4381}",3,12,15,24
validation,stratum,flores200,fa,boundary_bpe,32768,34152,114142,63254,tokenizer_only,32768,0.5399184241312802,0.2992062518617161,3.3421761536659638,"{""1"": 11714, ""10"": 512, ""11"": 37, ""12"": 100, ""13"": 46, ""14"": 46, ""16"": 2, ""2"": 4982, ""3"": 362, ""4"": 9522, ""5"": 234, ""6"": 4197, ""7"": 553, ""8"": 1539, ""9"": 306}",4,8,10,16
validation,stratum,flores200,gu,boundary_bpe,32768,32272,144544,55214,tokenizer_only,32768,0.5844894410837831,0.2232676555235776,4.4789291026276645,"{""1"": 9421, ""10"": 88, ""12"": 962, ""15"": 292, ""18"": 99, ""2"": 228, ""21"": 51, ""3"": 7427, ""4"": 18, ""6"": 9955, ""7"": 325, ""8"": 2, ""9"": 3404}",3,9,15,21
validation,stratum,flores200,hi,boundary_bpe,32768,33608,148664,57809,tokenizer_only,32768,0.581362763583525,0.2260668352795566,4.423470602237562,"{""1"": 11444, ""10"": 124, ""12"": 1307, ""15"": 274, ""18"": 73, ""2"": 131, ""21"": 18, ""24"": 14, ""3"": 5742, ""4"": 42, ""5"": 3, ""6"": 10991, ""7"": 232, ""9"": 3213}",3,12,15,24
validation,stratum,flores200,ja,boundary_bpe,32768,21147,79352,27145,tokenizer_only,32768,0.7790384969607662,0.2664961185603387,3.752399867593512,"{""1"": 373, ""12"": 238, ""15"": 51, ""18"": 1, ""2"": 208, ""3"": 16242, ""4"": 32, ""5"": 3, ""6"": 3312, ""9"": 687}",3,6,12,18
validation,stratum,flores200,kn,boundary_bpe,32768,36161,183479,67713,tokenizer_only,32768,0.5340333466247249,0.19708522501212672,5.073947070047842,"{""1"": 8570, ""10"": 161, ""12"": 1903, ""13"": 35, ""15"": 962, ""16"": 57, ""18"": 355, ""19"": 60, ""2"": 212, ""22"": 31, ""24"": 13, ""3"": 9745, ""4"": 80, ""5"": 5, ""6"": 9785, ""7"": 127, ""8"": 1, ""9"": 4059}",3,12,18,24
validation,stratum,flores200,ko,boundary_bpe,32768,27131,77684,32348,tokenizer_only,32768,0.8387226412761222,0.34924823644508524,2.863292912166894,"{""1"": 7689, ""10"": 233, ""13"": 58, ""2"": 352, ""3"": 15619, ""4"": 200, ""5"": 8, ""6"": 2606, ""7"": 209, ""8"": 2, ""9"": 155}",3,6,10,13
validation,stratum,flores200,ml,boundary_bpe,32768,37174,200492,72763,tokenizer_only,32768,0.5108915245385705,0.18541388185064742,5.393339430784957,"{""1"": 7794, ""10"": 23, ""12"": 2749, ""13"": 50, ""15"": 989, ""16"": 87, ""18"": 244, ""19"": 18, ""2"": 207, ""21"": 191, ""24"": 117, ""27"": 33, ""28"": 11, ""3"": 10840, ""4"": 134, ""5"": 3, ""6"": 8871, ""7"": 88, ""8"": 1, ""9"": 4724}",3,12,18,28
validation,stratum,flores200,mr,boundary_bpe,32768,34095,171557,64243,tokenizer_only,32768,0.5307193001572156,0.19873861165676715,5.031734858483649,"{""1"": 9492, ""10"": 180, ""12"": 2044, ""13"": 63, ""15"": 577, ""18"": 395, ""2"": 215, ""21"": 68, ""24"": 43, ""27"": 28, ""3"": 7010, ""30"": 19, ""4"": 69, ""6"": 10359, ""7"": 160, ""9"": 3373}",6,12,18,30
validation,stratum,flores200,ru,boundary_bpe,32768,33664,124729,68235,tokenizer_only,32768,0.4933538506631494,0.26989713699300083,3.7051152566539924,"{""1"": 9967, ""10"": 1039, ""12"": 383, ""14"": 102, ""16"": 51, ""18"": 6, ""2"": 5260, ""20"": 6, ""3"": 501, ""4"": 8624, ""5"": 298, ""6"": 5061, ""7"": 30, ""8"": 2305, ""9"": 31}",4,8,12,20
validation,stratum,flores200,sw,boundary_bpe,32768,30383,66996,66926,tokenizer_only,32768,0.4539790216059528,0.4535046868469759,2.2050488760161935,"{""1"": 12518, ""10"": 4, ""11"": 2, ""2"": 7674, ""3"": 5562, ""4"": 2474, ""5"": 864, ""6"": 938, ""7"": 250, ""8"": 85, ""9"": 12}",2,5,7,11
validation,stratum,flores200,ta,boundary_bpe,32768,34707,197234,72334,tokenizer_only,32768,0.4798158542317582,0.1759686463794275,5.682830552914398,"{""1"": 8521, ""10"": 133, ""12"": 2344, ""15"": 1165, ""16"": 14, ""18"": 506, ""19"": 23, ""2"": 255, ""21"": 260, ""24"": 51, ""27"": 32, ""3"": 6654, ""4"": 83, ""5"": 3, ""6"": 9284, ""7"": 234, ""8"": 3, ""9"": 5142}",6,15,19,27
validation,stratum,flores200,te,boundary_bpe,32768,34370,169259,63608,tokenizer_only,32768,0.5403408376304867,0.20306158018185147,4.924614489380273,"{""1"": 8695, ""10"": 127, ""12"": 1604, ""13"": 23, ""15"": 508, ""16"": 47, ""18"": 223, ""19"": 43, ""2"": 401, ""21"": 29, ""22"": 49, ""3"": 7338, ""4"": 67, ""5"": 20, ""6"": 11612, ""7"": 126, ""8"": 3, ""9"": 3455}",6,12,18,22
validation,stratum,flores200,uk,boundary_bpe,32768,33891,120966,66197,tokenizer_only,32768,0.5119718416242428,0.28016963444273596,3.5692661768611136,"{""1"": 10022, ""10"": 826, ""12"": 230, ""14"": 32, ""16"": 14, ""18"": 1, ""2"": 4940, ""3"": 498, ""4"": 10051, ""5"": 298, ""6"": 4834, ""7"": 18, ""8"": 2107, ""9"": 20}",4,8,10,18
validation,stratum,flores200,ur,boundary_bpe,32768,36315,112125,62990,tokenizer_only,32768,0.5765200825527862,0.32387959866220734,3.08756712102437,"{""1"": 13267, ""10"": 335, ""12"": 49, ""14"": 31, ""16"": 4, ""2"": 5603, ""3"": 77, ""4"": 10860, ""5"": 3, ""6"": 4579, ""8"": 1507}",2,8,10,16
validation,stratum,flores200,yo,boundary_bpe,32768,39417,79356,59988,tokenizer_only,32768,0.6570814162832567,0.496711023741116,2.0132430169723725,"{""1"": 17220, ""10"": 5, ""11"": 1, ""13"": 1, ""15"": 1, ""2"": 11972, ""3"": 5857, ""4"": 2677, ""5"": 849, ""6"": 331, ""7"": 443, ""8"": 48, ""9"": 12}",2,4,7,15
validation,stratum,flores200,zh,boundary_bpe,32768,19138,56546,21068,tokenizer_only,32768,0.9083918739320296,0.3384501114137163,2.954645208485735,"{""1"": 1567, ""10"": 1, ""2"": 428, ""3"": 16089, ""4"": 230, ""5"": 19, ""6"": 800, ""7"": 2, ""8"": 1, ""9"": 1}",3,4,6,10
train,stratum,code,c,boundary_bpe,65536,115977,269690,269687,tokenizer_only,65536,0.43004297574595735,0.4300381919982202,2.325374858808212,"{""1"": 69915, ""10"": 817, ""11"": 303, ""12"": 103, ""13"": 186, ""14"": 210, ""15"": 11, ""16"": 187, ""19"": 1, ""2"": 13690, ""22"": 53, ""24"": 16, ""27"": 41, ""3"": 8922, ""32"": 8, ""4"": 7134, ""42"": 1, ""5"": 4474, ""56"": 1, ""6"": 4935, ""64"": 12, ""7"": 2240, ""72"": 4, ""76"": 24, ""8"": 1932, ""9"": 757}",1,7,11,76
train,stratum,code,cpp,boundary_bpe,65536,249882,735578,735574,tokenizer_only,65536,0.3397102127046361,0.33970836539428856,2.9437014270735786,"{""1"": 133173, ""10"": 1679, ""11"": 830, ""12"": 394, ""13"": 709, ""14"": 833, ""15"": 679, ""16"": 304, ""17"": 754, ""18"": 350, ""19"": 101, ""2"": 33819, ""20"": 174, ""21"": 133, ""22"": 110, ""23"": 300, ""24"": 75, ""25"": 140, ""27"": 1, ""28"": 30, ""29"": 237, ""3"": 19630, ""30"": 305, ""31"": 203, ""32"": 243, ""4"": 14904, ""42"": 2, ""46"": 48, ""47"": 178, ""5"": 10380, ""6"": 14777, ""62"": 226, ""64"": 9, ""7"": 7943, ""72"": 6, ""8"": 3641, ""80"": 39, ""9"": 2523}",1,8,19,80
train,stratum,code,go,boundary_bpe,65536,196827,514454,514451,tokenizer_only,65536,0.38259620449761006,0.3825939734164765,2.6137369364975336,"{""1"": 108607, ""10"": 1035, ""11"": 814, ""12"": 599, ""13"": 292, ""14"": 267, ""15"": 107, ""16"": 101, ""17"": 184, ""18"": 53, ""19"": 1, ""2"": 21717, ""20"": 91, ""22"": 71, ""23"": 67, ""25"": 7, ""27"": 56, ""3"": 16338, ""4"": 13727, ""42"": 8, ""5"": 9364, ""6"": 9318, ""7"": 6971, ""8"": 4616, ""9"": 2416}",1,8,11,42
train,stratum,code,java,boundary_bpe,65536,79633,175539,174303,tokenizer_only,65536,0.45686534368312653,0.4536484769766263,2.2043499554204917,"{""1"": 55034, ""10"": 506, ""11"": 264, ""12"": 39, ""13"": 99, ""14"": 197, ""15"": 54, ""16"": 16, ""17"": 75, ""18"": 22, ""2"": 4969, ""20"": 54, ""22"": 33, ""26"": 29, ""3"": 4234, ""4"": 4328, ""42"": 4, ""5"": 2748, ""6"": 2887, ""64"": 2, ""7"": 1737, ""72"": 2, ""8"": 1582, ""9"": 718}",1,7,11,72
train,stratum,code,javascript,boundary_bpe,65536,48769,112471,110533,tokenizer_only,65536,0.4412166502311527,0.43361399827511093,2.3061986097726015,"{""1"": 26744, ""10"": 168, ""11"": 87, ""12"": 18, ""13"": 33, ""14"": 22, ""15"": 4, ""16"": 103, ""18"": 3, ""19"": 1, ""2"": 9398, ""21"": 9, ""22"": 38, ""23"": 70, ""25"": 55, ""26"": 2, ""3"": 4195, ""31"": 60, ""4"": 2408, ""5"": 1638, ""6"": 1887, ""7"": 1016, ""8"": 493, ""9"": 317}",1,7,11,31
train,stratum,code,python,boundary_bpe,65536,89661,193153,192883,tokenizer_only,65536,0.46484656501609783,0.46419677664856357,2.1542588193305896,"{""1"": 60081, ""10"": 324, ""11"": 351, ""12"": 40, ""13"": 13, ""14"": 35, ""15"": 52, ""16"": 26, ""17"": 1, ""19"": 2, ""2"": 7094, ""24"": 1, ""3"": 5182, ""32"": 18, ""4"": 4604, ""42"": 2, ""48"": 2, ""5"": 4056, ""6"": 3475, ""64"": 11, ""7"": 2332, ""72"": 1, ""8"": 1201, ""9"": 757}",1,7,9,72
train,stratum,code,rust,boundary_bpe,65536,199490,405448,405437,tokenizer_only,65536,0.4920369872507936,0.49202363804976224,2.0324226778284626,"{""1"": 135101, ""10"": 589, ""11"": 763, ""12"": 303, ""13"": 183, ""14"": 92, ""15"": 61, ""16"": 86, ""17"": 55, ""19"": 45, ""2"": 17439, ""23"": 61, ""3"": 15008, ""4"": 9686, ""42"": 3, ""5"": 7390, ""6"": 5541, ""64"": 7, ""7"": 3939, ""8"": 1954, ""9"": 1184}",1,6,10,64
train,stratum,code,sql,boundary_bpe,65536,354728,962820,962198,tokenizer_only,65536,0.3686642458205068,0.3684260817182859,2.714248663764913,"{""1"": 149351, ""10"": 4291, ""11"": 1375, ""12"": 1344, ""13"": 1570, ""14"": 762, ""15"": 596, ""16"": 364, ""17"": 160, ""18"": 163, ""19"": 320, ""2"": 87189, ""20"": 333, ""24"": 17, ""27"": 174, ""3"": 44094, ""4"": 19601, ""43"": 112, ""48"": 2, ""5"": 14080, ""56"": 27, ""6"": 10473, ""64"": 1, ""7"": 7783, ""8"": 4221, ""9"": 6325}",2,9,13,64
train,stratum,code,typescript,boundary_bpe,65536,355868,734901,727952,tokenizer_only,65536,0.4888619029826142,0.4842393737387757,2.0650943608304204,"{""1"": 260122, ""10"": 2539, ""11"": 1009, ""12"": 488, ""13"": 1597, ""14"": 1259, ""15"": 452, ""16"": 387, ""17"": 187, ""18"": 195, ""19"": 2, ""2"": 27396, ""20"": 87, ""21"": 143, ""23"": 44, ""26"": 20, ""3"": 17687, ""30"": 99, ""32"": 12, ""36"": 61, ""4"": 11467, ""42"": 2, ""48"": 19, ""5"": 9048, ""56"": 15, ""6"": 7984, ""66"": 2, ""69"": 42, ""7"": 4640, ""72"": 38, ""8"": 3849, ""9"": 4976}",1,7,13,72
train,stratum,cyrillic_african,am,boundary_bpe,65536,99278,390552,158149,tokenizer_only,65536,0.6277497802705044,0.2541991847436449,3.9339229235077258,"{""1"": 31105, ""10"": 4, ""11"": 87, ""12"": 2445, ""13"": 1, ""14"": 10, ""15"": 753, ""18"": 275, ""2"": 1339, ""21"": 21, ""24"": 13, ""3"": 30589, ""4"": 499, ""5"": 404, ""6"": 23891, ""7"": 98, ""8"": 230, ""9"": 7514}",3,9,15,24
train,stratum,cyrillic_african,bg,boundary_bpe,65536,64913,249242,140975,tokenizer_only,65536,0.4604575279304841,0.26044165911042283,3.839631506786006,"{""1"": 23314, ""10"": 2622, ""11"": 17, ""12"": 1221, ""14"": 497, ""16"": 258, ""17"": 2, ""18"": 121, ""2"": 6594, ""20"": 38, ""22"": 12, ""3"": 1630, ""4"": 14596, ""5"": 1155, ""6"": 7131, ""7"": 235, ""8"": 5351, ""9"": 119}",4,10,14,22
train,stratum,cyrillic_african,ru,boundary_bpe,65536,56217,231855,128599,tokenizer_only,65536,0.4371495890325741,0.2424661965452546,4.12428624793212,"{""1"": 18568, ""10"": 2684, ""11"": 21, ""12"": 1310, ""13"": 43, ""14"": 517, ""15"": 3, ""16"": 277, ""17"": 2, ""18"": 118, ""2"": 6142, ""20"": 49, ""22"": 23, ""24"": 8, ""26"": 5, ""3"": 1256, ""4"": 11124, ""5"": 863, ""6"": 8024, ""7"": 271, ""8"": 4829, ""9"": 80}",4,10,14,26
train,stratum,cyrillic_african,sw,boundary_bpe,65536,119771,302851,302208,tokenizer_only,65536,0.3963197532825074,0.3954783045127802,2.528583713920732,"{""1"": 51544, ""10"": 295, ""11"": 169, ""12"": 83, ""13"": 128, ""18"": 1, ""2"": 22527, ""3"": 16429, ""4"": 11744, ""5"": 6309, ""6"": 5922, ""7"": 2311, ""8"": 1532, ""9"": 777}",2,6,9,18
train,stratum,cyrillic_african,uk,boundary_bpe,65536,46000,184724,102382,tokenizer_only,65536,0.44929772811627045,0.2490201598059808,4.015739130434783,"{""1"": 14936, ""10"": 1993, ""11"": 6, ""12"": 1035, ""14"": 382, ""15"": 9, ""16"": 188, ""18"": 84, ""2"": 5362, ""20"": 16, ""22"": 11, ""24"": 7, ""3"": 1068, ""4"": 10000, ""5"": 700, ""6"": 6132, ""7"": 211, ""8"": 3798, ""9"": 62}",4,10,14,24
train,stratum,cyrillic_african,yo,boundary_bpe,65536,57347,145693,125826,tokenizer_only,65536,0.45576430944319934,0.39361534184895636,2.540551380194256,"{""1"": 28006, ""10"": 302, ""11"": 245, ""12"": 57, ""13"": 88, ""14"": 26, ""15"": 66, ""16"": 8, ""18"": 3, ""2"": 8472, ""3"": 6599, ""4"": 5518, ""5"": 2152, ""6"": 3169, ""7"": 1544, ""8"": 615, ""9"": 477}",2,7,10,18
train,stratum,indic_cjk_arabic,ar,boundary_bpe,65536,61929,215273,120548,tokenizer_only,65536,0.5137289710322859,0.2876765781124433,3.4761258860953674,"{""1"": 20833, ""10"": 1301, ""12"": 405, ""13"": 2, ""14"": 208, ""16"": 77, ""18"": 32, ""2"": 8587, ""20"": 3, ""3"": 714, ""4"": 16329, ""5"": 236, ""6"": 9807, ""7"": 67, ""8"": 3311, ""9"": 17}",4,8,12,20
train,stratum,indic_cjk_arabic,bn,boundary_bpe,65536,51191,278982,106840,tokenizer_only,65536,0.4791370273305878,0.18349212493996028,5.449825164579711,"{""1"": 16605, ""10"": 41, ""11"": 17, ""12"": 3884, ""13"": 24, ""14"": 14, ""15"": 1652, ""16"": 2, ""17"": 8, ""18"": 796, ""2"": 450, ""21"": 454, ""24"": 182, ""27"": 33, ""3"": 8161, ""30"": 26, ""36"": 1, ""39"": 21, ""4"": 208, ""5"": 231, ""6"": 11196, ""7"": 106, ""8"": 39, ""9"": 7040}",5,15,21,39
train,stratum,indic_cjk_arabic,fa,boundary_bpe,65536,54267,198737,111850,tokenizer_only,65536,0.48517657577112205,0.27305936992105145,3.662207234599296,"{""1"": 21979, ""10"": 2124, ""11"": 107, ""12"": 628, ""13"": 36, ""14"": 433, ""15"": 39, ""16"": 20, ""17"": 19, ""18"": 4, ""19"": 8, ""2"": 5121, ""20"": 1, ""25"": 49, ""3"": 544, ""4"": 11239, ""5"": 198, ""6"": 6937, ""7"": 432, ""8"": 4029, ""9"": 320}",3,10,14,25
train,stratum,indic_cjk_arabic,gu,boundary_bpe,65536,54879,266235,106404,tokenizer_only,65536,0.515760685688508,0.20612992281255282,4.8513092439731045,"{""1"": 19245, ""10"": 139, ""11"": 3, ""12"": 2930, ""13"": 51, ""15"": 1236, ""16"": 1, ""18"": 621, ""2"": 764, ""21"": 193, ""24"": 76, ""27"": 3, ""3"": 8399, ""4"": 263, ""5"": 110, ""6"": 13584, ""7"": 544, ""8"": 40, ""9"": 6677}",3,12,18,27
train,stratum,indic_cjk_arabic,hi,boundary_bpe,65536,70608,342710,137684,tokenizer_only,65536,0.5128264722117312,0.20602842053047765,4.853699297530025,"{""1"": 27917, ""10"": 214, ""11"": 63, ""12"": 5078, ""13"": 6, ""14"": 37, ""15"": 1464, ""18"": 624, ""2"": 779, ""20"": 4, ""21"": 251, ""24"": 67, ""27"": 34, ""3"": 6793, ""30"": 15, ""33"": 2, ""4"": 315, ""5"": 193, ""6"": 18386, ""7"": 448, ""8"": 33, ""9"": 7885}",3,12,18,33
train,stratum,indic_cjk_arabic,ja,boundary_bpe,65536,84177,318463,134867,tokenizer_only,65536,0.6241482349277436,0.26432269996828517,3.783254333131378,"{""1"": 15546, ""10"": 33, ""11"": 8, ""12"": 1650, ""13"": 1, ""15"": 636, ""16"": 1, ""17"": 12, ""18"": 286, ""2"": 5707, ""21"": 50, ""24"": 21, ""3"": 39496, ""4"": 1023, ""5"": 406, ""6"": 14241, ""7"": 363, ""8"": 60, ""9"": 4637}",3,9,15,24
train,stratum,indic_cjk_arabic,kn,boundary_bpe,65536,84604,457719,180531,tokenizer_only,65536,0.46863973500396056,0.1848382959850913,5.4101342726112245,"{""1"": 26040, ""10"": 315, ""11"": 2, ""12"": 6450, ""13"": 130, ""15"": 3432, ""16"": 63, ""18"": 1454, ""19"": 160, ""2"": 3907, ""21"": 409, ""22"": 97, ""24"": 114, ""25"": 47, ""27"": 50, ""28"": 13, ""3"": 13525, ""30"": 8, ""33"": 5, ""36"": 9, ""4"": 372, ""42"": 76, ""5"": 112, ""6"": 17485, ""7"": 410, ""8"": 40, ""9"": 9879}",3,15,19,42
train,stratum,indic_cjk_arabic,ko,boundary_bpe,65536,64261,201183,86266,tokenizer_only,65536,0.7449168849836552,0.31941565639243874,3.1307169200603786,"{""1"": 21200, ""10"": 252, ""11"": 3, ""12"": 507, ""13"": 77, ""15"": 51, ""16"": 9, ""2"": 962, ""3"": 27561, ""4"": 575, ""5"": 121, ""6"": 11276, ""7"": 358, ""8"": 19, ""9"": 1290}",3,6,12,16
train,stratum,indic_cjk_arabic,ml,boundary_bpe,65536,31241,188704,72486,tokenizer_only,65536,0.4309935711723643,0.16555557910802102,6.040267597067955,"{""1"": 7978, ""10"": 29, ""12"": 2782, ""13"": 74, ""15"": 1491, ""16"": 31, ""18"": 709, ""19"": 31, ""2"": 659, ""21"": 424, ""22"": 4, ""24"": 92, ""25"": 3, ""27"": 82, ""28"": 15, ""3"": 5961, ""30"": 6, ""33"": 4, ""34"": 5, ""4"": 394, ""5"": 143, ""6"": 6199, ""7"": 149, ""8"": 26, ""9"": 3950}",6,15,21,34
train,stratum,indic_cjk_arabic,mr,boundary_bpe,65536,65616,362338,142528,tokenizer_only,65536,0.46037269869779973,0.18109058392992178,5.522098268714948,"{""1"": 22072, ""10"": 398, ""11"": 52, ""12"": 4893, ""13"": 271, ""15"": 1864, ""16"": 20, ""18"": 1587, ""2"": 724, ""21"": 499, ""24"": 308, ""27"": 83, ""3"": 8474, ""30"": 22, ""33"": 19, ""36"": 5, ""4"": 419, ""5"": 159, ""6"": 15752, ""7"": 353, ""8"": 52, ""9"": 7590}",6,15,21,36
train,stratum,indic_cjk_arabic,ta,boundary_bpe,65536,37276,239341,90715,tokenizer_only,65536,0.4109132998952764,0.1557443145971647,6.420780126623028,"{""1"": 10731, ""10"": 206, ""11"": 2, ""12"": 3882, ""13"": 38, ""15"": 1867, ""16"": 63, ""18"": 1136, ""19"": 30, ""2"": 461, ""21"": 508, ""22"": 5, ""24"": 224, ""25"": 20, ""27"": 86, ""3"": 4648, ""30"": 9, ""33"": 5, ""39"": 3, ""4"": 256, ""5"": 97, ""6"": 7632, ""7"": 281, ""8"": 17, ""9"": 5069}",6,18,21,39
train,stratum,indic_cjk_arabic,te,boundary_bpe,65536,53126,300203,115621,tokenizer_only,65536,0.4594840037709413,0.17696691905144185,5.650773632496329,"{""1"": 15450, ""10"": 148, ""11"": 7, ""12"": 4471, ""13"": 65, ""15"": 1602, ""16"": 84, ""18"": 1023, ""19"": 96, ""2"": 893, ""21"": 229, ""22"": 105, ""24"": 195, ""25"": 29, ""27"": 154, ""3"": 7598, ""30"": 4, ""31"": 7, ""4"": 291, ""5"": 128, ""6"": 14848, ""7"": 332, ""8"": 31, ""9"": 5336}",6,15,21,31
train,stratum,indic_cjk_arabic,ur,boundary_bpe,65536,126255,430336,244935,tokenizer_only,65536,0.5154632861779656,0.2933870278108269,3.408466991406281,"{""1"": 52915, ""10"": 3133, ""11"": 4, ""12"": 1006, ""13"": 2, ""14"": 391, ""16"": 27, ""19"": 3, ""2"": 10762, ""3"": 753, ""4"": 29240, ""5"": 190, ""6"": 18128, ""7"": 105, ""8"": 9574, ""9"": 22}",2,8,12,19
train,stratum,indic_cjk_arabic,zh,boundary_bpe,65536,143649,612143,250435,tokenizer_only,65536,0.5735979395851218,0.23466575620402422,4.261380169719247,"{""1"": 27870, ""10"": 1195, ""11"": 230, ""12"": 3750, ""13"": 636, ""14"": 126, ""15"": 1602, ""16"": 112, ""17"": 33, ""18"": 868, ""19"": 277, ""2"": 5211, ""21"": 1024, ""24"": 282, ""3"": 62634, ""33"": 56, ""4"": 2563, ""5"": 459, ""6"": 27730, ""7"": 693, ""8"": 1413, ""9"": 4885}",3,12,19,33
train,stratum,latin_english,en,boundary_bpe,65536,47693,128943,128062,tokenizer_only,65536,0.37242117099529914,0.3698766121464523,2.703604302518189,"{""1"": 22798, ""10"": 356, ""11"": 168, ""12"": 67, ""13"": 38, ""14"": 7, ""15"": 3, ""2"": 5345, ""3"": 6154, ""4"": 4652, ""5"": 2706, ""6"": 2146, ""7"": 1579, ""8"": 989, ""9"": 685}",2,7,10,15
validation,stratum,flores200,am,boundary_bpe,65536,27711,109651,42703,tokenizer_only,65536,0.648923963187598,0.25271999343371243,3.9569485042041066,"{""1"": 8212, ""10"": 1, ""11"": 4, ""12"": 696, ""15"": 173, ""18"": 54, ""2"": 193, ""21"": 6, ""3"": 9272, ""4"": 43, ""5"": 11, ""6"": 6829, ""7"": 7, ""8"": 2, ""9"": 2208}",3,9,12,21
validation,stratum,flores200,ar,boundary_bpe,65536,28571,99690,54980,tokenizer_only,65536,0.519661695161877,0.28659845521115457,3.4892023380350707,"{""1"": 9417, ""10"": 548, ""12"": 172, ""14"": 69, ""16"": 27, ""18"": 9, ""2"": 3999, ""20"": 2, ""3"": 171, ""4"": 7735, ""5"": 93, ""6"": 4709, ""7"": 2, ""8"": 1617, ""9"": 1}",4,8,10,20
validation,stratum,flores200,bg,boundary_bpe,65536,28860,114709,63267,tokenizer_only,65536,0.45616198017924037,0.2515931618268837,3.9746708246708247,"{""1"": 10025, ""10"": 1323, ""11"": 3, ""12"": 531, ""14"": 189, ""15"": 1, ""16"": 146, ""17"": 1, ""18"": 40, ""2"": 2610, ""20"": 21, ""22"": 1, ""3"": 434, ""4"": 6920, ""5"": 563, ""6"": 3257, ""7"": 95, ""8"": 2651, ""9"": 49}",4,10,14,22
validation,stratum,flores200,bn,boundary_bpe,65536,28715,160235,59847,tokenizer_only,65536,0.4798068407773155,0.17920554186039256,5.580184572523072,"{""1"": 9083, ""10"": 16, ""12"": 2487, ""13"": 1, ""15"": 1007, ""18"": 391, ""2"": 125, ""21"": 250, ""24"": 104, ""27"": 12, ""3"": 4548, ""30"": 2, ""36"": 5, ""39"": 2, ""4"": 36, ""5"": 1, ""6"": 6380, ""7"": 52, ""9"": 4213}",6,15,21,39
validation,stratum,flores200,fa,boundary_bpe,65536,30815,114142,63254,tokenizer_only,65536,0.48716286717045565,0.26997073820329065,3.7041051435988965,"{""1"": 11642, ""10"": 1032, ""11"": 98, ""12"": 297, ""13"": 51, ""14"": 128, ""15"": 27, ""16"": 15, ""17"": 13, ""18"": 5, ""19"": 4, ""2"": 2985, ""25"": 1, ""3"": 332, ""4"": 6893, ""5"": 176, ""6"": 4066, ""7"": 507, ""8"": 2224, ""9"": 319}",4,10,12,25
validation,stratum,flores200,gu,boundary_bpe,65536,28723,144544,55214,tokenizer_only,65536,0.5202122650052523,0.19871457825990702,5.032343418166626,"{""1"": 9354, ""10"": 98, ""12"": 1617, ""13"": 30, ""15"": 687, ""16"": 2, ""18"": 261, ""2"": 192, ""21"": 143, ""24"": 15, ""27"": 4, ""3"": 4583, ""4"": 29, ""5"": 2, ""6"": 7679, ""7"": 332, ""8"": 2, ""9"": 3693}",6,12,18,27
validation,stratum,flores200,hi,boundary_bpe,65536,30155,148664,57809,tokenizer_only,65536,0.5216315798578076,0.2028399612549104,4.929995025700547,"{""1"": 11343, ""10"": 132, ""12"": 1988, ""13"": 1, ""15"": 556, ""18"": 226, ""2"": 110, ""21"": 137, ""24"": 66, ""27"": 14, ""3"": 3110, ""30"": 5, ""33"": 1, ""4"": 61, ""5"": 5, ""6"": 8705, ""7"": 301, ""9"": 3394}",6,12,18,33
validation,stratum,flores200,ja,boundary_bpe,65536,18873,79352,27145,tokenizer_only,65536,0.6952661631976423,0.2378389958665188,4.204524982779632,"{""1"": 324, ""12"": 410, ""15"": 95, ""18"": 63, ""2"": 176, ""3"": 12822, ""4"": 58, ""5"": 6, ""6"": 3930, ""7"": 6, ""9"": 983}",3,9,12,18
validation,stratum,flores200,kn,boundary_bpe,65536,30840,183479,67713,tokenizer_only,65536,0.45545168579150236,0.16808463093869053,5.949383916990921,"{""1"": 8471, ""10"": 118, ""12"": 2492, ""13"": 53, ""15"": 1617, ""16"": 73, ""18"": 649, ""19"": 90, ""2"": 178, ""21"": 161, ""22"": 67, ""24"": 36, ""25"": 19, ""27"": 1, ""28"": 6, ""3"": 5083, ""4"": 61, ""5"": 6, ""6"": 7494, ""7"": 148, ""8"": 1, ""9"": 4016}",6,15,19,28
validation,stratum,flores200,ko,boundary_bpe,65536,24790,77684,32348,tokenizer_only,65536,0.7663534067021145,0.31911333093043615,3.1336829366680115,"{""1"": 7585, ""10"": 197, ""12"": 15, ""13"": 131, ""15"": 1, ""16"": 11, ""2"": 304, ""3"": 11630, ""4"": 180, ""5"": 15, ""6"": 4075, ""7"": 249, ""8"": 4, ""9"": 393}",3,6,10,16
validation,stratum,flores200,ml,boundary_bpe,65536,31595,200492,72763,tokenizer_only,65536,0.43421794043676043,0.15758733515551743,6.345687608798861,"{""1"": 7660, ""10"": 24, ""12"": 2937, ""13"": 110, ""15"": 1635, ""16"": 87, ""18"": 803, ""19"": 50, ""2"": 179, ""21"": 336, ""24"": 158, ""25"": 13, ""27"": 107, ""28"": 31, ""3"": 6241, ""30"": 13, ""33"": 8, ""34"": 1, ""4"": 114, ""5"": 4, ""6"": 6715, ""7"": 94, ""8"": 1, ""9"": 4274}",6,16,24,34
validation,stratum,flores200,mr,boundary_bpe,65536,29632,171557,64243,tokenizer_only,65536,0.4612486963560232,0.17272393431920585,5.789585583153348,"{""1"": 9343, ""10"": 182, ""12"": 2408, ""13"": 164, ""15"": 912, ""16"": 9, ""18"": 773, ""2"": 195, ""21"": 218, ""24"": 190, ""27"": 47, ""3"": 3759, ""30"": 19, ""36"": 2, ""4"": 91, ""5"": 2, ""6"": 7668, ""7"": 160, ""9"": 3490}",6,15,21,36
validation,stratum,flores200,ru,boundary_bpe,65536,29948,124729,68235,tokenizer_only,65536,0.43889499523704845,0.2401045466571527,4.164852410845466,"{""1"": 9666, ""10"": 1457, ""11"": 14, ""12"": 749, ""14"": 301, ""15"": 2, ""16"": 147, ""17"": 3, ""18"": 58, ""2"": 3486, ""20"": 51, ""22"": 8, ""24"": 2, ""26"": 3, ""3"": 509, ""4"": 6001, ""5"": 419, ""6"": 4394, ""7"": 120, ""8"": 2486, ""9"": 72}",4,10,14,26
validation,stratum,flores200,sw,boundary_bpe,65536,27260,66996,66926,tokenizer_only,65536,0.40731554253952124,0.4068899635799152,2.4576669112252385,"{""1"": 11324, ""10"": 23, ""11"": 15, ""2"": 5379, ""3"": 4359, ""4"": 2675, ""5"": 1378, ""6"": 1292, ""7"": 498, ""8"": 239, ""9"": 78}",2,6,8,11
validation,stratum,flores200,ta,boundary_bpe,65536,29840,197234,72334,tokenizer_only,65536,0.4125307600851605,0.1512923735258627,6.609718498659517,"{""1"": 8290, ""10"": 192, ""12"": 2818, ""13"": 59, ""15"": 1552, ""16"": 58, ""18"": 908, ""19"": 34, ""2"": 224, ""21"": 530, ""22"": 1, ""24"": 154, ""25"": 24, ""27"": 103, ""3"": 3608, ""30"": 13, ""33"": 5, ""4"": 85, ""5"": 5, ""6"": 6426, ""7"": 245, ""8"": 3, ""9"": 4503}",6,18,24,33
validation,stratum,flores200,te,boundary_bpe,65536,29650,169259,63608,tokenizer_only,65536,0.4661363350521947,0.1751753230256589,5.708566610455312,"{""1"": 8537, ""10"": 132, ""12"": 2461, ""13"": 48, ""15"": 979, ""16"": 86, ""18"": 564, ""19"": 58, ""2"": 333, ""21"": 129, ""22"": 71, ""24"": 75, ""25"": 5, ""27"": 31, ""3"": 4110, ""30"": 3, ""31"": 4, ""4"": 84, ""5"": 26, ""6"": 8585, ""7"": 121, ""8"": 7, ""9"": 3201}",6,15,21,31
validation,stratum,flores200,uk,boundary_bpe,65536,30362,120966,66197,tokenizer_only,65536,0.4586612686375516,0.2509961476778599,3.9841248929583033,"{""1"": 9691, ""10"": 1311, ""11"": 14, ""12"": 515, ""14"": 190, ""15"": 4, ""16"": 97, ""18"": 30, ""2"": 3257, ""20"": 8, ""22"": 12, ""24"": 2, ""3"": 529, ""4"": 7219, ""5"": 464, ""6"": 4427, ""7"": 94, ""8"": 2452, ""9"": 46}",4,10,14,24
validation,stratum,flores200,ur,boundary_bpe,65536,33232,112125,62990,tokenizer_only,65536,0.5275758056834419,0.2963835005574136,3.3740069812229176,"{""1"": 13235, ""10"": 779, ""12"": 192, ""14"": 58, ""16"": 9, ""2"": 3149, ""3"": 93, ""4"": 8719, ""5"": 4, ""6"": 4792, ""7"": 1, ""8"": 2201}",4,8,10,16
validation,stratum,flores200,yo,boundary_bpe,65536,35363,79356,59988,tokenizer_only,65536,0.5895012335800494,0.4456247794747719,2.2440403811893788,"{""1"": 14798, ""10"": 8, ""11"": 4, ""13"": 2, ""14"": 1, ""15"": 1, ""2"": 8370, ""3"": 6787, ""4"": 2485, ""5"": 1161, ""6"": 932, ""7"": 654, ""8"": 77, ""9"": 83}",2,5,7,15
validation,stratum,flores200,zh,boundary_bpe,65536,17579,56546,21068,tokenizer_only,65536,0.834393392823239,0.31087963781699857,3.216678991979066,"{""1"": 1334, ""10"": 1, ""11"": 1, ""2"": 389, ""3"": 13350, ""4"": 403, ""5"": 22, ""6"": 2006, ""7"": 25, ""8"": 2, ""9"": 46}",3,6,6,11
train,stratum,code,c,uniq_superbpe,16384,131775,269690,269687,tokenizer_only,16384,0.48862199512768506,0.48861655975379137,2.046594574084614,"{""1"": 81442, ""10"": 393, ""11"": 148, ""12"": 179, ""13"": 88, ""14"": 124, ""15"": 79, ""16"": 430, ""2"": 17044, ""3"": 13776, ""4"": 7482, ""5"": 4021, ""6"": 3519, ""7"": 1675, ""8"": 1066, ""9"": 309}",1,6,10,16
train,stratum,code,cpp,uniq_superbpe,16384,348113,735578,735574,tokenizer_only,16384,0.47325354077224047,0.47325096726655774,2.113043753034216,"{""1"": 216184, ""10"": 401, ""11"": 1713, ""12"": 737, ""13"": 852, ""14"": 202, ""15"": 565, ""16"": 2957, ""2"": 49822, ""3"": 32770, ""4"": 16647, ""5"": 9183, ""6"": 9078, ""7"": 3981, ""8"": 1975, ""9"": 1046}",1,6,15,16
train,stratum,code,go,uniq_superbpe,16384,223368,514454,514451,tokenizer_only,16384,0.434187123749395,0.4341845918196768,2.3031678664804267,"{""1"": 111514, ""10"": 585, ""11"": 226, ""12"": 119, ""13"": 247, ""14"": 176, ""15"": 42, ""16"": 240, ""2"": 33423, ""3"": 35775, ""4"": 19213, ""5"": 9439, ""6"": 5502, ""7"": 3860, ""8"": 2282, ""9"": 725}",2,6,9,16
train,stratum,code,java,uniq_superbpe,16384,66142,175539,174303,tokenizer_only,16384,0.37946564316162085,0.3767937609306194,2.6539717577333617,"{""1"": 34936, ""10"": 257, ""11"": 433, ""12"": 442, ""13"": 540, ""14"": 80, ""15"": 227, ""16"": 1091, ""2"": 8248, ""3"": 9748, ""4"": 4443, ""5"": 1914, ""6"": 1793, ""7"": 1135, ""8"": 515, ""9"": 340}",1,9,16,16
train,stratum,code,javascript,uniq_superbpe,16384,52880,112471,110533,tokenizer_only,16384,0.4784091628744357,0.47016564269900685,2.126909984871407,"{""1"": 29152, ""10"": 294, ""11"": 135, ""12"": 100, ""13"": 64, ""14"": 57, ""15"": 72, ""16"": 112, ""2"": 10633, ""3"": 6062, ""4"": 2120, ""5"": 1558, ""6"": 1133, ""7"": 616, ""8"": 588, ""9"": 184}",1,6,11,16
train,stratum,code,python,uniq_superbpe,16384,71151,193153,192883,tokenizer_only,16384,0.36888165364495573,0.3683660103648403,2.7146912903543168,"{""1"": 33415, ""10"": 614, ""11"": 307, ""12"": 93, ""13"": 140, ""14"": 391, ""15"": 133, ""16"": 742, ""2"": 10011, ""3"": 10875, ""4"": 6236, ""5"": 3479, ""6"": 1925, ""7"": 1579, ""8"": 544, ""9"": 667}",2,8,16,16
train,stratum,code,rust,uniq_superbpe,16384,161001,405448,405437,tokenizer_only,16384,0.3971048522951778,0.3970940786488033,2.5182949174228733,"{""1"": 88540, ""10"": 858, ""11"": 789, ""12"": 798, ""13"": 312, ""14"": 545, ""15"": 748, ""16"": 1942, ""2"": 20110, ""3"": 20640, ""4"": 10841, ""5"": 5915, ""6"": 4490, ""7"": 2235, ""8"": 1711, ""9"": 527}",1,8,16,16
train,stratum,code,sql,uniq_superbpe,16384,382481,962820,962198,tokenizer_only,16384,0.3975075815996292,0.39725078415487836,2.5173015130163328,"{""1"": 195301, ""10"": 2665, ""11"": 1403, ""12"": 2770, ""13"": 5229, ""14"": 2533, ""15"": 974, ""16"": 1624, ""2"": 79641, ""3"": 40635, ""4"": 22815, ""5"": 9826, ""6"": 5198, ""7"": 2715, ""8"": 5975, ""9"": 3177}",1,9,14,16
train,stratum,code,typescript,uniq_superbpe,16384,268718,734901,727952,tokenizer_only,16384,0.36914247093214936,0.3656519721704012,2.734840985717369,"{""1"": 150768, ""10"": 2219, ""11"": 6388, ""12"": 703, ""13"": 1630, ""14"": 3203, ""15"": 2372, ""16"": 2214, ""2"": 35153, ""3"": 25824, ""4"": 17256, ""5"": 7294, ""6"": 7252, ""7"": 2885, ""8"": 2789, ""9"": 768}",1,11,15,16
train,stratum,cyrillic_african,am,uniq_superbpe,16384,111736,390552,158149,tokenizer_only,16384,0.7065235948377796,0.28609762592433274,3.4953103744540703,"{""1"": 12391, ""10"": 1632, ""11"": 56, ""13"": 78, ""2"": 1781, ""3"": 66807, ""4"": 13009, ""5"": 55, ""6"": 8300, ""7"": 7262, ""8"": 2, ""9"": 363}",3,7,10,13
train,stratum,cyrillic_african,bg,uniq_superbpe,16384,61367,249242,140975,tokenizer_only,16384,0.43530413193828693,0.24621452243201386,4.0614988511740835,"{""1"": 8133, ""10"": 428, ""11"": 345, ""12"": 91, ""13"": 134, ""14"": 55, ""15"": 18, ""17"": 42, ""18"": 62, ""2"": 9250, ""3"": 5459, ""4"": 16546, ""5"": 8192, ""6"": 7208, ""7"": 2253, ""8"": 2069, ""9"": 1082}",4,8,11,18
train,stratum,cyrillic_african,ru,uniq_superbpe,16384,56814,231855,128599,tokenizer_only,16384,0.4417919268423549,0.24504108171055186,4.080948357799134,"{""1"": 6617, ""10"": 520, ""11"": 367, ""12"": 126, ""13"": 37, ""15"": 9, ""16"": 25, ""17"": 19, ""2"": 9911, ""3"": 4434, ""4"": 15648, ""5"": 5626, ""6"": 8171, ""7"": 2673, ""8"": 2112, ""9"": 519}",4,8,11,17
train,stratum,cyrillic_african,sw,uniq_superbpe,16384,134638,302851,302208,tokenizer_only,16384,0.445514347734011,0.44456845115254695,2.2493723911525723,"{""1"": 36702, ""10"": 129, ""11"": 28, ""12"": 25, ""2"": 46745, ""3"": 40869, ""4"": 5923, ""5"": 1927, ""6"": 1282, ""7"": 941, ""8"": 55, ""9"": 12}",2,4,6,12
train,stratum,cyrillic_african,uk,uniq_superbpe,16384,47871,184724,102382,tokenizer_only,16384,0.467572424840304,0.2591487841320023,3.8587871571515113,"{""1"": 5832, ""10"": 417, ""11"": 63, ""12"": 107, ""13"": 11, ""15"": 58, ""17"": 12, ""2"": 9879, ""3"": 3924, ""4"": 13521, ""5"": 4360, ""6"": 5862, ""7"": 1998, ""8"": 1487, ""9"": 340}",4,8,10,17
train,stratum,cyrillic_african,yo,uniq_superbpe,16384,58851,145693,125826,tokenizer_only,16384,0.46771732392351345,0.4039384184552449,2.475624883179555,"{""1"": 16343, ""10"": 100, ""11"": 275, ""12"": 36, ""13"": 10, ""14"": 5, ""15"": 38, ""17"": 24, ""2"": 17923, ""3"": 17332, ""4"": 2750, ""5"": 1715, ""6"": 964, ""7"": 526, ""8"": 458, ""9"": 352}",2,5,9,17
train,stratum,indic_cjk_arabic,ar,uniq_superbpe,16384,60326,215273,120548,tokenizer_only,16384,0.5004313634402894,0.2802302193029316,3.5684945131452444,"{""1"": 7705, ""11"": 56, ""12"": 65, ""13"": 2, ""15"": 3, ""2"": 14369, ""25"": 3, ""3"": 5162, ""4"": 19099, ""5"": 5619, ""6"": 2040, ""7"": 5288, ""8"": 180, ""9"": 735}",4,7,9,25
train,stratum,indic_cjk_arabic,bn,uniq_superbpe,16384,79632,278982,106840,tokenizer_only,16384,0.7453388244103332,0.2854377701787212,3.503390596745027,"{""1"": 30220, ""10"": 1772, ""12"": 163, ""13"": 406, ""16"": 218, ""19"": 36, ""2"": 768, ""20"": 34, ""3"": 20262, ""4"": 4369, ""5"": 51, ""6"": 14211, ""7"": 5228, ""8"": 5, ""9"": 1889}",3,9,12,20
train,stratum,indic_cjk_arabic,fa,uniq_superbpe,16384,51321,198737,111850,tokenizer_only,16384,0.4588377291014752,0.2582357588169289,3.872430389119464,"{""1"": 5515, ""10"": 106, ""11"": 223, ""12"": 209, ""13"": 12, ""14"": 74, ""15"": 61, ""2"": 10138, ""3"": 5007, ""4"": 13730, ""5"": 9277, ""6"": 2705, ""7"": 2819, ""8"": 476, ""9"": 969}",4,7,11,15
train,stratum,indic_cjk_arabic,gu,uniq_superbpe,16384,75605,266235,106404,tokenizer_only,16384,0.7105465959926318,0.28397844009991174,3.521394087692613,"{""1"": 28923, ""10"": 1187, ""11"": 1, ""12"": 64, ""13"": 204, ""14"": 53, ""16"": 38, ""17"": 104, ""19"": 98, ""2"": 1020, ""3"": 15663, ""4"": 6817, ""5"": 63, ""6"": 13323, ""7"": 5970, ""8"": 2, ""9"": 2075}",3,9,10,19
train,stratum,indic_cjk_arabic,hi,uniq_superbpe,16384,87984,342710,137684,tokenizer_only,16384,0.639028500043578,0.2567301800355986,3.8951400254591744,"{""1"": 31290, ""10"": 1758, ""11"": 2, ""12"": 98, ""13"": 842, ""14"": 122, ""15"": 1, ""16"": 259, ""17"": 224, ""19"": 56, ""2"": 981, ""22"": 25, ""23"": 95, ""3"": 17949, ""30"": 37, ""4"": 6323, ""5"": 43, ""6"": 13205, ""7"": 12747, ""8"": 6, ""9"": 1921}",3,9,13,30
train,stratum,indic_cjk_arabic,ja,uniq_superbpe,16384,110750,318463,134867,tokenizer_only,16384,0.8211793841339987,0.3477641044642549,2.875512415349887,"{""1"": 20650, ""10"": 55, ""12"": 230, ""2"": 5947, ""3"": 73404, ""4"": 1274, ""5"": 214, ""6"": 8167, ""7"": 19, ""8"": 14, ""9"": 776}",3,6,6,12
train,stratum,indic_cjk_arabic,kn,uniq_superbpe,16384,124634,457719,180531,tokenizer_only,16384,0.6903745063174745,0.27229369984641233,3.67250509491792,"{""1"": 40023, ""10"": 629, ""12"": 294, ""2"": 3870, ""3"": 25444, ""4"": 7947, ""5"": 103, ""6"": 37874, ""7"": 5894, ""8"": 3, ""9"": 2553}",3,7,9,12
train,stratum,indic_cjk_arabic,ko,uniq_superbpe,16384,65744,201183,86266,tokenizer_only,16384,0.7621078988245659,0.3267870545722054,3.060096738865904,"{""1"": 10283, ""10"": 123, ""12"": 99, ""2"": 1570, ""3"": 38291, ""4"": 11915, ""5"": 156, ""6"": 1968, ""7"": 882, ""8"": 66, ""9"": 391}",3,6,8,12
train,stratum,indic_cjk_arabic,ml,uniq_superbpe,16384,49779,188704,72486,tokenizer_only,16384,0.6867395083188478,0.26379409021536376,3.7908354928785233,"{""1"": 20161, ""10"": 209, ""11"": 1, ""12"": 2614, ""13"": 28, ""15"": 169, ""2"": 855, ""3"": 9500, ""4"": 3418, ""5"": 36, ""6"": 8136, ""7"": 1284, ""8"": 3, ""9"": 3365}",3,12,12,15
train,stratum,indic_cjk_arabic,mr,uniq_superbpe,16384,93443,362338,142528,tokenizer_only,16384,0.6556115289627301,0.25788904282741526,3.8776366340977924,"{""1"": 31792, ""10"": 1715, ""11"": 2, ""12"": 1610, ""13"": 447, ""15"": 89, ""16"": 313, ""19"": 60, ""2"": 1237, ""3"": 20902, ""4"": 5980, ""5"": 94, ""6"": 18327, ""7"": 8322, ""8"": 3, ""9"": 2550}",3,9,12,19
train,stratum,indic_cjk_arabic,ta,uniq_superbpe,16384,53671,239341,90715,tokenizer_only,16384,0.5916441602822025,0.2242449058038531,4.4594101097426915,"{""1"": 12361, ""10"": 1051, ""11"": 1, ""13"": 362, ""16"": 132, ""19"": 42, ""2"": 829, ""3"": 11559, ""4"": 700, ""5"": 57, ""6"": 20581, ""7"": 4013, ""8"": 1, ""9"": 1982}",6,9,11,19
train,stratum,indic_cjk_arabic,te,uniq_superbpe,16384,77892,300203,115621,tokenizer_only,16384,0.6736838463600903,0.2594644290696629,3.854092846505418,"{""1"": 26218, ""10"": 659, ""11"": 1, ""12"": 941, ""13"": 41, ""2"": 1284, ""3"": 13517, ""4"": 3865, ""5"": 50, ""6"": 25634, ""7"": 4105, ""8"": 2, ""9"": 1575}",3,7,12,13
train,stratum,indic_cjk_arabic,ur,uniq_superbpe,16384,107670,430336,244935,tokenizer_only,16384,0.4395860126155919,0.25019984384295063,3.9968050524751555,"{""1"": 10866, ""10"": 324, ""11"": 867, ""12"": 513, ""13"": 25, ""14"": 364, ""15"": 146, ""16"": 330, ""18"": 26, ""2"": 24789, ""20"": 28, ""21"": 123, ""3"": 9656, ""4"": 22990, ""5"": 22413, ""6"": 3174, ""7"": 8306, ""8"": 292, ""9"": 2438}",4,8,12,21
train,stratum,indic_cjk_arabic,zh,uniq_superbpe,16384,184903,612143,250435,tokenizer_only,16384,0.7383273104797652,0.3020585059373382,3.3106169180597393,"{""1"": 33224, ""10"": 1347, ""12"": 3775, ""13"": 234, ""2"": 8803, ""3"": 112180, ""4"": 857, ""5"": 152, ""6"": 17206, ""7"": 4287, ""8"": 14, ""9"": 2824}",3,7,12,13
train,stratum,latin_english,en,uniq_superbpe,16384,43336,128943,128062,tokenizer_only,16384,0.33839858818384844,0.33608648782795497,2.9754245892560456,"{""1"": 10446, ""10"": 150, ""11"": 57, ""12"": 36, ""13"": 7, ""14"": 3, ""16"": 3, ""2"": 8572, ""3"": 11329, ""4"": 5960, ""5"": 3315, ""6"": 1387, ""7"": 1057, ""8"": 636, ""9"": 378}",3,7,9,16
validation,stratum,flores200,am,uniq_superbpe,16384,29936,109651,42703,tokenizer_only,16384,0.701028030817507,0.2730116460406198,3.6628474078033135,"{""1"": 2028, ""10"": 486, ""11"": 28, ""13"": 12, ""2"": 217, ""3"": 18843, ""4"": 3548, ""5"": 7, ""6"": 2490, ""7"": 2162, ""9"": 115}",3,7,10,13
validation,stratum,flores200,ar,uniq_superbpe,16384,27226,99690,54980,tokenizer_only,16384,0.4951982539105129,0.2731066305547196,3.661573495923015,"{""1"": 2742, ""11"": 28, ""12"": 22, ""13"": 1, ""2"": 6626, ""25"": 6, ""3"": 2252, ""4"": 9126, ""5"": 2539, ""6"": 919, ""7"": 2554, ""8"": 85, ""9"": 326}",4,7,9,25
validation,stratum,flores200,bg,uniq_superbpe,16384,26953,114709,63267,tokenizer_only,16384,0.4260198839837514,0.23496848547193333,4.25588988238786,"{""1"": 2466, ""10"": 133, ""11"": 168, ""12"": 47, ""13"": 47, ""14"": 27, ""15"": 7, ""17"": 23, ""18"": 13, ""2"": 3969, ""3"": 2319, ""4"": 7775, ""5"": 3793, ""6"": 3518, ""7"": 1035, ""8"": 1048, ""9"": 565}",4,8,11,18
validation,stratum,flores200,bn,uniq_superbpe,16384,44886,160235,59847,tokenizer_only,16384,0.7500125319564891,0.28012606484226293,3.569821325134786,"{""1"": 17284, ""10"": 1075, ""12"": 106, ""13"": 367, ""16"": 153, ""19"": 30, ""2"": 166, ""20"": 23, ""3"": 11171, ""4"": 2268, ""5"": 1, ""6"": 8274, ""7"": 2799, ""9"": 1169}",3,9,13,20
validation,stratum,flores200,fa,uniq_superbpe,16384,28619,114142,63254,tokenizer_only,16384,0.4524456951339046,0.25073154491773403,3.9883294314965583,"{""1"": 2048, ""10"": 58, ""11"": 131, ""12"": 107, ""13"": 8, ""14"": 24, ""15"": 31, ""2"": 5650, ""3"": 3038, ""4"": 8223, ""5"": 5100, ""6"": 1783, ""7"": 1461, ""8"": 460, ""9"": 497}",4,7,11,15
validation,stratum,flores200,gu,uniq_superbpe,16384,41176,144544,55214,tokenizer_only,16384,0.745752888760097,0.2848682754040292,3.51039440450748,"{""1"": 16470, ""10"": 729, ""12"": 17, ""13"": 163, ""14"": 23, ""16"": 23, ""17"": 84, ""19"": 73, ""2"": 171, ""3"": 8866, ""4"": 3053, ""6"": 7278, ""7"": 2949, ""9"": 1277}",3,9,10,19
validation,stratum,flores200,hi,uniq_superbpe,16384,38649,148664,57809,tokenizer_only,16384,0.6685637184521441,0.25997551525587903,3.846516080623043,"{""1"": 14579, ""10"": 806, ""12"": 39, ""13"": 392, ""14"": 37, ""16"": 131, ""17"": 112, ""19"": 9, ""2"": 130, ""22"": 6, ""23"": 53, ""3"": 7865, ""30"": 18, ""4"": 2589, ""5"": 10, ""6"": 5575, ""7"": 5256, ""9"": 1042}",3,9,13,30
validation,stratum,flores200,ja,uniq_superbpe,16384,24460,79352,27145,tokenizer_only,16384,0.9010867563087125,0.30824679907248714,3.2441537203597712,"{""1"": 592, ""12"": 85, ""2"": 143, ""3"": 21536, ""4"": 7, ""5"": 1, ""6"": 2017, ""9"": 79}",3,6,6,12
validation,stratum,flores200,kn,uniq_superbpe,16384,46934,183479,67713,tokenizer_only,16384,0.6931313041808811,0.2558003913254378,3.9092981633783612,"{""1"": 14021, ""10"": 302, ""12"": 214, ""2"": 266, ""3"": 9970, ""4"": 2744, ""5"": 4, ""6"": 15941, ""7"": 2231, ""9"": 1241}",3,7,10,12
validation,stratum,flores200,ko,uniq_superbpe,16384,24213,77684,32348,tokenizer_only,16384,0.7485161370100161,0.3116858040265692,3.2083591459133523,"{""1"": 3014, ""10"": 59, ""12"": 58, ""2"": 398, ""3"": 14409, ""4"": 4713, ""5"": 28, ""6"": 902, ""7"": 354, ""8"": 23, ""9"": 255}",3,6,9,12
validation,stratum,flores200,ml,uniq_superbpe,16384,51355,200492,72763,tokenizer_only,16384,0.7057845333479928,0.2561448835863775,3.904040502385357,"{""1"": 19877, ""10"": 347, ""12"": 3156, ""13"": 29, ""15"": 209, ""2"": 226, ""3"": 11104, ""4"": 3269, ""5"": 1, ""6"": 8758, ""7"": 1521, ""8"": 1, ""9"": 2857}",3,12,12,15
validation,stratum,flores200,mr,uniq_superbpe,16384,43817,171557,64243,tokenizer_only,16384,0.6820509627508056,0.2554078236387906,3.9153068443754706,"{""1"": 15770, ""10"": 893, ""12"": 899, ""13"": 220, ""15"": 167, ""16"": 113, ""19"": 63, ""2"": 173, ""3"": 9383, ""4"": 2591, ""6"": 8709, ""7"": 3469, ""9"": 1367}",3,10,13,19
validation,stratum,flores200,ru,uniq_superbpe,16384,29625,124729,68235,tokenizer_only,16384,0.4341613541437679,0.2375149323733855,4.210261603375527,"{""1"": 2675, ""10"": 279, ""11"": 208, ""12"": 105, ""13"": 25, ""15"": 10, ""16"": 24, ""17"": 19, ""2"": 5252, ""3"": 2378, ""4"": 8427, ""5"": 2945, ""6"": 4303, ""7"": 1462, ""8"": 1206, ""9"": 307}",4,8,11,17
validation,stratum,flores200,sw,uniq_superbpe,16384,29188,66996,66926,tokenizer_only,16384,0.43612347966410664,0.43566780106275,2.2953268466493078,"{""1"": 7441, ""10"": 12, ""11"": 13, ""12"": 7, ""2"": 10023, ""3"": 9321, ""4"": 1489, ""5"": 322, ""6"": 296, ""7"": 255, ""8"": 9}",2,4,7,12
validation,stratum,flores200,ta,uniq_superbpe,16384,42815,197234,72334,tokenizer_only,16384,0.5919069870323775,0.2170771773629293,4.606656545603176,"{""1"": 8772, ""10"": 796, ""13"": 312, ""16"": 119, ""19"": 63, ""2"": 418, ""3"": 9762, ""4"": 482, ""5"": 5, ""6"": 17006, ""7"": 3243, ""9"": 1837}",6,9,13,19
validation,stratum,flores200,te,uniq_superbpe,16384,43002,169259,63608,tokenizer_only,16384,0.676047038108414,0.25406034538783756,3.936072740802753,"{""1"": 14050, ""10"": 472, ""12"": 429, ""13"": 52, ""2"": 492, ""3"": 7421, ""4"": 1977, ""5"": 8, ""6"": 15013, ""7"": 2200, ""9"": 888}",3,7,12,13
validation,stratum,flores200,uk,uniq_superbpe,16384,30382,120966,66197,tokenizer_only,16384,0.4589633971328006,0.2511614833920275,3.9815022052531104,"{""1"": 2902, ""10"": 265, ""11"": 41, ""12"": 51, ""13"": 21, ""15"": 4, ""17"": 4, ""2"": 6106, ""3"": 2395, ""4"": 9014, ""5"": 2960, ""6"": 4040, ""7"": 1436, ""8"": 882, ""9"": 261}",4,8,10,17
validation,stratum,flores200,ur,uniq_superbpe,16384,27483,112125,62990,tokenizer_only,16384,0.4363073503730751,0.24511036789297658,4.079794782229015,"{""1"": 1617, ""10"": 40, ""11"": 278, ""12"": 136, ""13"": 7, ""14"": 65, ""15"": 27, ""16"": 91, ""2"": 6557, ""20"": 2, ""21"": 12, ""3"": 2461, ""4"": 6665, ""5"": 5938, ""6"": 921, ""7"": 2024, ""8"": 55, ""9"": 587}",4,7,12,21
validation,stratum,flores200,yo,uniq_superbpe,16384,38948,79356,59988,tokenizer_only,16384,0.6492631859705275,0.4908009476284087,2.0374858786073737,"{""1"": 12727, ""11"": 2, ""2"": 18250, ""3"": 4691, ""4"": 653, ""5"": 2472, ""6"": 77, ""7"": 35, ""8"": 14, ""9"": 27}",2,5,5,11
validation,stratum,flores200,zh,uniq_superbpe,16384,19938,56546,21068,tokenizer_only,16384,0.9463641541674578,0.35259788490786265,2.8360918848430132,"{""1"": 1739, ""2"": 453, ""3"": 17493, ""4"": 47, ""5"": 2, ""6"": 204}",3,3,6,6
train,stratum,code,c,uniq_superbpe,32768,118646,269690,269687,tokenizer_only,32768,0.4399396337235388,0.4399347398865364,2.273064410093893,"{""1"": 68292, ""10"": 579, ""11"": 302, ""12"": 195, ""13"": 150, ""14"": 130, ""15"": 95, ""16"": 442, ""2"": 16456, ""3"": 11249, ""4"": 7844, ""5"": 4496, ""6"": 4346, ""7"": 2079, ""8"": 1384, ""9"": 607}",1,7,11,16
train,stratum,code,cpp,uniq_superbpe,32768,303515,735578,735574,tokenizer_only,32768,0.41262333905222315,0.4126210952475468,2.42353096222592,"{""1"": 174521, ""10"": 1735, ""11"": 960, ""12"": 1138, ""13"": 1912, ""14"": 229, ""15"": 753, ""16"": 2973, ""2"": 39864, ""3"": 31108, ""4"": 17042, ""5"": 10487, ""6"": 12179, ""7"": 4335, ""8"": 3019, ""9"": 1260}",1,7,15,16
train,stratum,code,go,uniq_superbpe,32768,194452,514454,514451,tokenizer_only,32768,0.37797963265694884,0.3779774284970085,2.6456606257585418,"{""1"": 90860, ""10"": 950, ""11"": 552, ""12"": 250, ""13"": 159, ""14"": 119, ""15"": 278, ""16"": 426, ""2"": 25696, ""3"": 26332, ""4"": 20572, ""5"": 10091, ""6"": 7201, ""7"": 5516, ""8"": 3696, ""9"": 1754}",2,7,10,16
train,stratum,code,java,uniq_superbpe,32768,58598,175539,174303,tokenizer_only,32768,0.33618468987911854,0.3338175562125795,2.995648315642172,"{""1"": 30040, ""10"": 415, ""11"": 309, ""12"": 502, ""13"": 704, ""14"": 198, ""15"": 259, ""16"": 1072, ""2"": 5763, ""3"": 6760, ""4"": 5398, ""5"": 2206, ""6"": 2245, ""7"": 1417, ""8"": 642, ""9"": 668}",1,11,16,16
train,stratum,code,javascript,uniq_superbpe,32768,48703,112471,110533,tokenizer_only,32768,0.4406195434847512,0.4330271803398209,2.309323860953124,"{""1"": 26141, ""10"": 248, ""11"": 193, ""12"": 115, ""13"": 74, ""14"": 64, ""15"": 56, ""16"": 125, ""2"": 8892, ""3"": 4969, ""4"": 2931, ""5"": 1396, ""6"": 1532, ""7"": 976, ""8"": 689, ""9"": 302}",1,7,11,16
train,stratum,code,python,uniq_superbpe,32768,64209,193153,192883,tokenizer_only,32768,0.33289092351321786,0.33242559007626077,3.00819199800651,"{""1"": 29463, ""10"": 627, ""11"": 465, ""12"": 111, ""13"": 110, ""14"": 457, ""15"": 170, ""16"": 765, ""2"": 6913, ""3"": 8376, ""4"": 6560, ""5"": 3888, ""6"": 2852, ""7"": 1778, ""8"": 903, ""9"": 771}",2,9,16,16
train,stratum,code,rust,uniq_superbpe,32768,146405,405448,405437,tokenizer_only,32768,0.36110419128002624,0.36109439434896706,2.7693589699805337,"{""1"": 77701, ""10"": 984, ""11"": 944, ""12"": 639, ""13"": 321, ""14"": 718, ""15"": 676, ""16"": 2230, ""2"": 15935, ""3"": 17136, ""4"": 10571, ""5"": 7147, ""6"": 5486, ""7"": 2828, ""8"": 2000, ""9"": 1089}",1,9,16,16
train,stratum,code,sql,uniq_superbpe,32768,313089,962820,962198,tokenizer_only,32768,0.3253893689240676,0.3251791612139341,3.075227810622539,"{""1"": 140532, ""10"": 1883, ""11"": 2258, ""12"": 3770, ""13"": 6312, ""14"": 2819, ""15"": 2504, ""16"": 3004, ""2"": 40415, ""3"": 62563, ""4"": 17732, ""5"": 7545, ""6"": 10878, ""7"": 4808, ""8"": 4456, ""9"": 1610}",2,12,15,16
train,stratum,code,typescript,uniq_superbpe,32768,237012,734901,727952,tokenizer_only,32768,0.3255874013671231,0.32250874607600205,3.100691104247886,"{""1"": 125076, ""10"": 2474, ""11"": 7367, ""12"": 788, ""13"": 1631, ""14"": 2983, ""15"": 2438, ""16"": 3317, ""2"": 27866, ""3"": 20591, ""4"": 17283, ""5"": 9009, ""6"": 8621, ""7"": 3607, ""8"": 2321, ""9"": 1640}",1,11,16,16
train,stratum,cyrillic_african,am,uniq_superbpe,32768,87190,390552,158149,tokenizer_only,32768,0.5513155315556848,0.22324812060877938,4.479321023053102,"{""1"": 10084, ""10"": 4024, ""11"": 65, ""12"": 187, ""13"": 1208, ""15"": 51, ""16"": 502, ""17"": 19, ""19"": 160, ""2"": 1305, ""21"": 16, ""22"": 5, ""3"": 35693, ""4"": 8654, ""5"": 80, ""6"": 14318, ""7"": 9509, ""8"": 7, ""9"": 1303}",3,10,13,22
train,stratum,cyrillic_african,bg,uniq_superbpe,32768,50635,249242,140975,tokenizer_only,32768,0.3591771590707572,0.20315596889769783,4.9223264540337714,"{""1"": 7388, ""10"": 969, ""11"": 1055, ""12"": 414, ""13"": 648, ""14"": 63, ""15"": 317, ""16"": 89, ""17"": 270, ""18"": 48, ""19"": 150, ""2"": 5942, ""21"": 76, ""23"": 21, ""25"": 7, ""3"": 4352, ""4"": 8172, ""5"": 6295, ""6"": 6643, ""7"": 2903, ""8"": 3051, ""9"": 1762}",4,11,17,25
train,stratum,cyrillic_african,ru,uniq_superbpe,32768,46193,231855,128599,tokenizer_only,32768,0.35920186004556803,0.1992322787949365,5.019266988504752,"{""1"": 5815, ""10"": 1125, ""11"": 1047, ""12"": 428, ""13"": 568, ""14"": 177, ""15"": 327, ""16"": 87, ""17"": 266, ""18"": 12, ""19"": 93, ""2"": 6458, ""20"": 9, ""21"": 105, ""23"": 9, ""25"": 46, ""27"": 3, ""3"": 3492, ""4"": 8500, ""5"": 3907, ""6"": 6616, ""7"": 3072, ""8"": 2756, ""9"": 1275}",4,11,17,27
train,stratum,cyrillic_african,sw,uniq_superbpe,32768,118957,302851,302208,tokenizer_only,32768,0.3936262441761965,0.39279051414722094,2.545886328673386,"{""1"": 27791, ""10"": 257, ""11"": 37, ""12"": 77, ""13"": 53, ""15"": 124, ""2"": 33257, ""3"": 41761, ""4"": 8291, ""5"": 3450, ""6"": 1814, ""7"": 1243, ""8"": 404, ""9"": 398}",2,5,8,15
train,stratum,cyrillic_african,uk,uniq_superbpe,32768,39605,184724,102382,tokenizer_only,32768,0.3868355765661933,0.21440094411121458,4.6641585658376465,"{""1"": 5234, ""10"": 795, ""11"": 717, ""12"": 330, ""13"": 408, ""14"": 25, ""15"": 239, ""16"": 17, ""17"": 188, ""18"": 14, ""19"": 98, ""2"": 6613, ""21"": 28, ""23"": 13, ""27"": 3, ""3"": 3211, ""4"": 7538, ""5"": 3355, ""6"": 5481, ""7"": 2159, ""8"": 2132, ""9"": 1007}",4,11,15,27
train,stratum,cyrillic_african,yo,uniq_superbpe,32768,52504,145693,125826,tokenizer_only,32768,0.4172746491186241,0.36037421152697796,2.7748933414596983,"{""1"": 13770, ""10"": 280, ""11"": 207, ""12"": 155, ""13"": 41, ""14"": 73, ""15"": 44, ""16"": 10, ""17"": 12, ""18"": 13, ""19"": 8, ""2"": 12195, ""3"": 16518, ""4"": 3913, ""5"": 2124, ""6"": 1339, ""7"": 935, ""8"": 577, ""9"": 290}",3,7,11,19
train,stratum,indic_cjk_arabic,ar,uniq_superbpe,32768,48805,215273,120548,tokenizer_only,32768,0.404859475063875,0.22671212832078338,4.410880032783527,"{""1"": 7083, ""10"": 370, ""11"": 690, ""12"": 170, ""13"": 376, ""14"": 65, ""15"": 125, ""16"": 7, ""17"": 19, ""19"": 13, ""2"": 7234, ""21"": 12, ""3"": 3167, ""4"": 10626, ""5"": 6276, ""6"": 4871, ""7"": 4537, ""8"": 1061, ""9"": 2103}",4,9,13,21
train,stratum,indic_cjk_arabic,bn,uniq_superbpe,32768,54303,278982,106840,tokenizer_only,32768,0.5082646948708349,0.1946469664709551,5.137506215126236,"{""1"": 11639, ""10"": 2549, ""12"": 1227, ""13"": 1078, ""15"": 65, ""16"": 484, ""18"": 2, ""19"": 219, ""2"": 464, ""20"": 26, ""21"": 11, ""22"": 37, ""23"": 16, ""24"": 21, ""25"": 23, ""26"": 48, ""28"": 6, ""29"": 3, ""3"": 11974, ""4"": 1803, ""5"": 73, ""6"": 12432, ""7"": 7127, ""8"": 8, ""9"": 2968}",6,12,16,29
train,stratum,indic_cjk_arabic,fa,uniq_superbpe,32768,38583,198737,111850,tokenizer_only,32768,0.34495306213679033,0.19414100041763738,5.150895472099111,"{""1"": 4310, ""10"": 357, ""11"": 1527, ""12"": 319, ""13"": 492, ""14"": 85, ""15"": 391, ""16"": 94, ""17"": 11, ""18"": 36, ""19"": 5, ""2"": 5115, ""20"": 29, ""21"": 1, ""3"": 2878, ""4"": 5227, ""5"": 6760, ""6"": 3167, ""7"": 3893, ""8"": 1053, ""9"": 2833}",5,11,15,21
train,stratum,indic_cjk_arabic,gu,uniq_superbpe,32768,52052,266235,106404,tokenizer_only,32768,0.4891921356339987,0.19551148421507314,5.11478905709675,"{""1"": 11839, ""10"": 2865, ""11"": 5, ""12"": 563, ""13"": 908, ""14"": 54, ""15"": 96, ""16"": 268, ""17"": 230, ""18"": 5, ""19"": 141, ""2"": 746, ""20"": 1, ""22"": 15, ""26"": 31, ""3"": 8510, ""32"": 7, ""4"": 3282, ""5"": 117, ""6"": 11306, ""7"": 7761, ""8"": 28, ""9"": 3274}",6,10,16,32
train,stratum,indic_cjk_arabic,hi,uniq_superbpe,32768,61824,342710,137684,tokenizer_only,32768,0.44902820952325617,0.18039742055965685,5.543316511387164,"{""1"": 13239, ""10"": 3242, ""11"": 5, ""12"": 555, ""13"": 1901, ""14"": 90, ""15"": 71, ""16"": 344, ""17"": 314, ""18"": 10, ""19"": 167, ""2"": 733, ""20"": 290, ""22"": 67, ""23"": 159, ""25"": 20, ""26"": 6, ""3"": 9705, ""30"": 100, ""4"": 2260, ""5"": 54, ""6"": 11070, ""7"": 14290, ""8"": 13, ""9"": 3119}",6,13,20,30
train,stratum,indic_cjk_arabic,ja,uniq_superbpe,32768,91601,318463,134867,tokenizer_only,32768,0.6791950588357418,0.2876346702756678,3.4766323511752053,"{""1"": 17857, ""10"": 416, ""11"": 1, ""12"": 2276, ""13"": 1, ""15"": 1, ""18"": 67, ""2"": 4811, ""3"": 48473, ""4"": 2122, ""5"": 261, ""6"": 11323, ""7"": 387, ""8"": 37, ""9"": 3568}",3,9,12,18
train,stratum,indic_cjk_arabic,kn,uniq_superbpe,32768,93389,457719,180531,tokenizer_only,32768,0.5173017376517053,0.2040312943093907,4.9012089218216275,"{""1"": 17337, ""10"": 3383, ""11"": 3, ""12"": 755, ""13"": 307, ""14"": 1, ""15"": 1, ""2"": 3532, ""3"": 14376, ""4"": 3227, ""5"": 154, ""6"": 34836, ""7"": 9365, ""8"": 10, ""9"": 6102}",6,9,12,15
train,stratum,indic_cjk_arabic,ko,uniq_superbpe,32768,55017,201183,86266,tokenizer_only,32768,0.6377599517770617,0.2734674400918567,3.656742461421015,"{""1"": 8436, ""10"": 960, ""11"": 29, ""12"": 466, ""13"": 13, ""14"": 21, ""2"": 1093, ""3"": 25758, ""4"": 9235, ""5"": 80, ""6"": 3433, ""7"": 5015, ""8"": 32, ""9"": 446}",3,7,10,14
train,stratum,indic_cjk_arabic,ml,uniq_superbpe,32768,32998,188704,72486,tokenizer_only,32768,0.4552327345970256,0.17486645752077326,5.718649615128189,"{""1"": 6654, ""10"": 623, ""11"": 2, ""12"": 3039, ""13"": 219, ""15"": 569, ""16"": 217, ""18"": 129, ""19"": 71, ""2"": 697, ""21"": 32, ""22"": 16, ""24"": 13, ""25"": 9, ""3"": 4802, ""4"": 2004, ""5"": 57, ""6"": 8050, ""7"": 2650, ""8"": 12, ""9"": 3133}",6,12,16,25
train,stratum,indic_cjk_arabic,mr,uniq_superbpe,32768,66565,362338,142528,tokenizer_only,32768,0.46703103951504266,0.18370968543183436,5.44337114099001,"{""1"": 13591, ""10"": 3205, ""11"": 72, ""12"": 2374, ""13"": 1107, ""14"": 42, ""15"": 540, ""16"": 765, ""18"": 25, ""19"": 328, ""2"": 985, ""20"": 1, ""21"": 11, ""22"": 69, ""25"": 34, ""26"": 17, ""3"": 11619, ""4"": 2479, ""5"": 118, ""6"": 15923, ""7"": 9881, ""8"": 94, ""9"": 3285}",6,12,16,26
train,stratum,indic_cjk_arabic,ta,uniq_superbpe,32768,42730,239341,90715,tokenizer_only,32768,0.4710356611365265,0.17853188546884988,5.60124034636087,"{""1"": 6028, ""10"": 2527, ""11"": 2, ""12"": 124, ""13"": 454, ""15"": 1, ""16"": 57, ""19"": 30, ""2"": 547, ""22"": 58, ""3"": 5476, ""4"": 369, ""5"": 38, ""6"": 18699, ""7"": 4200, ""8"": 4, ""9"": 4116}",6,10,13,22
train,stratum,indic_cjk_arabic,te,uniq_superbpe,32768,55534,300203,115621,tokenizer_only,32768,0.4803106702069693,0.18498815801307783,5.405751431555443,"{""1"": 9995, ""10"": 1506, ""11"": 2, ""12"": 1859, ""13"": 455, ""15"": 220, ""16"": 471, ""18"": 16, ""19"": 13, ""2"": 901, ""22"": 32, ""3"": 6923, ""4"": 2519, ""5"": 105, ""6"": 20073, ""7"": 6384, ""8"": 10, ""9"": 4050}",6,12,15,22
train,stratum,indic_cjk_arabic,ur,uniq_superbpe,32768,85202,430336,244935,tokenizer_only,32768,0.34785555351419767,0.1979894779892921,5.050773456022159,"{""1"": 9259, ""10"": 720, ""11"": 2386, ""12"": 708, ""13"": 742, ""14"": 747, ""15"": 348, ""16"": 336, ""17"": 70, ""18"": 113, ""19"": 17, ""2"": 12940, ""20"": 42, ""21"": 121, ""22"": 17, ""3"": 4759, ""4"": 11300, ""5"": 18157, ""6"": 5078, ""7"": 10363, ""8"": 829, ""9"": 6150}",5,11,15,22
train,stratum,indic_cjk_arabic,zh,uniq_superbpe,32768,160012,612143,250435,tokenizer_only,32768,0.6389362509233933,0.26139643841390003,3.8256068294877883,"{""1"": 29490, ""10"": 1540, ""11"": 3, ""12"": 6586, ""13"": 565, ""2"": 7381, ""3"": 79595, ""4"": 2199, ""5"": 194, ""6"": 21803, ""7"": 4585, ""8"": 22, ""9"": 6049}",3,10,12,13
train,stratum,latin_english,en,uniq_superbpe,32768,38275,128943,128062,tokenizer_only,32768,0.2988786681451172,0.2968365867088559,3.368856956237753,"{""1"": 8687, ""10"": 268, ""11"": 167, ""12"": 80, ""13"": 35, ""14"": 13, ""15"": 3, ""16"": 4, ""2"": 5498, ""3"": 9295, ""4"": 5820, ""5"": 3675, ""6"": 1812, ""7"": 1355, ""8"": 927, ""9"": 636}",3,8,10,16
validation,stratum,flores200,am,uniq_superbpe,32768,23409,109651,42703,tokenizer_only,32768,0.5481816265836124,0.21348642511240207,4.684138579178948,"{""1"": 1402, ""10"": 1133, ""11"": 29, ""12"": 60, ""13"": 354, ""15"": 9, ""16"": 97, ""17"": 13, ""19"": 36, ""2"": 154, ""22"": 1, ""3"": 10435, ""4"": 2436, ""5"": 8, ""6"": 4156, ""7"": 2721, ""8"": 1, ""9"": 364}",3,10,13,22
validation,stratum,flores200,ar,uniq_superbpe,32768,21845,99690,54980,tokenizer_only,32768,0.39732630047289924,0.219129300832581,4.563515678644999,"{""1"": 2483, ""10"": 141, ""11"": 339, ""12"": 60, ""13"": 163, ""14"": 33, ""15"": 48, ""17"": 10, ""19"": 5, ""2"": 3225, ""3"": 1187, ""4"": 5225, ""5"": 2892, ""6"": 2342, ""7"": 2193, ""8"": 483, ""9"": 1016}",4,9,13,19
validation,stratum,flores200,bg,uniq_superbpe,32768,21933,114709,63267,tokenizer_only,32768,0.3466736213191711,0.1912055723613666,5.229973099895135,"{""1"": 2257, ""10"": 449, ""11"": 530, ""12"": 230, ""13"": 330, ""14"": 37, ""15"": 116, ""16"": 53, ""17"": 123, ""18"": 11, ""19"": 40, ""2"": 2336, ""20"": 4, ""21"": 36, ""23"": 6, ""25"": 3, ""3"": 1834, ""4"": 3786, ""5"": 2856, ""6"": 3236, ""7"": 1291, ""8"": 1494, ""9"": 875}",5,11,17,25
validation,stratum,flores200,bn,uniq_superbpe,32768,30722,160235,59847,tokenizer_only,32768,0.5133423563420054,0.1917308952476051,5.215643512792136,"{""1"": 6708, ""10"": 1521, ""12"": 674, ""13"": 739, ""15"": 43, ""16"": 291, ""18"": 3, ""19"": 124, ""2"": 108, ""20"": 15, ""21"": 1, ""22"": 28, ""23"": 18, ""24"": 3, ""25"": 30, ""26"": 27, ""28"": 1, ""3"": 6630, ""4"": 811, ""5"": 1, ""6"": 7449, ""7"": 3757, ""9"": 1740}",6,12,16,28
validation,stratum,flores200,fa,uniq_superbpe,32768,22035,114142,63254,tokenizer_only,32768,0.3483574161317861,0.19304900912897968,5.1800317676423875,"{""1"": 1640, ""10"": 222, ""11"": 820, ""12"": 158, ""13"": 232, ""14"": 31, ""15"": 74, ""16"": 12, ""17"": 13, ""18"": 18, ""19"": 5, ""2"": 2789, ""20"": 8, ""3"": 1562, ""4"": 3728, ""5"": 3964, ""6"": 2290, ""7"": 2150, ""8"": 843, ""9"": 1476}",5,11,13,20
validation,stratum,flores200,gu,uniq_superbpe,32768,28379,144544,55214,tokenizer_only,32768,0.5139819610968233,0.19633468009740979,5.093343669614856,"{""1"": 7009, ""10"": 1399, ""12"": 280, ""13"": 489, ""14"": 23, ""15"": 41, ""16"": 157, ""17"": 143, ""18"": 2, ""19"": 72, ""2"": 125, ""22"": 11, ""26"": 21, ""3"": 4602, ""32"": 9, ""4"": 1508, ""5"": 3, ""6"": 6406, ""7"": 3888, ""8"": 6, ""9"": 2185}",6,10,16,32
validation,stratum,flores200,hi,uniq_superbpe,32768,26849,148664,57809,tokenizer_only,32768,0.46444325278070886,0.18060189420438036,5.537040485679169,"{""1"": 6066, ""10"": 1192, ""12"": 270, ""13"": 788, ""14"": 25, ""15"": 21, ""16"": 209, ""17"": 150, ""18"": 10, ""19"": 62, ""2"": 91, ""20"": 142, ""22"": 25, ""23"": 73, ""25"": 21, ""26"": 2, ""3"": 4023, ""30"": 32, ""4"": 970, ""5"": 10, ""6"": 5222, ""7"": 5923, ""8"": 1, ""9"": 1521}",6,13,20,30
validation,stratum,flores200,ja,uniq_superbpe,32768,20970,79352,27145,tokenizer_only,32768,0.7725179591084914,0.2642655509627987,3.784072484501669,"{""1"": 541, ""12"": 414, ""18"": 1, ""2"": 98, ""3"": 16023, ""4"": 7, ""5"": 3, ""6"": 3143, ""8"": 1, ""9"": 739}",3,9,12,18
validation,stratum,flores200,kn,uniq_superbpe,32768,34549,183479,67713,tokenizer_only,32768,0.5102269874322508,0.18829947841442346,5.310689166111899,"{""1"": 5149, ""10"": 1240, ""12"": 419, ""13"": 177, ""2"": 170, ""3"": 5297, ""4"": 1140, ""5"": 11, ""6"": 14567, ""7"": 3529, ""9"": 2850}",6,10,12,13
validation,stratum,flores200,ko,uniq_superbpe,32768,20559,77684,32348,tokenizer_only,32768,0.6355570668974898,0.264649091189949,3.778588452745756,"{""1"": 2408, ""10"": 315, ""11"": 7, ""12"": 156, ""13"": 19, ""14"": 7, ""2"": 249, ""3"": 10023, ""4"": 3780, ""5"": 13, ""6"": 1536, ""7"": 1772, ""8"": 6, ""9"": 268}",3,7,10,14
validation,stratum,flores200,ml,uniq_superbpe,32768,33354,200492,72763,tokenizer_only,32768,0.4583923147753666,0.16636075254873012,6.011033159441147,"{""1"": 5626, ""10"": 818, ""12"": 3672, ""13"": 255, ""15"": 642, ""16"": 245, ""18"": 109, ""19"": 68, ""2"": 148, ""21"": 36, ""22"": 33, ""24"": 28, ""25"": 5, ""3"": 5600, ""4"": 1875, ""5"": 1, ""6"": 8945, ""7"": 2639, ""8"": 1, ""9"": 2608}",6,12,16,25
validation,stratum,flores200,mr,uniq_superbpe,32768,30647,171557,64243,tokenizer_only,32768,0.477048083059633,0.17864033528215112,5.597839919078539,"{""1"": 6316, ""10"": 1380, ""12"": 1274, ""13"": 713, ""14"": 4, ""15"": 300, ""16"": 339, ""18"": 11, ""19"": 174, ""2"": 108, ""21"": 2, ""22"": 35, ""25"": 17, ""26"": 1, ""3"": 5154, ""4"": 1027, ""6"": 7750, ""7"": 4262, ""8"": 3, ""9"": 1777}",6,13,16,26
validation,stratum,flores200,ru,uniq_superbpe,32768,24161,124729,68235,tokenizer_only,32768,0.3540851469187367,0.1937079588547972,5.162410496254294,"{""1"": 2448, ""10"": 540, ""11"": 657, ""12"": 221, ""13"": 321, ""14"": 108, ""15"": 151, ""16"": 53, ""17"": 100, ""18"": 11, ""19"": 72, ""2"": 3388, ""20"": 6, ""21"": 52, ""23"": 4, ""25"": 24, ""3"": 1835, ""4"": 4582, ""5"": 2084, ""6"": 3518, ""7"": 1679, ""8"": 1619, ""9"": 688}",4,11,17,25
validation,stratum,flores200,sw,uniq_superbpe,32768,25985,66996,66926,tokenizer_only,32768,0.388264650509518,0.3878589766553227,2.5782566865499326,"{""1"": 5618, ""10"": 48, ""11"": 16, ""12"": 16, ""13"": 2, ""2"": 7192, ""3"": 9458, ""4"": 2055, ""5"": 701, ""6"": 388, ""7"": 329, ""8"": 68, ""9"": 94}",3,5,7,13
validation,stratum,flores200,ta,uniq_superbpe,32768,33887,197234,72334,tokenizer_only,32768,0.4684795531838416,0.17181114817932,5.820344084752265,"{""1"": 3671, ""10"": 1964, ""12"": 110, ""13"": 394, ""16"": 27, ""19"": 37, ""2"": 220, ""22"": 47, ""3"": 4559, ""4"": 261, ""5"": 1, ""6"": 15530, ""7"": 3314, ""9"": 3752}",6,10,13,22
validation,stratum,flores200,te,uniq_superbpe,32768,30493,169259,63608,tokenizer_only,32768,0.479389384983021,0.18015585581859753,5.550749352310366,"{""1"": 4928, ""10"": 968, ""12"": 864, ""13"": 332, ""14"": 1, ""15"": 137, ""16"": 264, ""18"": 3, ""19"": 9, ""2"": 300, ""22"": 23, ""3"": 3914, ""4"": 1161, ""5"": 12, ""6"": 11794, ""7"": 3457, ""9"": 2326}",6,12,15,22
validation,stratum,flores200,uk,uniq_superbpe,32768,24954,120966,66197,tokenizer_only,32768,0.376965723522214,0.20628937056693616,4.847559509497476,"{""1"": 2457, ""10"": 563, ""11"": 518, ""12"": 176, ""13"": 242, ""14"": 31, ""15"": 77, ""16"": 1, ""17"": 59, ""18"": 3, ""19"": 17, ""2"": 3671, ""21"": 14, ""23"": 12, ""3"": 1966, ""4"": 5078, ""5"": 2354, ""6"": 3903, ""7"": 1620, ""8"": 1440, ""9"": 752}",4,10,13,23
validation,stratum,flores200,ur,uniq_superbpe,32768,21873,112125,62990,tokenizer_only,32768,0.3472455945388157,0.19507692307692306,5.126182965299685,"{""1"": 1294, ""10"": 120, ""11"": 658, ""12"": 173, ""13"": 136, ""14"": 199, ""15"": 39, ""16"": 94, ""17"": 19, ""18"": 30, ""19"": 3, ""2"": 3510, ""20"": 8, ""21"": 12, ""22"": 2, ""3"": 1060, ""4"": 3653, ""5"": 5043, ""6"": 1591, ""7"": 2580, ""8"": 176, ""9"": 1473}",5,11,14,22
validation,stratum,flores200,yo,uniq_superbpe,32768,37674,79356,59988,tokenizer_only,32768,0.6280256051210242,0.4747467110237411,2.1063863672559324,"{""1"": 12400, ""10"": 3, ""11"": 18, ""2"": 16375, ""3"": 4964, ""4"": 1066, ""5"": 2429, ""6"": 309, ""7"": 72, ""8"": 23, ""9"": 15}",2,5,6,11
validation,stratum,flores200,zh,uniq_superbpe,32768,18823,56546,21068,tokenizer_only,32768,0.8934402885893298,0.33287942560039613,3.004090740052064,"{""1"": 1639, ""2"": 351, ""3"": 15570, ""4"": 96, ""5"": 8, ""6"": 1120, ""9"": 39}",3,6,6,9
train,stratum,code,c,uniq_superbpe,65536,107316,269690,269687,tokenizer_only,65536,0.39792796834849287,0.3979235418443398,2.5130455850013047,"{""1"": 56558, ""10"": 870, ""11"": 366, ""12"": 225, ""13"": 163, ""14"": 133, ""15"": 122, ""16"": 451, ""2"": 15694, ""3"": 10182, ""4"": 8147, ""5"": 4564, ""6"": 4677, ""7"": 2768, ""8"": 1665, ""9"": 731}",1,7,12,16
train,stratum,code,cpp,uniq_superbpe,65536,272098,735578,735574,tokenizer_only,65536,0.36991247651493936,0.36991046496768526,2.703356878771619,"{""1"": 147616, ""10"": 1924, ""11"": 1074, ""12"": 897, ""13"": 1279, ""14"": 317, ""15"": 1737, ""16"": 3800, ""2"": 33426, ""3"": 28334, ""4"": 17285, ""5"": 9629, ""6"": 12167, ""7"": 6734, ""8"": 3966, ""9"": 1913}",1,8,16,16
train,stratum,code,go,uniq_superbpe,65536,173969,514454,514451,tokenizer_only,65536,0.3381643732833642,0.33816240130312913,2.9571590340807843,"{""1"": 76632, ""10"": 1306, ""11"": 574, ""12"": 709, ""13"": 322, ""14"": 121, ""15"": 300, ""16"": 441, ""2"": 20103, ""3"": 20937, ""4"": 18966, ""5"": 11098, ""6"": 8093, ""7"": 7746, ""8"": 4236, ""9"": 2385}",2,8,12,16
train,stratum,code,java,uniq_superbpe,65536,52094,175539,174303,tokenizer_only,65536,0.29887035793990924,0.2967659608406109,3.3696586938994892,"{""1"": 25573, ""10"": 508, ""11"": 413, ""12"": 667, ""13"": 518, ""14"": 413, ""15"": 149, ""16"": 1206, ""2"": 4265, ""3"": 4947, ""4"": 4786, ""5"": 2443, ""6"": 2495, ""7"": 2002, ""8"": 803, ""9"": 906}",2,12,16,16
train,stratum,code,javascript,uniq_superbpe,65536,44878,112471,110533,tokenizer_only,65536,0.4060144934092081,0.39901841363551493,2.50615000668479,"{""1"": 23341, ""10"": 305, ""11"": 217, ""12"": 105, ""13"": 85, ""14"": 76, ""15"": 58, ""16"": 138, ""2"": 7880, ""3"": 3898, ""4"": 2707, ""5"": 1859, ""6"": 1699, ""7"": 1184, ""8"": 807, ""9"": 519}",1,8,12,16
train,stratum,code,python,uniq_superbpe,65536,58276,193153,192883,tokenizer_only,65536,0.3021313438716735,0.3017090078849409,3.3144519184569976,"{""1"": 25545, ""10"": 709, ""11"": 500, ""12"": 202, ""13"": 117, ""14"": 445, ""15"": 182, ""16"": 774, ""2"": 5367, ""3"": 5936, ""4"": 6637, ""5"": 4122, ""6"": 3248, ""7"": 2363, ""8"": 1161, ""9"": 968}",2,10,16,16
train,stratum,code,rust,uniq_superbpe,65536,132869,405448,405437,tokenizer_only,65536,0.3277179931777317,0.3277091020303467,3.0514868027907185,"{""1"": 66647, ""10"": 1147, ""11"": 1003, ""12"": 751, ""13"": 354, ""14"": 703, ""15"": 660, ""16"": 2181, ""2"": 12904, ""3"": 13737, ""4"": 11303, ""5"": 6967, ""6"": 6318, ""7"": 3969, ""8"": 2736, ""9"": 1489}",1,10,16,16
train,stratum,code,sql,uniq_superbpe,65536,287729,962820,962198,tokenizer_only,65536,0.29903304725222873,0.2988398662262936,3.3462737506473106,"{""1"": 122525, ""10"": 1488, ""11"": 2540, ""12"": 4635, ""13"": 6215, ""14"": 2584, ""15"": 2452, ""16"": 3801, ""2"": 28696, ""3"": 60645, ""4"": 19242, ""5"": 9190, ""6"": 10919, ""7"": 5124, ""8"": 5396, ""9"": 2277}",2,13,16,16
train,stratum,code,typescript,uniq_superbpe,65536,219177,734901,727952,tokenizer_only,65536,0.3010871595929402,0.2982401711250903,3.3530023679491916,"{""1"": 109434, ""10"": 2419, ""11"": 7719, ""12"": 1003, ""13"": 1640, ""14"": 3044, ""15"": 2579, ""16"": 3322, ""2"": 25047, ""3"": 18196, ""4"": 16515, ""5"": 9198, ""6"": 9229, ""7"": 4385, ""8"": 3265, ""9"": 2182}",2,12,16,16
train,stratum,cyrillic_african,am,uniq_superbpe,65536,67406,390552,158149,tokenizer_only,65536,0.42621831310978886,0.17259161392080952,5.794024270836424,"{""1"": 8401, ""10"": 6355, ""11"": 37, ""12"": 877, ""13"": 3448, ""14"": 7, ""15"": 185, ""16"": 1533, ""17"": 19, ""18"": 49, ""19"": 580, ""2"": 1116, ""21"": 13, ""22"": 115, ""24"": 8, ""25"": 14, ""28"": 1, ""3"": 18447, ""4"": 5348, ""5"": 94, ""6"": 9971, ""7"": 8232, ""8"": 42, ""9"": 2514}",6,13,19,28
train,stratum,cyrillic_african,bg,uniq_superbpe,65536,45152,249242,140975,tokenizer_only,65536,0.320283738251463,0.1811572688391202,5.520065556343019,"{""1"": 6935, ""10"": 1188, ""11"": 1478, ""12"": 551, ""13"": 984, ""14"": 232, ""15"": 616, ""16"": 76, ""17"": 391, ""18"": 99, ""19"": 191, ""2"": 4344, ""20"": 29, ""21"": 168, ""22"": 6, ""23"": 81, ""25"": 21, ""29"": 3, ""3"": 3823, ""4"": 5267, ""5"": 5585, ""6"": 5365, ""7"": 2850, ""8"": 2823, ""9"": 2046}",5,13,19,29
train,stratum,cyrillic_african,ru,uniq_superbpe,65536,40699,231855,128599,tokenizer_only,65536,0.3164799104192101,0.17553643440943692,5.696823017764564,"{""1"": 5610, ""10"": 1238, ""11"": 1450, ""12"": 489, ""13"": 907, ""14"": 305, ""15"": 640, ""16"": 109, ""17"": 417, ""18"": 55, ""19"": 202, ""2"": 4882, ""20"": 16, ""21"": 141, ""22"": 4, ""23"": 106, ""24"": 1, ""25"": 42, ""27"": 33, ""29"": 5, ""3"": 3021, ""31"": 2, ""4"": 5383, ""5"": 3089, ""6"": 5084, ""7"": 2957, ""8"": 2860, ""9"": 1651}",5,14,19,31
train,stratum,cyrillic_african,sw,uniq_superbpe,65536,107832,302851,302208,tokenizer_only,65536,0.3568138500635324,0.35605627849998844,2.8085447733511386,"{""1"": 22787, ""10"": 332, ""11"": 65, ""12"": 61, ""13"": 71, ""14"": 5, ""15"": 124, ""16"": 9, ""2"": 23616, ""3"": 37649, ""4"": 13438, ""5"": 4529, ""6"": 2125, ""7"": 1837, ""8"": 541, ""9"": 643}",3,6,9,16
train,stratum,cyrillic_african,uk,uniq_superbpe,65536,34738,184724,102382,tokenizer_only,65536,0.3392979234631088,0.18805352850739482,5.317634866716564,"{""1"": 4922, ""10"": 1007, ""11"": 975, ""12"": 421, ""13"": 645, ""14"": 128, ""15"": 512, ""16"": 49, ""17"": 297, ""18"": 32, ""19"": 167, ""2"": 4878, ""20"": 4, ""21"": 109, ""23"": 21, ""25"": 15, ""27"": 6, ""29"": 6, ""3"": 2776, ""4"": 4816, ""5"": 2761, ""6"": 4467, ""7"": 2155, ""8"": 2208, ""9"": 1361}",4,13,18,29
train,stratum,cyrillic_african,yo,uniq_superbpe,65536,46347,145693,125826,tokenizer_only,65536,0.36834199608983836,0.3181141166699841,3.1435260103135048,"{""1"": 10320, ""10"": 439, ""11"": 299, ""12"": 158, ""13"": 92, ""14"": 82, ""15"": 64, ""16"": 6, ""17"": 29, ""18"": 11, ""2"": 8860, ""23"": 30, ""3"": 13785, ""4"": 5990, ""5"": 3020, ""6"": 809, ""7"": 1199, ""8"": 751, ""9"": 403}",3,8,12,23
train,stratum,indic_cjk_arabic,ar,uniq_superbpe,65536,42186,215273,120548,tokenizer_only,65536,0.3499518863855062,0.19596512335499575,5.102948845588584,"{""1"": 6896, ""10"": 797, ""11"": 1249, ""12"": 254, ""13"": 643, ""14"": 116, ""15"": 549, ""16"": 17, ""17"": 199, ""18"": 9, ""19"": 50, ""2"": 4586, ""21"": 54, ""23"": 22, ""3"": 2547, ""30"": 1, ""4"": 6219, ""5"": 5360, ""6"": 4497, ""7"": 4041, ""8"": 1513, ""9"": 2567}",5,11,15,30
train,stratum,indic_cjk_arabic,bn,uniq_superbpe,65536,44098,278982,106840,tokenizer_only,65536,0.41274803444402847,0.1580675455764171,6.326409360968752,"{""1"": 6052, ""10"": 3129, ""11"": 15, ""12"": 1739, ""13"": 1599, ""14"": 1, ""15"": 203, ""16"": 889, ""18"": 53, ""19"": 333, ""2"": 367, ""20"": 26, ""21"": 12, ""22"": 141, ""23"": 14, ""24"": 39, ""25"": 86, ""26"": 27, ""28"": 26, ""29"": 33, ""3"": 8538, ""30"": 1, ""35"": 3, ""4"": 608, ""5"": 91, ""6"": 10217, ""7"": 6886, ""8"": 17, ""9"": 2953}",6,13,19,35
train,stratum,indic_cjk_arabic,fa,uniq_superbpe,65536,33439,198737,111850,tokenizer_only,65536,0.29896289673670096,0.16825754640555105,5.943269834624241,"{""1"": 3974, ""10"": 459, ""11"": 2359, ""12"": 398, ""13"": 819, ""14"": 152, ""15"": 553, ""16"": 119, ""17"": 107, ""18"": 59, ""19"": 9, ""2"": 3261, ""20"": 34, ""21"": 1, ""22"": 6, ""25"": 2, ""3"": 2121, ""4"": 2740, ""5"": 5286, ""6"": 2434, ""7"": 4061, ""8"": 1132, ""9"": 3353}",5,13,16,25
train,stratum,indic_cjk_arabic,gu,uniq_superbpe,65536,42403,266235,106404,tokenizer_only,65536,0.39850945453178455,0.15926906680188554,6.278683112043959,"{""1"": 6451, ""10"": 3721, ""11"": 5, ""12"": 1081, ""13"": 1433, ""14"": 67, ""15"": 203, ""16"": 597, ""17"": 235, ""18"": 68, ""19"": 260, ""2"": 623, ""20"": 18, ""22"": 32, ""25"": 19, ""26"": 31, ""3"": 5449, ""32"": 7, ""4"": 1503, ""5"": 137, ""6"": 9198, ""7"": 8083, ""8"": 42, ""9"": 3140}",6,13,18,32
train,stratum,indic_cjk_arabic,hi,uniq_superbpe,65536,51774,342710,137684,tokenizer_only,65536,0.37603497864675633,0.15107233521052785,6.619345617491405,"{""1"": 7137, ""10"": 4125, ""11"": 3, ""12"": 887, ""13"": 2553, ""14"": 112, ""15"": 248, ""16"": 707, ""17"": 391, ""18"": 39, ""19"": 226, ""2"": 605, ""20"": 368, ""21"": 12, ""22"": 81, ""23"": 151, ""24"": 4, ""25"": 36, ""26"": 6, ""27"": 11, ""28"": 1, ""3"": 7250, ""30"": 100, ""4"": 607, ""5"": 68, ""6"": 9110, ""7"": 13956, ""8"": 30, ""9"": 2950}",7,13,20,30
train,stratum,indic_cjk_arabic,ja,uniq_superbpe,65536,79484,318463,134867,tokenizer_only,65536,0.589350990234824,0.24958629416918135,4.0066302652106085,"{""1"": 15602, ""10"": 786, ""11"": 16, ""12"": 4607, ""13"": 2, ""14"": 2, ""15"": 85, ""16"": 62, ""18"": 53, ""2"": 4652, ""21"": 16, ""24"": 10, ""3"": 35476, ""4"": 2071, ""5"": 304, ""6"": 9876, ""7"": 903, ""8"": 72, ""9"": 4889}",3,12,12,24
train,stratum,indic_cjk_arabic,kn,uniq_superbpe,65536,82625,457719,180531,tokenizer_only,65536,0.45767762877289775,0.18051468258909942,5.539715582450832,"{""1"": 12411, ""10"": 5124, ""11"": 5, ""12"": 1335, ""13"": 696, ""14"": 51, ""15"": 140, ""16"": 89, ""18"": 4, ""19"": 11, ""2"": 3464, ""21"": 1, ""3"": 9462, ""4"": 1229, ""5"": 147, ""6"": 30944, ""7"": 9901, ""8"": 30, ""9"": 7581}",6,10,13,21
train,stratum,indic_cjk_arabic,ko,uniq_superbpe,65536,47504,201183,86266,tokenizer_only,65536,0.5506688614286045,0.23612333050009196,4.235074941057595,"{""1"": 7925, ""10"": 2327, ""11"": 36, ""12"": 929, ""13"": 10, ""14"": 20, ""2"": 1007, ""3"": 17022, ""4"": 6612, ""5"": 94, ""6"": 4050, ""7"": 6737, ""8"": 38, ""9"": 697}",3,10,12,14
train,stratum,indic_cjk_arabic,ml,uniq_superbpe,65536,26705,188704,72486,tokenizer_only,65536,0.36841596998041,0.14151793284721045,7.066242276727205,"{""1"": 3766, ""10"": 832, ""11"": 2, ""12"": 2782, ""13"": 429, ""15"": 977, ""16"": 576, ""18"": 220, ""19"": 236, ""2"": 472, ""21"": 137, ""22"": 64, ""24"": 36, ""25"": 48, ""27"": 11, ""28"": 29, ""3"": 2893, ""34"": 3, ""4"": 974, ""5"": 52, ""6"": 6514, ""7"": 2974, ""8"": 23, ""9"": 2655}",6,16,21,34
train,stratum,indic_cjk_arabic,mr,uniq_superbpe,65536,56082,362338,142528,tokenizer_only,65536,0.3934805792546026,0.15477813533220364,6.460860882279519,"{""1"": 7966, ""10"": 3957, ""11"": 13, ""12"": 2483, ""13"": 1578, ""14"": 42, ""15"": 842, ""16"": 1106, ""18"": 160, ""19"": 500, ""2"": 629, ""20"": 1, ""21"": 45, ""22"": 137, ""23"": 13, ""24"": 13, ""25"": 53, ""26"": 17, ""28"": 1, ""3"": 8246, ""33"": 7, ""4"": 1106, ""5"": 134, ""6"": 13434, ""7"": 9774, ""8"": 98, ""9"": 3727}",6,15,19,33
train,stratum,indic_cjk_arabic,ta,uniq_superbpe,65536,38589,239341,90715,tokenizer_only,65536,0.42538720167557736,0.16123021128849632,6.202311539557905,"{""1"": 4437, ""10"": 3225, ""11"": 3, ""12"": 294, ""13"": 685, ""15"": 11, ""16"": 107, ""17"": 20, ""19"": 78, ""2"": 385, ""22"": 43, ""28"": 15, ""3"": 2785, ""4"": 361, ""5"": 56, ""6"": 17418, ""7"": 4111, ""8"": 6, ""9"": 4549}",6,10,13,28
train,stratum,indic_cjk_arabic,te,uniq_superbpe,65536,46892,300203,115621,tokenizer_only,65536,0.4055664628397955,0.1562009706765089,6.402008871449287,"{""1"": 6729, ""10"": 1916, ""11"": 44, ""12"": 2332, ""13"": 983, ""15"": 529, ""16"": 995, ""18"": 172, ""19"": 161, ""2"": 678, ""21"": 27, ""22"": 97, ""24"": 9, ""25"": 44, ""28"": 30, ""3"": 4141, ""4"": 1069, ""5"": 100, ""6"": 16109, ""7"": 6768, ""8"": 16, ""9"": 3943}",6,13,18,28
train,stratum,indic_cjk_arabic,ur,uniq_superbpe,65536,74248,430336,244935,tokenizer_only,65536,0.30313348439381876,0.1725349494348602,5.795927163021227,"{""1"": 8058, ""10"": 956, ""11"": 3654, ""12"": 906, ""13"": 1237, ""14"": 806, ""15"": 570, ""16"": 501, ""17"": 132, ""18"": 131, ""19"": 68, ""2"": 8661, ""20"": 42, ""21"": 168, ""22"": 39, ""24"": 51, ""26"": 4, ""27"": 5, ""29"": 3, ""3"": 3185, ""4"": 6459, ""5"": 14822, ""6"": 3973, ""7"": 11453, ""8"": 1057, ""9"": 7307}",5,13,16,29
train,stratum,indic_cjk_arabic,zh,uniq_superbpe,65536,143488,612143,250435,tokenizer_only,65536,0.5729550581987342,0.23440274576365328,4.266161630240856,"{""1"": 25774, ""10"": 2322, ""11"": 11, ""12"": 11169, ""13"": 253, ""15"": 124, ""16"": 71, ""2"": 7296, ""3"": 62669, ""4"": 2926, ""5"": 216, ""6"": 19245, ""7"": 5404, ""8"": 38, ""9"": 5970}",3,12,12,16
train,stratum,latin_english,en,uniq_superbpe,65536,33766,128943,128062,tokenizer_only,65536,0.2636691602505037,0.26186764694477405,3.8187229757744476,"{""1"": 7045, ""10"": 515, ""11"": 237, ""12"": 143, ""13"": 59, ""14"": 35, ""15"": 8, ""16"": 10, ""2"": 4045, ""3"": 6756, ""4"": 5045, ""5"": 3858, ""6"": 2099, ""7"": 1746, ""8"": 1241, ""9"": 924}",3,9,11,16
validation,stratum,flores200,am,uniq_superbpe,65536,18422,109651,42703,tokenizer_only,65536,0.4313982624171604,0.16800576374132475,5.9521767451959615,"{""1"": 1039, ""10"": 1681, ""11"": 13, ""12"": 231, ""13"": 934, ""15"": 43, ""16"": 371, ""17"": 13, ""18"": 8, ""19"": 122, ""2"": 134, ""22"": 22, ""25"": 1, ""3"": 5894, ""4"": 1573, ""5"": 8, ""6"": 3130, ""7"": 2467, ""8"": 1, ""9"": 737}",6,13,16,25
validation,stratum,flores200,ar,uniq_superbpe,65536,18969,99690,54980,tokenizer_only,65536,0.34501636958894144,0.19027986758952753,5.255416732563656,"{""1"": 2406, ""10"": 314, ""11"": 633, ""12"": 88, ""13"": 291, ""14"": 42, ""15"": 172, ""16"": 8, ""17"": 77, ""18"": 13, ""19"": 24, ""2"": 2059, ""21"": 7, ""23"": 1, ""3"": 870, ""4"": 3234, ""5"": 2467, ""6"": 2297, ""7"": 1952, ""8"": 694, ""9"": 1320}",5,11,15,23
validation,stratum,flores200,bg,uniq_superbpe,65536,19402,114709,63267,tokenizer_only,65536,0.306668563390077,0.16914104385880793,5.9122255437583755,"{""1"": 2060, ""10"": 528, ""11"": 716, ""12"": 308, ""13"": 460, ""14"": 97, ""15"": 254, ""16"": 41, ""17"": 207, ""18"": 24, ""19"": 89, ""2"": 1635, ""20"": 17, ""21"": 54, ""22"": 2, ""23"": 41, ""24"": 1, ""25"": 13, ""29"": 1, ""3"": 1571, ""4"": 2441, ""5"": 2496, ""6"": 2589, ""7"": 1297, ""8"": 1468, ""9"": 992}",5,13,19,29
validation,stratum,flores200,bn,uniq_superbpe,65536,25433,160235,59847,tokenizer_only,65536,0.42496699918124553,0.15872312540955472,6.300279164864546,"{""1"": 3652, ""10"": 1705, ""12"": 959, ""13"": 1050, ""15"": 105, ""16"": 506, ""18"": 28, ""19"": 224, ""2"": 106, ""20"": 15, ""21"": 3, ""22"": 48, ""23"": 17, ""24"": 9, ""25"": 44, ""26"": 23, ""28"": 10, ""29"": 12, ""3"": 4939, ""4"": 182, ""5"": 1, ""6"": 6315, ""7"": 3690, ""9"": 1790}",6,13,19,29
validation,stratum,flores200,fa,uniq_superbpe,65536,19336,114142,63254,tokenizer_only,65536,0.3056881778227464,0.1694030243030611,5.903082333471246,"{""1"": 1355, ""10"": 269, ""11"": 1235, ""12"": 195, ""13"": 389, ""14"": 56, ""15"": 151, ""16"": 42, ""17"": 28, ""18"": 35, ""19"": 9, ""2"": 1999, ""20"": 13, ""22"": 7, ""3"": 1235, ""4"": 2172, ""5"": 3196, ""6"": 1946, ""7"": 2215, ""8"": 950, ""9"": 1839}",5,11,15,22
validation,stratum,flores200,gu,uniq_superbpe,65536,23116,144544,55214,tokenizer_only,65536,0.4186619335675734,0.1599236218729245,6.2529849454923,"{""1"": 3791, ""10"": 1714, ""12"": 629, ""13"": 771, ""14"": 23, ""15"": 71, ""16"": 331, ""17"": 147, ""18"": 35, ""19"": 111, ""2"": 110, ""20"": 7, ""21"": 1, ""22"": 36, ""25"": 11, ""26"": 21, ""3"": 2987, ""32"": 9, ""4"": 652, ""5"": 4, ""6"": 5511, ""7"": 4053, ""8"": 6, ""9"": 2085}",6,13,17,32
validation,stratum,flores200,hi,uniq_superbpe,65536,22036,148664,57809,tokenizer_only,65536,0.3811863204691311,0.14822687402464618,6.74641495734253,"{""1"": 2719, ""10"": 1480, ""12"": 438, ""13"": 1034, ""14"": 37, ""15"": 88, ""16"": 378, ""17"": 194, ""18"": 24, ""19"": 105, ""2"": 86, ""20"": 168, ""21"": 6, ""22"": 39, ""23"": 68, ""24"": 2, ""25"": 24, ""26"": 2, ""27"": 13, ""28"": 2, ""3"": 3089, ""30"": 32, ""4"": 316, ""5"": 10, ""6"": 4463, ""7"": 5820, ""8"": 1, ""9"": 1398}",7,15,20,30
validation,stratum,flores200,ja,uniq_superbpe,65536,18768,79352,27145,tokenizer_only,65536,0.6913980475225641,0.23651577780018146,4.228047740835464,"{""1"": 516, ""12"": 748, ""15"": 59, ""2"": 100, ""21"": 1, ""3"": 12969, ""4"": 10, ""6"": 3159, ""8"": 1, ""9"": 1205}",3,9,12,21
validation,stratum,flores200,kn,uniq_superbpe,65536,30322,183479,67713,tokenizer_only,65536,0.44780175151004975,0.16526141956300175,6.051019062067146,"{""1"": 3144, ""10"": 1778, ""12"": 662, ""13"": 370, ""14"": 1, ""15"": 44, ""16"": 43, ""19"": 4, ""2"": 165, ""3"": 3319, ""4"": 388, ""5"": 9, ""6"": 13176, ""7"": 3774, ""9"": 3445}",6,10,13,19
validation,stratum,flores200,ko,uniq_superbpe,65536,18182,77684,32348,tokenizer_only,65536,0.5620749350809942,0.23405076978528397,4.272577274227258,"{""1"": 2248, ""10"": 643, ""11"": 18, ""12"": 305, ""13"": 15, ""14"": 6, ""2"": 238, ""3"": 7227, ""4"": 2845, ""5"": 18, ""6"": 1777, ""7"": 2496, ""8"": 6, ""9"": 340}",3,10,12,14
validation,stratum,flores200,ml,uniq_superbpe,65536,27197,200492,72763,tokenizer_only,65536,0.3737751329659305,0.13565129780739382,7.37184248262676,"{""1"": 2710, ""10"": 1058, ""12"": 3465, ""13"": 387, ""15"": 984, ""16"": 544, ""18"": 196, ""19"": 256, ""2"": 125, ""21"": 112, ""22"": 118, ""24"": 34, ""25"": 21, ""27"": 3, ""28"": 25, ""3"": 3432, ""30"": 2, ""34"": 1, ""4"": 867, ""5"": 2, ""6"": 7381, ""7"": 3002, ""8"": 1, ""9"": 2471}",6,15,21,34
validation,stratum,flores200,mr,uniq_superbpe,65536,25772,171557,64243,tokenizer_only,65536,0.4011643291876158,0.150224123760616,6.656720471829893,"{""1"": 3213, ""10"": 1650, ""12"": 1345, ""13"": 906, ""14"": 4, ""15"": 471, ""16"": 493, ""18"": 66, ""19"": 240, ""2"": 112, ""21"": 12, ""22"": 61, ""23"": 4, ""24"": 2, ""25"": 20, ""26"": 1, ""3"": 3841, ""4"": 374, ""6"": 6800, ""7"": 4272, ""8"": 3, ""9"": 1882}",6,15,19,26
validation,stratum,flores200,ru,uniq_superbpe,65536,21233,124729,68235,tokenizer_only,65536,0.3111746171319704,0.17023306528553905,5.874299439551641,"{""1"": 2255, ""10"": 599, ""11"": 895, ""12"": 253, ""13"": 449, ""14"": 135, ""15"": 333, ""16"": 70, ""17"": 200, ""18"": 22, ""19"": 133, ""2"": 2566, ""20"": 18, ""21"": 115, ""22"": 2, ""23"": 49, ""24"": 1, ""25"": 30, ""27"": 15, ""29"": 2, ""3"": 1604, ""31"": 1, ""4"": 3025, ""5"": 1743, ""6"": 2855, ""7"": 1454, ""8"": 1524, ""9"": 885}",5,14,21,31
validation,stratum,flores200,sw,uniq_superbpe,65536,23449,66996,66926,tokenizer_only,65536,0.3503720527149389,0.3500059705057018,2.857094119152203,"{""1"": 4503, ""10"": 59, ""11"": 35, ""12"": 11, ""13"": 8, ""16"": 1, ""2"": 4996, ""3"": 8465, ""4"": 3201, ""5"": 1007, ""6"": 461, ""7"": 461, ""8"": 122, ""9"": 119}",3,6,8,16
validation,stratum,flores200,ta,uniq_superbpe,65536,30621,197234,72334,tokenizer_only,65536,0.4233278955954323,0.15525213705547725,6.441135168675093,"{""1"": 2423, ""10"": 2539, ""11"": 1, ""12"": 214, ""13"": 529, ""15"": 1, ""16"": 64, ""17"": 4, ""19"": 99, ""2"": 143, ""22"": 35, ""28"": 12, ""3"": 2341, ""4"": 240, ""5"": 2, ""6"": 14590, ""7"": 3202, ""9"": 4182}",6,10,13,28
validation,stratum,flores200,te,uniq_superbpe,65536,26515,169259,63608,tokenizer_only,65536,0.4168500817507232,0.1566534128170437,6.38351876296436,"{""1"": 3170, ""10"": 1097, ""11"": 2, ""12"": 1129, ""13"": 528, ""14"": 1, ""15"": 253, ""16"": 461, ""18"": 77, ""19"": 53, ""2"": 247, ""21"": 19, ""22"": 53, ""24"": 8, ""25"": 17, ""28"": 5, ""3"": 2647, ""4"": 578, ""5"": 18, ""6"": 10015, ""7"": 3687, ""8"": 1, ""9"": 2449}",6,13,16,28
validation,stratum,flores200,uk,uniq_superbpe,65536,21879,120966,66197,tokenizer_only,65536,0.33051346737767573,0.180869004513665,5.5288632935691755,"{""1"": 2289, ""10"": 695, ""11"": 698, ""12"": 250, ""13"": 427, ""14"": 94, ""15"": 217, ""16"": 23, ""17"": 159, ""18"": 14, ""19"": 52, ""2"": 2420, ""20"": 2, ""21"": 27, ""23"": 15, ""24"": 1, ""25"": 12, ""27"": 5, ""29"": 4, ""3"": 1710, ""4"": 3426, ""5"": 2064, ""6"": 3288, ""7"": 1476, ""8"": 1564, ""9"": 947}",5,12,17,29
validation,stratum,flores200,ur,uniq_superbpe,65536,19356,112125,62990,tokenizer_only,65536,0.30728687093189394,0.172628762541806,5.792777433353999,"{""1"": 1117, ""10"": 169, ""11"": 940, ""12"": 198, ""13"": 255, ""14"": 209, ""15"": 74, ""16"": 114, ""17"": 22, ""18"": 38, ""19"": 18, ""2"": 2474, ""20"": 8, ""21"": 26, ""22"": 2, ""27"": 3, ""3"": 660, ""4"": 2328, ""5"": 4193, ""6"": 1453, ""7"": 2967, ""8"": 288, ""9"": 1800}",5,11,16,27
validation,stratum,flores200,yo,uniq_superbpe,65536,35621,79356,59988,tokenizer_only,65536,0.5938020937520837,0.4488759514088412,2.227786979590691,"{""1"": 11022, ""10"": 13, ""11"": 5, ""12"": 4, ""13"": 4, ""15"": 6, ""16"": 1, ""2"": 14860, ""3"": 4816, ""4"": 1597, ""5"": 2734, ""6"": 318, ""7"": 144, ""8"": 72, ""9"": 25}",2,5,6,16
validation,stratum,flores200,zh,uniq_superbpe,65536,17906,56546,21068,tokenizer_only,65536,0.8499145623694703,0.3166625402327309,3.1579358874120405,"{""1"": 1561, ""12"": 3, ""2"": 314, ""3"": 13929, ""4"": 148, ""5"": 9, ""6"": 1860, ""8"": 1, ""9"": 81}",3,6,6,12
